"timestamp","phase","round_id","client","endpoint","url","attempt","ok","status","request_bytes","response_bytes","elapsed_sec","request_start_ts_utc","request_end_ts_utc","request_start_epoch_sec","request_end_epoch_sec","curl_namelookup_sec","curl_connect_sec","curl_pretransfer_sec","curl_starttransfer_sec","curl_total_sec","curl_ttfb_sec","curl_response_transfer_sec","client_compute_sec","net_overhead_sec"
"2026-05-22T12:55:27.547Z","init",1,"http://client1:8000","init","http://client1:8000/init",1,TRUE,200,2713,387,0.363572835922241,"2026-05-22T12:55:27.127084Z","2026-05-22T12:55:27.490657Z",1779454527.12708,1779454527.49066,0.000595,0.000717,0.000761,0.349182,0.349227,0.348421,4.50000000000172e-05,NA,NA
"2026-05-22T12:55:27.547Z","init",1,"http://client2:8000","init","http://client2:8000/init",1,TRUE,200,2713,387,0.364745140075684,"2026-05-22T12:55:27.128138Z","2026-05-22T12:55:27.492883Z",1779454527.12814,1779454527.49288,0.000619,0.000725,0.000764,0.350846,0.350886,0.350082,3.99999999999845e-05,NA,NA
"2026-05-22T12:55:27.547Z","init",1,"http://client3:8000","init","http://client3:8000/init",1,TRUE,200,2713,387,0.362011194229126,"2026-05-22T12:55:27.128327Z","2026-05-22T12:55:27.490338Z",1779454527.12833,1779454527.49034,0.000524,0.000614,0.00065,0.34844,0.348483,0.34779,4.29999999999597e-05,NA,NA
"2026-05-22T12:55:33.463Z","run_bootstrap",1,"http://client1:8000","run","http://client1:8000/run",1,TRUE,200,1108,257,5.69672846794128,"2026-05-22T12:55:27.762521Z","2026-05-22T12:55:33.459249Z",1779454527.76252,1779454533.45925,0.000567,0.000674,0.000708,5.683262,5.683303,5.682554,4.10000000004018e-05,5.6285,0.0682284679412843
"2026-05-22T12:55:33.463Z","run_bootstrap",1,"http://client2:8000","run","http://client2:8000/run",1,TRUE,200,1108,255,5.39641857147217,"2026-05-22T12:55:27.764192Z","2026-05-22T12:55:33.160610Z",1779454527.76419,1779454533.16061,0.000559,0.000654,0.000689,5.378665,5.378708,5.377976,4.29999999997932e-05,5.3232,0.073218571472168
"2026-05-22T12:55:33.463Z","run_bootstrap",1,"http://client3:8000","run","http://client3:8000/run",1,TRUE,200,1108,253,5.52584719657898,"2026-05-22T12:55:27.764186Z","2026-05-22T12:55:33.290033Z",1779454527.76419,1779454533.29003,0.00055,0.000647,0.000681,5.513002,5.513043,5.512321,4.09999999995136e-05,5.4574,0.0684471965789797
"2026-05-22T12:55:37.291Z","run_bootstrap",2,"http://client1:8000","run","http://client1:8000/run",1,TRUE,200,1108,257,3.34001874923706,"2026-05-22T12:55:33.515562Z","2026-05-22T12:55:36.855581Z",1779454533.51556,1779454536.85558,0.000602,0.00071,0.000744,3.325317,3.325382,3.324573,6.49999999997597e-05,3.2134,0.126618749237061
"2026-05-22T12:55:37.291Z","run_bootstrap",2,"http://client2:8000","run","http://client2:8000/run",1,TRUE,200,1108,255,3.56754159927368,"2026-05-22T12:55:33.516812Z","2026-05-22T12:55:37.084354Z",1779454533.51681,1779454537.08435,0.000589,0.000678,0.000711,3.553905,3.553958,3.553194,5.30000000003028e-05,3.4418,0.125741599273681
"2026-05-22T12:55:37.291Z","run_bootstrap",2,"http://client3:8000","run","http://client3:8000/run",1,TRUE,200,1108,253,3.76643013954163,"2026-05-22T12:55:33.518230Z","2026-05-22T12:55:37.284660Z",1779454533.51823,1779454537.28466,0.000498,0.000569,6e-04,3.752658,3.75271,3.752058,5.2000000000163e-05,3.6421,0.124330139541626
"2026-05-22T12:55:41.028Z","run_bootstrap",3,"http://client1:8000","run","http://client1:8000/run",1,TRUE,200,1109,259,3.71208786964417,"2026-05-22T12:55:37.309312Z","2026-05-22T12:55:41.021400Z",1779454537.30931,1779454541.0214,0.000631,0.00074,0.000791,3.695707,3.695746,3.694916,3.90000000001223e-05,3.6882,0.0238878696441649
"2026-05-22T12:55:41.028Z","run_bootstrap",3,"http://client2:8000","run","http://client2:8000/run",1,TRUE,200,1109,258,3.4565372467041,"2026-05-22T12:55:37.308404Z","2026-05-22T12:55:40.764942Z",1779454537.3084,1779454540.76494,0.00066,0.00078,0.000823,3.443085,3.443133,3.442262,4.8000000000048e-05,3.4364,0.0201372467041017
"2026-05-22T12:55:41.028Z","run_bootstrap",3,"http://client3:8000","run","http://client3:8000/run",1,TRUE,200,1109,258,3.62365794181824,"2026-05-22T12:55:37.309970Z","2026-05-22T12:55:40.933628Z",1779454537.30997,1779454540.93363,0.000536,0.000643,0.000683,3.605121,3.605173,3.604438,5.2000000000163e-05,3.5935,0.0301579418182372
"2026-05-22T12:55:44.782Z","run_bootstrap",4,"http://client1:8000","run","http://client1:8000/run",1,TRUE,200,1109,259,3.54656219482422,"2026-05-22T12:55:41.048703Z","2026-05-22T12:55:44.595266Z",1779454541.0487,1779454544.59527,0.000559,0.000655,0.000693,3.532879,3.532934,3.532186,5.50000000001383e-05,3.5261,0.0204621948242187
"2026-05-22T12:55:44.782Z","run_bootstrap",4,"http://client2:8000","run","http://client2:8000/run",1,TRUE,200,1109,258,3.39855432510376,"2026-05-22T12:55:41.049272Z","2026-05-22T12:55:44.447826Z",1779454541.04927,1779454544.44783,0.000546,0.000629,0.000663,3.385597,3.385643,3.384934,4.59999999997684e-05,3.3789,0.01965432510376
"2026-05-22T12:55:44.782Z","run_bootstrap",4,"http://client3:8000","run","http://client3:8000/run",1,TRUE,200,1109,258,3.72949576377869,"2026-05-22T12:55:41.048292Z","2026-05-22T12:55:44.777787Z",1779454541.04829,1779454544.77779,0.000698,0.000806,0.000841,3.716453,3.716546,3.715612,9.30000000001208e-05,3.7096,0.0198957637786865
"2026-05-22T12:55:48.473Z","run_bootstrap",5,"http://client1:8000","run","http://client1:8000/run",1,TRUE,200,1106,254,3.41944527626038,"2026-05-22T12:55:44.793188Z","2026-05-22T12:55:48.212633Z",1779454544.79319,1779454548.21263,0.000628,0.000728,0.000767,3.39701,3.397041,3.396243,3.10000000003363e-05,3.3895,0.029945276260376
"2026-05-22T12:55:48.473Z","run_bootstrap",5,"http://client2:8000","run","http://client2:8000/run",1,TRUE,200,1106,254,3.67484426498413,"2026-05-22T12:55:44.793680Z","2026-05-22T12:55:48.468524Z",1779454544.79368,1779454548.46852,0.000501,0.000616,0.000658,3.652855,3.652886,3.652197,3.09999999998922e-05,3.6457,0.0291442649841307
"2026-05-22T12:55:48.473Z","run_bootstrap",5,"http://client3:8000","run","http://client3:8000/run",1,TRUE,200,1106,253,3.46378064155579,"2026-05-22T12:55:44.794288Z","2026-05-22T12:55:48.258069Z",1779454544.79429,1779454548.25807,0.000474,0.000565,0.000604,3.442323,3.442353,3.441719,3.00000000001965e-05,3.4355,0.0282806415557859
"2026-05-22T12:55:52.220Z","run_bootstrap",6,"http://client1:8000","run","http://client1:8000/run",1,TRUE,200,1106,254,3.7238552570343,"2026-05-22T12:55:48.488956Z","2026-05-22T12:55:52.212811Z",1779454548.48896,1779454552.21281,0.000653,0.000767,0.000803,3.708437,3.708478,3.707634,4.09999999999577e-05,3.7014,0.0224552570343017
"2026-05-22T12:55:52.220Z","run_bootstrap",6,"http://client2:8000","run","http://client2:8000/run",1,TRUE,200,1106,254,3.48172307014465,"2026-05-22T12:55:48.489976Z","2026-05-22T12:55:51.971699Z",1779454548.48998,1779454551.9717,0.000533,0.000646,0.000681,3.464632,3.464671,3.463951,3.90000000001223e-05,3.4578,0.0239230701446531
"2026-05-22T12:55:52.220Z","run_bootstrap",6,"http://client3:8000","run","http://client3:8000/run",1,TRUE,200,1106,253,3.43705201148987,"2026-05-22T12:55:48.490640Z","2026-05-22T12:55:51.927692Z",1779454548.49064,1779454551.92769,0.000576,0.00069,0.000723,3.417294,3.417347,3.416571,5.29999999998587e-05,3.4104,0.0266520114898681
"2026-05-22T12:55:55.778Z","run_bootstrap",7,"http://client1:8000","run","http://client1:8000/run",1,TRUE,200,1108,251,3.46827435493469,"2026-05-22T12:55:52.232241Z","2026-05-22T12:55:55.700516Z",1779454552.23224,1779454555.70052,0.000674,0.000777,0.00082,3.453453,3.453494,3.452633,4.09999999999577e-05,3.4464,0.0218743549346923
"2026-05-22T12:55:55.778Z","run_bootstrap",7,"http://client2:8000","run","http://client2:8000/run",1,TRUE,200,1108,255,3.49352049827576,"2026-05-22T12:55:52.233006Z","2026-05-22T12:55:55.726527Z",1779454552.23301,1779454555.72653,0.000642,0.00075,0.000796,3.478874,3.478914,3.478078,4.0000000000262e-05,3.472,0.0215204982757569
"2026-05-22T12:55:55.778Z","run_bootstrap",7,"http://client3:8000","run","http://client3:8000/run",1,TRUE,200,1108,253,3.53949880599976,"2026-05-22T12:55:52.233488Z","2026-05-22T12:55:55.772987Z",1779454552.23349,1779454555.77299,0.00064,0.00075,0.000796,3.525451,3.525491,3.524655,4.0000000000262e-05,3.5185,0.0209988059997559
"2026-05-22T12:55:59.658Z","run_bootstrap",8,"http://client1:8000","run","http://client1:8000/run",1,TRUE,200,1108,251,3.63852643966675,"2026-05-22T12:55:55.790341Z","2026-05-22T12:55:59.428867Z",1779454555.79034,1779454559.42887,0.000504,0.000607,0.00064,3.625136,3.625178,3.624496,4.20000000000975e-05,3.6153,0.0232264396667481
"2026-05-22T12:55:59.658Z","run_bootstrap",8,"http://client2:8000","run","http://client2:8000/run",1,TRUE,200,1108,256,3.86323046684265,"2026-05-22T12:55:55.790090Z","2026-05-22T12:55:59.653320Z",1779454555.79009,1779454559.65332,0.000425,0.000504,0.00054,3.850343,3.850382,3.849803,3.90000000001223e-05,3.8438,0.0194304668426515
"2026-05-22T12:55:59.658Z","run_bootstrap",8,"http://client3:8000","run","http://client3:8000/run",1,TRUE,200,1108,252,3.73698973655701,"2026-05-22T12:55:55.791458Z","2026-05-22T12:55:59.528448Z",1779454555.79146,1779454559.52845,0.000601,0.000686,0.000716,3.719266,3.719327,3.71855,6.09999999996447e-05,3.711,0.025989736557007
"2026-05-22T12:56:03.691Z","run_bootstrap",9,"http://client1:8000","run","http://client1:8000/run",1,TRUE,200,1109,251,3.73971676826477,"2026-05-22T12:55:59.669364Z","2026-05-22T12:56:03.409081Z",1779454559.66936,1779454563.40908,0.00064,0.000757,0.000797,3.718643,3.718689,3.717846,4.59999999997684e-05,3.7104,0.0293167682647706
"2026-05-22T12:56:03.691Z","run_bootstrap",9,"http://client2:8000","run","http://client2:8000/run",1,TRUE,200,1109,256,3.7816207408905,"2026-05-22T12:55:59.670183Z","2026-05-22T12:56:03.451804Z",1779454559.67018,1779454563.4518,0.000622,0.000716,0.000753,3.761255,3.761298,3.760502,4.30000000002373e-05,3.7542,0.0274207408905029
"2026-05-22T12:56:03.691Z","run_bootstrap",9,"http://client3:8000","run","http://client3:8000/run",1,TRUE,200,1109,253,4.01352071762085,"2026-05-22T12:55:59.670702Z","2026-05-22T12:56:03.684223Z",1779454559.6707,1779454563.68422,0.000539,0.000664,0.000699,3.994258,3.994301,3.993559,4.30000000002373e-05,3.9872,0.0263207176208495
"2026-05-22T12:56:07.594Z","run_bootstrap",10,"http://client1:8000","run","http://client1:8000/run",1,TRUE,200,1109,251,3.79412126541138,"2026-05-22T12:56:03.704259Z","2026-05-22T12:56:07.498380Z",1779454563.70426,1779454567.49838,0.000586,0.000696,0.000732,3.774319,3.774372,3.773587,5.29999999998587e-05,3.7671,0.0270212654113768
"2026-05-22T12:56:07.594Z","run_bootstrap",10,"http://client2:8000","run","http://client2:8000/run",1,TRUE,200,1109,256,3.81517219543457,"2026-05-22T12:56:03.704844Z","2026-05-22T12:56:07.520017Z",1779454563.70484,1779454567.52002,0.000623,0.000696,0.000732,3.796218,3.796406,3.795486,0.000188000000000077,3.7791,0.0360721954345702
"2026-05-22T12:56:07.594Z","run_bootstrap",10,"http://client3:8000","run","http://client3:8000/run",1,TRUE,200,1109,253,3.88648009300232,"2026-05-22T12:56:03.704148Z","2026-05-22T12:56:07.590628Z",1779454563.70415,1779454567.59063,0.000706,0.000809,0.000844,3.874046,3.874098,3.873202,5.2000000000163e-05,3.8671,0.0193800930023191
"2026-05-22T12:56:11.613Z","run_bootstrap",11,"http://client1:8000","run","http://client1:8000/run",1,TRUE,200,1108,250,3.72352170944214,"2026-05-22T12:56:07.610000Z","2026-05-22T12:56:11.333521Z",1779454567.61,1779454571.33352,0.00062,0.00073,0.000767,3.704886,3.704929,3.704119,4.29999999997932e-05,3.6943,0.0292217094421385
"2026-05-22T12:56:11.613Z","run_bootstrap",11,"http://client2:8000","run","http://client2:8000/run",1,TRUE,200,1108,253,3.8712146282196,"2026-05-22T12:56:07.609321Z","2026-05-22T12:56:11.480535Z",1779454567.60932,1779454571.48054,0.000614,0.000718,0.000752,3.85576,3.855801,3.855008,4.09999999999577e-05,3.849,0.0222146282196043
"2026-05-22T12:56:11.613Z","run_bootstrap",11,"http://client3:8000","run","http://client3:8000/run",1,TRUE,200,1108,250,3.9947783946991,"2026-05-22T12:56:07.610273Z","2026-05-22T12:56:11.605052Z",1779454567.61027,1779454571.60505,0.000672,0.000779,0.000814,3.977725,3.977767,3.976911,4.20000000000975e-05,3.9707,0.0240783946990968
"2026-05-22T12:56:15.702Z","run_bootstrap",12,"http://client1:8000","run","http://client1:8000/run",1,TRUE,200,1108,250,3.81843304634094,"2026-05-22T12:56:11.635296Z","2026-05-22T12:56:15.453729Z",1779454571.6353,1779454575.45373,0.000628,0.000731,0.00077,3.802139,3.80219,3.801369,5.10000000000232e-05,3.7942,0.0242330463409424
"2026-05-22T12:56:15.702Z","run_bootstrap",12,"http://client2:8000","run","http://client2:8000/run",1,TRUE,200,1108,254,4.06158041954041,"2026-05-22T12:56:11.636112Z","2026-05-22T12:56:15.697692Z",1779454571.63611,1779454575.69769,0.000684,0.000754,0.000786,4.041654,4.041703,4.040868,4.89999999997437e-05,4.0349,0.0266804195404049
"2026-05-22T12:56:15.702Z","run_bootstrap",12,"http://client3:8000","run","http://client3:8000/run",1,TRUE,200,1108,250,3.85049176216125,"2026-05-22T12:56:11.636657Z","2026-05-22T12:56:15.487149Z",1779454571.63666,1779454575.48715,0.00058,0.000671,0.000706,3.830619,3.830667,3.829913,4.8000000000048e-05,3.8242,0.0262917621612551
"2026-05-22T12:56:19.480Z","run_bootstrap",13,"http://client1:8000","run","http://client1:8000/run",1,TRUE,200,1107,249,3.39572048187256,"2026-05-22T12:56:15.713283Z","2026-05-22T12:56:19.109004Z",1779454575.71328,1779454579.109,0.000578,0.000684,0.000724,3.377149,3.377197,3.376425,4.79999999996039e-05,3.37,0.0257204818725585
"2026-05-22T12:56:19.480Z","run_bootstrap",13,"http://client2:8000","run","http://client2:8000/run",1,TRUE,200,1107,254,3.76160454750061,"2026-05-22T12:56:15.714045Z","2026-05-22T12:56:19.475649Z",1779454575.71405,1779454579.47565,0.00069,0.000802,0.000844,3.741741,3.741787,3.740897,4.59999999997684e-05,3.7351,0.0265045475006103
"2026-05-22T12:56:19.480Z","run_bootstrap",13,"http://client3:8000","run","http://client3:8000/run",1,TRUE,200,1107,249,3.57732176780701,"2026-05-22T12:56:15.714644Z","2026-05-22T12:56:19.291966Z",1779454575.71464,1779454579.29197,0.000626,0.000738,0.00078,3.5576,3.557649,3.55682,4.90000000001878e-05,3.551,0.0263217678070067
"2026-05-22T12:56:23.129Z","run_bootstrap",14,"http://client1:8000","run","http://client1:8000/run",1,TRUE,200,1107,251,3.42143988609314,"2026-05-22T12:56:19.492278Z","2026-05-22T12:56:22.913718Z",1779454579.49228,1779454582.91372,0.000531,0.000615,0.000638,3.404889,3.404927,3.404251,3.79999999999825e-05,3.3972,0.0242398860931394
"2026-05-22T12:56:23.129Z","run_bootstrap",14,"http://client2:8000","run","http://client2:8000/run",1,TRUE,200,1107,254,3.39128565788269,"2026-05-22T12:56:19.492969Z","2026-05-22T12:56:22.884254Z",1779454579.49297,1779454582.88425,0.000489,0.000562,0.000591,3.371652,3.371699,3.371061,4.69999999999082e-05,3.3652,0.0260856578826902
"2026-05-22T12:56:23.129Z","run_bootstrap",14,"http://client3:8000","run","http://client3:8000/run",1,TRUE,200,1107,250,3.63138675689697,"2026-05-22T12:56:19.493455Z","2026-05-22T12:56:23.124842Z",1779454579.49346,1779454583.12484,0.00056,0.000639,0.000669,3.615797,3.615854,3.615128,5.69999999999737e-05,3.6091,0.0222867568969725
"2026-05-22T12:56:26.797Z","run_bootstrap",15,"http://client1:8000","run","http://client1:8000/run",1,TRUE,200,1105,251,3.65004849433899,"2026-05-22T12:56:23.140397Z","2026-05-22T12:56:26.790445Z",1779454583.1404,1779454586.79045,0.000507,0.000613,0.000661,3.633692,3.633822,3.633031,0.000129999999999963,3.6265,0.0235484943389892
"2026-05-22T12:56:26.797Z","run_bootstrap",15,"http://client2:8000","run","http://client2:8000/run",1,TRUE,200,1105,254,3.42927241325378,"2026-05-22T12:56:23.140960Z","2026-05-22T12:56:26.570233Z",1779454583.14096,1779454586.57023,0.000652,0.000767,0.000813,3.409413,3.409555,3.4086,0.000142000000000309,3.4025,0.0267724132537843
"2026-05-22T12:56:26.797Z","run_bootstrap",15,"http://client3:8000","run","http://client3:8000/run",1,TRUE,200,1105,253,3.47032785415649,"2026-05-22T12:56:23.141395Z","2026-05-22T12:56:26.611723Z",1779454583.1414,1779454586.61172,0.000594,0.000718,0.00077,3.453713,3.453839,3.452943,0.000125999999999848,3.447,0.0233278541564941
"2026-05-22T12:56:30.330Z","run_bootstrap",16,"http://client1:8000","run","http://client1:8000/run",1,TRUE,200,1105,249,3.50344347953796,"2026-05-22T12:56:26.815093Z","2026-05-22T12:56:30.318537Z",1779454586.81509,1779454590.31854,0.00057,0.000662,0.000689,3.477179,3.477202,3.47649,2.30000000001063e-05,3.47,0.0334434795379637
"2026-05-22T12:56:30.330Z","run_bootstrap",16,"http://client2:8000","run","http://client2:8000/run",1,TRUE,200,1105,254,3.51037645339966,"2026-05-22T12:56:26.815639Z","2026-05-22T12:56:30.326015Z",1779454586.81564,1779454590.32602,0.000504,0.000583,0.000615,3.482712,3.482742,3.482097,3.00000000001965e-05,3.4752,0.0351764533996581
"2026-05-22T12:56:30.330Z","run_bootstrap",16,"http://client3:8000","run","http://client3:8000/run",1,TRUE,200,1105,254,3.4457905292511,"2026-05-22T12:56:26.815970Z","2026-05-22T12:56:30.261760Z",1779454586.81597,1779454590.26176,0.000877,0.000936,0.000958,3.419674,3.419705,3.418716,3.09999999998922e-05,3.4128,0.0329905292510988
"2026-05-22T12:56:33.847Z","run_bootstrap",17,"http://client1:8000","run","http://client1:8000/run",1,TRUE,200,1107,252,3.45436024665833,"2026-05-22T12:56:30.345127Z","2026-05-22T12:56:33.799487Z",1779454590.34513,1779454593.79949,0.000583,0.000872,0.000896,3.436205,3.436245,3.435309,3.9999999999818e-05,3.4287,0.0256602466583251
"2026-05-22T12:56:33.847Z","run_bootstrap",17,"http://client2:8000","run","http://client2:8000/run",1,TRUE,200,1107,255,3.49634432792664,"2026-05-22T12:56:30.345743Z","2026-05-22T12:56:33.842087Z",1779454590.34574,1779454593.84209,0.00064,0.000745,0.000779,3.479369,3.479413,3.47859,4.3999999999933e-05,3.4726,0.0237443279266358
"2026-05-22T12:56:33.847Z","run_bootstrap",17,"http://client3:8000","run","http://client3:8000/run",1,TRUE,200,1107,253,3.37763667106628,"2026-05-22T12:56:30.346191Z","2026-05-22T12:56:33.723827Z",1779454590.34619,1779454593.72383,0.000616,0.000689,0.000721,3.356441,3.356489,3.35572,4.8000000000048e-05,3.3492,0.028436671066284
"2026-05-22T12:56:37.478Z","run_bootstrap",18,"http://client1:8000","run","http://client1:8000/run",1,TRUE,200,1107,252,3.27749991416931,"2026-05-22T12:56:33.860291Z","2026-05-22T12:56:37.137791Z",1779454593.86029,1779454597.13779,0.000454,0.000541,0.000572,3.261643,3.261685,3.261071,4.20000000000975e-05,3.2449,0.0325999141693116
"2026-05-22T12:56:37.478Z","run_bootstrap",18,"http://client2:8000","run","http://client2:8000/run",1,TRUE,200,1107,255,3.61138510704041,"2026-05-22T12:56:33.859602Z","2026-05-22T12:56:37.470988Z",1779454593.8596,1779454597.47099,0.000682,0.000797,0.000835,3.597465,3.597508,3.59663,4.29999999997932e-05,3.5903,0.0210851070404052
"2026-05-22T12:56:37.478Z","run_bootstrap",18,"http://client3:8000","run","http://client3:8000/run",1,TRUE,200,1107,253,3.4694619178772,"2026-05-22T12:56:33.860176Z","2026-05-22T12:56:37.329638Z",1779454593.86018,1779454597.32964,0.000502,0.000599,0.000632,3.456595,3.456634,3.455963,3.90000000001223e-05,3.4496,0.019861917877197
"2026-05-22T12:56:41.136Z","run_bootstrap",19,"http://client1:8000","run","http://client1:8000/run",1,TRUE,200,1109,252,3.64277291297913,"2026-05-22T12:56:37.489492Z","2026-05-22T12:56:41.132265Z",1779454597.48949,1779454601.13227,0.000399,0.000463,0.000483,3.629229,3.629262,3.628746,3.30000000001718e-05,3.6221,0.0206729129791259
"2026-05-22T12:56:41.136Z","run_bootstrap",19,"http://client2:8000","run","http://client2:8000/run",1,TRUE,200,1109,254,3.43402814865112,"2026-05-22T12:56:37.490029Z","2026-05-22T12:56:40.924057Z",1779454597.49003,1779454600.92406,0.000432,0.000507,0.000537,3.420122,3.420164,3.419585,4.20000000000975e-05,3.4134,0.0206281486511228
"2026-05-22T12:56:41.136Z","run_bootstrap",19,"http://client3:8000","run","http://client3:8000/run",1,TRUE,200,1109,250,3.44952249526978,"2026-05-22T12:56:37.489493Z","2026-05-22T12:56:40.939015Z",1779454597.48949,1779454600.93902,0.000756,0.000881,0.00092,3.43649,3.436519,3.43557,2.90000000000568e-05,3.4292,0.0203224952697756
"2026-05-22T12:56:44.828Z","run_bootstrap",20,"http://client1:8000","run","http://client1:8000/run",1,TRUE,200,1109,252,3.67590355873108,"2026-05-22T12:56:41.147529Z","2026-05-22T12:56:44.823433Z",1779454601.14753,1779454604.82343,0.000713,0.000834,0.000856,3.663188,3.663224,3.662332,3.6000000000147e-05,3.5045,0.171403558731079
"2026-05-22T12:56:44.828Z","run_bootstrap",20,"http://client2:8000","run","http://client2:8000/run",1,TRUE,200,1109,253,3.64975261688232,"2026-05-22T12:56:41.149758Z","2026-05-22T12:56:44.799510Z",1779454601.14976,1779454604.79951,0.000719,0.000796,0.000826,3.637075,3.63711,3.636249,3.50000000000072e-05,3.478,0.171752616882324
"2026-05-22T12:56:44.828Z","run_bootstrap",20,"http://client3:8000","run","http://client3:8000/run",1,TRUE,200,1109,250,3.55061149597168,"2026-05-22T12:56:41.150305Z","2026-05-22T12:56:44.700916Z",1779454601.15031,1779454604.70092,0.000684,0.000793,0.00083,3.53702,3.537085,3.53619,6.49999999997597e-05,3.3864,0.16421149597168
"2026-05-22T12:56:48.528Z","run_bootstrap",21,"http://client1:8000","run","http://client1:8000/run",1,TRUE,200,1109,252,3.68559622764587,"2026-05-22T12:56:44.838900Z","2026-05-22T12:56:48.524496Z",1779454604.8389,1779454608.5245,0.000585,0.000667,0.000697,3.669169,3.669209,3.668472,3.9999999999818e-05,3.6627,0.022896227645874
"2026-05-22T12:56:48.528Z","run_bootstrap",21,"http://client2:8000","run","http://client2:8000/run",1,TRUE,200,1109,255,3.36867380142212,"2026-05-22T12:56:44.839488Z","2026-05-22T12:56:48.208162Z",1779454604.83949,1779454608.20816,0.000601,0.00068,0.000722,3.351839,3.351885,3.351117,4.59999999997684e-05,3.3454,0.023273801422119
"2026-05-22T12:56:48.528Z","run_bootstrap",21,"http://client3:8000","run","http://client3:8000/run",1,TRUE,200,1109,250,3.38468885421753,"2026-05-22T12:56:44.839916Z","2026-05-22T12:56:48.224605Z",1779454604.83992,1779454608.22461,0.000573,0.000679,0.000732,3.371268,3.371316,3.370536,4.8000000000048e-05,3.3646,0.0200888542175295
"2026-05-22T12:56:52.134Z","run_bootstrap",22,"http://client1:8000","run","http://client1:8000/run",1,TRUE,200,1109,252,3.58217024803162,"2026-05-22T12:56:48.545572Z","2026-05-22T12:56:52.127742Z",1779454608.54557,1779454612.12774,0.000692,0.000813,0.000852,3.567825,3.567867,3.566973,4.20000000000975e-05,3.5597,0.0224702480316163
"2026-05-22T12:56:52.134Z","run_bootstrap",22,"http://client2:8000","run","http://client2:8000/run",1,TRUE,200,1109,255,3.2995388507843,"2026-05-22T12:56:48.547618Z","2026-05-22T12:56:51.847157Z",1779454608.54762,1779454611.84716,0.000484,0.000554,0.000585,3.286644,3.286689,3.286059,4.50000000000728e-05,3.2799,0.0196388507843017
"2026-05-22T12:56:52.134Z","run_bootstrap",22,"http://client3:8000","run","http://client3:8000/run",1,TRUE,200,1109,250,3.52237629890442,"2026-05-22T12:56:48.545643Z","2026-05-22T12:56:52.068019Z",1779454608.54564,1779454612.06802,0.00066,0.000757,0.000796,3.508499,3.508541,3.507703,4.20000000000975e-05,3.5012,0.0211762989044191
"2026-05-22T12:56:55.868Z","run_bootstrap",23,"http://client1:8000","run","http://client1:8000/run",1,TRUE,200,1109,251,3.71699833869934,"2026-05-22T12:56:52.147216Z","2026-05-22T12:56:55.864214Z",1779454612.14722,1779454615.86421,0.000745,0.00083,0.000852,3.703418,3.703456,3.702566,3.79999999999825e-05,3.6959,0.0210983386993409
"2026-05-22T12:56:55.868Z","run_bootstrap",23,"http://client2:8000","run","http://client2:8000/run",1,TRUE,200,1109,254,3.46531128883362,"2026-05-22T12:56:52.147817Z","2026-05-22T12:56:55.613129Z",1779454612.14782,1779454615.61313,0.000735,0.000837,0.00087,3.45156,3.451602,3.45069,4.19999999996534e-05,3.4444,0.0209112888336183
"2026-05-22T12:56:55.868Z","run_bootstrap",23,"http://client3:8000","run","http://client3:8000/run",1,TRUE,200,1109,250,3.43138885498047,"2026-05-22T12:56:52.148478Z","2026-05-22T12:56:55.579867Z",1779454612.14848,1779454615.57987,0.000546,0.000626,0.000658,3.415404,3.415446,3.414746,4.20000000000975e-05,3.4088,0.0225888549804689
"2026-05-22T12:56:59.488Z","run_bootstrap",24,"http://client1:8000","run","http://client1:8000/run",1,TRUE,200,1109,251,3.59913158416748,"2026-05-22T12:56:55.882936Z","2026-05-22T12:56:59.482067Z",1779454615.88294,1779454619.48207,0.000591,0.000713,0.000746,3.580086,3.580127,3.57934,4.09999999999577e-05,3.5728,0.0263315841674805
"2026-05-22T12:56:59.488Z","run_bootstrap",24,"http://client2:8000","run","http://client2:8000/run",1,TRUE,200,1109,253,3.52196145057678,"2026-05-22T12:56:55.883530Z","2026-05-22T12:56:59.405491Z",1779454615.88353,1779454619.40549,0.000617,0.000738,0.000773,3.50118,3.50123,3.500407,4.99999999998835e-05,3.493,0.0289614505767823
"2026-05-22T12:56:59.488Z","run_bootstrap",24,"http://client3:8000","run","http://client3:8000/run",1,TRUE,200,1109,248,3.4575572013855,"2026-05-22T12:56:55.884237Z","2026-05-22T12:56:59.341794Z",1779454615.88424,1779454619.34179,0.000518,0.000606,0.000638,3.437203,3.437246,3.436565,4.30000000002373e-05,3.43,0.0275572013854979
"2026-05-22T12:57:03.232Z","run_bootstrap",25,"http://client1:8000","run","http://client1:8000/run",1,TRUE,200,1107,251,3.48323941230774,"2026-05-22T12:56:59.498296Z","2026-05-22T12:57:02.981535Z",1779454619.4983,1779454622.98154,0.000664,0.000774,0.000808,3.470032,3.470076,3.469224,4.40000000003771e-05,3.4626,0.0206394123077391
"2026-05-22T12:57:03.232Z","run_bootstrap",25,"http://client2:8000","run","http://client2:8000/run",1,TRUE,200,1107,255,3.72793555259705,"2026-05-22T12:56:59.500324Z","2026-05-22T12:57:03.228259Z",1779454619.50032,1779454623.22826,0.000594,0.000657,0.000676,3.715561,3.71559,3.714885,2.90000000000568e-05,3.7086,0.0193355525970458
"2026-05-22T12:57:03.232Z","run_bootstrap",25,"http://client3:8000","run","http://client3:8000/run",1,TRUE,200,1107,249,3.54035401344299,"2026-05-22T12:56:59.500362Z","2026-05-22T12:57:03.040716Z",1779454619.50036,1779454623.04072,0.000561,0.000648,0.000669,3.527278,3.527321,3.526609,4.30000000002373e-05,3.5204,0.0199540134429932
"2026-05-22T12:57:06.878Z","run_bootstrap",26,"http://client1:8000","run","http://client1:8000/run",1,TRUE,200,1107,251,3.60087990760803,"2026-05-22T12:57:03.243696Z","2026-05-22T12:57:06.844576Z",1779454623.2437,1779454626.84458,0.00041,0.000493,0.000514,3.588369,3.588403,3.587855,3.39999999998675e-05,3.5795,0.0213799076080323
"2026-05-22T12:57:06.878Z","run_bootstrap",26,"http://client2:8000","run","http://client2:8000/run",1,TRUE,200,1107,255,3.51225686073303,"2026-05-22T12:57:03.244574Z","2026-05-22T12:57:06.756830Z",1779454623.24457,1779454626.75683,0.000481,0.000566,0.000584,3.500711,3.500751,3.500127,4.0000000000262e-05,3.4915,0.0207568607330324
"2026-05-22T12:57:06.878Z","run_bootstrap",26,"http://client3:8000","run","http://client3:8000/run",1,TRUE,200,1107,249,3.62643098831177,"2026-05-22T12:57:03.245745Z","2026-05-22T12:57:06.872176Z",1779454623.24575,1779454626.87218,0.000471,0.000555,0.000585,3.610084,3.610133,3.609499,4.89999999997437e-05,3.6002,0.0262309883117675
"2026-05-22T12:57:10.559Z","run_bootstrap",27,"http://client1:8000","run","http://client1:8000/run",1,TRUE,200,1109,253,3.55943751335144,"2026-05-22T12:57:06.889423Z","2026-05-22T12:57:10.448861Z",1779454626.88942,1779454630.44886,0.000488,0.000562,0.000585,3.539284,3.539316,3.538699,3.2000000000032e-05,3.5319,0.0275375133514406
"2026-05-22T12:57:10.559Z","run_bootstrap",27,"http://client2:8000","run","http://client2:8000/run",1,TRUE,200,1109,256,3.57402038574219,"2026-05-22T12:57:06.889555Z","2026-05-22T12:57:10.463576Z",1779454626.88956,1779454630.46358,0.000459,0.000534,0.000557,3.554851,3.554875,3.554294,2.3999999999802e-05,3.5481,0.0259203857421877
"2026-05-22T12:57:10.559Z","run_bootstrap",27,"http://client3:8000","run","http://client3:8000/run",1,TRUE,200,1109,252,3.6635262966156,"2026-05-22T12:57:06.890975Z","2026-05-22T12:57:10.554501Z",1779454626.89098,1779454630.5545,0.000565,0.000615,0.000634,3.645749,3.645772,3.645115,2.30000000001063e-05,3.6387,0.0248262966156005
"2026-05-22T12:57:14.298Z","run_bootstrap",28,"http://client1:8000","run","http://client1:8000/run",1,TRUE,200,1109,253,3.48802399635315,"2026-05-22T12:57:10.575369Z","2026-05-22T12:57:14.063393Z",1779454630.57537,1779454634.06339,0.000613,0.000665,0.000683,3.473251,3.4733,3.472568,4.90000000001878e-05,3.4621,0.0259239963531495
"2026-05-22T12:57:14.298Z","run_bootstrap",28,"http://client2:8000","run","http://client2:8000/run",1,TRUE,200,1109,256,3.56497120857239,"2026-05-22T12:57:10.576136Z","2026-05-22T12:57:14.141107Z",1779454630.57614,1779454634.14111,0.000594,0.000651,0.000672,3.551506,3.551547,3.550834,4.09999999999577e-05,3.5447,0.0202712085723875
"2026-05-22T12:57:14.298Z","run_bootstrap",28,"http://client3:8000","run","http://client3:8000/run",1,TRUE,200,1109,252,3.71776914596558,"2026-05-22T12:57:10.576591Z","2026-05-22T12:57:14.294360Z",1779454630.57659,1779454634.29436,0.000572,0.000651,0.000672,3.704918,3.704956,3.704246,3.79999999999825e-05,3.6975,0.0202691459655764
"2026-05-22T12:57:18.065Z","run_bootstrap",29,"http://client1:8000","run","http://client1:8000/run",1,TRUE,200,1107,250,3.60026168823242,"2026-05-22T12:57:14.309971Z","2026-05-22T12:57:17.910233Z",1779454634.30997,1779454637.91023,0.000621,0.000723,0.000759,3.586662,3.58671,3.585903,4.8000000000048e-05,3.5782,0.022061688232422
"2026-05-22T12:57:18.065Z","run_bootstrap",29,"http://client2:8000","run","http://client2:8000/run",1,TRUE,200,1107,256,3.74610781669617,"2026-05-22T12:57:14.311815Z","2026-05-22T12:57:18.057923Z",1779454634.31182,1779454638.05792,0.000506,0.000588,0.000619,3.730549,3.730596,3.72993,4.69999999999082e-05,3.7228,0.0233078166961671
"2026-05-22T12:57:18.065Z","run_bootstrap",29,"http://client3:8000","run","http://client3:8000/run",1,TRUE,200,1107,251,3.55316972732544,"2026-05-22T12:57:14.312371Z","2026-05-22T12:57:17.865541Z",1779454634.31237,1779454637.86554,0.00062,0.000725,0.000758,3.532759,3.532811,3.532001,5.2000000000163e-05,3.5249,0.0282697273254393
"2026-05-22T12:57:21.867Z","run_bootstrap",30,"http://client1:8000","run","http://client1:8000/run",1,TRUE,200,1107,250,3.49292349815369,"2026-05-22T12:57:18.082349Z","2026-05-22T12:57:21.575272Z",1779454638.08235,1779454641.57527,0.000735,0.000884,0.000925,3.479548,3.479589,3.478623,4.09999999999577e-05,3.4722,0.0207234981536866
"2026-05-22T12:57:21.867Z","run_bootstrap",30,"http://client2:8000","run","http://client2:8000/run",1,TRUE,200,1107,256,3.54314398765564,"2026-05-22T12:57:18.083987Z","2026-05-22T12:57:21.627131Z",1779454638.08399,1779454641.62713,0.000555,0.000664,0.000703,3.521932,3.521982,3.521229,4.99999999998835e-05,3.5153,0.0278439876556398
"2026-05-22T12:57:21.867Z","run_bootstrap",30,"http://client3:8000","run","http://client3:8000/run",1,TRUE,200,1107,251,3.77639651298523,"2026-05-22T12:57:18.084237Z","2026-05-22T12:57:21.860634Z",1779454638.08424,1779454641.86063,0.00058,0.000662,0.000699,3.755545,3.755586,3.754846,4.09999999999577e-05,3.7483,0.0280965129852295
"2026-05-22T12:57:25.595Z","run_bootstrap",31,"http://client1:8000","run","http://client1:8000/run",1,TRUE,200,1109,253,3.71224284172058,"2026-05-22T12:57:21.879001Z","2026-05-22T12:57:25.591244Z",1779454641.879,1779454645.59124,0.000554,0.000611,0.000629,3.699557,3.699596,3.698928,3.90000000001223e-05,3.6924,0.0198428417205809
"2026-05-22T12:57:25.595Z","run_bootstrap",31,"http://client2:8000","run","http://client2:8000/run",1,TRUE,200,1109,255,3.58319044113159,"2026-05-22T12:57:21.878542Z","2026-05-22T12:57:25.461732Z",1779454641.87854,1779454645.46173,0.000657,0.000748,0.000766,3.569848,3.569891,3.569082,4.30000000002373e-05,3.5627,0.0204904411315918
"2026-05-22T12:57:25.595Z","run_bootstrap",31,"http://client3:8000","run","http://client3:8000/run",1,TRUE,200,1109,251,3.50121831893921,"2026-05-22T12:57:21.878973Z","2026-05-22T12:57:25.380192Z",1779454641.87897,1779454645.38019,0.000584,0.000675,7e-04,3.488203,3.488246,3.487503,4.30000000002373e-05,3.4811,0.0201183189392089
"2026-05-22T12:57:29.217Z","run_bootstrap",32,"http://client1:8000","run","http://client1:8000/run",1,TRUE,200,1109,253,3.55876421928406,"2026-05-22T12:57:25.607437Z","2026-05-22T12:57:29.166202Z",1779454645.60744,1779454649.1662,0.000566,0.000655,0.000686,3.540587,3.540621,3.539901,3.39999999998675e-05,3.5336,0.0251642192840578
"2026-05-22T12:57:29.217Z","run_bootstrap",32,"http://client2:8000","run","http://client2:8000/run",1,TRUE,200,1109,255,3.48834204673767,"2026-05-22T12:57:25.608309Z","2026-05-22T12:57:29.096651Z",1779454645.60831,1779454649.09665,0.000594,0.000677,0.00071,3.470294,3.470338,3.469584,4.3999999999933e-05,3.4632,0.0251420467376708
"2026-05-22T12:57:29.217Z","run_bootstrap",32,"http://client3:8000","run","http://client3:8000/run",1,TRUE,200,1109,251,3.5988883972168,"2026-05-22T12:57:25.608876Z","2026-05-22T12:57:29.207764Z",1779454645.60888,1779454649.20776,0.000483,0.000557,0.000578,3.582176,3.582219,3.581598,4.29999999997932e-05,3.5752,0.0236883972167967
"2026-05-22T12:57:33.105Z","run_bootstrap",33,"http://client1:8000","run","http://client1:8000/run",1,TRUE,200,1108,253,3.86836624145508,"2026-05-22T12:57:29.232580Z","2026-05-22T12:57:33.100946Z",1779454649.23258,1779454653.10095,0.000766,0.000848,0.00087,3.849479,3.84951,3.848609,3.09999999998922e-05,3.8416,0.026766241455078
"2026-05-22T12:57:33.105Z","run_bootstrap",33,"http://client2:8000","run","http://client2:8000/run",1,TRUE,200,1108,255,3.84781956672668,"2026-05-22T12:57:29.232252Z","2026-05-22T12:57:33.080072Z",1779454649.23225,1779454653.08007,0.000613,0.000719,0.000753,3.832274,3.832317,3.831521,4.30000000002373e-05,3.8251,0.0227195667266846
"2026-05-22T12:57:33.105Z","run_bootstrap",33,"http://client3:8000","run","http://client3:8000/run",1,TRUE,200,1108,251,3.55315566062927,"2026-05-22T12:57:29.233769Z","2026-05-22T12:57:32.786925Z",1779454649.23377,1779454652.78693,0.00054,0.000612,0.000645,3.530959,3.531002,3.530314,4.29999999997932e-05,3.5243,0.0288556606292723
"2026-05-22T12:57:36.995Z","run_bootstrap",34,"http://client1:8000","run","http://client1:8000/run",1,TRUE,200,1108,253,3.87293767929077,"2026-05-22T12:57:33.117809Z","2026-05-22T12:57:36.990747Z",1779454653.11781,1779454656.99075,0.000694,0.000816,0.00085,3.859906,3.859945,3.859056,3.90000000001223e-05,3.8511,0.0218376792907713
"2026-05-22T12:57:36.995Z","run_bootstrap",34,"http://client2:8000","run","http://client2:8000/run",1,TRUE,200,1108,255,3.5708155632019,"2026-05-22T12:57:33.119671Z","2026-05-22T12:57:36.690486Z",1779454653.11967,1779454656.69049,0.000339,0.000419,0.000451,3.555319,3.555363,3.554868,4.3999999999933e-05,3.5487,0.0221155632019041
"2026-05-22T12:57:36.995Z","run_bootstrap",34,"http://client3:8000","run","http://client3:8000/run",1,TRUE,200,1108,251,3.65849113464355,"2026-05-22T12:57:33.119937Z","2026-05-22T12:57:36.778429Z",1779454653.11994,1779454656.77843,0.000532,0.000613,0.000643,3.643635,3.643676,3.642992,4.09999999999577e-05,3.6358,0.0226911346435545
"2026-05-22T12:57:40.817Z","run_bootstrap",35,"http://client1:8000","run","http://client1:8000/run",1,TRUE,200,1108,253,3.69806742668152,"2026-05-22T12:57:37.006062Z","2026-05-22T12:57:40.704130Z",1779454657.00606,1779454660.70413,0.00067,0.000779,0.00082,3.684239,3.684284,3.683419,4.50000000000728e-05,3.6764,0.0216674266815184
"2026-05-22T12:57:40.817Z","run_bootstrap",35,"http://client2:8000","run","http://client2:8000/run",1,TRUE,200,1108,255,3.572190284729,"2026-05-22T12:57:37.007907Z","2026-05-22T12:57:40.580098Z",1779454657.00791,1779454660.5801,4e-04,0.000499,0.000545,3.552126,3.552172,3.551581,4.60000000002125e-05,3.5446,0.0275902847290039
"2026-05-22T12:57:40.817Z","run_bootstrap",35,"http://client3:8000","run","http://client3:8000/run",1,TRUE,200,1108,251,3.80468153953552,"2026-05-22T12:57:37.008199Z","2026-05-22T12:57:40.812881Z",1779454657.0082,1779454660.81288,0.000575,0.000659,0.000697,3.790641,3.790685,3.789944,4.3999999999933e-05,3.7838,0.0208815395355226
"2026-05-22T12:57:44.657Z","run_bootstrap",36,"http://client1:8000","run","http://client1:8000/run",1,TRUE,200,1108,250,3.82256960868835,"2026-05-22T12:57:40.829760Z","2026-05-22T12:57:44.652329Z",1779454660.82976,1779454664.65233,0.000602,0.000721,0.000755,3.807368,3.807409,3.806613,4.09999999999577e-05,3.8,0.0225696086883547
"2026-05-22T12:57:44.657Z","run_bootstrap",36,"http://client2:8000","run","http://client2:8000/run",1,TRUE,200,1108,255,3.59166359901428,"2026-05-22T12:57:40.830455Z","2026-05-22T12:57:44.422119Z",1779454660.83046,1779454664.42212,0.000519,0.000624,0.000662,3.57083,3.570874,3.570168,4.3999999999933e-05,3.5636,0.0280635990142821
"2026-05-22T12:57:44.657Z","run_bootstrap",36,"http://client3:8000","run","http://client3:8000/run",1,TRUE,200,1108,251,3.69294691085815,"2026-05-22T12:57:40.830945Z","2026-05-22T12:57:44.523892Z",1779454660.83095,1779454664.52389,0.000614,0.000735,0.000773,3.672787,3.672831,3.672014,4.3999999999933e-05,3.6654,0.0275469108581543
"2026-05-22T12:57:48.521Z","run_bootstrap",37,"http://client1:8000","run","http://client1:8000/run",1,TRUE,200,1108,251,3.63427925109863,"2026-05-22T12:57:44.668200Z","2026-05-22T12:57:48.302480Z",1779454664.6682,1779454668.30248,0.000577,0.000686,0.000724,3.618921,3.618965,3.618197,4.40000000003771e-05,3.6113,0.0229792510986329
"2026-05-22T12:57:48.521Z","run_bootstrap",37,"http://client2:8000","run","http://client2:8000/run",1,TRUE,200,1108,256,3.84791231155396,"2026-05-22T12:57:44.668814Z","2026-05-22T12:57:48.516726Z",1779454664.66881,1779454668.51673,0.000474,0.00057,0.000603,3.829545,3.829576,3.828942,3.09999999998922e-05,3.8224,0.0255123115539551
"2026-05-22T12:57:48.521Z","run_bootstrap",37,"http://client3:8000","run","http://client3:8000/run",1,TRUE,200,1108,250,3.76023697853088,"2026-05-22T12:57:44.668179Z","2026-05-22T12:57:48.428416Z",1779454664.66818,1779454668.42842,0.000707,0.000811,0.000845,3.746356,3.746404,3.745511,4.8000000000048e-05,3.7375,0.022736978530884
"2026-05-22T12:57:52.288Z","run_bootstrap",38,"http://client1:8000","run","http://client1:8000/run",1,TRUE,200,1108,251,3.72073817253113,"2026-05-22T12:57:48.533105Z","2026-05-22T12:57:52.253843Z",1779454668.53311,1779454672.25384,0.000514,0.00063,0.000669,3.692762,3.69281,3.692093,4.8000000000048e-05,3.6841,0.036638172531128
"2026-05-22T12:57:52.288Z","run_bootstrap",38,"http://client2:8000","run","http://client2:8000/run",1,TRUE,200,1108,256,3.69828295707703,"2026-05-22T12:57:48.533781Z","2026-05-22T12:57:52.232064Z",1779454668.53378,1779454672.23206,0.00059,0.000698,0.000758,3.674318,3.674361,3.67356,4.30000000002373e-05,3.6668,0.0314829570770265
"2026-05-22T12:57:52.288Z","run_bootstrap",38,"http://client3:8000","run","http://client3:8000/run",1,TRUE,200,1108,249,3.74933052062988,"2026-05-22T12:57:48.534483Z","2026-05-22T12:57:52.283813Z",1779454668.53448,1779454672.28381,0.000727,0.00084,0.000875,3.72506,3.725121,3.724185,6.10000000000888e-05,3.717,0.0323305206298827
"2026-05-22T12:57:56.177Z","run_bootstrap",39,"http://client1:8000","run","http://client1:8000/run",1,TRUE,200,1108,252,3.56699728965759,"2026-05-22T12:57:52.303798Z","2026-05-22T12:57:55.870796Z",1779454672.3038,1779454675.8708,0.000643,0.00076,8e-04,3.548443,3.548483,3.547643,4.0000000000262e-05,3.5364,0.0305972896575928
"2026-05-22T12:57:56.177Z","run_bootstrap",39,"http://client2:8000","run","http://client2:8000/run",1,TRUE,200,1108,256,3.86611485481262,"2026-05-22T12:57:52.304448Z","2026-05-22T12:57:56.170563Z",1779454672.30445,1779454676.17056,0.000574,0.000682,0.00072,3.851789,3.851833,3.851069,4.3999999999933e-05,3.8446,0.0215148548126223
"2026-05-22T12:57:56.177Z","run_bootstrap",39,"http://client3:8000","run","http://client3:8000/run",1,TRUE,200,1108,251,3.70902252197266,"2026-05-22T12:57:52.305098Z","2026-05-22T12:57:56.014120Z",1779454672.3051,1779454676.01412,0.000734,0.000845,0.000883,3.693059,3.693102,3.692176,4.30000000002373e-05,3.6693,0.0397225219726565
"2026-05-22T12:58:00.207Z","run_bootstrap",40,"http://client1:8000","run","http://client1:8000/run",1,TRUE,200,1108,252,4.0141077041626,"2026-05-22T12:57:56.188418Z","2026-05-22T12:58:00.202525Z",1779454676.18842,1779454680.20253,0.000503,0.000605,0.000641,4.00098,4.001011,4.000339,3.09999999998922e-05,3.8514,0.162707704162598
"2026-05-22T12:58:00.207Z","run_bootstrap",40,"http://client2:8000","run","http://client2:8000/run",1,TRUE,200,1108,254,4.00056862831116,"2026-05-22T12:57:56.188856Z","2026-05-22T12:58:00.189425Z",1779454676.18886,1779454680.18943,0.000595,0.000669,0.00069,3.987864,3.987903,3.987174,3.90000000001223e-05,3.84,0.160568628311157
"2026-05-22T12:58:00.207Z","run_bootstrap",40,"http://client3:8000","run","http://client3:8000/run",1,TRUE,200,1108,251,3.76608180999756,"2026-05-22T12:57:56.190571Z","2026-05-22T12:57:59.956653Z",1779454676.19057,1779454679.95665,0.000473,0.000559,0.000709,3.750717,3.750758,3.750008,4.09999999999577e-05,3.6027,0.163381809997559
"2026-05-22T12:58:03.865Z","run_bootstrap",41,"http://client1:8000","run","http://client1:8000/run",1,TRUE,200,1108,252,3.37556552886963,"2026-05-22T12:58:00.218569Z","2026-05-22T12:58:03.594134Z",1779454680.21857,1779454683.59413,0.000589,0.000647,0.000665,3.358625,3.358673,3.35796,4.8000000000048e-05,3.3518,0.023765528869629
"2026-05-22T12:58:03.865Z","run_bootstrap",41,"http://client2:8000","run","http://client2:8000/run",1,TRUE,200,1108,255,3.64176511764526,"2026-05-22T12:58:00.218884Z","2026-05-22T12:58:03.860649Z",1779454680.21888,1779454683.86065,0.000506,0.000568,0.000589,3.625922,3.625957,3.625333,3.50000000000072e-05,3.6198,0.0219651176452635
"2026-05-22T12:58:03.865Z","run_bootstrap",41,"http://client3:8000","run","http://client3:8000/run",1,TRUE,200,1108,252,3.47501635551453,"2026-05-22T12:58:00.219391Z","2026-05-22T12:58:03.694407Z",1779454680.21939,1779454683.69441,0.00046,0.000543,0.000568,3.459131,3.459174,3.458563,4.29999999997932e-05,3.4522,0.0228163555145264
"2026-05-22T12:58:07.576Z","run_bootstrap",42,"http://client1:8000","run","http://client1:8000/run",1,TRUE,200,1108,252,3.69519829750061,"2026-05-22T12:58:03.877208Z","2026-05-22T12:58:07.572406Z",1779454683.87721,1779454687.57241,0.000647,0.000749,0.000791,3.674318,3.674362,3.673527,4.3999999999933e-05,3.6669,0.0282982975006103
"2026-05-22T12:58:07.576Z","run_bootstrap",42,"http://client2:8000","run","http://client2:8000/run",1,TRUE,200,1108,255,3.59819912910461,"2026-05-22T12:58:03.877840Z","2026-05-22T12:58:07.476039Z",1779454683.87784,1779454687.47604,0.000704,0.00078,0.00083,3.578387,3.578423,3.577557,3.59999999997029e-05,3.5708,0.0273991291046141
"2026-05-22T12:58:07.576Z","run_bootstrap",42,"http://client3:8000","run","http://client3:8000/run",1,TRUE,200,1108,252,3.39206337928772,"2026-05-22T12:58:03.878473Z","2026-05-22T12:58:07.270536Z",1779454683.87847,1779454687.27054,0.000668,0.000771,0.000821,3.372034,3.372087,3.371213,5.29999999998587e-05,3.3651,0.0269633792877197
"2026-05-22T12:58:11.270Z","run_bootstrap",43,"http://client1:8000","run","http://client1:8000/run",1,TRUE,200,1109,251,3.43676400184631,"2026-05-22T12:58:07.587210Z","2026-05-22T12:58:11.023974Z",1779454687.58721,1779454691.02397,0.000639,0.000741,0.000789,3.41861,3.41865,3.417821,3.9999999999818e-05,3.4011,0.0356640018463135
"2026-05-22T12:58:11.270Z","run_bootstrap",43,"http://client2:8000","run","http://client2:8000/run",1,TRUE,200,1109,256,3.67663288116455,"2026-05-22T12:58:07.589082Z","2026-05-22T12:58:11.265715Z",1779454687.58908,1779454691.26572,0.000639,0.000748,0.000792,3.656694,3.656731,3.655902,3.70000000002868e-05,3.6396,0.0370328811645506
"2026-05-22T12:58:11.270Z","run_bootstrap",43,"http://client3:8000","run","http://client3:8000/run",1,TRUE,200,1109,251,3.29017853736877,"2026-05-22T12:58:07.589362Z","2026-05-22T12:58:10.879540Z",1779454687.58936,1779454690.87954,0.000725,0.000847,0.000882,3.269551,3.26959,3.268669,3.90000000001223e-05,3.2508,0.0393785373687745
"2026-05-22T12:58:14.955Z","run_bootstrap",44,"http://client1:8000","run","http://client1:8000/run",1,TRUE,200,1109,251,3.38726091384888,"2026-05-22T12:58:11.284764Z","2026-05-22T12:58:14.672025Z",1779454691.28476,1779454694.67203,0.000676,0.000781,0.000819,3.372715,3.372759,3.371896,4.3999999999933e-05,3.3653,0.021960913848877
"2026-05-22T12:58:14.955Z","run_bootstrap",44,"http://client2:8000","run","http://client2:8000/run",1,TRUE,200,1109,256,3.4872031211853,"2026-05-22T12:58:11.286977Z","2026-05-22T12:58:14.774180Z",1779454691.28698,1779454694.77418,0.000741,0.000816,0.000835,3.467774,3.467807,3.466939,3.30000000001718e-05,3.4604,0.0268031211853028
"2026-05-22T12:58:14.955Z","run_bootstrap",44,"http://client3:8000","run","http://client3:8000/run",1,TRUE,200,1109,251,3.66080689430237,"2026-05-22T12:58:11.287408Z","2026-05-22T12:58:14.948215Z",1779454691.28741,1779454694.94822,0.000641,0.000732,0.000758,3.641058,3.641104,3.6403,4.59999999997684e-05,3.6338,0.0270068943023682
"2026-05-22T12:58:18.698Z","run_bootstrap",45,"http://client1:8000","run","http://client1:8000/run",1,TRUE,200,1109,253,3.434157371521,"2026-05-22T12:58:14.972047Z","2026-05-22T12:58:18.406205Z",1779454694.97205,1779454698.40621,0.000582,0.000649,0.000682,3.420532,3.420575,3.41985,4.29999999997932e-05,3.4132,0.0209573715209963
"2026-05-22T12:58:18.698Z","run_bootstrap",45,"http://client2:8000","run","http://client2:8000/run",1,TRUE,200,1109,256,3.50334715843201,"2026-05-22T12:58:14.972578Z","2026-05-22T12:58:18.475925Z",1779454694.97258,1779454698.47593,0.000569,0.00065,0.000683,3.490369,3.49041,3.489686,4.09999999999577e-05,3.4825,0.0208471584320069
"2026-05-22T12:58:18.698Z","run_bootstrap",45,"http://client3:8000","run","http://client3:8000/run",1,TRUE,200,1109,251,3.71651768684387,"2026-05-22T12:58:14.974455Z","2026-05-22T12:58:18.690973Z",1779454694.97446,1779454698.69097,0.000573,0.00065,0.000681,3.699497,3.699538,3.698816,4.09999999999577e-05,3.6918,0.0247176868438719
"2026-05-22T12:58:22.476Z","run_bootstrap",46,"http://client1:8000","run","http://client1:8000/run",1,TRUE,200,1109,252,3.54602074623108,"2026-05-22T12:58:18.715821Z","2026-05-22T12:58:22.261842Z",1779454698.71582,1779454702.26184,0.000661,0.000777,0.00081,3.531269,3.531329,3.530459,5.9999999999949e-05,3.524,0.0220207462310791
"2026-05-22T12:58:22.476Z","run_bootstrap",46,"http://client2:8000","run","http://client2:8000/run",1,TRUE,200,1109,256,3.752201795578,"2026-05-22T12:58:18.717397Z","2026-05-22T12:58:22.469599Z",1779454698.7174,1779454702.4696,0.000599,0.000724,0.000759,3.730631,3.730682,3.729872,5.10000000000232e-05,3.7236,0.0286017955780031
"2026-05-22T12:58:22.476Z","run_bootstrap",46,"http://client3:8000","run","http://client3:8000/run",1,TRUE,200,1109,251,3.48078370094299,"2026-05-22T12:58:18.717936Z","2026-05-22T12:58:22.198720Z",1779454698.71794,1779454702.19872,0.00044,0.000556,0.00059,3.459668,3.459716,3.459078,4.79999999996039e-05,3.4531,0.0276837009429931
"2026-05-22T12:58:26.347Z","run_bootstrap",47,"http://client1:8000","run","http://client1:8000/run",1,TRUE,200,1108,254,3.79152297973633,"2026-05-22T12:58:22.548700Z","2026-05-22T12:58:26.340223Z",1779454702.5487,1779454706.34022,0.000616,0.000707,0.000747,3.777622,3.777788,3.776875,0.000166000000000111,3.7598,0.0317229797363283
"2026-05-22T12:58:26.347Z","run_bootstrap",47,"http://client2:8000","run","http://client2:8000/run",1,TRUE,200,1108,255,3.59543561935425,"2026-05-22T12:58:22.548952Z","2026-05-22T12:58:26.144388Z",1779454702.54895,1779454706.14439,0.000638,0.000712,0.000748,3.58181,3.582,3.581062,0.000189999999999912,3.5737,0.0217356193542479
"2026-05-22T12:58:26.347Z","run_bootstrap",47,"http://client3:8000","run","http://client3:8000/run",1,TRUE,200,1108,253,3.3941445350647,"2026-05-22T12:58:22.548938Z","2026-05-22T12:58:25.943082Z",1779454702.54894,1779454705.94308,6e-04,0.000701,0.000739,3.3805,3.38067,3.379761,0.000169999999999781,3.3726,0.0215445350646974
"2026-05-22T12:58:30.170Z","run_bootstrap",48,"http://client1:8000","run","http://client1:8000/run",1,TRUE,200,1108,254,3.80371069908142,"2026-05-22T12:58:26.361125Z","2026-05-22T12:58:30.164835Z",1779454706.36113,1779454710.16484,0.000499,0.000572,0.000607,3.782039,3.78215,3.781432,0.000110999999999972,3.7748,0.028910699081421
"2026-05-22T12:58:30.170Z","run_bootstrap",48,"http://client2:8000","run","http://client2:8000/run",1,TRUE,200,1108,255,3.79001522064209,"2026-05-22T12:58:26.360138Z","2026-05-22T12:58:30.150153Z",1779454706.36014,1779454710.15015,0.000614,0.000721,0.000763,3.776239,3.776384,3.775476,0.000145000000000284,3.7693,0.02071522064209
"2026-05-22T12:58:30.170Z","run_bootstrap",48,"http://client3:8000","run","http://client3:8000/run",1,TRUE,200,1108,253,3.49210548400879,"2026-05-22T12:58:26.362068Z","2026-05-22T12:58:29.854173Z",1779454706.36207,1779454709.85417,0.00056,0.000776,0.000818,3.472194,3.472328,3.471376,0.000134000000000079,3.4653,0.026805484008789
"2026-05-22T12:58:34.002Z","run_bootstrap",49,"http://client1:8000","run","http://client1:8000/run",1,TRUE,200,1110,257,3.55708456039429,"2026-05-22T12:58:30.180912Z","2026-05-22T12:58:33.737997Z",1779454710.18091,1779454713.738,0.000691,0.000796,0.000831,3.543008,3.543161,3.542177,0.00015300000000007,3.5356,0.021484560394287
"2026-05-22T12:58:34.002Z","run_bootstrap",49,"http://client2:8000","run","http://client2:8000/run",1,TRUE,200,1110,257,3.81215739250183,"2026-05-22T12:58:30.182714Z","2026-05-22T12:58:33.994871Z",1779454710.18271,1779454713.99487,0.000636,0.00075,0.000789,3.797063,3.797429,3.796274,0.000366000000000088,3.7899,0.0222573925018312
"2026-05-22T12:58:34.002Z","run_bootstrap",49,"http://client3:8000","run","http://client3:8000/run",1,TRUE,200,1110,252,3.6173791885376,"2026-05-22T12:58:30.183089Z","2026-05-22T12:58:33.800468Z",1779454710.18309,1779454713.80047,0.000661,0.000735,0.000769,3.602778,3.60289,3.602009,0.000112000000000112,3.5958,0.0215791885375975
"2026-05-22T12:58:37.813Z","run_bootstrap",50,"http://client1:8000","run","http://client1:8000/run",1,TRUE,200,1110,257,3.52307748794556,"2026-05-22T12:58:34.014223Z","2026-05-22T12:58:37.537300Z",1779454714.01422,1779454717.5373,5e-04,0.000574,0.000601,3.5089,3.508959,3.508299,5.89999999998092e-05,3.5016,0.0214774879455568
"2026-05-22T12:58:37.813Z","run_bootstrap",50,"http://client2:8000","run","http://client2:8000/run",1,TRUE,200,1110,257,3.62113428115845,"2026-05-22T12:58:34.014222Z","2026-05-22T12:58:37.635356Z",1779454714.01422,1779454717.63536,0.000544,0.000599,0.000623,3.607325,3.607458,3.606702,0.000132999999999939,3.5998,0.0213342811584472
"2026-05-22T12:58:37.813Z","run_bootstrap",50,"http://client3:8000","run","http://client3:8000/run",1,TRUE,200,1110,252,3.79357218742371,"2026-05-22T12:58:34.015554Z","2026-05-22T12:58:37.809126Z",1779454714.01555,1779454717.80913,0.000477,0.000538,0.000565,3.780846,3.781144,3.780281,0.000297999999999909,3.7729,0.0206721874237061
"2026-05-22T12:58:41.625Z","run_bootstrap",51,"http://client1:8000","run","http://client1:8000/run",1,TRUE,200,1108,257,3.5289192199707,"2026-05-22T12:58:37.825331Z","2026-05-22T12:58:41.354250Z",1779454717.82533,1779454721.35425,0.000649,0.000753,0.000796,3.514422,3.514526,3.513626,0.000103999999999882,3.5046,0.0243192199707032
"2026-05-22T12:58:41.625Z","run_bootstrap",51,"http://client2:8000","run","http://client2:8000/run",1,TRUE,200,1108,257,3.54875159263611,"2026-05-22T12:58:37.827780Z","2026-05-22T12:58:41.376531Z",1779454717.82778,1779454721.37653,0.00062,0.000735,0.000778,3.526339,3.526488,3.525561,0.000148999999999955,3.5153,0.0334515926361085
"2026-05-22T12:58:41.625Z","run_bootstrap",51,"http://client3:8000","run","http://client3:8000/run",1,TRUE,200,1108,254,3.7929093837738,"2026-05-22T12:58:37.827929Z","2026-05-22T12:58:41.620839Z",1779454717.82793,1779454721.62084,0.000748,0.000819,0.000846,3.771503,3.771669,3.770657,0.000166000000000111,3.761,0.0319093837738036
"2026-05-22T12:58:45.343Z","run_bootstrap",52,"http://client1:8000","run","http://client1:8000/run",1,TRUE,200,1108,257,3.67711877822876,"2026-05-22T12:58:41.638916Z","2026-05-22T12:58:45.316035Z",1779454721.63892,1779454725.31604,0.000656,0.000771,0.000815,3.659156,3.659254,3.658341,9.79999999999315e-05,3.6515,0.0256187782287598
"2026-05-22T12:58:45.343Z","run_bootstrap",52,"http://client2:8000","run","http://client2:8000/run",1,TRUE,200,1108,257,3.69870066642761,"2026-05-22T12:58:41.640056Z","2026-05-22T12:58:45.338756Z",1779454721.64006,1779454725.33876,0.000539,0.000657,0.000699,3.673875,3.674032,3.673176,0.000157000000000185,3.6665,0.0322006664276122
"2026-05-22T12:58:45.343Z","run_bootstrap",52,"http://client3:8000","run","http://client3:8000/run",1,TRUE,200,1108,255,3.51292395591736,"2026-05-22T12:58:41.640582Z","2026-05-22T12:58:45.153506Z",1779454721.64058,1779454725.15351,0.000678,0.000767,0.000806,3.48887,3.489006,3.488064,0.000135999999999914,3.4816,0.0313239559173586
"2026-05-22T12:58:49.043Z","run_bootstrap",53,"http://client1:8000","run","http://client1:8000/run",1,TRUE,200,1109,256,3.68106341362,"2026-05-22T12:58:45.356797Z","2026-05-22T12:58:49.037861Z",1779454725.3568,1779454729.03786,0.000626,0.000818,0.000865,3.663882,3.664019,3.663017,0.000137000000000054,3.6552,0.0258634136199953
"2026-05-22T12:58:49.043Z","run_bootstrap",53,"http://client2:8000","run","http://client2:8000/run",1,TRUE,200,1109,256,3.6254460811615,"2026-05-22T12:58:45.357266Z","2026-05-22T12:58:48.982712Z",1779454725.35727,1779454728.98271,0.000752,0.000865,0.000902,3.611565,3.611696,3.610663,0.000130999999999659,3.6026,0.0228460811614992
"2026-05-22T12:58:49.043Z","run_bootstrap",53,"http://client3:8000","run","http://client3:8000/run",1,TRUE,200,1109,253,3.50846600532532,"2026-05-22T12:58:45.357837Z","2026-05-22T12:58:48.866303Z",1779454725.35784,1779454728.8663,0.000614,0.000704,0.000743,3.492701,3.492829,3.491958,0.000128000000000128,3.4811,0.0273660053253173
"2026-05-22T12:58:52.869Z","run_bootstrap",54,"http://client1:8000","run","http://client1:8000/run",1,TRUE,200,1109,256,3.59510469436646,"2026-05-22T12:58:49.054279Z","2026-05-22T12:58:52.649384Z",1779454729.05428,1779454732.64938,0.000698,0.000803,0.000838,3.581376,3.58152,3.580538,0.0001439999999997,3.5735,0.021604694366455
"2026-05-22T12:58:52.869Z","run_bootstrap",54,"http://client2:8000","run","http://client2:8000/run",1,TRUE,200,1109,256,3.51301550865173,"2026-05-22T12:58:49.055002Z","2026-05-22T12:58:52.568017Z",1779454729.055,1779454732.56802,0.000694,0.000801,0.000836,3.499799,3.499933,3.498963,0.000134000000000079,3.4927,0.0203155086517333
"2026-05-22T12:58:52.869Z","run_bootstrap",54,"http://client3:8000","run","http://client3:8000/run",1,TRUE,200,1109,253,3.80561685562134,"2026-05-22T12:58:49.056830Z","2026-05-22T12:58:52.862447Z",1779454729.05683,1779454732.86245,0.000606,0.000713,0.000749,3.791742,3.791883,3.790993,0.000140999999999725,3.7848,0.0208168556213377
"2026-05-22T12:58:56.730Z","run_bootstrap",55,"http://client1:8000","run","http://client1:8000/run",1,TRUE,200,1107,251,3.38450336456299,"2026-05-22T12:58:52.886519Z","2026-05-22T12:58:56.271022Z",1779454732.88652,1779454736.27102,0.000752,0.000853,0.000886,3.362504,3.362639,3.361618,0.000135000000000218,3.3429,0.0416033645629881
"2026-05-22T12:58:56.730Z","run_bootstrap",55,"http://client2:8000","run","http://client2:8000/run",1,TRUE,200,1107,256,3.8362135887146,"2026-05-22T12:58:52.887170Z","2026-05-22T12:58:56.723383Z",1779454732.88717,1779454736.72338,0.000617,0.000727,0.000764,3.814195,3.814275,3.813431,8.000000000008e-05,3.8069,0.0293135887145994
"2026-05-22T12:58:56.730Z","run_bootstrap",55,"http://client3:8000","run","http://client3:8000/run",1,TRUE,200,1107,251,3.60704469680786,"2026-05-22T12:58:52.888188Z","2026-05-22T12:58:56.495233Z",1779454732.88819,1779454736.49523,0.000683,0.000753,0.000789,3.585933,3.586071,3.585144,0.000138000000000194,3.5788,0.0282446968078611
"2026-05-22T12:59:00.389Z","run_bootstrap",56,"http://client1:8000","run","http://client1:8000/run",1,TRUE,200,1107,251,3.6259081363678,"2026-05-22T12:58:56.745130Z","2026-05-22T12:59:00.371038Z",1779454736.74513,1779454740.37104,0.000647,0.000776,0.000811,3.610338,3.610482,3.609527,0.000144000000000144,3.6025,0.0234081363677978
"2026-05-22T12:59:00.389Z","run_bootstrap",56,"http://client2:8000","run","http://client2:8000/run",1,TRUE,200,1107,256,3.63826394081116,"2026-05-22T12:58:56.746384Z","2026-05-22T12:59:00.384648Z",1779454736.74638,1779454740.38465,0.000693,0.000807,0.000844,3.615255,3.615391,3.614411,0.000135999999999914,3.6079,0.0303639408111573
"2026-05-22T12:59:00.389Z","run_bootstrap",56,"http://client3:8000","run","http://client3:8000/run",1,TRUE,200,1107,251,3.50966143608093,"2026-05-22T12:58:56.747171Z","2026-05-22T12:59:00.256832Z",1779454736.74717,1779454740.25683,0.000628,0.000733,0.000767,3.489454,3.489562,3.488687,0.000107999999999997,3.4799,0.0297614360809324
"2026-05-22T12:59:04.029Z","run_bootstrap",57,"http://client1:8000","run","http://client1:8000/run",1,TRUE,200,1108,252,3.62363576889038,"2026-05-22T12:59:00.401352Z","2026-05-22T12:59:04.024987Z",1779454740.40135,1779454744.02499,0.000578,0.000699,0.000737,3.608467,3.608534,3.60773,6.70000000000393e-05,3.6012,0.0224357688903809
"2026-05-22T12:59:04.029Z","run_bootstrap",57,"http://client2:8000","run","http://client2:8000/run",1,TRUE,200,1108,255,3.60008096694946,"2026-05-22T12:59:00.400955Z","2026-05-22T12:59:04.001036Z",1779454740.40096,1779454744.00104,0.000692,0.000798,0.000833,3.586385,3.586509,3.585552,0.000124000000000013,3.5791,0.0209809669494629
"2026-05-22T12:59:04.029Z","run_bootstrap",57,"http://client3:8000","run","http://client3:8000/run",1,TRUE,200,1108,252,3.57178020477295,"2026-05-22T12:59:00.402422Z","2026-05-22T12:59:03.974203Z",1779454740.40242,1779454743.9742,0.000549,0.000665,0.000702,3.557441,3.557551,3.556739,0.000110000000000277,3.5502,0.0215802047729494
"2026-05-22T12:59:07.927Z","run_bootstrap",58,"http://client1:8000","run","http://client1:8000/run",1,TRUE,200,1108,252,3.76419734954834,"2026-05-22T12:59:04.047243Z","2026-05-22T12:59:07.811440Z",1779454744.04724,1779454747.81144,0.000396,0.000464,0.000496,3.748747,3.748939,3.748251,0.000192000000000192,3.7415,0.02269734954834
"2026-05-22T12:59:07.927Z","run_bootstrap",58,"http://client2:8000","run","http://client2:8000/run",1,TRUE,200,1108,255,3.87268733978271,"2026-05-22T12:59:04.047329Z","2026-05-22T12:59:07.920017Z",1779454744.04733,1779454747.92002,0.000657,0.000772,0.000809,3.858442,3.858584,3.857633,0.000141999999999864,3.8509,0.0217873397827146
"2026-05-22T12:59:07.927Z","run_bootstrap",58,"http://client3:8000","run","http://client3:8000/run",1,TRUE,200,1108,252,3.58198738098145,"2026-05-22T12:59:04.045646Z","2026-05-22T12:59:07.627634Z",1779454744.04565,1779454747.62763,0.000682,0.000788,0.000823,3.569992,3.570139,3.569169,0.000147000000000119,3.5629,0.0190873809814454
"2026-05-22T12:59:11.850Z","run_bootstrap",59,"http://client1:8000","run","http://client1:8000/run",1,TRUE,200,1109,253,3.61608958244324,"2026-05-22T12:59:07.939924Z","2026-05-22T12:59:11.556013Z",1779454747.93992,1779454751.55601,0.000566,0.000646,0.000689,3.596906,3.597031,3.596217,0.000124999999999709,3.5887,0.0273895824432375
"2026-05-22T12:59:11.850Z","run_bootstrap",59,"http://client2:8000","run","http://client2:8000/run",1,TRUE,200,1109,254,3.61172270774841,"2026-05-22T12:59:07.940351Z","2026-05-22T12:59:11.552073Z",1779454747.94035,1779454751.55207,0.000572,0.00068,0.000729,3.597497,3.597886,3.596768,0.000388999999999751,3.5898,0.0219227077484132
"2026-05-22T12:59:11.850Z","run_bootstrap",59,"http://client3:8000","run","http://client3:8000/run",1,TRUE,200,1109,252,3.90558457374573,"2026-05-22T12:59:07.940648Z","2026-05-22T12:59:11.846232Z",1779454747.94065,1779454751.84623,0.000592,0.000674,0.000714,3.891895,3.892013,3.891181,0.000118000000000062,3.8838,0.0217845737457276
"2026-05-22T12:59:15.940Z","run_bootstrap",60,"http://client1:8000","run","http://client1:8000/run",1,TRUE,200,1109,253,3.94332599639893,"2026-05-22T12:59:11.864666Z","2026-05-22T12:59:15.807992Z",1779454751.86467,1779454755.80799,0.000575,0.000792,0.000841,3.929705,3.930066,3.928864,0.000361000000000278,3.7754,0.167925996398926
"2026-05-22T12:59:15.940Z","run_bootstrap",60,"http://client2:8000","run","http://client2:8000/run",1,TRUE,200,1109,253,3.61320376396179,"2026-05-22T12:59:11.866386Z","2026-05-22T12:59:15.479590Z",1779454751.86639,1779454755.47959,0.000486,0.000565,0.000596,3.597555,3.597649,3.596959,9.40000000002605e-05,3.429,0.184203763961792
"2026-05-22T12:59:15.940Z","run_bootstrap",60,"http://client3:8000","run","http://client3:8000/run",1,TRUE,200,1109,251,4.06846737861633,"2026-05-22T12:59:11.866750Z","2026-05-22T12:59:15.935217Z",1779454751.86675,1779454755.93522,0.000506,0.000587,0.000623,4.049506,4.049616,4.048883,0.000110000000000277,3.889,0.179467378616333
"2026-05-22T12:59:19.561Z","run_bootstrap",61,"http://client1:8000","run","http://client1:8000/run",1,TRUE,200,1104,253,3.54497289657593,"2026-05-22T12:59:15.950484Z","2026-05-22T12:59:19.495457Z",1779454755.95048,1779454759.49546,0.000687,0.000791,0.000827,3.530959,3.531095,3.530132,0.000135999999999914,3.5232,0.0217728965759276
"2026-05-22T12:59:19.561Z","run_bootstrap",61,"http://client2:8000","run","http://client2:8000/run",1,TRUE,200,1104,253,3.6045241355896,"2026-05-22T12:59:15.952218Z","2026-05-22T12:59:19.556742Z",1779454755.95222,1779454759.55674,0.000601,0.000691,0.000725,3.587313,3.587473,3.586588,0.00016000000000016,3.5807,0.0238241355895994
"2026-05-22T12:59:19.561Z","run_bootstrap",61,"http://client3:8000","run","http://client3:8000/run",1,TRUE,200,1104,250,3.39979791641235,"2026-05-22T12:59:15.952654Z","2026-05-22T12:59:19.352452Z",1779454755.95265,1779454759.35245,0.000536,0.000644,0.000685,3.38358,3.383712,3.382895,0.000132000000000243,3.3769,0.0228979164123535
"2026-05-22T12:59:23.112Z","run_bootstrap",62,"http://client1:8000","run","http://client1:8000/run",1,TRUE,200,1104,252,3.53458046913147,"2026-05-22T12:59:19.573393Z","2026-05-22T12:59:23.107974Z",1779454759.57339,1779454763.10797,0.000685,0.000793,0.000829,3.520792,3.521016,3.519963,0.00022399999999978,3.513,0.0215804691314698
"2026-05-22T12:59:23.112Z","run_bootstrap",62,"http://client2:8000","run","http://client2:8000/run",1,TRUE,200,1104,253,3.39132285118103,"2026-05-22T12:59:19.574376Z","2026-05-22T12:59:22.965699Z",1779454759.57438,1779454762.9657,0.00055,0.000625,0.000656,3.378107,3.378261,3.377451,0.00015400000000021,3.3687,0.0226228511810302
"2026-05-22T12:59:23.112Z","run_bootstrap",62,"http://client3:8000","run","http://client3:8000/run",1,TRUE,200,1104,250,3.48052740097046,"2026-05-22T12:59:19.574581Z","2026-05-22T12:59:23.055109Z",1779454759.57458,1779454763.05511,0.000597,0.000664,0.000686,3.467665,3.467788,3.466979,0.000122999999999873,3.4608,0.0197274009704591
"2026-05-22T12:59:26.702Z","run_bootstrap",63,"http://client1:8000","run","http://client1:8000/run",1,TRUE,200,1108,253,3.57377338409424,"2026-05-22T12:59:23.124077Z","2026-05-22T12:59:26.697850Z",1779454763.12408,1779454766.69785,0.000445,0.000537,0.00056,3.557249,3.557377,3.556689,0.000127999999999684,3.5389,0.0348733840942383
"2026-05-22T12:59:26.702Z","run_bootstrap",63,"http://client2:8000","run","http://client2:8000/run",1,TRUE,200,1108,252,3.31871747970581,"2026-05-22T12:59:23.125606Z","2026-05-22T12:59:26.444324Z",1779454763.12561,1779454766.44432,0.000462,0.000513,0.000533,3.303309,3.303445,3.302776,0.000135999999999914,3.2863,0.0324174797058103
"2026-05-22T12:59:26.702Z","run_bootstrap",63,"http://client3:8000","run","http://client3:8000/run",1,TRUE,200,1108,249,3.43531823158264,"2026-05-22T12:59:23.124781Z","2026-05-22T12:59:26.560099Z",1779454763.12478,1779454766.5601,0.000512,0.00059,0.000622,3.418758,3.418896,3.418136,0.000138000000000194,3.4022,0.0331182315826415
"2026-05-22T12:59:30.434Z","run_bootstrap",64,"http://client1:8000","run","http://client1:8000/run",1,TRUE,200,1108,253,3.71336650848389,"2026-05-22T12:59:26.716501Z","2026-05-22T12:59:30.429867Z",1779454766.7165,1779454770.42987,0.000541,0.000608,0.000634,3.69852,3.698728,3.697886,0.000208000000000208,3.6912,0.0221665084838869
"2026-05-22T12:59:30.434Z","run_bootstrap",64,"http://client2:8000","run","http://client2:8000/run",1,TRUE,200,1108,251,3.41986465454102,"2026-05-22T12:59:26.716234Z","2026-05-22T12:59:30.136099Z",1779454766.71623,1779454770.1361,0.000706,0.00081,0.000852,3.406097,3.406208,3.405245,0.000110999999999972,3.398,0.0218646545410155
"2026-05-22T12:59:30.434Z","run_bootstrap",64,"http://client3:8000","run","http://client3:8000/run",1,TRUE,200,1108,249,3.60678195953369,"2026-05-22T12:59:26.717890Z","2026-05-22T12:59:30.324671Z",1779454766.71789,1779454770.32467,0.000584,0.000706,0.000751,3.592887,3.592943,3.592136,5.5999999999834e-05,3.5843,0.0224819595336916
"2026-05-22T12:59:34.151Z","run_bootstrap",65,"http://client1:8000","run","http://client1:8000/run",1,TRUE,200,1108,253,3.69853258132935,"2026-05-22T12:59:30.446024Z","2026-05-22T12:59:34.144557Z",1779454770.44602,1779454774.14456,0.000712,0.000825,0.000869,3.682308,3.682444,3.681439,0.000135999999999914,3.6748,0.0237325813293459
"2026-05-22T12:59:34.151Z","run_bootstrap",65,"http://client2:8000","run","http://client2:8000/run",1,TRUE,200,1108,252,3.34170794487,"2026-05-22T12:59:30.446608Z","2026-05-22T12:59:33.788316Z",1779454770.44661,1779454773.78832,0.000715,0.000824,0.000879,3.326018,3.326155,3.325139,0.000137000000000054,3.3163,0.0254079448699951
"2026-05-22T12:59:34.151Z","run_bootstrap",65,"http://client3:8000","run","http://client3:8000/run",1,TRUE,200,1108,251,3.43473744392395,"2026-05-22T12:59:30.447163Z","2026-05-22T12:59:33.881901Z",1779454770.44716,1779454773.8819,0.000497,0.000573,0.000667,3.415789,3.415941,3.415122,0.00015199999999993,3.4089,0.0258374439239502
"2026-05-22T12:59:37.890Z","run_bootstrap",66,"http://client1:8000","run","http://client1:8000/run",1,TRUE,200,1108,253,3.71318316459656,"2026-05-22T12:59:34.170085Z","2026-05-22T12:59:37.883269Z",1779454774.17009,1779454777.88327,0.000765,0.000858,0.000892,3.699192,3.699326,3.6983,0.000134000000000079,3.6918,0.0213831645965574
"2026-05-22T12:59:37.890Z","run_bootstrap",66,"http://client2:8000","run","http://client2:8000/run",1,TRUE,200,1108,252,3.4119279384613,"2026-05-22T12:59:34.170460Z","2026-05-22T12:59:37.582388Z",1779454774.17046,1779454777.58239,0.000486,0.000567,0.000598,3.391911,3.392044,3.391313,0.000132999999999939,3.3842,0.0277279384613038
"2026-05-22T12:59:37.890Z","run_bootstrap",66,"http://client3:8000","run","http://client3:8000/run",1,TRUE,200,1108,251,3.42591738700867,"2026-05-22T12:59:34.169664Z","2026-05-22T12:59:37.595582Z",1779454774.16966,1779454777.59558,0.000668,0.000778,0.000817,3.411877,3.411987,3.41106,0.000109999999999832,3.4047,0.0212173870086669
"2026-05-22T12:59:41.626Z","run_bootstrap",67,"http://client1:8000","run","http://client1:8000/run",1,TRUE,200,1108,252,3.42644834518433,"2026-05-22T12:59:37.901613Z","2026-05-22T12:59:41.328062Z",1779454777.90161,1779454781.32806,0.000718,0.00083,0.000874,3.41141,3.411557,3.410536,0.000147000000000119,3.4038,0.0226483451843262
"2026-05-22T12:59:41.626Z","run_bootstrap",67,"http://client2:8000","run","http://client2:8000/run",1,TRUE,200,1108,253,3.71847772598267,"2026-05-22T12:59:37.903169Z","2026-05-22T12:59:41.621647Z",1779454777.90317,1779454781.62165,0.00061,0.000695,0.000723,3.703947,3.70408,3.703224,0.000132999999999939,3.6969,0.0215777259826662
"2026-05-22T12:59:41.626Z","run_bootstrap",67,"http://client3:8000","run","http://client3:8000/run",1,TRUE,200,1108,252,3.45224070549011,"2026-05-22T12:59:37.903811Z","2026-05-22T12:59:41.356052Z",1779454777.90381,1779454781.35605,0.000431,0.000505,0.000544,3.433244,3.433352,3.4327,0.000107999999999997,3.4264,0.0258407054901122
"2026-05-22T12:59:45.212Z","run_bootstrap",68,"http://client1:8000","run","http://client1:8000/run",1,TRUE,200,1108,252,3.51752471923828,"2026-05-22T12:59:41.639532Z","2026-05-22T12:59:45.157057Z",1779454781.63953,1779454785.15706,0.000563,0.000696,0.000738,3.499922,3.500026,3.499184,0.000103999999999882,3.4922,0.0253247192382813
"2026-05-22T12:59:45.212Z","run_bootstrap",68,"http://client2:8000","run","http://client2:8000/run",1,TRUE,200,1108,252,3.42582821846008,"2026-05-22T12:59:41.640193Z","2026-05-22T12:59:45.066021Z",1779454781.64019,1779454785.06602,0.000644,0.000757,8e-04,3.40508,3.405235,3.40428,0.000154999999999905,3.398,0.0278282184600829
"2026-05-22T12:59:45.212Z","run_bootstrap",68,"http://client3:8000","run","http://client3:8000/run",1,TRUE,200,1108,252,3.56444144248962,"2026-05-22T12:59:41.640828Z","2026-05-22T12:59:45.205269Z",1779454781.64083,1779454785.20527,0.000503,0.000618,0.000662,3.543672,3.543809,3.54301,0.000137000000000054,3.5367,0.0277414424896238
"2026-05-22T12:59:48.981Z","run_bootstrap",69,"http://client1:8000","run","http://client1:8000/run",1,TRUE,200,1108,253,3.4565064907074,"2026-05-22T12:59:45.224699Z","2026-05-22T12:59:48.681205Z",1779454785.2247,1779454788.68121,0.000639,0.000761,0.000803,3.439601,3.439736,3.438798,0.000134999999999774,3.432,0.0245064907073975
"2026-05-22T12:59:48.981Z","run_bootstrap",69,"http://client2:8000","run","http://client2:8000/run",1,TRUE,200,1108,251,3.75072598457336,"2026-05-22T12:59:45.226190Z","2026-05-22T12:59:48.976916Z",1779454785.22619,1779454788.97692,0.000459,0.000531,0.000562,3.732344,3.732485,3.731782,0.000141000000000169,3.7249,0.0258259845733644
"2026-05-22T12:59:48.981Z","run_bootstrap",69,"http://client3:8000","run","http://client3:8000/run",1,TRUE,200,1108,251,3.54094910621643,"2026-05-22T12:59:45.225746Z","2026-05-22T12:59:48.766695Z",1779454785.22575,1779454788.7667,0.00061,0.00071,0.000742,3.5254,3.525726,3.524658,0.000326000000000271,3.5178,0.0231491062164308
"2026-05-22T12:59:52.792Z","run_bootstrap",70,"http://client1:8000","run","http://client1:8000/run",1,TRUE,200,1108,253,3.44874858856201,"2026-05-22T12:59:48.995527Z","2026-05-22T12:59:52.444276Z",1779454788.99553,1779454792.44428,0.000725,0.000818,0.000839,3.435446,3.4356,3.434607,0.000153999999999765,3.428,0.0207485885620118
"2026-05-22T12:59:52.792Z","run_bootstrap",70,"http://client2:8000","run","http://client2:8000/run",1,TRUE,200,1108,251,3.50892043113708,"2026-05-22T12:59:48.994994Z","2026-05-22T12:59:52.503915Z",1779454788.99499,1779454792.50392,0.000723,0.000789,0.000812,3.495145,3.495257,3.494333,0.000112000000000112,3.4878,0.0211204311370849
"2026-05-22T12:59:52.792Z","run_bootstrap",70,"http://client3:8000","run","http://client3:8000/run",1,TRUE,200,1108,251,3.79174447059631,"2026-05-22T12:59:48.995731Z","2026-05-22T12:59:52.787475Z",1779454788.99573,1779454792.78748,0.000889,0.000944,0.000963,3.779452,3.779588,3.778489,0.000135999999999914,3.7723,0.0194444705963135
"2026-05-22T12:59:56.640Z","run_bootstrap",71,"http://client1:8000","run","http://client1:8000/run",1,TRUE,200,1109,251,3.66048789024353,"2026-05-22T12:59:52.803647Z","2026-05-22T12:59:56.464135Z",1779454792.80365,1779454796.46414,0.000892,0.00096,0.000978,3.639281,3.639422,3.638303,0.000141000000000169,3.6307,0.0297878902435302
"2026-05-22T12:59:56.640Z","run_bootstrap",71,"http://client2:8000","run","http://client2:8000/run",1,TRUE,200,1109,254,3.52707505226135,"2026-05-22T12:59:52.804565Z","2026-05-22T12:59:56.331640Z",1779454792.80457,1779454796.33164,0.000658,0.000771,0.000818,3.506628,3.506779,3.50581,0.00015099999999979,3.4993,0.0277750522613527
"2026-05-22T12:59:56.640Z","run_bootstrap",71,"http://client3:8000","run","http://client3:8000/run",1,TRUE,200,1109,250,3.82805562019348,"2026-05-22T12:59:52.805234Z","2026-05-22T12:59:56.633290Z",1779454792.80523,1779454796.63329,0.000774,0.00086,0.000882,3.80842,3.808559,3.807538,0.000138999999999889,3.8009,0.0271556201934815
"2026-05-22T13:00:00.500Z","run_bootstrap",72,"http://client1:8000","run","http://client1:8000/run",1,TRUE,200,1109,251,3.66051506996155,"2026-05-22T12:59:56.657432Z","2026-05-22T13:00:00.317947Z",1779454796.65743,1779454800.31795,0.000745,0.000861,0.000893,3.645703,3.645836,3.64481,0.000132999999999939,3.6381,0.0224150699615477
"2026-05-22T13:00:00.500Z","run_bootstrap",72,"http://client2:8000","run","http://client2:8000/run",1,TRUE,200,1109,254,3.44694924354553,"2026-05-22T12:59:56.659385Z","2026-05-22T13:00:00.106335Z",1779454796.65939,1779454800.10634,0.000472,0.000614,0.00065,3.428343,3.428462,3.427693,0.000119000000000202,3.4204,0.0265492435455323
"2026-05-22T13:00:00.500Z","run_bootstrap",72,"http://client3:8000","run","http://client3:8000/run",1,TRUE,200,1109,250,3.83531165122986,"2026-05-22T12:59:56.659916Z","2026-05-22T13:00:00.495228Z",1779454796.65992,1779454800.49523,0.000477,0.000561,0.000605,3.813324,3.813449,3.812719,0.000124999999999709,3.8064,0.0289116512298584
"2026-05-22T13:00:04.323Z","run_bootstrap",73,"http://client1:8000","run","http://client1:8000/run",1,TRUE,200,1109,254,3.59263229370117,"2026-05-22T13:00:00.511034Z","2026-05-22T13:00:04.103667Z",1779454800.51103,1779454804.10367,0.000651,0.000908,0.000988,3.577879,3.578006,3.576891,0.000126999999999988,3.5701,0.0225322937011718
"2026-05-22T13:00:04.323Z","run_bootstrap",73,"http://client2:8000","run","http://client2:8000/run",1,TRUE,200,1109,253,3.80239057540894,"2026-05-22T13:00:00.513704Z","2026-05-22T13:00:04.316095Z",1779454800.5137,1779454804.3161,0.000701,0.00079,0.000836,3.783898,3.784031,3.783062,0.000132999999999939,3.7661,0.0362905754089358
"2026-05-22T13:00:04.323Z","run_bootstrap",73,"http://client3:8000","run","http://client3:8000/run",1,TRUE,200,1109,250,3.60651016235352,"2026-05-22T13:00:00.513994Z","2026-05-22T13:00:04.120504Z",1779454800.51399,1779454804.1205,0.000708,0.000803,0.000834,3.591305,3.591446,3.590471,0.000140999999999725,3.5726,0.0339101623535156
"2026-05-22T13:00:08.149Z","run_bootstrap",74,"http://client1:8000","run","http://client1:8000/run",1,TRUE,200,1109,254,3.53073310852051,"2026-05-22T13:00:04.339112Z","2026-05-22T13:00:07.869845Z",1779454804.33911,1779454807.86985,0.000565,0.000669,0.000704,3.507108,3.507238,3.506404,0.000129999999999963,3.4948,0.0359331085205077
"2026-05-22T13:00:08.149Z","run_bootstrap",74,"http://client2:8000","run","http://client2:8000/run",1,TRUE,200,1109,253,3.80576944351196,"2026-05-22T13:00:04.339459Z","2026-05-22T13:00:08.145228Z",1779454804.33946,1779454808.14523,0.000655,0.000727,0.000762,3.782693,3.782827,3.781931,0.000134000000000079,3.7755,0.0302694435119628
"2026-05-22T13:00:08.149Z","run_bootstrap",74,"http://client3:8000","run","http://client3:8000/run",1,TRUE,200,1109,250,3.69452667236328,"2026-05-22T13:00:04.338627Z","2026-05-22T13:00:08.033153Z",1779454804.33863,1779454808.03315,0.000607,0.000713,0.000752,3.675827,3.675922,3.675075,9.49999999999562e-05,3.6686,0.0259266723632812
"2026-05-22T13:00:11.984Z","run_bootstrap",75,"http://client1:8000","run","http://client1:8000/run",1,TRUE,200,1109,252,3.6463634967804,"2026-05-22T13:00:08.162507Z","2026-05-22T13:00:11.808871Z",1779454808.16251,1779454811.80887,0.000676,0.000779,0.000814,3.632718,3.632842,3.631904,0.000124000000000013,3.6238,0.0225634967803954
"2026-05-22T13:00:11.984Z","run_bootstrap",75,"http://client2:8000","run","http://client2:8000/run",1,TRUE,200,1109,250,3.81672263145447,"2026-05-22T13:00:08.163116Z","2026-05-22T13:00:11.979839Z",1779454808.16312,1779454811.97984,0.000554,0.00063,0.000652,3.796234,3.79649,3.795582,0.000255999999999812,3.789,0.0277226314544676
"2026-05-22T13:00:11.984Z","run_bootstrap",75,"http://client3:8000","run","http://client3:8000/run",1,TRUE,200,1109,249,3.65190362930298,"2026-05-22T13:00:08.163639Z","2026-05-22T13:00:11.815543Z",1779454808.16364,1779454811.81554,0.000703,0.000782,0.000814,3.631728,3.631838,3.630914,0.000110000000000277,3.6243,0.0276036293029787
"2026-05-22T13:00:15.824Z","run_bootstrap",76,"http://client1:8000","run","http://client1:8000/run",1,TRUE,200,1109,252,3.67206025123596,"2026-05-22T13:00:11.996432Z","2026-05-22T13:00:15.668492Z",1779454811.99643,1779454815.66849,0.000669,0.000777,0.000812,3.657989,3.658092,3.657177,0.000102999999999742,3.6502,0.021860251235962
"2026-05-22T13:00:15.824Z","run_bootstrap",76,"http://client2:8000","run","http://client2:8000/run",1,TRUE,200,1109,251,3.81912207603455,"2026-05-22T13:00:11.998031Z","2026-05-22T13:00:15.817153Z",1779454811.99803,1779454815.81715,0.000605,0.000718,0.000758,3.804227,3.80436,3.803469,0.000132999999999939,3.7958,0.0233220760345461
"2026-05-22T13:00:15.824Z","run_bootstrap",76,"http://client3:8000","run","http://client3:8000/run",1,TRUE,200,1109,249,3.65526366233826,"2026-05-22T13:00:11.998527Z","2026-05-22T13:00:15.653791Z",1779454811.99853,1779454815.65379,0.000675,0.000771,0.000804,3.640756,3.6409,3.639952,0.0001439999999997,3.6314,0.0238636623382567
"2026-05-22T13:00:19.562Z","run_bootstrap",77,"http://client1:8000","run","http://client1:8000/run",1,TRUE,200,1109,251,3.64693212509155,"2026-05-22T13:00:15.841349Z","2026-05-22T13:00:19.488281Z",1779454815.84135,1779454819.48828,0.000388,0.000459,0.000492,3.624299,3.624427,3.623807,0.000127999999999684,3.6089,0.0380321250915525
"2026-05-22T13:00:19.562Z","run_bootstrap",77,"http://client2:8000","run","http://client2:8000/run",1,TRUE,200,1109,253,3.59837698936462,"2026-05-22T13:00:15.842025Z","2026-05-22T13:00:19.440402Z",1779454815.84203,1779454819.4404,0.000458,0.00053,0.00056,3.576349,3.576482,3.575789,0.000132999999999939,3.5691,0.0292769893646239
"2026-05-22T13:00:19.562Z","run_bootstrap",77,"http://client3:8000","run","http://client3:8000/run",1,TRUE,200,1109,251,3.7168562412262,"2026-05-22T13:00:15.840956Z","2026-05-22T13:00:19.557812Z",1779454815.84096,1779454819.55781,0.000457,0.000564,6e-04,3.702821,3.702978,3.702221,0.000156999999999741,3.6955,0.0213562412261963
"2026-05-22T13:00:23.295Z","run_bootstrap",78,"http://client1:8000","run","http://client1:8000/run",1,TRUE,200,1109,251,3.71483612060547,"2026-05-22T13:00:19.575569Z","2026-05-22T13:00:23.290405Z",1779454819.57557,1779454823.29041,0.000656,0.000732,0.000756,3.700995,3.701117,3.700239,0.000122000000000178,3.6923,0.0225361206054688
"2026-05-22T13:00:23.295Z","run_bootstrap",78,"http://client2:8000","run","http://client2:8000/run",1,TRUE,200,1109,253,3.62185192108154,"2026-05-22T13:00:19.576805Z","2026-05-22T13:00:23.198657Z",1779454819.57681,1779454823.19866,0.000533,0.000608,0.000639,3.607366,3.607495,3.606727,0.000129000000000268,3.5995,0.022351921081543
"2026-05-22T13:00:23.295Z","run_bootstrap",78,"http://client3:8000","run","http://client3:8000/run",1,TRUE,200,1109,251,3.60889768600464,"2026-05-22T13:00:19.575948Z","2026-05-22T13:00:23.184846Z",1779454819.57595,1779454823.18485,6e-04,0.000684,0.000719,3.594692,3.594832,3.593973,0.000139999999999585,3.5872,0.0216976860046385
"2026-05-22T13:00:27.214Z","run_bootstrap",79,"http://client1:8000","run","http://client1:8000/run",1,TRUE,200,1109,252,3.90175151824951,"2026-05-22T13:00:23.307828Z","2026-05-22T13:00:27.209580Z",1779454823.30783,1779454827.20958,0.000503,0.000532,0.000548,3.886552,3.886678,3.886004,0.000125999999999848,3.879,0.0227515182495117
"2026-05-22T13:00:27.214Z","run_bootstrap",79,"http://client2:8000","run","http://client2:8000/run",1,TRUE,200,1109,252,3.65116453170776,"2026-05-22T13:00:23.308433Z","2026-05-22T13:00:26.959598Z",1779454823.30843,1779454826.9596,0.000582,0.000656,0.000684,3.636297,3.636427,3.635613,0.000129999999999963,3.6277,0.0234645317077637
"2026-05-22T13:00:27.214Z","run_bootstrap",79,"http://client3:8000","run","http://client3:8000/run",1,TRUE,200,1109,250,3.71434593200684,"2026-05-22T13:00:23.309015Z","2026-05-22T13:00:27.023361Z",1779454823.30902,1779454827.02336,0.000522,0.000627,0.000654,3.700567,3.70067,3.699913,0.000103000000000186,3.692,0.0223459320068358
"2026-05-22T13:00:31.200Z","run_bootstrap",80,"http://client1:8000","run","http://client1:8000/run",1,TRUE,200,1109,253,3.96915483474731,"2026-05-22T13:00:27.227042Z","2026-05-22T13:00:31.196197Z",1779454827.22704,1779454831.1962,0.000571,0.000649,0.000674,3.950621,3.950764,3.949947,0.000143000000000004,3.7977,0.171454834747315
"2026-05-22T13:00:31.200Z","run_bootstrap",80,"http://client2:8000","run","http://client2:8000/run",1,TRUE,200,1109,252,3.81738257408142,"2026-05-22T13:00:27.227715Z","2026-05-22T13:00:31.045098Z",1779454827.22772,1779454831.0451,0.000631,0.000735,0.000765,3.799748,3.799889,3.798983,0.000140999999999725,3.6445,0.172882574081421
"2026-05-22T13:00:31.200Z","run_bootstrap",80,"http://client3:8000","run","http://client3:8000/run",1,TRUE,200,1109,251,3.79255390167236,"2026-05-22T13:00:27.228463Z","2026-05-22T13:00:31.021017Z",1779454827.22846,1779454831.02102,0.000532,0.000618,0.000652,3.772507,3.772767,3.771855,0.000259999999999927,3.6098,0.182753901672363
"2026-05-22T13:00:35.058Z","run_bootstrap",81,"http://client1:8000","run","http://client1:8000/run",1,TRUE,200,1109,252,3.83795738220215,"2026-05-22T13:00:31.212937Z","2026-05-22T13:00:35.050894Z",1779454831.21294,1779454835.05089,0.00065,0.000756,0.000794,3.824166,3.824302,3.823372,0.000135999999999914,3.8164,0.0215573822021486
"2026-05-22T13:00:35.058Z","run_bootstrap",81,"http://client2:8000","run","http://client2:8000/run",1,TRUE,200,1109,255,3.35400414466858,"2026-05-22T13:00:31.214602Z","2026-05-22T13:00:34.568606Z",1779454831.2146,1779454834.56861,0.00066,0.000771,0.000809,3.336601,3.33675,3.335792,0.000148999999999955,3.3299,0.0241041446685792
"2026-05-22T13:00:35.058Z","run_bootstrap",81,"http://client3:8000","run","http://client3:8000/run",1,TRUE,200,1109,249,3.55636882781982,"2026-05-22T13:00:31.215074Z","2026-05-22T13:00:34.771443Z",1779454831.21507,1779454834.77144,0.000697,0.000788,0.000813,3.537632,3.537771,3.536819,0.000139000000000333,3.5312,0.0251688278198241
"2026-05-22T13:00:39.089Z","run_bootstrap",82,"http://client1:8000","run","http://client1:8000/run",1,TRUE,200,1109,252,3.83156204223633,"2026-05-22T13:00:35.071840Z","2026-05-22T13:00:38.903402Z",1779454835.07184,1779454838.9034,0.000744,0.000813,0.000845,3.817152,3.817379,3.816307,0.000226999999999755,3.8099,0.0216620422363283
"2026-05-22T13:00:39.089Z","run_bootstrap",82,"http://client2:8000","run","http://client2:8000/run",1,TRUE,200,1109,255,3.74656200408936,"2026-05-22T13:00:35.072146Z","2026-05-22T13:00:38.818708Z",1779454835.07215,1779454838.81871,0.000687,0.000799,0.000839,3.732543,3.732684,3.731704,0.000140999999999725,3.7254,0.0211620040893554
"2026-05-22T13:00:39.089Z","run_bootstrap",82,"http://client3:8000","run","http://client3:8000/run",1,TRUE,200,1109,249,4.01278781890869,"2026-05-22T13:00:35.072183Z","2026-05-22T13:00:39.084970Z",1779454835.07218,1779454839.08497,0.000778,0.000876,0.000909,3.999615,3.999742,3.998706,0.000126999999999988,3.9914,0.0213878189086913
"2026-05-22T13:00:43.153Z","run_bootstrap",83,"http://client1:8000","run","http://client1:8000/run",1,TRUE,200,1108,251,4.04838490486145,"2026-05-22T13:00:39.100306Z","2026-05-22T13:00:43.148691Z",1779454839.10031,1779454843.14869,0.000621,0.000725,0.00076,4.034656,4.034794,4.033896,0.000137999999999749,4.0272,0.0211849048614505
"2026-05-22T13:00:43.153Z","run_bootstrap",83,"http://client2:8000","run","http://client2:8000/run",1,TRUE,200,1108,253,3.87979102134705,"2026-05-22T13:00:39.101405Z","2026-05-22T13:00:42.981196Z",1779454839.10141,1779454842.9812,0.000656,0.00077,0.000805,3.866485,3.866834,3.86568,0.000348999999999933,3.8589,0.0208910213470457
"2026-05-22T13:00:43.153Z","run_bootstrap",83,"http://client3:8000","run","http://client3:8000/run",1,TRUE,200,1108,250,3.79908752441406,"2026-05-22T13:00:39.102492Z","2026-05-22T13:00:42.901579Z",1779454839.10249,1779454842.90158,0.000579,0.00068,0.000714,3.784602,3.784711,3.783888,0.000109000000000137,3.7772,0.0218875244140624
"2026-05-22T13:00:47.173Z","run_bootstrap",84,"http://client1:8000","run","http://client1:8000/run",1,TRUE,200,1108,251,3.78800129890442,"2026-05-22T13:00:43.166654Z","2026-05-22T13:00:46.954655Z",1779454843.16665,1779454846.95466,0.00055,0.000622,0.000658,3.769518,3.769628,3.76886,0.000109999999999832,3.7622,0.025801298904419
"2026-05-22T13:00:47.173Z","run_bootstrap",84,"http://client2:8000","run","http://client2:8000/run",1,TRUE,200,1108,253,3.80855631828308,"2026-05-22T13:00:43.167104Z","2026-05-22T13:00:46.975661Z",1779454843.1671,1779454846.97566,0.000399,0.000465,0.000489,3.790585,3.79072,3.790096,0.000134999999999774,3.7841,0.024456318283081
"2026-05-22T13:00:47.173Z","run_bootstrap",84,"http://client3:8000","run","http://client3:8000/run",1,TRUE,200,1108,250,3.99765825271606,"2026-05-22T13:00:43.167700Z","2026-05-22T13:00:47.165358Z",1779454843.1677,1779454847.16536,0.000626,0.000736,0.000784,3.980013,3.980165,3.979229,0.00015199999999993,3.9727,0.0249582527160643
"2026-05-22T13:00:51.069Z","run_bootstrap",85,"http://client1:8000","run","http://client1:8000/run",1,TRUE,200,1109,251,3.87380933761597,"2026-05-22T13:00:47.185681Z","2026-05-22T13:00:51.059490Z",1779454847.18568,1779454851.05949,0.000607,0.000697,0.000733,3.859942,3.860096,3.859209,0.000153999999999765,3.8525,0.0213093376159668
"2026-05-22T13:00:51.069Z","run_bootstrap",85,"http://client2:8000","run","http://client2:8000/run",1,TRUE,200,1109,254,3.87586188316345,"2026-05-22T13:00:47.184947Z","2026-05-22T13:00:51.060809Z",1779454847.18495,1779454851.06081,0.000702,0.000814,0.00085,3.861905,3.862057,3.861055,0.00015199999999993,3.8543,0.0215618831634523
"2026-05-22T13:00:51.069Z","run_bootstrap",85,"http://client3:8000","run","http://client3:8000/run",1,TRUE,200,1109,251,3.84262347221375,"2026-05-22T13:00:47.186543Z","2026-05-22T13:00:51.029166Z",1779454847.18654,1779454851.02917,0.000471,0.000558,0.000606,3.82922,3.829357,3.828614,0.000137000000000054,3.8223,0.0203234722137453
"2026-05-22T13:00:54.904Z","run_bootstrap",86,"http://client1:8000","run","http://client1:8000/run",1,TRUE,200,1109,251,3.52218198776245,"2026-05-22T13:00:51.083969Z","2026-05-22T13:00:54.606151Z",1779454851.08397,1779454854.60615,0.000531,0.000742,0.000805,3.507046,3.507174,3.506241,0.000128000000000128,3.4985,0.0236819877624512
"2026-05-22T13:00:54.904Z","run_bootstrap",86,"http://client2:8000","run","http://client2:8000/run",1,TRUE,200,1109,253,3.61521339416504,"2026-05-22T13:00:51.083666Z","2026-05-22T13:00:54.698879Z",1779454851.08367,1779454854.69888,0.000669,0.000774,0.000813,3.601202,3.601344,3.600389,0.000142000000000309,3.594,0.0212133941650392
"2026-05-22T13:00:54.904Z","run_bootstrap",86,"http://client3:8000","run","http://client3:8000/run",1,TRUE,200,1109,251,3.81210279464722,"2026-05-22T13:00:51.084968Z","2026-05-22T13:00:54.897070Z",1779454851.08497,1779454854.89707,0.000621,0.000737,0.000778,3.797415,3.797556,3.796637,0.000141000000000169,3.7903,0.021802794647217
"2026-05-22T13:00:58.465Z","run_bootstrap",87,"http://client1:8000","run","http://client1:8000/run",1,TRUE,200,1107,252,3.53955888748169,"2026-05-22T13:00:54.921468Z","2026-05-22T13:00:58.461027Z",1779454854.92147,1779454858.46103,0.00049,0.000588,0.00062,3.520658,3.520778,3.520038,0.000119999999999898,3.5024,0.0371588874816893
"2026-05-22T13:00:58.465Z","run_bootstrap",87,"http://client2:8000","run","http://client2:8000/run",1,TRUE,200,1107,253,3.49529647827148,"2026-05-22T13:00:54.921931Z","2026-05-22T13:00:58.417228Z",1779454854.92193,1779454858.41723,0.000713,0.000831,0.000867,3.481576,3.481711,3.480709,0.000134999999999774,3.4734,0.0218964782714846
"2026-05-22T13:00:58.465Z","run_bootstrap",87,"http://client3:8000","run","http://client3:8000/run",1,TRUE,200,1107,249,3.46422362327576,"2026-05-22T13:00:54.922961Z","2026-05-22T13:00:58.387185Z",1779454854.92296,1779454858.38719,0.000482,0.000567,6e-04,3.444472,3.444607,3.443872,0.000134999999999774,3.4368,0.027423623275757
"2026-05-22T13:01:02.149Z","run_bootstrap",88,"http://client1:8000","run","http://client1:8000/run",1,TRUE,200,1107,252,3.32547163963318,"2026-05-22T13:00:58.476424Z","2026-05-22T13:01:01.801895Z",1779454858.47642,1779454861.8019,0.000556,0.000624,0.000647,3.311725,3.31183,3.311078,0.000105000000000022,3.3049,0.0205716396331788
"2026-05-22T13:01:02.149Z","run_bootstrap",88,"http://client2:8000","run","http://client2:8000/run",1,TRUE,200,1107,253,3.49880385398865,"2026-05-22T13:00:58.477279Z","2026-05-22T13:01:01.976083Z",1779454858.47728,1779454861.97608,0.00054,0.000629,0.000662,3.485591,3.485678,3.484929,8.70000000001703e-05,3.4787,0.0201038539886476
"2026-05-22T13:01:02.149Z","run_bootstrap",88,"http://client3:8000","run","http://client3:8000/run",1,TRUE,200,1107,249,3.66556334495544,"2026-05-22T13:00:58.479084Z","2026-05-22T13:01:02.144648Z",1779454858.47908,1779454862.14465,0.000564,0.000616,0.000636,3.652398,3.652523,3.651762,0.000125000000000153,3.6454,0.0201633449554444
"2026-05-22T13:01:05.691Z","run_bootstrap",89,"http://client1:8000","run","http://client1:8000/run",1,TRUE,200,1109,251,3.51751804351807,"2026-05-22T13:01:02.164119Z","2026-05-22T13:01:05.681638Z",1779454862.16412,1779454865.68164,0.00066,0.00076,0.000795,3.502529,3.50267,3.501734,0.000141000000000169,3.495,0.0225180435180663
"2026-05-22T13:01:05.691Z","run_bootstrap",89,"http://client2:8000","run","http://client2:8000/run",1,TRUE,200,1109,254,3.52110719680786,"2026-05-22T13:01:02.165129Z","2026-05-22T13:01:05.686236Z",1779454862.16513,1779454865.68624,0.000664,0.000739,0.000773,3.507351,3.507486,3.506578,0.000135000000000218,3.5004,0.0207071968078614
"2026-05-22T13:01:05.691Z","run_bootstrap",89,"http://client3:8000","run","http://client3:8000/run",1,TRUE,200,1109,251,3.41262316703796,"2026-05-22T13:01:02.165127Z","2026-05-22T13:01:05.577750Z",1779454862.16513,1779454865.57775,0.000549,0.000659,0.000694,3.399222,3.399364,3.398528,0.000141999999999864,3.3924,0.020223167037964
"2026-05-22T13:01:09.403Z","run_bootstrap",90,"http://client1:8000","run","http://client1:8000/run",1,TRUE,200,1109,252,3.69383144378662,"2026-05-22T13:01:05.704907Z","2026-05-22T13:01:09.398739Z",1779454865.70491,1779454869.39874,0.000467,0.000527,0.000547,3.681035,3.681167,3.680488,0.000131999999999799,3.6735,0.0203314437866209
"2026-05-22T13:01:09.403Z","run_bootstrap",90,"http://client2:8000","run","http://client2:8000/run",1,TRUE,200,1109,254,3.39044189453125,"2026-05-22T13:01:05.704108Z","2026-05-22T13:01:09.094550Z",1779454865.70411,1779454869.09455,0.000406,0.000513,0.000538,3.376158,3.376219,3.37562,6.09999999996447e-05,3.3695,0.0209418945312501
"2026-05-22T13:01:09.403Z","run_bootstrap",90,"http://client3:8000","run","http://client3:8000/run",1,TRUE,200,1109,251,3.46933031082153,"2026-05-22T13:01:05.705921Z","2026-05-22T13:01:09.175251Z",1779454865.70592,1779454869.17525,0.000654,0.000728,0.000759,3.456679,3.456815,3.45592,0.000136000000000358,3.4499,0.0194303108215332
"2026-05-22T13:01:13.066Z","run_bootstrap",91,"http://client1:8000","run","http://client1:8000/run",1,TRUE,200,1109,251,3.49369740486145,"2026-05-22T13:01:09.415252Z","2026-05-22T13:01:12.908949Z",1779454869.41525,1779454872.90895,0.000673,0.000775,0.000809,3.473837,3.473931,3.473028,9.39999999998165e-05,3.4664,0.02729740486145
"2026-05-22T13:01:13.066Z","run_bootstrap",91,"http://client2:8000","run","http://client2:8000/run",1,TRUE,200,1109,254,3.646479845047,"2026-05-22T13:01:09.416051Z","2026-05-22T13:01:13.062531Z",1779454869.41605,1779454873.06253,0.000556,0.000666,0.000701,3.626765,3.626894,3.626064,0.000129000000000268,3.6187,0.027779845046997
"2026-05-22T13:01:13.066Z","run_bootstrap",91,"http://client3:8000","run","http://client3:8000/run",1,TRUE,200,1109,251,3.4211642742157,"2026-05-22T13:01:09.416666Z","2026-05-22T13:01:12.837830Z",1779454869.41667,1779454872.83783,0.000527,0.000629,0.000664,3.3978,3.397935,3.397136,0.000134999999999774,3.3908,0.0303642742156982
"2026-05-22T13:01:16.596Z","run_bootstrap",92,"http://client1:8000","run","http://client1:8000/run",1,TRUE,200,1109,251,3.42903089523315,"2026-05-22T13:01:13.080577Z","2026-05-22T13:01:16.509608Z",1779454873.08058,1779454876.50961,0.000752,0.000862,0.000902,3.415087,3.415211,3.414185,0.000124000000000013,3.4075,0.0215308952331541
"2026-05-22T13:01:16.596Z","run_bootstrap",92,"http://client2:8000","run","http://client2:8000/run",1,TRUE,200,1109,254,3.40611624717712,"2026-05-22T13:01:13.082296Z","2026-05-22T13:01:16.488413Z",1779454873.0823,1779454876.48841,0.000603,0.000681,0.000713,3.393257,3.393417,3.392544,0.000159999999999716,3.3829,0.0232162471771242
"2026-05-22T13:01:16.596Z","run_bootstrap",92,"http://client3:8000","run","http://client3:8000/run",1,TRUE,200,1109,251,3.50798034667969,"2026-05-22T13:01:13.081562Z","2026-05-22T13:01:16.589542Z",1779454873.08156,1779454876.58954,0.000503,0.000599,0.000632,3.494724,3.494873,3.494092,0.000148999999999955,3.4875,0.0204803466796877
"2026-05-22T13:01:20.281Z","run_bootstrap",93,"http://client1:8000","run","http://client1:8000/run",1,TRUE,200,1108,253,3.60105061531067,"2026-05-22T13:01:16.659162Z","2026-05-22T13:01:20.260212Z",1779454876.65916,1779454880.26021,0.00069,0.000825,0.000868,3.588692,3.58884,3.587824,0.000147999999999815,3.5801,0.0209506153106691
"2026-05-22T13:01:20.281Z","run_bootstrap",93,"http://client2:8000","run","http://client2:8000/run",1,TRUE,200,1108,251,3.48845314979553,"2026-05-22T13:01:16.660200Z","2026-05-22T13:01:20.148653Z",1779454876.6602,1779454880.14865,0.000548,0.000629,0.000665,3.476017,3.476177,3.475352,0.000159999999999716,3.4668,0.0216531497955321
"2026-05-22T13:01:20.281Z","run_bootstrap",93,"http://client3:8000","run","http://client3:8000/run",1,TRUE,200,1108,253,3.6126766204834,"2026-05-22T13:01:16.660946Z","2026-05-22T13:01:20.273623Z",1779454876.66095,1779454880.27362,0.000588,0.000688,0.00074,3.600982,3.601112,3.600242,0.000129999999999963,3.593,0.0196766204833985
"2026-05-22T13:01:24.030Z","run_bootstrap",94,"http://client1:8000","run","http://client1:8000/run",1,TRUE,200,1108,253,3.53474926948547,"2026-05-22T13:01:20.293258Z","2026-05-22T13:01:23.828007Z",1779454880.29326,1779454883.82801,5e-04,0.000626,0.000662,3.520164,3.520309,3.519502,0.000145000000000284,3.5117,0.0230492694854738
"2026-05-22T13:01:24.030Z","run_bootstrap",94,"http://client2:8000","run","http://client2:8000/run",1,TRUE,200,1108,251,3.73252820968628,"2026-05-22T13:01:20.293684Z","2026-05-22T13:01:24.026212Z",1779454880.29368,1779454884.02621,0.000498,0.000564,0.000584,3.718566,3.718613,3.717982,4.69999999999082e-05,3.7115,0.0210282096862793
"2026-05-22T13:01:24.030Z","run_bootstrap",94,"http://client3:8000","run","http://client3:8000/run",1,TRUE,200,1108,254,3.5159478187561,"2026-05-22T13:01:20.293939Z","2026-05-22T13:01:23.809887Z",1779454880.29394,1779454883.80989,0.000625,0.000754,0.000798,3.502084,3.502242,3.501286,0.00015799999999988,3.4934,0.0225478187561037
"2026-05-22T13:01:27.957Z","run_bootstrap",95,"http://client1:8000","run","http://client1:8000/run",1,TRUE,200,1108,261,3.70110821723938,"2026-05-22T13:01:24.041673Z","2026-05-22T13:01:27.742782Z",1779454884.04167,1779454887.74278,0.000652,0.000754,0.000789,3.687853,3.688019,3.687064,0.000166000000000111,3.6791,0.0220082172393798
"2026-05-22T13:01:27.957Z","run_bootstrap",95,"http://client2:8000","run","http://client2:8000/run",1,TRUE,200,1108,261,3.90877103805542,"2026-05-22T13:01:24.043582Z","2026-05-22T13:01:27.952353Z",1779454884.04358,1779454887.95235,0.000564,0.000649,0.000672,3.892684,3.892838,3.892012,0.000153999999999765,3.8846,0.0241710380554201
"2026-05-22T13:01:27.957Z","run_bootstrap",95,"http://client3:8000","run","http://client3:8000/run",1,TRUE,200,1108,259,3.68227529525757,"2026-05-22T13:01:24.043926Z","2026-05-22T13:01:27.726202Z",1779454884.04393,1779454887.7262,0.000567,0.000644,0.000676,3.666417,3.66656,3.665741,0.000143000000000004,3.6594,0.0228752952575682
"2026-05-22T13:01:31.886Z","run_bootstrap",96,"http://client1:8000","run","http://client1:8000/run",1,TRUE,200,1108,261,3.62603831291199,"2026-05-22T13:01:27.969850Z","2026-05-22T13:01:31.595888Z",1779454887.96985,1779454891.59589,0.000494,0.000578,0.000611,3.610097,3.610237,3.609486,0.000140000000000029,3.6024,0.0236383129119875
"2026-05-22T13:01:31.886Z","run_bootstrap",96,"http://client2:8000","run","http://client2:8000/run",1,TRUE,200,1108,261,3.90866112709045,"2026-05-22T13:01:27.970542Z","2026-05-22T13:01:31.879203Z",1779454887.97054,1779454891.8792,0.000475,0.000552,0.000582,3.893541,3.893652,3.892959,0.000110999999999972,3.8868,0.0218611270904541
"2026-05-22T13:01:31.886Z","run_bootstrap",96,"http://client3:8000","run","http://client3:8000/run",1,TRUE,200,1108,259,3.62351870536804,"2026-05-22T13:01:27.969699Z","2026-05-22T13:01:31.593218Z",1779454887.9697,1779454891.59322,0.000862,0.000951,0.000984,3.609707,3.609873,3.608723,0.000165999999999666,3.6014,0.0221187053680421
"2026-05-22T13:01:35.787Z","run_bootstrap",97,"http://client1:8000","run","http://client1:8000/run",1,TRUE,200,1108,252,3.88011288642883,"2026-05-22T13:01:31.899475Z","2026-05-22T13:01:35.779588Z",1779454891.89948,1779454895.77959,0.00059,0.000697,0.000731,3.865319,3.865471,3.864588,0.00015199999999993,3.8569,0.023212886428833
"2026-05-22T13:01:35.787Z","run_bootstrap",97,"http://client2:8000","run","http://client2:8000/run",1,TRUE,200,1108,254,3.61169958114624,"2026-05-22T13:01:31.901237Z","2026-05-22T13:01:35.512937Z",1779454891.90124,1779454895.51294,0.000521,0.000606,0.000639,3.597414,3.597565,3.596775,0.00015099999999979,3.5808,0.0308995811462403
"2026-05-22T13:01:35.787Z","run_bootstrap",97,"http://client3:8000","run","http://client3:8000/run",1,TRUE,200,1108,255,3.65660095214844,"2026-05-22T13:01:31.901043Z","2026-05-22T13:01:35.557644Z",1779454891.90104,1779454895.55764,0.000553,0.000638,0.000671,3.641929,3.642049,3.641258,0.000119999999999898,3.6252,0.0314009521484375
"2026-05-22T13:01:39.680Z","run_bootstrap",98,"http://client1:8000","run","http://client1:8000/run",1,TRUE,200,1108,252,3.6872386932373,"2026-05-22T13:01:35.801243Z","2026-05-22T13:01:39.488482Z",1779454895.80124,1779454899.48848,0.000583,0.000662,0.000685,3.670041,3.670172,3.669356,0.000131000000000103,3.6615,0.0257386932373045
"2026-05-22T13:01:39.680Z","run_bootstrap",98,"http://client2:8000","run","http://client2:8000/run",1,TRUE,200,1108,254,3.71193528175354,"2026-05-22T13:01:35.802079Z","2026-05-22T13:01:39.514015Z",1779454895.80208,1779454899.51402,0.000551,0.000628,0.000658,3.691187,3.691364,3.690529,0.000176999999999872,3.6837,0.0282352817535401
"2026-05-22T13:01:39.680Z","run_bootstrap",98,"http://client3:8000","run","http://client3:8000/run",1,TRUE,200,1108,254,3.87267255783081,"2026-05-22T13:01:35.801237Z","2026-05-22T13:01:39.673910Z",1779454895.80124,1779454899.67391,0.000675,0.000758,0.000792,3.855445,3.855589,3.854653,0.000144000000000144,3.848,0.0246725578308107
"2026-05-22T13:01:43.566Z","run_bootstrap",99,"http://client1:8000","run","http://client1:8000/run",1,TRUE,200,1109,250,3.61770343780518,"2026-05-22T13:01:39.695180Z","2026-05-22T13:01:43.312884Z",1779454899.69518,1779454903.31288,0.000688,0.000806,0.000846,3.60399,3.604075,3.603144,8.49999999998907e-05,3.596,0.0217034378051757
"2026-05-22T13:01:43.566Z","run_bootstrap",99,"http://client2:8000","run","http://client2:8000/run",1,TRUE,200,1109,254,3.86331343650818,"2026-05-22T13:01:39.696128Z","2026-05-22T13:01:43.559442Z",1779454899.69613,1779454903.55944,8e-04,0.000918,0.000961,3.847413,3.847566,3.846452,0.00015300000000007,3.8401,0.0232134365081786
"2026-05-22T13:01:43.566Z","run_bootstrap",99,"http://client3:8000","run","http://client3:8000/run",1,TRUE,200,1109,255,3.64369058609009,"2026-05-22T13:01:39.696500Z","2026-05-22T13:01:43.340191Z",1779454899.6965,1779454903.34019,8e-04,0.000918,0.000961,3.628143,3.628274,3.627182,0.000131000000000103,3.6196,0.0240905860900877
"2026-05-22T13:01:47.420Z","run_bootstrap",100,"http://client1:8000","run","http://client1:8000/run",1,TRUE,200,1109,251,3.83683490753174,"2026-05-22T13:01:43.578629Z","2026-05-22T13:01:47.415464Z",1779454903.57863,1779454907.41546,0.000856,0.000903,0.000924,3.822675,3.822807,3.821751,0.000132000000000243,3.6622,0.174634907531738
"2026-05-22T13:01:47.420Z","run_bootstrap",100,"http://client2:8000","run","http://client2:8000/run",1,TRUE,200,1109,251,3.76305675506592,"2026-05-22T13:01:43.579050Z","2026-05-22T13:01:47.342107Z",1779454903.57905,1779454907.34211,0.000824,0.000908,0.000939,3.749393,3.749529,3.748454,0.000135999999999914,3.6,0.163056755065918
"2026-05-22T13:01:47.420Z","run_bootstrap",100,"http://client3:8000","run","http://client3:8000/run",1,TRUE,200,1109,255,3.73656797409058,"2026-05-22T13:01:43.579394Z","2026-05-22T13:01:47.315962Z",1779454903.57939,1779454907.31596,0.000823,9e-04,0.000922,3.723157,3.723304,3.722235,0.000147000000000119,3.5668,0.169767974090576
"2026-05-22T13:01:51.069Z","run_bootstrap",101,"http://client1:8000","run","http://client1:8000/run",1,TRUE,200,1108,251,3.63275742530823,"2026-05-22T13:01:47.431632Z","2026-05-22T13:01:51.064389Z",1779454907.43163,1779454911.06439,0.000473,0.000555,0.000578,3.613632,3.613767,3.613054,0.000135000000000218,3.6068,0.0259574253082278
"2026-05-22T13:01:51.069Z","run_bootstrap",101,"http://client2:8000","run","http://client2:8000/run",1,TRUE,200,1108,252,3.52337598800659,"2026-05-22T13:01:47.432056Z","2026-05-22T13:01:50.955432Z",1779454907.43206,1779454910.95543,0.000483,0.000552,0.000574,3.504742,3.504866,3.504168,0.000124000000000013,3.4984,0.0249759880065916
"2026-05-22T13:01:51.069Z","run_bootstrap",101,"http://client3:8000","run","http://client3:8000/run",1,TRUE,200,1108,253,3.45444512367249,"2026-05-22T13:01:47.432758Z","2026-05-22T13:01:50.887203Z",1779454907.43276,1779454910.8872,0.000482,0.000581,0.000613,3.434045,3.434193,3.433432,0.000148000000000259,3.4276,0.0268451236724854
"2026-05-22T13:01:54.786Z","run_bootstrap",102,"http://client1:8000","run","http://client1:8000/run",1,TRUE,200,1108,251,3.70121574401855,"2026-05-22T13:01:51.080937Z","2026-05-22T13:01:54.782153Z",1779454911.08094,1779454914.78215,0.000671,0.000783,0.000912,3.687029,3.687255,3.686117,0.000226000000000059,3.6795,0.0217157440185547
"2026-05-22T13:01:54.786Z","run_bootstrap",102,"http://client2:8000","run","http://client2:8000/run",1,TRUE,200,1108,252,3.425705909729,"2026-05-22T13:01:51.082891Z","2026-05-22T13:01:54.508597Z",1779454911.08289,1779454914.5086,0.000842,0.000971,0.001006,3.409465,3.409612,3.408459,0.000147000000000119,3.4023,0.023405909729004
"2026-05-22T13:01:54.786Z","run_bootstrap",102,"http://client3:8000","run","http://client3:8000/run",1,TRUE,200,1108,253,3.56452512741089,"2026-05-22T13:01:51.083230Z","2026-05-22T13:01:54.647756Z",1779454911.08323,1779454914.64776,0.000667,0.000781,0.000816,3.543113,3.543246,3.542297,0.000132999999999939,3.5363,0.0282251274108885
"2026-05-22T13:01:58.388Z","run_bootstrap",103,"http://client1:8000","run","http://client1:8000/run",1,TRUE,200,1108,251,3.43613481521606,"2026-05-22T13:01:54.798889Z","2026-05-22T13:01:58.235023Z",1779454914.79889,1779454918.23502,0.000692,0.000799,0.00084,3.420526,3.420616,3.419686,8.99999999997014e-05,3.4129,0.0232348152160644
"2026-05-22T13:01:58.388Z","run_bootstrap",103,"http://client2:8000","run","http://client2:8000/run",1,TRUE,200,1108,252,3.58297991752625,"2026-05-22T13:01:54.799605Z","2026-05-22T13:01:58.382585Z",1779454914.79961,1779454918.38259,0.000527,0.000596,0.000631,3.567587,3.567717,3.566956,0.000129999999999963,3.5606,0.0223799175262451
"2026-05-22T13:01:58.388Z","run_bootstrap",103,"http://client3:8000","run","http://client3:8000/run",1,TRUE,200,1108,253,3.44670987129211,"2026-05-22T13:01:54.800118Z","2026-05-22T13:01:58.246828Z",1779454914.80012,1779454918.24683,0.000365,0.000441,0.000478,3.43256,3.432702,3.432082,0.000141999999999864,3.4259,0.0208098712921143
"2026-05-22T13:02:01.936Z","run_bootstrap",104,"http://client1:8000","run","http://client1:8000/run",1,TRUE,200,1108,251,3.52608394622803,"2026-05-22T13:01:58.405845Z","2026-05-22T13:02:01.931929Z",1779454918.40585,1779454921.93193,0.000721,0.000828,0.000877,3.513721,3.513859,3.512844,0.000138000000000194,3.5037,0.0223839462280275
"2026-05-22T13:02:01.936Z","run_bootstrap",104,"http://client2:8000","run","http://client2:8000/run",1,TRUE,200,1108,252,3.51476287841797,"2026-05-22T13:01:58.407893Z","2026-05-22T13:02:01.922656Z",1779454918.40789,1779454921.92266,0.000652,0.000759,0.000806,3.503362,3.503491,3.502556,0.000128999999999824,3.4951,0.0196628784179689
"2026-05-22T13:02:01.936Z","run_bootstrap",104,"http://client3:8000","run","http://client3:8000/run",1,TRUE,200,1108,253,3.42316246032715,"2026-05-22T13:01:58.408763Z","2026-05-22T13:02:01.831926Z",1779454918.40876,1779454921.83193,0.000661,0.000755,0.000793,3.411897,3.412049,3.411104,0.00015199999999993,3.3958,0.0273624603271485
"2026-05-22T13:02:05.671Z","run_bootstrap",105,"http://client1:8000","run","http://client1:8000/run",1,TRUE,200,1109,252,3.46406221389771,"2026-05-22T13:02:01.949280Z","2026-05-22T13:02:05.413342Z",1779454921.94928,1779454925.41334,0.000809,0.000933,0.000969,3.449916,3.450056,3.448947,0.000140000000000029,3.4422,0.0218622138977049
"2026-05-22T13:02:05.671Z","run_bootstrap",105,"http://client2:8000","run","http://client2:8000/run",1,TRUE,200,1109,252,3.71528840065002,"2026-05-22T13:02:01.949770Z","2026-05-22T13:02:05.665059Z",1779454921.94977,1779454925.66506,0.000646,0.000746,0.000784,3.698623,3.698829,3.697839,0.000205999999999928,3.6905,0.0247884006500243
"2026-05-22T13:02:05.671Z","run_bootstrap",105,"http://client3:8000","run","http://client3:8000/run",1,TRUE,200,1109,251,3.6398012638092,"2026-05-22T13:02:01.950358Z","2026-05-22T13:02:05.590159Z",1779454921.95036,1779454925.59016,0.000403,0.00052,0.000558,3.623418,3.62356,3.62286,0.000141999999999864,3.6155,0.0243012638092042
"2026-05-22T13:02:09.290Z","run_bootstrap",106,"http://client1:8000","run","http://client1:8000/run",1,TRUE,200,1109,252,3.59928941726685,"2026-05-22T13:02:05.684086Z","2026-05-22T13:02:09.283375Z",1779454925.68409,1779454929.28338,0.000565,0.000642,0.000672,3.579363,3.57952,3.578691,0.000157000000000185,3.5718,0.0274894172668456
"2026-05-22T13:02:09.290Z","run_bootstrap",106,"http://client2:8000","run","http://client2:8000/run",1,TRUE,200,1109,252,3.59897828102112,"2026-05-22T13:02:05.684316Z","2026-05-22T13:02:09.283294Z",1779454925.68432,1779454929.28329,0.000715,0.000798,0.000829,3.584855,3.584994,3.584026,0.000138999999999889,3.5778,0.0211782810211183
"2026-05-22T13:02:09.290Z","run_bootstrap",106,"http://client3:8000","run","http://client3:8000/run",1,TRUE,200,1109,251,3.48939728736877,"2026-05-22T13:02:05.684620Z","2026-05-22T13:02:09.174017Z",1779454925.68462,1779454929.17402,0.000636,0.00072,0.000744,3.475533,3.475671,3.474789,0.000138000000000194,3.4685,0.0208972873687743
"2026-05-22T13:02:13.103Z","run_bootstrap",107,"http://client1:8000","run","http://client1:8000/run",1,TRUE,200,1106,253,3.53384590148926,"2026-05-22T13:02:09.304470Z","2026-05-22T13:02:12.838316Z",1779454929.30447,1779454932.83832,0.000399,0.000515,0.000551,3.512699,3.512848,3.512148,0.000148999999999955,3.5056,0.028245901489258
"2026-05-22T13:02:13.103Z","run_bootstrap",107,"http://client2:8000","run","http://client2:8000/run",1,TRUE,200,1106,251,3.79447150230408,"2026-05-22T13:02:09.304728Z","2026-05-22T13:02:13.099200Z",1779454929.30473,1779454933.0992,0.000712,0.000824,0.000858,3.775495,3.775629,3.774637,0.000134000000000079,3.7673,0.0271715023040771
"2026-05-22T13:02:13.103Z","run_bootstrap",107,"http://client3:8000","run","http://client3:8000/run",1,TRUE,200,1106,253,3.43452048301697,"2026-05-22T13:02:09.305161Z","2026-05-22T13:02:12.739681Z",1779454929.30516,1779454932.73968,0.000444,0.000516,0.000547,3.41535,3.415488,3.414803,0.000137999999999749,3.4078,0.0267204830169678
"2026-05-22T13:02:16.716Z","run_bootstrap",108,"http://client1:8000","run","http://client1:8000/run",1,TRUE,200,1106,253,3.59486413002014,"2026-05-22T13:02:13.116098Z","2026-05-22T13:02:16.710962Z",1779454933.1161,1779454936.71096,0.000829,0.000947,0.000983,3.580366,3.580522,3.579383,0.000156000000000045,3.5728,0.0220641300201416
"2026-05-22T13:02:16.716Z","run_bootstrap",108,"http://client2:8000","run","http://client2:8000/run",1,TRUE,200,1106,251,3.58703875541687,"2026-05-22T13:02:13.117009Z","2026-05-22T13:02:16.704048Z",1779454933.11701,1779454936.70405,0.000509,0.000622,0.000659,3.572538,3.572693,3.571879,0.000154999999999905,3.5658,0.0212387554168703
"2026-05-22T13:02:16.716Z","run_bootstrap",108,"http://client3:8000","run","http://client3:8000/run",1,TRUE,200,1106,253,3.56413054466248,"2026-05-22T13:02:13.118840Z","2026-05-22T13:02:16.682970Z",1779454933.11884,1779454936.68297,0.000496,0.000585,0.000623,3.55175,3.551882,3.551127,0.000131999999999799,3.5449,0.0192305446624754
"2026-05-22T13:02:20.579Z","run_bootstrap",109,"http://client1:8000","run","http://client1:8000/run",1,TRUE,200,1108,252,3.56013202667236,"2026-05-22T13:02:16.728397Z","2026-05-22T13:02:20.288529Z",1779454936.7284,1779454940.28853,0.000525,0.000596,0.000617,3.538797,3.538953,3.53818,0.000155999999999601,3.5281,0.0320320266723635
"2026-05-22T13:02:20.579Z","run_bootstrap",109,"http://client2:8000","run","http://client2:8000/run",1,TRUE,200,1108,256,3.57155132293701,"2026-05-22T13:02:16.728762Z","2026-05-22T13:02:20.300313Z",1779454936.72876,1779454940.30031,5e-04,0.000583,0.000616,3.550887,3.550985,3.550271,9.79999999999315e-05,3.5408,0.0307513229370118
"2026-05-22T13:02:20.579Z","run_bootstrap",109,"http://client3:8000","run","http://client3:8000/run",1,TRUE,200,1108,253,3.84752798080444,"2026-05-22T13:02:16.727921Z","2026-05-22T13:02:20.575449Z",1779454936.72792,1779454940.57545,0.000624,0.000729,0.000765,3.830309,3.830433,3.829544,0.000124000000000013,3.8222,0.0253279808044433
"2026-05-22T13:02:24.440Z","run_bootstrap",110,"http://client1:8000","run","http://client1:8000/run",1,TRUE,200,1108,252,3.57304096221924,"2026-05-22T13:02:20.593927Z","2026-05-22T13:02:24.166968Z",1779454940.59393,1779454944.16697,0.000815,0.000936,0.000971,3.557092,3.557245,3.556121,0.00015300000000007,3.5388,0.0342409622192381
"2026-05-22T13:02:24.440Z","run_bootstrap",110,"http://client2:8000","run","http://client2:8000/run",1,TRUE,200,1108,256,3.5867555141449,"2026-05-22T13:02:20.594724Z","2026-05-22T13:02:24.181480Z",1779454940.59472,1779454944.18148,0.000691,0.000759,0.000785,3.570197,3.570301,3.569412,0.000104000000000326,3.5623,0.0244555141448974
"2026-05-22T13:02:24.440Z","run_bootstrap",110,"http://client3:8000","run","http://client3:8000/run",1,TRUE,200,1108,253,3.84087705612183,"2026-05-22T13:02:20.595277Z","2026-05-22T13:02:24.436154Z",1779454940.59528,1779454944.43615,0.000654,0.000742,0.000769,3.824853,3.824989,3.824084,0.000135999999999914,3.8167,0.0241770561218262
"2026-05-22T13:02:28.114Z","run_bootstrap",111,"http://client1:8000","run","http://client1:8000/run",1,TRUE,200,1108,254,3.62368154525757,"2026-05-22T13:02:24.451189Z","2026-05-22T13:02:28.074870Z",1779454944.45119,1779454948.07487,0.000594,0.000771,0.000844,3.610762,3.610893,3.609918,0.000131000000000103,3.6029,0.0207815452575684
"2026-05-22T13:02:28.114Z","run_bootstrap",111,"http://client2:8000","run","http://client2:8000/run",1,TRUE,200,1108,254,3.65456819534302,"2026-05-22T13:02:24.452972Z","2026-05-22T13:02:28.107541Z",1779454944.45297,1779454948.10754,0.000537,0.000645,0.000681,3.633813,3.634002,3.633132,0.000189000000000217,3.6265,0.0280681953430175
"2026-05-22T13:02:28.114Z","run_bootstrap",111,"http://client3:8000","run","http://client3:8000/run",1,TRUE,200,1108,255,3.64348602294922,"2026-05-22T13:02:24.453331Z","2026-05-22T13:02:28.096817Z",1779454944.45333,1779454948.09682,0.000571,0.000657,0.000691,3.628634,3.628775,3.627943,0.000141000000000169,3.6211,0.0223860229492185
"2026-05-22T13:02:31.971Z","run_bootstrap",112,"http://client1:8000","run","http://client1:8000/run",1,TRUE,200,1108,254,3.83756852149963,"2026-05-22T13:02:28.126256Z","2026-05-22T13:02:31.963825Z",1779454948.12626,1779454951.96383,0.000858,0.000936,0.000977,3.823375,3.823514,3.822398,0.000138999999999889,3.8156,0.0219685214996339
"2026-05-22T13:02:31.971Z","run_bootstrap",112,"http://client2:8000","run","http://client2:8000/run",1,TRUE,200,1108,254,3.54280829429626,"2026-05-22T13:02:28.126522Z","2026-05-22T13:02:31.669331Z",1779454948.12652,1779454951.66933,0.000696,0.000806,0.000854,3.528468,3.528613,3.527614,0.00014499999999984,3.5173,0.0255082942962646
"2026-05-22T13:02:31.971Z","run_bootstrap",112,"http://client3:8000","run","http://client3:8000/run",1,TRUE,200,1108,255,3.60656499862671,"2026-05-22T13:02:28.126506Z","2026-05-22T13:02:31.733071Z",1779454948.12651,1779454951.73307,0.000743,0.000847,0.000889,3.592535,3.592676,3.591646,0.000141000000000169,3.5827,0.023864998626709
"2026-05-22T13:02:35.860Z","run_bootstrap",113,"http://client1:8000","run","http://client1:8000/run",1,TRUE,200,1109,254,3.87253499031067,"2026-05-22T13:02:31.983109Z","2026-05-22T13:02:35.855644Z",1779454951.98311,1779454955.85564,0.00071,0.000823,0.000859,3.855732,3.855868,3.854873,0.000135999999999914,3.8371,0.035434990310669
"2026-05-22T13:02:35.860Z","run_bootstrap",113,"http://client2:8000","run","http://client2:8000/run",1,TRUE,200,1109,255,3.65673446655273,"2026-05-22T13:02:31.983553Z","2026-05-22T13:02:35.640288Z",1779454951.98355,1779454955.64029,0.00045,0.000531,0.000565,3.634875,3.635001,3.63431,0.000125999999999848,3.6274,0.0293344665527342
"2026-05-22T13:02:35.860Z","run_bootstrap",113,"http://client3:8000","run","http://client3:8000/run",1,TRUE,200,1109,252,3.53800892829895,"2026-05-22T13:02:31.983861Z","2026-05-22T13:02:35.521870Z",1779454951.98386,1779454955.52187,0.000547,0.000661,0.000706,3.516385,3.516526,3.515679,0.000140999999999725,3.5093,0.0287089282989501
"2026-05-22T13:02:39.730Z","run_bootstrap",114,"http://client1:8000","run","http://client1:8000/run",1,TRUE,200,1109,254,3.85031986236572,"2026-05-22T13:02:35.873299Z","2026-05-22T13:02:39.723619Z",1779454955.8733,1779454959.72362,0.000467,0.000584,0.000623,3.827918,3.828056,3.827295,0.000138000000000194,3.8192,0.0311198623657227
"2026-05-22T13:02:39.730Z","run_bootstrap",114,"http://client2:8000","run","http://client2:8000/run",1,TRUE,200,1109,255,3.67311716079712,"2026-05-22T13:02:35.873785Z","2026-05-22T13:02:39.546903Z",1779454955.87379,1779454959.5469,0.000586,0.000689,0.000726,3.651945,3.652081,3.651219,0.000135999999999914,3.6437,0.0294171607971192
"2026-05-22T13:02:39.730Z","run_bootstrap",114,"http://client3:8000","run","http://client3:8000/run",1,TRUE,200,1109,252,3.5504903793335,"2026-05-22T13:02:35.874310Z","2026-05-22T13:02:39.424801Z",1779454955.87431,1779454959.4248,0.000633,0.000737,0.000769,3.533662,3.533769,3.532893,0.000106999999999857,3.5263,0.0241903793334961
"2026-05-22T13:02:43.513Z","run_bootstrap",115,"http://client1:8000","run","http://client1:8000/run",1,TRUE,200,1109,250,3.4530029296875,"2026-05-22T13:02:39.741778Z","2026-05-22T13:02:43.194781Z",1779454959.74178,1779454963.19478,0.000682,0.000787,0.000822,3.435933,3.435966,3.435111,3.30000000001718e-05,3.4261,0.0269029296875001
"2026-05-22T13:02:43.513Z","run_bootstrap",115,"http://client2:8000","run","http://client2:8000/run",1,TRUE,200,1109,255,3.66531467437744,"2026-05-22T13:02:39.743441Z","2026-05-22T13:02:43.408756Z",1779454959.74344,1779454963.40876,0.000545,0.000616,0.000639,3.649372,3.649394,3.648733,2.19999999999665e-05,3.6421,0.0232146743774413
"2026-05-22T13:02:43.513Z","run_bootstrap",115,"http://client3:8000","run","http://client3:8000/run",1,TRUE,200,1109,250,3.7632749080658,"2026-05-22T13:02:39.743762Z","2026-05-22T13:02:43.507037Z",1779454959.74376,1779454963.50704,0.000493,0.000568,0.000599,3.742442,3.742481,3.741843,3.90000000001223e-05,3.7341,0.0291749080657957
"2026-05-22T13:02:47.374Z","run_bootstrap",116,"http://client1:8000","run","http://client1:8000/run",1,TRUE,200,1109,250,3.68268871307373,"2026-05-22T13:02:43.526890Z","2026-05-22T13:02:47.209579Z",1779454963.52689,1779454967.20958,0.000851,0.000967,0.001003,3.668903,3.669056,3.6679,0.00015300000000007,3.6608,0.0218887130737304
"2026-05-22T13:02:47.374Z","run_bootstrap",116,"http://client2:8000","run","http://client2:8000/run",1,TRUE,200,1109,255,3.53083372116089,"2026-05-22T13:02:43.528612Z","2026-05-22T13:02:47.059445Z",1779454963.52861,1779454967.05945,0.000497,0.000707,0.00073,3.518108,3.518237,3.517378,0.000129000000000268,3.5108,0.0200337211608885
"2026-05-22T13:02:47.374Z","run_bootstrap",116,"http://client3:8000","run","http://client3:8000/run",1,TRUE,200,1109,250,3.83785343170166,"2026-05-22T13:02:43.529020Z","2026-05-22T13:02:47.366873Z",1779454963.52902,1779454967.36687,0.000428,0.000514,0.000548,3.8248,3.824924,3.824252,0.000124000000000013,3.8178,0.0200534317016601
"2026-05-22T13:02:51.285Z","run_bootstrap",117,"http://client1:8000","run","http://client1:8000/run",1,TRUE,200,1108,250,3.89526152610779,"2026-05-22T13:02:47.385289Z","2026-05-22T13:02:51.280550Z",1779454967.38529,1779454971.28055,0.000552,0.000617,0.000636,3.880763,3.880912,3.880127,0.000148999999999955,3.873,0.0222615261077879
"2026-05-22T13:02:51.285Z","run_bootstrap",117,"http://client2:8000","run","http://client2:8000/run",1,TRUE,200,1108,252,3.60498762130737,"2026-05-22T13:02:47.385705Z","2026-05-22T13:02:50.990693Z",1779454967.38571,1779454970.99069,0.00044,0.000524,0.000559,3.59066,3.590787,3.590101,0.000126999999999988,3.5813,0.0236876213073729
"2026-05-22T13:02:51.285Z","run_bootstrap",117,"http://client3:8000","run","http://client3:8000/run",1,TRUE,200,1108,252,3.69717383384705,"2026-05-22T13:02:47.386178Z","2026-05-22T13:02:51.083352Z",1779454967.38618,1779454971.08335,0.000665,0.000727,0.000747,3.684443,3.684581,3.683696,0.000138000000000194,3.6755,0.0216738338470459
"2026-05-22T13:02:55.257Z","run_bootstrap",118,"http://client1:8000","run","http://client1:8000/run",1,TRUE,200,1108,251,3.66284537315369,"2026-05-22T13:02:51.297879Z","2026-05-22T13:02:54.960725Z",1779454971.29788,1779454974.96073,0.000743,0.000854,0.000902,3.640749,3.640881,3.639847,0.000131999999999799,3.6316,0.0312453731536864
"2026-05-22T13:02:55.257Z","run_bootstrap",118,"http://client2:8000","run","http://client2:8000/run",1,TRUE,200,1108,252,3.6713764667511,"2026-05-22T13:02:51.298595Z","2026-05-22T13:02:54.969971Z",1779454971.2986,1779454974.96997,0.000495,0.000592,0.000638,3.64938,3.649517,3.648742,0.000137000000000054,3.6257,0.0456764667510985
"2026-05-22T13:02:55.257Z","run_bootstrap",118,"http://client3:8000","run","http://client3:8000/run",1,TRUE,200,1108,252,3.95329093933105,"2026-05-22T13:02:51.299125Z","2026-05-22T13:02:55.252416Z",1779454971.29913,1779454975.25242,0.000451,0.000521,0.000563,3.931719,3.931836,3.931156,0.000116999999999923,3.9177,0.0355909393310547
"2026-05-22T13:02:59.266Z","run_bootstrap",119,"http://client1:8000","run","http://client1:8000/run",1,TRUE,200,1109,252,3.98833346366882,"2026-05-22T13:02:55.270316Z","2026-05-22T13:02:59.258650Z",1779454975.27032,1779454979.25865,0.000493,0.000607,0.000647,3.965183,3.965304,3.964536,0.000121000000000038,3.9563,0.0320334636688231
"2026-05-22T13:02:59.266Z","run_bootstrap",119,"http://client2:8000","run","http://client2:8000/run",1,TRUE,200,1109,254,3.76979804039001,"2026-05-22T13:02:55.270952Z","2026-05-22T13:02:59.040750Z",1779454975.27095,1779454979.04075,0.000568,0.00068,0.000718,3.750573,3.750701,3.749855,0.000127999999999684,3.7424,0.0273980403900147
"2026-05-22T13:02:59.266Z","run_bootstrap",119,"http://client3:8000","run","http://client3:8000/run",1,TRUE,200,1109,251,3.66218829154968,"2026-05-22T13:02:55.270318Z","2026-05-22T13:02:58.932506Z",1779454975.27032,1779454978.93251,0.000753,0.000873,0.000911,3.64718,3.647329,3.646269,0.000148999999999955,3.6387,0.0234882915496826
"2026-05-22T13:03:03.433Z","run_bootstrap",120,"http://client1:8000","run","http://client1:8000/run",1,TRUE,200,1109,251,4.02258491516113,"2026-05-22T13:02:59.279499Z","2026-05-22T13:03:03.302083Z",1779454979.2795,1779454983.30208,0.000709,0.000792,0.00083,4.005024,4.005059,4.004194,3.50000000004513e-05,3.845,0.177584915161133
"2026-05-22T13:03:03.433Z","run_bootstrap",120,"http://client2:8000","run","http://client2:8000/run",1,TRUE,200,1109,254,4.14716219902039,"2026-05-22T13:02:59.281514Z","2026-05-22T13:03:03.428677Z",1779454979.28151,1779454983.42868,0.000519,0.00063,0.000664,4.123859,4.123891,4.123195,3.2000000000032e-05,3.9561,0.191062199020386
"2026-05-22T13:03:03.433Z","run_bootstrap",120,"http://client3:8000","run","http://client3:8000/run",1,TRUE,200,1109,250,3.86252522468567,"2026-05-22T13:02:59.280548Z","2026-05-22T13:03:03.143073Z",1779454979.28055,1779454983.14307,0.000658,0.000763,0.000801,3.846482,3.846507,3.845681,2.49999999999417e-05,3.681,0.181525224685669
"2026-05-22T13:03:07.179Z","run_bootstrap",121,"http://client1:8000","run","http://client1:8000/run",1,TRUE,200,1107,252,3.44092416763306,"2026-05-22T13:03:03.445910Z","2026-05-22T13:03:06.886834Z",1779454983.44591,1779454986.88683,0.00065,0.000755,0.000794,3.427262,3.427348,3.426468,8.60000000000305e-05,3.4203,0.0206241676330565
"2026-05-22T13:03:07.179Z","run_bootstrap",121,"http://client2:8000","run","http://client2:8000/run",1,TRUE,200,1107,255,3.70881962776184,"2026-05-22T13:03:03.447529Z","2026-05-22T13:03:07.156349Z",1779454983.44753,1779454987.15635,0.00065,0.000766,0.000805,3.695439,3.695571,3.694634,0.000132000000000243,3.6888,0.0200196277618407
"2026-05-22T13:03:07.179Z","run_bootstrap",121,"http://client3:8000","run","http://client3:8000/run",1,TRUE,200,1107,252,3.72421336174011,"2026-05-22T13:03:03.448008Z","2026-05-22T13:03:07.172221Z",1779454983.44801,1779454987.17222,0.000466,0.000579,0.000619,3.7062,3.706328,3.705581,0.000128000000000128,3.6996,0.0246133617401121
"2026-05-22T13:03:10.879Z","run_bootstrap",122,"http://client1:8000","run","http://client1:8000/run",1,TRUE,200,1107,252,3.43979144096375,"2026-05-22T13:03:07.192289Z","2026-05-22T13:03:10.632081Z",1779454987.19229,1779454990.63208,0.000489,0.000602,0.000642,3.419631,3.419767,3.418989,0.000135999999999914,3.4124,0.0273914409637452
"2026-05-22T13:03:10.879Z","run_bootstrap",122,"http://client2:8000","run","http://client2:8000/run",1,TRUE,200,1107,255,3.48004245758057,"2026-05-22T13:03:07.192621Z","2026-05-22T13:03:10.672664Z",1779454987.19262,1779454990.67266,0.000558,0.00063,0.000663,3.466586,3.466716,3.465923,0.000129999999999963,3.4598,0.0202424575805664
"2026-05-22T13:03:10.879Z","run_bootstrap",122,"http://client3:8000","run","http://client3:8000/run",1,TRUE,200,1107,252,3.68264102935791,"2026-05-22T13:03:07.192074Z","2026-05-22T13:03:10.874715Z",1779454987.19207,1779454990.87472,0.000696,0.000801,0.00084,3.669114,3.669253,3.668274,0.000138999999999889,3.6621,0.02054102935791
"2026-05-22T13:03:14.624Z","run_bootstrap",123,"http://client1:8000","run","http://client1:8000/run",1,TRUE,200,1109,251,3.72581553459167,"2026-05-22T13:03:10.891107Z","2026-05-22T13:03:14.616922Z",1779454990.89111,1779454994.61692,0.000506,6e-04,0.000648,3.708136,3.708271,3.707488,0.000134999999999774,3.7009,0.0249155345916749
"2026-05-22T13:03:14.624Z","run_bootstrap",123,"http://client2:8000","run","http://client2:8000/run",1,TRUE,200,1109,252,3.47954249382019,"2026-05-22T13:03:10.891691Z","2026-05-22T13:03:14.371234Z",1779454990.89169,1779454994.37123,0.00052,0.000616,0.000665,3.462342,3.462456,3.461677,0.000113999999999947,3.4548,0.0247424938201903
"2026-05-22T13:03:14.624Z","run_bootstrap",123,"http://client3:8000","run","http://client3:8000/run",1,TRUE,200,1109,248,3.48612952232361,"2026-05-22T13:03:10.890901Z","2026-05-22T13:03:14.377031Z",1779454990.8909,1779454994.37703,0.000674,0.000783,0.00083,3.472335,3.472466,3.471505,0.000130999999999659,3.4641,0.0220295223236082
"2026-05-22T13:03:18.364Z","run_bootstrap",124,"http://client1:8000","run","http://client1:8000/run",1,TRUE,200,1109,251,3.71666693687439,"2026-05-22T13:03:14.643212Z","2026-05-22T13:03:18.359879Z",1779454994.64321,1779454998.35988,0.000333,0.000386,0.000404,3.697469,3.697584,3.697065,0.000115000000000087,3.6905,0.0261669368743895
"2026-05-22T13:03:18.364Z","run_bootstrap",124,"http://client2:8000","run","http://client2:8000/run",1,TRUE,200,1109,252,3.700035572052,"2026-05-22T13:03:14.643819Z","2026-05-22T13:03:18.343854Z",1779454994.64382,1779454998.34385,0.000533,0.000618,0.000648,3.681191,3.681317,3.680543,0.000125999999999848,3.6743,0.0257355720520018
"2026-05-22T13:03:18.364Z","run_bootstrap",124,"http://client3:8000","run","http://client3:8000/run",1,TRUE,200,1109,248,3.48720455169678,"2026-05-22T13:03:14.644668Z","2026-05-22T13:03:18.131872Z",1779454994.64467,1779454998.13187,0.000576,0.00082,0.000866,3.472709,3.472861,3.471843,0.00015199999999993,3.4655,0.0217045516967773
"2026-05-22T13:03:22.202Z","run_bootstrap",125,"http://client1:8000","run","http://client1:8000/run",1,TRUE,200,1108,255,3.5309853553772,"2026-05-22T13:03:18.425093Z","2026-05-22T13:03:21.956078Z",1779454998.42509,1779455001.95608,0.000671,0.000776,0.000816,3.517535,3.517677,3.516719,0.000141999999999864,3.5091,0.0218853553771972
"2026-05-22T13:03:22.202Z","run_bootstrap",125,"http://client2:8000","run","http://client2:8000/run",1,TRUE,200,1108,255,3.77125906944275,"2026-05-22T13:03:18.426917Z","2026-05-22T13:03:22.198176Z",1779454998.42692,1779455002.19818,0.000763,0.000851,0.000877,3.75886,3.758978,3.757983,0.000118000000000062,3.7511,0.0201590694427489
"2026-05-22T13:03:22.202Z","run_bootstrap",125,"http://client3:8000","run","http://client3:8000/run",1,TRUE,200,1108,253,3.44352412223816,"2026-05-22T13:03:18.427515Z","2026-05-22T13:03:21.871039Z",1779454998.42752,1779455001.87104,0.000599,0.000676,0.000712,3.428736,3.428866,3.428024,0.000130000000000408,3.4186,0.0249241222381591
"2026-05-22T13:03:25.957Z","run_bootstrap",126,"http://client1:8000","run","http://client1:8000/run",1,TRUE,200,1108,255,3.73747682571411,"2026-05-22T13:03:22.215086Z","2026-05-22T13:03:25.952563Z",1779455002.21509,1779455005.95256,0.000497,0.00057,0.000599,3.717815,3.71796,3.717216,0.000145000000000284,3.7106,0.0268768257141114
"2026-05-22T13:03:25.957Z","run_bootstrap",126,"http://client2:8000","run","http://client2:8000/run",1,TRUE,200,1108,255,3.54633545875549,"2026-05-22T13:03:22.215641Z","2026-05-22T13:03:25.761977Z",1779455002.21564,1779455005.76198,0.000491,0.000576,0.000623,3.526679,3.527005,3.526056,0.000325999999999826,3.5188,0.027535458755493
"2026-05-22T13:03:25.957Z","run_bootstrap",126,"http://client3:8000","run","http://client3:8000/run",1,TRUE,200,1108,253,3.49733853340149,"2026-05-22T13:03:22.214880Z","2026-05-22T13:03:25.712218Z",1779455002.21488,1779455005.71222,0.000504,0.00061,0.000645,3.483704,3.48384,3.483059,0.000135999999999914,3.4768,0.0205385334014894
"2026-05-22T13:03:29.699Z","run_bootstrap",127,"http://client1:8000","run","http://client1:8000/run",1,TRUE,200,1108,257,3.27780723571777,"2026-05-22T13:03:25.968693Z","2026-05-22T13:03:29.246500Z",1779455005.96869,1779455009.2465,0.000812,0.000899,0.000937,3.264092,3.264245,3.263155,0.000152999999999626,3.2525,0.0253072357177735
"2026-05-22T13:03:29.699Z","run_bootstrap",127,"http://client2:8000","run","http://client2:8000/run",1,TRUE,200,1108,253,3.51397585868835,"2026-05-22T13:03:25.969383Z","2026-05-22T13:03:29.483359Z",1779455005.96938,1779455009.48336,0.000786,0.000862,0.000897,3.501763,3.501891,3.500866,0.000128000000000128,3.4947,0.0192758586883546
"2026-05-22T13:03:29.699Z","run_bootstrap",127,"http://client3:8000","run","http://client3:8000/run",1,TRUE,200,1108,257,3.72419667243958,"2026-05-22T13:03:25.969687Z","2026-05-22T13:03:29.693883Z",1779455005.96969,1779455009.69388,0.000806,0.000862,0.000897,3.711925,3.712056,3.711028,0.000131000000000103,3.7049,0.0192966724395753
"2026-05-22T13:03:33.444Z","run_bootstrap",128,"http://client1:8000","run","http://client1:8000/run",1,TRUE,200,1108,257,3.57528376579285,"2026-05-22T13:03:29.711915Z","2026-05-22T13:03:33.287198Z",1779455009.71192,1779455013.2872,0.000777,0.000855,0.000894,3.558934,3.559068,3.55804,0.000134000000000079,3.5502,0.0250837657928469
"2026-05-22T13:03:33.444Z","run_bootstrap",128,"http://client2:8000","run","http://client2:8000/run",1,TRUE,200,1108,253,3.4597761631012,"2026-05-22T13:03:29.712415Z","2026-05-22T13:03:33.172191Z",1779455009.71242,1779455013.17219,0.000623,0.000705,0.000734,3.444697,3.444821,3.443963,0.000124000000000013,3.4364,0.0233761631011964
"2026-05-22T13:03:33.444Z","run_bootstrap",128,"http://client3:8000","run","http://client3:8000/run",1,TRUE,200,1108,257,3.72652745246887,"2026-05-22T13:03:29.713017Z","2026-05-22T13:03:33.439544Z",1779455009.71302,1779455013.43954,0.000716,0.000776,0.000802,3.712034,3.712163,3.711232,0.000128999999999824,3.7053,0.0212274524688723
"2026-05-22T13:03:37.291Z","run_bootstrap",129,"http://client1:8000","run","http://client1:8000/run",1,TRUE,200,1109,249,3.82844972610474,"2026-05-22T13:03:33.455380Z","2026-05-22T13:03:37.283830Z",1779455013.45538,1779455017.28383,0.000647,0.000761,0.000796,3.814026,3.814178,3.81323,0.00015199999999993,3.8065,0.0219497261047361
"2026-05-22T13:03:37.291Z","run_bootstrap",129,"http://client2:8000","run","http://client2:8000/run",1,TRUE,200,1109,255,3.57551598548889,"2026-05-22T13:03:33.456781Z","2026-05-22T13:03:37.032297Z",1779455013.45678,1779455017.0323,0.000489,0.000576,0.000609,3.560218,3.560348,3.559609,0.000129999999999963,3.5511,0.0244159854888917
"2026-05-22T13:03:37.291Z","run_bootstrap",129,"http://client3:8000","run","http://client3:8000/run",1,TRUE,200,1109,253,3.58083581924438,"2026-05-22T13:03:33.457440Z","2026-05-22T13:03:37.038276Z",1779455013.45744,1779455017.03828,0.000502,0.000573,0.000608,3.566139,3.566267,3.565531,0.000127999999999684,3.5588,0.0220358192443846
"2026-05-22T13:03:41.168Z","run_bootstrap",130,"http://client1:8000","run","http://client1:8000/run",1,TRUE,200,1109,249,3.56123423576355,"2026-05-22T13:03:37.311071Z","2026-05-22T13:03:40.872305Z",1779455017.31107,1779455020.87231,0.000554,0.000631,0.000664,3.534609,3.534739,3.533945,0.000129999999999963,3.5272,0.0340342357635497
"2026-05-22T13:03:41.168Z","run_bootstrap",130,"http://client2:8000","run","http://client2:8000/run",1,TRUE,200,1109,255,3.85287523269653,"2026-05-22T13:03:37.311440Z","2026-05-22T13:03:41.164315Z",1779455017.31144,1779455021.16432,0.000662,0.000723,0.000742,3.827983,3.828099,3.827241,0.000115999999999783,3.8196,0.0332752326965333
"2026-05-22T13:03:41.168Z","run_bootstrap",130,"http://client3:8000","run","http://client3:8000/run",1,TRUE,200,1109,252,3.62607073783875,"2026-05-22T13:03:37.311831Z","2026-05-22T13:03:40.937902Z",1779455017.31183,1779455020.9379,0.000628,0.000712,0.000735,3.60174,3.60187,3.601005,0.000129999999999963,3.594,0.0320707378387453
"2026-05-22T13:03:45.051Z","run_bootstrap",131,"http://client1:8000","run","http://client1:8000/run",1,TRUE,200,1109,254,3.86404705047607,"2026-05-22T13:03:41.183131Z","2026-05-22T13:03:45.047178Z",1779455021.18313,1779455025.04718,0.000579,0.000651,0.000683,3.843314,3.843447,3.842631,0.000132999999999939,3.8352,0.0288470504760743
"2026-05-22T13:03:45.051Z","run_bootstrap",131,"http://client2:8000","run","http://client2:8000/run",1,TRUE,200,1109,255,3.55414509773254,"2026-05-22T13:03:41.183923Z","2026-05-22T13:03:44.738069Z",1779455021.18392,1779455024.73807,0.000548,0.000639,0.000673,3.533458,3.533593,3.532785,0.000135000000000218,3.5257,0.0284450977325439
"2026-05-22T13:03:45.051Z","run_bootstrap",131,"http://client3:8000","run","http://client3:8000/run",1,TRUE,200,1109,256,3.66637253761292,"2026-05-22T13:03:41.184531Z","2026-05-22T13:03:44.850903Z",1779455021.18453,1779455024.8509,0.000742,0.000862,9e-04,3.650513,3.650647,3.649613,0.000134000000000079,3.6429,0.023472537612915
"2026-05-22T13:03:48.764Z","run_bootstrap",132,"http://client1:8000","run","http://client1:8000/run",1,TRUE,200,1109,254,3.60207033157349,"2026-05-22T13:03:45.063921Z","2026-05-22T13:03:48.665991Z",1779455025.06392,1779455028.66599,0.00063,0.000751,0.000903,3.58902,3.589145,3.588117,0.000124999999999709,3.5804,0.0216703315734863
"2026-05-22T13:03:48.764Z","run_bootstrap",132,"http://client2:8000","run","http://client2:8000/run",1,TRUE,200,1109,255,3.69482946395874,"2026-05-22T13:03:45.064986Z","2026-05-22T13:03:48.759815Z",1779455025.06499,1779455028.75982,0.000712,8e-04,0.000825,3.68199,3.682234,3.681165,0.000243999999999911,3.6741,0.0207294639587401
"2026-05-22T13:03:48.764Z","run_bootstrap",132,"http://client3:8000","run","http://client3:8000/run",1,TRUE,200,1109,256,3.68708801269531,"2026-05-22T13:03:45.065545Z","2026-05-22T13:03:48.752633Z",1779455025.06555,1779455028.75263,0.000586,0.000639,0.000658,3.674155,3.674288,3.673497,0.000133000000000383,3.6674,0.0196880126953123
"2026-05-22T13:03:52.578Z","run_bootstrap",133,"http://client1:8000","run","http://client1:8000/run",1,TRUE,200,1109,255,3.79552888870239,"2026-05-22T13:03:48.775573Z","2026-05-22T13:03:52.571102Z",1779455028.77557,1779455032.5711,0.000667,0.000746,0.000777,3.78171,3.781842,3.780933,0.000132000000000243,3.7729,0.0226288887023927
"2026-05-22T13:03:52.578Z","run_bootstrap",133,"http://client2:8000","run","http://client2:8000/run",1,TRUE,200,1109,254,3.62693858146667,"2026-05-22T13:03:48.776746Z","2026-05-22T13:03:52.403684Z",1779455028.77675,1779455032.40368,0.000501,0.000575,0.000605,3.609951,3.610124,3.609346,0.000172999999999757,3.6031,0.0238385814666748
"2026-05-22T13:03:52.578Z","run_bootstrap",133,"http://client3:8000","run","http://client3:8000/run",1,TRUE,200,1109,254,3.51702952384949,"2026-05-22T13:03:48.776185Z","2026-05-22T13:03:52.293215Z",1779455028.77619,1779455032.29322,0.000518,0.000594,0.000617,3.503813,3.5039,3.503196,8.69999999997262e-05,3.4971,0.0199295238494872
"2026-05-22T13:03:56.334Z","run_bootstrap",134,"http://client1:8000","run","http://client1:8000/run",1,TRUE,200,1109,255,3.73184442520142,"2026-05-22T13:03:52.590484Z","2026-05-22T13:03:56.322328Z",1779455032.59048,1779455036.32233,0.000684,0.000792,0.000833,3.717596,3.717722,3.716763,0.000126000000000293,3.7098,0.022044425201416
"2026-05-22T13:03:56.334Z","run_bootstrap",134,"http://client2:8000","run","http://client2:8000/run",1,TRUE,200,1109,254,3.73617029190063,"2026-05-22T13:03:52.591108Z","2026-05-22T13:03:56.327279Z",1779455032.59111,1779455036.32728,0.00085,0.000937,0.000961,3.715658,3.715744,3.714697,8.60000000000305e-05,3.7081,0.0280702919006348
"2026-05-22T13:03:56.334Z","run_bootstrap",134,"http://client3:8000","run","http://client3:8000/run",1,TRUE,200,1109,254,3.73381018638611,"2026-05-22T13:03:52.591522Z","2026-05-22T13:03:56.325332Z",1779455032.59152,1779455036.32533,0.00043,0.000481,5e-04,3.713799,3.713923,3.713299,0.000124000000000013,3.7069,0.0269101863861083
"2026-05-22T13:04:00.275Z","run_bootstrap",135,"http://client1:8000","run","http://client1:8000/run",1,TRUE,200,1107,254,3.79168367385864,"2026-05-22T13:03:56.346063Z","2026-05-22T13:04:00.137746Z",1779455036.34606,1779455040.13775,0.000471,0.000547,0.00058,3.770436,3.770575,3.769856,0.000138999999999889,3.7586,0.0330836738586426
"2026-05-22T13:04:00.275Z","run_bootstrap",135,"http://client2:8000","run","http://client2:8000/run",1,TRUE,200,1107,254,3.71622896194458,"2026-05-22T13:03:56.346391Z","2026-05-22T13:04:00.062620Z",1779455036.34639,1779455040.06262,0.000572,0.00066,0.000696,3.695916,3.696053,3.69522,0.000137000000000054,3.6815,0.0347289619445799
"2026-05-22T13:04:00.275Z","run_bootstrap",135,"http://client3:8000","run","http://client3:8000/run",1,TRUE,200,1107,251,3.9211528301239,"2026-05-22T13:03:56.346760Z","2026-05-22T13:04:00.267913Z",1779455036.34676,1779455040.26791,0.000611,0.000715,0.000755,3.904276,3.904363,3.903521,8.70000000001703e-05,3.8896,0.0315528301239012
"2026-05-22T13:04:04.191Z","run_bootstrap",136,"http://client1:8000","run","http://client1:8000/run",1,TRUE,200,1107,254,3.88732123374939,"2026-05-22T13:04:00.299476Z","2026-05-22T13:04:04.186797Z",1779455040.29948,1779455044.1868,0.000563,0.000642,0.000671,3.871225,3.87126,3.870554,3.50000000000072e-05,3.8633,0.0240212337493895
"2026-05-22T13:04:04.191Z","run_bootstrap",136,"http://client2:8000","run","http://client2:8000/run",1,TRUE,200,1107,253,3.70418262481689,"2026-05-22T13:04:00.299377Z","2026-05-22T13:04:04.003560Z",1779455040.29938,1779455044.00356,0.000416,0.000534,0.000572,3.688078,3.688112,3.687506,3.39999999998675e-05,3.679,0.0251826248168947
"2026-05-22T13:04:04.191Z","run_bootstrap",136,"http://client3:8000","run","http://client3:8000/run",1,TRUE,200,1107,251,3.60686731338501,"2026-05-22T13:04:00.299547Z","2026-05-22T13:04:03.906414Z",1779455040.29955,1779455043.90641,0.000549,0.00065,0.000684,3.590934,3.590967,3.59025,3.30000000001718e-05,3.5817,0.0251673133850097
"2026-05-22T13:04:08.129Z","run_bootstrap",137,"http://client1:8000","run","http://client1:8000/run",1,TRUE,200,1108,253,3.91949367523193,"2026-05-22T13:04:04.205279Z","2026-05-22T13:04:08.124773Z",1779455044.20528,1779455048.12477,0.000429,0.00052,0.000544,3.902996,3.903122,3.902452,0.000126000000000293,3.8941,0.0253936752319337
"2026-05-22T13:04:08.129Z","run_bootstrap",137,"http://client2:8000","run","http://client2:8000/run",1,TRUE,200,1108,255,3.72258806228638,"2026-05-22T13:04:04.206188Z","2026-05-22T13:04:07.928776Z",1779455044.20619,1779455047.92878,0.000425,0.000495,0.000525,3.702847,3.702982,3.702322,0.000134999999999774,3.6925,0.0300880622863771
"2026-05-22T13:04:08.129Z","run_bootstrap",137,"http://client3:8000","run","http://client3:8000/run",1,TRUE,200,1108,253,3.62742638587952,"2026-05-22T13:04:04.206767Z","2026-05-22T13:04:07.834193Z",1779455044.20677,1779455047.83419,0.000591,0.000647,0.000748,3.612579,3.612697,3.611831,0.000117999999999618,3.6056,0.0218263858795167
"2026-05-22T13:04:11.871Z","run_bootstrap",138,"http://client1:8000","run","http://client1:8000/run",1,TRUE,200,1108,253,3.63455319404602,"2026-05-22T13:04:08.141612Z","2026-05-22T13:04:11.776165Z",1779455048.14161,1779455051.77617,4e-04,0.000496,0.000519,3.61892,3.618994,3.618401,7.39999999996854e-05,3.6103,0.0242531940460204
"2026-05-22T13:04:11.871Z","run_bootstrap",138,"http://client2:8000","run","http://client2:8000/run",1,TRUE,200,1108,255,3.7212438583374,"2026-05-22T13:04:08.142465Z","2026-05-22T13:04:11.863709Z",1779455048.14247,1779455051.86371,0.000689,0.000743,0.000762,3.705645,3.705798,3.704883,0.00015300000000007,3.6973,0.0239438583374025
"2026-05-22T13:04:11.871Z","run_bootstrap",138,"http://client3:8000","run","http://client3:8000/run",1,TRUE,200,1108,252,3.71539545059204,"2026-05-22T13:04:08.143085Z","2026-05-22T13:04:11.858480Z",1779455048.14309,1779455051.85848,0.000447,0.000526,0.000566,3.698121,3.698204,3.697555,8.30000000000553e-05,3.691,0.0243954505920412
"2026-05-22T13:04:15.605Z","run_bootstrap",139,"http://client1:8000","run","http://client1:8000/run",1,TRUE,200,1108,254,3.6355893611908,"2026-05-22T13:04:11.882230Z","2026-05-22T13:04:15.517820Z",1779455051.88223,1779455055.51782,0.000531,0.000612,0.000645,3.621812,3.621949,3.621167,0.000137000000000054,3.6143,0.0212893611907958
"2026-05-22T13:04:15.605Z","run_bootstrap",139,"http://client2:8000","run","http://client2:8000/run",1,TRUE,200,1108,255,3.71785974502563,"2026-05-22T13:04:11.883198Z","2026-05-22T13:04:15.601058Z",1779455051.8832,1779455055.60106,0.000431,0.000501,0.000535,3.704655,3.704786,3.70412,0.000131000000000103,3.6962,0.0216597450256346
"2026-05-22T13:04:15.605Z","run_bootstrap",139,"http://client3:8000","run","http://client3:8000/run",1,TRUE,200,1108,252,3.6569037437439,"2026-05-22T13:04:11.882326Z","2026-05-22T13:04:15.539229Z",1779455051.88233,1779455055.53923,0.000395,0.00047,0.00049,3.643953,3.644025,3.643463,7.199999999985e-05,3.6355,0.0214037437438965
"2026-05-22T13:04:19.767Z","run_bootstrap",140,"http://client1:8000","run","http://client1:8000/run",1,TRUE,200,1108,254,4.14136910438538,"2026-05-22T13:04:15.618382Z","2026-05-22T13:04:19.759751Z",1779455055.61838,1779455059.75975,0.000645,0.000766,0.000821,4.123401,4.123521,4.12258,0.000119999999999898,3.9582,0.183169104385376
"2026-05-22T13:04:19.767Z","run_bootstrap",140,"http://client2:8000","run","http://client2:8000/run",1,TRUE,200,1108,255,3.89816737174988,"2026-05-22T13:04:15.618950Z","2026-05-22T13:04:19.517117Z",1779455055.61895,1779455059.51712,0.000745,0.000854,0.000897,3.883801,3.883941,3.882904,0.000140000000000029,3.7238,0.174367371749878
"2026-05-22T13:04:19.767Z","run_bootstrap",140,"http://client3:8000","run","http://client3:8000/run",1,TRUE,200,1108,252,3.85981774330139,"2026-05-22T13:04:15.619565Z","2026-05-22T13:04:19.479382Z",1779455055.61957,1779455059.47938,0.000542,0.000645,0.000691,3.84358,3.84371,3.842889,0.000129999999999963,3.6805,0.179317743301392
"2026-05-22T13:04:23.449Z","run_bootstrap",141,"http://client1:8000","run","http://client1:8000/run",1,TRUE,200,1109,253,3.37249159812927,"2026-05-22T13:04:19.785416Z","2026-05-22T13:04:23.157908Z",1779455059.78542,1779455063.15791,0.00053,0.000605,0.00063,3.352853,3.352877,3.352223,2.3999999999802e-05,3.3451,0.0273915981292725
"2026-05-22T13:04:23.449Z","run_bootstrap",141,"http://client2:8000","run","http://client2:8000/run",1,TRUE,200,1109,255,3.48655843734741,"2026-05-22T13:04:19.785952Z","2026-05-22T13:04:23.272511Z",1779455059.78595,1779455063.27251,0.000671,0.000736,0.00076,3.467197,3.467239,3.466437,4.20000000000975e-05,3.4603,0.026258437347412
"2026-05-22T13:04:23.449Z","run_bootstrap",141,"http://client3:8000","run","http://client3:8000/run",1,TRUE,200,1109,253,3.65842771530151,"2026-05-22T13:04:19.786901Z","2026-05-22T13:04:23.445329Z",1779455059.7869,1779455063.44533,0.000704,0.000761,0.00078,3.640213,3.640237,3.639433,2.3999999999802e-05,3.6333,0.0251277153015135
"2026-05-22T13:04:27.057Z","run_bootstrap",142,"http://client1:8000","run","http://client1:8000/run",1,TRUE,200,1109,253,3.55337905883789,"2026-05-22T13:04:23.463885Z","2026-05-22T13:04:27.017264Z",1779455063.46389,1779455067.01726,0.000726,0.000861,0.000898,3.539492,3.539614,3.538594,0.000121999999999733,3.5315,0.0218790588378908
"2026-05-22T13:04:27.057Z","run_bootstrap",142,"http://client2:8000","run","http://client2:8000/run",1,TRUE,200,1109,255,3.58760380744934,"2026-05-22T13:04:23.465668Z","2026-05-22T13:04:27.053272Z",1779455063.46567,1779455067.05327,0.000596,0.000677,0.000711,3.569707,3.569832,3.568996,0.000124999999999709,3.5626,0.0250038074493406
"2026-05-22T13:04:27.057Z","run_bootstrap",142,"http://client3:8000","run","http://client3:8000/run",1,TRUE,200,1109,253,3.56163096427917,"2026-05-22T13:04:23.466110Z","2026-05-22T13:04:27.027741Z",1779455063.46611,1779455067.02774,0.000643,0.000712,0.000731,3.544107,3.544293,3.543376,0.000186000000000242,3.5371,0.0245309642791747
"2026-05-22T13:04:30.654Z","run_bootstrap",143,"http://client1:8000","run","http://client1:8000/run",1,TRUE,200,1109,252,3.51416730880737,"2026-05-22T13:04:27.069301Z","2026-05-22T13:04:30.583468Z",1779455067.0693,1779455070.58347,0.000528,0.000597,0.000631,3.492578,3.492729,3.491947,0.000151000000000234,3.4844,0.0297673088073731
"2026-05-22T13:04:30.654Z","run_bootstrap",143,"http://client2:8000","run","http://client2:8000/run",1,TRUE,200,1109,253,3.2488420009613,"2026-05-22T13:04:27.069837Z","2026-05-22T13:04:30.318679Z",1779455067.06984,1779455070.31868,0.000541,0.000631,0.000668,3.22839,3.228518,3.227722,0.000128000000000128,3.2185,0.0303420009613036
"2026-05-22T13:04:30.654Z","run_bootstrap",143,"http://client3:8000","run","http://client3:8000/run",1,TRUE,200,1109,252,3.57881164550781,"2026-05-22T13:04:27.069189Z","2026-05-22T13:04:30.648000Z",1779455067.06919,1779455070.648,0.000591,0.000695,0.000735,3.564956,3.565076,3.564221,0.000119999999999898,3.557,0.0218116455078126
"2026-05-22T13:04:34.262Z","run_bootstrap",144,"http://client1:8000","run","http://client1:8000/run",1,TRUE,200,1109,252,3.58716082572937,"2026-05-22T13:04:30.667168Z","2026-05-22T13:04:34.254329Z",1779455070.66717,1779455074.25433,7e-04,0.000785,0.00082,3.566073,3.566236,3.565253,0.000163000000000135,3.5573,0.02986082572937
"2026-05-22T13:04:34.262Z","run_bootstrap",144,"http://client2:8000","run","http://client2:8000/run",1,TRUE,200,1109,253,3.49304938316345,"2026-05-22T13:04:30.667404Z","2026-05-22T13:04:34.160454Z",1779455070.6674,1779455074.16045,0.000621,0.000731,0.000769,3.479586,3.47973,3.478817,0.000144000000000144,3.4721,0.020949383163452
"2026-05-22T13:04:34.262Z","run_bootstrap",144,"http://client3:8000","run","http://client3:8000/run",1,TRUE,200,1109,253,3.58927917480469,"2026-05-22T13:04:30.668165Z","2026-05-22T13:04:34.257445Z",1779455070.66817,1779455074.25745,0.000685,0.000796,0.000833,3.571505,3.571663,3.570672,0.00015799999999988,3.5646,0.0246791748046875
"2026-05-22T13:04:38.072Z","run_bootstrap",145,"http://client1:8000","run","http://client1:8000/run",1,TRUE,200,1109,253,3.79450392723083,"2026-05-22T13:04:34.273191Z","2026-05-22T13:04:38.067695Z",1779455074.27319,1779455078.0677,0.000459,0.000523,0.000547,3.78121,3.781337,3.780663,0.000126999999999988,3.7734,0.0211039272308349
"2026-05-22T13:04:38.072Z","run_bootstrap",145,"http://client2:8000","run","http://client2:8000/run",1,TRUE,200,1109,253,3.50776600837708,"2026-05-22T13:04:34.273525Z","2026-05-22T13:04:37.781291Z",1779455074.27353,1779455077.78129,0.000703,0.000757,0.000778,3.494711,3.494849,3.493933,0.000137999999999749,3.4874,0.0203660083770751
"2026-05-22T13:04:38.072Z","run_bootstrap",145,"http://client3:8000","run","http://client3:8000/run",1,TRUE,200,1109,253,3.59147524833679,"2026-05-22T13:04:34.274073Z","2026-05-22T13:04:37.865548Z",1779455074.27407,1779455077.86555,0.000447,0.000523,0.000547,3.579005,3.579131,3.578458,0.000125999999999848,3.5716,0.0198752483367919
"2026-05-22T13:04:41.885Z","run_bootstrap",146,"http://client1:8000","run","http://client1:8000/run",1,TRUE,200,1109,253,3.62694263458252,"2026-05-22T13:04:38.084015Z","2026-05-22T13:04:41.710957Z",1779455078.08402,1779455081.71096,0.000632,0.00074,0.000774,3.61227,3.612408,3.611496,0.000137999999999749,3.6046,0.0223426345825195
"2026-05-22T13:04:41.885Z","run_bootstrap",146,"http://client2:8000","run","http://client2:8000/run",1,TRUE,200,1109,253,3.50293254852295,"2026-05-22T13:04:38.085953Z","2026-05-22T13:04:41.588885Z",1779455078.08595,1779455081.58889,0.000709,0.000818,0.000853,3.486605,3.48669,3.485752,8.49999999998907e-05,3.4781,0.0248325485229492
"2026-05-22T13:04:41.885Z","run_bootstrap",146,"http://client3:8000","run","http://client3:8000/run",1,TRUE,200,1109,253,3.79434847831726,"2026-05-22T13:04:38.086501Z","2026-05-22T13:04:41.880849Z",1779455078.0865,1779455081.88085,0.000722,0.000834,0.000868,3.776374,3.776502,3.775506,0.000127999999999684,3.7689,0.0254484783172608
"2026-05-22T13:04:45.693Z","run_bootstrap",147,"http://client1:8000","run","http://client1:8000/run",1,TRUE,200,1108,250,3.68179273605347,"2026-05-22T13:04:41.897927Z","2026-05-22T13:04:45.579719Z",1779455081.89793,1779455085.57972,0.000641,0.000744,0.000783,3.664031,3.664065,3.663248,3.39999999998675e-05,3.656,0.0257927360534667
"2026-05-22T13:04:45.693Z","run_bootstrap",147,"http://client2:8000","run","http://client2:8000/run",1,TRUE,200,1108,253,3.68018054962158,"2026-05-22T13:04:41.900375Z","2026-05-22T13:04:45.580555Z",1779455081.90038,1779455085.58056,0.000551,0.000641,0.000671,3.663176,3.663206,3.662505,3.00000000001965e-05,3.6561,0.0240805496215821
"2026-05-22T13:04:45.693Z","run_bootstrap",147,"http://client3:8000","run","http://client3:8000/run",1,TRUE,200,1108,250,3.78962349891663,"2026-05-22T13:04:41.899771Z","2026-05-22T13:04:45.689395Z",1779455081.89977,1779455085.6894,0.000771,0.000974,0.001046,3.773609,3.773633,3.772563,2.3999999999802e-05,3.7659,0.0237234989166262
"2026-05-22T13:04:49.506Z","run_bootstrap",148,"http://client1:8000","run","http://client1:8000/run",1,TRUE,200,1108,251,3.63587021827698,"2026-05-22T13:04:45.708653Z","2026-05-22T13:04:49.344523Z",1779455085.70865,1779455089.34452,0.000544,0.000662,0.000699,3.614407,3.61456,3.613708,0.00015300000000007,3.6072,0.0286702182769774
"2026-05-22T13:04:49.506Z","run_bootstrap",148,"http://client2:8000","run","http://client2:8000/run",1,TRUE,200,1108,253,3.60114002227783,"2026-05-22T13:04:45.709277Z","2026-05-22T13:04:49.310417Z",1779455085.70928,1779455089.31042,0.000656,0.000772,0.00081,3.580702,3.580846,3.579892,0.000144000000000144,3.5735,0.0276400222778319
"2026-05-22T13:04:49.506Z","run_bootstrap",148,"http://client3:8000","run","http://client3:8000/run",1,TRUE,200,1108,250,3.78973054885864,"2026-05-22T13:04:45.709784Z","2026-05-22T13:04:49.499515Z",1779455085.70978,1779455089.49952,0.000692,0.000802,0.000838,3.775584,3.775692,3.774746,0.000107999999999997,3.7685,0.0212305488586426
"2026-05-22T13:04:53.127Z","run_bootstrap",149,"http://client1:8000","run","http://client1:8000/run",1,TRUE,200,1109,254,3.49011945724487,"2026-05-22T13:04:49.523802Z","2026-05-22T13:04:53.013921Z",1779455089.5238,1779455093.01392,0.000591,0.000685,0.000721,3.473965,3.474091,3.473244,0.000125999999999848,3.4654,0.0247194572448732
"2026-05-22T13:04:53.127Z","run_bootstrap",149,"http://client2:8000","run","http://client2:8000/run",1,TRUE,200,1109,252,3.59865355491638,"2026-05-22T13:04:49.524607Z","2026-05-22T13:04:53.123261Z",1779455089.52461,1779455093.12326,0.000661,0.000778,0.000819,3.583679,3.583859,3.58286,0.000179999999999847,3.5758,0.0228535549163817
"2026-05-22T13:04:53.127Z","run_bootstrap",149,"http://client3:8000","run","http://client3:8000/run",1,TRUE,200,1109,251,3.57030129432678,"2026-05-22T13:04:49.525435Z","2026-05-22T13:04:53.095736Z",1779455089.52544,1779455093.09574,0.000666,0.000736,0.000768,3.556566,3.556724,3.555798,0.00015799999999988,3.549,0.0213012943267823
"2026-05-22T13:04:56.784Z","run_bootstrap",150,"http://client1:8000","run","http://client1:8000/run",1,TRUE,200,1109,254,3.51972246170044,"2026-05-22T13:04:53.138666Z","2026-05-22T13:04:56.658388Z",1779455093.13867,1779455096.65839,0.00061,0.000862,0.000937,3.505503,3.505669,3.504566,0.000166000000000111,3.4977,0.0220224617004394
"2026-05-22T13:04:56.784Z","run_bootstrap",150,"http://client2:8000","run","http://client2:8000/run",1,TRUE,200,1109,251,3.63167476654053,"2026-05-22T13:04:53.140979Z","2026-05-22T13:04:56.772654Z",1779455093.14098,1779455096.77265,0.000494,0.000614,0.000657,3.61105,3.611184,3.610393,0.000134000000000079,3.604,0.0276747665405273
"2026-05-22T13:04:56.784Z","run_bootstrap",150,"http://client3:8000","run","http://client3:8000/run",1,TRUE,200,1109,252,3.63764834403992,"2026-05-22T13:04:53.141477Z","2026-05-22T13:04:56.779126Z",1779455093.14148,1779455096.77913,0.00064,0.000736,0.000773,3.620601,3.620742,3.619828,0.000140999999999725,3.6134,0.024248344039917
"2026-05-22T13:05:00.608Z","run_bootstrap",151,"http://client1:8000","run","http://client1:8000/run",1,TRUE,200,1109,253,3.67026948928833,"2026-05-22T13:04:56.795852Z","2026-05-22T13:05:00.466121Z",1779455096.79585,1779455100.46612,0.000635,0.000793,0.000852,3.652307,3.652445,3.651455,0.000138000000000194,3.6445,0.0257694892883302
"2026-05-22T13:05:00.608Z","run_bootstrap",151,"http://client2:8000","run","http://client2:8000/run",1,TRUE,200,1109,253,3.80752682685852,"2026-05-22T13:04:56.796529Z","2026-05-22T13:05:00.604056Z",1779455096.79653,1779455100.60406,0.000643,0.000782,0.000821,3.791154,3.791291,3.790333,0.000137000000000054,3.7824,0.0251268268585205
"2026-05-22T13:05:00.608Z","run_bootstrap",151,"http://client3:8000","run","http://client3:8000/run",1,TRUE,200,1109,251,3.55161690711975,"2026-05-22T13:04:56.797120Z","2026-05-22T13:05:00.348737Z",1779455096.79712,1779455100.34874,0.00065,0.000797,0.000959,3.53481,3.534951,3.533851,0.000141000000000169,3.526,0.0256169071197512
"2026-05-22T13:05:04.604Z","run_bootstrap",152,"http://client1:8000","run","http://client1:8000/run",1,TRUE,200,1109,253,3.95800232887268,"2026-05-22T13:05:00.622049Z","2026-05-22T13:05:04.580052Z",1779455100.62205,1779455104.58005,0.000603,0.000673,0.000695,3.930786,3.930902,3.930091,0.000116000000000227,3.9237,0.0343023288726805
"2026-05-22T13:05:04.604Z","run_bootstrap",152,"http://client2:8000","run","http://client2:8000/run",1,TRUE,200,1109,253,3.71651768684387,"2026-05-22T13:05:00.622575Z","2026-05-22T13:05:04.339093Z",1779455100.62258,1779455104.33909,0.000649,0.000709,0.000729,3.689232,3.689352,3.688503,0.000119999999999898,3.6811,0.0354176868438723
"2026-05-22T13:05:04.604Z","run_bootstrap",152,"http://client3:8000","run","http://client3:8000/run",1,TRUE,200,1109,252,3.97704839706421,"2026-05-22T13:05:00.623048Z","2026-05-22T13:05:04.600097Z",1779455100.62305,1779455104.6001,0.00073,0.000811,0.00083,3.95082,3.95097,3.94999,0.00014999999999965,3.9435,0.0335483970642092
"2026-05-22T13:05:08.714Z","run_bootstrap",153,"http://client1:8000","run","http://client1:8000/run",1,TRUE,200,1109,253,4.09238934516907,"2026-05-22T13:05:04.617695Z","2026-05-22T13:05:08.710084Z",1779455104.6177,1779455108.71008,0.000673,0.000775,0.000812,4.078565,4.078655,4.077753,9.00000000001455e-05,4.0709,0.0214893451690674
"2026-05-22T13:05:08.714Z","run_bootstrap",153,"http://client2:8000","run","http://client2:8000/run",1,TRUE,200,1109,251,3.86939406394958,"2026-05-22T13:05:04.618789Z","2026-05-22T13:05:08.488183Z",1779455104.61879,1779455108.48818,0.000606,0.000692,0.000726,3.855905,3.856118,3.855179,0.000213000000000019,3.8481,0.0212940639495849
"2026-05-22T13:05:08.714Z","run_bootstrap",153,"http://client3:8000","run","http://client3:8000/run",1,TRUE,200,1109,253,3.89857459068298,"2026-05-22T13:05:04.619698Z","2026-05-22T13:05:08.518273Z",1779455104.6197,1779455108.51827,0.000597,0.000681,0.000715,3.886035,3.886166,3.88532,0.000130999999999659,3.8784,0.0201745906829833
"2026-05-22T13:05:12.866Z","run_bootstrap",154,"http://client1:8000","run","http://client1:8000/run",1,TRUE,200,1109,253,4.13453054428101,"2026-05-22T13:05:08.727415Z","2026-05-22T13:05:12.861945Z",1779455108.72742,1779455112.86195,0.000603,0.000712,0.000754,4.112925,4.113055,4.112171,0.000130000000000408,4.1054,0.0291305442810055
"2026-05-22T13:05:12.866Z","run_bootstrap",154,"http://client2:8000","run","http://client2:8000/run",1,TRUE,200,1109,251,3.88082528114319,"2026-05-22T13:05:08.728033Z","2026-05-22T13:05:12.608859Z",1779455108.72803,1779455112.60886,0.000581,0.000688,0.00073,3.86039,3.860595,3.85966,0.000204999999999789,3.8396,0.0412252811431886
"2026-05-22T13:05:12.866Z","run_bootstrap",154,"http://client3:8000","run","http://client3:8000/run",1,TRUE,200,1109,252,4.12131595611572,"2026-05-22T13:05:08.728846Z","2026-05-22T13:05:12.850162Z",1779455108.72885,1779455112.85016,0.000538,0.000648,0.000694,4.104879,4.105023,4.104185,0.0001439999999997,4.084,0.037315956115723
"2026-05-22T13:05:16.995Z","run_bootstrap",155,"http://client1:8000","run","http://client1:8000/run",1,TRUE,200,1106,253,3.85930275917053,"2026-05-22T13:05:12.876717Z","2026-05-22T13:05:16.736020Z",1779455112.87672,1779455116.73602,0.000766,0.000858,0.000888,3.845228,3.845353,3.84434,0.000124999999999709,3.8373,0.0220027591705323
"2026-05-22T13:05:16.995Z","run_bootstrap",155,"http://client2:8000","run","http://client2:8000/run",1,TRUE,200,1106,251,3.83986711502075,"2026-05-22T13:05:12.877679Z","2026-05-22T13:05:16.717546Z",1779455112.87768,1779455116.71755,0.000481,0.000586,0.000632,3.826514,3.826653,3.825882,0.000138999999999889,3.8187,0.0211671150207517
"2026-05-22T13:05:16.995Z","run_bootstrap",155,"http://client3:8000","run","http://client3:8000/run",1,TRUE,200,1106,253,4.11287569999695,"2026-05-22T13:05:12.878198Z","2026-05-22T13:05:16.991074Z",1779455112.8782,1779455116.99107,0.000569,0.000673,0.00072,4.100974,4.101122,4.100254,0.000148000000000259,4.0926,0.0202756999969482
"2026-05-22T13:05:21.054Z","run_bootstrap",156,"http://client1:8000","run","http://client1:8000/run",1,TRUE,200,1106,253,3.83226370811462,"2026-05-22T13:05:17.008135Z","2026-05-22T13:05:20.840399Z",1779455117.00814,1779455120.8404,0.000605,0.000682,0.000704,3.817533,3.817684,3.816829,0.00015099999999979,3.8101,0.0221637081146242
"2026-05-22T13:05:21.054Z","run_bootstrap",156,"http://client2:8000","run","http://client2:8000/run",1,TRUE,200,1106,251,4.04088449478149,"2026-05-22T13:05:17.008724Z","2026-05-22T13:05:21.049609Z",1779455117.00872,1779455121.04961,0.00071,0.000754,0.000917,4.027448,4.027572,4.026531,0.000124000000000457,4.0202,0.0206844947814941
"2026-05-22T13:05:21.054Z","run_bootstrap",156,"http://client3:8000","run","http://client3:8000/run",1,TRUE,200,1106,253,3.86942672729492,"2026-05-22T13:05:17.009342Z","2026-05-22T13:05:20.878769Z",1779455117.00934,1779455120.87877,0.000605,0.000681,0.000917,3.856599,3.856736,3.855682,0.000137000000000054,3.8496,0.0198267272949217
"2026-05-22T13:05:24.803Z","run_bootstrap",157,"http://client1:8000","run","http://client1:8000/run",1,TRUE,200,1108,253,2.87782287597656,"2026-05-22T13:05:21.066164Z","2026-05-22T13:05:23.943986Z",1779455121.06616,1779455123.94399,0.000592,0.000719,0.000758,2.861069,2.861164,2.860311,9.49999999999562e-05,2.8492,0.0286228759765623
"2026-05-22T13:05:24.803Z","run_bootstrap",157,"http://client2:8000","run","http://client2:8000/run",1,TRUE,200,1108,251,3.66813182830811,"2026-05-22T13:05:21.066955Z","2026-05-22T13:05:24.735087Z",1779455121.06696,1779455124.73509,0.000514,0.000637,0.000681,3.645965,3.646097,3.645284,0.000132000000000243,3.6386,0.0295318283081056
"2026-05-22T13:05:24.803Z","run_bootstrap",157,"http://client3:8000","run","http://client3:8000/run",1,TRUE,200,1108,253,3.72918152809143,"2026-05-22T13:05:21.067570Z","2026-05-22T13:05:24.796752Z",1779455121.06757,1779455124.79675,0.000656,0.000752,0.000789,3.707626,3.707759,3.706837,0.000132999999999939,3.6999,0.0292815280914307
"2026-05-22T13:05:28.491Z","run_bootstrap",158,"http://client1:8000","run","http://client1:8000/run",1,TRUE,200,1108,253,3.54730725288391,"2026-05-22T13:05:24.818150Z","2026-05-22T13:05:28.365458Z",1779455124.81815,1779455128.36546,0.000653,0.000764,0.000799,3.529039,3.529071,3.52824,3.2000000000032e-05,3.5215,0.0258072528839111
"2026-05-22T13:05:28.491Z","run_bootstrap",158,"http://client2:8000","run","http://client2:8000/run",1,TRUE,200,1108,251,3.66557836532593,"2026-05-22T13:05:24.818813Z","2026-05-22T13:05:28.484391Z",1779455124.81881,1779455128.48439,0.00052,0.000607,0.000637,3.646408,3.646442,3.645771,3.39999999998675e-05,3.6394,0.0261783653259275
"2026-05-22T13:05:28.491Z","run_bootstrap",158,"http://client3:8000","run","http://client3:8000/run",1,TRUE,200,1108,253,3.52868604660034,"2026-05-22T13:05:24.819223Z","2026-05-22T13:05:28.347909Z",1779455124.81922,1779455128.34791,0.000419,0.000504,0.000531,3.510587,3.510625,3.510056,3.79999999999825e-05,3.5041,0.0245860466003416
"2026-05-22T13:05:32.235Z","run_bootstrap",159,"http://client1:8000","run","http://client1:8000/run",1,TRUE,200,1109,254,3.66776609420776,"2026-05-22T13:05:28.507035Z","2026-05-22T13:05:32.174801Z",1779455128.50704,1779455132.1748,0.000499,0.000589,0.000622,3.647133,3.64725,3.646511,0.000116999999999923,3.6399,0.0278660942077638
"2026-05-22T13:05:32.235Z","run_bootstrap",159,"http://client2:8000","run","http://client2:8000/run",1,TRUE,200,1109,251,3.72075605392456,"2026-05-22T13:05:28.507473Z","2026-05-22T13:05:32.228229Z",1779455128.50747,1779455132.22823,0.00041,0.000483,0.000513,3.700402,3.700547,3.699889,0.00014499999999984,3.6935,0.0272560539245608
"2026-05-22T13:05:32.235Z","run_bootstrap",159,"http://client3:8000","run","http://client3:8000/run",1,TRUE,200,1109,252,3.50810408592224,"2026-05-22T13:05:28.506956Z","2026-05-22T13:05:32.015060Z",1779455128.50696,1779455132.01506,0.000541,0.000653,0.000687,3.49493,3.495321,3.494243,0.00039100000000003,3.4879,0.0202040859222414
"2026-05-22T13:05:35.967Z","run_bootstrap",160,"http://client1:8000","run","http://client1:8000/run",1,TRUE,200,1109,254,3.66116189956665,"2026-05-22T13:05:32.248745Z","2026-05-22T13:05:35.909907Z",1779455132.24875,1779455135.90991,0.00062,0.000732,0.00078,3.646787,3.647028,3.646007,0.00024100000000038,3.4878,0.17336189956665
"2026-05-22T13:05:35.967Z","run_bootstrap",160,"http://client2:8000","run","http://client2:8000/run",1,TRUE,200,1109,251,3.7150354385376,"2026-05-22T13:05:32.248150Z","2026-05-22T13:05:35.963186Z",1779455132.24815,1779455135.96319,0.000707,0.000818,0.000859,3.701099,3.701247,3.70024,0.000147999999999815,3.5448,0.170235438537598
"2026-05-22T13:05:35.967Z","run_bootstrap",160,"http://client3:8000","run","http://client3:8000/run",1,TRUE,200,1109,252,3.6532027721405,"2026-05-22T13:05:32.249770Z","2026-05-22T13:05:35.902972Z",1779455132.24977,1779455135.90297,0.000721,0.000809,0.000847,3.639271,3.639374,3.638424,0.000103000000000186,3.4879,0.165302772140503
"2026-05-22T13:05:39.585Z","run_bootstrap",161,"http://client1:8000","run","http://client1:8000/run",1,TRUE,200,1108,254,3.47838091850281,"2026-05-22T13:05:35.979107Z","2026-05-22T13:05:39.457488Z",1779455135.97911,1779455139.45749,0.000803,0.000885,0.000908,3.463817,3.463937,3.462909,0.000119999999999898,3.457,0.0213809185028078
"2026-05-22T13:05:39.585Z","run_bootstrap",161,"http://client2:8000","run","http://client2:8000/run",1,TRUE,200,1108,253,3.23275542259216,"2026-05-22T13:05:35.979796Z","2026-05-22T13:05:39.212552Z",1779455135.9798,1779455139.21255,0.000563,0.000617,0.000636,3.216315,3.216479,3.215679,0.000164000000000275,3.2066,0.0261554225921632
"2026-05-22T13:05:39.585Z","run_bootstrap",161,"http://client3:8000","run","http://client3:8000/run",1,TRUE,200,1108,251,3.60063552856445,"2026-05-22T13:05:35.980585Z","2026-05-22T13:05:39.581220Z",1779455135.98059,1779455139.58122,0.000466,0.000539,0.000569,3.583687,3.583834,3.583118,0.000147000000000119,3.5775,0.023135528564453
"2026-05-22T13:05:43.242Z","run_bootstrap",162,"http://client1:8000","run","http://client1:8000/run",1,TRUE,200,1108,255,3.43388509750366,"2026-05-22T13:05:39.597477Z","2026-05-22T13:05:43.031362Z",1779455139.59748,1779455143.03136,0.000721,0.000831,0.000874,3.419739,3.419881,3.418865,0.000142000000000309,3.4098,0.0240850975036619
"2026-05-22T13:05:43.242Z","run_bootstrap",162,"http://client2:8000","run","http://client2:8000/run",1,TRUE,200,1108,253,3.48059630393982,"2026-05-22T13:05:39.599348Z","2026-05-22T13:05:43.079944Z",1779455139.59935,1779455143.07994,0.000535,0.000641,0.000681,3.460179,3.460331,3.459498,0.00015199999999993,3.4526,0.0279963039398194
"2026-05-22T13:05:43.242Z","run_bootstrap",162,"http://client3:8000","run","http://client3:8000/run",1,TRUE,200,1108,251,3.6353132724762,"2026-05-22T13:05:39.599756Z","2026-05-22T13:05:43.235069Z",1779455139.59976,1779455143.23507,0.000505,0.000619,0.00066,3.618359,3.618501,3.617699,0.000142000000000309,3.6115,0.0238132724761964
"2026-05-22T13:05:46.992Z","run_bootstrap",163,"http://client1:8000","run","http://client1:8000/run",1,TRUE,200,1109,251,3.72629475593567,"2026-05-22T13:05:43.257338Z","2026-05-22T13:05:46.983633Z",1779455143.25734,1779455146.98363,0.000691,0.000807,0.000842,3.711447,3.711704,3.710605,0.000256999999999952,3.7038,0.0224947559356687
"2026-05-22T13:05:46.992Z","run_bootstrap",163,"http://client2:8000","run","http://client2:8000/run",1,TRUE,200,1109,252,3.54313182830811,"2026-05-22T13:05:43.258304Z","2026-05-22T13:05:46.801436Z",1779455143.2583,1779455146.80144,0.000727,0.000819,0.000852,3.519078,3.519215,3.518226,0.000137000000000054,3.512,0.0311318283081055
"2026-05-22T13:05:46.992Z","run_bootstrap",163,"http://client3:8000","run","http://client3:8000/run",1,TRUE,200,1109,248,3.42400670051575,"2026-05-22T13:05:43.258755Z","2026-05-22T13:05:46.682761Z",1779455143.25876,1779455146.68276,0.000579,0.000685,0.000726,3.400372,3.400504,3.399646,0.000132000000000243,3.3936,0.0304067005157469
"2026-05-22T13:05:50.606Z","run_bootstrap",164,"http://client1:8000","run","http://client1:8000/run",1,TRUE,200,1109,251,3.59541726112366,"2026-05-22T13:05:47.006174Z","2026-05-22T13:05:50.601591Z",1779455147.00617,1779455150.60159,0.000639,0.000697,0.000718,3.581672,3.581819,3.580954,0.000146999999999675,3.5641,0.0313172611236574
"2026-05-22T13:05:50.606Z","run_bootstrap",164,"http://client2:8000","run","http://client2:8000/run",1,TRUE,200,1109,253,3.48600554466248,"2026-05-22T13:05:47.007008Z","2026-05-22T13:05:50.493013Z",1779455147.00701,1779455150.49301,0.000563,0.000642,0.000748,3.472772,3.472911,3.472024,0.000138999999999889,3.4656,0.0204055446624758
"2026-05-22T13:05:50.606Z","run_bootstrap",164,"http://client3:8000","run","http://client3:8000/run",1,TRUE,200,1109,248,3.5831024646759,"2026-05-22T13:05:47.007652Z","2026-05-22T13:05:50.590754Z",1779455147.00765,1779455150.59075,0.000809,0.000862,0.000882,3.571332,3.571461,3.57045,0.000129000000000268,3.5641,0.0190024646759035
"2026-05-22T13:05:54.330Z","run_bootstrap",165,"http://client1:8000","run","http://client1:8000/run",1,TRUE,200,1108,252,3.70485496520996,"2026-05-22T13:05:50.618505Z","2026-05-22T13:05:54.323359Z",1779455150.61851,1779455154.32336,0.000548,0.000666,0.000702,3.690044,3.690179,3.689342,0.000135000000000218,3.6829,0.0219549652099609
"2026-05-22T13:05:54.330Z","run_bootstrap",165,"http://client2:8000","run","http://client2:8000/run",1,TRUE,200,1108,253,3.47897887229919,"2026-05-22T13:05:50.618846Z","2026-05-22T13:05:54.097825Z",1779455150.61885,1779455154.09783,0.000597,0.000716,0.000752,3.462361,3.46248,3.461609,0.000118999999999758,3.4539,0.0250788722991944
"2026-05-22T13:05:54.330Z","run_bootstrap",165,"http://client3:8000","run","http://client3:8000/run",1,TRUE,200,1108,252,3.52150058746338,"2026-05-22T13:05:50.618256Z","2026-05-22T13:05:54.139756Z",1779455150.61826,1779455154.13976,0.000766,0.000871,0.000906,3.507305,3.507445,3.506399,0.000140000000000029,3.4986,0.0229005874633788
"2026-05-22T13:05:58.148Z","run_bootstrap",166,"http://client1:8000","run","http://client1:8000/run",1,TRUE,200,1108,252,3.60900402069092,"2026-05-22T13:05:54.349177Z","2026-05-22T13:05:57.958181Z",1779455154.34918,1779455157.95818,0.000797,0.000888,0.000911,3.595751,3.59588,3.59484,0.000129000000000268,3.5868,0.0222040206909178
"2026-05-22T13:05:58.148Z","run_bootstrap",166,"http://client2:8000","run","http://client2:8000/run",1,TRUE,200,1108,253,3.51052665710449,"2026-05-22T13:05:54.350156Z","2026-05-22T13:05:57.860683Z",1779455154.35016,1779455157.86068,0.000657,0.000712,0.000729,3.497174,3.497309,3.496445,0.000135000000000218,3.4879,0.0226266571044924
"2026-05-22T13:05:58.148Z","run_bootstrap",166,"http://client3:8000","run","http://client3:8000/run",1,TRUE,200,1108,252,3.78967094421387,"2026-05-22T13:05:54.351052Z","2026-05-22T13:05:58.140723Z",1779455154.35105,1779455158.14072,0.000773,0.000848,0.000881,3.77036,3.770494,3.769479,0.000133999999999634,3.7631,0.0265709442138671
"2026-05-22T13:06:02.054Z","run_bootstrap",167,"http://client1:8000","run","http://client1:8000/run",1,TRUE,200,1108,254,3.54039263725281,"2026-05-22T13:05:58.216464Z","2026-05-22T13:06:01.756856Z",1779455158.21646,1779455161.75686,0.000652,0.000764,0.000798,3.528233,3.528433,3.527435,0.000199999999999978,3.5199,0.0204926372528078
"2026-05-22T13:06:02.054Z","run_bootstrap",167,"http://client2:8000","run","http://client2:8000/run",1,TRUE,200,1108,252,3.82983350753784,"2026-05-22T13:05:58.219539Z","2026-05-22T13:06:02.049372Z",1779455158.21954,1779455162.04937,0.000626,0.000744,0.000777,3.811456,3.811588,3.810679,0.000131999999999799,3.8031,0.0267335075378416
"2026-05-22T13:06:02.054Z","run_bootstrap",167,"http://client3:8000","run","http://client3:8000/run",1,TRUE,200,1108,253,3.63630151748657,"2026-05-22T13:05:58.219238Z","2026-05-22T13:06:01.855539Z",1779455158.21924,1779455161.85554,0.000613,0.000723,0.000758,3.624264,3.624377,3.623506,0.000112999999999808,3.6165,0.0198015174865724
"2026-05-22T13:06:05.907Z","run_bootstrap",168,"http://client1:8000","run","http://client1:8000/run",1,TRUE,200,1108,254,3.44620084762573,"2026-05-22T13:06:02.066228Z","2026-05-22T13:06:05.512429Z",1779455162.06623,1779455165.51243,0.000652,0.000762,0.000798,3.432106,3.43227,3.431308,0.000163999999999831,3.4247,0.0215008476257323
"2026-05-22T13:06:05.907Z","run_bootstrap",168,"http://client2:8000","run","http://client2:8000/run",1,TRUE,200,1108,252,3.67208552360535,"2026-05-22T13:06:02.067417Z","2026-05-22T13:06:05.739502Z",1779455162.06742,1779455165.7395,0.000568,0.000656,0.00068,3.655721,3.65585,3.655041,0.000128999999999824,3.6489,0.0231855236053469
"2026-05-22T13:06:05.907Z","run_bootstrap",168,"http://client3:8000","run","http://client3:8000/run",1,TRUE,200,1108,253,3.83199262619019,"2026-05-22T13:06:02.067828Z","2026-05-22T13:06:05.899821Z",1779455162.06783,1779455165.89982,0.000637,0.000718,0.000752,3.815375,3.815516,3.814623,0.000141000000000169,3.8081,0.0238926261901855
"2026-05-22T13:06:09.759Z","run_bootstrap",169,"http://client1:8000","run","http://client1:8000/run",1,TRUE,200,1110,265,3.71526312828064,"2026-05-22T13:06:05.919534Z","2026-05-22T13:06:09.634797Z",1779455165.91953,1779455169.6348,0.000564,0.000639,0.000664,3.700953,3.701088,3.700289,0.000134999999999774,3.6918,0.0234631282806395
"2026-05-22T13:06:09.759Z","run_bootstrap",169,"http://client2:8000","run","http://client2:8000/run",1,TRUE,200,1110,263,3.74183773994446,"2026-05-22T13:06:05.918898Z","2026-05-22T13:06:09.660735Z",1779455165.9189,1779455169.66074,0.000655,0.000761,0.000795,3.728777,3.728927,3.727982,0.000150000000000095,3.7193,0.022537739944458
"2026-05-22T13:06:09.759Z","run_bootstrap",169,"http://client3:8000","run","http://client3:8000/run",1,TRUE,200,1110,261,3.83365893363953,"2026-05-22T13:06:05.920553Z","2026-05-22T13:06:09.754212Z",1779455165.92055,1779455169.75421,0.000587,0.000681,0.000716,3.82024,3.820396,3.819524,0.000156000000000045,3.8116,0.0220589336395265
"2026-05-22T13:06:13.557Z","run_bootstrap",170,"http://client1:8000","run","http://client1:8000/run",1,TRUE,200,1110,265,3.78137636184692,"2026-05-22T13:06:09.770787Z","2026-05-22T13:06:13.552163Z",1779455169.77079,1779455173.55216,0.000626,0.000765,8e-04,3.766194,3.766324,3.765394,0.000129999999999963,3.7575,0.023876361846924
"2026-05-22T13:06:13.557Z","run_bootstrap",170,"http://client2:8000","run","http://client2:8000/run",1,TRUE,200,1110,263,3.76162767410278,"2026-05-22T13:06:09.772845Z","2026-05-22T13:06:13.534473Z",1779455169.77285,1779455173.53447,0.000573,0.000655,0.000688,3.743707,3.743862,3.743019,0.000154999999999905,3.7343,0.027327674102783
"2026-05-22T13:06:13.557Z","run_bootstrap",170,"http://client3:8000","run","http://client3:8000/run",1,TRUE,200,1110,261,3.66922426223755,"2026-05-22T13:06:09.771883Z","2026-05-22T13:06:13.441108Z",1779455169.77188,1779455173.44111,0.000542,0.00065,0.000685,3.654518,3.654656,3.653833,0.000138000000000194,3.6463,0.0229242622375487
"2026-05-22T13:06:17.378Z","run_bootstrap",171,"http://client1:8000","run","http://client1:8000/run",1,TRUE,200,1109,253,3.6177339553833,"2026-05-22T13:06:13.569045Z","2026-05-22T13:06:17.186779Z",1779455173.56905,1779455177.18678,0.000542,0.000649,0.000727,3.603208,3.6033,3.602481,9.1999999999981e-05,3.5959,0.0218339553833009
"2026-05-22T13:06:17.378Z","run_bootstrap",171,"http://client2:8000","run","http://client2:8000/run",1,TRUE,200,1109,253,3.79977345466614,"2026-05-22T13:06:13.571543Z","2026-05-22T13:06:17.371317Z",1779455173.57154,1779455177.37132,0.000499,0.000567,0.000597,3.78552,3.785663,3.784923,0.000143000000000004,3.7788,0.0209734546661378
"2026-05-22T13:06:17.378Z","run_bootstrap",171,"http://client3:8000","run","http://client3:8000/run",1,TRUE,200,1109,255,3.58879852294922,"2026-05-22T13:06:13.572046Z","2026-05-22T13:06:17.160844Z",1779455173.57205,1779455177.16084,0.000493,0.00056,0.000591,3.572777,3.572972,3.572186,0.000195000000000167,3.5645,0.024298522949219
"2026-05-22T13:06:21.195Z","run_bootstrap",172,"http://client1:8000","run","http://client1:8000/run",1,TRUE,200,1109,253,3.69515419006348,"2026-05-22T13:06:17.391726Z","2026-05-22T13:06:21.086880Z",1779455177.39173,1779455181.08688,0.000747,0.000867,0.000904,3.676669,3.676794,3.675765,0.000125000000000153,3.6689,0.0262541900634767
"2026-05-22T13:06:21.195Z","run_bootstrap",172,"http://client2:8000","run","http://client2:8000/run",1,TRUE,200,1109,253,3.7952082157135,"2026-05-22T13:06:17.393491Z","2026-05-22T13:06:21.188699Z",1779455177.39349,1779455181.1887,0.000696,0.000803,0.000841,3.77138,3.771499,3.770539,0.000118999999999758,3.7639,0.031308215713501
"2026-05-22T13:06:21.195Z","run_bootstrap",172,"http://client3:8000","run","http://client3:8000/run",1,TRUE,200,1109,255,3.53463292121887,"2026-05-22T13:06:17.393951Z","2026-05-22T13:06:20.928584Z",1779455177.39395,1779455180.92858,0.000598,0.000678,0.000709,3.508402,3.508527,3.507693,0.000125000000000153,3.5012,0.0334329212188722
"2026-05-22T13:06:24.922Z","run_bootstrap",173,"http://client1:8000","run","http://client1:8000/run",1,TRUE,200,1109,254,3.58197283744812,"2026-05-22T13:06:21.216110Z","2026-05-22T13:06:24.798083Z",1779455181.21611,1779455184.79808,0.000657,0.000768,0.000825,3.560352,3.560492,3.559527,0.000140000000000029,3.5523,0.0296728374481203
"2026-05-22T13:06:24.922Z","run_bootstrap",173,"http://client2:8000","run","http://client2:8000/run",1,TRUE,200,1109,252,3.7010452747345,"2026-05-22T13:06:21.216611Z","2026-05-22T13:06:24.917656Z",1779455181.21661,1779455184.91766,0.000825,0.000881,0.000899,3.680349,3.680463,3.67945,0.000113999999999947,3.6729,0.0281452747344972
"2026-05-22T13:06:24.922Z","run_bootstrap",173,"http://client3:8000","run","http://client3:8000/run",1,TRUE,200,1109,254,3.56658792495728,"2026-05-22T13:06:21.217189Z","2026-05-22T13:06:24.783777Z",1779455181.21719,1779455184.78378,0.00051,0.000606,0.000663,3.545842,3.545989,3.545179,0.000147000000000119,3.5383,0.0282879249572754
"2026-05-22T13:06:28.757Z","run_bootstrap",174,"http://client1:8000","run","http://client1:8000/run",1,TRUE,200,1109,254,3.62063002586365,"2026-05-22T13:06:24.935021Z","2026-05-22T13:06:28.555651Z",1779455184.93502,1779455188.55565,0.000637,0.000692,0.000712,3.607275,3.607415,3.606563,0.000140000000000029,3.5987,0.0219300258636475
"2026-05-22T13:06:28.757Z","run_bootstrap",174,"http://client2:8000","run","http://client2:8000/run",1,TRUE,200,1109,252,3.81792640686035,"2026-05-22T13:06:24.935228Z","2026-05-22T13:06:28.753154Z",1779455184.93523,1779455188.75315,0.000521,0.000576,0.000598,3.804812,3.804945,3.804214,0.000132999999999939,3.7963,0.0216264068603516
"2026-05-22T13:06:28.757Z","run_bootstrap",174,"http://client3:8000","run","http://client3:8000/run",1,TRUE,200,1109,254,3.59767174720764,"2026-05-22T13:06:24.935613Z","2026-05-22T13:06:28.533285Z",1779455184.93561,1779455188.53329,0.000369,0.000464,0.000488,3.584632,3.584737,3.584144,0.000105000000000022,3.5761,0.0215717472076418
"2026-05-22T13:06:32.663Z","run_bootstrap",175,"http://client1:8000","run","http://client1:8000/run",1,TRUE,200,1107,256,3.68471240997314,"2026-05-22T13:06:28.769816Z","2026-05-22T13:06:32.454528Z",1779455188.76982,1779455192.45453,0.000773,0.000862,0.000905,3.66222,3.662346,3.661315,0.000125999999999848,3.6368,0.0479124099731445
"2026-05-22T13:06:32.663Z","run_bootstrap",175,"http://client2:8000","run","http://client2:8000/run",1,TRUE,200,1107,252,3.60996341705322,"2026-05-22T13:06:28.770499Z","2026-05-22T13:06:32.380463Z",1779455188.7705,1779455192.38046,0.000771,0.000855,0.000889,3.588825,3.588969,3.587936,0.000144000000000144,3.5817,0.0282634170532226
"2026-05-22T13:06:32.663Z","run_bootstrap",175,"http://client3:8000","run","http://client3:8000/run",1,TRUE,200,1107,253,3.88450455665588,"2026-05-22T13:06:28.771060Z","2026-05-22T13:06:32.655564Z",1779455188.77106,1779455192.65556,0.000796,0.000855,0.000889,3.863294,3.863457,3.862405,0.000163000000000135,3.8559,0.0286045566558837
"2026-05-22T13:06:36.543Z","run_bootstrap",176,"http://client1:8000","run","http://client1:8000/run",1,TRUE,200,1107,256,3.73600554466248,"2026-05-22T13:06:32.680819Z","2026-05-22T13:06:36.416825Z",1779455192.68082,1779455196.41683,0.00069,0.000773,0.000795,3.719591,3.719799,3.718796,0.000208000000000208,3.7068,0.0292055446624757
"2026-05-22T13:06:36.543Z","run_bootstrap",176,"http://client2:8000","run","http://client2:8000/run",1,TRUE,200,1107,252,3.85247588157654,"2026-05-22T13:06:32.682725Z","2026-05-22T13:06:36.535201Z",1779455192.68273,1779455196.5352,0.000582,0.00067,0.000701,3.832879,3.833018,3.832178,0.000138999999999889,3.8252,0.0272758815765379
"2026-05-22T13:06:36.543Z","run_bootstrap",176,"http://client3:8000","run","http://client3:8000/run",1,TRUE,200,1107,253,3.76758933067322,"2026-05-22T13:06:32.683017Z","2026-05-22T13:06:36.450606Z",1779455192.68302,1779455196.45061,0.000491,0.000617,0.000653,3.744369,3.744535,3.743716,0.000166000000000111,3.7358,0.031789330673218
"2026-05-22T13:06:40.327Z","run_bootstrap",177,"http://client1:8000","run","http://client1:8000/run",1,TRUE,200,1109,255,3.74095463752747,"2026-05-22T13:06:36.557529Z","2026-05-22T13:06:40.298484Z",1779455196.55753,1779455200.29848,0.000653,0.00076,8e-04,3.726492,3.726629,3.725692,0.000137000000000054,3.7189,0.0220546375274657
"2026-05-22T13:06:40.327Z","run_bootstrap",177,"http://client2:8000","run","http://client2:8000/run",1,TRUE,200,1109,248,3.76033139228821,"2026-05-22T13:06:36.558868Z","2026-05-22T13:06:40.319200Z",1779455196.55887,1779455200.3192,0.000531,0.000615,0.000647,3.739401,3.739495,3.738754,9.39999999998165e-05,3.732,0.0283313922882078
"2026-05-22T13:06:40.327Z","run_bootstrap",177,"http://client3:8000","run","http://client3:8000/run",1,TRUE,200,1109,253,3.75879216194153,"2026-05-22T13:06:36.558714Z","2026-05-22T13:06:40.317506Z",1779455196.55871,1779455200.31751,0.000502,0.000583,0.000616,3.745381,3.745527,3.744765,0.000145999999999979,3.7381,0.0206921619415281
"2026-05-22T13:06:44.188Z","run_bootstrap",178,"http://client1:8000","run","http://client1:8000/run",1,TRUE,200,1109,255,3.83392477035522,"2026-05-22T13:06:40.350165Z","2026-05-22T13:06:44.184089Z",1779455200.35017,1779455204.18409,0.000372,0.000434,0.000454,3.81834,3.818371,3.817886,3.09999999998922e-05,3.8095,0.0244247703552247
"2026-05-22T13:06:44.188Z","run_bootstrap",178,"http://client2:8000","run","http://client2:8000/run",1,TRUE,200,1109,249,3.68351411819458,"2026-05-22T13:06:40.350173Z","2026-05-22T13:06:44.033688Z",1779455200.35017,1779455204.03369,0.000511,0.000587,0.00062,3.667972,3.668003,3.667352,3.10000000003363e-05,3.6607,0.0228141181945802
"2026-05-22T13:06:44.188Z","run_bootstrap",178,"http://client3:8000","run","http://client3:8000/run",1,TRUE,200,1109,253,3.83587241172791,"2026-05-22T13:06:40.348091Z","2026-05-22T13:06:44.183963Z",1779455200.34809,1779455204.18396,0.000574,0.000677,0.000712,3.823897,3.823923,3.823185,2.60000000000815e-05,3.8165,0.0193724117279053
"2026-05-22T13:06:48.217Z","run_bootstrap",179,"http://client1:8000","run","http://client1:8000/run",1,TRUE,200,1109,254,4.00796818733215,"2026-05-22T13:06:44.204283Z","2026-05-22T13:06:48.212251Z",1779455204.20428,1779455208.21225,0.000598,0.000657,0.000677,3.99409,3.994218,3.993413,0.000128000000000128,3.9869,0.0210681873321534
"2026-05-22T13:06:48.217Z","run_bootstrap",179,"http://client2:8000","run","http://client2:8000/run",1,TRUE,200,1109,252,3.71219301223755,"2026-05-22T13:06:44.204909Z","2026-05-22T13:06:47.917102Z",1779455204.20491,1779455207.9171,0.000477,0.000576,0.000598,3.699481,3.699581,3.698883,9.99999999997669e-05,3.6903,0.0218930122375487
"2026-05-22T13:06:48.217Z","run_bootstrap",179,"http://client3:8000","run","http://client3:8000/run",1,TRUE,200,1109,251,3.70865082740784,"2026-05-22T13:06:44.204889Z","2026-05-22T13:06:47.913540Z",1779455204.20489,1779455207.91354,0.00065,0.000726,0.00076,3.695963,3.696099,3.695203,0.000135999999999914,3.6874,0.0212508274078371
"2026-05-22T13:06:52.395Z","run_bootstrap",180,"http://client1:8000","run","http://client1:8000/run",1,TRUE,200,1109,254,3.97175979614258,"2026-05-22T13:06:48.228676Z","2026-05-22T13:06:52.200436Z",1779455208.22868,1779455212.20044,0.000647,0.000752,0.000803,3.958434,3.958565,3.957631,0.000131000000000103,3.8035,0.168259796142578
"2026-05-22T13:06:52.395Z","run_bootstrap",180,"http://client2:8000","run","http://client2:8000/run",1,TRUE,200,1109,252,3.70613646507263,"2026-05-22T13:06:48.229496Z","2026-05-22T13:06:51.935632Z",1779455208.2295,1779455211.93563,0.000696,0.000791,0.000841,3.693695,3.69383,3.692854,0.000135000000000218,3.5303,0.175836465072632
"2026-05-22T13:06:52.395Z","run_bootstrap",180,"http://client3:8000","run","http://client3:8000/run",1,TRUE,200,1109,251,4.15900540351868,"2026-05-22T13:06:48.231337Z","2026-05-22T13:06:52.390343Z",1779455208.23134,1779455212.39034,0.000533,0.00064,0.000674,4.146217,4.146353,4.145543,0.000136000000000358,3.9883,0.170705403518677
"2026-05-22T13:06:55.944Z","run_bootstrap",181,"http://client1:8000","run","http://client1:8000/run",1,TRUE,200,1108,256,3.53247475624084,"2026-05-22T13:06:52.407260Z","2026-05-22T13:06:55.939735Z",1779455212.40726,1779455215.93974,0.00058,0.000691,0.000727,3.509945,3.51008,3.509218,0.000134999999999774,3.5033,0.0291747562408449
"2026-05-22T13:06:55.944Z","run_bootstrap",181,"http://client2:8000","run","http://client2:8000/run",1,TRUE,200,1108,251,3.50394129753113,"2026-05-22T13:06:52.407763Z","2026-05-22T13:06:55.911704Z",1779455212.40776,1779455215.9117,0.000639,0.000743,0.000778,3.486133,3.486269,3.485355,0.000135999999999914,3.4794,0.0245412975311279
"2026-05-22T13:06:55.944Z","run_bootstrap",181,"http://client3:8000","run","http://client3:8000/run",1,TRUE,200,1108,254,3.49164867401123,"2026-05-22T13:06:52.408574Z","2026-05-22T13:06:55.900223Z",1779455212.40857,1779455215.90022,0.000606,0.000731,0.000766,3.472284,3.472435,3.471518,0.00015099999999979,3.4652,0.0264486740112306
"2026-05-22T13:06:59.633Z","run_bootstrap",182,"http://client1:8000","run","http://client1:8000/run",1,TRUE,200,1108,256,3.66744089126587,"2026-05-22T13:06:55.958489Z","2026-05-22T13:06:59.625930Z",1779455215.95849,1779455219.62593,0.000644,0.000873,0.000924,3.650009,3.650166,3.649085,0.000157000000000185,3.6426,0.0248408912658693
"2026-05-22T13:06:59.633Z","run_bootstrap",182,"http://client2:8000","run","http://client2:8000/run",1,TRUE,200,1108,251,3.27292990684509,"2026-05-22T13:06:55.958890Z","2026-05-22T13:06:59.231820Z",1779455215.95889,1779455219.23182,0.000666,0.000775,0.00081,3.257831,3.257977,3.257021,0.000145999999999979,3.2485,0.0244299068450928
"2026-05-22T13:06:59.633Z","run_bootstrap",182,"http://client3:8000","run","http://client3:8000/run",1,TRUE,200,1108,254,3.52770614624023,"2026-05-22T13:06:55.959523Z","2026-05-22T13:06:59.487229Z",1779455215.95952,1779455219.48723,0.00061,0.000736,0.000792,3.511452,3.511558,3.51066,0.000106000000000162,3.5039,0.0238061462402346
"2026-05-22T13:07:03.212Z","run_bootstrap",183,"http://client1:8000","run","http://client1:8000/run",1,TRUE,200,1108,255,3.45224022865295,"2026-05-22T13:06:59.647414Z","2026-05-22T13:07:03.099654Z",1779455219.64741,1779455223.09965,0.00062,0.000676,7e-04,3.430122,3.430158,3.429422,3.6000000000147e-05,3.4229,0.0293402286529543
"2026-05-22T13:07:03.212Z","run_bootstrap",183,"http://client2:8000","run","http://client2:8000/run",1,TRUE,200,1108,253,3.52214360237122,"2026-05-22T13:06:59.647696Z","2026-05-22T13:07:03.169840Z",1779455219.6477,1779455223.16984,0.000528,0.00061,0.000638,3.500557,3.50058,3.499919,2.29999999996622e-05,3.4938,0.028343602371216
"2026-05-22T13:07:03.212Z","run_bootstrap",183,"http://client3:8000","run","http://client3:8000/run",1,TRUE,200,1108,254,3.5607738494873,"2026-05-22T13:06:59.647145Z","2026-05-22T13:07:03.207919Z",1779455219.64715,1779455223.20792,0.000729,0.000839,0.00088,3.541811,3.541843,3.540931,3.2000000000032e-05,3.5344,0.0263738494873045
"2026-05-22T13:07:06.851Z","run_bootstrap",184,"http://client1:8000","run","http://client1:8000/run",1,TRUE,200,1108,255,3.61934328079224,"2026-05-22T13:07:03.227426Z","2026-05-22T13:07:06.846769Z",1779455223.22743,1779455226.84677,0.000771,0.000885,0.00092,3.60166,3.601895,3.60074,0.000234999999999985,3.5943,0.0250432807922363
"2026-05-22T13:07:06.851Z","run_bootstrap",184,"http://client2:8000","run","http://client2:8000/run",1,TRUE,200,1108,253,3.54347062110901,"2026-05-22T13:07:03.226933Z","2026-05-22T13:07:06.770403Z",1779455223.22693,1779455226.7704,0.000575,0.000678,0.000712,3.529739,3.529867,3.529027,0.000127999999999684,3.5228,0.0206706211090086
"2026-05-22T13:07:06.851Z","run_bootstrap",184,"http://client3:8000","run","http://client3:8000/run",1,TRUE,200,1108,254,3.55781435966492,"2026-05-22T13:07:03.228741Z","2026-05-22T13:07:06.786555Z",1779455223.22874,1779455226.78656,0.000603,0.000689,0.000722,3.540238,3.540359,3.539516,0.000121000000000038,3.5329,0.0249143596649168
"2026-05-22T13:07:10.574Z","run_bootstrap",185,"http://client1:8000","run","http://client1:8000/run",1,TRUE,200,1109,256,3.70408725738525,"2026-05-22T13:07:06.863349Z","2026-05-22T13:07:10.567436Z",1779455226.86335,1779455230.56744,0.000642,0.000731,0.000765,3.689033,3.689183,3.688268,0.000150000000000095,3.6813,0.0227872573852541
"2026-05-22T13:07:10.574Z","run_bootstrap",185,"http://client2:8000","run","http://client2:8000/run",1,TRUE,200,1109,252,3.47244548797607,"2026-05-22T13:07:06.863927Z","2026-05-22T13:07:10.336372Z",1779455226.86393,1779455230.33637,0.000733,0.000815,0.000836,3.458321,3.458462,3.457485,0.000140999999999725,3.4512,0.0212454879760742
"2026-05-22T13:07:10.574Z","run_bootstrap",185,"http://client3:8000","run","http://client3:8000/run",1,TRUE,200,1109,255,3.37906312942505,"2026-05-22T13:07:06.864515Z","2026-05-22T13:07:10.243578Z",1779455226.86452,1779455230.24358,0.000793,0.000848,0.000867,3.365613,3.365744,3.364746,0.000130999999999659,3.3584,0.0206631294250488
"2026-05-22T13:07:14.176Z","run_bootstrap",186,"http://client1:8000","run","http://client1:8000/run",1,TRUE,200,1109,256,3.50174617767334,"2026-05-22T13:07:10.592547Z","2026-05-22T13:07:14.094293Z",1779455230.59255,1779455234.09429,0.000504,0.000597,0.000631,3.482098,3.482234,3.481467,0.000135999999999914,3.4737,0.0280461776733398
"2026-05-22T13:07:14.176Z","run_bootstrap",186,"http://client2:8000","run","http://client2:8000/run",1,TRUE,200,1109,252,3.57098698616028,"2026-05-22T13:07:10.592853Z","2026-05-22T13:07:14.163840Z",1779455230.59285,1779455234.16384,0.000405,0.000481,0.000515,3.549946,3.550074,3.549431,0.000128000000000128,3.5431,0.0278869861602784
"2026-05-22T13:07:14.176Z","run_bootstrap",186,"http://client3:8000","run","http://client3:8000/run",1,TRUE,200,1109,255,3.57933568954468,"2026-05-22T13:07:10.592071Z","2026-05-22T13:07:14.171407Z",1779455230.59207,1779455234.17141,0.000693,0.000821,0.000857,3.565711,3.565848,3.564854,0.000137000000000054,3.5585,0.0208356895446777
"2026-05-22T13:07:17.832Z","run_bootstrap",187,"http://client1:8000","run","http://client1:8000/run",1,TRUE,200,1106,255,3.59717726707458,"2026-05-22T13:07:14.186705Z","2026-05-22T13:07:17.783882Z",1779455234.18671,1779455237.78388,0.000692,0.000797,0.000831,3.58145,3.581535,3.580619,8.50000000003348e-05,3.5738,0.0233772670745851
"2026-05-22T13:07:17.832Z","run_bootstrap",187,"http://client2:8000","run","http://client2:8000/run",1,TRUE,200,1106,254,3.42207193374634,"2026-05-22T13:07:14.188480Z","2026-05-22T13:07:17.610552Z",1779455234.18848,1779455237.61055,0.000903,0.00099,0.001013,3.404968,3.405099,3.403955,0.000130999999999659,3.3956,0.0264719337463379
"2026-05-22T13:07:17.832Z","run_bootstrap",187,"http://client3:8000","run","http://client3:8000/run",1,TRUE,200,1106,253,3.63882040977478,"2026-05-22T13:07:14.188785Z","2026-05-22T13:07:17.827605Z",1779455234.18879,1779455237.82761,0.000476,0.000507,0.00052,3.622296,3.622412,3.621776,0.000116000000000227,3.6159,0.0229204097747804
"2026-05-22T13:07:21.479Z","run_bootstrap",188,"http://client1:8000","run","http://client1:8000/run",1,TRUE,200,1106,255,3.55466341972351,"2026-05-22T13:07:17.844525Z","2026-05-22T13:07:21.399188Z",1779455237.84453,1779455241.39919,0.000706,0.000811,0.000848,3.539928,3.540021,3.53908,9.29999999996767e-05,3.5324,0.0222634197235108
"2026-05-22T13:07:21.479Z","run_bootstrap",188,"http://client2:8000","run","http://client2:8000/run",1,TRUE,200,1106,254,3.62583160400391,"2026-05-22T13:07:17.845900Z","2026-05-22T13:07:21.471731Z",1779455237.8459,1779455241.47173,0.000609,0.000719,0.000755,3.611412,3.611559,3.610657,0.000147000000000119,3.6043,0.0215316040039064
"2026-05-22T13:07:21.479Z","run_bootstrap",188,"http://client3:8000","run","http://client3:8000/run",1,TRUE,200,1106,253,3.60939049720764,"2026-05-22T13:07:17.847513Z","2026-05-22T13:07:21.456904Z",1779455237.84751,1779455241.4569,0.000452,6e-04,0.000637,3.593694,3.593849,3.593057,0.000154999999999905,3.5859,0.0234904972076415
"2026-05-22T13:07:25.323Z","run_bootstrap",189,"http://client1:8000","run","http://client1:8000/run",1,TRUE,200,1109,255,3.534916639328,"2026-05-22T13:07:21.494444Z","2026-05-22T13:07:25.029360Z",1779455241.49444,1779455245.02936,0.000653,0.000764,0.000801,3.515763,3.515901,3.514962,0.000137999999999749,3.5082,0.0267166393280029
"2026-05-22T13:07:25.323Z","run_bootstrap",189,"http://client2:8000","run","http://client2:8000/run",1,TRUE,200,1109,254,3.56189918518066,"2026-05-22T13:07:21.496136Z","2026-05-22T13:07:25.058036Z",1779455241.49614,1779455245.05804,0.000333,0.00042,0.000456,3.543348,3.543488,3.542892,0.000140000000000029,3.5367,0.0251991851806639
"2026-05-22T13:07:25.323Z","run_bootstrap",189,"http://client3:8000","run","http://client3:8000/run",1,TRUE,200,1109,252,3.82159304618835,"2026-05-22T13:07:21.496784Z","2026-05-22T13:07:25.318377Z",1779455241.49678,1779455245.31838,0.000477,0.000547,0.000581,3.803805,3.803947,3.803224,0.000141999999999864,3.7971,0.0244930461883546
"2026-05-22T13:07:29.060Z","run_bootstrap",190,"http://client1:8000","run","http://client1:8000/run",1,TRUE,200,1109,255,3.60009026527405,"2026-05-22T13:07:25.337001Z","2026-05-22T13:07:28.937091Z",1779455245.337,1779455248.93709,0.000641,0.000752,0.000788,3.586334,3.586446,3.585546,0.000112000000000112,3.5779,0.0221902652740478
"2026-05-22T13:07:29.060Z","run_bootstrap",190,"http://client2:8000","run","http://client2:8000/run",1,TRUE,200,1109,253,3.6439516544342,"2026-05-22T13:07:25.338797Z","2026-05-22T13:07:28.982748Z",1779455245.3388,1779455248.98275,0.000569,0.000659,0.000696,3.630786,3.630967,3.63009,0.000180999999999987,3.624,0.019951654434204
"2026-05-22T13:07:29.060Z","run_bootstrap",190,"http://client3:8000","run","http://client3:8000/run",1,TRUE,200,1109,252,3.71389269828796,"2026-05-22T13:07:25.339190Z","2026-05-22T13:07:29.053083Z",1779455245.33919,1779455249.05308,0.000598,0.000667,7e-04,3.700421,3.700563,3.699721,0.000141999999999864,3.6925,0.021392698287964
"2026-05-22T13:07:32.990Z","run_bootstrap",191,"http://client1:8000","run","http://client1:8000/run",1,TRUE,200,1109,256,3.91360235214233,"2026-05-22T13:07:29.072165Z","2026-05-22T13:07:32.985767Z",1779455249.07217,1779455252.98577,0.000592,0.000689,0.000722,3.894871,3.895002,3.894149,0.000130999999999659,3.8875,0.0261023521423338
"2026-05-22T13:07:32.990Z","run_bootstrap",191,"http://client2:8000","run","http://client2:8000/run",1,TRUE,200,1109,253,3.49357080459595,"2026-05-22T13:07:29.071548Z","2026-05-22T13:07:32.565119Z",1779455249.07155,1779455252.56512,0.000749,0.00087,0.000907,3.479691,3.479818,3.478784,0.000126999999999988,3.4688,0.0247708045959474
"2026-05-22T13:07:32.990Z","run_bootstrap",191,"http://client3:8000","run","http://client3:8000/run",1,TRUE,200,1109,253,3.71428084373474,"2026-05-22T13:07:29.073290Z","2026-05-22T13:07:32.787570Z",1779455249.07329,1779455252.78757,0.000439,0.000523,0.000562,3.695645,3.695805,3.695083,0.00016000000000016,3.6889,0.0253808437347414
"2026-05-22T13:07:36.916Z","run_bootstrap",192,"http://client1:8000","run","http://client1:8000/run",1,TRUE,200,1109,256,3.61112642288208,"2026-05-22T13:07:33.002116Z","2026-05-22T13:07:36.613242Z",1779455253.00212,1779455256.61324,0.000682,0.000787,0.000822,3.596536,3.596643,3.595714,0.000106999999999857,3.5865,0.0246264228820801
"2026-05-22T13:07:36.916Z","run_bootstrap",192,"http://client2:8000","run","http://client2:8000/run",1,TRUE,200,1109,253,3.90778589248657,"2026-05-22T13:07:33.004058Z","2026-05-22T13:07:36.911844Z",1779455253.00406,1779455256.91184,0.000684,0.000748,0.000771,3.885892,3.886038,3.885121,0.000145999999999979,3.8767,0.0310858924865722
"2026-05-22T13:07:36.916Z","run_bootstrap",192,"http://client3:8000","run","http://client3:8000/run",1,TRUE,200,1109,253,3.80175256729126,"2026-05-22T13:07:33.004361Z","2026-05-22T13:07:36.806113Z",1779455253.00436,1779455256.80611,0.000614,0.000714,0.000749,3.779495,3.779621,3.778746,0.000126000000000293,3.7712,0.0305525672912599
"2026-05-22T13:07:40.834Z","run_bootstrap",193,"http://client1:8000","run","http://client1:8000/run",1,TRUE,200,1109,255,3.70140504837036,"2026-05-22T13:07:36.929322Z","2026-05-22T13:07:40.630727Z",1779455256.92932,1779455260.63073,0.00061,0.000715,0.000749,3.685897,3.68604,3.685148,0.000143000000000004,3.6781,0.0233050483703612
"2026-05-22T13:07:40.834Z","run_bootstrap",193,"http://client2:8000","run","http://client2:8000/run",1,TRUE,200,1109,254,3.89665293693542,"2026-05-22T13:07:36.930197Z","2026-05-22T13:07:40.826849Z",1779455256.9302,1779455260.82685,0.000728,0.000849,0.000887,3.880649,3.880804,3.879762,0.000154999999999905,3.8716,0.0250529369354249
"2026-05-22T13:07:40.834Z","run_bootstrap",193,"http://client3:8000","run","http://client3:8000/run",1,TRUE,200,1109,253,3.61219501495361,"2026-05-22T13:07:36.930813Z","2026-05-22T13:07:40.543008Z",1779455256.93081,1779455260.54301,0.000732,0.000834,0.000872,3.596825,3.596966,3.595953,0.000141000000000169,3.5892,0.0229950149536133
"2026-05-22T13:07:44.631Z","run_bootstrap",194,"http://client1:8000","run","http://client1:8000/run",1,TRUE,200,1109,255,3.74845266342163,"2026-05-22T13:07:40.852638Z","2026-05-22T13:07:44.601091Z",1779455260.85264,1779455264.60109,0.000679,0.000783,0.000822,3.729916,3.729948,3.729094,3.2000000000032e-05,3.7222,0.0262526634216309
"2026-05-22T13:07:44.631Z","run_bootstrap",194,"http://client2:8000","run","http://client2:8000/run",1,TRUE,200,1109,253,3.77156472206116,"2026-05-22T13:07:40.854455Z","2026-05-22T13:07:44.626020Z",1779455260.85446,1779455264.62602,0.000652,0.000761,0.000799,3.748718,3.74875,3.747919,3.19999999995879e-05,3.741,0.0305647220611571
"2026-05-22T13:07:44.631Z","run_bootstrap",194,"http://client3:8000","run","http://client3:8000/run",1,TRUE,200,1109,253,3.60176825523376,"2026-05-22T13:07:40.854862Z","2026-05-22T13:07:44.456630Z",1779455260.85486,1779455264.45663,0.000576,0.000686,0.000727,3.576822,3.576886,3.576095,6.4000000000064e-05,3.5691,0.0326682552337645
"2026-05-22T13:07:48.372Z","run_bootstrap",195,"http://client1:8000","run","http://client1:8000/run",1,TRUE,200,1107,256,3.71908664703369,"2026-05-22T13:07:44.645937Z","2026-05-22T13:07:48.365024Z",1779455264.64594,1779455268.36502,0.000644,0.00076,0.000796,3.702664,3.702799,3.701868,0.000135000000000218,3.6944,0.0246866470336915
"2026-05-22T13:07:48.372Z","run_bootstrap",195,"http://client2:8000","run","http://client2:8000/run",1,TRUE,200,1107,254,3.70102643966675,"2026-05-22T13:07:44.646694Z","2026-05-22T13:07:48.347720Z",1779455264.64669,1779455268.34772,0.000532,0.000646,0.000682,3.684558,3.684699,3.683876,0.000141000000000169,3.6772,0.023826439666748
"2026-05-22T13:07:48.372Z","run_bootstrap",195,"http://client3:8000","run","http://client3:8000/run",1,TRUE,200,1107,253,3.66743421554565,"2026-05-22T13:07:44.647232Z","2026-05-22T13:07:48.314666Z",1779455264.64723,1779455268.31467,0.000777,0.000895,0.00093,3.653433,3.653564,3.652503,0.000130999999999659,3.646,0.0214342155456544
"2026-05-22T13:07:52.226Z","run_bootstrap",196,"http://client1:8000","run","http://client1:8000/run",1,TRUE,200,1107,256,3.83650898933411,"2026-05-22T13:07:48.385617Z","2026-05-22T13:07:52.222126Z",1779455268.38562,1779455272.22213,0.000536,0.000609,0.000631,3.823835,3.823959,3.823204,0.000124000000000013,3.8166,0.0199089893341062
"2026-05-22T13:07:52.226Z","run_bootstrap",196,"http://client2:8000","run","http://client2:8000/run",1,TRUE,200,1107,254,3.44801425933838,"2026-05-22T13:07:48.385024Z","2026-05-22T13:07:51.833038Z",1779455268.38502,1779455271.83304,0.000481,0.000573,0.000606,3.433606,3.43374,3.433,0.000133999999999634,3.4233,0.0247142593383791
"2026-05-22T13:07:52.226Z","run_bootstrap",196,"http://client3:8000","run","http://client3:8000/run",1,TRUE,200,1107,254,3.73878407478333,"2026-05-22T13:07:48.385670Z","2026-05-22T13:07:52.124454Z",1779455268.38567,1779455272.12445,0.000511,0.000608,0.000641,3.72546,3.725602,3.724819,0.000141999999999864,3.7183,0.020484074783325
"2026-05-22T13:07:55.963Z","run_bootstrap",197,"http://client1:8000","run","http://client1:8000/run",1,TRUE,200,1109,255,3.65307188034058,"2026-05-22T13:07:52.238533Z","2026-05-22T13:07:55.891605Z",1779455272.23853,1779455275.89161,0.000467,0.000551,0.000584,3.637923,3.63802,3.637339,9.70000000002358e-05,3.6301,0.0229718803405761
"2026-05-22T13:07:55.963Z","run_bootstrap",197,"http://client2:8000","run","http://client2:8000/run",1,TRUE,200,1109,254,3.71756267547607,"2026-05-22T13:07:52.238254Z","2026-05-22T13:07:55.955816Z",1779455272.23825,1779455275.95582,0.000689,0.000792,0.000826,3.703356,3.703523,3.70253,0.00016700000000025,3.6942,0.0233626754760743
"2026-05-22T13:07:55.963Z","run_bootstrap",197,"http://client3:8000","run","http://client3:8000/run",1,TRUE,200,1109,252,3.71816897392273,"2026-05-22T13:07:52.239957Z","2026-05-22T13:07:55.958126Z",1779455272.23996,1779455275.95813,0.00052,0.000611,0.000644,3.700279,3.70035,3.699635,7.09999999997102e-05,3.6911,0.0270689739227294
"2026-05-22T13:07:59.954Z","run_bootstrap",198,"http://client1:8000","run","http://client1:8000/run",1,TRUE,200,1109,255,3.97332906723022,"2026-05-22T13:07:55.976314Z","2026-05-22T13:07:59.949643Z",1779455275.97631,1779455279.94964,0.000764,0.000912,0.001085,3.958243,3.958376,3.957158,0.000132999999999939,3.9485,0.0248290672302245
"2026-05-22T13:07:59.954Z","run_bootstrap",198,"http://client2:8000","run","http://client2:8000/run",1,TRUE,200,1109,253,3.68889141082764,"2026-05-22T13:07:55.976946Z","2026-05-22T13:07:59.665838Z",1779455275.97695,1779455279.66584,0.000648,0.000752,0.000793,3.670802,3.670963,3.670009,0.000160999999999856,3.657,0.0318914108276367
"2026-05-22T13:07:59.954Z","run_bootstrap",198,"http://client3:8000","run","http://client3:8000/run",1,TRUE,200,1109,252,3.64664721488953,"2026-05-22T13:07:55.977543Z","2026-05-22T13:07:59.624190Z",1779455275.97754,1779455279.62419,0.000516,0.000629,0.00067,3.629197,3.629336,3.628527,0.000138999999999889,3.6161,0.0305472148895265
"2026-05-22T13:08:03.975Z","run_bootstrap",199,"http://client1:8000","run","http://client1:8000/run",1,TRUE,200,1108,255,3.87827157974243,"2026-05-22T13:07:59.966772Z","2026-05-22T13:08:03.845043Z",1779455279.96677,1779455283.84504,0.00075,0.000857,0.000891,3.863761,3.863888,3.86287,0.000127000000000432,3.8541,0.0241715797424318
"2026-05-22T13:08:03.975Z","run_bootstrap",199,"http://client2:8000","run","http://client2:8000/run",1,TRUE,200,1108,254,3.78392457962036,"2026-05-22T13:07:59.968746Z","2026-05-22T13:08:03.752671Z",1779455279.96875,1779455283.75267,0.000478,0.000566,0.000589,3.768814,3.768944,3.768225,0.000129999999999963,3.7478,0.0361245796203615
"2026-05-22T13:08:03.975Z","run_bootstrap",199,"http://client3:8000","run","http://client3:8000/run",1,TRUE,200,1108,254,4.00063109397888,"2026-05-22T13:07:59.969143Z","2026-05-22T13:08:03.969774Z",1779455279.96914,1779455283.96977,0.000618,0.000675,0.000692,3.98582,3.985954,3.985128,0.000134000000000079,3.9635,0.037131093978882
"2026-05-22T13:08:08.184Z","run_bootstrap",200,"http://client1:8000","run","http://client1:8000/run",1,TRUE,200,1108,255,3.9359769821167,"2026-05-22T13:08:03.987646Z","2026-05-22T13:08:07.923623Z",1779455283.98765,1779455287.92362,0.000694,0.000797,0.000831,3.917851,3.917989,3.91702,0.000137999999999749,3.7471,0.188876982116699
"2026-05-22T13:08:08.184Z","run_bootstrap",200,"http://client2:8000","run","http://client2:8000/run",1,TRUE,200,1108,254,4.19009304046631,"2026-05-22T13:08:03.989420Z","2026-05-22T13:08:08.179513Z",1779455283.98942,1779455288.17951,0.000712,0.00082,0.000857,4.164835,4.164958,4.163978,0.000123000000000317,4.0016,0.188493040466309
"2026-05-22T13:08:08.184Z","run_bootstrap",200,"http://client3:8000","run","http://client3:8000/run",1,TRUE,200,1108,254,3.76187038421631,"2026-05-22T13:08:03.989750Z","2026-05-22T13:08:07.751620Z",1779455283.98975,1779455287.75162,0.000644,0.00074,0.000772,3.741165,3.741316,3.740393,0.00015099999999979,3.5704,0.191470384216309
"2026-05-22T13:08:11.860Z","run_bootstrap",201,"http://client1:8000","run","http://client1:8000/run",1,TRUE,200,1109,256,3.43851470947266,"2026-05-22T13:08:08.197962Z","2026-05-22T13:08:11.636477Z",1779455288.19796,1779455291.63648,0.000482,0.00057,0.000594,3.424738,3.424875,3.424144,0.000137000000000054,3.4178,0.0207147094726561
"2026-05-22T13:08:11.860Z","run_bootstrap",201,"http://client2:8000","run","http://client2:8000/run",1,TRUE,200,1109,252,3.65485024452209,"2026-05-22T13:08:08.198845Z","2026-05-22T13:08:11.853695Z",1779455288.19885,1779455291.8537,0.000617,0.000688,0.000706,3.639326,3.639462,3.63862,0.000135999999999914,3.633,0.0218502445220947
"2026-05-22T13:08:11.860Z","run_bootstrap",201,"http://client3:8000","run","http://client3:8000/run",1,TRUE,200,1109,253,3.47284913063049,"2026-05-22T13:08:08.198031Z","2026-05-22T13:08:11.670880Z",1779455288.19803,1779455291.67088,0.000773,0.000845,0.000866,3.459929,3.460055,3.459063,0.000126000000000293,3.4531,0.0197491306304931
"2026-05-22T13:08:15.645Z","run_bootstrap",202,"http://client1:8000","run","http://client1:8000/run",1,TRUE,200,1109,256,3.57661509513855,"2026-05-22T13:08:11.875084Z","2026-05-22T13:08:15.451699Z",1779455291.87508,1779455295.4517,0.000527,0.000595,0.000627,3.555245,3.555401,3.554618,0.000155999999999601,3.5472,0.0294150951385497
"2026-05-22T13:08:15.645Z","run_bootstrap",202,"http://client2:8000","run","http://client2:8000/run",1,TRUE,200,1109,253,3.76243948936462,"2026-05-22T13:08:11.875480Z","2026-05-22T13:08:15.637920Z",1779455291.87548,1779455295.63792,0.000568,0.000655,0.000687,3.741595,3.741734,3.740908,0.000139000000000333,3.7349,0.0275394893646239
"2026-05-22T13:08:15.645Z","run_bootstrap",202,"http://client3:8000","run","http://client3:8000/run",1,TRUE,200,1109,253,3.55551886558533,"2026-05-22T13:08:11.874631Z","2026-05-22T13:08:15.430150Z",1779455291.87463,1779455295.43015,0.00059,0.000695,0.000731,3.541728,3.541818,3.540997,9.00000000001455e-05,3.5347,0.0208188655853272
"2026-05-22T13:08:19.447Z","run_bootstrap",203,"http://client1:8000","run","http://client1:8000/run",1,TRUE,200,1109,256,3.7841432094574,"2026-05-22T13:08:15.658235Z","2026-05-22T13:08:19.442378Z",1779455295.65824,1779455299.44238,0.000705,0.000814,0.00085,3.769816,3.769935,3.768966,0.000118999999999758,3.7624,0.0217432094573975
"2026-05-22T13:08:19.447Z","run_bootstrap",203,"http://client2:8000","run","http://client2:8000/run",1,TRUE,200,1109,252,3.47092604637146,"2026-05-22T13:08:15.659981Z","2026-05-22T13:08:19.130907Z",1779455295.65998,1779455299.13091,0.000662,0.000747,0.00077,3.45242,3.45257,3.45165,0.000150000000000095,3.4454,0.0255260463714602
"2026-05-22T13:08:19.447Z","run_bootstrap",203,"http://client3:8000","run","http://client3:8000/run",1,TRUE,200,1109,253,3.7397882938385,"2026-05-22T13:08:15.660263Z","2026-05-22T13:08:19.400051Z",1779455295.66026,1779455299.40005,0.000754,0.000839,0.000872,3.721722,3.721858,3.72085,0.000135999999999914,3.7147,0.0250882938385009
"2026-05-22T13:08:23.257Z","run_bootstrap",204,"http://client1:8000","run","http://client1:8000/run",1,TRUE,200,1109,256,3.3952648639679,"2026-05-22T13:08:19.461133Z","2026-05-22T13:08:22.856397Z",1779455299.46113,1779455302.8564,0.000446,0.00054,0.000574,3.376787,3.376937,3.376213,0.00014999999999965,3.3545,0.0407648639678957
"2026-05-22T13:08:23.257Z","run_bootstrap",204,"http://client2:8000","run","http://client2:8000/run",1,TRUE,200,1109,252,3.79143905639648,"2026-05-22T13:08:19.461712Z","2026-05-22T13:08:23.253151Z",1779455299.46171,1779455303.25315,0.000469,0.000545,0.000577,3.769574,3.769698,3.768997,0.000124000000000013,3.7602,0.0312390563964842
"2026-05-22T13:08:23.257Z","run_bootstrap",204,"http://client3:8000","run","http://client3:8000/run",1,TRUE,200,1109,253,3.78694415092468,"2026-05-22T13:08:19.462282Z","2026-05-22T13:08:23.249227Z",1779455299.46228,1779455303.24923,0.000587,0.000695,0.000731,3.76978,3.769916,3.769049,0.000135999999999914,3.7605,0.0264441509246827
