"timestamp","phase","round_id","client","endpoint","url","attempt","ok","status","request_bytes","response_bytes","elapsed_sec","request_start_ts_utc","request_end_ts_utc","request_start_epoch_sec","request_end_epoch_sec","curl_namelookup_sec","curl_connect_sec","curl_pretransfer_sec","curl_starttransfer_sec","curl_total_sec","curl_ttfb_sec","curl_response_transfer_sec","client_compute_sec","net_overhead_sec"
"2026-05-22T01:19:19.129Z","init",1,"http://client1:8000","init","http://client1:8000/init",1,TRUE,200,2713,387,0.36539101600647,"2026-05-22T01:19:18.696412Z","2026-05-22T01:19:19.061803Z",1779412758.69641,1779412759.0618,0.000694,0.000784,0.000811,0.349388,0.349606,0.348577,0.000217999999999996,NA,NA
"2026-05-22T01:19:19.129Z","init",1,"http://client2:8000","init","http://client2:8000/init",1,TRUE,200,2713,387,0.370316028594971,"2026-05-22T01:19:18.697508Z","2026-05-22T01:19:19.067824Z",1779412758.69751,1779412759.06782,0.000679,0.000771,0.000808,0.354941,0.35498,0.354133,3.90000000000112e-05,NA,NA
"2026-05-22T01:19:19.129Z","init",1,"http://client3:8000","init","http://client3:8000/init",1,TRUE,200,2713,387,0.364216566085815,"2026-05-22T01:19:18.698088Z","2026-05-22T01:19:19.062305Z",1779412758.69809,1779412759.06231,0.000467,0.000555,0.000592,0.346736,0.346775,0.346144,3.90000000000112e-05,NA,NA
"2026-05-22T01:19:25.065Z","run_bootstrap",1,"http://client1:8000","run","http://client1:8000/run",1,TRUE,200,1108,255,5.71600317955017,"2026-05-22T01:19:19.345468Z","2026-05-22T01:19:25.061471Z",1779412759.34547,1779412765.06147,0.000673,0.000784,0.000826,5.702259,5.702301,5.701433,4.20000000005416e-05,5.6461,0.0699031795501712
"2026-05-22T01:19:25.065Z","run_bootstrap",1,"http://client2:8000","run","http://client2:8000/run",1,TRUE,200,1108,255,5.55163621902466,"2026-05-22T01:19:19.347023Z","2026-05-22T01:19:24.898660Z",1779412759.34702,1779412764.89866,0.00042,0.000496,0.000533,5.53858,5.538621,5.538047,4.10000000004018e-05,5.4828,0.0688362190246581
"2026-05-22T01:19:25.065Z","run_bootstrap",1,"http://client3:8000","run","http://client3:8000/run",1,TRUE,200,1108,251,5.41631197929382,"2026-05-22T01:19:19.347388Z","2026-05-22T01:19:24.763700Z",1779412759.34739,1779412764.7637,0.000302,0.000361,0.000384,5.403006,5.403049,5.402622,4.29999999997932e-05,5.3486,0.067711979293823
"2026-05-22T01:19:28.749Z","run_bootstrap",2,"http://client1:8000","run","http://client1:8000/run",1,TRUE,200,1108,255,3.62609791755676,"2026-05-22T01:19:25.118915Z","2026-05-22T01:19:28.745013Z",1779412765.11892,1779412768.74501,0.000683,0.000788,0.00083,3.61208,3.612116,3.61125,3.59999999997029e-05,3.4991,0.126997917556763
"2026-05-22T01:19:28.749Z","run_bootstrap",2,"http://client2:8000","run","http://client2:8000/run",1,TRUE,200,1108,255,3.59389352798462,"2026-05-22T01:19:25.120159Z","2026-05-22T01:19:28.714052Z",1779412765.12016,1779412768.71405,0.000724,0.000793,0.000828,3.579951,3.579996,3.579123,4.50000000000728e-05,3.4686,0.125293527984619
"2026-05-22T01:19:28.749Z","run_bootstrap",2,"http://client3:8000","run","http://client3:8000/run",1,TRUE,200,1108,251,3.54301238059998,"2026-05-22T01:19:25.120555Z","2026-05-22T01:19:28.663568Z",1779412765.12056,1779412768.66357,0.000689,0.000756,0.00078,3.529423,3.529532,3.528643,0.000109000000000137,3.4178,0.125212380599975
"2026-05-22T01:19:32.363Z","run_bootstrap",3,"http://client1:8000","run","http://client1:8000/run",1,TRUE,200,1109,256,3.51187777519226,"2026-05-22T01:19:28.764732Z","2026-05-22T01:19:32.276610Z",1779412768.76473,1779412772.27661,0.000655,0.000755,0.000796,3.498368,3.498416,3.497572,4.8000000000048e-05,3.4904,0.0214777751922606
"2026-05-22T01:19:32.363Z","run_bootstrap",3,"http://client2:8000","run","http://client2:8000/run",1,TRUE,200,1109,255,3.59330773353577,"2026-05-22T01:19:28.765593Z","2026-05-22T01:19:32.358901Z",1779412768.76559,1779412772.3589,0.000503,0.000578,0.000612,3.577192,3.577236,3.57658,4.3999999999933e-05,3.5707,0.0226077335357666
"2026-05-22T01:19:32.363Z","run_bootstrap",3,"http://client3:8000","run","http://client3:8000/run",1,TRUE,200,1109,255,3.3853919506073,"2026-05-22T01:19:28.764802Z","2026-05-22T01:19:32.150194Z",1779412768.7648,1779412772.15019,0.000698,0.000761,0.000785,3.372676,3.372715,3.371891,3.90000000001223e-05,3.3658,0.0195919506072997
"2026-05-22T01:19:35.920Z","run_bootstrap",4,"http://client1:8000","run","http://client1:8000/run",1,TRUE,200,1109,256,3.52591466903687,"2026-05-22T01:19:32.378339Z","2026-05-22T01:19:35.904254Z",1779412772.37834,1779412775.90425,0.000669,0.000785,0.00082,3.511635,3.51168,3.510815,4.50000000000728e-05,3.5045,0.0214146690368651
"2026-05-22T01:19:35.920Z","run_bootstrap",4,"http://client2:8000","run","http://client2:8000/run",1,TRUE,200,1109,255,3.39346265792847,"2026-05-22T01:19:32.377722Z","2026-05-22T01:19:35.771184Z",1779412772.37772,1779412775.77118,0.000728,0.000836,0.00087,3.380321,3.380366,3.379451,4.50000000000728e-05,3.3735,0.0199626579284669
"2026-05-22T01:19:35.920Z","run_bootstrap",4,"http://client3:8000","run","http://client3:8000/run",1,TRUE,200,1109,255,3.53660345077515,"2026-05-22T01:19:32.379331Z","2026-05-22T01:19:35.915935Z",1779412772.37933,1779412775.91594,0.000549,0.000639,0.000671,3.521848,3.521891,3.521177,4.30000000002373e-05,3.5146,0.0220034507751463
"2026-05-22T01:19:39.501Z","run_bootstrap",5,"http://client1:8000","run","http://client1:8000/run",1,TRUE,200,1109,253,3.56164145469666,"2026-05-22T01:19:35.931640Z","2026-05-22T01:19:39.493281Z",1779412775.93164,1779412779.49328,0.000913,0.000972,0.000998,3.54024,3.540277,3.539242,3.70000000002868e-05,3.5327,0.0289414546966551
"2026-05-22T01:19:39.501Z","run_bootstrap",5,"http://client2:8000","run","http://client2:8000/run",1,TRUE,200,1109,252,3.41562151908875,"2026-05-22T01:19:35.932198Z","2026-05-22T01:19:39.347819Z",1779412775.9322,1779412779.34782,0.000639,0.000752,0.00079,3.395966,3.395996,3.395176,2.99999999997524e-05,3.3888,0.0268215190887453
"2026-05-22T01:19:39.501Z","run_bootstrap",5,"http://client3:8000","run","http://client3:8000/run",1,TRUE,200,1109,253,3.54915475845337,"2026-05-22T01:19:35.932662Z","2026-05-22T01:19:39.481817Z",1779412775.93266,1779412779.48182,0.00058,0.000672,0.000707,3.528848,3.528877,3.528141,2.90000000000568e-05,3.5207,0.028454758453369
"2026-05-22T01:19:43.036Z","run_bootstrap",6,"http://client1:8000","run","http://client1:8000/run",1,TRUE,200,1109,253,3.47801947593689,"2026-05-22T01:19:39.518324Z","2026-05-22T01:19:42.996344Z",1779412779.51832,1779412782.99634,0.000549,0.000629,0.000666,3.45944,3.459572,3.458774,0.000132000000000243,3.4522,0.0258194759368897
"2026-05-22T01:19:43.036Z","run_bootstrap",6,"http://client2:8000","run","http://client2:8000/run",1,TRUE,200,1109,252,3.4120945930481,"2026-05-22T01:19:39.519300Z","2026-05-22T01:19:42.931394Z",1779412779.5193,1779412782.93139,0.000583,0.000644,0.00067,3.395193,3.395323,3.394523,0.000129999999999963,3.3864,0.0256945930480956
"2026-05-22T01:19:43.036Z","run_bootstrap",6,"http://client3:8000","run","http://client3:8000/run",1,TRUE,200,1109,253,3.51226162910461,"2026-05-22T01:19:39.519860Z","2026-05-22T01:19:43.032122Z",1779412779.51986,1779412783.03212,0.000572,0.000647,0.000672,3.495399,3.495543,3.494727,0.000144000000000144,3.4889,0.0233616291046141
"2026-05-22T01:19:46.544Z","run_bootstrap",7,"http://client1:8000","run","http://client1:8000/run",1,TRUE,200,1107,256,3.49100041389465,"2026-05-22T01:19:43.048649Z","2026-05-22T01:19:46.539649Z",1779412783.04865,1779412786.53965,0.000532,0.000641,0.000679,3.477987,3.47803,3.477308,4.29999999997932e-05,3.4706,0.0204004138946532
"2026-05-22T01:19:46.544Z","run_bootstrap",7,"http://client2:8000","run","http://client2:8000/run",1,TRUE,200,1107,251,3.4777889251709,"2026-05-22T01:19:43.049200Z","2026-05-22T01:19:46.526989Z",1779412783.0492,1779412786.52699,0.000529,0.000607,0.000644,3.45903,3.45908,3.458386,5.00000000003276e-05,3.4523,0.0254889251708983
"2026-05-22T01:19:46.544Z","run_bootstrap",7,"http://client3:8000","run","http://client3:8000/run",1,TRUE,200,1107,251,3.45257043838501,"2026-05-22T01:19:43.049711Z","2026-05-22T01:19:46.502281Z",1779412783.04971,1779412786.50228,0.000452,0.000544,0.00058,3.434741,3.434788,3.434161,4.70000000003523e-05,3.4267,0.0258704383850099
"2026-05-22T01:19:50.250Z","run_bootstrap",8,"http://client1:8000","run","http://client1:8000/run",1,TRUE,200,1107,256,3.56492519378662,"2026-05-22T01:19:46.555873Z","2026-05-22T01:19:50.120798Z",1779412786.55587,1779412790.1208,0.000704,0.000824,0.000859,3.547941,3.547985,3.547082,4.40000000003771e-05,3.5401,0.0248251937866213
"2026-05-22T01:19:50.250Z","run_bootstrap",8,"http://client2:8000","run","http://client2:8000/run",1,TRUE,200,1107,251,3.68663215637207,"2026-05-22T01:19:46.556394Z","2026-05-22T01:19:50.243026Z",1779412786.55639,1779412790.24303,0.000535,0.000642,0.000676,3.668582,3.668624,3.667906,4.20000000000975e-05,3.6618,0.0248321563720704
"2026-05-22T01:19:50.250Z","run_bootstrap",8,"http://client3:8000","run","http://client3:8000/run",1,TRUE,200,1107,250,3.59059190750122,"2026-05-22T01:19:46.555875Z","2026-05-22T01:19:50.146467Z",1779412786.55588,1779412790.14647,0.000648,0.000758,0.000792,3.576921,3.576963,3.576129,4.20000000000975e-05,3.569,0.0215919075012208
"2026-05-22T01:19:54.294Z","run_bootstrap",9,"http://client1:8000","run","http://client1:8000/run",1,TRUE,200,1108,254,3.80624723434448,"2026-05-22T01:19:50.261206Z","2026-05-22T01:19:54.067454Z",1779412790.26121,1779412794.06745,0.000412,0.000508,0.000545,3.785634,3.785675,3.785089,4.09999999999577e-05,3.7782,0.0280472343444824
"2026-05-22T01:19:54.294Z","run_bootstrap",9,"http://client2:8000","run","http://client2:8000/run",1,TRUE,200,1108,254,4.02544617652893,"2026-05-22T01:19:50.261549Z","2026-05-22T01:19:54.286995Z",1779412790.26155,1779412794.287,0.000612,0.000732,0.00077,4.005627,4.005667,4.004857,4.0000000000262e-05,3.9982,0.0272461765289305
"2026-05-22T01:19:54.294Z","run_bootstrap",9,"http://client3:8000","run","http://client3:8000/run",1,TRUE,200,1108,250,3.86141777038574,"2026-05-22T01:19:50.262094Z","2026-05-22T01:19:54.123511Z",1779412790.26209,1779412794.12351,0.00069,0.000796,0.000829,3.847494,3.847543,3.846665,4.89999999997437e-05,3.8403,0.0211177703857421
"2026-05-22T01:19:58.317Z","run_bootstrap",10,"http://client1:8000","run","http://client1:8000/run",1,TRUE,200,1108,254,4.00077819824219,"2026-05-22T01:19:54.312090Z","2026-05-22T01:19:58.312868Z",1779412794.31209,1779412798.31287,0.000664,0.000778,0.000817,3.980205,3.980249,3.979388,4.3999999999933e-05,3.9728,0.0279781982421876
"2026-05-22T01:19:58.317Z","run_bootstrap",10,"http://client2:8000","run","http://client2:8000/run",1,TRUE,200,1108,253,3.86868524551392,"2026-05-22T01:19:54.312784Z","2026-05-22T01:19:58.181469Z",1779412794.31278,1779412798.18147,0.000668,0.000778,0.000818,3.849417,3.849466,3.848599,4.90000000001878e-05,3.833,0.0356852455139158
"2026-05-22T01:19:58.317Z","run_bootstrap",10,"http://client3:8000","run","http://client3:8000/run",1,TRUE,200,1108,250,3.41276264190674,"2026-05-22T01:19:54.313594Z","2026-05-22T01:19:57.726356Z",1779412794.31359,1779412797.72636,0.000668,0.000778,0.000818,3.393773,3.393818,3.392955,4.50000000000728e-05,3.3839,0.0288626419067382
"2026-05-22T01:20:02.411Z","run_bootstrap",11,"http://client1:8000","run","http://client1:8000/run",1,TRUE,200,1109,254,4.07827520370483,"2026-05-22T01:19:58.328171Z","2026-05-22T01:20:02.406446Z",1779412798.32817,1779412802.40645,0.000635,0.000712,0.000741,4.052512,4.052566,4.051771,5.39999999995544e-05,4.0456,0.0326752037048337
"2026-05-22T01:20:02.411Z","run_bootstrap",11,"http://client2:8000","run","http://client2:8000/run",1,TRUE,200,1109,253,3.74674248695374,"2026-05-22T01:19:58.328995Z","2026-05-22T01:20:02.075738Z",1779412798.329,1779412802.07574,0.000484,0.000565,0.000587,3.721909,3.721958,3.721322,4.89999999997437e-05,3.7153,0.0314424869537353
"2026-05-22T01:20:02.411Z","run_bootstrap",11,"http://client3:8000","run","http://client3:8000/run",1,TRUE,200,1109,250,3.89625883102417,"2026-05-22T01:19:58.333250Z","2026-05-22T01:20:02.229509Z",1779412798.33325,1779412802.22951,0.000427,0.000532,0.000568,3.874609,3.87465,3.874041,4.09999999999577e-05,3.867,0.0292588310241699
"2026-05-22T01:20:06.475Z","run_bootstrap",12,"http://client1:8000","run","http://client1:8000/run",1,TRUE,200,1109,254,3.841881275177,"2026-05-22T01:20:02.427126Z","2026-05-22T01:20:06.269007Z",1779412802.42713,1779412806.26901,0.000589,0.000674,0.000696,3.829358,3.829405,3.828662,4.69999999999082e-05,3.8224,0.0194812751770019
"2026-05-22T01:20:06.475Z","run_bootstrap",12,"http://client2:8000","run","http://client2:8000/run",1,TRUE,200,1109,253,4.04094743728638,"2026-05-22T01:20:02.427698Z","2026-05-22T01:20:06.468645Z",1779412802.4277,1779412806.46865,0.000472,0.000548,0.000578,4.024872,4.024914,4.024294,4.19999999996534e-05,4.0184,0.0225474372863772
"2026-05-22T01:20:06.475Z","run_bootstrap",12,"http://client3:8000","run","http://client3:8000/run",1,TRUE,200,1109,251,3.65721154212952,"2026-05-22T01:20:02.426775Z","2026-05-22T01:20:06.083986Z",1779412802.42678,1779412806.08399,0.000683,0.000767,0.000798,3.644331,3.644371,3.643533,3.9999999999818e-05,3.6374,0.0198115421295166
"2026-05-22T01:20:10.158Z","run_bootstrap",13,"http://client1:8000","run","http://client1:8000/run",1,TRUE,200,1108,254,3.55824065208435,"2026-05-22T01:20:06.489814Z","2026-05-22T01:20:10.048054Z",1779412806.48981,1779412810.04805,0.000576,0.000695,0.000741,3.543626,3.543668,3.542885,4.19999999996534e-05,3.5365,0.0217406520843504
"2026-05-22T01:20:10.158Z","run_bootstrap",13,"http://client2:8000","run","http://client2:8000/run",1,TRUE,200,1108,250,3.60296678543091,"2026-05-22T01:20:06.490220Z","2026-05-22T01:20:10.093186Z",1779412806.49022,1779412810.09319,0.000395,0.000467,0.000504,3.582273,3.582317,3.581769,4.40000000003771e-05,3.5758,0.0271667854309081
"2026-05-22T01:20:10.158Z","run_bootstrap",13,"http://client3:8000","run","http://client3:8000/run",1,TRUE,200,1108,252,3.6613883972168,"2026-05-22T01:20:06.490727Z","2026-05-22T01:20:10.152115Z",1779412806.49073,1779412810.15212,0.000564,0.000654,0.000693,3.641139,3.641181,3.640446,4.20000000000975e-05,3.6343,0.0270883972167968
"2026-05-22T01:20:13.797Z","run_bootstrap",14,"http://client1:8000","run","http://client1:8000/run",1,TRUE,200,1108,254,3.3881733417511,"2026-05-22T01:20:10.169428Z","2026-05-22T01:20:13.557602Z",1779412810.16943,1779412813.5576,0.000633,0.000745,0.000781,3.374577,3.374623,3.373796,4.60000000002125e-05,3.3674,0.0207733417510987
"2026-05-22T01:20:13.797Z","run_bootstrap",14,"http://client2:8000","run","http://client2:8000/run",1,TRUE,200,1108,249,3.31949543952942,"2026-05-22T01:20:10.171309Z","2026-05-22T01:20:13.490805Z",1779412810.17131,1779412813.49081,0.00051,0.000643,0.000682,3.300848,3.300895,3.300166,4.70000000003523e-05,3.294,0.0254954395294189
"2026-05-22T01:20:13.797Z","run_bootstrap",14,"http://client3:8000","run","http://client3:8000/run",1,TRUE,200,1108,252,3.61921787261963,"2026-05-22T01:20:10.171424Z","2026-05-22T01:20:13.790642Z",1779412810.17142,1779412813.79064,0.00053,0.000647,0.000685,3.606048,3.606088,3.605363,4.0000000000262e-05,3.5993,0.019917872619629
"2026-05-22T01:20:17.286Z","run_bootstrap",15,"http://client1:8000","run","http://client1:8000/run",1,TRUE,200,1109,252,3.42480492591858,"2026-05-22T01:20:13.808943Z","2026-05-22T01:20:17.233748Z",1779412813.80894,1779412817.23375,0.000479,0.000564,0.000586,3.410025,3.410073,3.409439,4.8000000000048e-05,3.4031,0.0217049259185793
"2026-05-22T01:20:17.286Z","run_bootstrap",15,"http://client2:8000","run","http://client2:8000/run",1,TRUE,200,1109,253,3.45087456703186,"2026-05-22T01:20:13.809583Z","2026-05-22T01:20:17.260458Z",1779412813.80958,1779412817.26046,0.000481,0.000557,0.000587,3.431788,3.431839,3.431201,5.10000000000232e-05,3.4241,0.0267745670318602
"2026-05-22T01:20:17.286Z","run_bootstrap",15,"http://client3:8000","run","http://client3:8000/run",1,TRUE,200,1109,253,3.47226285934448,"2026-05-22T01:20:13.810246Z","2026-05-22T01:20:17.282509Z",1779412813.81025,1779412817.28251,0.000562,0.000614,0.000635,3.458668,3.458712,3.458033,4.3999999999933e-05,3.4521,0.0201628593444823
"2026-05-22T01:20:20.961Z","run_bootstrap",16,"http://client1:8000","run","http://client1:8000/run",1,TRUE,200,1109,252,3.48136210441589,"2026-05-22T01:20:17.297176Z","2026-05-22T01:20:20.778538Z",1779412817.29718,1779412820.77854,0.00052,0.000602,0.000623,3.461433,3.461475,3.46081,4.20000000000975e-05,3.4546,0.0267621044158934
"2026-05-22T01:20:20.961Z","run_bootstrap",16,"http://client2:8000","run","http://client2:8000/run",1,TRUE,200,1109,253,3.65799450874329,"2026-05-22T01:20:17.298773Z","2026-05-22T01:20:20.956767Z",1779412817.29877,1779412820.95677,0.000538,0.000598,0.000621,3.640501,3.640524,3.63988,2.30000000001063e-05,3.6336,0.0243945087432862
"2026-05-22T01:20:20.961Z","run_bootstrap",16,"http://client3:8000","run","http://client3:8000/run",1,TRUE,200,1109,253,3.43648242950439,"2026-05-22T01:20:17.298667Z","2026-05-22T01:20:20.735149Z",1779412817.29867,1779412820.73515,0.000491,0.000545,0.000565,3.418791,3.418813,3.418226,2.19999999999665e-05,3.4114,0.0250824295043945
"2026-05-22T01:20:24.446Z","run_bootstrap",17,"http://client1:8000","run","http://client1:8000/run",1,TRUE,200,1108,254,3.44507527351379,"2026-05-22T01:20:20.975889Z","2026-05-22T01:20:24.420964Z",1779412820.97589,1779412824.42096,0.000487,0.000599,0.000637,3.428236,3.428277,3.427599,4.09999999999577e-05,3.4212,0.0238752735137941
"2026-05-22T01:20:24.446Z","run_bootstrap",17,"http://client2:8000","run","http://client2:8000/run",1,TRUE,200,1108,253,3.37776231765747,"2026-05-22T01:20:20.976436Z","2026-05-22T01:20:24.354198Z",1779412820.97644,1779412824.3542,0.000502,0.00059,0.000628,3.361497,3.36154,3.360869,4.30000000002373e-05,3.3537,0.0240623176574708
"2026-05-22T01:20:24.446Z","run_bootstrap",17,"http://client3:8000","run","http://client3:8000/run",1,TRUE,200,1108,252,3.46495985984802,"2026-05-22T01:20:20.975577Z","2026-05-22T01:20:24.440537Z",1779412820.97558,1779412824.44054,0.000697,0.000811,0.000848,3.449696,3.44974,3.448848,4.3999999999933e-05,3.4423,0.0226598598480225
"2026-05-22T01:20:28.111Z","run_bootstrap",18,"http://client1:8000","run","http://client1:8000/run",1,TRUE,200,1108,254,3.38267374038696,"2026-05-22T01:20:24.459233Z","2026-05-22T01:20:27.841907Z",1779412824.45923,1779412827.84191,0.000514,0.000623,0.000664,3.364712,3.364755,3.364048,4.30000000002373e-05,3.3568,0.0258737403869631
"2026-05-22T01:20:28.111Z","run_bootstrap",18,"http://client2:8000","run","http://client2:8000/run",1,TRUE,200,1108,253,3.6472499370575,"2026-05-22T01:20:24.458904Z","2026-05-22T01:20:28.106154Z",1779412824.4589,1779412828.10615,0.000692,0.000801,0.00084,3.63389,3.633933,3.63305,4.29999999997932e-05,3.6267,0.0205499370574951
"2026-05-22T01:20:28.111Z","run_bootstrap",18,"http://client3:8000","run","http://client3:8000/run",1,TRUE,200,1108,252,3.64571809768677,"2026-05-22T01:20:24.460551Z","2026-05-22T01:20:28.106270Z",1779412824.46055,1779412828.10627,0.000488,0.000574,0.00061,3.627435,3.627482,3.626825,4.69999999999082e-05,3.6197,0.0260180976867677
"2026-05-22T01:20:31.793Z","run_bootstrap",19,"http://client1:8000","run","http://client1:8000/run",1,TRUE,200,1109,250,3.63156390190125,"2026-05-22T01:20:28.121930Z","2026-05-22T01:20:31.753494Z",1779412828.12193,1779412831.75349,0.000548,0.000661,0.000699,3.615,3.615046,3.614301,4.59999999997684e-05,3.608,0.023563901901245
"2026-05-22T01:20:31.793Z","run_bootstrap",19,"http://client2:8000","run","http://client2:8000/run",1,TRUE,200,1109,253,3.45473885536194,"2026-05-22T01:20:28.122271Z","2026-05-22T01:20:31.577010Z",1779412828.12227,1779412831.57701,0.000645,0.000752,0.000786,3.438947,3.438987,3.438161,3.9999999999818e-05,3.4321,0.0226388553619383
"2026-05-22T01:20:31.793Z","run_bootstrap",19,"http://client3:8000","run","http://client3:8000/run",1,TRUE,200,1109,252,3.66575145721436,"2026-05-22T01:20:28.122842Z","2026-05-22T01:20:31.788594Z",1779412828.12284,1779412831.78859,0.000548,0.000618,0.000647,3.649894,3.64994,3.649247,4.59999999997684e-05,3.643,0.0227514572143557
"2026-05-22T01:20:35.682Z","run_bootstrap",20,"http://client1:8000","run","http://client1:8000/run",1,TRUE,200,1109,251,3.57421255111694,"2026-05-22T01:20:31.804800Z","2026-05-22T01:20:35.379012Z",1779412831.8048,1779412835.37901,0.000383,0.000485,0.000514,3.561227,3.561293,3.560713,6.59999999998995e-05,3.4097,0.164512551116943
"2026-05-22T01:20:35.682Z","run_bootstrap",20,"http://client2:8000","run","http://client2:8000/run",1,TRUE,200,1109,253,3.87215924263,"2026-05-22T01:20:31.805762Z","2026-05-22T01:20:35.677921Z",1779412831.80576,1779412835.67792,0.000711,0.00077,0.000795,3.856422,3.856484,3.855627,6.20000000002285e-05,3.7112,0.160959242630005
"2026-05-22T01:20:35.682Z","run_bootstrap",20,"http://client3:8000","run","http://client3:8000/run",1,TRUE,200,1109,253,3.63088369369507,"2026-05-22T01:20:31.805083Z","2026-05-22T01:20:35.435966Z",1779412831.80508,1779412835.43597,0.000498,0.000554,0.000577,3.618241,3.618281,3.617664,4.0000000000262e-05,3.4587,0.172183693695068
"2026-05-22T01:20:39.222Z","run_bootstrap",21,"http://client1:8000","run","http://client1:8000/run",1,TRUE,200,1109,253,3.52335906028748,"2026-05-22T01:20:35.692377Z","2026-05-22T01:20:39.215736Z",1779412835.69238,1779412839.21574,0.000521,0.000599,0.00062,3.509933,3.510072,3.509313,0.000138999999999889,3.5013,0.0220590602874755
"2026-05-22T01:20:39.222Z","run_bootstrap",21,"http://client2:8000","run","http://client2:8000/run",1,TRUE,200,1109,252,3.47384238243103,"2026-05-22T01:20:35.693131Z","2026-05-22T01:20:39.166973Z",1779412835.69313,1779412839.16697,0.000534,0.000599,0.00062,3.46194,3.462069,3.46132,0.000129000000000268,3.4555,0.0183423824310305
"2026-05-22T01:20:39.222Z","run_bootstrap",21,"http://client3:8000","run","http://client3:8000/run",1,TRUE,200,1109,252,3.46852564811707,"2026-05-22T01:20:35.693927Z","2026-05-22T01:20:39.162452Z",1779412835.69393,1779412839.16245,0.000525,0.000577,0.000594,3.457203,3.457329,3.456609,0.000126000000000293,3.4506,0.0179256481170653
"2026-05-22T01:20:42.960Z","run_bootstrap",22,"http://client1:8000","run","http://client1:8000/run",1,TRUE,200,1109,253,3.54987454414368,"2026-05-22T01:20:39.240116Z","2026-05-22T01:20:42.789990Z",1779412839.24012,1779412842.78999,0.000612,0.000725,0.000761,3.535357,3.535397,3.534596,4.0000000000262e-05,3.5276,0.0222745441436767
"2026-05-22T01:20:42.960Z","run_bootstrap",22,"http://client2:8000","run","http://client2:8000/run",1,TRUE,200,1109,252,3.50443887710571,"2026-05-22T01:20:39.244245Z","2026-05-22T01:20:42.748684Z",1779412839.24425,1779412842.74868,0.000498,0.000587,0.00062,3.488765,3.488806,3.488145,4.09999999999577e-05,3.4818,0.0226388771057131
"2026-05-22T01:20:42.960Z","run_bootstrap",22,"http://client3:8000","run","http://client3:8000/run",1,TRUE,200,1109,252,3.70944023132324,"2026-05-22T01:20:39.244427Z","2026-05-22T01:20:42.953867Z",1779412839.24443,1779412842.95387,0.000559,0.000688,0.000728,3.694403,3.694459,3.693675,5.6000000000278e-05,3.6873,0.0221402313232422
"2026-05-22T01:20:46.541Z","run_bootstrap",23,"http://client1:8000","run","http://client1:8000/run",1,TRUE,200,1109,255,3.52598905563354,"2026-05-22T01:20:42.980049Z","2026-05-22T01:20:46.506038Z",1779412842.98005,1779412846.50604,0.000564,0.000678,0.000723,3.504793,3.504833,3.50407,4.0000000000262e-05,3.4976,0.0283890556335451
"2026-05-22T01:20:46.541Z","run_bootstrap",23,"http://client2:8000","run","http://client2:8000/run",1,TRUE,200,1109,253,3.55716609954834,"2026-05-22T01:20:42.980550Z","2026-05-22T01:20:46.537716Z",1779412842.98055,1779412846.53772,0.000618,0.000729,0.000773,3.537267,3.537399,3.536494,0.000132000000000243,3.5303,0.0268660995483399
"2026-05-22T01:20:46.541Z","run_bootstrap",23,"http://client3:8000","run","http://client3:8000/run",1,TRUE,200,1109,253,3.48089218139648,"2026-05-22T01:20:42.981528Z","2026-05-22T01:20:46.462420Z",1779412842.98153,1779412846.46242,0.000645,0.000743,0.000782,3.467365,3.467407,3.466583,4.20000000000975e-05,3.4606,0.0202921813964845
"2026-05-22T01:20:50.129Z","run_bootstrap",24,"http://client1:8000","run","http://client1:8000/run",1,TRUE,200,1109,255,3.51650619506836,"2026-05-22T01:20:46.553400Z","2026-05-22T01:20:50.069906Z",1779412846.5534,1779412850.06991,0.000761,0.000878,0.000913,3.50292,3.502961,3.502007,4.09999999999577e-05,3.4956,0.0209061950683593
"2026-05-22T01:20:50.129Z","run_bootstrap",24,"http://client2:8000","run","http://client2:8000/run",1,TRUE,200,1109,253,3.5699737071991,"2026-05-22T01:20:46.554974Z","2026-05-22T01:20:50.124948Z",1779412846.55497,1779412850.12495,0.000585,0.000697,0.000732,3.549652,3.54969,3.54892,3.79999999999825e-05,3.5428,0.0271737071990965
"2026-05-22T01:20:50.129Z","run_bootstrap",24,"http://client3:8000","run","http://client3:8000/run",1,TRUE,200,1109,253,3.5508861541748,"2026-05-22T01:20:46.555471Z","2026-05-22T01:20:50.106357Z",1779412846.55547,1779412850.10636,0.000573,0.00066,0.000691,3.533943,3.533983,3.533252,4.0000000000262e-05,3.5272,0.0236861541748046
"2026-05-22T01:20:53.881Z","run_bootstrap",25,"http://client1:8000","run","http://client1:8000/run",1,TRUE,200,1109,253,3.46005129814148,"2026-05-22T01:20:50.140953Z","2026-05-22T01:20:53.601005Z",1779412850.14095,1779412853.60101,0.000406,0.000491,0.000523,3.445529,3.445572,3.445006,4.29999999997932e-05,3.4375,0.0225512981414795
"2026-05-22T01:20:53.881Z","run_bootstrap",25,"http://client2:8000","run","http://client2:8000/run",1,TRUE,200,1109,252,3.51333856582642,"2026-05-22T01:20:50.141517Z","2026-05-22T01:20:53.654856Z",1779412850.14152,1779412853.65486,0.000545,0.000657,0.000693,3.499709,3.49975,3.499016,4.09999999999577e-05,3.493,0.0203385658264161
"2026-05-22T01:20:53.881Z","run_bootstrap",25,"http://client3:8000","run","http://client3:8000/run",1,TRUE,200,1109,253,3.73436093330383,"2026-05-22T01:20:50.140859Z","2026-05-22T01:20:53.875220Z",1779412850.14086,1779412853.87522,0.000713,0.000819,0.000853,3.720888,3.720936,3.720035,4.8000000000048e-05,3.7138,0.020560933303833
"2026-05-22T01:20:57.556Z","run_bootstrap",26,"http://client1:8000","run","http://client1:8000/run",1,TRUE,200,1109,253,3.59632396697998,"2026-05-22T01:20:53.893018Z","2026-05-22T01:20:57.489341Z",1779412853.89302,1779412857.48934,0.000566,0.000682,0.000717,3.581456,3.581505,3.580739,4.89999999997437e-05,3.5725,0.0238239669799807
"2026-05-22T01:20:57.556Z","run_bootstrap",26,"http://client2:8000","run","http://client2:8000/run",1,TRUE,200,1109,253,3.47842574119568,"2026-05-22T01:20:53.893757Z","2026-05-22T01:20:57.372183Z",1779412853.89376,1779412857.37218,0.000662,0.000736,0.000757,3.464322,3.464363,3.463565,4.09999999999577e-05,3.4551,0.0233257411956789
"2026-05-22T01:20:57.556Z","run_bootstrap",26,"http://client3:8000","run","http://client3:8000/run",1,TRUE,200,1109,253,3.65540027618408,"2026-05-22T01:20:53.894365Z","2026-05-22T01:20:57.549765Z",1779412853.89437,1779412857.54977,0.000582,0.00066,0.000689,3.63749,3.637531,3.636801,4.09999999999577e-05,3.6272,0.0282002761840818
"2026-05-22T01:21:01.332Z","run_bootstrap",27,"http://client1:8000","run","http://client1:8000/run",1,TRUE,200,1109,254,3.76018500328064,"2026-05-22T01:20:57.567106Z","2026-05-22T01:21:01.327291Z",1779412857.56711,1779412861.32729,0.000672,0.000716,0.000736,3.741485,3.741512,3.740749,2.70000000002213e-05,3.7342,0.0259850032806397
"2026-05-22T01:21:01.332Z","run_bootstrap",27,"http://client2:8000","run","http://client2:8000/run",1,TRUE,200,1109,252,3.45791530609131,"2026-05-22T01:20:57.568353Z","2026-05-22T01:21:01.026268Z",1779412857.56835,1779412861.02627,0.000535,0.000624,0.000657,3.439537,3.439602,3.43888,6.49999999997597e-05,3.4328,0.0251153060913087
"2026-05-22T01:21:01.332Z","run_bootstrap",27,"http://client3:8000","run","http://client3:8000/run",1,TRUE,200,1109,251,3.49860787391663,"2026-05-22T01:20:57.567665Z","2026-05-22T01:21:01.066272Z",1779412857.56767,1779412861.06627,0.000573,0.000654,0.000678,3.4795,3.479532,3.478822,3.2000000000032e-05,3.4722,0.026407873916626
"2026-05-22T01:21:05.110Z","run_bootstrap",28,"http://client1:8000","run","http://client1:8000/run",1,TRUE,200,1109,254,3.46909832954407,"2026-05-22T01:21:01.347354Z","2026-05-22T01:21:04.816452Z",1779412861.34735,1779412864.81645,0.000494,0.000572,0.000751,3.454639,3.454684,3.453888,4.50000000000728e-05,3.4475,0.0215983295440676
"2026-05-22T01:21:05.110Z","run_bootstrap",28,"http://client2:8000","run","http://client2:8000/run",1,TRUE,200,1109,252,3.58720374107361,"2026-05-22T01:21:01.347411Z","2026-05-22T01:21:04.934615Z",1779412861.34741,1779412864.93462,0.000539,6e-04,0.000622,3.572974,3.573016,3.572352,4.20000000000975e-05,3.5658,0.0214037410736085
"2026-05-22T01:21:05.110Z","run_bootstrap",28,"http://client3:8000","run","http://client3:8000/run",1,TRUE,200,1109,251,3.75681257247925,"2026-05-22T01:21:01.349176Z","2026-05-22T01:21:05.105989Z",1779412861.34918,1779412865.10599,0.000519,0.000605,0.000637,3.739687,3.739718,3.73905,3.09999999998922e-05,3.7326,0.0242125724792479
"2026-05-22T01:21:08.893Z","run_bootstrap",29,"http://client1:8000","run","http://client1:8000/run",1,TRUE,200,1109,255,3.76634001731873,"2026-05-22T01:21:05.122305Z","2026-05-22T01:21:08.888645Z",1779412865.12231,1779412868.88865,0.000523,0.000612,0.000649,3.749809,3.74985,3.74916,4.09999999999577e-05,3.7424,0.0239400173187256
"2026-05-22T01:21:08.893Z","run_bootstrap",29,"http://client2:8000","run","http://client2:8000/run",1,TRUE,200,1109,252,3.47762203216553,"2026-05-22T01:21:05.122910Z","2026-05-22T01:21:08.600532Z",1779412865.12291,1779412868.60053,0.000642,0.000756,0.000797,3.462848,3.462892,3.462051,4.3999999999933e-05,3.4533,0.0243220321655273
"2026-05-22T01:21:08.893Z","run_bootstrap",29,"http://client3:8000","run","http://client3:8000/run",1,TRUE,200,1109,253,3.49790287017822,"2026-05-22T01:21:05.123149Z","2026-05-22T01:21:08.621052Z",1779412865.12315,1779412868.62105,0.000635,0.000743,0.000781,3.484372,3.484416,3.483591,4.3999999999933e-05,3.4763,0.0216028701782225
"2026-05-22T01:21:12.575Z","run_bootstrap",30,"http://client1:8000","run","http://client1:8000/run",1,TRUE,200,1109,255,3.66541290283203,"2026-05-22T01:21:08.905259Z","2026-05-22T01:21:12.570672Z",1779412868.90526,1779412872.57067,0.000651,0.000756,0.000789,3.648998,3.649038,3.648209,3.9999999999818e-05,3.6405,0.0249129028320314
"2026-05-22T01:21:12.575Z","run_bootstrap",30,"http://client2:8000","run","http://client2:8000/run",1,TRUE,200,1109,252,3.46403884887695,"2026-05-22T01:21:08.905662Z","2026-05-22T01:21:12.369701Z",1779412868.90566,1779412872.3697,0.000662,0.000775,0.00081,3.444354,3.444397,3.443544,4.29999999997932e-05,3.4373,0.0267388488769531
"2026-05-22T01:21:12.575Z","run_bootstrap",30,"http://client3:8000","run","http://client3:8000/run",1,TRUE,200,1109,253,3.6590621471405,"2026-05-22T01:21:08.904976Z","2026-05-22T01:21:12.564038Z",1779412868.90498,1779412872.56404,0.000655,0.00076,0.000797,3.645757,3.645798,3.64496,4.09999999999577e-05,3.6389,0.0201621471405029
"2026-05-22T01:21:16.370Z","run_bootstrap",31,"http://client1:8000","run","http://client1:8000/run",1,TRUE,200,1107,254,3.36954379081726,"2026-05-22T01:21:12.585785Z","2026-05-22T01:21:15.955329Z",1779412872.58579,1779412875.95533,0.000489,0.000574,0.000604,3.34865,3.348691,3.348046,4.09999999999577e-05,3.3414,0.0281437908172606
"2026-05-22T01:21:16.370Z","run_bootstrap",31,"http://client2:8000","run","http://client2:8000/run",1,TRUE,200,1107,252,3.77749586105347,"2026-05-22T01:21:12.586127Z","2026-05-22T01:21:16.363623Z",1779412872.58613,1779412876.36362,0.000676,0.000799,0.000833,3.75948,3.759521,3.758647,4.09999999999577e-05,3.7522,0.0252958610534666
"2026-05-22T01:21:16.370Z","run_bootstrap",31,"http://client3:8000","run","http://client3:8000/run",1,TRUE,200,1107,252,3.55379366874695,"2026-05-22T01:21:12.586591Z","2026-05-22T01:21:16.140385Z",1779412872.58659,1779412876.14039,0.000495,0.000601,0.000633,3.534455,3.534505,3.533822,4.99999999998835e-05,3.5276,0.0261936687469482
"2026-05-22T01:21:20.180Z","run_bootstrap",32,"http://client1:8000","run","http://client1:8000/run",1,TRUE,200,1107,254,3.50892114639282,"2026-05-22T01:21:16.388725Z","2026-05-22T01:21:19.897646Z",1779412876.38873,1779412879.89765,0.000746,0.00081,0.00083,3.488407,3.488454,3.487577,4.69999999999082e-05,3.4807,0.0282211463928221
"2026-05-22T01:21:20.180Z","run_bootstrap",32,"http://client2:8000","run","http://client2:8000/run",1,TRUE,200,1107,252,3.78062677383423,"2026-05-22T01:21:16.389264Z","2026-05-22T01:21:20.169891Z",1779412876.38926,1779412880.16989,0.000554,0.000651,0.00069,3.760527,3.760575,3.759837,4.79999999996039e-05,3.7531,0.0275267738342286
"2026-05-22T01:21:20.180Z","run_bootstrap",32,"http://client3:8000","run","http://client3:8000/run",1,TRUE,200,1107,252,3.55101346969604,"2026-05-22T01:21:16.389715Z","2026-05-22T01:21:19.940728Z",1779412876.38972,1779412879.94073,0.00061,0.000717,0.000751,3.53491,3.534955,3.534159,4.50000000000728e-05,3.5275,0.0235134696960451
"2026-05-22T01:21:24.021Z","run_bootstrap",33,"http://client1:8000","run","http://client1:8000/run",1,TRUE,200,1106,253,3.57239985466003,"2026-05-22T01:21:20.195222Z","2026-05-22T01:21:23.767622Z",1779412880.19522,1779412883.76762,0.000442,0.000639,0.000678,3.556733,3.556774,3.556055,4.09999999999577e-05,3.5493,0.0230998546600341
"2026-05-22T01:21:24.021Z","run_bootstrap",33,"http://client2:8000","run","http://client2:8000/run",1,TRUE,200,1106,251,3.57451057434082,"2026-05-22T01:21:20.195694Z","2026-05-22T01:21:23.770205Z",1779412880.19569,1779412883.77021,0.000719,0.000831,0.000867,3.559502,3.559539,3.558635,3.69999999998427e-05,3.5514,0.0231105743408202
"2026-05-22T01:21:24.021Z","run_bootstrap",33,"http://client3:8000","run","http://client3:8000/run",1,TRUE,200,1106,251,3.82260465621948,"2026-05-22T01:21:20.194756Z","2026-05-22T01:21:24.017360Z",1779412880.19476,1779412884.01736,0.000718,0.000825,0.00086,3.807612,3.807663,3.806752,5.09999999995792e-05,3.8003,0.0223046562194824
"2026-05-22T01:21:27.913Z","run_bootstrap",34,"http://client1:8000","run","http://client1:8000/run",1,TRUE,200,1106,253,3.8202657699585,"2026-05-22T01:21:24.034418Z","2026-05-22T01:21:27.854683Z",1779412884.03442,1779412887.85468,0.000676,0.000758,0.000784,3.807212,3.807351,3.806428,0.000139000000000333,3.7995,0.020765769958496
"2026-05-22T01:21:27.913Z","run_bootstrap",34,"http://client2:8000","run","http://client2:8000/run",1,TRUE,200,1106,251,3.5639431476593,"2026-05-22T01:21:24.036223Z","2026-05-22T01:21:27.600166Z",1779412884.03622,1779412887.60017,0.000571,0.000652,0.000689,3.549116,3.549234,3.548427,0.000118000000000062,3.5423,0.0216431476593018
"2026-05-22T01:21:27.913Z","run_bootstrap",34,"http://client3:8000","run","http://client3:8000/run",1,TRUE,200,1106,251,3.87018942832947,"2026-05-22T01:21:24.036549Z","2026-05-22T01:21:27.906739Z",1779412884.03655,1779412887.90674,0.000567,0.000649,0.000685,3.855701,3.85583,3.855016,0.000129000000000268,3.8485,0.0216894283294677
"2026-05-22T01:21:31.605Z","run_bootstrap",35,"http://client1:8000","run","http://client1:8000/run",1,TRUE,200,1108,255,3.67735910415649,"2026-05-22T01:21:27.924134Z","2026-05-22T01:21:31.601493Z",1779412887.92413,1779412891.60149,0.000741,0.000865,0.000901,3.664123,3.664165,3.663222,4.20000000000975e-05,3.6564,0.020959104156494
"2026-05-22T01:21:31.605Z","run_bootstrap",35,"http://client2:8000","run","http://client2:8000/run",1,TRUE,200,1108,252,3.65169763565063,"2026-05-22T01:21:27.926070Z","2026-05-22T01:21:31.577767Z",1779412887.92607,1779412891.57777,0.000733,0.000801,0.000833,3.635113,3.635154,3.63428,4.09999999999577e-05,3.6283,0.0233976356506349
"2026-05-22T01:21:31.605Z","run_bootstrap",35,"http://client3:8000","run","http://client3:8000/run",1,TRUE,200,1108,252,3.58233523368835,"2026-05-22T01:21:27.926532Z","2026-05-22T01:21:31.508867Z",1779412887.92653,1779412891.50887,0.000486,0.00056,0.000592,3.561465,3.561527,3.560873,6.19999999997844e-05,3.5514,0.0309352336883544
"2026-05-22T01:21:35.548Z","run_bootstrap",36,"http://client1:8000","run","http://client1:8000/run",1,TRUE,200,1108,255,3.92353534698486,"2026-05-22T01:21:31.617702Z","2026-05-22T01:21:35.541238Z",1779412891.6177,1779412895.54124,0.000495,0.00057,0.000604,3.90688,3.906922,3.906276,4.19999999996534e-05,3.8998,0.0237353469848633
"2026-05-22T01:21:35.548Z","run_bootstrap",36,"http://client2:8000","run","http://client2:8000/run",1,TRUE,200,1108,252,3.74450302124023,"2026-05-22T01:21:31.618016Z","2026-05-22T01:21:35.362519Z",1779412891.61802,1779412895.36252,0.000454,0.000541,0.000574,3.728138,3.728187,3.727564,4.90000000001878e-05,3.7213,0.0232030212402345
"2026-05-22T01:21:35.548Z","run_bootstrap",36,"http://client3:8000","run","http://client3:8000/run",1,TRUE,200,1108,252,3.58786368370056,"2026-05-22T01:21:31.618584Z","2026-05-22T01:21:35.206447Z",1779412891.61858,1779412895.20645,0.000779,0.000864,0.000886,3.574354,3.574398,3.573468,4.3999999999933e-05,3.5665,0.0213636837005615
"2026-05-22T01:21:39.298Z","run_bootstrap",37,"http://client1:8000","run","http://client1:8000/run",1,TRUE,200,1109,253,3.71751499176025,"2026-05-22T01:21:35.559276Z","2026-05-22T01:21:39.276791Z",1779412895.55928,1779412899.27679,0.000466,0.000551,0.000576,3.70461,3.70464,3.704034,2.99999999997524e-05,3.6972,0.0203149917602539
"2026-05-22T01:21:39.298Z","run_bootstrap",37,"http://client2:8000","run","http://client2:8000/run",1,TRUE,200,1109,253,3.70582890510559,"2026-05-22T01:21:35.560010Z","2026-05-22T01:21:39.265839Z",1779412895.56001,1779412899.26584,0.000568,0.000604,0.00062,3.693534,3.693581,3.692914,4.69999999999082e-05,3.6865,0.0193289051055907
"2026-05-22T01:21:39.298Z","run_bootstrap",37,"http://client3:8000","run","http://client3:8000/run",1,TRUE,200,1109,252,3.73522639274597,"2026-05-22T01:21:35.559432Z","2026-05-22T01:21:39.294658Z",1779412895.55943,1779412899.29466,0.000545,0.000659,0.000699,3.722163,3.722203,3.721464,3.9999999999818e-05,3.7148,0.0204263927459718
"2026-05-22T01:21:43.033Z","run_bootstrap",38,"http://client1:8000","run","http://client1:8000/run",1,TRUE,200,1109,253,3.71941709518433,"2026-05-22T01:21:39.309530Z","2026-05-22T01:21:43.028947Z",1779412899.30953,1779412903.02895,0.000712,0.000824,0.000862,3.700103,3.700144,3.699241,4.09999999999577e-05,3.6914,0.0280170951843264
"2026-05-22T01:21:43.033Z","run_bootstrap",38,"http://client2:8000","run","http://client2:8000/run",1,TRUE,200,1109,253,3.58594918251038,"2026-05-22T01:21:39.310970Z","2026-05-22T01:21:42.896919Z",1779412899.31097,1779412902.89692,0.000608,0.000721,0.000759,3.567796,3.56784,3.567037,4.3999999999933e-05,3.5606,0.025349182510376
"2026-05-22T01:21:43.033Z","run_bootstrap",38,"http://client3:8000","run","http://client3:8000/run",1,TRUE,200,1109,252,3.67567849159241,"2026-05-22T01:21:39.310697Z","2026-05-22T01:21:42.986375Z",1779412899.3107,1779412902.98638,0.000595,0.000671,0.000702,3.657045,3.657105,3.656343,5.9999999999949e-05,3.6498,0.0258784915924073
"2026-05-22T01:21:46.820Z","run_bootstrap",39,"http://client1:8000","run","http://client1:8000/run",1,TRUE,200,1109,253,3.7666482925415,"2026-05-22T01:21:43.048886Z","2026-05-22T01:21:46.815534Z",1779412903.04889,1779412906.81553,0.000789,0.000877,0.000915,3.752936,3.752979,3.752021,4.29999999997932e-05,3.7437,0.0229482925415039
"2026-05-22T01:21:46.820Z","run_bootstrap",39,"http://client2:8000","run","http://client2:8000/run",1,TRUE,200,1109,252,3.63105225563049,"2026-05-22T01:21:43.048480Z","2026-05-22T01:21:46.679532Z",1779412903.04848,1779412906.67953,0.000636,0.000749,0.000793,3.61644,3.616499,3.615647,5.90000000002533e-05,3.609,0.0220522556304932
"2026-05-22T01:21:46.820Z","run_bootstrap",39,"http://client3:8000","run","http://client3:8000/run",1,TRUE,200,1109,251,3.67983651161194,"2026-05-22T01:21:43.050263Z","2026-05-22T01:21:46.730099Z",1779412903.05026,1779412906.7301,0.000555,0.000633,0.000669,3.663792,3.663833,3.663123,4.09999999999577e-05,3.6436,0.0362365116119383
"2026-05-22T01:21:50.774Z","run_bootstrap",40,"http://client1:8000","run","http://client1:8000/run",1,TRUE,200,1109,253,3.70686006546021,"2026-05-22T01:21:46.832426Z","2026-05-22T01:21:50.539286Z",1779412906.83243,1779412910.53929,0.000607,0.00072,0.000755,3.691809,3.691853,3.691054,4.3999999999933e-05,3.5525,0.154360065460205
"2026-05-22T01:21:50.774Z","run_bootstrap",40,"http://client2:8000","run","http://client2:8000/run",1,TRUE,200,1109,253,3.93650770187378,"2026-05-22T01:21:46.832828Z","2026-05-22T01:21:50.769336Z",1779412906.83283,1779412910.76934,0.000582,0.000693,0.000729,3.920685,3.920727,3.919956,4.19999999996534e-05,3.7717,0.164807701873779
"2026-05-22T01:21:50.774Z","run_bootstrap",40,"http://client3:8000","run","http://client3:8000/run",1,TRUE,200,1109,251,3.82502627372742,"2026-05-22T01:21:46.832176Z","2026-05-22T01:21:50.657203Z",1779412906.83218,1779412910.6572,0.000698,0.000805,0.00084,3.811911,3.811952,3.811071,4.09999999999577e-05,3.6636,0.161426273727417
"2026-05-22T01:21:54.429Z","run_bootstrap",41,"http://client1:8000","run","http://client1:8000/run",1,TRUE,200,1108,255,3.39275574684143,"2026-05-22T01:21:50.785169Z","2026-05-22T01:21:54.177925Z",1779412910.78517,1779412914.17793,0.000547,0.000683,0.000719,3.373682,3.373724,3.372963,4.20000000000975e-05,3.3661,0.0266557468414308
"2026-05-22T01:21:54.429Z","run_bootstrap",41,"http://client2:8000","run","http://client2:8000/run",1,TRUE,200,1108,252,3.58430743217468,"2026-05-22T01:21:50.785868Z","2026-05-22T01:21:54.370176Z",1779412910.78587,1779412914.37018,0.000622,0.000756,0.000791,3.564206,3.564248,3.563415,4.20000000000975e-05,3.5579,0.0264074321746826
"2026-05-22T01:21:54.429Z","run_bootstrap",41,"http://client3:8000","run","http://client3:8000/run",1,TRUE,200,1108,253,3.63707113265991,"2026-05-22T01:21:50.786416Z","2026-05-22T01:21:54.423487Z",1779412910.78642,1779412914.42349,0.000512,0.000626,0.000663,3.619901,3.619942,3.619238,4.09999999999577e-05,3.6133,0.0237711326599119
"2026-05-22T01:21:57.991Z","run_bootstrap",42,"http://client1:8000","run","http://client1:8000/run",1,TRUE,200,1108,255,3.45364761352539,"2026-05-22T01:21:54.441437Z","2026-05-22T01:21:57.895085Z",1779412914.44144,1779412917.89509,0.000603,0.000712,0.000747,3.438771,3.438812,3.438024,4.09999999999577e-05,3.4316,0.0220476135253906
"2026-05-22T01:21:57.991Z","run_bootstrap",42,"http://client2:8000","run","http://client2:8000/run",1,TRUE,200,1108,251,3.50545597076416,"2026-05-22T01:21:54.442080Z","2026-05-22T01:21:57.947536Z",1779412914.44208,1779412917.94754,0.000635,0.000748,0.000783,3.486201,3.486242,3.485418,4.09999999999577e-05,3.477,0.0284559707641603
"2026-05-22T01:21:57.991Z","run_bootstrap",42,"http://client3:8000","run","http://client3:8000/run",1,TRUE,200,1108,253,3.54487133026123,"2026-05-22T01:21:54.441386Z","2026-05-22T01:21:57.986257Z",1779412914.44139,1779412917.98626,0.000588,7e-04,0.000734,3.531517,3.531559,3.530783,4.20000000000975e-05,3.5247,0.0201713302612303
"2026-05-22T01:22:01.713Z","run_bootstrap",43,"http://client1:8000","run","http://client1:8000/run",1,TRUE,200,1109,255,3.70346426963806,"2026-05-22T01:21:58.002828Z","2026-05-22T01:22:01.706292Z",1779412918.00283,1779412921.70629,0.000652,0.000783,0.000819,3.683963,3.684005,3.683144,4.20000000000975e-05,3.6644,0.0390642696380614
"2026-05-22T01:22:01.713Z","run_bootstrap",43,"http://client2:8000","run","http://client2:8000/run",1,TRUE,200,1109,251,3.48852062225342,"2026-05-22T01:21:58.002505Z","2026-05-22T01:22:01.491025Z",1779412918.00251,1779412921.49103,0.000684,0.000776,0.000801,3.470665,3.470694,3.469864,2.90000000000568e-05,3.4471,0.0414206222534181
"2026-05-22T01:22:01.713Z","run_bootstrap",43,"http://client3:8000","run","http://client3:8000/run",1,TRUE,200,1109,253,3.42019820213318,"2026-05-22T01:21:58.003627Z","2026-05-22T01:22:01.423825Z",1779412918.00363,1779412921.42383,0.000632,0.000833,0.000882,3.401884,3.401916,3.401002,3.2000000000032e-05,3.3845,0.0356982021331786
"2026-05-22T01:22:05.244Z","run_bootstrap",44,"http://client1:8000","run","http://client1:8000/run",1,TRUE,200,1109,255,3.46623563766479,"2026-05-22T01:22:01.733410Z","2026-05-22T01:22:05.199646Z",1779412921.73341,1779412925.19965,0.000575,0.000625,0.000647,3.452732,3.452872,3.452085,0.000140000000000029,3.4457,0.0205356376647949
"2026-05-22T01:22:05.244Z","run_bootstrap",44,"http://client2:8000","run","http://client2:8000/run",1,TRUE,200,1109,251,3.50788307189941,"2026-05-22T01:22:01.732484Z","2026-05-22T01:22:05.240367Z",1779412921.73248,1779412925.24037,0.000485,0.000572,0.000599,3.493496,3.49361,3.492897,0.000113999999999947,3.4866,0.0212830718994139
"2026-05-22T01:22:05.244Z","run_bootstrap",44,"http://client3:8000","run","http://client3:8000/run",1,TRUE,200,1109,252,3.38431692123413,"2026-05-22T01:22:01.734272Z","2026-05-22T01:22:05.118588Z",1779412921.73427,1779412925.11859,0.000535,0.000613,0.000649,3.364871,3.365011,3.364222,0.000140000000000029,3.358,0.0263169212341308
"2026-05-22T01:22:09.039Z","run_bootstrap",45,"http://client1:8000","run","http://client1:8000/run",1,TRUE,200,1108,255,3.72563672065735,"2026-05-22T01:22:05.307145Z","2026-05-22T01:22:09.032781Z",1779412925.30715,1779412929.03278,0.00071,0.000811,0.000846,3.712791,3.712877,3.711945,8.60000000000305e-05,3.7046,0.0210367206573485
"2026-05-22T01:22:09.039Z","run_bootstrap",45,"http://client2:8000","run","http://client2:8000/run",1,TRUE,200,1108,255,3.51454305648804,"2026-05-22T01:22:05.309094Z","2026-05-22T01:22:08.823637Z",1779412925.30909,1779412928.82364,0.00065,0.000762,8e-04,3.497584,3.49773,3.496784,0.000145999999999979,3.4876,0.0269430564880371
"2026-05-22T01:22:09.039Z","run_bootstrap",45,"http://client3:8000","run","http://client3:8000/run",1,TRUE,200,1108,256,3.50158858299255,"2026-05-22T01:22:05.309461Z","2026-05-22T01:22:08.811049Z",1779412925.30946,1779412928.81105,0.000683,0.000749,0.00078,3.481989,3.482126,3.481209,0.000137000000000054,3.4743,0.0272885829925538
"2026-05-22T01:22:12.823Z","run_bootstrap",46,"http://client1:8000","run","http://client1:8000/run",1,TRUE,200,1108,255,3.76189208030701,"2026-05-22T01:22:09.056479Z","2026-05-22T01:22:12.818371Z",1779412929.05648,1779412932.81837,0.000748,0.000863,0.000909,3.747974,3.748141,3.747065,0.000166999999999806,3.7403,0.0215920803070069
"2026-05-22T01:22:12.823Z","run_bootstrap",46,"http://client2:8000","run","http://client2:8000/run",1,TRUE,200,1108,255,3.46248078346252,"2026-05-22T01:22:09.058321Z","2026-05-22T01:22:12.520802Z",1779412929.05832,1779412932.5208,0.000619,0.000715,0.000758,3.442481,3.442679,3.441723,0.000198000000000143,3.4355,0.0269807834625242
"2026-05-22T01:22:12.823Z","run_bootstrap",46,"http://client3:8000","run","http://client3:8000/run",1,TRUE,200,1108,256,3.75658273696899,"2026-05-22T01:22:09.057907Z","2026-05-22T01:22:12.814490Z",1779412929.05791,1779412932.81449,0.000593,0.00068,0.000719,3.743033,3.743182,3.742314,0.000148999999999955,3.7358,0.0207827369689944
"2026-05-22T01:22:16.463Z","run_bootstrap",47,"http://client1:8000","run","http://client1:8000/run",1,TRUE,200,1108,254,3.62305998802185,"2026-05-22T01:22:12.835239Z","2026-05-22T01:22:16.458299Z",1779412932.83524,1779412936.4583,0.000585,0.000663,0.000684,3.609553,3.609684,3.608869,0.000131000000000103,3.592,0.0310599880218505
"2026-05-22T01:22:16.463Z","run_bootstrap",47,"http://client2:8000","run","http://client2:8000/run",1,TRUE,200,1108,258,3.51242446899414,"2026-05-22T01:22:12.835795Z","2026-05-22T01:22:16.348219Z",1779412932.8358,1779412936.34822,0.000521,0.000603,0.000632,3.495157,3.495311,3.494525,0.00015400000000021,3.4884,0.0240244689941407
"2026-05-22T01:22:16.463Z","run_bootstrap",47,"http://client3:8000","run","http://client3:8000/run",1,TRUE,200,1108,254,3.5914318561554,"2026-05-22T01:22:12.836110Z","2026-05-22T01:22:16.427541Z",1779412932.83611,1779412936.42754,0.000697,0.000759,0.000778,3.578801,3.578909,3.578023,0.000107999999999997,3.5709,0.0205318561553955
"2026-05-22T01:22:20.266Z","run_bootstrap",48,"http://client1:8000","run","http://client1:8000/run",1,TRUE,200,1108,255,3.72655296325684,"2026-05-22T01:22:16.475737Z","2026-05-22T01:22:20.202290Z",1779412936.47574,1779412940.20229,0.000822,0.000905,0.000935,3.710102,3.71024,3.709167,0.000138000000000194,3.7027,0.0238529632568358
"2026-05-22T01:22:20.266Z","run_bootstrap",48,"http://client2:8000","run","http://client2:8000/run",1,TRUE,200,1108,258,3.78343677520752,"2026-05-22T01:22:16.476737Z","2026-05-22T01:22:20.260174Z",1779412936.47674,1779412940.26017,0.000625,0.000698,0.000728,3.767222,3.767361,3.766494,0.000139000000000333,3.7594,0.0240367752075197
"2026-05-22T01:22:20.266Z","run_bootstrap",48,"http://client3:8000","run","http://client3:8000/run",1,TRUE,200,1108,254,3.4965660572052,"2026-05-22T01:22:16.476819Z","2026-05-22T01:22:19.973385Z",1779412936.47682,1779412939.97339,0.000722,0.000805,0.00083,3.481667,3.481794,3.480837,0.000126999999999988,3.4738,0.0227660572052
"2026-05-22T01:22:23.909Z","run_bootstrap",49,"http://client1:8000","run","http://client1:8000/run",1,TRUE,200,1108,250,3.54301404953003,"2026-05-22T01:22:20.277573Z","2026-05-22T01:22:23.820587Z",1779412940.27757,1779412943.82059,0.000747,0.000856,0.00089,3.528188,3.528348,3.527298,0.000159999999999716,3.5191,0.0239140495300294
"2026-05-22T01:22:23.909Z","run_bootstrap",49,"http://client2:8000","run","http://client2:8000/run",1,TRUE,200,1108,256,3.62420058250427,"2026-05-22T01:22:20.279901Z","2026-05-22T01:22:23.904101Z",1779412940.2799,1779412943.9041,0.000503,0.00059,0.000623,3.608461,3.608561,3.607838,9.99999999997669e-05,3.6007,0.0235005825042727
"2026-05-22T01:22:23.909Z","run_bootstrap",49,"http://client3:8000","run","http://client3:8000/run",1,TRUE,200,1108,254,3.61476039886475,"2026-05-22T01:22:20.280110Z","2026-05-22T01:22:23.894870Z",1779412940.28011,1779412943.89487,0.000846,0.000964,0.001,3.599728,3.599896,3.598728,0.00016800000000039,3.5925,0.0222603988647463
"2026-05-22T01:22:27.728Z","run_bootstrap",50,"http://client1:8000","run","http://client1:8000/run",1,TRUE,200,1108,250,3.56363797187805,"2026-05-22T01:22:23.921836Z","2026-05-22T01:22:27.485474Z",1779412943.92184,1779412947.48547,0.000457,0.000597,0.000743,3.54424,3.544383,3.543497,0.000143000000000004,3.5368,0.0268379718780518
"2026-05-22T01:22:27.728Z","run_bootstrap",50,"http://client2:8000","run","http://client2:8000/run",1,TRUE,200,1108,255,3.60182499885559,"2026-05-22T01:22:23.922355Z","2026-05-22T01:22:27.524180Z",1779412943.92236,1779412947.52418,0.00048,0.000558,0.000581,3.583152,3.583288,3.582571,0.000135999999999914,3.574,0.027824998855591
"2026-05-22T01:22:27.728Z","run_bootstrap",50,"http://client3:8000","run","http://client3:8000/run",1,TRUE,200,1108,254,3.80115079879761,"2026-05-22T01:22:23.922788Z","2026-05-22T01:22:27.723939Z",1779412943.92279,1779412947.72394,0.000483,0.000543,0.000567,3.782885,3.783053,3.782318,0.00016800000000039,3.7757,0.0254507987976074
"2026-05-22T01:22:31.540Z","run_bootstrap",51,"http://client1:8000","run","http://client1:8000/run",1,TRUE,200,1110,252,3.63263630867004,"2026-05-22T01:22:27.742067Z","2026-05-22T01:22:31.374703Z",1779412947.74207,1779412951.3747,0.000611,0.000714,0.000747,3.615319,3.615479,3.614572,0.00016000000000016,3.6068,0.0258363086700442
"2026-05-22T01:22:31.540Z","run_bootstrap",51,"http://client2:8000","run","http://client2:8000/run",1,TRUE,200,1110,256,3.5745325088501,"2026-05-22T01:22:27.742858Z","2026-05-22T01:22:31.317390Z",1779412947.74286,1779412951.31739,0.000553,0.000639,0.00067,3.555359,3.555494,3.554689,0.000134999999999774,3.5472,0.0273325088500975
"2026-05-22T01:22:31.540Z","run_bootstrap",51,"http://client3:8000","run","http://client3:8000/run",1,TRUE,200,1110,249,3.79224371910095,"2026-05-22T01:22:27.743291Z","2026-05-22T01:22:31.535535Z",1779412947.74329,1779412951.53554,0.000374,0.000447,0.000483,3.772946,3.773079,3.772463,0.000132999999999939,3.7631,0.029143719100952
"2026-05-22T01:22:35.378Z","run_bootstrap",52,"http://client1:8000","run","http://client1:8000/run",1,TRUE,200,1110,252,3.82152318954468,"2026-05-22T01:22:31.552195Z","2026-05-22T01:22:35.373718Z",1779412951.5522,1779412955.37372,0.000431,0.000518,0.000557,3.800341,3.800477,3.799784,0.000135999999999914,3.7919,0.0296231895446777
"2026-05-22T01:22:35.378Z","run_bootstrap",52,"http://client2:8000","run","http://client2:8000/run",1,TRUE,200,1110,256,3.58928871154785,"2026-05-22T01:22:31.552891Z","2026-05-22T01:22:35.142179Z",1779412951.55289,1779412955.14218,0.000396,0.000475,0.000508,3.568529,3.568667,3.568021,0.000138000000000194,3.5617,0.0275887115478515
"2026-05-22T01:22:35.378Z","run_bootstrap",52,"http://client3:8000","run","http://client3:8000/run",1,TRUE,200,1110,249,3.61333179473877,"2026-05-22T01:22:31.553312Z","2026-05-22T01:22:35.166644Z",1779412951.55331,1779412955.16664,0.000687,0.00079,0.000826,3.596124,3.596256,3.595298,0.000131999999999799,3.5888,0.0245317947387695
"2026-05-22T01:22:39.189Z","run_bootstrap",53,"http://client1:8000","run","http://client1:8000/run",1,TRUE,200,1108,250,3.63906717300415,"2026-05-22T01:22:35.389566Z","2026-05-22T01:22:39.028633Z",1779412955.38957,1779412959.02863,0.000664,0.000737,0.000772,3.624327,3.624468,3.623555,0.000140999999999725,3.6161,0.0229671730041505
"2026-05-22T01:22:39.189Z","run_bootstrap",53,"http://client2:8000","run","http://client2:8000/run",1,TRUE,200,1108,253,3.79416155815125,"2026-05-22T01:22:35.390295Z","2026-05-22T01:22:39.184456Z",1779412955.3903,1779412959.18446,0.000703,8e-04,0.000834,3.780574,3.780705,3.77974,0.000131000000000103,3.7732,0.020961558151245
"2026-05-22T01:22:39.189Z","run_bootstrap",53,"http://client3:8000","run","http://client3:8000/run",1,TRUE,200,1108,253,3.49614858627319,"2026-05-22T01:22:35.390892Z","2026-05-22T01:22:38.887040Z",1779412955.39089,1779412958.88704,0.000601,0.000704,0.000743,3.482679,3.482815,3.481936,0.000135999999999914,3.4739,0.0222485862731934
"2026-05-22T01:22:43.009Z","run_bootstrap",54,"http://client1:8000","run","http://client1:8000/run",1,TRUE,200,1108,250,3.80345225334167,"2026-05-22T01:22:39.201201Z","2026-05-22T01:22:43.004654Z",1779412959.2012,1779412963.00465,0.000385,0.000476,0.000499,3.788509,3.788547,3.78801,3.79999999999825e-05,3.7815,0.0219522533416749
"2026-05-22T01:22:43.009Z","run_bootstrap",54,"http://client2:8000","run","http://client2:8000/run",1,TRUE,200,1108,253,3.49952077865601,"2026-05-22T01:22:39.202983Z","2026-05-22T01:22:42.702504Z",1779412959.20298,1779412962.7025,0.000486,0.00057,0.000603,3.485506,3.485613,3.484903,0.000106999999999857,3.4785,0.0210207786560059
"2026-05-22T01:22:43.009Z","run_bootstrap",54,"http://client3:8000","run","http://client3:8000/run",1,TRUE,200,1108,253,3.75832343101501,"2026-05-22T01:22:39.202034Z","2026-05-22T01:22:42.960357Z",1779412959.20203,1779412962.96036,0.000504,0.000566,0.000586,3.744272,3.744406,3.743686,0.000134000000000079,3.7374,0.0209234310150146
"2026-05-22T01:22:46.684Z","run_bootstrap",55,"http://client1:8000","run","http://client1:8000/run",1,TRUE,200,1109,252,3.659099817276,"2026-05-22T01:22:43.021183Z","2026-05-22T01:22:46.680283Z",1779412963.02118,1779412966.68028,0.000598,0.000713,0.000769,3.642558,3.642688,3.641789,0.000129999999999963,3.6325,0.0265998172760011
"2026-05-22T01:22:46.684Z","run_bootstrap",55,"http://client2:8000","run","http://client2:8000/run",1,TRUE,200,1109,254,3.54194760322571,"2026-05-22T01:22:43.021716Z","2026-05-22T01:22:46.563663Z",1779412963.02172,1779412966.56366,0.00055,0.000637,0.000676,3.523551,3.52368,3.522875,0.000129000000000268,3.5167,0.0252476032257078
"2026-05-22T01:22:46.684Z","run_bootstrap",55,"http://client3:8000","run","http://client3:8000/run",1,TRUE,200,1109,253,3.57447838783264,"2026-05-22T01:22:43.022469Z","2026-05-22T01:22:46.596948Z",1779412963.02247,1779412966.59695,0.000565,0.000685,0.000726,3.554574,3.554858,3.553848,0.000283999999999729,3.5477,0.0267783878326417
"2026-05-22T01:22:50.369Z","run_bootstrap",56,"http://client1:8000","run","http://client1:8000/run",1,TRUE,200,1109,252,3.60877919197083,"2026-05-22T01:22:46.701149Z","2026-05-22T01:22:50.309929Z",1779412966.70115,1779412970.30993,0.000661,0.000772,0.000808,3.596302,3.596463,3.595494,0.000160999999999856,3.5888,0.0199791919708252
"2026-05-22T01:22:50.369Z","run_bootstrap",56,"http://client2:8000","run","http://client2:8000/run",1,TRUE,200,1109,254,3.62898731231689,"2026-05-22T01:22:46.702989Z","2026-05-22T01:22:50.331977Z",1779412966.70299,1779412970.33198,0.000671,0.000797,0.000861,3.615231,3.61536,3.61437,0.000128999999999824,3.6069,0.0220873123168945
"2026-05-22T01:22:50.369Z","run_bootstrap",56,"http://client3:8000","run","http://client3:8000/run",1,TRUE,200,1109,253,3.66224145889282,"2026-05-22T01:22:46.703062Z","2026-05-22T01:22:50.365303Z",1779412966.70306,1779412970.3653,0.000657,0.000777,0.000973,3.648604,3.648738,3.647631,0.000133999999999634,3.6404,0.0218414588928222
"2026-05-22T01:22:54.064Z","run_bootstrap",57,"http://client1:8000","run","http://client1:8000/run",1,TRUE,200,1109,249,3.67635273933411,"2026-05-22T01:22:50.382279Z","2026-05-22T01:22:54.058631Z",1779412970.38228,1779412974.05863,0.000728,0.000842,0.000882,3.662089,3.662222,3.661207,0.000132999999999939,3.6538,0.0225527393341065
"2026-05-22T01:22:54.064Z","run_bootstrap",57,"http://client2:8000","run","http://client2:8000/run",1,TRUE,200,1109,254,3.6241295337677,"2026-05-22T01:22:50.384300Z","2026-05-22T01:22:54.008430Z",1779412970.3843,1779412974.00843,0.000452,0.000553,0.000593,3.607247,3.607367,3.606654,0.000119999999999898,3.5996,0.0245295337677001
"2026-05-22T01:22:54.064Z","run_bootstrap",57,"http://client3:8000","run","http://client3:8000/run",1,TRUE,200,1109,250,3.57894945144653,"2026-05-22T01:22:50.384604Z","2026-05-22T01:22:53.963554Z",1779412970.3846,1779412973.96355,0.000512,0.000617,0.000663,3.561522,3.561671,3.560859,0.000148999999999955,3.5544,0.0245494514465334
"2026-05-22T01:22:57.968Z","run_bootstrap",58,"http://client1:8000","run","http://client1:8000/run",1,TRUE,200,1109,249,3.88768172264099,"2026-05-22T01:22:54.076457Z","2026-05-22T01:22:57.964139Z",1779412974.07646,1779412977.96414,0.000503,0.000582,0.000622,3.866622,3.866748,3.866,0.000125999999999848,3.8594,0.0282817226409913
"2026-05-22T01:22:57.968Z","run_bootstrap",58,"http://client2:8000","run","http://client2:8000/run",1,TRUE,200,1109,254,3.58286023139954,"2026-05-22T01:22:54.076839Z","2026-05-22T01:22:57.659699Z",1779412974.07684,1779412977.6597,0.000502,0.000574,0.000611,3.564109,3.564282,3.563498,0.000172999999999757,3.5557,0.0271602313995363
"2026-05-22T01:22:57.968Z","run_bootstrap",58,"http://client3:8000","run","http://client3:8000/run",1,TRUE,200,1109,249,3.68335270881653,"2026-05-22T01:22:54.076228Z","2026-05-22T01:22:57.759581Z",1779412974.07623,1779412977.75958,0.000659,0.000766,0.000807,3.669286,3.669386,3.668479,9.99999999997669e-05,3.662,0.0213527088165284
"2026-05-22T01:23:01.892Z","run_bootstrap",59,"http://client1:8000","run","http://client1:8000/run",1,TRUE,200,1109,251,3.65430855751038,"2026-05-22T01:22:57.980424Z","2026-05-22T01:23:01.634733Z",1779412977.98042,1779412981.63473,0.000636,0.000763,0.000802,3.632115,3.632251,3.631313,0.000135999999999914,3.6218,0.0325085575103761
"2026-05-22T01:23:01.892Z","run_bootstrap",59,"http://client2:8000","run","http://client2:8000/run",1,TRUE,200,1109,254,3.62684679031372,"2026-05-22T01:22:57.981281Z","2026-05-22T01:23:01.608128Z",1779412977.98128,1779412981.60813,0.00074,0.000806,0.000827,3.605882,3.606007,3.605055,0.000125000000000153,3.5955,0.0313467903137208
"2026-05-22T01:23:01.892Z","run_bootstrap",59,"http://client3:8000","run","http://client3:8000/run",1,TRUE,200,1109,247,3.90591835975647,"2026-05-22T01:22:57.981800Z","2026-05-22T01:23:01.887718Z",1779412977.9818,1779412981.88772,0.000609,0.000755,0.00079,3.887604,3.887736,3.886814,0.000131999999999799,3.8803,0.0256183597564696
"2026-05-22T01:23:06.000Z","run_bootstrap",60,"http://client1:8000","run","http://client1:8000/run",1,TRUE,200,1109,251,4.03166580200195,"2026-05-22T01:23:01.905902Z","2026-05-22T01:23:05.937568Z",1779412981.9059,1779412985.93757,0.000765,0.00088,0.000932,4.016106,4.016229,4.015174,0.000123000000000317,3.8601,0.171565802001953
"2026-05-22T01:23:06.000Z","run_bootstrap",60,"http://client2:8000","run","http://client2:8000/run",1,TRUE,200,1109,254,4.08870315551758,"2026-05-22T01:23:01.906485Z","2026-05-22T01:23:05.995188Z",1779412981.90649,1779412985.99519,0.000453,0.000562,0.000607,4.072246,4.072595,4.071639,0.000348999999999933,3.9139,0.174803155517578
"2026-05-22T01:23:06.000Z","run_bootstrap",60,"http://client3:8000","run","http://client3:8000/run",1,TRUE,200,1109,247,3.77995038032532,"2026-05-22T01:23:01.906907Z","2026-05-22T01:23:05.686858Z",1779412981.90691,1779412985.68686,0.000605,0.000716,0.000761,3.759394,3.759545,3.758633,0.000151000000000234,3.6088,0.171150380325317
"2026-05-22T01:23:09.668Z","run_bootstrap",61,"http://client1:8000","run","http://client1:8000/run",1,TRUE,200,1109,251,3.6508674621582,"2026-05-22T01:23:06.012285Z","2026-05-22T01:23:09.663153Z",1779412986.01229,1779412989.66315,0.000374,0.000451,0.000476,3.633871,3.633997,3.633395,0.000125999999999848,3.6275,0.0233674621582032
"2026-05-22T01:23:09.668Z","run_bootstrap",61,"http://client2:8000","run","http://client2:8000/run",1,TRUE,200,1109,254,3.42937302589417,"2026-05-22T01:23:06.012081Z","2026-05-22T01:23:09.441454Z",1779412986.01208,1779412989.44145,0.000536,0.00062,0.000653,3.412487,3.412618,3.411834,0.000131000000000103,3.4061,0.0232730258941651
"2026-05-22T01:23:09.668Z","run_bootstrap",61,"http://client3:8000","run","http://client3:8000/run",1,TRUE,200,1109,251,3.47137594223022,"2026-05-22T01:23:06.012140Z","2026-05-22T01:23:09.483516Z",1779412986.01214,1779412989.48352,0.000566,0.000646,0.000679,3.453967,3.45405,3.453288,8.30000000000553e-05,3.4469,0.0244759422302248
"2026-05-22T01:23:13.400Z","run_bootstrap",62,"http://client1:8000","run","http://client1:8000/run",1,TRUE,200,1109,251,3.71368527412415,"2026-05-22T01:23:09.682559Z","2026-05-22T01:23:13.396244Z",1779412989.68256,1779412993.39624,0.000619,0.000702,0.000724,3.700743,3.70088,3.700019,0.000137000000000054,3.6935,0.0201852741241457
"2026-05-22T01:23:13.400Z","run_bootstrap",62,"http://client2:8000","run","http://client2:8000/run",1,TRUE,200,1109,254,3.53106713294983,"2026-05-22T01:23:09.682949Z","2026-05-22T01:23:13.214016Z",1779412989.68295,1779412993.21402,0.000641,0.000727,0.000758,3.517817,3.517944,3.517059,0.000126999999999988,3.5099,0.0211671329498291
"2026-05-22T01:23:13.400Z","run_bootstrap",62,"http://client3:8000","run","http://client3:8000/run",1,TRUE,200,1109,251,3.41809320449829,"2026-05-22T01:23:09.684355Z","2026-05-22T01:23:13.102449Z",1779412989.68436,1779412993.10245,0.00047,0.000545,0.000579,3.402177,3.402226,3.401598,4.90000000001878e-05,3.3955,0.0225932044982908
"2026-05-22T01:23:17.156Z","run_bootstrap",63,"http://client1:8000","run","http://client1:8000/run",1,TRUE,200,1109,252,3.73925566673279,"2026-05-22T01:23:13.412220Z","2026-05-22T01:23:17.151475Z",1779412993.41222,1779412997.15148,0.000768,0.000884,0.000928,3.718841,3.71897,3.717913,0.000129000000000268,3.7005,0.0387556667327882
"2026-05-22T01:23:17.156Z","run_bootstrap",63,"http://client2:8000","run","http://client2:8000/run",1,TRUE,200,1109,253,3.43206167221069,"2026-05-22T01:23:13.413000Z","2026-05-22T01:23:16.845062Z",1779412993.413,1779412996.84506,0.000622,0.000699,0.000735,3.411664,3.411794,3.410929,0.000129999999999963,3.39,0.0420616722106932
"2026-05-22T01:23:17.156Z","run_bootstrap",63,"http://client3:8000","run","http://client3:8000/run",1,TRUE,200,1109,252,3.55659604072571,"2026-05-22T01:23:13.413648Z","2026-05-22T01:23:16.970244Z",1779412993.41365,1779412996.97024,0.000519,0.000618,0.000659,3.537428,3.537557,3.536769,0.000129000000000268,3.5213,0.0352960407257079
"2026-05-22T01:23:20.886Z","run_bootstrap",64,"http://client1:8000","run","http://client1:8000/run",1,TRUE,200,1109,252,3.46002411842346,"2026-05-22T01:23:17.168576Z","2026-05-22T01:23:20.628601Z",1779412997.16858,1779413000.6286,0.000632,0.00074,0.000786,3.441804,3.441931,3.441018,0.000126999999999988,3.4346,0.0254241184234618
"2026-05-22T01:23:20.886Z","run_bootstrap",64,"http://client2:8000","run","http://client2:8000/run",1,TRUE,200,1109,255,3.71249651908875,"2026-05-22T01:23:17.169326Z","2026-05-22T01:23:20.881822Z",1779412997.16933,1779413000.88182,0.000661,0.000778,0.000827,3.691866,3.692002,3.691039,0.000135999999999914,3.6838,0.0286965190887449
"2026-05-22T01:23:20.886Z","run_bootstrap",64,"http://client3:8000","run","http://client3:8000/run",1,TRUE,200,1109,252,3.51564931869507,"2026-05-22T01:23:17.170047Z","2026-05-22T01:23:20.685696Z",1779412997.17005,1779413000.6857,0.000489,6e-04,0.000649,3.495427,3.495556,3.494778,0.000129000000000268,3.4872,0.0284493186950683
"2026-05-22T01:23:24.605Z","run_bootstrap",65,"http://client1:8000","run","http://client1:8000/run",1,TRUE,200,1108,251,3.45226979255676,"2026-05-22T01:23:20.897639Z","2026-05-22T01:23:24.349909Z",1779413000.89764,1779413004.34991,0.000739,0.000848,0.000884,3.437086,3.437233,3.436202,0.000147000000000119,3.4295,0.0227697925567627
"2026-05-22T01:23:24.605Z","run_bootstrap",65,"http://client2:8000","run","http://client2:8000/run",1,TRUE,200,1108,254,3.70053029060364,"2026-05-22T01:23:20.899819Z","2026-05-22T01:23:24.600349Z",1779413000.89982,1779413004.60035,0.000559,0.000646,0.000668,3.685213,3.685353,3.684545,0.000140000000000029,3.6783,0.0222302906036376
"2026-05-22T01:23:24.605Z","run_bootstrap",65,"http://client3:8000","run","http://client3:8000/run",1,TRUE,200,1108,252,3.4822793006897,"2026-05-22T01:23:20.899990Z","2026-05-22T01:23:24.382270Z",1779413000.89999,1779413004.38227,0.000583,0.000645,0.000668,3.467186,3.467306,3.466518,0.000120000000000342,3.4604,0.0218793006896973
"2026-05-22T01:23:28.290Z","run_bootstrap",66,"http://client1:8000","run","http://client1:8000/run",1,TRUE,200,1108,251,3.5892379283905,"2026-05-22T01:23:24.618501Z","2026-05-22T01:23:28.207739Z",1779413004.6185,1779413008.20774,0.000679,0.000782,0.000821,3.573517,3.573594,3.572696,7.70000000001048e-05,3.5661,0.0231379283905029
"2026-05-22T01:23:28.290Z","run_bootstrap",66,"http://client2:8000","run","http://client2:8000/run",1,TRUE,200,1108,254,3.49655151367188,"2026-05-22T01:23:24.619004Z","2026-05-22T01:23:28.115555Z",1779413004.619,1779413008.11556,0.000629,0.000746,0.000785,3.474975,3.475091,3.47419,0.000115999999999783,3.4681,0.0284515136718748
"2026-05-22T01:23:28.290Z","run_bootstrap",66,"http://client3:8000","run","http://client3:8000/run",1,TRUE,200,1108,252,3.66403222084045,"2026-05-22T01:23:24.619498Z","2026-05-22T01:23:28.283531Z",1779413004.6195,1779413008.28353,0.00049,0.000585,0.000619,3.642715,3.642828,3.642096,0.000113000000000252,3.6358,0.028232220840454
"2026-05-22T01:23:31.856Z","run_bootstrap",67,"http://client1:8000","run","http://client1:8000/run",1,TRUE,200,1107,249,3.54273700714111,"2026-05-22T01:23:28.302107Z","2026-05-22T01:23:31.844844Z",1779413008.30211,1779413011.84484,0.000687,0.000767,0.000799,3.524775,3.524884,3.523976,0.000109000000000137,3.5175,0.0252370071411132
"2026-05-22T01:23:31.856Z","run_bootstrap",67,"http://client2:8000","run","http://client2:8000/run",1,TRUE,200,1107,254,3.54945945739746,"2026-05-22T01:23:28.302722Z","2026-05-22T01:23:31.852181Z",1779413008.30272,1779413011.85218,0.000538,0.000623,0.00067,3.532921,3.533018,3.532251,9.70000000002358e-05,3.5258,0.0236594573974611
"2026-05-22T01:23:31.856Z","run_bootstrap",67,"http://client3:8000","run","http://client3:8000/run",1,TRUE,200,1107,253,3.45564675331116,"2026-05-22T01:23:28.303269Z","2026-05-22T01:23:31.758916Z",1779413008.30327,1779413011.75892,0.000551,0.000627,0.000657,3.438308,3.438442,3.437651,0.000134000000000079,3.4314,0.0242467533111572
"2026-05-22T01:23:35.427Z","run_bootstrap",68,"http://client1:8000","run","http://client1:8000/run",1,TRUE,200,1107,249,3.38542556762695,"2026-05-22T01:23:31.870843Z","2026-05-22T01:23:35.256268Z",1779413011.87084,1779413015.25627,0.000525,0.000606,0.000632,3.367564,3.367689,3.366932,0.000125000000000153,3.3603,0.0251255676269531
"2026-05-22T01:23:35.427Z","run_bootstrap",68,"http://client2:8000","run","http://client2:8000/run",1,TRUE,200,1107,254,3.5511200428009,"2026-05-22T01:23:31.871462Z","2026-05-22T01:23:35.422582Z",1779413011.87146,1779413015.42258,0.000801,0.000868,0.000893,3.534843,3.534961,3.53395,0.000118000000000062,3.5275,0.0236200428009035
"2026-05-22T01:23:35.427Z","run_bootstrap",68,"http://client3:8000","run","http://client3:8000/run",1,TRUE,200,1107,253,3.44724631309509,"2026-05-22T01:23:31.872020Z","2026-05-22T01:23:35.319267Z",1779413011.87202,1779413015.31927,0.000443,0.000518,0.000559,3.429184,3.429302,3.428625,0.000118000000000062,3.4225,0.0247463130950929
"2026-05-22T01:23:39.114Z","run_bootstrap",69,"http://client1:8000","run","http://client1:8000/run",1,TRUE,200,1109,249,3.67013478279114,"2026-05-22T01:23:35.438971Z","2026-05-22T01:23:39.109105Z",1779413015.43897,1779413019.10911,0.000643,0.000746,0.00078,3.654015,3.654128,3.653235,0.000113000000000252,3.6455,0.0246347827911375
"2026-05-22T01:23:39.114Z","run_bootstrap",69,"http://client2:8000","run","http://client2:8000/run",1,TRUE,200,1109,256,3.62758851051331,"2026-05-22T01:23:35.439627Z","2026-05-22T01:23:39.067215Z",1779413015.43963,1779413019.06722,0.000637,0.000726,0.00075,3.608783,3.608907,3.608033,0.000124000000000013,3.6013,0.0262885105133055
"2026-05-22T01:23:39.114Z","run_bootstrap",69,"http://client3:8000","run","http://client3:8000/run",1,TRUE,200,1109,249,3.622807264328,"2026-05-22T01:23:35.440106Z","2026-05-22T01:23:39.062914Z",1779413015.44011,1779413019.06291,0.000614,0.000718,0.000752,3.607697,3.607812,3.606945,0.000115000000000087,3.6,0.0228072643280028
"2026-05-22T01:23:42.920Z","run_bootstrap",70,"http://client1:8000","run","http://client1:8000/run",1,TRUE,200,1109,249,3.57801842689514,"2026-05-22T01:23:39.126886Z","2026-05-22T01:23:42.704905Z",1779413019.12689,1779413022.70491,0.000662,0.000737,0.000776,3.564208,3.564342,3.563432,0.000134000000000079,3.5568,0.0212184268951416
"2026-05-22T01:23:42.920Z","run_bootstrap",70,"http://client2:8000","run","http://client2:8000/run",1,TRUE,200,1109,256,3.48798394203186,"2026-05-22T01:23:39.126497Z","2026-05-22T01:23:42.614481Z",1779413019.1265,1779413022.61448,0.000437,0.000514,0.000542,3.474544,3.474655,3.474002,0.000110999999999972,3.4679,0.0200839420318601
"2026-05-22T01:23:42.920Z","run_bootstrap",70,"http://client3:8000","run","http://client3:8000/run",1,TRUE,200,1109,251,3.78882002830505,"2026-05-22T01:23:39.126797Z","2026-05-22T01:23:42.915617Z",1779413019.1268,1779413022.91562,0.000438,0.000522,0.000564,3.774928,3.775043,3.774364,0.000115000000000087,3.768,0.0208200283050539
"2026-05-22T01:23:46.763Z","run_bootstrap",71,"http://client1:8000","run","http://client1:8000/run",1,TRUE,200,1108,251,3.66983389854431,"2026-05-22T01:23:42.932388Z","2026-05-22T01:23:46.602222Z",1779413022.93239,1779413026.60222,0.000523,0.000607,0.000633,3.654981,3.655072,3.654348,9.10000000002853e-05,3.6478,0.0220338985443114
"2026-05-22T01:23:46.763Z","run_bootstrap",71,"http://client2:8000","run","http://client2:8000/run",1,TRUE,200,1108,255,3.52987432479858,"2026-05-22T01:23:42.934054Z","2026-05-22T01:23:46.463929Z",1779413022.93405,1779413026.46393,0.000484,0.000577,0.000613,3.514886,3.515031,3.514273,0.00014499999999984,3.5078,0.022074324798584
"2026-05-22T01:23:46.763Z","run_bootstrap",71,"http://client3:8000","run","http://client3:8000/run",1,TRUE,200,1108,251,3.82263875007629,"2026-05-22T01:23:42.933083Z","2026-05-22T01:23:46.755722Z",1779413022.93308,1779413026.75572,0.000596,0.000693,0.000729,3.808224,3.808385,3.807495,0.000160999999999856,3.8013,0.021338750076294
"2026-05-22T01:23:50.479Z","run_bootstrap",72,"http://client1:8000","run","http://client1:8000/run",1,TRUE,200,1108,251,3.69257521629333,"2026-05-22T01:23:46.783250Z","2026-05-22T01:23:50.475825Z",1779413026.78325,1779413030.47583,0.000637,0.000741,0.000775,3.670138,3.670314,3.669363,0.000175999999999732,3.6625,0.0300752162933349
"2026-05-22T01:23:50.479Z","run_bootstrap",72,"http://client2:8000","run","http://client2:8000/run",1,TRUE,200,1108,255,3.67493295669556,"2026-05-22T01:23:46.783899Z","2026-05-22T01:23:50.458832Z",1779413026.7839,1779413030.45883,0.000811,0.000889,0.000912,3.649967,3.650091,3.649055,0.000124000000000013,3.6422,0.0327329566955568
"2026-05-22T01:23:50.479Z","run_bootstrap",72,"http://client3:8000","run","http://client3:8000/run",1,TRUE,200,1108,251,3.39852476119995,"2026-05-22T01:23:46.784781Z","2026-05-22T01:23:50.183305Z",1779413026.78478,1779413030.18331,0.00067,0.00076,0.000796,3.373444,3.373564,3.372648,0.000119999999999898,3.3638,0.0347247611999513
"2026-05-22T01:23:54.402Z","run_bootstrap",73,"http://client1:8000","run","http://client1:8000/run",1,TRUE,200,1109,250,3.90189170837402,"2026-05-22T01:23:50.493138Z","2026-05-22T01:23:54.395030Z",1779413030.49314,1779413034.39503,0.000533,0.000608,0.000644,3.885141,3.885272,3.884497,0.000131000000000103,3.8777,0.0241917083740235
"2026-05-22T01:23:54.402Z","run_bootstrap",73,"http://client2:8000","run","http://client2:8000/run",1,TRUE,200,1109,253,3.41957092285156,"2026-05-22T01:23:50.493848Z","2026-05-22T01:23:53.913419Z",1779413030.49385,1779413033.91342,0.000611,0.000689,0.000712,3.404977,3.405033,3.404265,5.5999999999834e-05,3.3805,0.0390709228515624
"2026-05-22T01:23:54.402Z","run_bootstrap",73,"http://client3:8000","run","http://client3:8000/run",1,TRUE,200,1109,253,3.70906686782837,"2026-05-22T01:23:50.494408Z","2026-05-22T01:23:54.203475Z",1779413030.49441,1779413034.20348,0.000621,0.000705,0.000736,3.694944,3.695096,3.694208,0.00015199999999993,3.6773,0.0317668678283693
"2026-05-22T01:23:58.327Z","run_bootstrap",74,"http://client1:8000","run","http://client1:8000/run",1,TRUE,200,1109,250,3.90455532073975,"2026-05-22T01:23:54.418626Z","2026-05-22T01:23:58.323181Z",1779413034.41863,1779413038.32318,0.000458,0.000533,0.000568,3.883667,3.883797,3.883099,0.000129999999999963,3.8765,0.028055320739746
"2026-05-22T01:23:58.327Z","run_bootstrap",74,"http://client2:8000","run","http://client2:8000/run",1,TRUE,200,1109,253,3.59163641929626,"2026-05-22T01:23:54.419014Z","2026-05-22T01:23:58.010650Z",1779413034.41901,1779413038.01065,0.000495,0.000592,0.000625,3.570901,3.571031,3.570276,0.000129999999999963,3.5615,0.0301364192962645
"2026-05-22T01:23:58.327Z","run_bootstrap",74,"http://client3:8000","run","http://client3:8000/run",1,TRUE,200,1109,252,3.7031455039978,"2026-05-22T01:23:54.418651Z","2026-05-22T01:23:58.121796Z",1779413034.41865,1779413038.1218,0.000589,0.000695,0.000731,3.689276,3.689404,3.688545,0.000128000000000128,3.681,0.0221455039978027
"2026-05-22T01:24:02.102Z","run_bootstrap",75,"http://client1:8000","run","http://client1:8000/run",1,TRUE,200,1108,251,3.7580132484436,"2026-05-22T01:23:58.339625Z","2026-05-22T01:24:02.097638Z",1779413038.33963,1779413042.09764,0.00077,0.000906,0.000942,3.742289,3.742425,3.741347,0.000135999999999914,3.7341,0.0239132484436033
"2026-05-22T01:24:02.102Z","run_bootstrap",75,"http://client2:8000","run","http://client2:8000/run",1,TRUE,200,1108,254,3.61456966400146,"2026-05-22T01:23:58.340331Z","2026-05-22T01:24:01.954901Z",1779413038.34033,1779413041.9549,0.000465,0.000577,0.000612,3.597282,3.597432,3.59667,0.000150000000000095,3.5902,0.024369664001465
"2026-05-22T01:24:02.102Z","run_bootstrap",75,"http://client3:8000","run","http://client3:8000/run",1,TRUE,200,1108,252,3.49099850654602,"2026-05-22T01:23:58.340979Z","2026-05-22T01:24:01.831977Z",1779413038.34098,1779413041.83198,0.000565,0.000682,0.00072,3.47106,3.471204,3.47034,0.000144000000000144,3.4637,0.0272985065460207
"2026-05-22T01:24:05.923Z","run_bootstrap",76,"http://client1:8000","run","http://client1:8000/run",1,TRUE,200,1108,251,3.6582453250885,"2026-05-22T01:24:02.113801Z","2026-05-22T01:24:05.772047Z",1779413042.1138,1779413045.77205,0.000695,0.000805,0.00084,3.644743,3.644852,3.643903,0.000109000000000137,3.6359,0.0223453250885011
"2026-05-22T01:24:05.923Z","run_bootstrap",76,"http://client2:8000","run","http://client2:8000/run",1,TRUE,200,1108,253,3.80273246765137,"2026-05-22T01:24:02.115567Z","2026-05-22T01:24:05.918300Z",1779413042.11557,1779413045.9183,0.000706,0.000811,0.000844,3.781772,3.781904,3.780928,0.000131999999999799,3.773,0.0297324676513671
"2026-05-22T01:24:05.923Z","run_bootstrap",76,"http://client3:8000","run","http://client3:8000/run",1,TRUE,200,1108,252,3.67340850830078,"2026-05-22T01:24:02.116083Z","2026-05-22T01:24:05.789491Z",1779413042.11608,1779413045.78949,0.000498,0.000584,0.000616,3.658576,3.658714,3.65796,0.000137999999999749,3.6504,0.0230085083007814
"2026-05-22T01:24:09.865Z","run_bootstrap",77,"http://client1:8000","run","http://client1:8000/run",1,TRUE,200,1109,249,3.92616033554077,"2026-05-22T01:24:05.934821Z","2026-05-22T01:24:09.860981Z",1779413045.93482,1779413049.86098,0.000825,0.00094,0.000975,3.911887,3.912021,3.910912,0.000134000000000079,3.8971,0.0290603355407715
"2026-05-22T01:24:09.865Z","run_bootstrap",77,"http://client2:8000","run","http://client2:8000/run",1,TRUE,200,1109,253,3.5883948802948,"2026-05-22T01:24:05.936645Z","2026-05-22T01:24:09.525039Z",1779413045.93665,1779413049.52504,0.000576,0.00069,0.000726,3.570222,3.570356,3.569496,0.000134000000000079,3.5618,0.0265948802947999
"2026-05-22T01:24:09.865Z","run_bootstrap",77,"http://client3:8000","run","http://client3:8000/run",1,TRUE,200,1109,252,3.60195541381836,"2026-05-22T01:24:05.936928Z","2026-05-22T01:24:09.538883Z",1779413045.93693,1779413049.53888,0.000546,0.00066,0.000696,3.587186,3.587296,3.58649,0.000109999999999832,3.5802,0.0217554138183593
"2026-05-22T01:24:13.605Z","run_bootstrap",78,"http://client1:8000","run","http://client1:8000/run",1,TRUE,200,1109,248,3.72517132759094,"2026-05-22T01:24:09.876520Z","2026-05-22T01:24:13.601691Z",1779413049.87652,1779413053.60169,0.000662,0.000768,0.000805,3.707561,3.707688,3.706756,0.000126999999999988,3.699,0.0261713275909425
"2026-05-22T01:24:13.605Z","run_bootstrap",78,"http://client2:8000","run","http://client2:8000/run",1,TRUE,200,1109,253,3.62868881225586,"2026-05-22T01:24:09.878687Z","2026-05-22T01:24:13.507375Z",1779413049.87869,1779413053.50738,0.000785,0.000873,0.000897,3.603202,3.603345,3.602305,0.000143000000000004,3.5947,0.0339888122558594
"2026-05-22T01:24:13.605Z","run_bootstrap",78,"http://client3:8000","run","http://client3:8000/run",1,TRUE,200,1109,252,3.6914165019989,"2026-05-22T01:24:09.879131Z","2026-05-22T01:24:13.570548Z",1779413049.87913,1779413053.57055,0.000677,0.00079,0.000827,3.669061,3.669143,3.668234,8.19999999999155e-05,3.6618,0.0296165019989014
"2026-05-22T01:24:17.444Z","run_bootstrap",79,"http://client1:8000","run","http://client1:8000/run",1,TRUE,200,1109,250,3.66223359107971,"2026-05-22T01:24:13.619710Z","2026-05-22T01:24:17.281943Z",1779413053.61971,1779413057.28194,0.000381,0.000468,0.000503,3.64336,3.643504,3.642857,0.000144000000000144,3.636,0.0262335910797118
"2026-05-22T01:24:17.444Z","run_bootstrap",79,"http://client2:8000","run","http://client2:8000/run",1,TRUE,200,1109,257,3.7270302772522,"2026-05-22T01:24:13.619360Z","2026-05-22T01:24:17.346390Z",1779413053.61936,1779413057.34639,0.000643,0.000748,0.000784,3.713307,3.713403,3.712523,9.6000000000096e-05,3.7055,0.0215302772521975
"2026-05-22T01:24:17.444Z","run_bootstrap",79,"http://client3:8000","run","http://client3:8000/run",1,TRUE,200,1109,251,3.81645488739014,"2026-05-22T01:24:13.621335Z","2026-05-22T01:24:17.437790Z",1779413053.62134,1779413057.43779,0.000667,0.000785,0.00082,3.800403,3.800537,3.799583,0.000133999999999634,3.7923,0.0241548873901367
"2026-05-22T01:24:21.505Z","run_bootstrap",80,"http://client1:8000","run","http://client1:8000/run",1,TRUE,200,1109,251,3.88008975982666,"2026-05-22T01:24:17.457131Z","2026-05-22T01:24:21.337220Z",1779413057.45713,1779413061.33722,0.00064,0.000754,0.00079,3.86091,3.861044,3.86012,0.000134000000000079,3.7076,0.17248975982666
"2026-05-22T01:24:21.505Z","run_bootstrap",80,"http://client2:8000","run","http://client2:8000/run",1,TRUE,200,1109,257,3.72795915603638,"2026-05-22T01:24:17.457780Z","2026-05-22T01:24:21.185739Z",1779413057.45778,1779413061.18574,0.000443,0.000552,0.000588,3.707657,3.707809,3.707069,0.00015199999999993,3.5555,0.172459156036377
"2026-05-22T01:24:21.505Z","run_bootstrap",80,"http://client3:8000","run","http://client3:8000/run",1,TRUE,200,1109,251,4.04299139976501,"2026-05-22T01:24:17.458231Z","2026-05-22T01:24:21.501223Z",1779413057.45823,1779413061.50122,0.000576,0.000704,0.00074,4.029851,4.029992,4.029111,0.000141000000000169,3.8786,0.164391399765015
"2026-05-22T01:24:25.210Z","run_bootstrap",81,"http://client1:8000","run","http://client1:8000/run",1,TRUE,200,1108,251,3.55789971351624,"2026-05-22T01:24:21.517381Z","2026-05-22T01:24:25.075281Z",1779413061.51738,1779413065.07528,0.000834,0.00091,0.000949,3.535658,3.535799,3.534709,0.000140999999999725,3.5287,0.0291997135162352
"2026-05-22T01:24:25.210Z","run_bootstrap",81,"http://client2:8000","run","http://client2:8000/run",1,TRUE,200,1108,253,3.68704676628113,"2026-05-22T01:24:21.518284Z","2026-05-22T01:24:25.205331Z",1779413061.51828,1779413065.20533,0.000644,0.000764,0.000812,3.665197,3.665249,3.664385,5.2000000000163e-05,3.6581,0.0289467662811278
"2026-05-22T01:24:25.210Z","run_bootstrap",81,"http://client3:8000","run","http://client3:8000/run",1,TRUE,200,1108,251,3.6732189655304,"2026-05-22T01:24:21.518960Z","2026-05-22T01:24:25.192179Z",1779413061.51896,1779413065.19218,0.000674,0.000777,0.000823,3.656404,3.656537,3.655581,0.000132999999999939,3.6498,0.0234189655303956
"2026-05-22T01:24:29.228Z","run_bootstrap",82,"http://client1:8000","run","http://client1:8000/run",1,TRUE,200,1108,251,3.82014966011047,"2026-05-22T01:24:25.222100Z","2026-05-22T01:24:29.042250Z",1779413065.2221,1779413069.04225,0.000679,0.000786,0.000822,3.804864,3.80499,3.804042,0.000126000000000293,3.7974,0.0227496601104735
"2026-05-22T01:24:29.228Z","run_bootstrap",82,"http://client2:8000","run","http://client2:8000/run",1,TRUE,200,1108,253,3.99919176101685,"2026-05-22T01:24:25.224672Z","2026-05-22T01:24:29.223863Z",1779413065.22467,1779413069.22386,6e-04,0.000718,0.000754,3.984686,3.984817,3.983932,0.000131000000000103,3.9776,0.0215917610168459
"2026-05-22T01:24:29.228Z","run_bootstrap",82,"http://client3:8000","run","http://client3:8000/run",1,TRUE,200,1108,251,3.98918223381042,"2026-05-22T01:24:25.225047Z","2026-05-22T01:24:29.214229Z",1779413065.22505,1779413069.21423,0.000587,0.000704,0.00074,3.971953,3.972029,3.971213,7.5999999999965e-05,3.9642,0.0249822338104249
"2026-05-22T01:24:33.311Z","run_bootstrap",83,"http://client1:8000","run","http://client1:8000/run",1,TRUE,200,1108,249,4.06285452842712,"2026-05-22T01:24:29.239757Z","2026-05-22T01:24:33.302612Z",1779413069.23976,1779413073.30261,8e-04,0.00089,0.000913,4.049207,4.049336,4.048294,0.000129000000000268,4.0418,0.0210545284271237
"2026-05-22T01:24:33.311Z","run_bootstrap",83,"http://client2:8000","run","http://client2:8000/run",1,TRUE,200,1108,255,3.78899669647217,"2026-05-22T01:24:29.240724Z","2026-05-22T01:24:33.029721Z",1779413069.24072,1779413073.02972,0.000634,0.000717,0.00075,3.775801,3.775906,3.775051,0.000105000000000022,3.7689,0.0200966964721681
"2026-05-22T01:24:33.311Z","run_bootstrap",83,"http://client3:8000","run","http://client3:8000/run",1,TRUE,200,1108,251,3.74029111862183,"2026-05-22T01:24:29.242340Z","2026-05-22T01:24:32.982631Z",1779413069.24234,1779413072.98263,0.000479,0.00059,0.000625,3.725958,3.72608,3.725333,0.000122000000000178,3.7181,0.022191118621826
"2026-05-22T01:24:37.216Z","run_bootstrap",84,"http://client1:8000","run","http://client1:8000/run",1,TRUE,200,1108,249,3.75423860549927,"2026-05-22T01:24:33.324904Z","2026-05-22T01:24:37.079143Z",1779413073.3249,1779413077.07914,0.000606,0.00069,0.000709,3.74057,3.740694,3.739861,0.000124000000000013,3.7335,0.0207386054992678
"2026-05-22T01:24:37.216Z","run_bootstrap",84,"http://client2:8000","run","http://client2:8000/run",1,TRUE,200,1108,255,3.8851752281189,"2026-05-22T01:24:33.325724Z","2026-05-22T01:24:37.210899Z",1779413073.32572,1779413077.2109,0.000513,0.000601,0.000653,3.871597,3.871724,3.870944,0.000126999999999988,3.8643,0.0208752281188964
"2026-05-22T01:24:37.216Z","run_bootstrap",84,"http://client3:8000","run","http://client3:8000/run",1,TRUE,200,1108,250,3.75625872612,"2026-05-22T01:24:33.327148Z","2026-05-22T01:24:37.083407Z",1779413073.32715,1779413077.08341,0.00054,0.000611,0.000642,3.740919,3.741056,3.740277,0.000137000000000054,3.734,0.0222587261199951
"2026-05-22T01:24:41.297Z","run_bootstrap",85,"http://client1:8000","run","http://client1:8000/run",1,TRUE,200,1108,249,4.02590751647949,"2026-05-22T01:24:37.226540Z","2026-05-22T01:24:41.252448Z",1779413077.22654,1779413081.25245,0.000607,0.000711,0.000747,4.011994,4.012127,4.011247,0.000133000000000827,4.0047,0.0212075164794925
"2026-05-22T01:24:41.297Z","run_bootstrap",85,"http://client2:8000","run","http://client2:8000/run",1,TRUE,200,1108,255,4.06389546394348,"2026-05-22T01:24:37.228770Z","2026-05-22T01:24:41.292666Z",1779413077.22877,1779413081.29267,0.000616,0.000704,0.000736,4.047009,4.047113,4.046273,0.000104000000000326,4.0399,0.0239954639434812
"2026-05-22T01:24:41.297Z","run_bootstrap",85,"http://client3:8000","run","http://client3:8000/run",1,TRUE,200,1108,251,3.74158930778503,"2026-05-22T01:24:37.229110Z","2026-05-22T01:24:40.970699Z",1779413077.22911,1779413080.9707,0.000639,0.000751,0.000787,3.725575,3.725708,3.724788,0.000132999999999939,3.7176,0.0239893077850342
"2026-05-22T01:24:45.104Z","run_bootstrap",86,"http://client1:8000","run","http://client1:8000/run",1,TRUE,200,1108,249,3.39808130264282,"2026-05-22T01:24:41.309623Z","2026-05-22T01:24:44.707705Z",1779413081.30962,1779413084.70771,0.000381,0.000455,0.000486,3.376916,3.377063,3.37643,0.000147000000000119,3.3699,0.0281813026428224
"2026-05-22T01:24:45.104Z","run_bootstrap",86,"http://client2:8000","run","http://client2:8000/run",1,TRUE,200,1108,255,3.78995037078857,"2026-05-22T01:24:41.310214Z","2026-05-22T01:24:45.100164Z",1779413081.31021,1779413085.10016,0.000691,0.000773,0.000797,3.774519,3.774638,3.773722,0.000118999999999758,3.7677,0.0222503707885742
"2026-05-22T01:24:45.104Z","run_bootstrap",86,"http://client3:8000","run","http://client3:8000/run",1,TRUE,200,1108,251,3.60538101196289,"2026-05-22T01:24:41.310801Z","2026-05-22T01:24:44.916182Z",1779413081.3108,1779413084.91618,0.000533,0.00059,0.000611,3.586762,3.586888,3.586151,0.000126000000000293,3.5802,0.0251810119628906
"2026-05-22T01:24:48.652Z","run_bootstrap",87,"http://client1:8000","run","http://client1:8000/run",1,TRUE,200,1108,251,3.43118929862976,"2026-05-22T01:24:45.116688Z","2026-05-22T01:24:48.547878Z",1779413085.11669,1779413088.54788,0.000698,0.000803,0.000838,3.416907,3.417038,3.416069,0.000130999999999659,3.3996,0.0315892986297608
"2026-05-22T01:24:48.652Z","run_bootstrap",87,"http://client2:8000","run","http://client2:8000/run",1,TRUE,200,1108,255,3.47407460212708,"2026-05-22T01:24:45.117425Z","2026-05-22T01:24:48.591500Z",1779413085.11743,1779413088.5915,0.000693,0.000816,0.000855,3.457866,3.458019,3.457011,0.00015300000000007,3.4501,0.0239746021270753
"2026-05-22T01:24:48.652Z","run_bootstrap",87,"http://client3:8000","run","http://client3:8000/run",1,TRUE,200,1108,251,3.5275547504425,"2026-05-22T01:24:45.117856Z","2026-05-22T01:24:48.645411Z",1779413085.11786,1779413088.64541,0.000701,8e-04,0.000838,3.511865,3.511973,3.511027,0.000107999999999997,3.5039,0.0236547504425051
"2026-05-22T01:24:52.186Z","run_bootstrap",88,"http://client1:8000","run","http://client1:8000/run",1,TRUE,200,1108,251,3.51201033592224,"2026-05-22T01:24:48.668932Z","2026-05-22T01:24:52.180942Z",1779413088.66893,1779413092.18094,0.00075,0.000873,0.000908,3.497479,3.497609,3.496571,0.000130000000000408,3.4894,0.0226103359222414
"2026-05-22T01:24:52.186Z","run_bootstrap",88,"http://client2:8000","run","http://client2:8000/run",1,TRUE,200,1108,254,3.48859095573425,"2026-05-22T01:24:48.671090Z","2026-05-22T01:24:52.159681Z",1779413088.67109,1779413092.15968,0.000585,0.000685,0.000718,3.468272,3.468387,3.467554,0.000115000000000087,3.461,0.0275909557342531
"2026-05-22T01:24:52.186Z","run_bootstrap",88,"http://client3:8000","run","http://client3:8000/run",1,TRUE,200,1108,251,3.39539217948914,"2026-05-22T01:24:48.671457Z","2026-05-22T01:24:52.066849Z",1779413088.67146,1779413092.06685,0.000546,0.000654,0.00069,3.374472,3.37458,3.373782,0.000107999999999997,3.3675,0.0278921794891356
"2026-05-22T01:24:55.834Z","run_bootstrap",89,"http://client1:8000","run","http://client1:8000/run",1,TRUE,200,1107,249,3.495774269104,"2026-05-22T01:24:52.197686Z","2026-05-22T01:24:55.693460Z",1779413092.19769,1779413095.69346,0.000785,0.000865,0.000894,3.478211,3.478299,3.477317,8.7999999999866e-05,3.4708,0.0249742691040038
"2026-05-22T01:24:55.834Z","run_bootstrap",89,"http://client2:8000","run","http://client2:8000/run",1,TRUE,200,1107,255,3.39404368400574,"2026-05-22T01:24:52.198531Z","2026-05-22T01:24:55.592575Z",1779413092.19853,1779413095.59258,0.000682,0.000812,0.000848,3.376853,3.376994,3.376005,0.000140999999999725,3.3665,0.0275436840057375
"2026-05-22T01:24:55.834Z","run_bootstrap",89,"http://client3:8000","run","http://client3:8000/run",1,TRUE,200,1107,252,3.63113641738892,"2026-05-22T01:24:52.199042Z","2026-05-22T01:24:55.830179Z",1779413092.19904,1779413095.83018,0.000705,0.000926,0.000998,3.615287,3.615426,3.614289,0.000138999999999889,3.6074,0.0237364173889159
"2026-05-22T01:24:59.528Z","run_bootstrap",90,"http://client1:8000","run","http://client1:8000/run",1,TRUE,200,1107,249,3.40960288047791,"2026-05-22T01:24:55.848903Z","2026-05-22T01:24:59.258506Z",1779413095.8489,1779413099.25851,0.000614,0.000706,0.000738,3.39442,3.394557,3.393682,0.00013699999999961,3.3874,0.0222028804779053
"2026-05-22T01:24:59.528Z","run_bootstrap",90,"http://client2:8000","run","http://client2:8000/run",1,TRUE,200,1107,254,3.40450739860535,"2026-05-22T01:24:55.849537Z","2026-05-22T01:24:59.254044Z",1779413095.84954,1779413099.25404,0.000608,0.00069,0.000712,3.389739,3.389884,3.389027,0.00014499999999984,3.382,0.0225073986053466
"2026-05-22T01:24:59.528Z","run_bootstrap",90,"http://client3:8000","run","http://client3:8000/run",1,TRUE,200,1107,252,3.67321991920471,"2026-05-22T01:24:55.850034Z","2026-05-22T01:24:59.523254Z",1779413095.85003,1779413099.52325,0.000878,0.000944,0.000963,3.653877,3.654008,3.652914,0.000131000000000103,3.6471,0.0261199192047119
"2026-05-22T01:25:03.308Z","run_bootstrap",91,"http://client1:8000","run","http://client1:8000/run",1,TRUE,200,1109,248,3.54600286483765,"2026-05-22T01:24:59.545194Z","2026-05-22T01:25:03.091197Z",1779413099.54519,1779413103.0912,0.000666,0.000734,0.000767,3.531021,3.531179,3.530254,0.00015799999999988,3.5235,0.0225028648376466
"2026-05-22T01:25:03.308Z","run_bootstrap",91,"http://client2:8000","run","http://client2:8000/run",1,TRUE,200,1109,253,3.75840497016907,"2026-05-22T01:24:59.545768Z","2026-05-22T01:25:03.304172Z",1779413099.54577,1779413103.30417,0.000656,0.000732,0.000767,3.744689,3.744845,3.743922,0.000156000000000045,3.7376,0.0208049701690673
"2026-05-22T01:25:03.308Z","run_bootstrap",91,"http://client3:8000","run","http://client3:8000/run",1,TRUE,200,1109,251,3.37751030921936,"2026-05-22T01:24:59.545800Z","2026-05-22T01:25:02.923311Z",1779413099.5458,1779413102.92331,0.000612,0.000685,0.000715,3.360604,3.360698,3.359889,9.40000000002605e-05,3.353,0.0245103092193601
"2026-05-22T01:25:06.970Z","run_bootstrap",92,"http://client1:8000","run","http://client1:8000/run",1,TRUE,200,1109,248,3.46818828582764,"2026-05-22T01:25:03.319940Z","2026-05-22T01:25:06.788128Z",1779413103.31994,1779413106.78813,0.000643,0.00075,0.000785,3.454081,3.454167,3.453296,8.60000000000305e-05,3.4466,0.0215882858276366
"2026-05-22T01:25:06.970Z","run_bootstrap",92,"http://client2:8000","run","http://client2:8000/run",1,TRUE,200,1109,253,3.50941324234009,"2026-05-22T01:25:03.321576Z","2026-05-22T01:25:06.830989Z",1779413103.32158,1779413106.83099,0.000656,0.00078,0.000817,3.4911,3.491233,3.490283,0.000132999999999939,3.4839,0.0255132423400877
"2026-05-22T01:25:06.970Z","run_bootstrap",92,"http://client3:8000","run","http://client3:8000/run",1,TRUE,200,1109,252,3.6441593170166,"2026-05-22T01:25:03.321949Z","2026-05-22T01:25:06.966109Z",1779413103.32195,1779413106.96611,0.000492,0.000583,0.000615,3.623299,3.623445,3.622684,0.000145999999999979,3.6162,0.0279593170166015
"2026-05-22T01:25:10.776Z","run_bootstrap",93,"http://client1:8000","run","http://client1:8000/run",1,TRUE,200,1108,257,3.54884028434753,"2026-05-22T01:25:07.034018Z","2026-05-22T01:25:10.582858Z",1779413107.03402,1779413110.58286,0.00064,0.000748,0.000788,3.535624,3.535717,3.534836,9.30000000001208e-05,3.5274,0.0214402843475341
"2026-05-22T01:25:10.776Z","run_bootstrap",93,"http://client2:8000","run","http://client2:8000/run",1,TRUE,200,1108,253,3.54314255714417,"2026-05-22T01:25:07.035387Z","2026-05-22T01:25:10.578530Z",1779413107.03539,1779413110.57853,0.00067,0.000794,0.00084,3.529887,3.530055,3.529047,0.000167999999999946,3.5222,0.0209425571441648
"2026-05-22T01:25:10.776Z","run_bootstrap",93,"http://client3:8000","run","http://client3:8000/run",1,TRUE,200,1108,254,3.73380303382874,"2026-05-22T01:25:07.035664Z","2026-05-22T01:25:10.769467Z",1779413107.03566,1779413110.76947,0.000761,0.000857,0.000895,3.720942,3.721087,3.720047,0.00014499999999984,3.7132,0.0206030338287353
"2026-05-22T01:25:14.592Z","run_bootstrap",94,"http://client1:8000","run","http://client1:8000/run",1,TRUE,200,1108,257,3.59263491630554,"2026-05-22T01:25:10.788846Z","2026-05-22T01:25:14.381481Z",1779413110.78885,1779413114.38148,0.000597,0.000683,0.000715,3.578815,3.578956,3.5781,0.000140999999999725,3.5716,0.0210349163055419
"2026-05-22T01:25:14.592Z","run_bootstrap",94,"http://client2:8000","run","http://client2:8000/run",1,TRUE,200,1108,253,3.79605436325073,"2026-05-22T01:25:10.789171Z","2026-05-22T01:25:14.585225Z",1779413110.78917,1779413114.58523,0.000389,0.000471,0.000502,3.77648,3.776616,3.775978,0.000136000000000358,3.7698,0.0262543632507324
"2026-05-22T01:25:14.592Z","run_bootstrap",94,"http://client3:8000","run","http://client3:8000/run",1,TRUE,200,1108,254,3.4254515171051,"2026-05-22T01:25:10.788494Z","2026-05-22T01:25:14.213945Z",1779413110.78849,1779413114.21395,0.000687,0.000804,0.000841,3.411736,3.411884,3.410895,0.000148000000000259,3.4047,0.0207515171051025
"2026-05-22T01:25:18.508Z","run_bootstrap",95,"http://client1:8000","run","http://client1:8000/run",1,TRUE,200,1109,260,3.89249300956726,"2026-05-22T01:25:14.608537Z","2026-05-22T01:25:18.501030Z",1779413114.60854,1779413118.50103,0.000632,0.00074,0.000775,3.878572,3.87872,3.877797,0.000147999999999815,3.871,0.0214930095672607
"2026-05-22T01:25:18.508Z","run_bootstrap",95,"http://client2:8000","run","http://client2:8000/run",1,TRUE,200,1109,261,3.5754816532135,"2026-05-22T01:25:14.610432Z","2026-05-22T01:25:18.185914Z",1779413114.61043,1779413118.18591,0.000458,0.000543,0.000576,3.555223,3.555375,3.554647,0.000152000000000374,3.5483,0.0271816532135012
"2026-05-22T01:25:18.508Z","run_bootstrap",95,"http://client3:8000","run","http://client3:8000/run",1,TRUE,200,1109,259,3.70871710777283,"2026-05-22T01:25:14.609893Z","2026-05-22T01:25:18.318610Z",1779413114.60989,1779413118.31861,0.000517,0.000607,0.00064,3.695247,3.695389,3.694607,0.000141999999999864,3.6884,0.020317107772827
"2026-05-22T01:25:22.273Z","run_bootstrap",96,"http://client1:8000","run","http://client1:8000/run",1,TRUE,200,1109,261,3.6135048866272,"2026-05-22T01:25:18.525789Z","2026-05-22T01:25:22.139294Z",1779413118.52579,1779413122.13929,0.000643,0.000743,0.000778,3.597936,3.598057,3.597158,0.000121000000000038,3.5907,0.0228048866271973
"2026-05-22T01:25:22.273Z","run_bootstrap",96,"http://client2:8000","run","http://client2:8000/run",1,TRUE,200,1109,261,3.74186086654663,"2026-05-22T01:25:18.527653Z","2026-05-22T01:25:22.269514Z",1779413118.52765,1779413122.26951,0.000545,0.000641,0.000674,3.718587,3.71874,3.717913,0.00015300000000007,3.7116,0.0302608665466311
"2026-05-22T01:25:22.273Z","run_bootstrap",96,"http://client3:8000","run","http://client3:8000/run",1,TRUE,200,1109,259,3.72846865653992,"2026-05-22T01:25:18.528245Z","2026-05-22T01:25:22.256714Z",1779413118.52825,1779413122.25671,0.000528,0.000602,0.000639,3.705424,3.705579,3.704785,0.000155000000000349,3.6985,0.0299686565399169
"2026-05-22T01:25:26.049Z","run_bootstrap",97,"http://client1:8000","run","http://client1:8000/run",1,TRUE,200,1108,255,3.6020085811615,"2026-05-22T01:25:22.287800Z","2026-05-22T01:25:25.889808Z",1779413122.2878,1779413125.88981,0.000495,0.000587,0.000629,3.586555,3.586695,3.585926,0.000140000000000029,3.5793,0.0227085811614991
"2026-05-22T01:25:26.049Z","run_bootstrap",97,"http://client2:8000","run","http://client2:8000/run",1,TRUE,200,1108,256,3.75702285766602,"2026-05-22T01:25:22.287955Z","2026-05-22T01:25:26.044978Z",1779413122.28796,1779413126.04498,0.000688,0.000799,0.000841,3.741695,3.741853,3.740854,0.00015799999999988,3.7252,0.0318228576660156
"2026-05-22T01:25:26.049Z","run_bootstrap",97,"http://client3:8000","run","http://client3:8000/run",1,TRUE,200,1108,258,3.42908382415771,"2026-05-22T01:25:22.288545Z","2026-05-22T01:25:25.717628Z",1779413122.28855,1779413125.71763,0.000572,0.000666,0.000704,3.413672,3.41383,3.412968,0.00015799999999988,3.3911,0.0379838241577151
"2026-05-22T01:25:29.950Z","run_bootstrap",98,"http://client1:8000","run","http://client1:8000/run",1,TRUE,200,1108,255,3.8827600479126,"2026-05-22T01:25:26.063264Z","2026-05-22T01:25:29.946024Z",1779413126.06326,1779413129.94602,0.000379,0.000455,0.000482,3.86084,3.860961,3.860358,0.000121000000000038,3.8533,0.0294600479125977
"2026-05-22T01:25:29.950Z","run_bootstrap",98,"http://client2:8000","run","http://client2:8000/run",1,TRUE,200,1108,256,3.65902805328369,"2026-05-22T01:25:26.063851Z","2026-05-22T01:25:29.722879Z",1779413126.06385,1779413129.72288,0.000473,0.000551,0.000582,3.634416,3.634587,3.633834,0.000170999999999921,3.6275,0.0315280532836915
"2026-05-22T01:25:29.950Z","run_bootstrap",98,"http://client3:8000","run","http://client3:8000/run",1,TRUE,200,1108,258,3.46400499343872,"2026-05-22T01:25:26.064580Z","2026-05-22T01:25:29.528585Z",1779413126.06458,1779413129.52859,0.000623,0.000701,0.000731,3.442669,3.442774,3.441938,0.000105000000000022,3.4354,0.0286049934387207
"2026-05-22T01:25:33.787Z","run_bootstrap",99,"http://client1:8000","run","http://client1:8000/run",1,TRUE,200,1109,258,3.46810984611511,"2026-05-22T01:25:29.964245Z","2026-05-22T01:25:33.432355Z",1779413129.96425,1779413133.43236,0.000569,0.000649,0.000671,3.454901,3.455039,3.45423,0.000138000000000194,3.4467,0.0214098461151124
"2026-05-22T01:25:33.787Z","run_bootstrap",99,"http://client2:8000","run","http://client2:8000/run",1,TRUE,200,1109,255,3.81557822227478,"2026-05-22T01:25:29.965014Z","2026-05-22T01:25:33.780592Z",1779413129.96501,1779413133.78059,0.000651,7e-04,0.000718,3.802466,3.802611,3.801748,0.000145000000000284,3.7952,0.0203782222747804
"2026-05-22T01:25:33.787Z","run_bootstrap",99,"http://client3:8000","run","http://client3:8000/run",1,TRUE,200,1109,256,3.66611814498901,"2026-05-22T01:25:29.964687Z","2026-05-22T01:25:33.630805Z",1779413129.96469,1779413133.63081,0.000709,0.000808,0.000839,3.652691,3.652822,3.651852,0.000131000000000103,3.6454,0.0207181449890137
"2026-05-22T01:25:37.715Z","run_bootstrap",100,"http://client1:8000","run","http://client1:8000/run",1,TRUE,200,1109,258,3.71239304542542,"2026-05-22T01:25:33.799509Z","2026-05-22T01:25:37.511902Z",1779413133.79951,1779413137.5119,0.000626,0.000708,0.000744,3.699138,3.699276,3.698394,0.000137999999999749,3.5558,0.156593045425415
"2026-05-22T01:25:37.715Z","run_bootstrap",100,"http://client2:8000","run","http://client2:8000/run",1,TRUE,200,1109,255,3.90977764129639,"2026-05-22T01:25:33.800885Z","2026-05-22T01:25:37.710663Z",1779413133.80089,1779413137.71066,0.000453,0.000528,0.000562,3.897284,3.897448,3.896722,0.000163999999999831,3.7497,0.160077641296387
"2026-05-22T01:25:37.715Z","run_bootstrap",100,"http://client3:8000","run","http://client3:8000/run",1,TRUE,200,1109,256,3.83790826797485,"2026-05-22T01:25:33.800089Z","2026-05-22T01:25:37.637997Z",1779413133.80009,1779413137.638,0.000687,0.00076,0.00078,3.825245,3.82538,3.824465,0.000135000000000218,3.6743,0.163608267974853
"2026-05-22T01:25:41.402Z","run_bootstrap",101,"http://client1:8000","run","http://client1:8000/run",1,TRUE,200,1106,257,3.67219018936157,"2026-05-22T01:25:37.725754Z","2026-05-22T01:25:41.397944Z",1779413137.72575,1779413141.39794,0.000632,0.000739,0.000809,3.659004,3.659076,3.658195,7.20000000002941e-05,3.652,0.0201901893615721
"2026-05-22T01:25:41.402Z","run_bootstrap",101,"http://client2:8000","run","http://client2:8000/run",1,TRUE,200,1106,253,3.47806000709534,"2026-05-22T01:25:37.727459Z","2026-05-22T01:25:41.205519Z",1779413137.72746,1779413141.20552,0.000628,0.000721,0.000755,3.459824,3.459964,3.459069,0.000140000000000029,3.4533,0.0247600070953369
"2026-05-22T01:25:41.402Z","run_bootstrap",101,"http://client3:8000","run","http://client3:8000/run",1,TRUE,200,1106,257,3.42679047584534,"2026-05-22T01:25:37.727903Z","2026-05-22T01:25:41.154693Z",1779413137.7279,1779413141.15469,0.000522,0.000621,0.000658,3.404971,3.405132,3.404313,0.000160999999999856,3.3986,0.0281904758453368
"2026-05-22T01:25:44.939Z","run_bootstrap",102,"http://client1:8000","run","http://client1:8000/run",1,TRUE,200,1106,258,3.49704623222351,"2026-05-22T01:25:41.415478Z","2026-05-22T01:25:44.912524Z",1779413141.41548,1779413144.91252,7e-04,0.000824,0.000858,3.474046,3.474195,3.473188,0.000148999999999955,3.4667,0.0303462322235108
"2026-05-22T01:25:44.939Z","run_bootstrap",102,"http://client2:8000","run","http://client2:8000/run",1,TRUE,200,1106,253,3.51829385757446,"2026-05-22T01:25:41.416659Z","2026-05-22T01:25:44.934953Z",1779413141.41666,1779413144.93495,0.000495,0.000588,0.000635,3.496342,3.496443,3.495707,0.000101000000000351,3.4895,0.0287938575744628
"2026-05-22T01:25:44.939Z","run_bootstrap",102,"http://client3:8000","run","http://client3:8000/run",1,TRUE,200,1106,257,3.41953563690186,"2026-05-22T01:25:41.417646Z","2026-05-22T01:25:44.837182Z",1779413141.41765,1779413144.83718,0.00067,0.000777,0.000812,3.404052,3.404145,3.40324,9.30000000001208e-05,3.3969,0.0226356369018554
"2026-05-22T01:25:48.648Z","run_bootstrap",103,"http://client1:8000","run","http://client1:8000/run",1,TRUE,200,1108,258,3.6936662197113,"2026-05-22T01:25:44.950695Z","2026-05-22T01:25:48.644361Z",1779413144.9507,1779413148.64436,0.000594,0.000668,0.000718,3.680098,3.680215,3.67938,0.000116999999999923,3.6731,0.0205662197113039
"2026-05-22T01:25:48.648Z","run_bootstrap",103,"http://client2:8000","run","http://client2:8000/run",1,TRUE,200,1108,254,3.50678014755249,"2026-05-22T01:25:44.951065Z","2026-05-22T01:25:48.457845Z",1779413144.95107,1779413148.45785,0.000639,0.000696,0.000714,3.492834,3.492966,3.49212,0.000131999999999799,3.4838,0.0229801475524902
"2026-05-22T01:25:48.648Z","run_bootstrap",103,"http://client3:8000","run","http://client3:8000/run",1,TRUE,200,1108,255,3.41937708854675,"2026-05-22T01:25:44.952296Z","2026-05-22T01:25:48.371673Z",1779413144.9523,1779413148.37167,0.000653,0.000735,0.00077,3.407341,3.407501,3.406571,0.000159999999999716,3.3995,0.0198770885467527
"2026-05-22T01:25:52.376Z","run_bootstrap",104,"http://client1:8000","run","http://client1:8000/run",1,TRUE,200,1108,258,3.70342612266541,"2026-05-22T01:25:48.665422Z","2026-05-22T01:25:52.368848Z",1779413148.66542,1779413152.36885,0.000633,0.000751,0.000799,3.691116,3.691243,3.690317,0.000126999999999988,3.6832,0.0202261226654055
"2026-05-22T01:25:52.376Z","run_bootstrap",104,"http://client2:8000","run","http://client2:8000/run",1,TRUE,200,1108,254,3.24390053749084,"2026-05-22T01:25:48.668745Z","2026-05-22T01:25:51.912646Z",1779413148.66875,1779413151.91265,0.000602,0.000665,0.000686,3.224657,3.224912,3.223971,0.000254999999999672,3.2157,0.0282005374908447
"2026-05-22T01:25:52.376Z","run_bootstrap",104,"http://client3:8000","run","http://client3:8000/run",1,TRUE,200,1108,255,3.68387174606323,"2026-05-22T01:25:48.668753Z","2026-05-22T01:25:52.352625Z",1779413148.66875,1779413152.35263,0.000572,0.000671,0.000698,3.665649,3.665761,3.664951,0.000111999999999668,3.6587,0.0251717460632324
"2026-05-22T01:25:56.133Z","run_bootstrap",105,"http://client1:8000","run","http://client1:8000/run",1,TRUE,200,1106,258,3.32756185531616,"2026-05-22T01:25:52.392844Z","2026-05-22T01:25:55.720406Z",1779413152.39284,1779413155.72041,0.000859,0.000949,0.000972,3.313746,3.313861,3.312774,0.000115000000000087,3.3028,0.0247618553161622
"2026-05-22T01:25:56.133Z","run_bootstrap",105,"http://client2:8000","run","http://client2:8000/run",1,TRUE,200,1106,253,3.73354530334473,"2026-05-22T01:25:52.394577Z","2026-05-22T01:25:56.128123Z",1779413152.39458,1779413156.12812,0.000523,0.000599,0.000629,3.719925,3.720081,3.719296,0.000156000000000045,3.7116,0.0219453033447268
"2026-05-22T01:25:56.133Z","run_bootstrap",105,"http://client3:8000","run","http://client3:8000/run",1,TRUE,200,1106,255,3.5333046913147,"2026-05-22T01:25:52.394851Z","2026-05-22T01:25:55.928156Z",1779413152.39485,1779413155.92816,0.000487,0.000573,0.000606,3.519232,3.519368,3.518626,0.000135999999999914,3.5124,0.0209046913146973
"2026-05-22T01:25:59.909Z","run_bootstrap",106,"http://client1:8000","run","http://client1:8000/run",1,TRUE,200,1106,258,3.51247906684875,"2026-05-22T01:25:56.145444Z","2026-05-22T01:25:59.657923Z",1779413156.14544,1779413159.65792,0.000543,0.000627,0.000659,3.493926,3.494014,3.493267,8.7999999999866e-05,3.4853,0.0271790668487548
"2026-05-22T01:25:59.909Z","run_bootstrap",106,"http://client2:8000","run","http://client2:8000/run",1,TRUE,200,1106,253,3.75911712646484,"2026-05-22T01:25:56.146080Z","2026-05-22T01:25:59.905197Z",1779413156.14608,1779413159.9052,0.00063,0.000716,0.000752,3.745052,3.745163,3.7443,0.000110999999999972,3.7373,0.0218171264648439
"2026-05-22T01:25:59.909Z","run_bootstrap",106,"http://client3:8000","run","http://client3:8000/run",1,TRUE,200,1106,255,3.42807531356812,"2026-05-22T01:25:56.146636Z","2026-05-22T01:25:59.574712Z",1779413156.14664,1779413159.57471,0.000569,0.000678,0.000717,3.409893,3.410047,3.409176,0.00015400000000021,3.4028,0.0252753135681152
"2026-05-22T01:26:03.721Z","run_bootstrap",107,"http://client1:8000","run","http://client1:8000/run",1,TRUE,200,1109,253,3.63488078117371,"2026-05-22T01:25:59.922280Z","2026-05-22T01:26:03.557161Z",1779413159.92228,1779413163.55716,0.000799,0.000889,0.000912,3.6199,3.619996,3.618988,9.6000000000096e-05,3.6116,0.0232807811737059
"2026-05-22T01:26:03.721Z","run_bootstrap",107,"http://client2:8000","run","http://client2:8000/run",1,TRUE,200,1109,253,3.59143948554993,"2026-05-22T01:25:59.923085Z","2026-05-22T01:26:03.514524Z",1779413159.92309,1779413163.51452,0.000557,0.000632,0.000662,3.575649,3.575781,3.574987,0.000132000000000243,3.5677,0.0237394855499269
"2026-05-22T01:26:03.721Z","run_bootstrap",107,"http://client3:8000","run","http://client3:8000/run",1,TRUE,200,1109,256,3.79352855682373,"2026-05-22T01:25:59.923502Z","2026-05-22T01:26:03.717031Z",1779413159.9235,1779413163.71703,0.000564,0.000697,0.000732,3.778648,3.778789,3.777916,0.000141000000000169,3.7716,0.0219285568237306
"2026-05-22T01:26:07.500Z","run_bootstrap",108,"http://client1:8000","run","http://client1:8000/run",1,TRUE,200,1109,253,3.75987219810486,"2026-05-22T01:26:03.735167Z","2026-05-22T01:26:07.495039Z",1779413163.73517,1779413167.49504,0.000675,0.000783,0.000818,3.744663,3.744755,3.743845,9.1999999999981e-05,3.7375,0.0223721981048586
"2026-05-22T01:26:07.500Z","run_bootstrap",108,"http://client2:8000","run","http://client2:8000/run",1,TRUE,200,1109,253,3.64708948135376,"2026-05-22T01:26:03.735600Z","2026-05-22T01:26:07.382689Z",1779413163.7356,1779413167.38269,0.000527,0.000637,0.000672,3.631227,3.631401,3.630555,0.000173999999999896,3.6246,0.0224894813537597
"2026-05-22T01:26:07.500Z","run_bootstrap",108,"http://client3:8000","run","http://client3:8000/run",1,TRUE,200,1109,255,3.69910645484924,"2026-05-22T01:26:03.736044Z","2026-05-22T01:26:07.435150Z",1779413163.73604,1779413167.43515,0.000568,0.000672,0.000707,3.678669,3.678813,3.677962,0.0001439999999997,3.672,0.027106454849243
"2026-05-22T01:26:11.358Z","run_bootstrap",109,"http://client1:8000","run","http://client1:8000/run",1,TRUE,200,1109,252,3.55247950553894,"2026-05-22T01:26:07.512511Z","2026-05-22T01:26:11.064990Z",1779413167.51251,1779413171.06499,0.000459,0.000545,0.00058,3.531936,3.531984,3.531356,4.8000000000048e-05,3.5248,0.0276795055389405
"2026-05-22T01:26:11.358Z","run_bootstrap",109,"http://client2:8000","run","http://client2:8000/run",1,TRUE,200,1109,253,3.55352187156677,"2026-05-22T01:26:07.513064Z","2026-05-22T01:26:11.066586Z",1779413167.51306,1779413171.06659,0.000578,0.000653,0.000689,3.533871,3.533907,3.533182,3.6000000000147e-05,3.5266,0.0269218715667723
"2026-05-22T01:26:11.358Z","run_bootstrap",109,"http://client3:8000","run","http://client3:8000/run",1,TRUE,200,1109,257,3.83902430534363,"2026-05-22T01:26:07.513607Z","2026-05-22T01:26:11.352632Z",1779413167.51361,1779413171.35263,0.000711,0.000817,0.000852,3.820488,3.820521,3.819636,3.29999999997277e-05,3.8122,0.0268243053436281
"2026-05-22T01:26:15.236Z","run_bootstrap",110,"http://client1:8000","run","http://client1:8000/run",1,TRUE,200,1109,252,3.85682916641235,"2026-05-22T01:26:11.372762Z","2026-05-22T01:26:15.229592Z",1779413171.37276,1779413175.22959,0.000634,0.000749,0.000787,3.8365,3.83664,3.835713,0.000140000000000029,3.8285,0.0283291664123535
"2026-05-22T01:26:15.236Z","run_bootstrap",110,"http://client2:8000","run","http://client2:8000/run",1,TRUE,200,1109,253,3.67553496360779,"2026-05-22T01:26:11.373200Z","2026-05-22T01:26:15.048735Z",1779413171.3732,1779413175.04874,0.000649,0.000761,0.000799,3.657176,3.657258,3.656377,8.19999999999155e-05,3.6493,0.0262349636077879
"2026-05-22T01:26:15.236Z","run_bootstrap",110,"http://client3:8000","run","http://client3:8000/run",1,TRUE,200,1109,256,3.62040638923645,"2026-05-22T01:26:11.373717Z","2026-05-22T01:26:14.994124Z",1779413171.37372,1779413174.99412,0.000522,0.000643,0.000683,3.599434,3.599552,3.598751,0.000118000000000062,3.592,0.0284063892364501
"2026-05-22T01:26:18.915Z","run_bootstrap",111,"http://client1:8000","run","http://client1:8000/run",1,TRUE,200,1108,254,3.6571786403656,"2026-05-22T01:26:15.250775Z","2026-05-22T01:26:18.907953Z",1779413175.25078,1779413178.90795,0.000629,0.000748,0.000791,3.643165,3.643256,3.642374,9.09999999998412e-05,3.6353,0.0218786403656006
"2026-05-22T01:26:18.915Z","run_bootstrap",111,"http://client2:8000","run","http://client2:8000/run",1,TRUE,200,1108,250,3.56481003761292,"2026-05-22T01:26:15.251255Z","2026-05-22T01:26:18.816065Z",1779413175.25126,1779413178.81607,0.000664,0.000767,0.000809,3.551321,3.551497,3.550512,0.000175999999999732,3.544,0.020810037612915
"2026-05-22T01:26:18.915Z","run_bootstrap",111,"http://client3:8000","run","http://client3:8000/run",1,TRUE,200,1108,256,3.52726435661316,"2026-05-22T01:26:15.251628Z","2026-05-22T01:26:18.778892Z",1779413175.25163,1779413178.77889,0.000805,0.000885,0.000919,3.514395,3.514534,3.513476,0.000138999999999889,3.5041,0.023164356613159
"2026-05-22T01:26:22.773Z","run_bootstrap",112,"http://client1:8000","run","http://client1:8000/run",1,TRUE,200,1108,254,3.60873007774353,"2026-05-22T01:26:18.928368Z","2026-05-22T01:26:22.537098Z",1779413178.92837,1779413182.5371,0.000708,0.000812,0.000849,3.593657,3.593774,3.592808,0.000116999999999923,3.5859,0.0228300777435302
"2026-05-22T01:26:22.773Z","run_bootstrap",112,"http://client2:8000","run","http://client2:8000/run",1,TRUE,200,1108,251,3.8373339176178,"2026-05-22T01:26:18.928716Z","2026-05-22T01:26:22.766050Z",1779413178.92872,1779413182.76605,0.000524,0.000606,0.00064,3.819508,3.819653,3.818868,0.000145000000000284,3.8112,0.0261339176177979
"2026-05-22T01:26:22.773Z","run_bootstrap",112,"http://client3:8000","run","http://client3:8000/run",1,TRUE,200,1108,256,3.61609649658203,"2026-05-22T01:26:18.929086Z","2026-05-22T01:26:22.545182Z",1779413178.92909,1779413182.54518,0.00069,0.00077,0.000794,3.600653,3.600795,3.599859,0.000142000000000309,3.5911,0.0249964965820313
"2026-05-22T01:26:26.634Z","run_bootstrap",113,"http://client1:8000","run","http://client1:8000/run",1,TRUE,200,1108,254,3.61817717552185,"2026-05-22T01:26:22.791549Z","2026-05-22T01:26:26.409726Z",1779413182.79155,1779413186.40973,0.00052,0.000601,0.000626,3.600675,3.600813,3.600049,0.000138000000000194,3.5829,0.0352771755218506
"2026-05-22T01:26:26.634Z","run_bootstrap",113,"http://client2:8000","run","http://client2:8000/run",1,TRUE,200,1108,253,3.83486461639404,"2026-05-22T01:26:22.792057Z","2026-05-22T01:26:26.626922Z",1779413182.79206,1779413186.62692,0.00065,0.000739,0.000776,3.817016,3.817165,3.81624,0.000148999999999955,3.8095,0.0253646163940431
"2026-05-22T01:26:26.634Z","run_bootstrap",113,"http://client3:8000","run","http://client3:8000/run",1,TRUE,200,1108,258,3.71287775039673,"2026-05-22T01:26:22.792933Z","2026-05-22T01:26:26.505811Z",1779413182.79293,1779413186.50581,0.000523,0.000595,0.00062,3.695878,3.696018,3.695258,0.000140000000000029,3.6887,0.0241777503967286
"2026-05-22T01:26:30.476Z","run_bootstrap",114,"http://client1:8000","run","http://client1:8000/run",1,TRUE,200,1108,254,3.67170977592468,"2026-05-22T01:26:26.647128Z","2026-05-22T01:26:30.318838Z",1779413186.64713,1779413190.31884,0.000678,0.000785,0.000825,3.657567,3.657658,3.656742,9.10000000002853e-05,3.6484,0.0233097759246825
"2026-05-22T01:26:30.476Z","run_bootstrap",114,"http://client2:8000","run","http://client2:8000/run",1,TRUE,200,1108,253,3.82118844985962,"2026-05-22T01:26:26.647670Z","2026-05-22T01:26:30.468859Z",1779413186.64767,1779413190.46886,0.000497,0.000572,0.000602,3.802248,3.802384,3.801646,0.000135999999999914,3.7952,0.0259884498596192
"2026-05-22T01:26:30.476Z","run_bootstrap",114,"http://client3:8000","run","http://client3:8000/run",1,TRUE,200,1108,258,3.42481565475464,"2026-05-22T01:26:26.646908Z","2026-05-22T01:26:30.071724Z",1779413186.64691,1779413190.07172,0.000712,0.000806,0.000841,3.410487,3.410605,3.409646,0.000118000000000062,3.4033,0.0215156547546385
"2026-05-22T01:26:34.296Z","run_bootstrap",115,"http://client1:8000","run","http://client1:8000/run",1,TRUE,200,1109,252,3.79961514472961,"2026-05-22T01:26:30.492870Z","2026-05-22T01:26:34.292485Z",1779413190.49287,1779413194.29249,0.000607,0.000671,0.000691,3.774894,3.77493,3.774203,3.59999999997029e-05,3.7671,0.0325151447296141
"2026-05-22T01:26:34.296Z","run_bootstrap",115,"http://client2:8000","run","http://client2:8000/run",1,TRUE,200,1109,252,3.61808300018311,"2026-05-22T01:26:30.493171Z","2026-05-22T01:26:34.111254Z",1779413190.49317,1779413194.11125,0.000508,0.000604,0.000637,3.593594,3.593626,3.592957,3.2000000000032e-05,3.5865,0.0315830001831054
"2026-05-22T01:26:34.296Z","run_bootstrap",115,"http://client3:8000","run","http://client3:8000/run",1,TRUE,200,1109,257,3.75152468681335,"2026-05-22T01:26:30.493520Z","2026-05-22T01:26:34.245045Z",1779413190.49352,1779413194.24505,0.000485,0.000608,0.000645,3.73122,3.731253,3.730575,3.30000000001718e-05,3.7241,0.0274246868133545
"2026-05-22T01:26:38.000Z","run_bootstrap",116,"http://client1:8000","run","http://client1:8000/run",1,TRUE,200,1109,252,3.68519473075867,"2026-05-22T01:26:34.310173Z","2026-05-22T01:26:37.995368Z",1779413194.31017,1779413197.99537,0.000761,0.000848,0.000872,3.672009,3.672131,3.671137,0.000121999999999733,3.6645,0.0206947307586671
"2026-05-22T01:26:38.000Z","run_bootstrap",116,"http://client2:8000","run","http://client2:8000/run",1,TRUE,200,1109,252,3.52149128913879,"2026-05-22T01:26:34.312240Z","2026-05-22T01:26:37.833731Z",1779413194.31224,1779413197.83373,0.00059,0.000649,0.000669,3.50629,3.506433,3.505621,0.000143000000000004,3.4978,0.0236912891387941
"2026-05-22T01:26:38.000Z","run_bootstrap",116,"http://client3:8000","run","http://client3:8000/run",1,TRUE,200,1109,257,3.56599044799805,"2026-05-22T01:26:34.312578Z","2026-05-22T01:26:37.878568Z",1779413194.31258,1779413197.87857,0.000619,0.000703,0.000745,3.551188,3.551336,3.550443,0.000148000000000259,3.5439,0.022090447998047
"2026-05-22T01:26:41.896Z","run_bootstrap",117,"http://client1:8000","run","http://client1:8000/run",1,TRUE,200,1109,253,3.5797815322876,"2026-05-22T01:26:38.010684Z","2026-05-22T01:26:41.590465Z",1779413198.01068,1779413201.59047,0.00069,0.000797,0.000836,3.565282,3.565406,3.564446,0.000124000000000013,3.5544,0.0253815322875979
"2026-05-22T01:26:41.896Z","run_bootstrap",117,"http://client2:8000","run","http://client2:8000/run",1,TRUE,200,1109,251,3.87899780273438,"2026-05-22T01:26:38.012524Z","2026-05-22T01:26:41.891522Z",1779413198.01252,1779413201.89152,0.000666,0.000728,0.000769,3.86364,3.863775,3.862871,0.000134999999999774,3.8553,0.0236978027343748
"2026-05-22T01:26:41.896Z","run_bootstrap",117,"http://client3:8000","run","http://client3:8000/run",1,TRUE,200,1109,256,3.60791301727295,"2026-05-22T01:26:38.012814Z","2026-05-22T01:26:41.620727Z",1779413198.01281,1779413201.62073,0.000643,0.000726,0.000767,3.593154,3.593308,3.592387,0.000153999999999765,3.5851,0.022813017272949
"2026-05-22T01:26:45.875Z","run_bootstrap",118,"http://client1:8000","run","http://client1:8000/run",1,TRUE,200,1109,253,3.59301567077637,"2026-05-22T01:26:41.907663Z","2026-05-22T01:26:45.500679Z",1779413201.90766,1779413205.50068,0.000682,0.000788,0.000823,3.578498,3.57858,3.577675,8.19999999999155e-05,3.5695,0.0235156707763671
"2026-05-22T01:26:45.875Z","run_bootstrap",118,"http://client2:8000","run","http://client2:8000/run",1,TRUE,200,1109,251,3.96002554893494,"2026-05-22T01:26:41.909514Z","2026-05-22T01:26:45.869540Z",1779413201.90951,1779413205.86954,0.000597,0.000719,0.000757,3.94477,3.944904,3.944013,0.000134000000000079,3.9232,0.0368255489349365
"2026-05-22T01:26:45.875Z","run_bootstrap",118,"http://client3:8000","run","http://client3:8000/run",1,TRUE,200,1109,255,3.78732013702393,"2026-05-22T01:26:41.909875Z","2026-05-22T01:26:45.697195Z",1779413201.90988,1779413205.6972,0.00053,0.000643,0.000677,3.770725,3.770835,3.770048,0.000109999999999832,3.748,0.0393201370239256
"2026-05-22T01:26:49.839Z","run_bootstrap",119,"http://client1:8000","run","http://client1:8000/run",1,TRUE,200,1109,248,3.79128646850586,"2026-05-22T01:26:45.886687Z","2026-05-22T01:26:49.677974Z",1779413205.88669,1779413209.67797,0.000672,0.000784,0.000824,3.776837,3.776921,3.776013,8.4000000000195e-05,3.764,0.0272864685058596
"2026-05-22T01:26:49.839Z","run_bootstrap",119,"http://client2:8000","run","http://client2:8000/run",1,TRUE,200,1109,251,3.94283676147461,"2026-05-22T01:26:45.888506Z","2026-05-22T01:26:49.831343Z",1779413205.88851,1779413209.83134,0.000529,0.000648,0.000689,3.921716,3.921821,3.921027,0.000105000000000022,3.913,0.0298367614746096
"2026-05-22T01:26:49.839Z","run_bootstrap",119,"http://client3:8000","run","http://client3:8000/run",1,TRUE,200,1109,258,3.68200421333313,"2026-05-22T01:26:45.888846Z","2026-05-22T01:26:49.570850Z",1779413205.88885,1779413209.57085,0.000755,0.000882,0.000922,3.662296,3.662437,3.661374,0.000141000000000169,3.6539,0.0281042133331297
"2026-05-22T01:26:53.991Z","run_bootstrap",120,"http://client1:8000","run","http://client1:8000/run",1,TRUE,200,1109,249,4.06214046478271,"2026-05-22T01:26:49.858731Z","2026-05-22T01:26:53.920871Z",1779413209.85873,1779413213.92087,0.000801,0.000923,0.000959,4.041312,4.041346,4.040353,3.40000000003116e-05,3.8799,0.182240464782715
"2026-05-22T01:26:53.991Z","run_bootstrap",120,"http://client2:8000","run","http://client2:8000/run",1,TRUE,200,1109,252,3.81597757339478,"2026-05-22T01:26:49.859168Z","2026-05-22T01:26:53.675145Z",1779413209.85917,1779413213.67515,0.000551,0.000638,0.000672,3.795376,3.795401,3.794704,2.49999999999417e-05,3.6424,0.173577573394776
"2026-05-22T01:26:53.991Z","run_bootstrap",120,"http://client3:8000","run","http://client3:8000/run",1,TRUE,200,1109,258,4.12835335731506,"2026-05-22T01:26:49.858617Z","2026-05-22T01:26:53.986970Z",1779413209.85862,1779413213.98697,0.000699,0.000806,0.000841,4.110425,4.110682,4.109584,0.000256999999999508,3.9419,0.186453357315064
"2026-05-22T01:26:57.708Z","run_bootstrap",121,"http://client1:8000","run","http://client1:8000/run",1,TRUE,200,1109,251,3.5244128704071,"2026-05-22T01:26:54.005773Z","2026-05-22T01:26:57.530185Z",1779413214.00577,1779413217.53019,0.000657,0.000758,0.000792,3.506894,3.506984,3.506102,9.00000000001455e-05,3.5001,0.0243128704071043
"2026-05-22T01:26:57.708Z","run_bootstrap",121,"http://client2:8000","run","http://client2:8000/run",1,TRUE,200,1109,253,3.47018480300903,"2026-05-22T01:26:54.007104Z","2026-05-22T01:26:57.477289Z",1779413214.0071,1779413217.47729,0.000555,0.000644,0.000682,3.4492,3.44934,3.448518,0.000140000000000029,3.4419,0.0282848030090332
"2026-05-22T01:26:57.708Z","run_bootstrap",121,"http://client3:8000","run","http://client3:8000/run",1,TRUE,200,1109,258,3.69658970832825,"2026-05-22T01:26:54.007883Z","2026-05-22T01:26:57.704472Z",1779413214.00788,1779413217.70447,0.000631,0.000744,0.00078,3.676025,3.676143,3.675245,0.000118000000000062,3.6693,0.0272897083282473
"2026-05-22T01:27:01.459Z","run_bootstrap",122,"http://client1:8000","run","http://client1:8000/run",1,TRUE,200,1109,251,3.73050260543823,"2026-05-22T01:26:57.721341Z","2026-05-22T01:27:01.451843Z",1779413217.72134,1779413221.45184,0.000667,0.000788,0.00081,3.716625,3.716746,3.715815,0.000121000000000038,3.7088,0.0217026054382323
"2026-05-22T01:27:01.459Z","run_bootstrap",122,"http://client2:8000","run","http://client2:8000/run",1,TRUE,200,1109,253,3.72620272636414,"2026-05-22T01:26:57.721900Z","2026-05-22T01:27:01.448103Z",1779413217.7219,1779413221.4481,0.000483,0.00054,0.000558,3.71329,3.713404,3.712732,0.000113999999999947,3.7066,0.0196027263641358
"2026-05-22T01:27:01.459Z","run_bootstrap",122,"http://client3:8000","run","http://client3:8000/run",1,TRUE,200,1109,258,3.51158905029297,"2026-05-22T01:26:57.721251Z","2026-05-22T01:27:01.232840Z",1779413217.72125,1779413221.23284,0.000751,0.000815,0.000836,3.498303,3.498432,3.497467,0.000129000000000268,3.4886,0.0229890502929688
"2026-05-22T01:27:05.043Z","run_bootstrap",123,"http://client1:8000","run","http://client1:8000/run",1,TRUE,200,1108,253,3.56190276145935,"2026-05-22T01:27:01.476393Z","2026-05-22T01:27:05.038295Z",1779413221.47639,1779413225.0383,0.000509,0.000587,0.000617,3.542911,3.543048,3.542294,0.000137000000000054,3.5358,0.0261027614593505
"2026-05-22T01:27:05.043Z","run_bootstrap",123,"http://client2:8000","run","http://client2:8000/run",1,TRUE,200,1108,250,3.4795036315918,"2026-05-22T01:27:01.476958Z","2026-05-22T01:27:04.956462Z",1779413221.47696,1779413224.95646,0.000406,0.000484,0.000508,3.46437,3.464499,3.463862,0.000128999999999824,3.4577,0.0218036315917969
"2026-05-22T01:27:05.043Z","run_bootstrap",123,"http://client3:8000","run","http://client3:8000/run",1,TRUE,200,1108,255,3.347336769104,"2026-05-22T01:27:01.477533Z","2026-05-22T01:27:04.824870Z",1779413221.47753,1779413224.82487,0.000519,0.000577,0.000596,3.332324,3.332466,3.331728,0.000142000000000309,3.325,0.0223367691040037
"2026-05-22T01:27:08.768Z","run_bootstrap",124,"http://client1:8000","run","http://client1:8000/run",1,TRUE,200,1108,253,3.43681383132935,"2026-05-22T01:27:05.057214Z","2026-05-22T01:27:08.494028Z",1779413225.05721,1779413228.49403,0.000595,0.000677,0.000712,3.420376,3.420511,3.419664,0.000134999999999774,3.4133,0.0235138313293457
"2026-05-22T01:27:08.768Z","run_bootstrap",124,"http://client2:8000","run","http://client2:8000/run",1,TRUE,200,1108,250,3.70548725128174,"2026-05-22T01:27:05.057970Z","2026-05-22T01:27:08.763457Z",1779413225.05797,1779413228.76346,0.000447,0.000517,0.00054,3.690669,3.690812,3.690129,0.000143000000000004,3.6828,0.0226872512817384
"2026-05-22T01:27:08.768Z","run_bootstrap",124,"http://client3:8000","run","http://client3:8000/run",1,TRUE,200,1108,256,3.36966514587402,"2026-05-22T01:27:05.058479Z","2026-05-22T01:27:08.428144Z",1779413225.05848,1779413228.42814,0.000518,0.000597,0.000617,3.354506,3.35461,3.353889,0.000103999999999882,3.3478,0.0218651458740236
"2026-05-22T01:27:12.365Z","run_bootstrap",125,"http://client1:8000","run","http://client1:8000/run",1,TRUE,200,1108,251,3.57977509498596,"2026-05-22T01:27:08.780956Z","2026-05-22T01:27:12.360731Z",1779413228.78096,1779413232.36073,0.000642,0.000761,0.000797,3.56029,3.560457,3.559493,0.000166999999999806,3.5525,0.0272750949859617
"2026-05-22T01:27:12.365Z","run_bootstrap",125,"http://client2:8000","run","http://client2:8000/run",1,TRUE,200,1108,251,3.39899611473083,"2026-05-22T01:27:08.781776Z","2026-05-22T01:27:12.180773Z",1779413228.78178,1779413232.18077,0.000624,0.000729,0.000763,3.378385,3.378523,3.377622,0.000137999999999749,3.371,0.027996114730835
"2026-05-22T01:27:12.365Z","run_bootstrap",125,"http://client3:8000","run","http://client3:8000/run",1,TRUE,200,1108,257,3.56304430961609,"2026-05-22T01:27:08.782470Z","2026-05-22T01:27:12.345515Z",1779413228.78247,1779413232.34552,0.000526,0.000639,0.000677,3.541933,3.542073,3.541256,0.000139999999999585,3.5337,0.0293443096160888
"2026-05-22T01:27:16.104Z","run_bootstrap",126,"http://client1:8000","run","http://client1:8000/run",1,TRUE,200,1108,251,3.52711534500122,"2026-05-22T01:27:12.378365Z","2026-05-22T01:27:15.905480Z",1779413232.37837,1779413235.90548,0.000829,9e-04,0.000939,3.509589,3.509626,3.50865,3.69999999998427e-05,3.5017,0.0254153450012207
"2026-05-22T01:27:16.104Z","run_bootstrap",126,"http://client2:8000","run","http://client2:8000/run",1,TRUE,200,1108,252,3.56140756607056,"2026-05-22T01:27:12.377930Z","2026-05-22T01:27:15.939338Z",1779413232.37793,1779413235.93934,0.000612,0.000715,0.000754,3.543237,3.543298,3.542483,6.10000000000888e-05,3.5365,0.0249075660705564
"2026-05-22T01:27:16.104Z","run_bootstrap",126,"http://client3:8000","run","http://client3:8000/run",1,TRUE,200,1108,257,3.7200984954834,"2026-05-22T01:27:12.379504Z","2026-05-22T01:27:16.099603Z",1779413232.3795,1779413236.0996,0.000752,0.000848,0.000882,3.704202,3.704234,3.70332,3.2000000000032e-05,3.6962,0.0238984954833983
"2026-05-22T01:27:19.847Z","run_bootstrap",127,"http://client1:8000","run","http://client1:8000/run",1,TRUE,200,1109,253,3.55510282516479,"2026-05-22T01:27:16.118170Z","2026-05-22T01:27:19.673273Z",1779413236.11817,1779413239.67327,0.000547,0.000625,0.000646,3.539537,3.539675,3.538891,0.000137999999999749,3.5319,0.0232028251647951
"2026-05-22T01:27:19.847Z","run_bootstrap",127,"http://client2:8000","run","http://client2:8000/run",1,TRUE,200,1109,253,3.72389507293701,"2026-05-22T01:27:16.119052Z","2026-05-22T01:27:19.842947Z",1779413236.11905,1779413239.84295,0.000505,0.000587,0.000621,3.707451,3.70758,3.70683,0.000129000000000268,3.6996,0.0242950729370115
"2026-05-22T01:27:19.847Z","run_bootstrap",127,"http://client3:8000","run","http://client3:8000/run",1,TRUE,200,1109,257,3.51474070549011,"2026-05-22T01:27:16.119595Z","2026-05-22T01:27:19.634335Z",1779413236.1196,1779413239.63434,0.000618,0.000705,0.000747,3.500543,3.500672,3.499796,0.000128999999999824,3.4931,0.0216407054901122
"2026-05-22T01:27:23.646Z","run_bootstrap",128,"http://client1:8000","run","http://client1:8000/run",1,TRUE,200,1109,253,3.78006768226624,"2026-05-22T01:27:19.861877Z","2026-05-22T01:27:23.641945Z",1779413239.86188,1779413243.64195,0.000533,0.000647,0.000683,3.762933,3.76321,3.76225,0.000277000000000083,3.7556,0.0244676822662355
"2026-05-22T01:27:23.646Z","run_bootstrap",128,"http://client2:8000","run","http://client2:8000/run",1,TRUE,200,1109,253,3.47804164886475,"2026-05-22T01:27:19.862440Z","2026-05-22T01:27:23.340482Z",1779413239.86244,1779413243.34048,0.000668,0.000773,0.000807,3.463651,3.463799,3.462844,0.000147999999999815,3.4566,0.0214416488647462
"2026-05-22T01:27:23.646Z","run_bootstrap",128,"http://client3:8000","run","http://client3:8000/run",1,TRUE,200,1109,257,3.74987769126892,"2026-05-22T01:27:19.863250Z","2026-05-22T01:27:23.613128Z",1779413239.86325,1779413243.61313,0.000511,0.000599,0.000631,3.730963,3.731326,3.730332,0.000363000000000113,3.7238,0.0260776912689207
"2026-05-22T01:27:27.303Z","run_bootstrap",129,"http://client1:8000","run","http://client1:8000/run",1,TRUE,200,1107,253,3.63822603225708,"2026-05-22T01:27:23.657878Z","2026-05-22T01:27:27.296104Z",1779413243.65788,1779413247.2961,0.000532,0.000618,0.000651,3.621278,3.621411,3.620627,0.000132999999999939,3.6139,0.02432603225708
"2026-05-22T01:27:27.303Z","run_bootstrap",129,"http://client2:8000","run","http://client2:8000/run",1,TRUE,200,1107,252,3.58156704902649,"2026-05-22T01:27:23.658539Z","2026-05-22T01:27:27.240106Z",1779413243.65854,1779413247.24011,0.000726,0.000841,0.000883,3.56631,3.566442,3.565427,0.000131999999999799,3.558,0.0235670490264894
"2026-05-22T01:27:27.303Z","run_bootstrap",129,"http://client3:8000","run","http://client3:8000/run",1,TRUE,200,1107,256,3.59582853317261,"2026-05-22T01:27:23.659113Z","2026-05-22T01:27:27.254941Z",1779413243.65911,1779413247.25494,0.000483,0.000564,0.000597,3.578962,3.579072,3.578365,0.000109999999999832,3.5717,0.0241285331726075
"2026-05-22T01:27:31.015Z","run_bootstrap",130,"http://client1:8000","run","http://client1:8000/run",1,TRUE,200,1107,253,3.62784361839294,"2026-05-22T01:27:27.316275Z","2026-05-22T01:27:30.944118Z",1779413247.31628,1779413250.94412,0.000639,0.000701,0.000723,3.608166,3.60833,3.607443,0.000163999999999831,3.6006,0.0272436183929443
"2026-05-22T01:27:31.015Z","run_bootstrap",130,"http://client2:8000","run","http://client2:8000/run",1,TRUE,200,1107,253,3.5444598197937,"2026-05-22T01:27:27.316730Z","2026-05-22T01:27:30.861190Z",1779413247.31673,1779413250.86119,0.000547,0.000632,0.000657,3.524488,3.524631,3.523831,0.000143000000000004,3.5162,0.0282598197937012
"2026-05-22T01:27:31.015Z","run_bootstrap",130,"http://client3:8000","run","http://client3:8000/run",1,TRUE,200,1107,256,3.69233918190002,"2026-05-22T01:27:27.317166Z","2026-05-22T01:27:31.009505Z",1779413247.31717,1779413251.00951,0.00066,0.000763,0.000805,3.675961,3.676114,3.675156,0.00015300000000007,3.6684,0.0239391819000243
"2026-05-22T01:27:34.867Z","run_bootstrap",131,"http://client1:8000","run","http://client1:8000/run",1,TRUE,200,1108,251,3.83194065093994,"2026-05-22T01:27:31.026920Z","2026-05-22T01:27:34.858861Z",1779413251.02692,1779413254.85886,0.000606,0.000691,0.000725,3.818154,3.818283,3.817429,0.000129000000000268,3.8107,0.0212406509399412
"2026-05-22T01:27:34.867Z","run_bootstrap",131,"http://client2:8000","run","http://client2:8000/run",1,TRUE,200,1108,252,3.61611914634705,"2026-05-22T01:27:31.028465Z","2026-05-22T01:27:34.644585Z",1779413251.02847,1779413254.64459,0.000452,0.00053,0.000559,3.595426,3.595558,3.594867,0.000132000000000243,3.5878,0.0283191463470458
"2026-05-22T01:27:34.867Z","run_bootstrap",131,"http://client3:8000","run","http://client3:8000/run",1,TRUE,200,1108,257,3.43433046340942,"2026-05-22T01:27:31.028606Z","2026-05-22T01:27:34.462936Z",1779413251.02861,1779413254.46294,0.000438,0.000526,0.000545,3.414768,3.414896,3.414223,0.000128000000000128,3.4079,0.0264304634094237
"2026-05-22T01:27:38.767Z","run_bootstrap",132,"http://client1:8000","run","http://client1:8000/run",1,TRUE,200,1108,251,3.65187668800354,"2026-05-22T01:27:34.881445Z","2026-05-22T01:27:38.533322Z",1779413254.88145,1779413258.53332,0.000704,0.000817,0.000859,3.638137,3.638293,3.637278,0.000156000000000045,3.6301,0.0217766880035399
"2026-05-22T01:27:38.767Z","run_bootstrap",132,"http://client2:8000","run","http://client2:8000/run",1,TRUE,200,1108,252,3.65001440048218,"2026-05-22T01:27:34.881559Z","2026-05-22T01:27:38.531573Z",1779413254.88156,1779413258.53157,0.000781,0.000883,0.000918,3.636119,3.63623,3.635201,0.000110999999999972,3.6289,0.0211144004821779
"2026-05-22T01:27:38.767Z","run_bootstrap",132,"http://client3:8000","run","http://client3:8000/run",1,TRUE,200,1108,257,3.87666726112366,"2026-05-22T01:27:34.883275Z","2026-05-22T01:27:38.759942Z",1779413254.88328,1779413258.75994,0.000566,0.000659,0.000722,3.857934,3.858038,3.857212,0.000103999999999882,3.8505,0.0261672611236574
"2026-05-22T01:27:42.710Z","run_bootstrap",133,"http://client1:8000","run","http://client1:8000/run",1,TRUE,200,1109,251,3.64252781867981,"2026-05-22T01:27:38.778482Z","2026-05-22T01:27:42.421010Z",1779413258.77848,1779413262.42101,0.000539,0.000634,0.000671,3.622653,3.622786,3.621982,0.000132999999999939,3.6141,0.0284278186798095
"2026-05-22T01:27:42.710Z","run_bootstrap",133,"http://client2:8000","run","http://client2:8000/run",1,TRUE,200,1109,251,3.78667998313904,"2026-05-22T01:27:38.777924Z","2026-05-22T01:27:42.564604Z",1779413258.77792,1779413262.5646,0.000624,0.000738,0.000778,3.773652,3.773761,3.772874,0.000109000000000137,3.7656,0.021079983139038
"2026-05-22T01:27:42.710Z","run_bootstrap",133,"http://client3:8000","run","http://client3:8000/run",1,TRUE,200,1109,256,3.92368865013123,"2026-05-22T01:27:38.779466Z","2026-05-22T01:27:42.703155Z",1779413258.77947,1779413262.70316,0.000582,0.000673,0.000708,3.90977,3.90985,3.909062,8.000000000008e-05,3.9028,0.0208886501312255
"2026-05-22T01:27:46.476Z","run_bootstrap",134,"http://client1:8000","run","http://client1:8000/run",1,TRUE,200,1109,251,3.66044068336487,"2026-05-22T01:27:42.722804Z","2026-05-22T01:27:46.383245Z",1779413262.7228,1779413266.38325,0.000689,0.000927,0.00098,3.640893,3.641011,3.639913,0.000118000000000062,3.6331,0.0273406833648679
"2026-05-22T01:27:46.476Z","run_bootstrap",134,"http://client2:8000","run","http://client2:8000/run",1,TRUE,200,1109,251,3.74815678596497,"2026-05-22T01:27:42.723476Z","2026-05-22T01:27:46.471633Z",1779413262.72348,1779413266.47163,0.00051,0.000586,0.000623,3.726649,3.726786,3.726026,0.000137000000000054,3.7194,0.028756785964966
"2026-05-22T01:27:46.476Z","run_bootstrap",134,"http://client3:8000","run","http://client3:8000/run",1,TRUE,200,1109,256,3.45891261100769,"2026-05-22T01:27:42.723896Z","2026-05-22T01:27:46.182808Z",1779413262.7239,1779413266.18281,0.000521,0.000592,0.000627,3.437688,3.437843,3.437061,0.000154999999999905,3.4284,0.0305126110076905
"2026-05-22T01:27:50.382Z","run_bootstrap",135,"http://client1:8000","run","http://client1:8000/run",1,TRUE,200,1108,252,3.83904814720154,"2026-05-22T01:27:46.539259Z","2026-05-22T01:27:50.378308Z",1779413266.53926,1779413270.37831,0.000701,0.000813,0.000849,3.826214,3.826349,3.825365,0.000135000000000218,3.8159,0.023148147201538
"2026-05-22T01:27:50.382Z","run_bootstrap",135,"http://client2:8000","run","http://client2:8000/run",1,TRUE,200,1108,254,3.83292698860168,"2026-05-22T01:27:46.541636Z","2026-05-22T01:27:50.374563Z",1779413266.54164,1779413270.37456,0.000549,0.000626,0.000657,3.816411,3.816559,3.815754,0.000147999999999815,3.8003,0.0326269886016846
"2026-05-22T01:27:50.382Z","run_bootstrap",135,"http://client3:8000","run","http://client3:8000/run",1,TRUE,200,1108,254,3.58028340339661,"2026-05-22T01:27:46.540416Z","2026-05-22T01:27:50.120699Z",1779413266.54042,1779413270.1207,0.000583,0.000786,0.000835,3.567623,3.567798,3.566788,0.000174999999999592,3.5428,0.0374834033966063
"2026-05-22T01:27:54.316Z","run_bootstrap",136,"http://client1:8000","run","http://client1:8000/run",1,TRUE,200,1108,252,3.91715312004089,"2026-05-22T01:27:50.394910Z","2026-05-22T01:27:54.312063Z",1779413270.39491,1779413274.31206,0.000544,0.000634,0.000668,3.898602,3.898778,3.897934,0.000176000000000176,3.8908,0.0263531200408935
"2026-05-22T01:27:54.316Z","run_bootstrap",136,"http://client2:8000","run","http://client2:8000/run",1,TRUE,200,1108,254,3.6280152797699,"2026-05-22T01:27:50.394188Z","2026-05-22T01:27:54.022203Z",1779413270.39419,1779413274.0222,0.00071,0.000819,0.000855,3.614639,3.614767,3.613784,0.000128000000000128,3.6053,0.0227152797698973
"2026-05-22T01:27:54.316Z","run_bootstrap",136,"http://client3:8000","run","http://client3:8000/run",1,TRUE,200,1108,254,3.56150436401367,"2026-05-22T01:27:50.396131Z","2026-05-22T01:27:53.957636Z",1779413270.39613,1779413273.95764,0.000556,0.00067,0.000707,3.546722,3.546843,3.546015,0.000121000000000038,3.5361,0.0254043640136721
"2026-05-22T01:27:58.243Z","run_bootstrap",137,"http://client1:8000","run","http://client1:8000/run",1,TRUE,200,1109,257,3.90770220756531,"2026-05-22T01:27:54.328460Z","2026-05-22T01:27:58.236162Z",1779413274.32846,1779413278.23616,0.000717,0.000836,0.000871,3.892066,3.892189,3.891195,0.000123000000000317,3.8833,0.0244022075653074
"2026-05-22T01:27:58.243Z","run_bootstrap",137,"http://client2:8000","run","http://client2:8000/run",1,TRUE,200,1109,255,3.73401212692261,"2026-05-22T01:27:54.329161Z","2026-05-22T01:27:58.063173Z",1779413274.32916,1779413278.06317,0.000506,0.000586,0.000617,3.713854,3.713987,3.713237,0.000132999999999939,3.7067,0.0273121269226073
"2026-05-22T01:27:58.243Z","run_bootstrap",137,"http://client3:8000","run","http://client3:8000/run",1,TRUE,200,1109,256,3.65143060684204,"2026-05-22T01:27:54.329726Z","2026-05-22T01:27:57.981157Z",1779413274.32973,1779413277.98116,0.000533,0.000629,0.000666,3.636999,3.637111,3.636333,0.000112000000000112,3.629,0.022430606842041
"2026-05-22T01:28:02.165Z","run_bootstrap",138,"http://client1:8000","run","http://client1:8000/run",1,TRUE,200,1109,257,3.63469672203064,"2026-05-22T01:27:58.255417Z","2026-05-22T01:28:01.890114Z",1779413278.25542,1779413281.89011,0.00057,0.000655,0.00069,3.615086,3.615202,3.614396,0.000116000000000227,3.6077,0.0269967220306397
"2026-05-22T01:28:02.165Z","run_bootstrap",138,"http://client2:8000","run","http://client2:8000/run",1,TRUE,200,1109,255,3.70186758041382,"2026-05-22T01:27:58.255622Z","2026-05-22T01:28:01.957489Z",1779413278.25562,1779413281.95749,0.000529,0.000635,0.000672,3.688557,3.688671,3.687885,0.000113999999999947,3.6812,0.0206675804138183
"2026-05-22T01:28:02.165Z","run_bootstrap",138,"http://client3:8000","run","http://client3:8000/run",1,TRUE,200,1109,257,3.90295195579529,"2026-05-22T01:27:58.254836Z","2026-05-22T01:28:02.157788Z",1779413278.25484,1779413282.15779,0.00055,0.000658,0.000697,3.889043,3.889199,3.888346,0.000156000000000045,3.8817,0.0212519557952882
"2026-05-22T01:28:06.146Z","run_bootstrap",139,"http://client1:8000","run","http://client1:8000/run",1,TRUE,200,1107,254,3.95648169517517,"2026-05-22T01:28:02.182487Z","2026-05-22T01:28:06.138969Z",1779413282.18249,1779413286.13897,0.000541,0.000646,0.000687,3.937306,3.937446,3.936619,0.000140000000000029,3.9296,0.0268816951751707
"2026-05-22T01:28:06.146Z","run_bootstrap",139,"http://client2:8000","run","http://client2:8000/run",1,TRUE,200,1107,255,3.66108322143555,"2026-05-22T01:28:02.182899Z","2026-05-22T01:28:05.843982Z",1779413282.1829,1779413285.84398,0.000466,0.00058,0.00062,3.640997,3.641238,3.640377,0.000240999999999936,3.6328,0.0282832214355468
"2026-05-22T01:28:06.146Z","run_bootstrap",139,"http://client3:8000","run","http://client3:8000/run",1,TRUE,200,1107,252,3.70106196403503,"2026-05-22T01:28:02.183378Z","2026-05-22T01:28:05.884440Z",1779413282.18338,1779413285.88444,0.000479,0.000601,0.000641,3.682272,3.682411,3.681631,0.000138999999999889,3.6739,0.027161964035034
"2026-05-22T01:28:10.277Z","run_bootstrap",140,"http://client1:8000","run","http://client1:8000/run",1,TRUE,200,1107,254,3.97564506530762,"2026-05-22T01:28:06.158283Z","2026-05-22T01:28:10.133928Z",1779413286.15828,1779413290.13393,0.000799,0.000871,0.000902,3.957509,3.95767,3.956607,0.000160999999999856,3.7993,0.176345065307617
"2026-05-22T01:28:10.277Z","run_bootstrap",140,"http://client2:8000","run","http://client2:8000/run",1,TRUE,200,1107,255,4.11414051055908,"2026-05-22T01:28:06.159279Z","2026-05-22T01:28:10.273419Z",1779413286.15928,1779413290.27342,0.000753,0.00084,0.000872,4.097,4.097025,4.096128,2.49999999999417e-05,3.9297,0.184440510559082
"2026-05-22T01:28:10.277Z","run_bootstrap",140,"http://client3:8000","run","http://client3:8000/run",1,TRUE,200,1107,252,3.79088258743286,"2026-05-22T01:28:06.159248Z","2026-05-22T01:28:09.950130Z",1779413286.15925,1779413289.95013,0.000622,0.000713,0.000739,3.773803,3.773833,3.773064,3.00000000001965e-05,3.6175,0.173382587432861
"2026-05-22T01:28:13.862Z","run_bootstrap",141,"http://client1:8000","run","http://client1:8000/run",1,TRUE,200,1109,256,3.56323933601379,"2026-05-22T01:28:10.291418Z","2026-05-22T01:28:13.854657Z",1779413290.29142,1779413293.85466,0.000693,8e-04,0.000849,3.549021,3.549156,3.548172,0.000134999999999774,3.5413,0.0219393360137938
"2026-05-22T01:28:13.862Z","run_bootstrap",141,"http://client2:8000","run","http://client2:8000/run",1,TRUE,200,1109,251,3.52122950553894,"2026-05-22T01:28:10.292652Z","2026-05-22T01:28:13.813881Z",1779413290.29265,1779413293.81388,0.000651,0.000768,0.00082,3.507165,3.507299,3.506345,0.000134000000000079,3.5002,0.0210295055389405
"2026-05-22T01:28:13.862Z","run_bootstrap",141,"http://client3:8000","run","http://client3:8000/run",1,TRUE,200,1109,254,3.55934238433838,"2026-05-22T01:28:10.293206Z","2026-05-22T01:28:13.852549Z",1779413290.29321,1779413293.85255,0.000663,0.000768,0.000821,3.546424,3.546557,3.545603,0.000132999999999939,3.5394,0.0199423843383788
"2026-05-22T01:28:17.472Z","run_bootstrap",142,"http://client1:8000","run","http://client1:8000/run",1,TRUE,200,1109,256,3.59408402442932,"2026-05-22T01:28:13.873658Z","2026-05-22T01:28:17.467742Z",1779413293.87366,1779413297.46774,0.00038,0.000451,0.000474,3.580846,3.58089,3.580372,4.3999999999933e-05,3.5741,0.0199840244293212
"2026-05-22T01:28:17.472Z","run_bootstrap",142,"http://client2:8000","run","http://client2:8000/run",1,TRUE,200,1109,251,3.5125424861908,"2026-05-22T01:28:13.875219Z","2026-05-22T01:28:17.387762Z",1779413293.87522,1779413297.38776,0.000565,0.000652,0.000683,3.497228,3.497388,3.496545,0.00016000000000016,3.4893,0.0232424861907958
"2026-05-22T01:28:17.472Z","run_bootstrap",142,"http://client3:8000","run","http://client3:8000/run",1,TRUE,200,1109,254,3.56386256217957,"2026-05-22T01:28:13.875722Z","2026-05-22T01:28:17.439584Z",1779413293.87572,1779413297.43958,0.000574,0.000633,0.000652,3.549172,3.549307,3.54852,0.000135000000000218,3.5426,0.0212625621795652
"2026-05-22T01:28:21.124Z","run_bootstrap",143,"http://client1:8000","run","http://client1:8000/run",1,TRUE,200,1107,254,3.63605880737305,"2026-05-22T01:28:17.483718Z","2026-05-22T01:28:21.119777Z",1779413297.48372,1779413301.11978,0.00055,0.000603,0.000625,3.623462,3.623584,3.622837,0.000122000000000178,3.6162,0.0198588073730468
"2026-05-22T01:28:21.124Z","run_bootstrap",143,"http://client2:8000","run","http://client2:8000/run",1,TRUE,200,1107,252,3.54051661491394,"2026-05-22T01:28:17.483253Z","2026-05-22T01:28:21.023770Z",1779413297.48325,1779413301.02377,0.00037,0.000447,0.000472,3.526706,3.526835,3.526234,0.000129000000000268,3.52,0.0205166149139404
"2026-05-22T01:28:21.124Z","run_bootstrap",143,"http://client3:8000","run","http://client3:8000/run",1,TRUE,200,1107,254,3.35416150093079,"2026-05-22T01:28:17.484912Z","2026-05-22T01:28:20.839073Z",1779413297.48491,1779413300.83907,0.000458,0.000514,0.000534,3.341656,3.341762,3.341122,0.000106000000000162,3.3332,0.020961500930786
"2026-05-22T01:28:24.905Z","run_bootstrap",144,"http://client1:8000","run","http://client1:8000/run",1,TRUE,200,1107,254,3.57123804092407,"2026-05-22T01:28:21.136621Z","2026-05-22T01:28:24.707859Z",1779413301.13662,1779413304.70786,0.000672,0.000771,0.000908,3.549687,3.549924,3.548779,0.000236999999999821,3.5424,0.0288380409240721
"2026-05-22T01:28:24.905Z","run_bootstrap",144,"http://client2:8000","run","http://client2:8000/run",1,TRUE,200,1107,254,3.76351475715637,"2026-05-22T01:28:21.137205Z","2026-05-22T01:28:24.900720Z",1779413301.13721,1779413304.90072,0.000629,0.000751,0.000796,3.741931,3.74204,3.741135,0.000108999999999693,3.7345,0.0290147571563719
"2026-05-22T01:28:24.905Z","run_bootstrap",144,"http://client3:8000","run","http://client3:8000/run",1,TRUE,200,1107,253,3.35073590278625,"2026-05-22T01:28:21.137748Z","2026-05-22T01:28:24.488483Z",1779413301.13775,1779413304.48848,0.000731,0.000802,0.000955,3.329695,3.329783,3.32874,8.7999999999866e-05,3.322,0.0287359027862548
"2026-05-22T01:28:28.536Z","run_bootstrap",145,"http://client1:8000","run","http://client1:8000/run",1,TRUE,200,1107,255,3.5810329914093,"2026-05-22T01:28:24.916734Z","2026-05-22T01:28:28.497767Z",1779413304.91673,1779413308.49777,0.000696,0.000818,0.000864,3.566027,3.566125,3.565163,9.79999999999315e-05,3.5577,0.0233329914093017
"2026-05-22T01:28:28.536Z","run_bootstrap",145,"http://client2:8000","run","http://client2:8000/run",1,TRUE,200,1107,254,3.609694480896,"2026-05-22T01:28:24.918479Z","2026-05-22T01:28:28.528174Z",1779413304.91848,1779413308.52817,0.000619,0.000723,0.000757,3.588095,3.588193,3.587338,9.79999999999315e-05,3.5805,0.0291944808959963
"2026-05-22T01:28:28.536Z","run_bootstrap",145,"http://client3:8000","run","http://client3:8000/run",1,TRUE,200,1107,252,3.51113843917847,"2026-05-22T01:28:24.918970Z","2026-05-22T01:28:28.430108Z",1779413304.91897,1779413308.43011,0.000686,0.000798,0.000836,3.488562,3.488684,3.487726,0.000122000000000178,3.4786,0.0325384391784667
"2026-05-22T01:28:32.338Z","run_bootstrap",146,"http://client1:8000","run","http://client1:8000/run",1,TRUE,200,1107,255,3.77430248260498,"2026-05-22T01:28:28.559817Z","2026-05-22T01:28:32.334119Z",1779413308.55982,1779413312.33412,0.000897,0.000983,0.001005,3.76094,3.760964,3.759935,2.3999999999802e-05,3.7534,0.0209024826049804
"2026-05-22T01:28:32.338Z","run_bootstrap",146,"http://client2:8000","run","http://client2:8000/run",1,TRUE,200,1107,254,3.32987236976624,"2026-05-22T01:28:28.559817Z","2026-05-22T01:28:31.889689Z",1779413308.55982,1779413311.88969,0.000462,0.000553,0.000587,3.314669,3.314702,3.314082,3.30000000001718e-05,3.3038,0.0260723697662355
"2026-05-22T01:28:32.338Z","run_bootstrap",146,"http://client3:8000","run","http://client3:8000/run",1,TRUE,200,1107,252,3.51295638084412,"2026-05-22T01:28:28.559985Z","2026-05-22T01:28:32.072941Z",1779413308.55999,1779413312.07294,0.000501,0.00056,0.00058,3.498783,3.498807,3.498203,2.3999999999802e-05,3.4916,0.0213563808441162
"2026-05-22T01:28:36.144Z","run_bootstrap",147,"http://client1:8000","run","http://client1:8000/run",1,TRUE,200,1109,254,3.60465908050537,"2026-05-22T01:28:32.352480Z","2026-05-22T01:28:35.957139Z",1779413312.35248,1779413315.95714,0.000652,0.000739,0.00077,3.590108,3.590254,3.589338,0.000145999999999979,3.5826,0.0220590805053713
"2026-05-22T01:28:36.144Z","run_bootstrap",147,"http://client2:8000","run","http://client2:8000/run",1,TRUE,200,1109,252,3.78589558601379,"2026-05-22T01:28:32.353182Z","2026-05-22T01:28:36.139077Z",1779413312.35318,1779413316.13908,0.000489,0.000558,0.00058,3.771299,3.77144,3.770719,0.000141000000000169,3.7628,0.023095586013794
"2026-05-22T01:28:36.144Z","run_bootstrap",147,"http://client3:8000","run","http://client3:8000/run",1,TRUE,200,1109,253,3.49377822875977,"2026-05-22T01:28:32.353900Z","2026-05-22T01:28:35.847678Z",1779413312.3539,1779413315.84768,0.000599,0.000682,0.000734,3.479797,3.479972,3.479063,0.000175000000000036,3.4705,0.0232782287597657
"2026-05-22T01:28:39.984Z","run_bootstrap",148,"http://client1:8000","run","http://client1:8000/run",1,TRUE,200,1109,254,3.8200740814209,"2026-05-22T01:28:36.156795Z","2026-05-22T01:28:39.976869Z",1779413316.1568,1779413319.97687,0.000605,0.000709,0.000747,3.80075,3.800861,3.800003,0.000110999999999972,3.7935,0.0265740814208986
"2026-05-22T01:28:39.984Z","run_bootstrap",148,"http://client2:8000","run","http://client2:8000/run",1,TRUE,200,1109,252,3.49920725822449,"2026-05-22T01:28:36.157348Z","2026-05-22T01:28:39.656555Z",1779413316.15735,1779413319.65656,0.000514,0.000608,0.000651,3.477702,3.477856,3.477051,0.00015400000000021,3.4684,0.0308072582244874
"2026-05-22T01:28:39.984Z","run_bootstrap",148,"http://client3:8000","run","http://client3:8000/run",1,TRUE,200,1109,253,3.5499439239502,"2026-05-22T01:28:36.157913Z","2026-05-22T01:28:39.707857Z",1779413316.15791,1779413319.70786,0.000639,0.000761,0.000801,3.529154,3.529312,3.528353,0.00015799999999988,3.5212,0.0287439239501954
"2026-05-22T01:28:43.702Z","run_bootstrap",149,"http://client1:8000","run","http://client1:8000/run",1,TRUE,200,1104,250,3.6238009929657,"2026-05-22T01:28:40.000525Z","2026-05-22T01:28:43.624326Z",1779413320.00053,1779413323.62433,0.000599,0.000705,0.000743,3.609373,3.609505,3.60863,0.000131999999999799,3.6,0.0238009929656982
"2026-05-22T01:28:43.702Z","run_bootstrap",149,"http://client2:8000","run","http://client2:8000/run",1,TRUE,200,1104,253,3.69475531578064,"2026-05-22T01:28:40.000903Z","2026-05-22T01:28:43.695658Z",1779413320.0009,1779413323.69566,0.00067,0.000744,0.000776,3.680736,3.680864,3.67996,0.000128000000000128,3.6717,0.0230553157806397
"2026-05-22T01:28:43.702Z","run_bootstrap",149,"http://client3:8000","run","http://client3:8000/run",1,TRUE,200,1104,250,3.69151091575623,"2026-05-22T01:28:40.002539Z","2026-05-22T01:28:43.694050Z",1779413320.00254,1779413323.69405,0.000477,0.000595,0.000634,3.674051,3.674173,3.673417,0.000122000000000178,3.6662,0.0253109157562257
"2026-05-22T01:28:47.307Z","run_bootstrap",150,"http://client1:8000","run","http://client1:8000/run",1,TRUE,200,1104,253,3.53997874259949,"2026-05-22T01:28:43.715072Z","2026-05-22T01:28:47.255051Z",1779413323.71507,1779413327.25505,0.000384,0.000479,0.000511,3.518982,3.519117,3.518471,0.000135000000000218,3.5117,0.0282787425994875
"2026-05-22T01:28:47.307Z","run_bootstrap",150,"http://client2:8000","run","http://client2:8000/run",1,TRUE,200,1104,253,3.5869448184967,"2026-05-22T01:28:43.714771Z","2026-05-22T01:28:47.301716Z",1779413323.71477,1779413327.30172,0.000663,0.000765,0.000799,3.572601,3.572702,3.571802,0.000100999999999907,3.5654,0.0215448184967042
"2026-05-22T01:28:47.307Z","run_bootstrap",150,"http://client3:8000","run","http://client3:8000/run",1,TRUE,200,1104,250,3.53566765785217,"2026-05-22T01:28:43.716287Z","2026-05-22T01:28:47.251954Z",1779413323.71629,1779413327.25195,0.000573,0.000663,0.000695,3.519516,3.51962,3.518821,0.000104000000000326,3.5125,0.0231676578521727
"2026-05-22T01:28:51.243Z","run_bootstrap",151,"http://client1:8000","run","http://client1:8000/run",1,TRUE,200,1109,254,3.91948294639587,"2026-05-22T01:28:47.319914Z","2026-05-22T01:28:51.239397Z",1779413327.31991,1779413331.2394,0.000601,0.000668,0.00069,3.901838,3.901867,3.901148,2.90000000000568e-05,3.8942,0.0252829463958739
"2026-05-22T01:28:51.243Z","run_bootstrap",151,"http://client2:8000","run","http://client2:8000/run",1,TRUE,200,1109,253,3.58990526199341,"2026-05-22T01:28:47.319239Z","2026-05-22T01:28:50.909145Z",1779413327.31924,1779413330.90915,0.000514,0.000646,0.00068,3.571437,3.571463,3.570757,2.60000000000815e-05,3.5643,0.0256052619934084
"2026-05-22T01:28:51.243Z","run_bootstrap",151,"http://client3:8000","run","http://client3:8000/run",1,TRUE,200,1109,254,3.64143562316895,"2026-05-22T01:28:47.320563Z","2026-05-22T01:28:50.961998Z",1779413327.32056,1779413330.962,0.000621,0.000696,0.000739,3.623785,3.623825,3.623046,4.0000000000262e-05,3.6158,0.0256356231689452
"2026-05-22T01:28:55.261Z","run_bootstrap",152,"http://client1:8000","run","http://client1:8000/run",1,TRUE,200,1109,254,3.99774026870728,"2026-05-22T01:28:51.258998Z","2026-05-22T01:28:55.256738Z",1779413331.259,1779413335.25674,0.000536,0.000728,0.000762,3.984535,3.984683,3.983773,0.000147999999999815,3.9772,0.0205402687072755
"2026-05-22T01:28:55.261Z","run_bootstrap",152,"http://client2:8000","run","http://client2:8000/run",1,TRUE,200,1109,253,3.81088280677795,"2026-05-22T01:28:51.259921Z","2026-05-22T01:28:55.070804Z",1779413331.25992,1779413335.0708,0.000453,0.000539,0.000562,3.798582,3.798718,3.79802,0.000135999999999914,3.7906,0.0202828067779541
"2026-05-22T01:28:55.261Z","run_bootstrap",152,"http://client3:8000","run","http://client3:8000/run",1,TRUE,200,1109,254,3.86042404174805,"2026-05-22T01:28:51.259100Z","2026-05-22T01:28:55.119524Z",1779413331.2591,1779413335.11952,0.00059,0.000675,0.000699,3.846571,3.846705,3.845872,0.000134000000000079,3.8393,0.0211240417480467
"2026-05-22T01:28:59.300Z","run_bootstrap",153,"http://client1:8000","run","http://client1:8000/run",1,TRUE,200,1109,253,3.7271625995636,"2026-05-22T01:28:55.271635Z","2026-05-22T01:28:58.998798Z",1779413335.27164,1779413338.9988,0.00058,0.00068,0.000715,3.713561,3.713639,3.712846,7.80000000002445e-05,3.7062,0.0209625995635987
"2026-05-22T01:28:59.300Z","run_bootstrap",153,"http://client2:8000","run","http://client2:8000/run",1,TRUE,200,1109,253,3.92427539825439,"2026-05-22T01:28:55.274245Z","2026-05-22T01:28:59.198521Z",1779413335.27425,1779413339.19852,0.000706,0.000817,0.000855,3.906211,3.906295,3.905356,8.4000000000195e-05,3.8988,0.0254753982543945
"2026-05-22T01:28:59.300Z","run_bootstrap",153,"http://client3:8000","run","http://client3:8000/run",1,TRUE,200,1109,252,4.01859402656555,"2026-05-22T01:28:55.274709Z","2026-05-22T01:28:59.293303Z",1779413335.27471,1779413339.2933,0.000565,0.000634,0.000664,3.997615,3.997755,3.996951,0.000140000000000029,3.9905,0.0280940265655518
"2026-05-22T01:29:03.422Z","run_bootstrap",154,"http://client1:8000","run","http://client1:8000/run",1,TRUE,200,1109,253,3.8321738243103,"2026-05-22T01:28:59.315733Z","2026-05-22T01:29:03.147907Z",1779413339.31573,1779413343.14791,0.000787,0.000846,0.000876,3.818256,3.818407,3.81738,0.000151000000000234,3.8106,0.0215738243103027
"2026-05-22T01:29:03.422Z","run_bootstrap",154,"http://client2:8000","run","http://client2:8000/run",1,TRUE,200,1109,253,4.10193991661072,"2026-05-22T01:28:59.316057Z","2026-05-22T01:29:03.417997Z",1779413339.31606,1779413343.418,0.000743,0.000858,0.000898,4.082752,4.082897,4.081854,0.00014499999999984,4.0668,0.035139916610718
"2026-05-22T01:29:03.422Z","run_bootstrap",154,"http://client3:8000","run","http://client3:8000/run",1,TRUE,200,1109,252,4.07515358924866,"2026-05-22T01:28:59.315711Z","2026-05-22T01:29:03.390864Z",1779413339.31571,1779413343.39086,0.000631,0.000733,0.000771,4.06208,4.062303,4.061309,0.000223000000000084,4.0473,0.0278535892486573
"2026-05-22T01:29:07.430Z","run_bootstrap",155,"http://client1:8000","run","http://client1:8000/run",1,TRUE,200,1109,253,3.99017024040222,"2026-05-22T01:29:03.432699Z","2026-05-22T01:29:07.422870Z",1779413343.4327,1779413347.42287,0.000793,0.000914,0.000951,3.975909,3.976072,3.974958,0.000162999999999691,3.967,0.0231702404022216
"2026-05-22T01:29:07.430Z","run_bootstrap",155,"http://client2:8000","run","http://client2:8000/run",1,TRUE,200,1109,251,3.88597702980042,"2026-05-22T01:29:03.434661Z","2026-05-22T01:29:07.320638Z",1779413343.43466,1779413347.32064,0.000602,0.000684,0.000718,3.872072,3.872214,3.871354,0.000141999999999864,3.8643,0.021677029800415
"2026-05-22T01:29:07.430Z","run_bootstrap",155,"http://client3:8000","run","http://client3:8000/run",1,TRUE,200,1109,252,3.69829726219177,"2026-05-22T01:29:03.435014Z","2026-05-22T01:29:07.133311Z",1779413343.43501,1779413347.13331,0.00055,0.00064,0.000676,3.684584,3.684732,3.683908,0.000147999999999815,3.6777,0.0205972621917723
"2026-05-22T01:29:11.518Z","run_bootstrap",156,"http://client1:8000","run","http://client1:8000/run",1,TRUE,200,1109,254,3.83007740974426,"2026-05-22T01:29:07.442550Z","2026-05-22T01:29:11.272627Z",1779413347.44255,1779413351.27263,0.000587,0.000697,0.000738,3.814633,3.814765,3.813895,0.000131999999999799,3.8063,0.0237774097442629
"2026-05-22T01:29:11.518Z","run_bootstrap",156,"http://client2:8000","run","http://client2:8000/run",1,TRUE,200,1109,251,4.06987833976746,"2026-05-22T01:29:07.443665Z","2026-05-22T01:29:11.513544Z",1779413347.44367,1779413351.51354,0.000613,0.000682,0.000705,4.054987,4.055132,4.054282,0.000145000000000728,4.0482,0.0216783397674565
"2026-05-22T01:29:11.518Z","run_bootstrap",156,"http://client3:8000","run","http://client3:8000/run",1,TRUE,200,1109,252,3.86335158348083,"2026-05-22T01:29:07.444187Z","2026-05-22T01:29:11.307538Z",1779413347.44419,1779413351.30754,0.000602,0.00068,0.000718,3.848187,3.848295,3.847469,0.000107999999999997,3.8411,0.022251583480835
"2026-05-22T01:29:15.248Z","run_bootstrap",157,"http://client1:8000","run","http://client1:8000/run",1,TRUE,200,1109,252,3.22090673446655,"2026-05-22T01:29:11.532018Z","2026-05-22T01:29:14.752924Z",1779413351.53202,1779413354.75292,0.000548,0.00062,0.000642,3.199968,3.2,3.199326,3.2000000000032e-05,3.1909,0.0300067344665527
"2026-05-22T01:29:15.248Z","run_bootstrap",157,"http://client2:8000","run","http://client2:8000/run",1,TRUE,200,1109,252,3.62695336341858,"2026-05-22T01:29:11.532475Z","2026-05-22T01:29:15.159428Z",1779413351.53248,1779413355.15943,0.000537,0.000627,0.000661,3.606726,3.606764,3.606065,3.79999999999825e-05,3.5993,0.0276533634185792
"2026-05-22T01:29:15.248Z","run_bootstrap",157,"http://client3:8000","run","http://client3:8000/run",1,TRUE,200,1109,251,3.7107892036438,"2026-05-22T01:29:11.533028Z","2026-05-22T01:29:15.243817Z",1779413351.53303,1779413355.24382,0.000538,0.000609,0.000632,3.691357,3.691387,3.690725,3.00000000001965e-05,3.6823,0.0284892036437987
"2026-05-22T01:29:18.795Z","run_bootstrap",158,"http://client1:8000","run","http://client1:8000/run",1,TRUE,200,1109,252,3.44142270088196,"2026-05-22T01:29:15.263626Z","2026-05-22T01:29:18.705048Z",1779413355.26363,1779413358.70505,0.000559,0.000672,0.000708,3.426811,3.426954,3.426103,0.000143000000000004,3.4185,0.0229227008819581
"2026-05-22T01:29:18.795Z","run_bootstrap",158,"http://client2:8000","run","http://client2:8000/run",1,TRUE,200,1109,251,3.44959402084351,"2026-05-22T01:29:15.264341Z","2026-05-22T01:29:18.713935Z",1779413355.26434,1779413358.71394,0.000428,0.000546,0.000583,3.434955,3.435091,3.434372,0.000135999999999914,3.428,0.0215940208435059
"2026-05-22T01:29:18.795Z","run_bootstrap",158,"http://client3:8000","run","http://client3:8000/run",1,TRUE,200,1109,251,3.52642798423767,"2026-05-22T01:29:15.263596Z","2026-05-22T01:29:18.790024Z",1779413355.2636,1779413358.79002,0.000689,0.000798,0.000835,3.512421,3.512522,3.511586,0.000101000000000351,3.5045,0.0219279842376707
"2026-05-22T01:29:22.487Z","run_bootstrap",159,"http://client1:8000","run","http://client1:8000/run",1,TRUE,200,1109,253,3.53615951538086,"2026-05-22T01:29:18.807555Z","2026-05-22T01:29:22.343715Z",1779413358.80756,1779413362.34372,0.000597,0.000702,0.000741,3.522268,3.522378,3.521527,0.000109999999999832,3.5147,0.0214595153808594
"2026-05-22T01:29:22.487Z","run_bootstrap",159,"http://client2:8000","run","http://client2:8000/run",1,TRUE,200,1109,252,3.67269945144653,"2026-05-22T01:29:18.809755Z","2026-05-22T01:29:22.482454Z",1779413358.80976,1779413362.48245,0.000699,0.000811,0.000851,3.657838,3.657973,3.656987,0.000135000000000218,3.6509,0.0217994514465332
"2026-05-22T01:29:22.487Z","run_bootstrap",159,"http://client3:8000","run","http://client3:8000/run",1,TRUE,200,1109,252,3.33986449241638,"2026-05-22T01:29:18.810028Z","2026-05-22T01:29:22.149892Z",1779413358.81003,1779413362.14989,0.000788,0.000903,0.000942,3.322545,3.322699,3.321603,0.00015400000000021,3.3147,0.0251644924163816
"2026-05-22T01:29:26.216Z","run_bootstrap",160,"http://client1:8000","run","http://client1:8000/run",1,TRUE,200,1109,253,3.70052313804626,"2026-05-22T01:29:22.498786Z","2026-05-22T01:29:26.199310Z",1779413362.49879,1779413366.19931,0.000608,0.00072,0.000836,3.68715,3.687264,3.686314,0.000113999999999947,3.5401,0.160423138046265
"2026-05-22T01:29:26.216Z","run_bootstrap",160,"http://client2:8000","run","http://client2:8000/run",1,TRUE,200,1109,252,3.46926617622375,"2026-05-22T01:29:22.500816Z","2026-05-22T01:29:25.970082Z",1779413362.50082,1779413365.97008,0.000571,0.000654,0.000687,3.450462,3.450578,3.449775,0.000116000000000227,3.3045,0.164766176223755
"2026-05-22T01:29:26.216Z","run_bootstrap",160,"http://client3:8000","run","http://client3:8000/run",1,TRUE,200,1109,252,3.7106785774231,"2026-05-22T01:29:22.500988Z","2026-05-22T01:29:26.211666Z",1779413362.50099,1779413366.21167,0.000541,0.000628,0.000663,3.694028,3.69416,3.693365,0.000132000000000243,3.5394,0.171278577423096
"2026-05-22T01:29:29.712Z","run_bootstrap",161,"http://client1:8000","run","http://client1:8000/run",1,TRUE,200,1109,254,3.46061110496521,"2026-05-22T01:29:26.226402Z","2026-05-22T01:29:29.687014Z",1779413366.2264,1779413369.68701,0.000674,0.000878,0.000954,3.446222,3.44636,3.445268,0.000137999999999749,3.4387,0.0219111049652101
"2026-05-22T01:29:29.712Z","run_bootstrap",161,"http://client2:8000","run","http://client2:8000/run",1,TRUE,200,1109,252,3.47904682159424,"2026-05-22T01:29:26.228344Z","2026-05-22T01:29:29.707391Z",1779413366.22834,1779413369.70739,0.000473,0.000555,0.000582,3.465634,3.465743,3.465052,0.000108999999999693,3.4592,0.0198468215942382
"2026-05-22T01:29:29.712Z","run_bootstrap",161,"http://client3:8000","run","http://client3:8000/run",1,TRUE,200,1109,251,3.43849468231201,"2026-05-22T01:29:26.227860Z","2026-05-22T01:29:29.666354Z",1779413366.22786,1779413369.66635,0.000606,0.000699,0.000736,3.425363,3.425481,3.424627,0.000118000000000062,3.4177,0.0207946823120118
"2026-05-22T01:29:33.311Z","run_bootstrap",162,"http://client1:8000","run","http://client1:8000/run",1,TRUE,200,1109,254,3.58219027519226,"2026-05-22T01:29:29.725065Z","2026-05-22T01:29:33.307255Z",1779413369.72507,1779413373.30726,0.000639,0.000723,0.000755,3.557548,3.557581,3.556793,3.29999999997277e-05,3.5505,0.0316902751922608
"2026-05-22T01:29:33.311Z","run_bootstrap",162,"http://client2:8000","run","http://client2:8000/run",1,TRUE,200,1109,252,3.4412682056427,"2026-05-22T01:29:29.725752Z","2026-05-22T01:29:33.167020Z",1779413369.72575,1779413373.16702,0.000593,0.000669,7e-04,3.416492,3.416524,3.415792,3.2000000000032e-05,3.4097,0.0315682056427002
"2026-05-22T01:29:33.311Z","run_bootstrap",162,"http://client3:8000","run","http://client3:8000/run",1,TRUE,200,1109,250,3.40310859680176,"2026-05-22T01:29:29.726380Z","2026-05-22T01:29:33.129489Z",1779413369.72638,1779413373.12949,0.000634,0.000757,0.000783,3.383058,3.38309,3.382275,3.2000000000032e-05,3.376,0.0271085968017579
"2026-05-22T01:29:37.033Z","run_bootstrap",163,"http://client1:8000","run","http://client1:8000/run",1,TRUE,200,1109,254,3.55247926712036,"2026-05-22T01:29:33.326164Z","2026-05-22T01:29:36.878643Z",1779413373.32616,1779413376.87864,0.00049,0.000604,0.000644,3.538072,3.538167,3.537428,9.49999999999562e-05,3.5309,0.0215792671203614
"2026-05-22T01:29:37.033Z","run_bootstrap",163,"http://client2:8000","run","http://client2:8000/run",1,TRUE,200,1109,253,3.34647703170776,"2026-05-22T01:29:33.327002Z","2026-05-22T01:29:36.673479Z",1779413373.327,1779413376.67348,0.000578,0.000668,0.000701,3.332382,3.332548,3.331681,0.000166000000000111,3.3254,0.0210770317077635
"2026-05-22T01:29:37.033Z","run_bootstrap",163,"http://client3:8000","run","http://client3:8000/run",1,TRUE,200,1109,252,3.69866108894348,"2026-05-22T01:29:33.327687Z","2026-05-22T01:29:37.026348Z",1779413373.32769,1779413377.02635,0.000559,0.000632,0.000662,3.685082,3.68523,3.68442,0.000147999999999815,3.6782,0.0204610889434815
"2026-05-22T01:29:40.738Z","run_bootstrap",164,"http://client1:8000","run","http://client1:8000/run",1,TRUE,200,1109,254,3.68237709999084,"2026-05-22T01:29:37.051771Z","2026-05-22T01:29:40.734148Z",1779413377.05177,1779413380.73415,0.000613,0.000724,0.000762,3.668962,3.669113,3.6682,0.00015099999999979,3.6511,0.0312770999908447
"2026-05-22T01:29:40.738Z","run_bootstrap",164,"http://client2:8000","run","http://client2:8000/run",1,TRUE,200,1109,252,3.66828989982605,"2026-05-22T01:29:37.053145Z","2026-05-22T01:29:40.721435Z",1779413377.05315,1779413380.72144,0.000679,0.000768,0.000791,3.650528,3.650653,3.649737,0.000125000000000153,3.643,0.02528989982605
"2026-05-22T01:29:40.738Z","run_bootstrap",164,"http://client3:8000","run","http://client3:8000/run",1,TRUE,200,1109,252,3.58981132507324,"2026-05-22T01:29:37.053668Z","2026-05-22T01:29:40.643479Z",1779413377.05367,1779413380.64348,0.000527,0.000602,0.000632,3.569749,3.569862,3.569117,0.000113000000000252,3.5613,0.0285113250732421
"2026-05-22T01:29:44.357Z","run_bootstrap",165,"http://client1:8000","run","http://client1:8000/run",1,TRUE,200,1107,252,3.6016993522644,"2026-05-22T01:29:40.750411Z","2026-05-22T01:29:44.352110Z",1779413380.75041,1779413384.35211,0.000595,0.000677,0.000712,3.583046,3.583153,3.582334,0.000106999999999857,3.576,0.0256993522644042
"2026-05-22T01:29:44.357Z","run_bootstrap",165,"http://client2:8000","run","http://client2:8000/run",1,TRUE,200,1107,249,3.56571364402771,"2026-05-22T01:29:40.750925Z","2026-05-22T01:29:44.316638Z",1779413380.75093,1779413384.31664,0.000418,0.000496,0.000532,3.547239,3.547364,3.546707,0.000125000000000153,3.5403,0.0254136440277102
"2026-05-22T01:29:44.357Z","run_bootstrap",165,"http://client3:8000","run","http://client3:8000/run",1,TRUE,200,1107,251,3.57391309738159,"2026-05-22T01:29:40.751403Z","2026-05-22T01:29:44.325316Z",1779413380.7514,1779413384.32532,0.00038,0.000461,0.000485,3.557001,3.557145,3.556516,0.0001439999999997,3.5493,0.0246130973815917
"2026-05-22T01:29:48.030Z","run_bootstrap",166,"http://client1:8000","run","http://client1:8000/run",1,TRUE,200,1107,253,3.65504431724548,"2026-05-22T01:29:44.369902Z","2026-05-22T01:29:48.024946Z",1779413384.3699,1779413388.02495,0.000646,0.000755,0.000797,3.636854,3.636962,3.636057,0.000107999999999997,3.6295,0.0255443172454832
"2026-05-22T01:29:48.030Z","run_bootstrap",166,"http://client2:8000","run","http://client2:8000/run",1,TRUE,200,1107,249,3.62068176269531,"2026-05-22T01:29:44.370571Z","2026-05-22T01:29:47.991252Z",1779413384.37057,1779413387.99125,0.000524,0.000611,0.000651,3.60248,3.602587,3.601829,0.000107000000000301,3.5957,0.0249817626953126
"2026-05-22T01:29:48.030Z","run_bootstrap",166,"http://client3:8000","run","http://client3:8000/run",1,TRUE,200,1107,250,3.51594948768616,"2026-05-22T01:29:44.371097Z","2026-05-22T01:29:47.887047Z",1779413384.3711,1779413387.88705,0.000528,0.000613,0.00065,3.497956,3.498086,3.497306,0.000129999999999963,3.489,0.0269494876861573
"2026-05-22T01:29:51.731Z","run_bootstrap",167,"http://client1:8000","run","http://client1:8000/run",1,TRUE,200,1109,253,3.68294453620911,"2026-05-22T01:29:48.040540Z","2026-05-22T01:29:51.723484Z",1779413388.04054,1779413391.72348,0.000668,0.00077,0.000805,3.667752,3.66789,3.666947,0.000137999999999749,3.6593,0.0236445362091064
"2026-05-22T01:29:51.731Z","run_bootstrap",167,"http://client2:8000","run","http://client2:8000/run",1,TRUE,200,1109,252,3.56384229660034,"2026-05-22T01:29:48.041905Z","2026-05-22T01:29:51.605747Z",1779413388.04191,1779413391.60575,0.000359,0.00042,0.000445,3.550407,3.550515,3.549962,0.000107999999999997,3.5437,0.0201422966003419
"2026-05-22T01:29:51.731Z","run_bootstrap",167,"http://client3:8000","run","http://client3:8000/run",1,TRUE,200,1109,252,3.60328888893127,"2026-05-22T01:29:48.042960Z","2026-05-22T01:29:51.646249Z",1779413388.04296,1779413391.64625,0.000407,0.000484,0.000514,3.589932,3.590065,3.589418,0.000132999999999939,3.5808,0.0224888889312744
"2026-05-22T01:29:55.419Z","run_bootstrap",168,"http://client1:8000","run","http://client1:8000/run",1,TRUE,200,1109,252,3.64498043060303,"2026-05-22T01:29:51.745441Z","2026-05-22T01:29:55.390421Z",1779413391.74544,1779413395.39042,0.000406,0.000517,0.000552,3.622734,3.622766,3.622182,3.2000000000032e-05,3.615,0.0299804306030271
"2026-05-22T01:29:55.419Z","run_bootstrap",168,"http://client2:8000","run","http://client2:8000/run",1,TRUE,200,1109,252,3.66723132133484,"2026-05-22T01:29:51.746001Z","2026-05-22T01:29:55.413233Z",1779413391.746,1779413395.41323,0.000696,0.000809,0.000842,3.645862,3.6459,3.64502,3.79999999999825e-05,3.6381,0.0291313213348388
"2026-05-22T01:29:55.419Z","run_bootstrap",168,"http://client3:8000","run","http://client3:8000/run",1,TRUE,200,1109,252,3.4475302696228,"2026-05-22T01:29:51.746604Z","2026-05-22T01:29:55.194134Z",1779413391.7466,1779413395.19413,0.000517,0.000628,0.000663,3.422865,3.422927,3.422202,6.20000000002285e-05,3.4153,0.032230269622803
"2026-05-22T01:29:59.107Z","run_bootstrap",169,"http://client1:8000","run","http://client1:8000/run",1,TRUE,200,1109,252,3.66409778594971,"2026-05-22T01:29:55.433821Z","2026-05-22T01:29:59.097919Z",1779413395.43382,1779413399.09792,0.00069,0.000805,0.00084,3.648633,3.64877,3.647793,0.000137000000000054,3.6384,0.0256977859497072
"2026-05-22T01:29:59.107Z","run_bootstrap",169,"http://client2:8000","run","http://client2:8000/run",1,TRUE,200,1109,250,3.6670401096344,"2026-05-22T01:29:55.434428Z","2026-05-22T01:29:59.101468Z",1779413395.43443,1779413399.10147,0.000512,0.000597,0.000628,3.649066,3.6492,3.648438,0.000134000000000079,3.641,0.0260401096343994
"2026-05-22T01:29:59.107Z","run_bootstrap",169,"http://client3:8000","run","http://client3:8000/run",1,TRUE,200,1109,253,3.64274191856384,"2026-05-22T01:29:55.435030Z","2026-05-22T01:29:59.077772Z",1779413395.43503,1779413399.07777,0.000552,0.000641,0.000674,3.625582,3.625736,3.624908,0.000153999999999765,3.6172,0.0255419185638428
"2026-05-22T01:30:02.975Z","run_bootstrap",170,"http://client1:8000","run","http://client1:8000/run",1,TRUE,200,1109,252,3.84791898727417,"2026-05-22T01:29:59.123161Z","2026-05-22T01:30:02.971080Z",1779413399.12316,1779413402.97108,0.000455,0.000533,0.000557,3.833774,3.834011,3.833217,0.000236999999999821,3.8266,0.0213189872741699
"2026-05-22T01:30:02.975Z","run_bootstrap",170,"http://client2:8000","run","http://client2:8000/run",1,TRUE,200,1109,251,3.52440166473389,"2026-05-22T01:29:59.123481Z","2026-05-22T01:30:02.647883Z",1779413399.12348,1779413402.64788,0.000547,0.000632,0.000663,3.510792,3.51092,3.510129,0.000128000000000128,3.5039,0.0205016647338869
"2026-05-22T01:30:02.975Z","run_bootstrap",170,"http://client3:8000","run","http://client3:8000/run",1,TRUE,200,1109,253,3.36347007751465,"2026-05-22T01:29:59.123959Z","2026-05-22T01:30:02.487429Z",1779413399.12396,1779413402.48743,0.000576,0.000657,0.000687,3.343424,3.343533,3.342737,0.000108999999999693,3.3343,0.0291700775146486
"2026-05-22T01:30:06.710Z","run_bootstrap",171,"http://client1:8000","run","http://client1:8000/run",1,TRUE,200,1108,254,3.71931290626526,"2026-05-22T01:30:02.986259Z","2026-05-22T01:30:06.705572Z",1779413402.98626,1779413406.70557,0.000522,0.000624,0.000657,3.704821,3.704933,3.704164,0.000112000000000112,3.6972,0.0221129062652587
"2026-05-22T01:30:06.710Z","run_bootstrap",171,"http://client2:8000","run","http://client2:8000/run",1,TRUE,200,1108,252,3.56437253952026,"2026-05-22T01:30:02.988381Z","2026-05-22T01:30:06.552753Z",1779413402.98838,1779413406.55275,0.000345,0.000414,0.000444,3.542603,3.542765,3.542159,0.000161999999999995,3.5346,0.0297725395202635
"2026-05-22T01:30:06.710Z","run_bootstrap",171,"http://client3:8000","run","http://client3:8000/run",1,TRUE,200,1108,253,3.65195488929749,"2026-05-22T01:30:02.988585Z","2026-05-22T01:30:06.640540Z",1779413402.98859,1779413406.64054,0.000611,0.000699,0.000732,3.634425,3.634539,3.633693,0.000114000000000392,3.6257,0.0262548892974852
"2026-05-22T01:30:10.396Z","run_bootstrap",172,"http://client1:8000","run","http://client1:8000/run",1,TRUE,200,1108,254,3.66663861274719,"2026-05-22T01:30:06.722169Z","2026-05-22T01:30:10.388807Z",1779413406.72217,1779413410.38881,0.000513,0.000562,0.00058,3.652688,3.652819,3.652108,0.000131000000000103,3.6456,0.0210386127471924
"2026-05-22T01:30:10.396Z","run_bootstrap",172,"http://client2:8000","run","http://client2:8000/run",1,TRUE,200,1108,252,3.50672507286072,"2026-05-22T01:30:06.721853Z","2026-05-22T01:30:10.228578Z",1779413406.72185,1779413410.22858,0.00035,0.000432,0.000455,3.492503,3.492604,3.492048,0.000100999999999907,3.4844,0.0223250728607178
"2026-05-22T01:30:10.396Z","run_bootstrap",172,"http://client3:8000","run","http://client3:8000/run",1,TRUE,200,1108,253,3.6030375957489,"2026-05-22T01:30:06.723515Z","2026-05-22T01:30:10.326553Z",1779413406.72352,1779413410.32655,0.000512,0.000593,0.000626,3.584204,3.584328,3.583578,0.000124000000000013,3.5771,0.0259375957489012
"2026-05-22T01:30:14.117Z","run_bootstrap",173,"http://client1:8000","run","http://client1:8000/run",1,TRUE,200,1109,253,3.67463970184326,"2026-05-22T01:30:10.410622Z","2026-05-22T01:30:14.085262Z",1779413410.41062,1779413414.08526,0.000707,0.000817,0.000853,3.659591,3.659842,3.658738,0.000251000000000001,3.6521,0.0225397018432618
"2026-05-22T01:30:14.117Z","run_bootstrap",173,"http://client2:8000","run","http://client2:8000/run",1,TRUE,200,1109,251,3.69022798538208,"2026-05-22T01:30:10.411707Z","2026-05-22T01:30:14.101935Z",1779413410.41171,1779413414.10194,0.000517,6e-04,0.000631,3.672769,3.67293,3.672138,0.000160999999999856,3.665,0.02522798538208
"2026-05-22T01:30:14.117Z","run_bootstrap",173,"http://client3:8000","run","http://client3:8000/run",1,TRUE,200,1109,253,3.51584553718567,"2026-05-22T01:30:10.412087Z","2026-05-22T01:30:13.927932Z",1779413410.41209,1779413413.92793,0.000518,0.000699,0.000744,3.493879,3.493992,3.493135,0.000112999999999808,3.4868,0.0290455371856688
"2026-05-22T01:30:17.960Z","run_bootstrap",174,"http://client1:8000","run","http://client1:8000/run",1,TRUE,200,1109,253,3.62833285331726,"2026-05-22T01:30:14.135393Z","2026-05-22T01:30:17.763726Z",1779413414.13539,1779413417.76373,0.000723,0.000831,0.000865,3.614357,3.614466,3.613492,0.000109000000000137,3.6024,0.0259328533172609
"2026-05-22T01:30:17.960Z","run_bootstrap",174,"http://client2:8000","run","http://client2:8000/run",1,TRUE,200,1109,252,3.56314468383789,"2026-05-22T01:30:14.137559Z","2026-05-22T01:30:17.700703Z",1779413414.13756,1779413417.7007,0.000769,0.000841,0.000863,3.549675,3.549834,3.548812,0.00015900000000002,3.5407,0.0224446838378904
"2026-05-22T01:30:17.960Z","run_bootstrap",174,"http://client3:8000","run","http://client3:8000/run",1,TRUE,200,1109,253,3.81512951850891,"2026-05-22T01:30:14.137409Z","2026-05-22T01:30:17.952538Z",1779413414.13741,1779413417.95254,0.000711,0.000802,0.000824,3.801268,3.801407,3.800444,0.000139000000000333,3.7921,0.0230295185089111
"2026-05-22T01:30:21.788Z","run_bootstrap",175,"http://client1:8000","run","http://client1:8000/run",1,TRUE,200,1108,253,3.81171441078186,"2026-05-22T01:30:17.972191Z","2026-05-22T01:30:21.783905Z",1779413417.97219,1779413421.78391,0.000627,0.000695,0.000718,3.798339,3.798477,3.797621,0.000138000000000194,3.7898,0.0219144107818603
"2026-05-22T01:30:21.788Z","run_bootstrap",175,"http://client2:8000","run","http://client2:8000/run",1,TRUE,200,1108,250,3.66169261932373,"2026-05-22T01:30:17.972738Z","2026-05-22T01:30:21.634431Z",1779413417.97274,1779413421.63443,0.000615,0.000694,0.000716,3.648821,3.648952,3.648105,0.000131000000000103,3.6411,0.0205926193237307
"2026-05-22T01:30:21.788Z","run_bootstrap",175,"http://client3:8000","run","http://client3:8000/run",1,TRUE,200,1108,247,3.57446479797363,"2026-05-22T01:30:17.971969Z","2026-05-22T01:30:21.546434Z",1779413417.97197,1779413421.54643,0.000791,0.000858,0.00088,3.560682,3.560816,3.559802,0.000134000000000079,3.553,0.0214647979736329
"2026-05-22T01:30:25.648Z","run_bootstrap",176,"http://client1:8000","run","http://client1:8000/run",1,TRUE,200,1108,253,3.84281039237976,"2026-05-22T01:30:21.801280Z","2026-05-22T01:30:25.644091Z",1779413421.80128,1779413425.64409,0.000612,0.000696,0.000733,3.825134,3.825284,3.824401,0.000150000000000095,3.8031,0.0397103923797606
"2026-05-22T01:30:25.648Z","run_bootstrap",176,"http://client2:8000","run","http://client2:8000/run",1,TRUE,200,1108,250,3.84223937988281,"2026-05-22T01:30:21.802043Z","2026-05-22T01:30:25.644282Z",1779413421.80204,1779413425.64428,0.000588,0.000681,0.000731,3.825547,3.825656,3.824816,0.000109000000000137,3.8156,0.0266393798828126
"2026-05-22T01:30:25.648Z","run_bootstrap",176,"http://client3:8000","run","http://client3:8000/run",1,TRUE,200,1108,248,3.72913074493408,"2026-05-22T01:30:21.802686Z","2026-05-22T01:30:25.531817Z",1779413421.80269,1779413425.53182,0.000584,0.000663,0.000687,3.712974,3.713096,3.712287,0.000122000000000178,3.7059,0.0232307449340818
"2026-05-22T01:30:29.445Z","run_bootstrap",177,"http://client1:8000","run","http://client1:8000/run",1,TRUE,200,1109,254,3.77665781974792,"2026-05-22T01:30:25.660800Z","2026-05-22T01:30:29.437458Z",1779413425.6608,1779413429.43746,0.000859,0.000974,0.001009,3.759322,3.759475,3.758313,0.00015300000000007,3.7497,0.026957819747925
"2026-05-22T01:30:29.445Z","run_bootstrap",177,"http://client2:8000","run","http://client2:8000/run",1,TRUE,200,1109,251,3.73976588249207,"2026-05-22T01:30:25.661164Z","2026-05-22T01:30:29.400929Z",1779413425.66116,1779413429.40093,0.000608,0.000713,0.000751,3.721504,3.721658,3.720753,0.00015400000000021,3.7135,0.0262658824920656
"2026-05-22T01:30:29.445Z","run_bootstrap",177,"http://client3:8000","run","http://client3:8000/run",1,TRUE,200,1109,250,3.66464996337891,"2026-05-22T01:30:25.661706Z","2026-05-22T01:30:29.326356Z",1779413425.66171,1779413429.32636,0.00058,7e-04,0.000738,3.646867,3.647013,3.646129,0.000145999999999979,3.639,0.0256499633789065
"2026-05-22T01:30:33.339Z","run_bootstrap",178,"http://client1:8000","run","http://client1:8000/run",1,TRUE,200,1109,254,3.70716714859009,"2026-05-22T01:30:29.460751Z","2026-05-22T01:30:33.167918Z",1779413429.46075,1779413433.16792,0.00081,0.000898,0.00092,3.690839,3.690983,3.689919,0.000144000000000144,3.6831,0.0240671485900879
"2026-05-22T01:30:33.339Z","run_bootstrap",178,"http://client2:8000","run","http://client2:8000/run",1,TRUE,200,1109,250,3.81911182403564,"2026-05-22T01:30:29.464200Z","2026-05-22T01:30:33.283312Z",1779413429.4642,1779413433.28331,0.000458,0.000533,0.000564,3.805322,3.805476,3.804758,0.00015400000000021,3.798,0.0211118240356445
"2026-05-22T01:30:33.339Z","run_bootstrap",178,"http://client3:8000","run","http://client3:8000/run",1,TRUE,200,1109,251,3.87089395523071,"2026-05-22T01:30:29.463325Z","2026-05-22T01:30:33.334219Z",1779413429.46333,1779413433.33422,0.000532,0.000605,0.000636,3.856012,3.856151,3.855376,0.000138999999999889,3.8483,0.0225939552307128
"2026-05-22T01:30:37.181Z","run_bootstrap",179,"http://client1:8000","run","http://client1:8000/run",1,TRUE,200,1109,252,3.82410860061646,"2026-05-22T01:30:33.350448Z","2026-05-22T01:30:37.174556Z",1779413433.35045,1779413437.17456,0.000483,0.00059,0.000636,3.805212,3.805264,3.804576,5.2000000000163e-05,3.7976,0.026508600616455
"2026-05-22T01:30:37.181Z","run_bootstrap",179,"http://client2:8000","run","http://client2:8000/run",1,TRUE,200,1109,251,3.63757109642029,"2026-05-22T01:30:33.351248Z","2026-05-22T01:30:36.988819Z",1779413433.35125,1779413436.98882,0.000524,0.000602,0.000638,3.619041,3.619088,3.618403,4.69999999999082e-05,3.6113,0.0262710964202881
"2026-05-22T01:30:37.181Z","run_bootstrap",179,"http://client3:8000","run","http://client3:8000/run",1,TRUE,200,1109,248,3.76488089561462,"2026-05-22T01:30:33.352811Z","2026-05-22T01:30:37.117692Z",1779413433.35281,1779413437.11769,0.000531,0.000618,0.000657,3.748867,3.748908,3.74821,4.09999999999577e-05,3.7411,0.0237808956146242
"2026-05-22T01:30:41.355Z","run_bootstrap",180,"http://client1:8000","run","http://client1:8000/run",1,TRUE,200,1109,252,4.01283884048462,"2026-05-22T01:30:37.196580Z","2026-05-22T01:30:41.209419Z",1779413437.19658,1779413441.20942,0.000709,0.00084,0.000875,3.999376,3.999493,3.998501,0.000117000000000367,3.8373,0.175538840484619
"2026-05-22T01:30:41.355Z","run_bootstrap",180,"http://client2:8000","run","http://client2:8000/run",1,TRUE,200,1109,251,4.05802845954895,"2026-05-22T01:30:37.198228Z","2026-05-22T01:30:41.256257Z",1779413437.19823,1779413441.25626,0.000683,0.000791,0.000827,4.045026,4.045139,4.044199,0.000112999999999808,3.8815,0.17652845954895
"2026-05-22T01:30:41.355Z","run_bootstrap",180,"http://client3:8000","run","http://client3:8000/run",1,TRUE,200,1109,248,4.15240883827209,"2026-05-22T01:30:37.198425Z","2026-05-22T01:30:41.350834Z",1779413437.19843,1779413441.35083,0.000704,0.000784,0.00082,4.139532,4.139726,4.138712,0.000193999999999583,3.9757,0.176708838272095
"2026-05-22T01:30:44.998Z","run_bootstrap",181,"http://client1:8000","run","http://client1:8000/run",1,TRUE,200,1109,254,3.62583923339844,"2026-05-22T01:30:41.367074Z","2026-05-22T01:30:44.992914Z",1779413441.36707,1779413444.99291,0.000738,0.000857,0.000893,3.610646,3.610776,3.609753,0.000129999999999963,3.6037,0.0221392333984376
"2026-05-22T01:30:44.998Z","run_bootstrap",181,"http://client2:8000","run","http://client2:8000/run",1,TRUE,200,1109,252,3.40539884567261,"2026-05-22T01:30:41.367338Z","2026-05-22T01:30:44.772737Z",1779413441.36734,1779413444.77274,0.000652,0.000762,0.000797,3.384215,3.384347,3.383418,0.000131999999999799,3.3777,0.0276988456726075
"2026-05-22T01:30:44.998Z","run_bootstrap",181,"http://client3:8000","run","http://client3:8000/run",1,TRUE,200,1109,252,3.43228530883789,"2026-05-22T01:30:41.367848Z","2026-05-22T01:30:44.800133Z",1779413441.36785,1779413444.80013,0.000603,0.000687,0.000717,3.414958,3.415093,3.414241,0.000135000000000218,3.4084,0.0238853088378908
"2026-05-22T01:30:48.591Z","run_bootstrap",182,"http://client1:8000","run","http://client1:8000/run",1,TRUE,200,1109,254,3.57495999336243,"2026-05-22T01:30:45.010778Z","2026-05-22T01:30:48.585738Z",1779413445.01078,1779413448.58574,0.000731,0.000834,0.000865,3.560493,3.560635,3.559628,0.000141999999999864,3.5532,0.0217599933624268
"2026-05-22T01:30:48.591Z","run_bootstrap",182,"http://client2:8000","run","http://client2:8000/run",1,TRUE,200,1109,251,3.32765340805054,"2026-05-22T01:30:45.010386Z","2026-05-22T01:30:48.338039Z",1779413445.01039,1779413448.33804,0.000748,0.000824,0.000849,3.313002,3.313054,3.312153,5.2000000000163e-05,3.306,0.0216534080505371
"2026-05-22T01:30:48.591Z","run_bootstrap",182,"http://client3:8000","run","http://client3:8000/run",1,TRUE,200,1109,252,3.53032469749451,"2026-05-22T01:30:45.011840Z","2026-05-22T01:30:48.542165Z",1779413445.01184,1779413448.54217,0.000468,0.000518,0.000536,3.516255,3.516399,3.515719,0.0001439999999997,3.5096,0.020724697494507
"2026-05-22T01:30:52.385Z","run_bootstrap",183,"http://client1:8000","run","http://client1:8000/run",1,TRUE,200,1108,259,3.52890658378601,"2026-05-22T01:30:48.652768Z","2026-05-22T01:30:52.181675Z",1779413448.65277,1779413452.18168,0.000832,0.000953,0.001,3.51535,3.515489,3.51435,0.000138999999999889,3.5055,0.0234065837860107
"2026-05-22T01:30:52.385Z","run_bootstrap",183,"http://client2:8000","run","http://client2:8000/run",1,TRUE,200,1108,256,3.47318148612976,"2026-05-22T01:30:48.653605Z","2026-05-22T01:30:52.126787Z",1779413448.65361,1779413452.12679,0.000589,0.000687,0.000728,3.460101,3.460239,3.459373,0.000138000000000194,3.4523,0.0208814861297606
"2026-05-22T01:30:52.385Z","run_bootstrap",183,"http://client3:8000","run","http://client3:8000/run",1,TRUE,200,1108,251,3.72359418869019,"2026-05-22T01:30:48.654581Z","2026-05-22T01:30:52.378175Z",1779413448.65458,1779413452.37818,0.00056,0.000641,0.000685,3.711505,3.711652,3.71082,0.000147000000000119,3.7038,0.0197941886901853
"2026-05-22T01:30:56.137Z","run_bootstrap",184,"http://client1:8000","run","http://client1:8000/run",1,TRUE,200,1108,259,3.53574848175049,"2026-05-22T01:30:52.403966Z","2026-05-22T01:30:55.939715Z",1779413452.40397,1779413455.93972,0.000583,0.000661,0.000683,3.518934,3.519067,3.518251,0.000133000000000383,3.5116,0.0241484817504882
"2026-05-22T01:30:56.137Z","run_bootstrap",184,"http://client2:8000","run","http://client2:8000/run",1,TRUE,200,1108,256,3.7280867099762,"2026-05-22T01:30:52.404544Z","2026-05-22T01:30:56.132631Z",1779413452.40454,1779413456.13263,0.000627,0.000682,7e-04,3.712135,3.712276,3.711435,0.000141000000000169,3.6962,0.0318867099761961
"2026-05-22T01:30:56.137Z","run_bootstrap",184,"http://client3:8000","run","http://client3:8000/run",1,TRUE,200,1108,251,3.52458310127258,"2026-05-22T01:30:52.405275Z","2026-05-22T01:30:55.929858Z",1779413452.40528,1779413455.92986,0.000592,0.000677,0.000706,3.508622,3.508766,3.507916,0.000144000000000144,3.4904,0.0341831012725828
"2026-05-22T01:30:59.911Z","run_bootstrap",185,"http://client1:8000","run","http://client1:8000/run",1,TRUE,200,1110,255,3.75880932807922,"2026-05-22T01:30:56.147962Z","2026-05-22T01:30:59.906772Z",1779413456.14796,1779413459.90677,0.000728,0.000835,0.00087,3.744985,3.74512,3.744115,0.000135000000000218,3.7372,0.0216093280792236
"2026-05-22T01:30:59.911Z","run_bootstrap",185,"http://client2:8000","run","http://client2:8000/run",1,TRUE,200,1110,256,3.50477147102356,"2026-05-22T01:30:56.149467Z","2026-05-22T01:30:59.654238Z",1779413456.14947,1779413459.65424,0.000785,0.000883,0.000916,3.488691,3.488836,3.487775,0.00014499999999984,3.4812,0.0235714710235597
"2026-05-22T01:30:59.911Z","run_bootstrap",185,"http://client3:8000","run","http://client3:8000/run",1,TRUE,200,1110,254,3.430819272995,"2026-05-22T01:30:56.149808Z","2026-05-22T01:30:59.580627Z",1779413456.14981,1779413459.58063,0.000618,0.000734,0.00077,3.415178,3.41532,3.414408,0.000141999999999864,3.4081,0.022719272994995
"2026-05-22T01:31:03.668Z","run_bootstrap",186,"http://client1:8000","run","http://client1:8000/run",1,TRUE,200,1110,254,3.58346796035767,"2026-05-22T01:30:59.924201Z","2026-05-22T01:31:03.507668Z",1779413459.9242,1779413463.50767,0.000558,0.000674,0.00071,3.561999,3.562162,3.561289,0.000162999999999691,3.554,0.0294679603576662
"2026-05-22T01:31:03.668Z","run_bootstrap",186,"http://client2:8000","run","http://client2:8000/run",1,TRUE,200,1110,256,3.73654103279114,"2026-05-22T01:30:59.924801Z","2026-05-22T01:31:03.661342Z",1779413459.9248,1779413463.66134,0.000628,0.000739,0.000775,3.716725,3.716847,3.71595,0.000122000000000178,3.7098,0.0267410327911377
"2026-05-22T01:31:03.668Z","run_bootstrap",186,"http://client3:8000","run","http://client3:8000/run",1,TRUE,200,1110,254,3.48344111442566,"2026-05-22T01:30:59.925288Z","2026-05-22T01:31:03.408729Z",1779413459.92529,1779413463.40873,0.000631,0.00074,0.000775,3.467438,3.467698,3.466663,0.000259999999999927,3.4595,0.0239411144256594
"2026-05-22T01:31:07.315Z","run_bootstrap",187,"http://client1:8000","run","http://client1:8000/run",1,TRUE,200,1109,256,3.52856826782227,"2026-05-22T01:31:03.685976Z","2026-05-22T01:31:07.214544Z",1779413463.68598,1779413467.21454,0.000605,0.000714,0.000753,3.505264,3.50542,3.504511,0.000156000000000045,3.4979,0.0306682678222656
"2026-05-22T01:31:07.315Z","run_bootstrap",187,"http://client2:8000","run","http://client2:8000/run",1,TRUE,200,1109,256,3.62352848052979,"2026-05-22T01:31:03.686719Z","2026-05-22T01:31:07.310248Z",1779413463.68672,1779413467.31025,0.000604,0.000713,0.000752,3.601003,3.601094,3.600251,9.09999999998412e-05,3.5935,0.030028480529785
"2026-05-22T01:31:07.315Z","run_bootstrap",187,"http://client3:8000","run","http://client3:8000/run",1,TRUE,200,1109,253,3.58105134963989,"2026-05-22T01:31:03.687425Z","2026-05-22T01:31:07.268476Z",1779413463.68743,1779413467.26848,0.000674,0.00078,0.000819,3.559296,3.559431,3.558477,0.000135000000000218,3.5523,0.0287513496398928
"2026-05-22T01:31:11.162Z","run_bootstrap",188,"http://client1:8000","run","http://client1:8000/run",1,TRUE,200,1109,256,3.57069802284241,"2026-05-22T01:31:07.328982Z","2026-05-22T01:31:10.899680Z",1779413467.32898,1779413470.89968,0.000627,0.00073,0.000775,3.549336,3.549367,3.548561,3.10000000003363e-05,3.5417,0.0289980228424072
"2026-05-22T01:31:11.162Z","run_bootstrap",188,"http://client2:8000","run","http://client2:8000/run",1,TRUE,200,1109,256,3.82922339439392,"2026-05-22T01:31:07.329553Z","2026-05-22T01:31:11.158776Z",1779413467.32955,1779413471.15878,0.000691,0.000802,0.001039,3.806893,3.807015,3.805854,0.000121999999999733,3.7996,0.029623394393921
"2026-05-22T01:31:11.162Z","run_bootstrap",188,"http://client3:8000","run","http://client3:8000/run",1,TRUE,200,1109,252,3.56718134880066,"2026-05-22T01:31:07.330169Z","2026-05-22T01:31:10.897351Z",1779413467.33017,1779413470.89735,0.000565,0.000658,0.000696,3.544014,3.544065,3.543318,5.09999999995792e-05,3.537,0.0301813488006593
"2026-05-22T01:31:14.886Z","run_bootstrap",189,"http://client1:8000","run","http://client1:8000/run",1,TRUE,200,1109,257,3.64046430587769,"2026-05-22T01:31:11.177185Z","2026-05-22T01:31:14.817650Z",1779413471.17719,1779413474.81765,0.000697,0.000785,0.000823,3.627769,3.627898,3.626946,0.000129000000000268,3.6203,0.0201643058776857
"2026-05-22T01:31:14.886Z","run_bootstrap",189,"http://client2:8000","run","http://client2:8000/run",1,TRUE,200,1109,256,3.70400619506836,"2026-05-22T01:31:11.177921Z","2026-05-22T01:31:14.881927Z",1779413471.17792,1779413474.88193,0.000526,0.00061,0.000646,3.687324,3.687463,3.686678,0.000139000000000333,3.6802,0.0238061950683592
"2026-05-22T01:31:14.886Z","run_bootstrap",189,"http://client3:8000","run","http://client3:8000/run",1,TRUE,200,1109,254,3.57873678207397,"2026-05-22T01:31:11.177208Z","2026-05-22T01:31:14.755945Z",1779413471.17721,1779413474.75595,0.000578,0.000662,0.000688,3.565401,3.565506,3.564713,0.000105000000000022,3.5581,0.0206367820739746
"2026-05-22T01:31:18.856Z","run_bootstrap",190,"http://client1:8000","run","http://client1:8000/run",1,TRUE,200,1109,256,3.7841637134552,"2026-05-22T01:31:14.899035Z","2026-05-22T01:31:18.683198Z",1779413474.89904,1779413478.6832,0.000713,0.00083,0.000866,3.767345,3.767475,3.766479,0.000129999999999963,3.759,0.0251637134552003
"2026-05-22T01:31:18.856Z","run_bootstrap",190,"http://client2:8000","run","http://client2:8000/run",1,TRUE,200,1109,256,3.74997997283936,"2026-05-22T01:31:14.898573Z","2026-05-22T01:31:18.648553Z",1779413474.89857,1779413478.64855,0.000644,0.000753,0.000789,3.735758,3.735906,3.734969,0.000147999999999815,3.7276,0.0223799728393557
"2026-05-22T01:31:18.856Z","run_bootstrap",190,"http://client3:8000","run","http://client3:8000/run",1,TRUE,200,1109,254,3.94903898239136,"2026-05-22T01:31:14.900198Z","2026-05-22T01:31:18.849237Z",1779413474.9002,1779413478.84924,0.000572,0.000681,0.000717,3.934528,3.934701,3.933811,0.000173000000000201,3.9264,0.0226389823913573
"2026-05-22T01:31:22.573Z","run_bootstrap",191,"http://client1:8000","run","http://client1:8000/run",1,TRUE,200,1110,256,3.62955284118652,"2026-05-22T01:31:18.868543Z","2026-05-22T01:31:22.498096Z",1779413478.86854,1779413482.4981,0.000623,0.000717,0.000751,3.609009,3.609157,3.608258,0.000148000000000259,3.6015,0.0280528411865233
"2026-05-22T01:31:22.573Z","run_bootstrap",191,"http://client2:8000","run","http://client2:8000/run",1,TRUE,200,1110,256,3.65041661262512,"2026-05-22T01:31:18.869243Z","2026-05-22T01:31:22.519660Z",1779413478.86924,1779413482.51966,0.000458,0.000543,0.000575,3.630394,3.630529,3.629819,0.000135000000000218,3.6225,0.027916612625122
"2026-05-22T01:31:22.573Z","run_bootstrap",191,"http://client3:8000","run","http://client3:8000/run",1,TRUE,200,1110,254,3.69893479347229,"2026-05-22T01:31:18.868355Z","2026-05-22T01:31:22.567289Z",1779413478.86836,1779413482.56729,0.000626,0.000732,0.00077,3.685203,3.685341,3.684433,0.000138000000000194,3.6773,0.0216347934722902
"2026-05-22T01:31:26.342Z","run_bootstrap",192,"http://client1:8000","run","http://client1:8000/run",1,TRUE,200,1110,256,3.63500356674194,"2026-05-22T01:31:22.585694Z","2026-05-22T01:31:26.220698Z",1779413482.58569,1779413486.2207,0.000529,0.000642,0.000682,3.620055,3.620195,3.619373,0.000140000000000029,3.6061,0.0289035667419433
"2026-05-22T01:31:26.342Z","run_bootstrap",192,"http://client2:8000","run","http://client2:8000/run",1,TRUE,200,1110,256,3.73604297637939,"2026-05-22T01:31:22.586073Z","2026-05-22T01:31:26.322116Z",1779413482.58607,1779413486.32212,0.000698,0.00081,0.000846,3.721839,3.721988,3.720993,0.000148999999999955,3.7136,0.0224429763793945
"2026-05-22T01:31:26.342Z","run_bootstrap",192,"http://client3:8000","run","http://client3:8000/run",1,TRUE,200,1110,254,3.74982643127441,"2026-05-22T01:31:22.586978Z","2026-05-22T01:31:26.336804Z",1779413482.58698,1779413486.3368,0.000523,0.000639,0.000676,3.735792,3.735927,3.735116,0.000135000000000218,3.7274,0.0224264312744142
"2026-05-22T01:31:30.268Z","run_bootstrap",193,"http://client1:8000","run","http://client1:8000/run",1,TRUE,200,1110,257,3.7305326461792,"2026-05-22T01:31:26.355000Z","2026-05-22T01:31:30.085532Z",1779413486.355,1779413490.08553,0.000665,0.000782,0.000819,3.713298,3.713436,3.712479,0.000138000000000194,3.7054,0.0251326461791992
"2026-05-22T01:31:30.268Z","run_bootstrap",193,"http://client2:8000","run","http://client2:8000/run",1,TRUE,200,1110,254,3.63256692886353,"2026-05-22T01:31:26.355469Z","2026-05-22T01:31:29.988036Z",1779413486.35547,1779413489.98804,0.000695,0.000801,0.000839,3.617379,3.617515,3.61654,0.000135999999999914,3.6097,0.0228669288635253
"2026-05-22T01:31:30.268Z","run_bootstrap",193,"http://client3:8000","run","http://client3:8000/run",1,TRUE,200,1110,251,3.90703845024109,"2026-05-22T01:31:26.355989Z","2026-05-22T01:31:30.263027Z",1779413486.35599,1779413490.26303,0.00052,0.000665,0.000708,3.889777,3.88992,3.889069,0.000143000000000004,3.8821,0.024938450241089
"2026-05-22T01:31:34.195Z","run_bootstrap",194,"http://client1:8000","run","http://client1:8000/run",1,TRUE,200,1110,257,3.64639163017273,"2026-05-22T01:31:30.288421Z","2026-05-22T01:31:33.934813Z",1779413490.28842,1779413493.93481,0.000661,0.000765,0.000799,3.633839,3.633934,3.63304,9.49999999999562e-05,3.6257,0.0206916301727293
"2026-05-22T01:31:34.195Z","run_bootstrap",194,"http://client2:8000","run","http://client2:8000/run",1,TRUE,200,1110,254,3.89873814582825,"2026-05-22T01:31:30.289556Z","2026-05-22T01:31:34.188294Z",1779413490.28956,1779413494.18829,0.000539,0.000632,0.000666,3.885739,3.885828,3.885073,8.90000000000057e-05,3.8786,0.020138145828247
"2026-05-22T01:31:34.195Z","run_bootstrap",194,"http://client3:8000","run","http://client3:8000/run",1,TRUE,200,1110,251,3.58323526382446,"2026-05-22T01:31:30.289566Z","2026-05-22T01:31:33.872802Z",1779413490.28957,1779413493.8728,0.000543,0.000622,0.000645,3.570096,3.570221,3.569451,0.000125000000000153,3.5625,0.0207352638244629
"2026-05-22T01:31:38.095Z","run_bootstrap",195,"http://client1:8000","run","http://client1:8000/run",1,TRUE,200,1107,256,3.62201881408691,"2026-05-22T01:31:34.208978Z","2026-05-22T01:31:37.830997Z",1779413494.20898,1779413497.831,0.000694,0.000802,0.000838,3.607948,3.608101,3.60711,0.00015300000000007,3.6004,0.021618814086914
"2026-05-22T01:31:38.095Z","run_bootstrap",195,"http://client2:8000","run","http://client2:8000/run",1,TRUE,200,1107,255,3.87887907028198,"2026-05-22T01:31:34.210582Z","2026-05-22T01:31:38.089462Z",1779413494.21058,1779413498.08946,0.000538,0.000623,0.000661,3.859628,3.85978,3.858967,0.000152000000000374,3.8526,0.0262790702819826
"2026-05-22T01:31:38.095Z","run_bootstrap",195,"http://client3:8000","run","http://client3:8000/run",1,TRUE,200,1107,252,3.87677717208862,"2026-05-22T01:31:34.209820Z","2026-05-22T01:31:38.086598Z",1779413494.20982,1779413498.0866,0.000535,0.000619,0.000651,3.86354,3.86369,3.862889,0.000150000000000095,3.8562,0.0205771720886232
"2026-05-22T01:31:41.890Z","run_bootstrap",196,"http://client1:8000","run","http://client1:8000/run",1,TRUE,200,1107,256,3.77948713302612,"2026-05-22T01:31:38.106611Z","2026-05-22T01:31:41.886098Z",1779413498.10661,1779413501.8861,0.000686,0.00081,0.000845,3.765491,3.765605,3.764646,0.000113999999999947,3.7577,0.0217871330261232
"2026-05-22T01:31:41.890Z","run_bootstrap",196,"http://client2:8000","run","http://client2:8000/run",1,TRUE,200,1107,255,3.65411972999573,"2026-05-22T01:31:38.108450Z","2026-05-22T01:31:41.762570Z",1779413498.10845,1779413501.76257,0.000814,0.000897,0.00092,3.640446,3.640589,3.639526,0.000143000000000004,3.6329,0.0212197299957277
"2026-05-22T01:31:41.890Z","run_bootstrap",196,"http://client3:8000","run","http://client3:8000/run",1,TRUE,200,1107,252,3.61588668823242,"2026-05-22T01:31:38.108763Z","2026-05-22T01:31:41.724650Z",1779413498.10876,1779413501.72465,0.000518,0.000592,0.000622,3.60165,3.601785,3.601028,0.000135000000000218,3.5944,0.0214866882324221
"2026-05-22T01:31:45.680Z","run_bootstrap",197,"http://client1:8000","run","http://client1:8000/run",1,TRUE,200,1109,257,3.77164077758789,"2026-05-22T01:31:41.901849Z","2026-05-22T01:31:45.673489Z",1779413501.90185,1779413505.67349,0.000479,0.000545,0.000564,3.757556,3.757715,3.756992,0.00015900000000002,3.7488,0.0228407775878905
"2026-05-22T01:31:45.680Z","run_bootstrap",197,"http://client2:8000","run","http://client2:8000/run",1,TRUE,200,1109,252,3.63639307022095,"2026-05-22T01:31:41.902258Z","2026-05-22T01:31:45.538651Z",1779413501.90226,1779413505.53865,0.000632,0.000711,0.000743,3.623028,3.62318,3.622285,0.00015199999999993,3.6138,0.0225930702209474
"2026-05-22T01:31:45.680Z","run_bootstrap",197,"http://client3:8000","run","http://client3:8000/run",1,TRUE,200,1109,253,3.71353006362915,"2026-05-22T01:31:41.902405Z","2026-05-22T01:31:45.615935Z",1779413501.90241,1779413505.61594,0.000401,0.000506,0.000531,3.699907,3.700032,3.699376,0.000125000000000153,3.6919,0.0216300636291504
"2026-05-22T01:31:49.647Z","run_bootstrap",198,"http://client1:8000","run","http://client1:8000/run",1,TRUE,200,1109,257,3.46524906158447,"2026-05-22T01:31:45.693462Z","2026-05-22T01:31:49.158711Z",1779413505.69346,1779413509.15871,0.000531,0.000618,0.000651,3.448387,3.448555,3.447736,0.000167999999999946,3.4344,0.0308490615844725
"2026-05-22T01:31:49.647Z","run_bootstrap",198,"http://client2:8000","run","http://client2:8000/run",1,TRUE,200,1109,252,3.94845581054688,"2026-05-22T01:31:45.693859Z","2026-05-22T01:31:49.642315Z",1779413505.69386,1779413509.64232,0.000571,0.000653,0.000686,3.932331,3.932465,3.931645,0.000134000000000079,3.9196,0.028855810546875
"2026-05-22T01:31:49.647Z","run_bootstrap",198,"http://client3:8000","run","http://client3:8000/run",1,TRUE,200,1109,253,3.72609210014343,"2026-05-22T01:31:45.693472Z","2026-05-22T01:31:49.419564Z",1779413505.69347,1779413509.41956,0.000667,0.000775,0.000812,3.711133,3.711283,3.710321,0.000150000000000095,3.6979,0.0281921001434324
"2026-05-22T01:31:53.686Z","run_bootstrap",199,"http://client1:8000","run","http://client1:8000/run",1,TRUE,200,1110,256,3.82116413116455,"2026-05-22T01:31:49.659262Z","2026-05-22T01:31:53.480426Z",1779413509.65926,1779413513.48043,0.000633,0.000696,0.000718,3.801707,3.801739,3.800989,3.2000000000032e-05,3.7849,0.0362641311645509
"2026-05-22T01:31:53.686Z","run_bootstrap",199,"http://client2:8000","run","http://client2:8000/run",1,TRUE,200,1110,254,3.82485771179199,"2026-05-22T01:31:49.660157Z","2026-05-22T01:31:53.485014Z",1779413509.66016,1779413513.48501,0.000521,0.000595,0.000634,3.803491,3.803518,3.802857,2.69999999997772e-05,3.782,0.0428577117919922
"2026-05-22T01:31:53.686Z","run_bootstrap",199,"http://client3:8000","run","http://client3:8000/run",1,TRUE,200,1110,251,4.02321934700012,"2026-05-22T01:31:49.659249Z","2026-05-22T01:31:53.682468Z",1779413509.65925,1779413513.68247,0.000453,0.000541,0.000579,4.004254,4.004285,4.003675,3.09999999998922e-05,3.9826,0.0406193470001219
"2026-05-22T01:31:57.923Z","run_bootstrap",200,"http://client1:8000","run","http://client1:8000/run",1,TRUE,200,1110,256,4.21581482887268,"2026-05-22T01:31:53.702631Z","2026-05-22T01:31:57.918446Z",1779413513.70263,1779413517.91845,0.000682,0.000787,0.000826,4.197069,4.197207,4.196243,0.000137999999999749,4.0308,0.185014828872681
"2026-05-22T01:31:57.923Z","run_bootstrap",200,"http://client2:8000","run","http://client2:8000/run",1,TRUE,200,1110,254,3.99127602577209,"2026-05-22T01:31:53.703149Z","2026-05-22T01:31:57.694425Z",1779413513.70315,1779413517.69443,0.000604,0.000706,0.000745,3.972067,3.972209,3.971322,0.000141999999999864,3.799,0.192276025772095
"2026-05-22T01:31:57.923Z","run_bootstrap",200,"http://client3:8000","run","http://client3:8000/run",1,TRUE,200,1110,251,3.89527010917664,"2026-05-22T01:31:53.703727Z","2026-05-22T01:31:57.598997Z",1779413513.70373,1779413517.599,0.000691,0.000763,0.000782,3.876624,3.876763,3.875842,0.000138999999999889,3.7138,0.181470109176636
"2026-05-22T01:32:01.481Z","run_bootstrap",201,"http://client1:8000","run","http://client1:8000/run",1,TRUE,200,1110,256,3.51912713050842,"2026-05-22T01:31:57.935287Z","2026-05-22T01:32:01.454414Z",1779413517.93529,1779413521.45441,0.000618,0.000718,0.000761,3.502526,3.502698,3.501765,0.000172000000000061,3.4945,0.0246271305084229
"2026-05-22T01:32:01.481Z","run_bootstrap",201,"http://client2:8000","run","http://client2:8000/run",1,TRUE,200,1110,254,3.41771841049194,"2026-05-22T01:31:57.935910Z","2026-05-22T01:32:01.353629Z",1779413517.93591,1779413521.35363,0.000577,0.000717,0.000756,3.401786,3.401931,3.40103,0.00014499999999984,3.3952,0.0225184104919434
"2026-05-22T01:32:01.481Z","run_bootstrap",201,"http://client3:8000","run","http://client3:8000/run",1,TRUE,200,1110,254,3.5404577255249,"2026-05-22T01:31:57.935740Z","2026-05-22T01:32:01.476198Z",1779413517.93574,1779413521.4762,0.000773,0.00089,0.000924,3.525455,3.52561,3.524531,0.000154999999999905,3.5184,0.0220577255249021
"2026-05-22T01:32:05.229Z","run_bootstrap",202,"http://client1:8000","run","http://client1:8000/run",1,TRUE,200,1110,256,3.46838521957397,"2026-05-22T01:32:01.492630Z","2026-05-22T01:32:04.961016Z",1779413521.49263,1779413524.96102,0.000536,0.000594,0.000615,3.455041,3.455159,3.454426,0.000118000000000062,3.4465,0.0218852195739747
"2026-05-22T01:32:05.229Z","run_bootstrap",202,"http://client2:8000","run","http://client2:8000/run",1,TRUE,200,1110,254,3.73174905776978,"2026-05-22T01:32:01.493164Z","2026-05-22T01:32:05.224913Z",1779413521.49316,1779413525.22491,0.000506,0.000591,0.000618,3.719081,3.719396,3.718463,0.000315000000000065,3.7124,0.0193490577697752
"2026-05-22T01:32:05.229Z","run_bootstrap",202,"http://client3:8000","run","http://client3:8000/run",1,TRUE,200,1110,254,3.55637836456299,"2026-05-22T01:32:01.494883Z","2026-05-22T01:32:05.051262Z",1779413521.49488,1779413525.05126,0.000613,0.000705,0.000763,3.535521,3.535656,3.534758,0.000134999999999774,3.5277,0.0286783645629884
"2026-05-22T01:32:09.019Z","run_bootstrap",203,"http://client1:8000","run","http://client1:8000/run",1,TRUE,200,1110,255,3.77496361732483,"2026-05-22T01:32:05.239613Z","2026-05-22T01:32:09.014577Z",1779413525.23961,1779413529.01458,0.000702,0.000814,0.000862,3.76098,3.761075,3.760118,9.49999999999562e-05,3.7537,0.0212636173248293
"2026-05-22T01:32:09.019Z","run_bootstrap",203,"http://client2:8000","run","http://client2:8000/run",1,TRUE,200,1110,255,3.49185371398926,"2026-05-22T01:32:05.242143Z","2026-05-22T01:32:08.733997Z",1779413525.24214,1779413528.734,0.000723,0.000838,0.000875,3.470246,3.4704,3.469371,0.00015400000000021,3.4627,0.0291537139892579
"2026-05-22T01:32:09.019Z","run_bootstrap",203,"http://client3:8000","run","http://client3:8000/run",1,TRUE,200,1110,254,3.48149490356445,"2026-05-22T01:32:05.242399Z","2026-05-22T01:32:08.723894Z",1779413525.2424,1779413528.72389,0.000729,0.000844,0.000881,3.459899,3.460039,3.459018,0.000140000000000029,3.4523,0.029194903564453
"2026-05-22T01:32:12.840Z","run_bootstrap",204,"http://client1:8000","run","http://client1:8000/run",1,TRUE,200,1110,255,3.80434536933899,"2026-05-22T01:32:09.031238Z","2026-05-22T01:32:12.835583Z",1779413529.03124,1779413532.83558,0.000707,0.000788,0.000818,3.789952,3.790094,3.789134,0.000141999999999864,3.7699,0.0344453693389895
"2026-05-22T01:32:12.840Z","run_bootstrap",204,"http://client2:8000","run","http://client2:8000/run",1,TRUE,200,1110,255,3.50945353507996,"2026-05-22T01:32:09.033210Z","2026-05-22T01:32:12.542663Z",1779413529.03321,1779413532.54266,0.000579,0.00066,0.000692,3.492778,3.492865,3.492086,8.70000000001703e-05,3.4826,0.0268535350799559
"2026-05-22T01:32:12.840Z","run_bootstrap",204,"http://client3:8000","run","http://client3:8000/run",1,TRUE,200,1110,254,3.60399127006531,"2026-05-22T01:32:09.032881Z","2026-05-22T01:32:12.636873Z",1779413529.03288,1779413532.63687,0.000512,0.000592,0.000623,3.588127,3.588257,3.587504,0.000129999999999963,3.5776,0.0263912700653077
"2026-05-22T01:32:16.614Z","run_bootstrap",205,"http://client1:8000","run","http://client1:8000/run",1,TRUE,200,1109,256,3.50197076797485,"2026-05-22T01:32:12.852306Z","2026-05-22T01:32:16.354277Z",1779413532.85231,1779413536.35428,0.000663,0.000772,0.000809,3.483677,3.483807,3.482868,0.000129999999999963,3.4755,0.0264707679748537
"2026-05-22T01:32:16.614Z","run_bootstrap",205,"http://client2:8000","run","http://client2:8000/run",1,TRUE,200,1109,255,3.46895599365234,"2026-05-22T01:32:12.853535Z","2026-05-22T01:32:16.322491Z",1779413532.85354,1779413536.32249,0.000583,0.000691,0.000728,3.450957,3.451082,3.450229,0.000125000000000153,3.4435,0.025455993652344
"2026-05-22T01:32:16.614Z","run_bootstrap",205,"http://client3:8000","run","http://client3:8000/run",1,TRUE,200,1109,253,3.75462555885315,"2026-05-22T01:32:12.855295Z","2026-05-22T01:32:16.609920Z",1779413532.8553,1779413536.60992,0.000646,0.000716,0.000746,3.737692,3.73782,3.736946,0.000128000000000128,3.7302,0.0244255588531495
"2026-05-22T01:32:20.398Z","run_bootstrap",206,"http://client1:8000","run","http://client1:8000/run",1,TRUE,200,1109,256,3.5112669467926,"2026-05-22T01:32:16.629438Z","2026-05-22T01:32:20.140705Z",1779413536.62944,1779413540.14071,0.000792,0.000906,0.000943,3.496262,3.496396,3.495319,0.000133999999999634,3.4884,0.0228669467926026
"2026-05-22T01:32:20.398Z","run_bootstrap",206,"http://client2:8000","run","http://client2:8000/run",1,TRUE,200,1109,255,3.65980744361877,"2026-05-22T01:32:16.630188Z","2026-05-22T01:32:20.289996Z",1779413536.63019,1779413540.29,0.000631,0.000714,0.000746,3.643611,3.643754,3.642865,0.000143000000000004,3.6356,0.0242074436187742
"2026-05-22T01:32:20.398Z","run_bootstrap",206,"http://client3:8000","run","http://client3:8000/run",1,TRUE,200,1109,253,3.7607946395874,"2026-05-22T01:32:16.630821Z","2026-05-22T01:32:20.391616Z",1779413536.63082,1779413540.39162,0.000527,0.000607,0.000638,3.741003,3.741159,3.740365,0.000156000000000045,3.7342,0.0265946395874024
"2026-05-22T01:32:24.186Z","run_bootstrap",207,"http://client1:8000","run","http://client1:8000/run",1,TRUE,200,1108,255,3.55566620826721,"2026-05-22T01:32:20.411735Z","2026-05-22T01:32:23.967401Z",1779413540.41174,1779413543.9674,0.000646,0.000741,0.000763,3.542091,3.542259,3.541328,0.000167999999999946,3.5348,0.0208662082672117
"2026-05-22T01:32:24.186Z","run_bootstrap",207,"http://client2:8000","run","http://client2:8000/run",1,TRUE,200,1108,254,3.76948213577271,"2026-05-22T01:32:20.412019Z","2026-05-22T01:32:24.181501Z",1779413540.41202,1779413544.1815,0.000739,0.000799,0.000819,3.756733,3.756868,3.755914,0.000134999999999774,3.7486,0.0208821357727049
"2026-05-22T01:32:24.186Z","run_bootstrap",207,"http://client3:8000","run","http://client3:8000/run",1,TRUE,200,1108,254,3.56396865844727,"2026-05-22T01:32:20.411287Z","2026-05-22T01:32:23.975256Z",1779413540.41129,1779413543.97526,0.000748,0.000805,0.000823,3.550765,3.550885,3.549942,0.000119999999999898,3.5438,0.0201686584472656
"2026-05-22T01:32:27.968Z","run_bootstrap",208,"http://client1:8000","run","http://client1:8000/run",1,TRUE,200,1108,255,3.59534335136414,"2026-05-22T01:32:24.198333Z","2026-05-22T01:32:27.793677Z",1779413544.19833,1779413547.79368,0.000696,0.000805,0.000839,3.581792,3.581897,3.580953,0.000105000000000022,3.5744,0.0209433513641359
"2026-05-22T01:32:27.968Z","run_bootstrap",208,"http://client2:8000","run","http://client2:8000/run",1,TRUE,200,1108,254,3.76459360122681,"2026-05-22T01:32:24.199232Z","2026-05-22T01:32:27.963825Z",1779413544.19923,1779413547.96383,0.000827,0.000892,0.000913,3.743426,3.74357,3.742513,0.000144000000000144,3.7363,0.0282936012268067
"2026-05-22T01:32:27.968Z","run_bootstrap",208,"http://client3:8000","run","http://client3:8000/run",1,TRUE,200,1108,254,3.50087904930115,"2026-05-22T01:32:24.199680Z","2026-05-22T01:32:27.700559Z",1779413544.19968,1779413547.70056,0.000601,0.000713,0.000748,3.479266,3.479408,3.478518,0.000141999999999864,3.4712,0.0296790493011474
"2026-05-22T01:32:31.630Z","run_bootstrap",209,"http://client1:8000","run","http://client1:8000/run",1,TRUE,200,1110,254,3.64534425735474,"2026-05-22T01:32:27.980265Z","2026-05-22T01:32:31.625609Z",1779413547.98027,1779413551.62561,0.000748,0.000821,0.000842,3.629698,3.629801,3.628856,0.000103000000000186,3.6218,0.0235442573547364
"2026-05-22T01:32:31.630Z","run_bootstrap",209,"http://client2:8000","run","http://client2:8000/run",1,TRUE,200,1110,254,3.57449769973755,"2026-05-22T01:32:27.980927Z","2026-05-22T01:32:31.555425Z",1779413547.98093,1779413551.55543,0.000731,0.000824,0.000842,3.559437,3.55956,3.558595,0.000122999999999873,3.5521,0.022397699737549
"2026-05-22T01:32:31.630Z","run_bootstrap",209,"http://client3:8000","run","http://client3:8000/run",1,TRUE,200,1110,254,3.61087942123413,"2026-05-22T01:32:27.981527Z","2026-05-22T01:32:31.592406Z",1779413547.98153,1779413551.59241,0.000868,0.000934,0.000952,3.596422,3.596543,3.59547,0.000121000000000038,3.5891,0.0217794212341307
"2026-05-22T01:32:35.328Z","run_bootstrap",210,"http://client1:8000","run","http://client1:8000/run",1,TRUE,200,1110,253,3.65826559066772,"2026-05-22T01:32:31.643247Z","2026-05-22T01:32:35.301513Z",1779413551.64325,1779413555.30151,0.000535,0.000612,0.000635,3.631609,3.631737,3.630974,0.000128000000000128,3.624,0.0342655906677245
"2026-05-22T01:32:35.328Z","run_bootstrap",210,"http://client2:8000","run","http://client2:8000/run",1,TRUE,200,1110,254,3.6779670715332,"2026-05-22T01:32:31.643917Z","2026-05-22T01:32:35.321884Z",1779413551.64392,1779413555.32188,0.000634,0.000721,0.000757,3.651475,3.65152,3.650718,4.50000000000728e-05,3.6389,0.0390670715332031
"2026-05-22T01:32:35.328Z","run_bootstrap",210,"http://client3:8000","run","http://client3:8000/run",1,TRUE,200,1110,254,3.64024329185486,"2026-05-22T01:32:31.644512Z","2026-05-22T01:32:35.284755Z",1779413551.64451,1779413555.28476,0.000391,0.000464,0.000499,3.614795,3.614839,3.614296,4.3999999999933e-05,3.5929,0.0473432918548582
"2026-05-22T01:32:39.228Z","run_bootstrap",211,"http://client1:8000","run","http://client1:8000/run",1,TRUE,200,1109,256,3.71737718582153,"2026-05-22T01:32:35.352324Z","2026-05-22T01:32:39.069701Z",1779413555.35232,1779413559.0697,0.000593,0.000657,0.000682,3.698181,3.69832,3.697499,0.000138999999999889,3.6896,0.0277771858215332
"2026-05-22T01:32:39.228Z","run_bootstrap",211,"http://client2:8000","run","http://client2:8000/run",1,TRUE,200,1109,255,3.63724374771118,"2026-05-22T01:32:35.352976Z","2026-05-22T01:32:38.990219Z",1779413555.35298,1779413558.99022,0.000636,0.000718,0.000742,3.619477,3.619633,3.618735,0.000156000000000045,3.6123,0.0249437477111818
"2026-05-22T01:32:39.228Z","run_bootstrap",211,"http://client3:8000","run","http://client3:8000/run",1,TRUE,200,1109,253,3.86961603164673,"2026-05-22T01:32:35.353845Z","2026-05-22T01:32:39.223461Z",1779413555.35385,1779413559.22346,0.000459,0.000515,0.000536,3.85217,3.852309,3.851634,0.000138999999999889,3.845,0.0246160316467283
"2026-05-22T01:32:43.156Z","run_bootstrap",212,"http://client1:8000","run","http://client1:8000/run",1,TRUE,200,1109,256,3.72533869743347,"2026-05-22T01:32:39.240859Z","2026-05-22T01:32:42.966198Z",1779413559.24086,1779413562.9662,0.00061,0.000724,0.000758,3.710047,3.710195,3.709289,0.000148000000000259,3.7021,0.0232386974334715
"2026-05-22T01:32:43.156Z","run_bootstrap",212,"http://client2:8000","run","http://client2:8000/run",1,TRUE,200,1109,255,3.75173783302307,"2026-05-22T01:32:39.241691Z","2026-05-22T01:32:42.993428Z",1779413559.24169,1779413562.99343,0.000515,0.000622,0.000659,3.731809,3.731948,3.73115,0.000138999999999889,3.7246,0.0271378330230712
"2026-05-22T01:32:43.156Z","run_bootstrap",212,"http://client3:8000","run","http://client3:8000/run",1,TRUE,200,1109,253,3.90845990180969,"2026-05-22T01:32:39.240873Z","2026-05-22T01:32:43.149333Z",1779413559.24087,1779413563.14933,0.000649,0.000763,0.000798,3.894411,3.894509,3.893613,9.80000000003756e-05,3.887,0.0214599018096924
"2026-05-22T01:32:47.134Z","run_bootstrap",213,"http://client1:8000","run","http://client1:8000/run",1,TRUE,200,1110,254,3.95748734474182,"2026-05-22T01:32:43.169851Z","2026-05-22T01:32:47.127339Z",1779413563.16985,1779413567.12734,0.000591,0.000679,0.000701,3.94395,3.9441,3.943249,0.000150000000000095,3.9366,0.0208873447418214
"2026-05-22T01:32:47.134Z","run_bootstrap",213,"http://client2:8000","run","http://client2:8000/run",1,TRUE,200,1110,253,3.74390602111816,"2026-05-22T01:32:43.170283Z","2026-05-22T01:32:46.914189Z",1779413563.17028,1779413566.91419,0.000492,6e-04,0.000633,3.724183,3.724315,3.72355,0.000131999999999799,3.7164,0.0275060211181639
"2026-05-22T01:32:47.134Z","run_bootstrap",213,"http://client3:8000","run","http://client3:8000/run",1,TRUE,200,1110,252,3.68054151535034,"2026-05-22T01:32:43.169525Z","2026-05-22T01:32:46.850067Z",1779413563.16953,1779413566.85007,0.000634,0.000693,0.000712,3.666593,3.666738,3.665881,0.00014499999999984,3.6588,0.021741515350342
"2026-05-22T01:32:50.955Z","run_bootstrap",214,"http://client1:8000","run","http://client1:8000/run",1,TRUE,200,1110,254,3.65597867965698,"2026-05-22T01:32:47.150778Z","2026-05-22T01:32:50.806757Z",1779413567.15078,1779413570.80676,0.000596,0.000678,0.000703,3.641503,3.641593,3.6408,8.99999999997014e-05,3.6328,0.0231786796569824
"2026-05-22T01:32:50.955Z","run_bootstrap",214,"http://client2:8000","run","http://client2:8000/run",1,TRUE,200,1110,253,3.71290302276611,"2026-05-22T01:32:47.151037Z","2026-05-22T01:32:50.863940Z",1779413567.15104,1779413570.86394,0.000639,0.000704,0.000724,3.699146,3.699282,3.698422,0.000136000000000358,3.6921,0.0208030227661133
"2026-05-22T01:32:50.955Z","run_bootstrap",214,"http://client3:8000","run","http://client3:8000/run",1,TRUE,200,1110,252,3.7948796749115,"2026-05-22T01:32:47.152626Z","2026-05-22T01:32:50.947506Z",1779413567.15263,1779413570.94751,0.00054,0.000623,0.000654,3.774673,3.774835,3.774019,0.000161999999999995,3.7671,0.0277796749114989
"2026-05-22T01:32:54.943Z","run_bootstrap",215,"http://client1:8000","run","http://client1:8000/run",1,TRUE,200,1109,254,3.62107253074646,"2026-05-22T01:32:50.968176Z","2026-05-22T01:32:54.589248Z",1779413570.96818,1779413574.58925,0.00065,0.000738,0.000774,3.599736,3.599854,3.598962,0.000118000000000062,3.5918,0.0292725307464599
"2026-05-22T01:32:54.943Z","run_bootstrap",215,"http://client2:8000","run","http://client2:8000/run",1,TRUE,200,1109,253,3.74090123176575,"2026-05-22T01:32:50.967444Z","2026-05-22T01:32:54.708345Z",1779413570.96744,1779413574.70835,0.000592,0.000703,0.00074,3.726306,3.726382,3.725566,7.5999999999965e-05,3.7185,0.0224012317657469
"2026-05-22T01:32:54.943Z","run_bootstrap",215,"http://client3:8000","run","http://client3:8000/run",1,TRUE,200,1109,254,3.96635508537292,"2026-05-22T01:32:50.969267Z","2026-05-22T01:32:54.935622Z",1779413570.96927,1779413574.93562,0.00078,0.000875,0.000908,3.945323,3.945499,3.944415,0.000175999999999732,3.9374,0.028955085372925
"2026-05-22T01:32:58.911Z","run_bootstrap",216,"http://client1:8000","run","http://client1:8000/run",1,TRUE,200,1109,254,3.70528650283813,"2026-05-22T01:32:54.962773Z","2026-05-22T01:32:58.668060Z",1779413574.96277,1779413578.66806,0.000484,0.00059,0.000624,3.681631,3.681771,3.681007,0.000140000000000029,3.6736,0.0316865028381348
"2026-05-22T01:32:58.911Z","run_bootstrap",216,"http://client2:8000","run","http://client2:8000/run",1,TRUE,200,1109,253,3.75672483444214,"2026-05-22T01:32:54.963220Z","2026-05-22T01:32:58.719945Z",1779413574.96322,1779413578.71995,0.000529,0.000634,0.000667,3.732392,3.732525,3.731725,0.000132999999999939,3.7247,0.0320248344421388
"2026-05-22T01:32:58.911Z","run_bootstrap",216,"http://client3:8000","run","http://client3:8000/run",1,TRUE,200,1109,254,3.94317770004272,"2026-05-22T01:32:54.963615Z","2026-05-22T01:32:58.906793Z",1779413574.96362,1779413578.90679,0.000768,0.000876,0.000911,3.922902,3.92302,3.921991,0.000118000000000062,3.9154,0.0277777000427246
"2026-05-22T01:33:02.859Z","run_bootstrap",217,"http://client1:8000","run","http://client1:8000/run",1,TRUE,200,1110,255,3.71857738494873,"2026-05-22T01:32:58.925468Z","2026-05-22T01:33:02.644046Z",1779413578.92547,1779413582.64405,0.000744,0.000812,0.000836,3.702453,3.702596,3.701617,0.000143000000000004,3.694,0.0245773849487305
"2026-05-22T01:33:02.859Z","run_bootstrap",217,"http://client2:8000","run","http://client2:8000/run",1,TRUE,200,1110,254,3.70030760765076,"2026-05-22T01:32:58.926271Z","2026-05-22T01:33:02.626579Z",1779413578.92627,1779413582.62658,0.000703,0.000813,0.000845,3.684171,3.684345,3.683326,0.000173999999999896,3.6766,0.0237076076507567
"2026-05-22T01:33:02.859Z","run_bootstrap",217,"http://client3:8000","run","http://client3:8000/run",1,TRUE,200,1110,252,3.92683172225952,"2026-05-22T01:32:58.925555Z","2026-05-22T01:33:02.852387Z",1779413578.92556,1779413582.85239,0.000722,0.000842,0.000878,3.912095,3.912239,3.911217,0.000144000000000144,3.9045,0.0223317222595214
"2026-05-22T01:33:06.744Z","run_bootstrap",218,"http://client1:8000","run","http://client1:8000/run",1,TRUE,200,1110,256,3.86459302902222,"2026-05-22T01:33:02.873175Z","2026-05-22T01:33:06.737768Z",1779413582.87318,1779413586.73777,0.000588,0.00067,0.000701,3.850759,3.850853,3.850058,9.39999999998165e-05,3.8433,0.0212930290222166
"2026-05-22T01:33:06.744Z","run_bootstrap",218,"http://client2:8000","run","http://client2:8000/run",1,TRUE,200,1110,254,3.61512446403503,"2026-05-22T01:33:02.873549Z","2026-05-22T01:33:06.488674Z",1779413582.87355,1779413586.48867,0.000562,0.000646,0.000669,3.601545,3.601674,3.600876,0.000128999999999824,3.5898,0.0253244640350343
"2026-05-22T01:33:06.744Z","run_bootstrap",218,"http://client3:8000","run","http://client3:8000/run",1,TRUE,200,1110,251,3.73983359336853,"2026-05-22T01:33:02.873987Z","2026-05-22T01:33:06.613821Z",1779413582.87399,1779413586.61382,0.000604,0.000665,0.000687,3.720351,3.720482,3.719664,0.000131000000000103,3.712,0.0278335933685301
"2026-05-22T01:33:10.702Z","run_bootstrap",219,"http://client1:8000","run","http://client1:8000/run",1,TRUE,200,1110,256,3.78239798545837,"2026-05-22T01:33:06.757883Z","2026-05-22T01:33:10.540281Z",1779413586.75788,1779413590.54028,0.00064,0.000724,0.000755,3.767991,3.768127,3.767236,0.000135999999999914,3.7603,0.022097985458374
"2026-05-22T01:33:10.702Z","run_bootstrap",219,"http://client2:8000","run","http://client2:8000/run",1,TRUE,200,1110,254,3.70615148544312,"2026-05-22T01:33:06.758541Z","2026-05-22T01:33:10.464692Z",1779413586.75854,1779413590.46469,0.000491,0.000567,0.000597,3.68797,3.688071,3.687373,0.000100999999999907,3.6771,0.0290514854431154
"2026-05-22T01:33:10.702Z","run_bootstrap",219,"http://client3:8000","run","http://client3:8000/run",1,TRUE,200,1110,252,3.93619990348816,"2026-05-22T01:33:06.758999Z","2026-05-22T01:33:10.695199Z",1779413586.759,1779413590.6952,0.000594,0.000687,0.000709,3.922759,3.922875,3.92205,0.000115999999999783,3.9085,0.0276999034881591
"2026-05-22T01:33:14.816Z","run_bootstrap",220,"http://client1:8000","run","http://client1:8000/run",1,TRUE,200,1110,256,4.09324860572815,"2026-05-22T01:33:10.717688Z","2026-05-22T01:33:14.810937Z",1779413590.71769,1779413594.81094,0.000601,0.000703,0.000738,4.079574,4.07971,4.078836,0.000136000000000358,3.9079,0.185348605728149
"2026-05-22T01:33:14.816Z","run_bootstrap",220,"http://client2:8000","run","http://client2:8000/run",1,TRUE,200,1110,254,4.00014781951904,"2026-05-22T01:33:10.718055Z","2026-05-22T01:33:14.718203Z",1779413590.71806,1779413594.7182,0.000724,0.000802,0.000832,3.98062,3.980752,3.979788,0.000131999999999799,3.8102,0.189947819519043
"2026-05-22T01:33:14.816Z","run_bootstrap",220,"http://client3:8000","run","http://client3:8000/run",1,TRUE,200,1110,252,3.78128480911255,"2026-05-22T01:33:10.717555Z","2026-05-22T01:33:14.498839Z",1779413590.71756,1779413594.49884,0.000551,0.000619,0.000641,3.767019,3.767104,3.766378,8.49999999998907e-05,3.5998,0.181484809112549
"2026-05-22T01:33:18.558Z","run_bootstrap",221,"http://client1:8000","run","http://client1:8000/run",1,TRUE,200,1108,256,3.70061874389648,"2026-05-22T01:33:14.827158Z","2026-05-22T01:33:18.527777Z",1779413594.82716,1779413598.52778,0.000775,0.000849,0.000883,3.685027,3.685074,3.684144,4.70000000003523e-05,3.6781,0.0225187438964842
"2026-05-22T01:33:18.558Z","run_bootstrap",221,"http://client2:8000","run","http://client2:8000/run",1,TRUE,200,1108,253,3.61196541786194,"2026-05-22T01:33:14.828118Z","2026-05-22T01:33:18.440083Z",1779413594.82812,1779413598.44008,0.000656,0.000749,0.000784,3.597068,3.59711,3.596284,4.19999999996534e-05,3.5904,0.0215654178619387
"2026-05-22T01:33:18.558Z","run_bootstrap",221,"http://client3:8000","run","http://client3:8000/run",1,TRUE,200,1108,253,3.72116947174072,"2026-05-22T01:33:14.828118Z","2026-05-22T01:33:18.549287Z",1779413594.82812,1779413598.54929,0.000643,0.000757,0.000797,3.707314,3.70736,3.706517,4.59999999997684e-05,3.7007,0.0204694717407228
"2026-05-22T01:33:22.560Z","run_bootstrap",222,"http://client1:8000","run","http://client1:8000/run",1,TRUE,200,1108,256,3.76435995101929,"2026-05-22T01:33:18.573653Z","2026-05-22T01:33:22.338013Z",1779413598.57365,1779413602.33801,0.000478,0.000552,0.000587,3.743759,3.743912,3.743172,0.00015300000000007,3.7359,0.0284599510192871
"2026-05-22T01:33:22.560Z","run_bootstrap",222,"http://client2:8000","run","http://client2:8000/run",1,TRUE,200,1108,253,3.98113942146301,"2026-05-22T01:33:18.574334Z","2026-05-22T01:33:22.555473Z",1779413598.57433,1779413602.55547,0.00049,0.000581,0.000618,3.962462,3.96263,3.961844,0.000167999999999946,3.9558,0.0253394214630127
"2026-05-22T01:33:22.560Z","run_bootstrap",222,"http://client3:8000","run","http://client3:8000/run",1,TRUE,200,1108,253,3.78476715087891,"2026-05-22T01:33:18.574860Z","2026-05-22T01:33:22.359627Z",1779413598.57486,1779413602.35963,0.000581,0.00069,0.00073,3.767631,3.767769,3.766901,0.000137999999999749,3.7608,0.0239671508789061
"2026-05-22T01:33:26.612Z","run_bootstrap",223,"http://client1:8000","run","http://client1:8000/run",1,TRUE,200,1109,255,3.70046615600586,"2026-05-22T01:33:22.571078Z","2026-05-22T01:33:26.271544Z",1779413602.57108,1779413606.27154,0.00064,0.000671,0.000687,3.687425,3.687565,3.686738,0.000140000000000029,3.6804,0.0200661560058593
"2026-05-22T01:33:26.612Z","run_bootstrap",223,"http://client2:8000","run","http://client2:8000/run",1,TRUE,200,1109,255,4.03636789321899,"2026-05-22T01:33:22.571661Z","2026-05-22T01:33:26.608029Z",1779413602.57166,1779413606.60803,0.000497,0.000571,0.000597,4.023949,4.024075,4.023352,0.000125999999999848,4.0161,0.0202678932189944
"2026-05-22T01:33:26.612Z","run_bootstrap",223,"http://client3:8000","run","http://client3:8000/run",1,TRUE,200,1109,254,3.83899068832397,"2026-05-22T01:33:22.573388Z","2026-05-22T01:33:26.412378Z",1779413602.57339,1779413606.41238,0.000543,0.000627,0.000658,3.822009,3.822164,3.821351,0.000154999999999905,3.8153,0.0236906883239745
"2026-05-22T01:33:30.584Z","run_bootstrap",224,"http://client1:8000","run","http://client1:8000/run",1,TRUE,200,1109,255,3.95531415939331,"2026-05-22T01:33:26.624145Z","2026-05-22T01:33:30.579459Z",1779413606.62415,1779413610.57946,0.00067,0.000775,0.00081,3.941006,3.941144,3.940196,0.000138000000000194,3.9333,0.0220141593933105
"2026-05-22T01:33:30.584Z","run_bootstrap",224,"http://client2:8000","run","http://client2:8000/run",1,TRUE,200,1109,255,3.85013270378113,"2026-05-22T01:33:26.626443Z","2026-05-22T01:33:30.476576Z",1779413606.62644,1779413610.47658,0.000709,0.000823,0.000858,3.834759,3.834874,3.833901,0.000115000000000087,3.8279,0.0222327037811278
"2026-05-22T01:33:30.584Z","run_bootstrap",224,"http://client3:8000","run","http://client3:8000/run",1,TRUE,200,1109,254,3.87504053115845,"2026-05-22T01:33:26.626931Z","2026-05-22T01:33:30.501972Z",1779413606.62693,1779413610.50197,0.000532,0.000645,0.000682,3.855272,3.855396,3.85459,0.000124000000000013,3.8484,0.0266405311584474
"2026-05-22T01:33:34.683Z","run_bootstrap",225,"http://client1:8000","run","http://client1:8000/run",1,TRUE,200,1109,256,3.99313473701477,"2026-05-22T01:33:30.596207Z","2026-05-22T01:33:34.589341Z",1779413610.59621,1779413614.58934,0.00075,0.000847,0.000879,3.977915,3.978037,3.977036,0.000122000000000178,3.8166,0.17653473701477
"2026-05-22T01:33:34.683Z","run_bootstrap",225,"http://client2:8000","run","http://client2:8000/run",1,TRUE,200,1109,255,3.76989936828613,"2026-05-22T01:33:30.595878Z","2026-05-22T01:33:34.365777Z",1779413610.59588,1779413614.36578,0.000684,0.000794,0.000829,3.755616,3.755777,3.754787,0.0001610000000003,3.7477,0.0221993682861328
"2026-05-22T01:33:34.683Z","run_bootstrap",225,"http://client3:8000","run","http://client3:8000/run",1,TRUE,200,1109,254,4.08117651939392,"2026-05-22T01:33:30.597523Z","2026-05-22T01:33:34.678700Z",1779413610.59752,1779413614.6787,0.000749,0.000831,0.000854,4.067087,4.067234,4.066233,0.000147000000000119,4.0593,0.0218765193939205
"2026-05-22T01:33:38.526Z","run_bootstrap",226,"http://client1:8000","run","http://client1:8000/run",1,TRUE,200,1109,256,3.39605188369751,"2026-05-22T01:33:34.694724Z","2026-05-22T01:33:38.090776Z",1779413614.69472,1779413618.09078,0.000803,0.000921,0.000954,3.381909,3.381998,3.380955,8.90000000000057e-05,3.3747,0.02135188369751
"2026-05-22T01:33:38.526Z","run_bootstrap",226,"http://client2:8000","run","http://client2:8000/run",1,TRUE,200,1109,255,3.82111048698425,"2026-05-22T01:33:34.697053Z","2026-05-22T01:33:38.518163Z",1779413614.69705,1779413618.51816,0.000536,0.000652,0.000686,3.805543,3.805649,3.804857,0.000105999999999717,3.7985,0.0226104869842527
"2026-05-22T01:33:38.526Z","run_bootstrap",226,"http://client3:8000","run","http://client3:8000/run",1,TRUE,200,1109,254,3.78973770141602,"2026-05-22T01:33:34.697485Z","2026-05-22T01:33:38.487223Z",1779413614.69749,1779413618.48722,0.00071,0.000827,0.000863,3.768002,3.768139,3.767139,0.000137000000000054,3.7506,0.0391377014160157
"2026-05-22T01:33:42.378Z","run_bootstrap",227,"http://client1:8000","run","http://client1:8000/run",1,TRUE,200,1109,256,2.88933873176575,"2026-05-22T01:33:38.538673Z","2026-05-22T01:33:41.428012Z",1779413618.53867,1779413621.42801,0.000509,0.000615,0.000637,2.871121,2.871205,2.870484,8.39999999997509e-05,2.8595,0.0298387317657469
"2026-05-22T01:33:42.378Z","run_bootstrap",227,"http://client2:8000","run","http://client2:8000/run",1,TRUE,200,1109,253,3.83255100250244,"2026-05-22T01:33:38.539203Z","2026-05-22T01:33:42.371754Z",1779413618.5392,1779413622.37175,0.00049,0.00057,0.000601,3.813882,3.814003,3.813281,0.000121000000000038,3.8073,0.0252510025024413
"2026-05-22T01:33:42.378Z","run_bootstrap",227,"http://client3:8000","run","http://client3:8000/run",1,TRUE,200,1109,253,3.69290995597839,"2026-05-22T01:33:38.538339Z","2026-05-22T01:33:42.231249Z",1779413618.53834,1779413622.23125,0.000636,0.000719,0.000739,3.674936,3.675047,3.674197,0.000110999999999972,3.668,0.0249099559783934
"2026-05-22T01:33:46.133Z","run_bootstrap",228,"http://client1:8000","run","http://client1:8000/run",1,TRUE,200,1109,256,3.47561287879944,"2026-05-22T01:33:42.399928Z","2026-05-22T01:33:45.875541Z",1779413622.39993,1779413625.87554,0.000674,0.000776,0.000809,3.454707,3.454846,3.453898,0.000138999999999889,3.4461,0.0295128787994385
"2026-05-22T01:33:46.133Z","run_bootstrap",228,"http://client2:8000","run","http://client2:8000/run",1,TRUE,200,1109,253,3.72517585754395,"2026-05-22T01:33:42.400926Z","2026-05-22T01:33:46.126102Z",1779413622.40093,1779413626.1261,0.000464,0.000552,0.000586,3.704348,3.704403,3.703762,5.50000000001383e-05,3.6976,0.0275758575439453
"2026-05-22T01:33:46.133Z","run_bootstrap",228,"http://client3:8000","run","http://client3:8000/run",1,TRUE,200,1109,254,3.34372854232788,"2026-05-22T01:33:42.401496Z","2026-05-22T01:33:45.745224Z",1779413622.4015,1779413625.74522,0.000483,0.000557,0.000592,3.32348,3.323621,3.322888,0.000141000000000169,3.3168,0.0269285423278807
