"timestamp","phase","round_id","client","endpoint","url","attempt","ok","status","request_bytes","response_bytes","elapsed_sec","request_start_ts_utc","request_end_ts_utc","request_start_epoch_sec","request_end_epoch_sec","curl_namelookup_sec","curl_connect_sec","curl_pretransfer_sec","curl_starttransfer_sec","curl_total_sec","curl_ttfb_sec","curl_response_transfer_sec","client_compute_sec","net_overhead_sec"
"2026-05-23T17:47:00.701Z","init",1,"http://client1:8000","init","http://client1:8000/init",1,TRUE,200,2713,387,0.363367319107056,"2026-05-23T17:47:00.275020Z","2026-05-23T17:47:00.638387Z",1779558420.27502,1779558420.63839,0.000657,0.000784,0.000823,0.348966,0.349025,0.348143,5.89999999999757e-05,NA,NA
"2026-05-23T17:47:00.701Z","init",1,"http://client2:8000","init","http://client2:8000/init",1,TRUE,200,2713,387,0.362796783447266,"2026-05-23T17:47:00.276031Z","2026-05-23T17:47:00.638828Z",1779558420.27603,1779558420.63883,8e-04,0.000904,0.000941,0.348774,0.348824,0.347833,5.000000000005e-05,NA,NA
"2026-05-23T17:47:00.701Z","init",1,"http://client3:8000","init","http://client3:8000/init",1,TRUE,200,2713,387,0.364394187927246,"2026-05-23T17:47:00.278908Z","2026-05-23T17:47:00.643302Z",1779558420.27891,1779558420.6433,0.000495,0.000606,0.000644,0.344241,0.344282,0.343597,4.09999999999577e-05,NA,NA
"2026-05-23T17:47:06.474Z","run_bootstrap",1,"http://client1:8000","run","http://client1:8000/run",1,TRUE,200,1108,256,5.25437045097351,"2026-05-23T17:47:00.914953Z","2026-05-23T17:47:06.169323Z",1779558420.91495,1779558426.16932,0.000656,0.000762,0.000803,5.2407,5.240742,5.239897,4.19999999996534e-05,5.1767,0.0776704509735104
"2026-05-23T17:47:06.474Z","run_bootstrap",1,"http://client2:8000","run","http://client2:8000/run",1,TRUE,200,1108,253,5.51173782348633,"2026-05-23T17:47:00.916869Z","2026-05-23T17:47:06.428606Z",1779558420.91687,1779558426.42861,0.000706,0.000822,0.000881,5.49846,5.498499,5.497579,3.90000000001223e-05,5.4433,0.0684378234863283
"2026-05-23T17:47:06.474Z","run_bootstrap",1,"http://client3:8000","run","http://client3:8000/run",1,TRUE,200,1108,252,5.55289578437805,"2026-05-23T17:47:00.916989Z","2026-05-23T17:47:06.469885Z",1779558420.91699,1779558426.46989,0.000885,0.000955,0.000998,5.539776,5.539823,5.538778,4.70000000003523e-05,5.4845,0.068395784378052
"2026-05-23T17:47:10.295Z","run_bootstrap",2,"http://client1:8000","run","http://client1:8000/run",1,TRUE,200,1108,256,3.59923720359802,"2026-05-23T17:47:06.528647Z","2026-05-23T17:47:10.127884Z",1779558426.52865,1779558430.12788,0.000457,0.000553,0.000576,3.585473,3.58552,3.584897,4.69999999999082e-05,3.4744,0.124837203598022
"2026-05-23T17:47:10.295Z","run_bootstrap",2,"http://client2:8000","run","http://client2:8000/run",1,TRUE,200,1108,252,3.76076984405518,"2026-05-23T17:47:06.530110Z","2026-05-23T17:47:10.290880Z",1779558426.53011,1779558430.29088,0.000472,0.000548,0.000579,3.747023,3.747074,3.746444,5.10000000000232e-05,3.636,0.124769844055176
"2026-05-23T17:47:10.295Z","run_bootstrap",2,"http://client3:8000","run","http://client3:8000/run",1,TRUE,200,1108,252,3.50077271461487,"2026-05-23T17:47:06.529271Z","2026-05-23T17:47:10.030044Z",1779558426.52927,1779558430.03004,0.000675,0.000728,0.000746,3.487712,3.487741,3.486966,2.90000000000568e-05,3.3762,0.124572714614868
"2026-05-23T17:47:14.000Z","run_bootstrap",3,"http://client1:8000","run","http://client1:8000/run",1,TRUE,200,1110,261,3.68099474906921,"2026-05-23T17:47:10.309736Z","2026-05-23T17:47:13.990731Z",1779558430.30974,1779558433.99073,0.000667,8e-04,0.000835,3.667659,3.667701,3.666824,4.20000000000975e-05,3.6606,0.0203947490692138
"2026-05-23T17:47:14.000Z","run_bootstrap",3,"http://client2:8000","run","http://client2:8000/run",1,TRUE,200,1110,258,3.68410038948059,"2026-05-23T17:47:10.311335Z","2026-05-23T17:47:13.995435Z",1779558430.31134,1779558433.99544,0.000526,0.000643,0.000677,3.664087,3.664128,3.66341,4.09999999999577e-05,3.6566,0.0275003894805907
"2026-05-23T17:47:14.000Z","run_bootstrap",3,"http://client3:8000","run","http://client3:8000/run",1,TRUE,200,1110,258,3.41386079788208,"2026-05-23T17:47:10.311873Z","2026-05-23T17:47:13.725734Z",1779558430.31187,1779558433.72573,0.000624,0.000715,0.000748,3.399353,3.399395,3.398605,4.20000000000975e-05,3.3927,0.02116079788208
"2026-05-23T17:47:17.623Z","run_bootstrap",4,"http://client1:8000","run","http://client1:8000/run",1,TRUE,200,1110,261,3.55986738204956,"2026-05-23T17:47:14.014202Z","2026-05-23T17:47:17.574069Z",1779558434.0142,1779558437.57407,0.00069,0.000805,0.000843,3.546638,3.546682,3.545795,4.3999999999933e-05,3.5392,0.0206673820495604
"2026-05-23T17:47:17.623Z","run_bootstrap",4,"http://client2:8000","run","http://client2:8000/run",1,TRUE,200,1110,258,3.5028293132782,"2026-05-23T17:47:14.014690Z","2026-05-23T17:47:17.517520Z",1779558434.01469,1779558437.51752,0.000514,0.000613,0.000647,3.48985,3.489921,3.489203,7.09999999997102e-05,3.4823,0.0205293132781983
"2026-05-23T17:47:17.623Z","run_bootstrap",4,"http://client3:8000","run","http://client3:8000/run",1,TRUE,200,1110,258,3.60002565383911,"2026-05-23T17:47:14.016221Z","2026-05-23T17:47:17.616247Z",1779558434.01622,1779558437.61625,0.000356,0.000428,0.000457,3.587816,3.587862,3.587359,4.59999999997684e-05,3.5815,0.0185256538391112
"2026-05-23T17:47:21.331Z","run_bootstrap",5,"http://client1:8000","run","http://client1:8000/run",1,TRUE,200,1109,255,3.68982982635498,"2026-05-23T17:47:17.634415Z","2026-05-23T17:47:21.324244Z",1779558437.63442,1779558441.32424,0.000654,0.000751,0.000774,3.669132,3.66917,3.668358,3.79999999999825e-05,3.661,0.0288298263549804
"2026-05-23T17:47:21.331Z","run_bootstrap",5,"http://client2:8000","run","http://client2:8000/run",1,TRUE,200,1109,255,3.68624806404114,"2026-05-23T17:47:17.635031Z","2026-05-23T17:47:21.321279Z",1779558437.63503,1779558441.32128,0.000508,0.000591,0.000622,3.663433,3.663465,3.662811,3.2000000000032e-05,3.6566,0.0296480640411376
"2026-05-23T17:47:21.331Z","run_bootstrap",5,"http://client3:8000","run","http://client3:8000/run",1,TRUE,200,1109,254,3.4066002368927,"2026-05-23T17:47:17.635876Z","2026-05-23T17:47:21.042476Z",1779558437.63588,1779558441.04248,0.000498,0.000636,0.000672,3.383438,3.383467,3.382766,2.90000000000568e-05,3.3764,0.0302002368927003
"2026-05-23T17:47:25.048Z","run_bootstrap",6,"http://client1:8000","run","http://client1:8000/run",1,TRUE,200,1109,256,3.41427516937256,"2026-05-23T17:47:21.346891Z","2026-05-23T17:47:24.761166Z",1779558441.34689,1779558444.76117,7e-04,0.000809,0.000845,3.397712,3.397753,3.396867,4.09999999999577e-05,3.3906,0.0236751693725585
"2026-05-23T17:47:25.048Z","run_bootstrap",6,"http://client2:8000","run","http://client2:8000/run",1,TRUE,200,1109,255,3.69392037391663,"2026-05-23T17:47:21.347362Z","2026-05-23T17:47:25.041282Z",1779558441.34736,1779558445.04128,0.000605,0.000701,0.000736,3.67571,3.675751,3.674974,4.09999999999577e-05,3.6686,0.0253203739166259
"2026-05-23T17:47:25.048Z","run_bootstrap",6,"http://client3:8000","run","http://client3:8000/run",1,TRUE,200,1109,254,3.40551662445068,"2026-05-23T17:47:21.347731Z","2026-05-23T17:47:24.753248Z",1779558441.34773,1779558444.75325,0.000504,0.000597,0.000619,3.388389,3.388421,3.38777,3.2000000000032e-05,3.3819,0.0236166244506837
"2026-05-23T17:47:28.746Z","run_bootstrap",7,"http://client1:8000","run","http://client1:8000/run",1,TRUE,200,1109,257,3.4292733669281,"2026-05-23T17:47:25.061100Z","2026-05-23T17:47:28.490373Z",1779558445.0611,1779558448.49037,0.000727,0.00084,0.000884,3.413431,3.413474,3.412547,4.29999999997932e-05,3.4054,0.0238733669281004
"2026-05-23T17:47:28.746Z","run_bootstrap",7,"http://client2:8000","run","http://client2:8000/run",1,TRUE,200,1109,256,3.67886137962341,"2026-05-23T17:47:25.060421Z","2026-05-23T17:47:28.739282Z",1779558445.06042,1779558448.73928,0.000544,0.000691,0.000737,3.665235,3.665281,3.664498,4.59999999997684e-05,3.6585,0.020361379623413
"2026-05-23T17:47:28.746Z","run_bootstrap",7,"http://client3:8000","run","http://client3:8000/run",1,TRUE,200,1109,253,3.39930844306946,"2026-05-23T17:47:25.062004Z","2026-05-23T17:47:28.461313Z",1779558445.062,1779558448.46131,0.000576,0.000663,7e-04,3.382733,3.382776,3.382033,4.29999999997932e-05,3.3762,0.0231084430694581
"2026-05-23T17:47:32.616Z","run_bootstrap",8,"http://client1:8000","run","http://client1:8000/run",1,TRUE,200,1109,257,3.73903632164001,"2026-05-23T17:47:28.762644Z","2026-05-23T17:47:32.501681Z",1779558448.76264,1779558452.50168,0.000752,0.000873,0.000914,3.726236,3.726287,3.725322,5.10000000000232e-05,3.7191,0.0199363216400146
"2026-05-23T17:47:32.616Z","run_bootstrap",8,"http://client2:8000","run","http://client2:8000/run",1,TRUE,200,1109,256,3.84693431854248,"2026-05-23T17:47:28.764716Z","2026-05-23T17:47:32.611651Z",1779558448.76472,1779558452.61165,0.000553,0.000657,0.000703,3.826374,3.826419,3.825671,4.50000000000728e-05,3.8195,0.0274343185424804
"2026-05-23T17:47:32.616Z","run_bootstrap",8,"http://client3:8000","run","http://client3:8000/run",1,TRUE,200,1109,253,3.70501923561096,"2026-05-23T17:47:28.765048Z","2026-05-23T17:47:32.470067Z",1779558448.76505,1779558452.47007,0.000725,0.000814,0.00085,3.684955,3.684992,3.684105,3.69999999998427e-05,3.6779,0.0271192356109617
"2026-05-23T17:47:36.572Z","run_bootstrap",9,"http://client1:8000","run","http://client1:8000/run",1,TRUE,200,1109,255,3.75868797302246,"2026-05-23T17:47:32.627200Z","2026-05-23T17:47:36.385888Z",1779558452.6272,1779558456.38589,0.000597,0.00069,0.000723,3.745101,3.745142,3.744378,4.09999999999577e-05,3.7371,0.0215879730224611
"2026-05-23T17:47:36.572Z","run_bootstrap",9,"http://client2:8000","run","http://client2:8000/run",1,TRUE,200,1109,249,3.93807077407837,"2026-05-23T17:47:32.627824Z","2026-05-23T17:47:36.565895Z",1779558452.62782,1779558456.5659,0.000421,0.000503,0.00054,3.92194,3.921982,3.9214,4.19999999996534e-05,3.9144,0.023670774078369
"2026-05-23T17:47:36.572Z","run_bootstrap",9,"http://client3:8000","run","http://client3:8000/run",1,TRUE,200,1109,252,3.87160468101501,"2026-05-23T17:47:32.627112Z","2026-05-23T17:47:36.498717Z",1779558452.62711,1779558456.49872,0.000658,0.000764,0.000799,3.858185,3.858228,3.857386,4.29999999997932e-05,3.8507,0.0209046810150149
"2026-05-23T17:47:40.649Z","run_bootstrap",10,"http://client1:8000","run","http://client1:8000/run",1,TRUE,200,1109,255,3.89920663833618,"2026-05-23T17:47:36.590334Z","2026-05-23T17:47:40.489541Z",1779558456.59033,1779558460.48954,0.000496,0.000577,0.000599,3.885681,3.88575,3.885082,6.89999999998747e-05,3.8787,0.0205066383361818
"2026-05-23T17:47:40.649Z","run_bootstrap",10,"http://client2:8000","run","http://client2:8000/run",1,TRUE,200,1109,249,3.72488045692444,"2026-05-23T17:47:36.591142Z","2026-05-23T17:47:40.316022Z",1779558456.59114,1779558460.31602,0.000495,0.000576,0.000598,3.712339,3.712396,3.711741,5.69999999999737e-05,3.7025,0.0223804569244384
"2026-05-23T17:47:40.649Z","run_bootstrap",10,"http://client3:8000","run","http://client3:8000/run",1,TRUE,200,1109,252,4.05329847335815,"2026-05-23T17:47:36.591683Z","2026-05-23T17:47:40.644982Z",1779558456.59168,1779558460.64498,0.000494,0.000567,0.000598,4.040937,4.040978,4.040339,4.10000000004018e-05,4.0243,0.0289984733581541
"2026-05-23T17:47:44.541Z","run_bootstrap",11,"http://client1:8000","run","http://client1:8000/run",1,TRUE,200,1108,254,3.79729104042053,"2026-05-23T17:47:40.660116Z","2026-05-23T17:47:44.457407Z",1779558460.66012,1779558464.45741,0.000669,0.000731,0.00075,3.779129,3.779166,3.778379,3.69999999998427e-05,3.7723,0.0249910404205322
"2026-05-23T17:47:44.541Z","run_bootstrap",11,"http://client2:8000","run","http://client2:8000/run",1,TRUE,200,1108,249,3.87472820281982,"2026-05-23T17:47:40.660781Z","2026-05-23T17:47:44.535509Z",1779558460.66078,1779558464.53551,0.000488,0.000562,0.000593,3.854454,3.854499,3.853861,4.50000000000728e-05,3.847,0.0277282028198242
"2026-05-23T17:47:44.541Z","run_bootstrap",11,"http://client3:8000","run","http://client3:8000/run",1,TRUE,200,1108,252,3.86538553237915,"2026-05-23T17:47:40.664084Z","2026-05-23T17:47:44.529469Z",1779558460.66408,1779558464.52947,0.000407,0.000515,0.000537,3.85121,3.851244,3.850673,3.39999999998675e-05,3.8448,0.0205855323791502
"2026-05-23T17:47:48.628Z","run_bootstrap",12,"http://client1:8000","run","http://client1:8000/run",1,TRUE,200,1108,254,3.76107501983643,"2026-05-23T17:47:44.556327Z","2026-05-23T17:47:48.317402Z",1779558464.55633,1779558468.3174,0.000564,0.000649,0.000675,3.747889,3.747921,3.747214,3.2000000000032e-05,3.7402,0.0208750198364256
"2026-05-23T17:47:48.628Z","run_bootstrap",12,"http://client2:8000","run","http://client2:8000/run",1,TRUE,200,1108,250,4.06455707550049,"2026-05-23T17:47:44.558641Z","2026-05-23T17:47:48.623198Z",1779558464.55864,1779558468.6232,0.000561,0.000646,0.000685,4.04755,4.047592,4.046865,4.19999999996534e-05,4.0408,0.0237570755004883
"2026-05-23T17:47:48.628Z","run_bootstrap",12,"http://client3:8000","run","http://client3:8000/run",1,TRUE,200,1108,252,3.97684264183044,"2026-05-23T17:47:44.558908Z","2026-05-23T17:47:48.535751Z",1779558464.55891,1779558468.53575,0.000573,0.000681,0.000725,3.959422,3.959463,3.958697,4.09999999999577e-05,3.9529,0.0239426418304443
"2026-05-23T17:47:52.384Z","run_bootstrap",13,"http://client1:8000","run","http://client1:8000/run",1,TRUE,200,1108,254,3.48356556892395,"2026-05-23T17:47:48.639285Z","2026-05-23T17:47:52.122851Z",1779558468.63929,1779558472.12285,0.000563,0.000677,0.000717,3.462638,3.462679,3.461921,4.09999999999577e-05,3.4547,0.0288655689239503
"2026-05-23T17:47:52.384Z","run_bootstrap",13,"http://client2:8000","run","http://client2:8000/run",1,TRUE,200,1108,250,3.73943448066711,"2026-05-23T17:47:48.640004Z","2026-05-23T17:47:52.379439Z",1779558468.64,1779558472.37944,0.00065,0.000773,0.000814,3.723975,3.724026,3.723161,5.10000000000232e-05,3.7173,0.0221344806671144
"2026-05-23T17:47:52.384Z","run_bootstrap",13,"http://client3:8000","run","http://client3:8000/run",1,TRUE,200,1108,250,3.47819805145264,"2026-05-23T17:47:48.640816Z","2026-05-23T17:47:52.119014Z",1779558468.64082,1779558472.11901,0.000555,0.000664,0.000704,3.460594,3.460644,3.45989,4.99999999998835e-05,3.4535,0.0246980514526367
"2026-05-23T17:47:55.862Z","run_bootstrap",14,"http://client1:8000","run","http://client1:8000/run",1,TRUE,200,1108,254,3.45553159713745,"2026-05-23T17:47:52.396559Z","2026-05-23T17:47:55.852091Z",1779558472.39656,1779558475.85209,0.000529,0.000612,0.000633,3.437532,3.437572,3.436899,3.9999999999818e-05,3.4295,0.0260315971374512
"2026-05-23T17:47:55.862Z","run_bootstrap",14,"http://client2:8000","run","http://client2:8000/run",1,TRUE,200,1108,250,3.45803284645081,"2026-05-23T17:47:52.397378Z","2026-05-23T17:47:55.855411Z",1779558472.39738,1779558475.85541,0.000503,0.000584,0.000615,3.438116,3.438155,3.437501,3.90000000001223e-05,3.4308,0.0272328464508056
"2026-05-23T17:47:55.862Z","run_bootstrap",14,"http://client3:8000","run","http://client3:8000/run",1,TRUE,200,1108,250,3.45226836204529,"2026-05-23T17:47:52.397877Z","2026-05-23T17:47:55.850145Z",1779558472.39788,1779558475.85015,0.000529,0.000616,0.000647,3.435445,3.435489,3.434798,4.3999999999933e-05,3.4276,0.0246683620452881
"2026-05-23T17:47:59.513Z","run_bootstrap",15,"http://client1:8000","run","http://client1:8000/run",1,TRUE,200,1108,253,3.36965274810791,"2026-05-23T17:47:55.874704Z","2026-05-23T17:47:59.244357Z",1779558475.8747,1779558479.24436,0.000512,0.000604,0.000634,3.351604,3.351645,3.35097,4.09999999999577e-05,3.3444,0.0252527481079103
"2026-05-23T17:47:59.513Z","run_bootstrap",15,"http://client2:8000","run","http://client2:8000/run",1,TRUE,200,1108,250,3.63288831710815,"2026-05-23T17:47:55.874059Z","2026-05-23T17:47:59.506947Z",1779558475.87406,1779558479.50695,0.000547,0.000654,0.000689,3.619371,3.619418,3.618682,4.69999999999082e-05,3.6126,0.0202883171081543
"2026-05-23T17:47:59.513Z","run_bootstrap",15,"http://client3:8000","run","http://client3:8000/run",1,TRUE,200,1108,250,3.45923089981079,"2026-05-23T17:47:55.875586Z","2026-05-23T17:47:59.334817Z",1779558475.87559,1779558479.33482,0.000521,0.000602,0.000634,3.44118,3.441221,3.440546,4.09999999999577e-05,3.434,0.0252308998107909
"2026-05-23T17:48:03.024Z","run_bootstrap",16,"http://client1:8000","run","http://client1:8000/run",1,TRUE,200,1108,253,3.43240165710449,"2026-05-23T17:47:59.525334Z","2026-05-23T17:48:02.957736Z",1779558479.52533,1779558482.95774,0.000653,0.000762,0.000799,3.411594,3.411628,3.410795,3.39999999998675e-05,3.4045,0.0279016571044921
"2026-05-23T17:48:03.024Z","run_bootstrap",16,"http://client2:8000","run","http://client2:8000/run",1,TRUE,200,1108,250,3.4913694858551,"2026-05-23T17:47:59.525948Z","2026-05-23T17:48:03.017317Z",1779558479.52595,1779558483.01732,0.000543,0.000662,0.000703,3.469298,3.469329,3.468595,3.09999999998922e-05,3.4619,0.0294694858551026
"2026-05-23T17:48:03.024Z","run_bootstrap",16,"http://client3:8000","run","http://client3:8000/run",1,TRUE,200,1108,251,3.38058090209961,"2026-05-23T17:47:59.526443Z","2026-05-23T17:48:02.907024Z",1779558479.52644,1779558482.90702,0.000645,0.000732,0.000769,3.361668,3.361713,3.360899,4.50000000000728e-05,3.3549,0.0256809020996092
"2026-05-23T17:48:06.671Z","run_bootstrap",17,"http://client1:8000","run","http://client1:8000/run",1,TRUE,200,1109,252,3.41120529174805,"2026-05-23T17:48:03.038747Z","2026-05-23T17:48:06.449953Z",1779558483.03875,1779558486.44995,0.000769,0.000882,0.00092,3.397113,3.397156,3.396193,4.29999999997932e-05,3.3889,0.0223052917480469
"2026-05-23T17:48:06.671Z","run_bootstrap",17,"http://client2:8000","run","http://client2:8000/run",1,TRUE,200,1109,249,3.37246656417847,"2026-05-23T17:48:03.040106Z","2026-05-23T17:48:06.412573Z",1779558483.04011,1779558486.41257,0.00054,0.000623,0.000654,3.35501,3.355056,3.354356,4.59999999997684e-05,3.3485,0.0239665641784668
"2026-05-23T17:48:06.671Z","run_bootstrap",17,"http://client3:8000","run","http://client3:8000/run",1,TRUE,200,1109,251,3.62797260284424,"2026-05-23T17:48:03.039401Z","2026-05-23T17:48:06.667373Z",1779558483.0394,1779558486.66737,0.000577,0.000781,0.000831,3.614123,3.614159,3.613292,3.59999999997029e-05,3.6074,0.0205726028442381
"2026-05-23T17:48:10.332Z","run_bootstrap",18,"http://client1:8000","run","http://client1:8000/run",1,TRUE,200,1109,252,3.38419508934021,"2026-05-23T17:48:06.684639Z","2026-05-23T17:48:10.068834Z",1779558486.68464,1779558490.06883,0.000587,0.000699,0.00074,3.363239,3.363303,3.362499,6.4000000000064e-05,3.3555,0.0286950893402098
"2026-05-23T17:48:10.332Z","run_bootstrap",18,"http://client2:8000","run","http://client2:8000/run",1,TRUE,200,1109,248,3.6429431438446,"2026-05-23T17:48:06.685146Z","2026-05-23T17:48:10.328089Z",1779558486.68515,1779558490.32809,0.000386,0.000476,0.000514,3.622643,3.622859,3.622129,0.000215999999999994,3.616,0.0269431438446044
"2026-05-23T17:48:10.332Z","run_bootstrap",18,"http://client3:8000","run","http://client3:8000/run",1,TRUE,200,1109,251,3.47615242004395,"2026-05-23T17:48:06.685604Z","2026-05-23T17:48:10.161756Z",1779558486.6856,1779558490.16176,0.000562,0.000639,0.000675,3.455827,3.455878,3.455152,5.09999999995792e-05,3.4487,0.0274524200439452
"2026-05-23T17:48:13.933Z","run_bootstrap",19,"http://client1:8000","run","http://client1:8000/run",1,TRUE,200,1108,253,3.58269453048706,"2026-05-23T17:48:10.343086Z","2026-05-23T17:48:13.925780Z",1779558490.34309,1779558493.92578,0.000712,0.000825,0.000864,3.569091,3.569134,3.568227,4.30000000002373e-05,3.5608,0.0218945304870606
"2026-05-23T17:48:13.933Z","run_bootstrap",19,"http://client2:8000","run","http://client2:8000/run",1,TRUE,200,1108,248,3.37163805961609,"2026-05-23T17:48:10.344909Z","2026-05-23T17:48:13.716547Z",1779558490.34491,1779558493.71655,0.000435,0.000548,0.000583,3.354249,3.354291,3.353666,4.20000000000975e-05,3.3475,0.0241380596160887
"2026-05-23T17:48:13.933Z","run_bootstrap",19,"http://client3:8000","run","http://client3:8000/run",1,TRUE,200,1108,253,3.24045538902283,"2026-05-23T17:48:10.345266Z","2026-05-23T17:48:13.585721Z",1779558490.34527,1779558493.58572,0.000548,0.000651,0.000684,3.22034,3.220381,3.219656,4.09999999999577e-05,3.2136,0.0268553890228271
"2026-05-23T17:48:17.819Z","run_bootstrap",20,"http://client1:8000","run","http://client1:8000/run",1,TRUE,200,1108,253,3.87033152580261,"2026-05-23T17:48:13.945089Z","2026-05-23T17:48:17.815421Z",1779558493.94509,1779558497.81542,0.000808,0.000898,0.000921,3.8516,3.851635,3.850679,3.50000000000072e-05,3.6979,0.172431525802612
"2026-05-23T17:48:17.819Z","run_bootstrap",20,"http://client2:8000","run","http://client2:8000/run",1,TRUE,200,1108,248,3.50073337554932,"2026-05-23T17:48:13.945673Z","2026-05-23T17:48:17.446406Z",1779558493.94567,1779558497.44641,0.000483,0.000561,0.00059,3.481767,3.481796,3.481177,2.90000000000568e-05,3.3333,0.167433375549316
"2026-05-23T17:48:17.819Z","run_bootstrap",20,"http://client3:8000","run","http://client3:8000/run",1,TRUE,200,1108,253,3.66073441505432,"2026-05-23T17:48:13.944976Z","2026-05-23T17:48:17.605710Z",1779558493.94498,1779558497.60571,0.000649,0.00076,0.000793,3.64808,3.648122,3.647287,4.19999999996534e-05,3.4976,0.163134415054321
"2026-05-23T17:48:21.535Z","run_bootstrap",21,"http://client1:8000","run","http://client1:8000/run",1,TRUE,200,1109,254,3.69815039634705,"2026-05-23T17:48:17.829933Z","2026-05-23T17:48:21.528084Z",1779558497.82993,1779558501.52808,0.00066,0.000763,0.000803,3.684928,3.684979,3.684125,5.09999999995792e-05,3.6779,0.0202503963470457
"2026-05-23T17:48:21.535Z","run_bootstrap",21,"http://client2:8000","run","http://client2:8000/run",1,TRUE,200,1109,250,3.37022256851196,"2026-05-23T17:48:17.831503Z","2026-05-23T17:48:21.201725Z",1779558497.8315,1779558501.20173,0.000688,0.000804,0.000845,3.353379,3.353467,3.352534,8.80000000003101e-05,3.3469,0.0233225685119627
"2026-05-23T17:48:21.535Z","run_bootstrap",21,"http://client3:8000","run","http://client3:8000/run",1,TRUE,200,1109,254,3.51981353759766,"2026-05-23T17:48:17.831869Z","2026-05-23T17:48:21.351682Z",1779558497.83187,1779558501.35168,0.000577,0.000643,0.000678,3.499686,3.499739,3.499008,5.29999999998587e-05,3.4935,0.0263135375976562
"2026-05-23T17:48:25.240Z","run_bootstrap",22,"http://client1:8000","run","http://client1:8000/run",1,TRUE,200,1109,254,3.44016909599304,"2026-05-23T17:48:21.559751Z","2026-05-23T17:48:24.999920Z",1779558501.55975,1779558504.99992,0.000498,0.000572,0.000607,3.418668,3.418717,3.418061,4.90000000001878e-05,3.4118,0.028369095993042
"2026-05-23T17:48:25.240Z","run_bootstrap",22,"http://client2:8000","run","http://client2:8000/run",1,TRUE,200,1109,250,3.67553353309631,"2026-05-23T17:48:21.560431Z","2026-05-23T17:48:25.235964Z",1779558501.56043,1779558505.23596,0.00052,0.00061,0.000645,3.654998,3.65504,3.654353,4.20000000000975e-05,3.6479,0.0276335330963136
"2026-05-23T17:48:25.240Z","run_bootstrap",22,"http://client3:8000","run","http://client3:8000/run",1,TRUE,200,1109,254,3.47491192817688,"2026-05-23T17:48:21.558600Z","2026-05-23T17:48:25.033512Z",1779558501.5586,1779558505.03351,0.000519,0.000624,0.000661,3.460244,3.460286,3.459583,4.20000000000975e-05,3.4535,0.0214119281768799
"2026-05-23T17:48:28.911Z","run_bootstrap",23,"http://client1:8000","run","http://client1:8000/run",1,TRUE,200,1107,254,3.65260696411133,"2026-05-23T17:48:25.253435Z","2026-05-23T17:48:28.906042Z",1779558505.25344,1779558508.90604,0.000584,0.000708,0.000743,3.637871,3.637906,3.637128,3.50000000000072e-05,3.6305,0.0221069641113281
"2026-05-23T17:48:28.911Z","run_bootstrap",23,"http://client2:8000","run","http://client2:8000/run",1,TRUE,200,1107,250,3.25907254219055,"2026-05-23T17:48:25.254179Z","2026-05-23T17:48:28.513252Z",1779558505.25418,1779558508.51325,0.000511,0.000602,0.000633,3.238997,3.239046,3.238364,4.90000000001878e-05,3.2313,0.0277725421905517
"2026-05-23T17:48:28.911Z","run_bootstrap",23,"http://client3:8000","run","http://client3:8000/run",1,TRUE,200,1107,254,3.52069425582886,"2026-05-23T17:48:25.254507Z","2026-05-23T17:48:28.775201Z",1779558505.25451,1779558508.7752,0.000511,0.000606,0.000637,3.50581,3.505853,3.505173,4.30000000002373e-05,3.4992,0.0214942558288573
"2026-05-23T17:48:32.536Z","run_bootstrap",24,"http://client1:8000","run","http://client1:8000/run",1,TRUE,200,1107,254,3.54620051383972,"2026-05-23T17:48:28.923674Z","2026-05-23T17:48:32.469875Z",1779558508.92367,1779558512.46988,0.000585,0.000659,0.000677,3.531369,3.531411,3.530692,4.19999999996534e-05,3.5244,0.0218005138397217
"2026-05-23T17:48:32.536Z","run_bootstrap",24,"http://client2:8000","run","http://client2:8000/run",1,TRUE,200,1107,250,3.48331952095032,"2026-05-23T17:48:28.924377Z","2026-05-23T17:48:32.407696Z",1779558508.92438,1779558512.4077,0.000574,0.000634,0.00065,3.469506,3.469548,3.468856,4.20000000000975e-05,3.4628,0.0205195209503173
"2026-05-23T17:48:32.536Z","run_bootstrap",24,"http://client3:8000","run","http://client3:8000/run",1,TRUE,200,1107,254,3.60685420036316,"2026-05-23T17:48:28.924973Z","2026-05-23T17:48:32.531827Z",1779558508.92497,1779558512.53183,0.000475,0.000554,0.000581,3.594028,3.594067,3.593447,3.90000000001223e-05,3.5874,0.019454200363159
"2026-05-23T17:48:36.290Z","run_bootstrap",25,"http://client1:8000","run","http://client1:8000/run",1,TRUE,200,1108,253,3.47796821594238,"2026-05-23T17:48:32.547548Z","2026-05-23T17:48:36.025516Z",1779558512.54755,1779558516.02552,0.000631,0.000748,0.000782,3.463145,3.463187,3.462363,4.20000000000975e-05,3.4554,0.0225682159423828
"2026-05-23T17:48:36.290Z","run_bootstrap",25,"http://client2:8000","run","http://client2:8000/run",1,TRUE,200,1108,248,3.73812508583069,"2026-05-23T17:48:32.548315Z","2026-05-23T17:48:36.286440Z",1779558512.54832,1779558516.28644,0.000518,0.000637,0.000674,3.721304,3.721349,3.72063,4.50000000000728e-05,3.7131,0.0250250858306886
"2026-05-23T17:48:36.290Z","run_bootstrap",25,"http://client3:8000","run","http://client3:8000/run",1,TRUE,200,1108,254,3.46591806411743,"2026-05-23T17:48:32.548805Z","2026-05-23T17:48:36.014723Z",1779558512.54881,1779558516.01472,0.00052,0.000629,0.000663,3.449923,3.449966,3.44926,4.29999999997932e-05,3.4429,0.0230180641174318
"2026-05-23T17:48:40.060Z","run_bootstrap",26,"http://client1:8000","run","http://client1:8000/run",1,TRUE,200,1108,253,3.58568644523621,"2026-05-23T17:48:36.302618Z","2026-05-23T17:48:39.888305Z",1779558516.30262,1779558519.88831,0.000745,0.00087,0.000905,3.569867,3.569907,3.568962,4.0000000000262e-05,3.5611,0.0245864452362059
"2026-05-23T17:48:40.060Z","run_bootstrap",26,"http://client2:8000","run","http://client2:8000/run",1,TRUE,200,1108,248,3.75229954719543,"2026-05-23T17:48:36.303322Z","2026-05-23T17:48:40.055622Z",1779558516.30332,1779558520.05562,0.000444,0.000544,0.00058,3.732327,3.732371,3.731747,4.3999999999933e-05,3.7235,0.0287995471954345
"2026-05-23T17:48:40.060Z","run_bootstrap",26,"http://client3:8000","run","http://client3:8000/run",1,TRUE,200,1108,254,3.54159069061279,"2026-05-23T17:48:36.303835Z","2026-05-23T17:48:39.845426Z",1779558516.30384,1779558519.84543,0.000559,0.000643,0.000678,3.521786,3.521836,3.521108,4.99999999998835e-05,3.5127,0.0288906906127928
"2026-05-23T17:48:43.644Z","run_bootstrap",27,"http://client1:8000","run","http://client1:8000/run",1,TRUE,200,1108,254,3.56939792633057,"2026-05-23T17:48:40.070418Z","2026-05-23T17:48:43.639816Z",1779558520.07042,1779558523.63982,0.000689,0.000752,0.000771,3.551186,3.551212,3.550415,2.60000000000815e-05,3.5436,0.0257979263305663
"2026-05-23T17:48:43.644Z","run_bootstrap",27,"http://client2:8000","run","http://client2:8000/run",1,TRUE,200,1108,249,3.54578614234924,"2026-05-23T17:48:40.071688Z","2026-05-23T17:48:43.617474Z",1779558520.07169,1779558523.61747,0.000486,0.000567,0.000601,3.523905,3.523936,3.523304,3.09999999998922e-05,3.5161,0.0296861423492434
"2026-05-23T17:48:43.644Z","run_bootstrap",27,"http://client3:8000","run","http://client3:8000/run",1,TRUE,200,1108,253,3.54061627388,"2026-05-23T17:48:40.071065Z","2026-05-23T17:48:43.611681Z",1779558520.07107,1779558523.61168,0.000604,0.000689,0.000715,3.522274,3.522307,3.521559,3.30000000001718e-05,3.515,0.0256162738800048
"2026-05-23T17:48:47.246Z","run_bootstrap",28,"http://client1:8000","run","http://client1:8000/run",1,TRUE,200,1108,254,3.30518078804016,"2026-05-23T17:48:43.660259Z","2026-05-23T17:48:46.965440Z",1779558523.66026,1779558526.96544,0.000458,0.000566,0.000603,3.290836,3.290879,3.290233,4.29999999997932e-05,3.2839,0.0212807880401611
"2026-05-23T17:48:47.246Z","run_bootstrap",28,"http://client2:8000","run","http://client2:8000/run",1,TRUE,200,1108,249,3.57818579673767,"2026-05-23T17:48:43.660910Z","2026-05-23T17:48:47.239096Z",1779558523.66091,1779558527.2391,0.000458,0.000536,0.000569,3.557183,3.557225,3.556614,4.19999999996534e-05,3.5503,0.0278857967376709
"2026-05-23T17:48:47.246Z","run_bootstrap",28,"http://client3:8000","run","http://client3:8000/run",1,TRUE,200,1108,254,3.58086895942688,"2026-05-23T17:48:43.661388Z","2026-05-23T17:48:47.242257Z",1779558523.66139,1779558527.24226,0.000583,0.000669,0.000701,3.559085,3.559124,3.558384,3.90000000001223e-05,3.5521,0.0287689594268801
"2026-05-23T17:48:50.871Z","run_bootstrap",29,"http://client1:8000","run","http://client1:8000/run",1,TRUE,200,1109,254,3.54631161689758,"2026-05-23T17:48:47.257512Z","2026-05-23T17:48:50.803824Z",1779558527.25751,1779558530.80382,0.000708,0.000789,0.000828,3.533231,3.533272,3.532403,4.10000000004018e-05,3.5255,0.0208116168975829
"2026-05-23T17:48:50.871Z","run_bootstrap",29,"http://client2:8000","run","http://client2:8000/run",1,TRUE,200,1109,251,3.60467195510864,"2026-05-23T17:48:47.259600Z","2026-05-23T17:48:50.864272Z",1779558527.2596,1779558530.86427,0.000558,0.00065,0.000689,3.586077,3.586119,3.585388,4.20000000000975e-05,3.5784,0.0262719551086428
"2026-05-23T17:48:50.871Z","run_bootstrap",29,"http://client3:8000","run","http://client3:8000/run",1,TRUE,200,1109,253,3.44549202919006,"2026-05-23T17:48:47.260022Z","2026-05-23T17:48:50.705514Z",1779558527.26002,1779558530.70551,0.00047,0.000585,0.00063,3.424875,3.424928,3.424245,5.29999999998587e-05,3.4155,0.0299920291900633
"2026-05-23T17:48:54.650Z","run_bootstrap",30,"http://client1:8000","run","http://client1:8000/run",1,TRUE,200,1109,254,3.76369428634644,"2026-05-23T17:48:50.882730Z","2026-05-23T17:48:54.646425Z",1779558530.88273,1779558534.64643,0.000783,0.000891,0.000938,3.750752,3.750784,3.749814,3.2000000000032e-05,3.7436,0.0200942863464357
"2026-05-23T17:48:54.650Z","run_bootstrap",30,"http://client2:8000","run","http://client2:8000/run",1,TRUE,200,1109,251,3.48774743080139,"2026-05-23T17:48:50.883783Z","2026-05-23T17:48:54.371530Z",1779558530.88378,1779558534.37153,0.000558,0.000661,0.000728,3.475033,3.475194,3.474305,0.0001610000000003,3.4682,0.0195474308013917
"2026-05-23T17:48:54.650Z","run_bootstrap",30,"http://client3:8000","run","http://client3:8000/run",1,TRUE,200,1109,253,3.45230960845947,"2026-05-23T17:48:50.883982Z","2026-05-23T17:48:54.336292Z",1779558530.88398,1779558534.33629,0.000558,0.000649,0.000709,3.439216,3.439258,3.438507,4.20000000000975e-05,3.4325,0.0198096084594725
"2026-05-23T17:48:58.301Z","run_bootstrap",31,"http://client1:8000","run","http://client1:8000/run",1,TRUE,200,1107,252,3.63296413421631,"2026-05-23T17:48:54.662114Z","2026-05-23T17:48:58.295078Z",1779558534.66211,1779558538.29508,0.000549,0.000644,0.000688,3.614229,3.614269,3.613541,4.0000000000262e-05,3.607,0.0259641342163084
"2026-05-23T17:48:58.301Z","run_bootstrap",31,"http://client2:8000","run","http://client2:8000/run",1,TRUE,200,1107,250,3.6150529384613,"2026-05-23T17:48:54.662991Z","2026-05-23T17:48:58.278044Z",1779558534.66299,1779558538.27804,0.000501,0.000579,0.00061,3.594557,3.594601,3.593947,4.3999999999933e-05,3.5868,0.0282529384613035
"2026-05-23T17:48:58.301Z","run_bootstrap",31,"http://client3:8000","run","http://client3:8000/run",1,TRUE,200,1107,253,3.56368970870972,"2026-05-23T17:48:54.663539Z","2026-05-23T17:48:58.227228Z",1779558534.66354,1779558538.22723,0.000521,0.000639,0.000688,3.546333,3.546375,3.545645,4.19999999996534e-05,3.5377,0.0259897087097167
"2026-05-23T17:49:01.907Z","run_bootstrap",32,"http://client1:8000","run","http://client1:8000/run",1,TRUE,200,1107,253,3.58352303504944,"2026-05-23T17:48:58.313421Z","2026-05-23T17:49:01.896944Z",1779558538.31342,1779558541.89694,0.000503,0.000609,0.000651,3.569739,3.56977,3.569088,3.09999999998922e-05,3.5626,0.0209230350494383
"2026-05-23T17:49:01.907Z","run_bootstrap",32,"http://client2:8000","run","http://client2:8000/run",1,TRUE,200,1107,249,3.44972133636475,"2026-05-23T17:48:58.313905Z","2026-05-23T17:49:01.763626Z",1779558538.31391,1779558541.76363,0.000684,0.000789,0.000833,3.436214,3.436258,3.435381,4.3999999999933e-05,3.429,0.0207213363647463
"2026-05-23T17:49:01.907Z","run_bootstrap",32,"http://client3:8000","run","http://client3:8000/run",1,TRUE,200,1107,253,3.49017786979675,"2026-05-23T17:48:58.314463Z","2026-05-23T17:49:01.804641Z",1779558538.31446,1779558541.80464,0.000563,0.000645,0.000695,3.472087,3.472132,3.471392,4.50000000000728e-05,3.4633,0.0268778697967531
"2026-05-23T17:49:05.720Z","run_bootstrap",33,"http://client1:8000","run","http://client1:8000/run",1,TRUE,200,1106,255,3.67165184020996,"2026-05-23T17:49:01.922473Z","2026-05-23T17:49:05.594125Z",1779558541.92247,1779558545.59413,0.000638,0.000712,0.000735,3.656673,3.656733,3.655938,5.9999999999949e-05,3.6495,0.0221518402099607
"2026-05-23T17:49:05.720Z","run_bootstrap",33,"http://client2:8000","run","http://client2:8000/run",1,TRUE,200,1106,252,3.79087948799133,"2026-05-23T17:49:01.923488Z","2026-05-23T17:49:05.714367Z",1779558541.92349,1779558545.71437,0.000677,0.000757,0.000788,3.776919,3.776962,3.776131,4.30000000002373e-05,3.7699,0.0209794879913332
"2026-05-23T17:49:05.720Z","run_bootstrap",33,"http://client3:8000","run","http://client3:8000/run",1,TRUE,200,1106,251,3.59785413742065,"2026-05-23T17:49:01.922891Z","2026-05-23T17:49:05.520745Z",1779558541.92289,1779558545.52075,0.000624,0.000699,0.00072,3.583255,3.583298,3.582535,4.30000000002373e-05,3.5752,0.0226541374206541
"2026-05-23T17:49:09.499Z","run_bootstrap",34,"http://client1:8000","run","http://client1:8000/run",1,TRUE,200,1106,255,3.70094275474548,"2026-05-23T17:49:05.731927Z","2026-05-23T17:49:09.432869Z",1779558545.73193,1779558549.43287,0.000652,0.000766,0.000801,3.687162,3.687209,3.686361,4.70000000003523e-05,3.6795,0.0214427547454834
"2026-05-23T17:49:09.499Z","run_bootstrap",34,"http://client2:8000","run","http://client2:8000/run",1,TRUE,200,1106,252,3.59241771697998,"2026-05-23T17:49:05.734075Z","2026-05-23T17:49:09.326493Z",1779558545.73408,1779558549.32649,0.000605,0.000705,0.000728,3.57943,3.579471,3.578702,4.09999999999577e-05,3.5725,0.0199177169799807
"2026-05-23T17:49:09.499Z","run_bootstrap",34,"http://client3:8000","run","http://client3:8000/run",1,TRUE,200,1106,251,3.75987434387207,"2026-05-23T17:49:05.734653Z","2026-05-23T17:49:09.494528Z",1779558545.73465,1779558549.49453,0.000525,0.000608,0.000638,3.744519,3.744561,3.743881,4.20000000000975e-05,3.7373,0.0225743438720705
"2026-05-23T17:49:13.340Z","run_bootstrap",35,"http://client1:8000","run","http://client1:8000/run",1,TRUE,200,1105,254,3.58717513084412,"2026-05-23T17:49:09.510541Z","2026-05-23T17:49:13.097716Z",1779558549.51054,1779558553.09772,0.000413,0.00049,0.000521,3.572797,3.572844,3.572276,4.69999999999082e-05,3.5657,0.0214751308441161
"2026-05-23T17:49:13.340Z","run_bootstrap",35,"http://client2:8000","run","http://client2:8000/run",1,TRUE,200,1105,248,3.82540345191956,"2026-05-23T17:49:09.511020Z","2026-05-23T17:49:13.336423Z",1779558549.51102,1779558553.33642,0.00061,0.000701,0.000734,3.812022,3.812062,3.811288,4.0000000000262e-05,3.8052,0.0202034519195555
"2026-05-23T17:49:13.340Z","run_bootstrap",35,"http://client3:8000","run","http://client3:8000/run",1,TRUE,200,1105,250,3.67944169044495,"2026-05-23T17:49:09.510391Z","2026-05-23T17:49:13.189833Z",1779558549.51039,1779558553.18983,0.000688,0.000797,0.000834,3.666011,3.666055,3.665177,4.3999999999933e-05,3.659,0.0204416904449465
"2026-05-23T17:49:17.254Z","run_bootstrap",36,"http://client1:8000","run","http://client1:8000/run",1,TRUE,200,1105,254,3.67856049537659,"2026-05-23T17:49:13.352779Z","2026-05-23T17:49:17.031339Z",1779558553.35278,1779558557.03134,0.000587,0.000694,0.000734,3.660672,3.660722,3.659938,4.99999999998835e-05,3.6535,0.0250604953765867
"2026-05-23T17:49:17.254Z","run_bootstrap",36,"http://client2:8000","run","http://client2:8000/run",1,TRUE,200,1105,248,3.89392375946045,"2026-05-23T17:49:13.353502Z","2026-05-23T17:49:17.247426Z",1779558553.3535,1779558557.24743,0.000588,0.000715,0.000762,3.87378,3.873824,3.873018,4.3999999999933e-05,3.8668,0.0271237594604492
"2026-05-23T17:49:17.254Z","run_bootstrap",36,"http://client3:8000","run","http://client3:8000/run",1,TRUE,200,1105,251,3.61069202423096,"2026-05-23T17:49:13.354016Z","2026-05-23T17:49:16.964708Z",1779558553.35402,1779558556.96471,0.000646,0.000739,0.00078,3.590625,3.59067,3.589845,4.49999999996287e-05,3.5834,0.0272920242309569
"2026-05-23T17:49:21.183Z","run_bootstrap",37,"http://client1:8000","run","http://client1:8000/run",1,TRUE,200,1108,252,3.65556144714355,"2026-05-23T17:49:17.271283Z","2026-05-23T17:49:20.926845Z",1779558557.27128,1779558560.92685,0.000683,0.000758,0.000778,3.641549,3.641604,3.640771,5.50000000001383e-05,3.6342,0.0213614471435548
"2026-05-23T17:49:21.183Z","run_bootstrap",37,"http://client2:8000","run","http://client2:8000/run",1,TRUE,200,1108,250,3.61225533485413,"2026-05-23T17:49:17.271140Z","2026-05-23T17:49:20.883395Z",1779558557.27114,1779558560.8834,0.000592,0.000671,0.000692,3.59882,3.598863,3.598128,4.30000000002373e-05,3.5918,0.0204553348541259
"2026-05-23T17:49:21.183Z","run_bootstrap",37,"http://client3:8000","run","http://client3:8000/run",1,TRUE,200,1108,251,3.90509128570557,"2026-05-23T17:49:17.271381Z","2026-05-23T17:49:21.176473Z",1779558557.27138,1779558561.17647,0.000687,0.000777,0.000808,3.891176,3.891218,3.890368,4.19999999996534e-05,3.8842,0.0208912857055665
"2026-05-23T17:49:24.912Z","run_bootstrap",38,"http://client1:8000","run","http://client1:8000/run",1,TRUE,200,1108,252,3.71340274810791,"2026-05-23T17:49:21.194624Z","2026-05-23T17:49:24.908027Z",1779558561.19462,1779558564.90803,0.000597,0.000693,0.000731,3.693547,3.693577,3.692816,2.99999999997524e-05,3.6857,0.02770274810791
"2026-05-23T17:49:24.912Z","run_bootstrap",38,"http://client2:8000","run","http://client2:8000/run",1,TRUE,200,1108,250,3.68786573410034,"2026-05-23T17:49:21.195262Z","2026-05-23T17:49:24.883127Z",1779558561.19526,1779558564.88313,0.000716,0.000772,0.000791,3.668612,3.668644,3.667821,3.2000000000032e-05,3.6605,0.0273657341003419
"2026-05-23T17:49:24.912Z","run_bootstrap",38,"http://client3:8000","run","http://client3:8000/run",1,TRUE,200,1108,251,3.62889051437378,"2026-05-23T17:49:21.195708Z","2026-05-23T17:49:24.824598Z",1779558561.19571,1779558564.8246,0.000653,0.000734,0.000753,3.609318,3.609365,3.608565,4.69999999999082e-05,3.5988,0.0300905143737791
"2026-05-23T17:49:28.594Z","run_bootstrap",39,"http://client1:8000","run","http://client1:8000/run",1,TRUE,200,1109,253,3.66225981712341,"2026-05-23T17:49:24.926590Z","2026-05-23T17:49:28.588850Z",1779558564.92659,1779558568.58885,0.000463,0.000539,0.000563,3.6484,3.648447,3.647837,4.69999999999082e-05,3.6399,0.0223598171234132
"2026-05-23T17:49:28.594Z","run_bootstrap",39,"http://client2:8000","run","http://client2:8000/run",1,TRUE,200,1109,249,3.51987838745117,"2026-05-23T17:49:24.926858Z","2026-05-23T17:49:28.446737Z",1779558564.92686,1779558568.44674,0.000486,0.000553,0.000578,3.507058,3.507096,3.50648,3.80000000004266e-05,3.5003,0.0195783874511717
"2026-05-23T17:49:28.594Z","run_bootstrap",39,"http://client3:8000","run","http://client3:8000/run",1,TRUE,200,1109,250,3.55422377586365,"2026-05-23T17:49:24.927454Z","2026-05-23T17:49:28.481678Z",1779558564.92745,1779558568.48168,0.000624,0.000701,0.000737,3.541229,3.541274,3.540492,4.50000000000728e-05,3.533,0.0212237758636475
"2026-05-23T17:49:32.501Z","run_bootstrap",40,"http://client1:8000","run","http://client1:8000/run",1,TRUE,200,1109,253,3.76674675941467,"2026-05-23T17:49:28.606902Z","2026-05-23T17:49:32.373649Z",1779558568.6069,1779558572.37365,0.000489,0.000547,0.000568,3.753422,3.753458,3.752854,3.6000000000147e-05,3.6044,0.162346759414673
"2026-05-23T17:49:32.501Z","run_bootstrap",40,"http://client2:8000","run","http://client2:8000/run",1,TRUE,200,1109,249,3.82450819015503,"2026-05-23T17:49:28.607561Z","2026-05-23T17:49:32.432070Z",1779558568.60756,1779558572.43207,0.000468,0.000548,0.00057,3.811936,3.811973,3.811366,3.69999999998427e-05,3.6535,0.171008190155029
"2026-05-23T17:49:32.501Z","run_bootstrap",40,"http://client3:8000","run","http://client3:8000/run",1,TRUE,200,1109,250,3.88712024688721,"2026-05-23T17:49:28.609264Z","2026-05-23T17:49:32.496384Z",1779558568.60926,1779558572.49638,0.000414,0.000488,0.000518,3.874888,3.874923,3.87437,3.50000000000072e-05,3.729,0.158120246887207
"2026-05-23T17:49:36.164Z","run_bootstrap",41,"http://client1:8000","run","http://client1:8000/run",1,TRUE,200,1108,253,3.64802432060242,"2026-05-23T17:49:32.512096Z","2026-05-23T17:49:36.160120Z",1779558572.5121,1779558576.16012,0.000601,0.000718,0.000757,3.631267,3.631304,3.63051,3.70000000002868e-05,3.6243,0.0237243206024171
"2026-05-23T17:49:36.164Z","run_bootstrap",41,"http://client2:8000","run","http://client2:8000/run",1,TRUE,200,1108,247,3.19817972183228,"2026-05-23T17:49:32.512710Z","2026-05-23T17:49:35.710890Z",1779558572.51271,1779558575.71089,0.000515,0.000702,0.000771,3.180697,3.180744,3.179926,4.69999999999082e-05,3.171,0.0271797218322756
"2026-05-23T17:49:36.164Z","run_bootstrap",41,"http://client3:8000","run","http://client3:8000/run",1,TRUE,200,1108,250,3.42571640014648,"2026-05-23T17:49:32.512021Z","2026-05-23T17:49:35.937737Z",1779558572.51202,1779558575.93774,0.000631,0.000735,0.000769,3.412766,3.412814,3.411997,4.8000000000048e-05,3.4059,0.0198164001464844
"2026-05-23T17:49:39.877Z","run_bootstrap",42,"http://client1:8000","run","http://client1:8000/run",1,TRUE,200,1108,253,3.69607591629028,"2026-05-23T17:49:36.176507Z","2026-05-23T17:49:39.872583Z",1779558576.17651,1779558579.87258,0.000624,0.000708,0.000753,3.682904,3.682948,3.682151,4.3999999999933e-05,3.6756,0.020475916290283
"2026-05-23T17:49:39.877Z","run_bootstrap",42,"http://client2:8000","run","http://client2:8000/run",1,TRUE,200,1108,248,3.5456337928772,"2026-05-23T17:49:36.177170Z","2026-05-23T17:49:39.722804Z",1779558576.17717,1779558579.7228,0.000505,0.000582,0.000612,3.529981,3.530023,3.529369,4.20000000000975e-05,3.5223,0.0233337928771973
"2026-05-23T17:49:39.877Z","run_bootstrap",42,"http://client3:8000","run","http://client3:8000/run",1,TRUE,200,1108,249,3.55561876296997,"2026-05-23T17:49:36.176534Z","2026-05-23T17:49:39.732153Z",1779558576.17653,1779558579.73215,0.000418,0.000503,0.000524,3.542896,3.542933,3.542372,3.70000000002868e-05,3.536,0.0196187629699707
"2026-05-23T17:49:43.536Z","run_bootstrap",43,"http://client1:8000","run","http://client1:8000/run",1,TRUE,200,1109,255,3.64166307449341,"2026-05-23T17:49:39.888115Z","2026-05-23T17:49:43.529778Z",1779558579.88812,1779558583.52978,0.000528,0.000658,0.000706,3.618974,3.619021,3.618268,4.69999999999082e-05,3.6021,0.0395630744934081
"2026-05-23T17:49:43.536Z","run_bootstrap",43,"http://client2:8000","run","http://client2:8000/run",1,TRUE,200,1109,250,3.48339557647705,"2026-05-23T17:49:39.887661Z","2026-05-23T17:49:43.371056Z",1779558579.88766,1779558583.37106,0.000794,0.000907,0.000942,3.462935,3.463003,3.461993,6.8000000000179e-05,3.4453,0.0380955764770508
"2026-05-23T17:49:43.536Z","run_bootstrap",43,"http://client3:8000","run","http://client3:8000/run",1,TRUE,200,1109,250,3.40439486503601,"2026-05-23T17:49:39.889186Z","2026-05-23T17:49:43.293581Z",1779558579.88919,1779558583.29358,0.000836,0.000928,0.00096,3.382008,3.38207,3.381048,6.20000000002285e-05,3.3635,0.0408948650360106
"2026-05-23T17:49:47.075Z","run_bootstrap",44,"http://client1:8000","run","http://client1:8000/run",1,TRUE,200,1109,254,3.47164368629456,"2026-05-23T17:49:43.552054Z","2026-05-23T17:49:47.023698Z",1779558583.55205,1779558587.0237,0.000762,0.000864,0.000901,3.45638,3.456426,3.455479,4.60000000002125e-05,3.449,0.0226436862945558
"2026-05-23T17:49:47.075Z","run_bootstrap",44,"http://client2:8000","run","http://client2:8000/run",1,TRUE,200,1109,249,3.3924834728241,"2026-05-23T17:49:43.554015Z","2026-05-23T17:49:46.946499Z",1779558583.55402,1779558586.9465,0.00055,0.000637,0.000685,3.374702,3.374748,3.374017,4.59999999997684e-05,3.368,0.0244834728240968
"2026-05-23T17:49:47.075Z","run_bootstrap",44,"http://client3:8000","run","http://client3:8000/run",1,TRUE,200,1109,250,3.5162467956543,"2026-05-23T17:49:43.554285Z","2026-05-23T17:49:47.070532Z",1779558583.55429,1779558587.07053,0.000365,0.000428,0.000447,3.499146,3.499187,3.498699,4.09999999999577e-05,3.4924,0.0238467956542969
"2026-05-23T17:49:50.798Z","run_bootstrap",45,"http://client1:8000","run","http://client1:8000/run",1,TRUE,200,1109,255,3.70401501655579,"2026-05-23T17:49:47.087348Z","2026-05-23T17:49:50.791363Z",1779558587.08735,1779558590.79136,0.00053,0.000606,0.000637,3.687539,3.687684,3.686902,0.00014499999999984,3.6795,0.0245150165557861
"2026-05-23T17:49:50.798Z","run_bootstrap",45,"http://client2:8000","run","http://client2:8000/run",1,TRUE,200,1109,249,3.48272323608398,"2026-05-23T17:49:47.087932Z","2026-05-23T17:49:50.570655Z",1779558587.08793,1779558590.57066,0.000399,0.000478,5e-04,3.469647,3.469688,3.469147,4.09999999999577e-05,3.4629,0.0198232360839845
"2026-05-23T17:49:50.798Z","run_bootstrap",45,"http://client3:8000","run","http://client3:8000/run",1,TRUE,200,1109,253,3.2205126285553,"2026-05-23T17:49:47.087289Z","2026-05-23T17:49:50.307801Z",1779558587.08729,1779558590.3078,0.000513,0.000578,0.000597,3.206819,3.206877,3.206222,5.80000000001135e-05,3.1968,0.0237126285552978
"2026-05-23T17:49:54.447Z","run_bootstrap",46,"http://client1:8000","run","http://client1:8000/run",1,TRUE,200,1109,255,3.63004732131958,"2026-05-23T17:49:50.810031Z","2026-05-23T17:49:54.440078Z",1779558590.81003,1779558594.44008,0.000574,0.000687,0.000721,3.609403,3.609445,3.608682,4.20000000000975e-05,3.6022,0.0278473213195802
"2026-05-23T17:49:54.447Z","run_bootstrap",46,"http://client2:8000","run","http://client2:8000/run",1,TRUE,200,1109,249,3.59555292129517,"2026-05-23T17:49:50.810464Z","2026-05-23T17:49:54.406017Z",1779558590.81046,1779558594.40602,0.000522,0.000726,0.000751,3.574785,3.574825,3.574034,4.0000000000262e-05,3.5681,0.0274529212951662
"2026-05-23T17:49:54.447Z","run_bootstrap",46,"http://client3:8000","run","http://client3:8000/run",1,TRUE,200,1109,253,3.34361696243286,"2026-05-23T17:49:50.810945Z","2026-05-23T17:49:54.154561Z",1779558590.81095,1779558594.15456,0.000626,0.000725,0.000757,3.322534,3.32258,3.321777,4.59999999997684e-05,3.3156,0.0280169624328614
"2026-05-23T17:49:58.062Z","run_bootstrap",47,"http://client1:8000","run","http://client1:8000/run",1,TRUE,200,1109,253,3.59950613975525,"2026-05-23T17:49:54.458162Z","2026-05-23T17:49:58.057668Z",1779558594.45816,1779558598.05767,0.000455,0.000538,0.000563,3.586351,3.586391,3.585788,3.9999999999818e-05,3.57,0.0295061397552492
"2026-05-23T17:49:58.062Z","run_bootstrap",47,"http://client2:8000","run","http://client2:8000/run",1,TRUE,200,1109,251,3.59691977500916,"2026-05-23T17:49:54.458736Z","2026-05-23T17:49:58.055656Z",1779558594.45874,1779558598.05566,0.000562,0.000636,0.000674,3.583319,3.583365,3.582645,4.60000000002125e-05,3.5765,0.0204197750091555
"2026-05-23T17:49:58.062Z","run_bootstrap",47,"http://client3:8000","run","http://client3:8000/run",1,TRUE,200,1109,250,3.59783053398132,"2026-05-23T17:49:54.457985Z","2026-05-23T17:49:58.055815Z",1779558594.45799,1779558598.05582,0.000634,0.000719,0.000761,3.58444,3.58449,3.583679,5.00000000003276e-05,3.5775,0.0203305339813231
"2026-05-23T17:50:01.882Z","run_bootstrap",48,"http://client1:8000","run","http://client1:8000/run",1,TRUE,200,1109,255,3.80398654937744,"2026-05-23T17:49:58.074491Z","2026-05-23T17:50:01.878477Z",1779558598.07449,1779558601.87848,0.00035,0.000429,0.00045,3.791305,3.791337,3.790855,3.2000000000032e-05,3.7846,0.0193865493774412
"2026-05-23T17:50:01.882Z","run_bootstrap",48,"http://client2:8000","run","http://client2:8000/run",1,TRUE,200,1109,251,3.69632840156555,"2026-05-23T17:49:58.075394Z","2026-05-23T17:50:01.771722Z",1779558598.07539,1779558601.77172,0.000583,0.000635,0.000654,3.683343,3.683383,3.682689,4.0000000000262e-05,3.6765,0.0198284015655519
"2026-05-23T17:50:01.882Z","run_bootstrap",48,"http://client3:8000","run","http://client3:8000/run",1,TRUE,200,1109,250,3.52159118652344,"2026-05-23T17:49:58.074678Z","2026-05-23T17:50:01.596269Z",1779558598.07468,1779558601.59627,0.000443,0.000494,0.000512,3.508392,3.508439,3.50788,4.69999999999082e-05,3.5019,0.0196911865234375
"2026-05-23T17:50:05.725Z","run_bootstrap",49,"http://client1:8000","run","http://client1:8000/run",1,TRUE,200,1109,254,3.56891131401062,"2026-05-23T17:50:01.898703Z","2026-05-23T17:50:05.467615Z",1779558601.8987,1779558605.46762,0.00083,0.000949,0.000985,3.554705,3.554752,3.55372,4.70000000003523e-05,3.5464,0.0225113140106199
"2026-05-23T17:50:05.725Z","run_bootstrap",49,"http://client2:8000","run","http://client2:8000/run",1,TRUE,200,1109,248,3.81666016578674,"2026-05-23T17:50:01.901539Z","2026-05-23T17:50:05.718199Z",1779558601.90154,1779558605.7182,0.000457,0.000577,0.000613,3.800417,3.800462,3.799804,4.50000000000728e-05,3.7934,0.0232601657867431
"2026-05-23T17:50:05.725Z","run_bootstrap",49,"http://client3:8000","run","http://client3:8000/run",1,TRUE,200,1109,252,3.81702208518982,"2026-05-23T17:50:01.901532Z","2026-05-23T17:50:05.718554Z",1779558601.90153,1779558605.71855,0.000478,0.000562,0.000597,3.80033,3.800375,3.799733,4.49999999996287e-05,3.7938,0.0232220851898193
"2026-05-23T17:50:09.545Z","run_bootstrap",50,"http://client1:8000","run","http://client1:8000/run",1,TRUE,200,1109,254,3.80155181884766,"2026-05-23T17:50:05.740137Z","2026-05-23T17:50:09.541689Z",1779558605.74014,1779558609.54169,0.000612,0.000735,0.000771,3.788467,3.788623,3.787696,0.000156000000000045,3.7809,0.0206518188476563
"2026-05-23T17:50:09.545Z","run_bootstrap",50,"http://client2:8000","run","http://client2:8000/run",1,TRUE,200,1109,248,3.7933886051178,"2026-05-23T17:50:05.742017Z","2026-05-23T17:50:09.535406Z",1779558605.74202,1779558609.53541,0.00046,0.000547,0.000579,3.776757,3.77688,3.776178,0.000122999999999873,3.7685,0.0248886051177979
"2026-05-23T17:50:09.545Z","run_bootstrap",50,"http://client3:8000","run","http://client3:8000/run",1,TRUE,200,1109,252,3.51717877388,"2026-05-23T17:50:05.741251Z","2026-05-23T17:50:09.258430Z",1779558605.74125,1779558609.25843,0.000515,0.000605,0.000637,3.504437,3.504553,3.5038,0.000116000000000227,3.4938,0.0233787738800051
"2026-05-23T17:50:13.423Z","run_bootstrap",51,"http://client1:8000","run","http://client1:8000/run",1,TRUE,200,1108,256,3.80549287796021,"2026-05-23T17:50:09.610758Z","2026-05-23T17:50:13.416250Z",1779558609.61076,1779558613.41625,0.000665,0.000774,0.000809,3.792543,3.792664,3.791734,0.000120999999999594,3.7827,0.0227928779602049
"2026-05-23T17:50:13.423Z","run_bootstrap",51,"http://client2:8000","run","http://client2:8000/run",1,TRUE,200,1108,255,3.77549457550049,"2026-05-23T17:50:09.612540Z","2026-05-23T17:50:13.388035Z",1779558609.61254,1779558613.38804,0.000517,0.000614,0.000647,3.763017,3.763274,3.76237,0.000256999999999952,3.7521,0.0233945755004883
"2026-05-23T17:50:13.423Z","run_bootstrap",51,"http://client3:8000","run","http://client3:8000/run",1,TRUE,200,1108,254,3.51232314109802,"2026-05-23T17:50:09.614028Z","2026-05-23T17:50:13.126351Z",1779558609.61403,1779558613.12635,0.000464,0.000546,0.00058,3.495747,3.495904,3.495167,0.000156999999999741,3.4864,0.0259231410980223
"2026-05-23T17:50:17.228Z","run_bootstrap",52,"http://client1:8000","run","http://client1:8000/run",1,TRUE,200,1108,255,3.72815942764282,"2026-05-23T17:50:13.436077Z","2026-05-23T17:50:17.164236Z",1779558613.43608,1779558617.16424,0.000453,0.000532,0.000555,3.711141,3.711301,3.710586,0.00016000000000016,3.704,0.0241594276428221
"2026-05-23T17:50:17.228Z","run_bootstrap",52,"http://client2:8000","run","http://client2:8000/run",1,TRUE,200,1108,255,3.58791208267212,"2026-05-23T17:50:13.436804Z","2026-05-23T17:50:17.024716Z",1779558613.4368,1779558617.02472,0.000629,0.000698,0.000728,3.571632,3.571764,3.570904,0.000131999999999799,3.5618,0.0261120826721193
"2026-05-23T17:50:17.228Z","run_bootstrap",52,"http://client3:8000","run","http://client3:8000/run",1,TRUE,200,1108,254,3.7835533618927,"2026-05-23T17:50:13.437559Z","2026-05-23T17:50:17.221112Z",1779558613.43756,1779558617.22111,0.00065,0.000728,0.000761,3.762783,3.762933,3.762022,0.00014999999999965,3.7546,0.0289533618927003
"2026-05-23T17:50:21.093Z","run_bootstrap",53,"http://client1:8000","run","http://client1:8000/run",1,TRUE,200,1109,260,3.67681241035461,"2026-05-23T17:50:17.239369Z","2026-05-23T17:50:20.916182Z",1779558617.23937,1779558620.91618,0.000508,0.000587,0.000619,3.662658,3.662776,3.662039,0.000118000000000062,3.6546,0.0222124103546144
"2026-05-23T17:50:21.093Z","run_bootstrap",53,"http://client2:8000","run","http://client2:8000/run",1,TRUE,200,1109,259,3.84732556343079,"2026-05-23T17:50:17.238757Z","2026-05-23T17:50:21.086082Z",1779558617.23876,1779558621.08608,0.000826,0.00091,0.000943,3.833139,3.83328,3.832196,0.000140999999999725,3.8257,0.0216255634307863
"2026-05-23T17:50:21.093Z","run_bootstrap",53,"http://client3:8000","run","http://client3:8000/run",1,TRUE,200,1109,260,3.51503205299377,"2026-05-23T17:50:17.238998Z","2026-05-23T17:50:20.754030Z",1779558617.239,1779558620.75403,0.000811,0.000895,0.000917,3.501492,3.501643,3.500575,0.000151000000000234,3.4935,0.0215320529937744
"2026-05-23T17:50:24.949Z","run_bootstrap",54,"http://client1:8000","run","http://client1:8000/run",1,TRUE,200,1109,260,3.61115479469299,"2026-05-23T17:50:21.105239Z","2026-05-23T17:50:24.716393Z",1779558621.10524,1779558624.71639,0.000472,0.000558,0.000581,3.597746,3.597878,3.597165,0.000132000000000243,3.5905,0.0206547946929931
"2026-05-23T17:50:24.949Z","run_bootstrap",54,"http://client2:8000","run","http://client2:8000/run",1,TRUE,200,1109,259,3.54103350639343,"2026-05-23T17:50:21.105884Z","2026-05-23T17:50:24.646918Z",1779558621.10588,1779558624.64692,0.000531,0.000652,0.000683,3.520987,3.521108,3.520304,0.000121000000000038,3.5129,0.0281335063934325
"2026-05-23T17:50:24.949Z","run_bootstrap",54,"http://client3:8000","run","http://client3:8000/run",1,TRUE,200,1109,260,3.83956742286682,"2026-05-23T17:50:21.105086Z","2026-05-23T17:50:24.944653Z",1779558621.10509,1779558624.94465,0.000514,0.000572,0.00059,3.825374,3.825518,3.824784,0.000144000000000144,3.8179,0.0216674228668214
"2026-05-23T17:50:28.587Z","run_bootstrap",55,"http://client1:8000","run","http://client1:8000/run",1,TRUE,200,1109,252,3.62184071540833,"2026-05-23T17:50:24.960833Z","2026-05-23T17:50:28.582674Z",1779558624.96083,1779558628.58267,0.000652,0.000765,0.00081,3.607639,3.60774,3.606829,0.000101000000000351,3.5943,0.0275407154083251
"2026-05-23T17:50:28.587Z","run_bootstrap",55,"http://client2:8000","run","http://client2:8000/run",1,TRUE,200,1109,253,3.40697002410889,"2026-05-23T17:50:24.961841Z","2026-05-23T17:50:28.368811Z",1779558624.96184,1779558628.36881,0.00071,0.000802,0.000844,3.392253,3.392416,3.391409,0.000162999999999691,3.3816,0.0253700241088866
"2026-05-23T17:50:28.587Z","run_bootstrap",55,"http://client3:8000","run","http://client3:8000/run",1,TRUE,200,1109,256,3.59492826461792,"2026-05-23T17:50:24.963831Z","2026-05-23T17:50:28.558759Z",1779558624.96383,1779558628.55876,0.00058,0.000655,0.000694,3.579358,3.579499,3.578664,0.000141000000000169,3.5725,0.0224282646179201
"2026-05-23T17:50:32.411Z","run_bootstrap",56,"http://client1:8000","run","http://client1:8000/run",1,TRUE,200,1109,252,3.43224310874939,"2026-05-23T17:50:28.600608Z","2026-05-23T17:50:32.032851Z",1779558628.60061,1779558632.03285,0.000514,0.000588,0.000619,3.412969,3.413102,3.41235,0.000132999999999939,3.4057,0.0265431087493897
"2026-05-23T17:50:32.411Z","run_bootstrap",56,"http://client2:8000","run","http://client2:8000/run",1,TRUE,200,1109,253,3.61121940612793,"2026-05-23T17:50:28.600129Z","2026-05-23T17:50:32.211349Z",1779558628.60013,1779558632.21135,0.000524,0.000579,0.000598,3.594234,3.594369,3.593636,0.000134999999999774,3.5873,0.0239194061279298
"2026-05-23T17:50:32.411Z","run_bootstrap",56,"http://client3:8000","run","http://client3:8000/run",1,TRUE,200,1109,256,3.8065242767334,"2026-05-23T17:50:28.600930Z","2026-05-23T17:50:32.407454Z",1779558628.60093,1779558632.40745,0.000438,0.000518,0.000541,3.790051,3.790214,3.78951,0.000163000000000135,3.7821,0.0244242767333986
"2026-05-23T17:50:36.257Z","run_bootstrap",57,"http://client1:8000","run","http://client1:8000/run",1,TRUE,200,1109,250,3.82791256904602,"2026-05-23T17:50:32.425228Z","2026-05-23T17:50:36.253140Z",1779558632.42523,1779558636.25314,0.000577,0.000695,0.000737,3.810816,3.810953,3.810079,0.000137000000000054,3.8036,0.0243125690460206
"2026-05-23T17:50:36.257Z","run_bootstrap",57,"http://client2:8000","run","http://client2:8000/run",1,TRUE,200,1109,254,3.55402135848999,"2026-05-23T17:50:32.426035Z","2026-05-23T17:50:35.980056Z",1779558632.42604,1779558635.98006,0.000726,0.000816,0.000842,3.534386,3.534521,3.533544,0.000134999999999774,3.5273,0.0267213584899904
"2026-05-23T17:50:36.257Z","run_bootstrap",57,"http://client3:8000","run","http://client3:8000/run",1,TRUE,200,1109,256,3.61938309669495,"2026-05-23T17:50:32.426651Z","2026-05-23T17:50:36.046034Z",1779558632.42665,1779558636.04603,0.000655,0.00076,8e-04,3.604716,3.604855,3.603916,0.000139000000000333,3.5973,0.0220830966949461
"2026-05-23T17:50:40.152Z","run_bootstrap",58,"http://client1:8000","run","http://client1:8000/run",1,TRUE,200,1109,250,3.60447716712952,"2026-05-23T17:50:36.271119Z","2026-05-23T17:50:39.875596Z",1779558636.27112,1779558639.8756,0.000572,0.000671,0.000707,3.583206,3.583338,3.582499,0.000131999999999799,3.5756,0.0288771671295165
"2026-05-23T17:50:40.152Z","run_bootstrap",58,"http://client2:8000","run","http://client2:8000/run",1,TRUE,200,1109,254,3.87346386909485,"2026-05-23T17:50:36.271798Z","2026-05-23T17:50:40.145262Z",1779558636.2718,1779558640.14526,0.000443,0.000549,0.000589,3.852475,3.852613,3.851886,0.000137999999999749,3.8454,0.0280638690948485
"2026-05-23T17:50:40.152Z","run_bootstrap",58,"http://client3:8000","run","http://client3:8000/run",1,TRUE,200,1109,256,3.65439653396606,"2026-05-23T17:50:36.272277Z","2026-05-23T17:50:39.926674Z",1779558636.27228,1779558639.92667,0.000534,0.000644,0.000694,3.639786,3.639867,3.639092,8.10000000002198e-05,3.6326,0.0217965339660644
"2026-05-23T17:50:44.078Z","run_bootstrap",59,"http://client1:8000","run","http://client1:8000/run",1,TRUE,200,1108,252,3.63781070709229,"2026-05-23T17:50:40.165302Z","2026-05-23T17:50:43.803113Z",1779558640.1653,1779558643.80311,0.000676,0.000778,0.000812,3.624345,3.62463,3.623533,0.000284999999999869,3.6165,0.0213107070922853
"2026-05-23T17:50:44.078Z","run_bootstrap",59,"http://client2:8000","run","http://client2:8000/run",1,TRUE,200,1108,253,3.681147813797,"2026-05-23T17:50:40.166184Z","2026-05-23T17:50:43.847332Z",1779558640.16618,1779558643.84733,0.000541,0.000658,0.000697,3.661622,3.661706,3.660925,8.4000000000195e-05,3.6545,0.026647813796997
"2026-05-23T17:50:44.078Z","run_bootstrap",59,"http://client3:8000","run","http://client3:8000/run",1,TRUE,200,1108,248,3.9049859046936,"2026-05-23T17:50:40.165590Z","2026-05-23T17:50:44.070576Z",1779558640.16559,1779558644.07058,0.000694,0.000764,0.000793,3.891258,3.891408,3.890465,0.000150000000000095,3.884,0.0209859046936036
"2026-05-23T17:50:48.190Z","run_bootstrap",60,"http://client1:8000","run","http://client1:8000/run",1,TRUE,200,1108,252,4.09121704101562,"2026-05-23T17:50:44.094504Z","2026-05-23T17:50:48.185721Z",1779558644.0945,1779558648.18572,0.000444,0.000527,0.000561,4.06839,4.068478,4.067829,8.7999999999866e-05,3.9085,0.182717041015625
"2026-05-23T17:50:48.190Z","run_bootstrap",60,"http://client2:8000","run","http://client2:8000/run",1,TRUE,200,1108,253,4.06812500953674,"2026-05-23T17:50:44.093530Z","2026-05-23T17:50:48.161655Z",1779558644.09353,1779558648.16166,0.000478,0.000599,0.000635,4.053962,4.054127,4.053327,0.000164999999999971,3.9043,0.163825009536743
"2026-05-23T17:50:48.190Z","run_bootstrap",60,"http://client3:8000","run","http://client3:8000/run",1,TRUE,200,1108,249,3.77553987503052,"2026-05-23T17:50:44.095285Z","2026-05-23T17:50:47.870825Z",1779558644.09529,1779558647.87083,0.000629,0.000717,0.000749,3.753974,3.754092,3.753225,0.000118000000000062,3.6066,0.168939875030518
"2026-05-23T17:50:51.931Z","run_bootstrap",61,"http://client1:8000","run","http://client1:8000/run",1,TRUE,200,1110,253,3.72381019592285,"2026-05-23T17:50:48.202745Z","2026-05-23T17:50:51.926556Z",1779558648.20275,1779558651.92656,7e-04,0.000794,0.000817,3.708158,3.708266,3.707341,0.000107999999999997,3.7007,0.0231101959228517
"2026-05-23T17:50:51.931Z","run_bootstrap",61,"http://client2:8000","run","http://client2:8000/run",1,TRUE,200,1110,252,3.54170536994934,"2026-05-23T17:50:48.203301Z","2026-05-23T17:50:51.745007Z",1779558648.2033,1779558651.74501,0.000424,0.00052,0.000554,3.52421,3.524315,3.523656,0.000105000000000022,3.518,0.023705369949341
"2026-05-23T17:50:51.931Z","run_bootstrap",61,"http://client3:8000","run","http://client3:8000/run",1,TRUE,200,1110,251,3.44643521308899,"2026-05-23T17:50:48.204064Z","2026-05-23T17:50:51.650499Z",1779558648.20406,1779558651.6505,0.000594,0.000673,0.000702,3.425202,3.425349,3.4245,0.000147000000000119,3.418,0.0284352130889891
"2026-05-23T17:50:55.659Z","run_bootstrap",62,"http://client1:8000","run","http://client1:8000/run",1,TRUE,200,1110,253,3.69579076766968,"2026-05-23T17:50:51.949616Z","2026-05-23T17:50:55.645407Z",1779558651.94962,1779558655.64541,0.000629,0.00072,0.000754,3.680527,3.680615,3.679773,8.7999999999866e-05,3.6734,0.0223907676696777
"2026-05-23T17:50:55.659Z","run_bootstrap",62,"http://client2:8000","run","http://client2:8000/run",1,TRUE,200,1110,253,3.44920897483826,"2026-05-23T17:50:51.949580Z","2026-05-23T17:50:55.398789Z",1779558651.94958,1779558655.39879,0.000424,0.000498,0.00054,3.434559,3.434686,3.434019,0.000126999999999988,3.4278,0.0214089748382569
"2026-05-23T17:50:55.659Z","run_bootstrap",62,"http://client3:8000","run","http://client3:8000/run",1,TRUE,200,1110,252,3.70539569854736,"2026-05-23T17:50:51.949756Z","2026-05-23T17:50:55.655152Z",1779558651.94976,1779558655.65515,0.000482,0.000598,0.000633,3.689733,3.689863,3.6891,0.000129999999999963,3.6818,0.0235956985473633
"2026-05-23T17:50:59.291Z","run_bootstrap",63,"http://client1:8000","run","http://client1:8000/run",1,TRUE,200,1109,254,3.42967462539673,"2026-05-23T17:50:55.673186Z","2026-05-23T17:50:59.102861Z",1779558655.67319,1779558659.10286,0.00057,0.000686,0.000723,3.413153,3.413275,3.41243,0.000122000000000178,3.3911,0.0385746253967287
"2026-05-23T17:50:59.291Z","run_bootstrap",63,"http://client2:8000","run","http://client2:8000/run",1,TRUE,200,1109,256,3.61384105682373,"2026-05-23T17:50:55.673282Z","2026-05-23T17:50:59.287123Z",1779558655.67328,1779558659.28712,0.00058,0.000662,7e-04,3.600517,3.600664,3.599817,0.000147000000000119,3.5843,0.0295410568237306
"2026-05-23T17:50:59.291Z","run_bootstrap",63,"http://client3:8000","run","http://client3:8000/run",1,TRUE,200,1109,252,3.57555627822876,"2026-05-23T17:50:55.672849Z","2026-05-23T17:50:59.248406Z",1779558655.67285,1779558659.24841,0.000504,0.000614,0.000652,3.561873,3.562015,3.561221,0.000142000000000309,3.5458,0.0297562782287599
"2026-05-23T17:51:03.007Z","run_bootstrap",64,"http://client1:8000","run","http://client1:8000/run",1,TRUE,200,1109,254,3.43251466751099,"2026-05-23T17:50:59.303345Z","2026-05-23T17:51:02.735860Z",1779558659.30335,1779558662.73586,0.000578,0.00069,0.000727,3.418461,3.418597,3.417734,0.000135999999999914,3.4114,0.0211146675109863
"2026-05-23T17:51:03.007Z","run_bootstrap",64,"http://client2:8000","run","http://client2:8000/run",1,TRUE,200,1109,256,3.69585704803467,"2026-05-23T17:50:59.304123Z","2026-05-23T17:51:02.999980Z",1779558659.30412,1779558662.99998,0.000629,0.000741,0.000779,3.682722,3.682854,3.681943,0.000131999999999799,3.6748,0.0210570480346681
"2026-05-23T17:51:03.007Z","run_bootstrap",64,"http://client3:8000","run","http://client3:8000/run",1,TRUE,200,1109,252,3.52948784828186,"2026-05-23T17:50:59.304975Z","2026-05-23T17:51:02.834462Z",1779558659.30498,1779558662.83446,0.000595,0.000689,0.00072,3.51347,3.513615,3.51275,0.000145000000000284,3.5057,0.0237878482818603
"2026-05-23T17:51:06.647Z","run_bootstrap",65,"http://client1:8000","run","http://client1:8000/run",1,TRUE,200,1110,251,3.49733901023865,"2026-05-23T17:51:03.024270Z","2026-05-23T17:51:06.521609Z",1779558663.02427,1779558666.52161,0.000526,0.000656,0.000693,3.478743,3.478852,3.47805,0.000108999999999693,3.471,0.0263390102386474
"2026-05-23T17:51:06.647Z","run_bootstrap",65,"http://client2:8000","run","http://client2:8000/run",1,TRUE,200,1110,254,3.61745572090149,"2026-05-23T17:51:03.024892Z","2026-05-23T17:51:06.642348Z",1779558663.02489,1779558666.64235,0.000525,0.000781,8e-04,3.599946,3.600061,3.599146,0.000115000000000087,3.5927,0.0247557209014895
"2026-05-23T17:51:06.647Z","run_bootstrap",65,"http://client3:8000","run","http://client3:8000/run",1,TRUE,200,1110,253,3.42870450019836,"2026-05-23T17:51:03.025714Z","2026-05-23T17:51:06.454419Z",1779558663.02571,1779558666.45442,0.000515,0.000642,0.00068,3.411149,3.411285,3.410469,0.000135999999999914,3.4011,0.0276045001983642
"2026-05-23T17:51:10.378Z","run_bootstrap",66,"http://client1:8000","run","http://client1:8000/run",1,TRUE,200,1110,251,3.55348634719849,"2026-05-23T17:51:06.660326Z","2026-05-23T17:51:10.213812Z",1779558666.66033,1779558670.21381,0.00048,0.000564,0.000595,3.536037,3.536123,3.535442,8.60000000000305e-05,3.529,0.0244863471984864
"2026-05-23T17:51:10.378Z","run_bootstrap",66,"http://client2:8000","run","http://client2:8000/run",1,TRUE,200,1110,254,3.71029996871948,"2026-05-23T17:51:06.660832Z","2026-05-23T17:51:10.371132Z",1779558666.66083,1779558670.37113,0.000474,0.000564,0.000597,3.691948,3.692078,3.691351,0.000129999999999963,3.6852,0.0250999687194824
"2026-05-23T17:51:10.378Z","run_bootstrap",66,"http://client3:8000","run","http://client3:8000/run",1,TRUE,200,1110,253,3.48419046401978,"2026-05-23T17:51:06.659996Z","2026-05-23T17:51:10.144186Z",1779558666.66,1779558670.14419,0.000709,0.000817,0.000851,3.469732,3.469866,3.468881,0.000134000000000079,3.4603,0.0238904640197752
"2026-05-23T17:51:14.037Z","run_bootstrap",67,"http://client1:8000","run","http://client1:8000/run",1,TRUE,200,1109,253,3.63554334640503,"2026-05-23T17:51:10.394759Z","2026-05-23T17:51:14.030303Z",1779558670.39476,1779558674.0303,0.000636,0.000747,0.000786,3.617831,3.618002,3.617045,0.000171000000000365,3.6105,0.0250433464050293
"2026-05-23T17:51:14.037Z","run_bootstrap",67,"http://client2:8000","run","http://client2:8000/run",1,TRUE,200,1109,256,3.6137113571167,"2026-05-23T17:51:10.395910Z","2026-05-23T17:51:14.009622Z",1779558670.39591,1779558674.00962,0.000614,0.000727,0.000762,3.596724,3.596876,3.595962,0.00015199999999993,3.5897,0.0240113571166991
"2026-05-23T17:51:14.037Z","run_bootstrap",67,"http://client3:8000","run","http://client3:8000/run",1,TRUE,200,1109,252,3.51958656311035,"2026-05-23T17:51:10.397593Z","2026-05-23T17:51:13.917180Z",1779558670.39759,1779558673.91718,0.000469,0.000584,0.000619,3.498765,3.4989,3.498146,0.000134999999999774,3.4916,0.0279865631103515
"2026-05-23T17:51:17.792Z","run_bootstrap",68,"http://client1:8000","run","http://client1:8000/run",1,TRUE,200,1109,253,3.7360143661499,"2026-05-23T17:51:14.051673Z","2026-05-23T17:51:17.787687Z",1779558674.05167,1779558677.78769,0.000671,0.000774,0.000811,3.714943,3.715078,3.714132,0.000135000000000218,3.7078,0.0282143661499021
"2026-05-23T17:51:17.792Z","run_bootstrap",68,"http://client2:8000","run","http://client2:8000/run",1,TRUE,200,1109,256,3.59678959846497,"2026-05-23T17:51:14.051062Z","2026-05-23T17:51:17.647851Z",1779558674.05106,1779558677.64785,0.000666,0.000775,0.000809,3.582902,3.582993,3.582093,9.10000000002853e-05,3.5722,0.0245895984649658
"2026-05-23T17:51:17.792Z","run_bootstrap",68,"http://client3:8000","run","http://client3:8000/run",1,TRUE,200,1109,252,3.24807643890381,"2026-05-23T17:51:14.052630Z","2026-05-23T17:51:17.300706Z",1779558674.05263,1779558677.30071,0.000663,0.000771,0.000806,3.232349,3.232438,3.231543,8.90000000000057e-05,3.2219,0.0261764389038084
"2026-05-23T17:51:21.405Z","run_bootstrap",69,"http://client1:8000","run","http://client1:8000/run",1,TRUE,200,1108,250,3.59627032279968,"2026-05-23T17:51:17.805074Z","2026-05-23T17:51:21.401344Z",1779558677.80507,1779558681.40134,0.000634,0.000814,0.000851,3.578803,3.57893,3.577952,0.000126999999999988,3.5713,0.0249703227996827
"2026-05-23T17:51:21.405Z","run_bootstrap",69,"http://client2:8000","run","http://client2:8000/run",1,TRUE,200,1108,255,3.49795031547546,"2026-05-23T17:51:17.805570Z","2026-05-23T17:51:21.303520Z",1779558677.80557,1779558681.30352,0.00058,0.000668,0.000695,3.481035,3.481176,3.48034,0.000141000000000169,3.4727,0.0252503154754637
"2026-05-23T17:51:21.405Z","run_bootstrap",69,"http://client3:8000","run","http://client3:8000/run",1,TRUE,200,1108,252,3.57696151733398,"2026-05-23T17:51:17.806146Z","2026-05-23T17:51:21.383107Z",1779558677.80615,1779558681.38311,0.000607,0.000714,0.000755,3.560175,3.560314,3.55942,0.000138999999999889,3.5517,0.0252615173339845
"2026-05-23T17:51:25.197Z","run_bootstrap",70,"http://client1:8000","run","http://client1:8000/run",1,TRUE,200,1108,250,3.61581230163574,"2026-05-23T17:51:21.417222Z","2026-05-23T17:51:25.033035Z",1779558681.41722,1779558685.03304,0.000526,0.000606,0.000628,3.602205,3.602334,3.601577,0.000128999999999824,3.5953,0.0205123016357422
"2026-05-23T17:51:25.197Z","run_bootstrap",70,"http://client2:8000","run","http://client2:8000/run",1,TRUE,200,1108,255,3.36804175376892,"2026-05-23T17:51:21.417144Z","2026-05-23T17:51:24.785186Z",1779558681.41714,1779558684.78519,0.000738,0.000824,0.000857,3.353904,3.354049,3.353047,0.00014499999999984,3.3461,0.021941753768921
"2026-05-23T17:51:25.197Z","run_bootstrap",70,"http://client3:8000","run","http://client3:8000/run",1,TRUE,200,1108,252,3.77400803565979,"2026-05-23T17:51:21.418794Z","2026-05-23T17:51:25.192802Z",1779558681.41879,1779558685.1928,0.000465,0.00054,0.000571,3.758421,3.758553,3.75785,0.000132000000000243,3.7518,0.0222080356597902
"2026-05-23T17:51:28.985Z","run_bootstrap",71,"http://client1:8000","run","http://client1:8000/run",1,TRUE,200,1110,253,3.75890636444092,"2026-05-23T17:51:25.209528Z","2026-05-23T17:51:28.968435Z",1779558685.20953,1779558688.96844,0.000677,0.00076,0.000782,3.742434,3.743105,3.741652,0.000671000000000088,3.7354,0.0235063644409181
"2026-05-23T17:51:28.985Z","run_bootstrap",71,"http://client2:8000","run","http://client2:8000/run",1,TRUE,200,1110,256,3.77032971382141,"2026-05-23T17:51:25.210456Z","2026-05-23T17:51:28.980786Z",1779558685.21046,1779558688.98079,0.000756,0.000843,0.000873,3.747958,3.748094,3.747085,0.000135999999999914,3.7404,0.029929713821411
"2026-05-23T17:51:28.985Z","run_bootstrap",71,"http://client3:8000","run","http://client3:8000/run",1,TRUE,200,1110,249,3.73884868621826,"2026-05-23T17:51:25.210850Z","2026-05-23T17:51:28.949698Z",1779558685.21085,1779558688.9497,0.000482,0.000573,0.000604,3.71666,3.716795,3.716056,0.000134999999999774,3.7093,0.0295486862182619
"2026-05-23T17:51:32.865Z","run_bootstrap",72,"http://client1:8000","run","http://client1:8000/run",1,TRUE,200,1110,253,3.61769604682922,"2026-05-23T17:51:28.996982Z","2026-05-23T17:51:32.614678Z",1779558688.99698,1779558692.61468,0.000679,0.000786,0.000819,3.603033,3.603169,3.602214,0.000135999999999914,3.5948,0.0228960468292234
"2026-05-23T17:51:32.865Z","run_bootstrap",72,"http://client2:8000","run","http://client2:8000/run",1,TRUE,200,1110,256,3.86074066162109,"2026-05-23T17:51:28.999348Z","2026-05-23T17:51:32.860089Z",1779558688.99935,1779558692.86009,0.000678,0.000793,0.000829,3.839908,3.840038,3.839079,0.000129999999999963,3.8327,0.0280406616210938
"2026-05-23T17:51:32.865Z","run_bootstrap",72,"http://client3:8000","run","http://client3:8000/run",1,TRUE,200,1110,249,3.64536261558533,"2026-05-23T17:51:28.999772Z","2026-05-23T17:51:32.645134Z",1779558688.99977,1779558692.64513,0.000532,0.000629,0.000664,3.627268,3.62735,3.626604,8.19999999999155e-05,3.6201,0.0252626155853273
"2026-05-23T17:51:36.582Z","run_bootstrap",73,"http://client1:8000","run","http://client1:8000/run",1,TRUE,200,1110,254,3.69924807548523,"2026-05-23T17:51:32.876667Z","2026-05-23T17:51:36.575915Z",1779558692.87667,1779558696.57592,0.000699,0.000793,0.000826,3.682114,3.68225,3.681288,0.000135999999999914,3.6747,0.0245480754852294
"2026-05-23T17:51:36.582Z","run_bootstrap",73,"http://client2:8000","run","http://client2:8000/run",1,TRUE,200,1110,255,3.68699359893799,"2026-05-23T17:51:32.877408Z","2026-05-23T17:51:36.564402Z",1779558692.87741,1779558696.5644,0.000765,0.000844,0.000876,3.670443,3.670605,3.669567,0.000161999999999995,3.6506,0.0363935989379884
"2026-05-23T17:51:36.582Z","run_bootstrap",73,"http://client3:8000","run","http://client3:8000/run",1,TRUE,200,1110,252,3.69323635101318,"2026-05-23T17:51:32.876676Z","2026-05-23T17:51:36.569912Z",1779558692.87668,1779558696.56991,0.000647,0.000725,0.000749,3.676189,3.67632,3.67544,0.000131000000000103,3.6555,0.0377363510131836
"2026-05-23T17:51:40.361Z","run_bootstrap",74,"http://client1:8000","run","http://client1:8000/run",1,TRUE,200,1110,254,3.64641714096069,"2026-05-23T17:51:36.595992Z","2026-05-23T17:51:40.242409Z",1779558696.59599,1779558700.24241,0.000681,0.00077,0.000802,3.633538,3.63362,3.632736,8.19999999999155e-05,3.6259,0.0205171409606932
"2026-05-23T17:51:40.361Z","run_bootstrap",74,"http://client2:8000","run","http://client2:8000/run",1,TRUE,200,1110,255,3.75889182090759,"2026-05-23T17:51:36.595461Z","2026-05-23T17:51:40.354353Z",1779558696.59546,1779558700.35435,0.000704,0.00078,0.000814,3.74488,3.745016,3.744066,0.000135999999999914,3.7379,0.020991820907593
"2026-05-23T17:51:40.361Z","run_bootstrap",74,"http://client3:8000","run","http://client3:8000/run",1,TRUE,200,1110,252,3.70876169204712,"2026-05-23T17:51:36.595740Z","2026-05-23T17:51:40.304502Z",1779558696.59574,1779558700.3045,0.000598,0.000674,0.000696,3.695972,3.696102,3.695276,0.000130000000000408,3.6874,0.0213616920471194
"2026-05-23T17:51:44.285Z","run_bootstrap",75,"http://client1:8000","run","http://client1:8000/run",1,TRUE,200,1107,253,3.595858335495,"2026-05-23T17:51:40.375198Z","2026-05-23T17:51:43.971056Z",1779558700.3752,1779558703.97106,0.000698,0.000804,0.00084,3.581597,3.58168,3.580757,8.30000000000553e-05,3.5733,0.022558335494995
"2026-05-23T17:51:44.285Z","run_bootstrap",75,"http://client2:8000","run","http://client2:8000/run",1,TRUE,200,1107,255,3.90507745742798,"2026-05-23T17:51:40.376000Z","2026-05-23T17:51:44.281078Z",1779558700.376,1779558704.28108,0.000592,0.000676,0.000713,3.890567,3.890708,3.889854,0.000141000000000169,3.8831,0.0219774574279783
"2026-05-23T17:51:44.285Z","run_bootstrap",75,"http://client3:8000","run","http://client3:8000/run",1,TRUE,200,1107,249,3.73138189315796,"2026-05-23T17:51:40.376339Z","2026-05-23T17:51:44.107721Z",1779558700.37634,1779558704.10772,0.000448,0.000559,0.000596,3.716872,3.717012,3.716276,0.000140000000000029,3.7099,0.0214818931579588
"2026-05-23T17:51:48.196Z","run_bootstrap",76,"http://client1:8000","run","http://client1:8000/run",1,TRUE,200,1107,253,3.89451885223389,"2026-05-23T17:51:44.297664Z","2026-05-23T17:51:48.192183Z",1779558704.29766,1779558708.19218,0.00076,0.000877,0.000913,3.879818,3.879954,3.878905,0.000135999999999914,3.8719,0.0226188522338866
"2026-05-23T17:51:48.196Z","run_bootstrap",76,"http://client2:8000","run","http://client2:8000/run",1,TRUE,200,1107,255,3.69741868972778,"2026-05-23T17:51:44.298262Z","2026-05-23T17:51:47.995681Z",1779558704.29826,1779558707.99568,0.00035,0.000426,0.000457,3.676344,3.67648,3.675887,0.000136000000000358,3.6672,0.0302186897277834
"2026-05-23T17:51:48.196Z","run_bootstrap",76,"http://client3:8000","run","http://client3:8000/run",1,TRUE,200,1107,249,3.60392689704895,"2026-05-23T17:51:44.298641Z","2026-05-23T17:51:47.902568Z",1779558704.29864,1779558707.90257,0.000561,0.000671,0.000706,3.586793,3.586934,3.586087,0.000140999999999725,3.5787,0.0252268970489502
"2026-05-23T17:51:52.109Z","run_bootstrap",77,"http://client1:8000","run","http://client1:8000/run",1,TRUE,200,1110,253,3.64379358291626,"2026-05-23T17:51:48.209130Z","2026-05-23T17:51:51.852923Z",1779558708.20913,1779558711.85292,0.000439,0.00052,0.000543,3.627018,3.62713,3.626475,0.000112000000000112,3.6122,0.0315935829162597
"2026-05-23T17:51:52.109Z","run_bootstrap",77,"http://client2:8000","run","http://client2:8000/run",1,TRUE,200,1110,255,3.68456268310547,"2026-05-23T17:51:48.209724Z","2026-05-23T17:51:51.894287Z",1779558708.20972,1779558711.89429,0.000619,0.000695,0.000725,3.667022,3.667158,3.666297,0.000136000000000358,3.6599,0.0246626831054688
"2026-05-23T17:51:52.109Z","run_bootstrap",77,"http://client3:8000","run","http://client3:8000/run",1,TRUE,200,1110,252,3.89451098442078,"2026-05-23T17:51:48.210247Z","2026-05-23T17:51:52.104758Z",1779558708.21025,1779558712.10476,0.000543,0.000592,0.000611,3.87948,3.879612,3.878869,0.000131999999999799,3.8724,0.0221109844207765
"2026-05-23T17:51:56.028Z","run_bootstrap",78,"http://client1:8000","run","http://client1:8000/run",1,TRUE,200,1110,253,3.52443361282349,"2026-05-23T17:51:52.122519Z","2026-05-23T17:51:55.646953Z",1779558712.12252,1779558715.64695,0.000574,0.000629,0.000647,3.505327,3.505471,3.50468,0.000144000000000144,3.4971,0.0273336128234862
"2026-05-23T17:51:56.028Z","run_bootstrap",78,"http://client2:8000","run","http://client2:8000/run",1,TRUE,200,1110,255,3.90093302726746,"2026-05-23T17:51:52.123325Z","2026-05-23T17:51:56.024258Z",1779558712.12333,1779558716.02426,0.000432,0.000525,0.000546,3.882979,3.883104,3.882433,0.000124999999999709,3.8758,0.0251330272674561
"2026-05-23T17:51:56.028Z","run_bootstrap",78,"http://client3:8000","run","http://client3:8000/run",1,TRUE,200,1110,252,3.66375470161438,"2026-05-23T17:51:52.123745Z","2026-05-23T17:51:55.787499Z",1779558712.12375,1779558715.7875,0.000629,0.00072,0.000753,3.646332,3.646484,3.645579,0.00015199999999993,3.6382,0.02555470161438
"2026-05-23T17:51:59.943Z","run_bootstrap",79,"http://client1:8000","run","http://client1:8000/run",1,TRUE,200,1108,253,3.59129023551941,"2026-05-23T17:51:56.042138Z","2026-05-23T17:51:59.633428Z",1779558716.04214,1779558719.63343,0.000683,0.000795,0.00083,3.575473,3.575576,3.574643,0.000102999999999742,3.5675,0.0237902355194093
"2026-05-23T17:51:59.943Z","run_bootstrap",79,"http://client2:8000","run","http://client2:8000/run",1,TRUE,200,1108,253,3.89578628540039,"2026-05-23T17:51:56.042897Z","2026-05-23T17:51:59.938683Z",1779558716.0429,1779558719.93868,0.000535,0.000629,0.000661,3.875566,3.875774,3.874905,0.000207999999999764,3.8681,0.0276862854003905
"2026-05-23T17:51:59.943Z","run_bootstrap",79,"http://client3:8000","run","http://client3:8000/run",1,TRUE,200,1108,250,3.89354562759399,"2026-05-23T17:51:56.043353Z","2026-05-23T17:51:59.936899Z",1779558716.04335,1779558719.9369,0.000574,0.000698,0.000734,3.875128,3.875262,3.874394,0.000134000000000079,3.8678,0.0257456275939942
"2026-05-23T17:52:03.817Z","run_bootstrap",80,"http://client1:8000","run","http://client1:8000/run",1,TRUE,200,1108,252,3.85573387145996,"2026-05-23T17:51:59.955067Z","2026-05-23T17:52:03.810801Z",1779558719.95507,1779558723.8108,0.00043,0.000537,0.000572,3.841652,3.841773,3.84108,0.000121000000000038,3.687,0.168733871459961
"2026-05-23T17:52:03.817Z","run_bootstrap",80,"http://client2:8000","run","http://client2:8000/run",1,TRUE,200,1108,253,3.83533620834351,"2026-05-23T17:51:59.955468Z","2026-05-23T17:52:03.790804Z",1779558719.95547,1779558723.7908,0.000383,0.000467,0.00049,3.821679,3.821833,3.821189,0.000153999999999765,3.6615,0.173836208343506
"2026-05-23T17:52:03.817Z","run_bootstrap",80,"http://client3:8000","run","http://client3:8000/run",1,TRUE,200,1108,250,3.63666033744812,"2026-05-23T17:51:59.955556Z","2026-05-23T17:52:03.592216Z",1779558719.95556,1779558723.59222,0.000611,0.000705,0.000738,3.623837,3.623975,3.623099,0.000138000000000194,3.4658,0.17086033744812
"2026-05-23T17:52:07.664Z","run_bootstrap",81,"http://client1:8000","run","http://client1:8000/run",1,TRUE,200,1109,254,3.37194275856018,"2026-05-23T17:52:03.829684Z","2026-05-23T17:52:07.201627Z",1779558723.82968,1779558727.20163,0.000543,0.000618,0.000649,3.355412,3.355557,3.354763,0.000145000000000284,3.3479,0.0240427585601806
"2026-05-23T17:52:07.664Z","run_bootstrap",81,"http://client2:8000","run","http://client2:8000/run",1,TRUE,200,1109,256,3.68496751785278,"2026-05-23T17:52:03.830657Z","2026-05-23T17:52:07.515624Z",1779558723.83066,1779558727.51562,0.000591,0.000676,0.000708,3.670697,3.670846,3.669989,0.000148999999999955,3.6642,0.0207675178527831
"2026-05-23T17:52:07.664Z","run_bootstrap",81,"http://client3:8000","run","http://client3:8000/run",1,TRUE,200,1109,252,3.82857465744019,"2026-05-23T17:52:03.831574Z","2026-05-23T17:52:07.660148Z",1779558723.83157,1779558727.66015,0.000411,0.000486,0.000508,3.8154,3.815533,3.814892,0.000132999999999939,3.8084,0.0201746574401858
"2026-05-23T17:52:11.542Z","run_bootstrap",82,"http://client1:8000","run","http://client1:8000/run",1,TRUE,200,1109,254,3.85966157913208,"2026-05-23T17:52:07.677258Z","2026-05-23T17:52:11.536920Z",1779558727.67726,1779558731.53692,0.000702,0.000825,0.000864,3.839548,3.839751,3.838684,0.000202999999999953,3.8315,0.02816157913208
"2026-05-23T17:52:11.542Z","run_bootstrap",82,"http://client2:8000","run","http://client2:8000/run",1,TRUE,200,1109,256,3.82140207290649,"2026-05-23T17:52:07.677970Z","2026-05-23T17:52:11.499372Z",1779558727.67797,1779558731.49937,0.000477,0.000563,0.000595,3.799683,3.799824,3.799088,0.000141000000000169,3.7929,0.0285020729064942
"2026-05-23T17:52:11.542Z","run_bootstrap",82,"http://client3:8000","run","http://client3:8000/run",1,TRUE,200,1109,252,3.8275146484375,"2026-05-23T17:52:07.678520Z","2026-05-23T17:52:11.506034Z",1779558727.67852,1779558731.50603,0.000652,0.000755,0.000789,3.811469,3.811692,3.81068,0.00022299999999964,3.8047,0.0228146484375
"2026-05-23T17:52:15.447Z","run_bootstrap",83,"http://client1:8000","run","http://client1:8000/run",1,TRUE,200,1109,253,3.88820648193359,"2026-05-23T17:52:11.554046Z","2026-05-23T17:52:15.442252Z",1779558731.55405,1779558735.44225,0.000686,0.000804,0.000845,3.873759,3.873882,3.872914,0.000122999999999873,3.8664,0.0218064819335937
"2026-05-23T17:52:15.447Z","run_bootstrap",83,"http://client2:8000","run","http://client2:8000/run",1,TRUE,200,1109,253,3.64834594726562,"2026-05-23T17:52:11.555966Z","2026-05-23T17:52:15.204312Z",1779558731.55597,1779558735.20431,0.000563,0.000654,0.000695,3.634656,3.634793,3.633961,0.000137000000000054,3.628,0.0203459472656249
"2026-05-23T17:52:15.447Z","run_bootstrap",83,"http://client3:8000","run","http://client3:8000/run",1,TRUE,200,1109,252,3.88318133354187,"2026-05-23T17:52:11.555108Z","2026-05-23T17:52:15.438289Z",1779558731.55511,1779558735.43829,0.000621,0.000811,0.000858,3.869167,3.86933,3.868309,0.000163000000000135,3.8623,0.0208813335418703
"2026-05-23T17:52:19.352Z","run_bootstrap",84,"http://client1:8000","run","http://client1:8000/run",1,TRUE,200,1109,253,3.86247038841248,"2026-05-23T17:52:15.459646Z","2026-05-23T17:52:19.322117Z",1779558735.45965,1779558739.32212,0.000682,0.000761,0.000793,3.845226,3.845363,3.844433,0.000137000000000054,3.8379,0.0245703884124757
"2026-05-23T17:52:19.352Z","run_bootstrap",84,"http://client2:8000","run","http://client2:8000/run",1,TRUE,200,1109,254,3.84389901161194,"2026-05-23T17:52:15.459598Z","2026-05-23T17:52:19.303497Z",1779558735.4596,1779558739.3035,0.000446,0.000524,0.000547,3.827,3.827145,3.826453,0.00014499999999984,3.8204,0.0234990116119387
"2026-05-23T17:52:19.352Z","run_bootstrap",84,"http://client3:8000","run","http://client3:8000/run",1,TRUE,200,1109,252,3.88881731033325,"2026-05-23T17:52:15.459592Z","2026-05-23T17:52:19.348410Z",1779558735.45959,1779558739.34841,0.000451,0.000509,0.000532,3.872258,3.872385,3.871726,0.000126999999999988,3.8655,0.023317310333252
"2026-05-23T17:52:23.442Z","run_bootstrap",85,"http://client1:8000","run","http://client1:8000/run",1,TRUE,200,1110,251,4.07355880737305,"2026-05-23T17:52:19.365007Z","2026-05-23T17:52:23.438566Z",1779558739.36501,1779558743.43857,0.00062,0.000723,0.000757,4.059921,4.060048,4.059164,0.000126999999999988,4.0526,0.0209588073730469
"2026-05-23T17:52:23.442Z","run_bootstrap",85,"http://client2:8000","run","http://client2:8000/run",1,TRUE,200,1110,255,4.0636785030365,"2026-05-23T17:52:19.367000Z","2026-05-23T17:52:23.430679Z",1779558739.367,1779558743.43068,0.000557,0.000678,0.000718,4.041868,4.041985,4.04115,0.000117000000000367,4.0349,0.0287785030364986
"2026-05-23T17:52:23.442Z","run_bootstrap",85,"http://client3:8000","run","http://client3:8000/run",1,TRUE,200,1110,252,3.86118316650391,"2026-05-23T17:52:19.367265Z","2026-05-23T17:52:23.228449Z",1779558739.36727,1779558743.22845,0.000617,0.000731,0.00077,3.840812,3.840965,3.840042,0.00015300000000007,3.8303,0.0308831665039064
"2026-05-23T17:52:27.278Z","run_bootstrap",86,"http://client1:8000","run","http://client1:8000/run",1,TRUE,200,1110,251,3.81771206855774,"2026-05-23T17:52:23.454794Z","2026-05-23T17:52:27.272506Z",1779558743.45479,1779558747.27251,0.000796,0.000907,0.000944,3.80165,3.801781,3.800706,0.000131000000000103,3.7942,0.0235120685577392
"2026-05-23T17:52:27.278Z","run_bootstrap",86,"http://client2:8000","run","http://client2:8000/run",1,TRUE,200,1110,255,3.50885343551636,"2026-05-23T17:52:23.455245Z","2026-05-23T17:52:26.964098Z",1779558743.45525,1779558746.9641,0.000794,0.000906,0.000943,3.493192,3.493304,3.492249,0.000112000000000112,3.4854,0.0234534355163576
"2026-05-23T17:52:27.278Z","run_bootstrap",86,"http://client3:8000","run","http://client3:8000/run",1,TRUE,200,1110,251,3.71302890777588,"2026-05-23T17:52:23.455645Z","2026-05-23T17:52:27.168673Z",1779558743.45565,1779558747.16867,0.000472,0.000575,0.000615,3.69764,3.697777,3.697025,0.000137000000000054,3.691,0.0220289077758791
"2026-05-23T17:52:30.981Z","run_bootstrap",87,"http://client1:8000","run","http://client1:8000/run",1,TRUE,200,1109,253,3.6873791217804,"2026-05-23T17:52:27.289622Z","2026-05-23T17:52:30.977001Z",1779558747.28962,1779558750.977,0.000445,0.000506,0.000525,3.674015,3.674137,3.67349,0.000122000000000178,3.6564,0.0309791217803954
"2026-05-23T17:52:30.981Z","run_bootstrap",87,"http://client2:8000","run","http://client2:8000/run",1,TRUE,200,1109,255,3.68433308601379,"2026-05-23T17:52:27.290474Z","2026-05-23T17:52:30.974807Z",1779558747.29047,1779558750.97481,4e-04,0.000489,0.00051,3.670699,3.670965,3.670189,0.000265999999999877,3.6629,0.0214330860137939
"2026-05-23T17:52:30.981Z","run_bootstrap",87,"http://client3:8000","run","http://client3:8000/run",1,TRUE,200,1109,252,3.39475989341736,"2026-05-23T17:52:27.290163Z","2026-05-23T17:52:30.684923Z",1779558747.29016,1779558750.68492,0.000594,0.000652,0.000673,3.381073,3.381201,3.3804,0.000127999999999684,3.3737,0.0210598934173585
"2026-05-23T17:52:34.556Z","run_bootstrap",88,"http://client1:8000","run","http://client1:8000/run",1,TRUE,200,1109,253,3.29811096191406,"2026-05-23T17:52:30.994104Z","2026-05-23T17:52:34.292215Z",1779558750.9941,1779558754.29222,0.000551,0.000632,0.000654,3.283531,3.283664,3.282877,0.000132999999999939,3.2726,0.0255109619140623
"2026-05-23T17:52:34.556Z","run_bootstrap",88,"http://client2:8000","run","http://client2:8000/run",1,TRUE,200,1109,255,3.55451560020447,"2026-05-23T17:52:30.994444Z","2026-05-23T17:52:34.548959Z",1779558750.99444,1779558754.54896,0.000545,0.000621,0.000652,3.536739,3.536872,3.536087,0.000132999999999939,3.5297,0.0248156002044677
"2026-05-23T17:52:34.556Z","run_bootstrap",88,"http://client3:8000","run","http://client3:8000/run",1,TRUE,200,1109,252,3.52562856674194,"2026-05-23T17:52:30.993567Z","2026-05-23T17:52:34.519196Z",1779558750.99357,1779558754.5192,0.000641,0.000699,0.000718,3.511383,3.511507,3.510665,0.000124000000000013,3.5045,0.0211285667419432
"2026-05-23T17:52:38.268Z","run_bootstrap",89,"http://client1:8000","run","http://client1:8000/run",1,TRUE,200,1109,253,3.54293656349182,"2026-05-23T17:52:34.568570Z","2026-05-23T17:52:38.111507Z",1779558754.56857,1779558758.11151,0.000453,0.000527,0.000562,3.524852,3.525006,3.52429,0.000153999999999765,3.5173,0.0256365634918212
"2026-05-23T17:52:38.268Z","run_bootstrap",89,"http://client2:8000","run","http://client2:8000/run",1,TRUE,200,1109,255,3.47305870056152,"2026-05-23T17:52:34.567938Z","2026-05-23T17:52:38.040996Z",1779558754.56794,1779558758.041,0.000686,8e-04,0.00084,3.458794,3.458927,3.457954,0.000132999999999939,3.4509,0.0221587005615236
"2026-05-23T17:52:38.268Z","run_bootstrap",89,"http://client3:8000","run","http://client3:8000/run",1,TRUE,200,1109,251,3.68850064277649,"2026-05-23T17:52:34.569430Z","2026-05-23T17:52:38.257931Z",1779558754.56943,1779558758.25793,0.000409,0.000496,0.000535,3.671341,3.671467,3.670806,0.000125999999999848,3.6649,0.0236006427764894
"2026-05-23T17:52:41.980Z","run_bootstrap",90,"http://client1:8000","run","http://client1:8000/run",1,TRUE,200,1109,252,3.53573679924011,"2026-05-23T17:52:38.281565Z","2026-05-23T17:52:41.817301Z",1779558758.28157,1779558761.8173,0.000638,0.00075,0.000785,3.522311,3.522441,3.521526,0.000129999999999963,3.515,0.0207367992401122
"2026-05-23T17:52:41.980Z","run_bootstrap",90,"http://client2:8000","run","http://client2:8000/run",1,TRUE,200,1109,255,3.41212201118469,"2026-05-23T17:52:38.283699Z","2026-05-23T17:52:41.695821Z",1779558758.2837,1779558761.69582,0.000732,0.000847,0.000882,3.393684,3.393794,3.392802,0.000110000000000277,3.3866,0.0255220111846923
"2026-05-23T17:52:41.980Z","run_bootstrap",90,"http://client3:8000","run","http://client3:8000/run",1,TRUE,200,1109,251,3.68849015235901,"2026-05-23T17:52:38.284262Z","2026-05-23T17:52:41.972753Z",1779558758.28426,1779558761.97275,0.000626,0.000745,0.000781,3.66745,3.667586,3.666669,0.000135999999999914,3.6604,0.0280901523590087
"2026-05-23T17:52:45.689Z","run_bootstrap",91,"http://client1:8000","run","http://client1:8000/run",1,TRUE,200,1108,254,3.49629521369934,"2026-05-23T17:52:41.990468Z","2026-05-23T17:52:45.486763Z",1779558761.99047,1779558765.48676,0.000584,0.000704,0.00074,3.482692,3.482819,3.481952,0.000126999999999988,3.4747,0.0215952136993409
"2026-05-23T17:52:45.689Z","run_bootstrap",91,"http://client2:8000","run","http://client2:8000/run",1,TRUE,200,1108,256,3.53270101547241,"2026-05-23T17:52:41.992121Z","2026-05-23T17:52:45.524822Z",1779558761.99212,1779558765.52482,0.000643,0.000726,0.000757,3.517759,3.517916,3.517002,0.000157000000000185,3.5101,0.0226010154724121
"2026-05-23T17:52:45.689Z","run_bootstrap",91,"http://client3:8000","run","http://client3:8000/run",1,TRUE,200,1108,251,3.6920747756958,"2026-05-23T17:52:41.992446Z","2026-05-23T17:52:45.684520Z",1779558761.99245,1779558765.68452,0.000428,0.000524,0.000551,3.678114,3.67823,3.677563,0.000116000000000227,3.6706,0.0214747756958009
"2026-05-23T17:52:49.294Z","run_bootstrap",92,"http://client1:8000","run","http://client1:8000/run",1,TRUE,200,1108,254,3.45631670951843,"2026-05-23T17:52:45.701459Z","2026-05-23T17:52:49.157776Z",1779558765.70146,1779558769.15778,0.000621,0.000727,0.000764,3.440411,3.440517,3.439647,0.000105999999999717,3.4327,0.0236167095184325
"2026-05-23T17:52:49.294Z","run_bootstrap",92,"http://client2:8000","run","http://client2:8000/run",1,TRUE,200,1108,255,3.417325258255,"2026-05-23T17:52:45.702239Z","2026-05-23T17:52:49.119564Z",1779558765.70224,1779558769.11956,0.00069,0.000791,0.000826,3.395446,3.395566,3.39462,0.000119999999999898,3.388,0.029325258255005
"2026-05-23T17:52:49.294Z","run_bootstrap",92,"http://client3:8000","run","http://client3:8000/run",1,TRUE,200,1108,251,3.58738565444946,"2026-05-23T17:52:45.702872Z","2026-05-23T17:52:49.290257Z",1779558765.70287,1779558769.29026,0.00052,0.000637,0.000675,3.567372,3.567507,3.566697,0.000134999999999774,3.5604,0.0269856544494629
"2026-05-23T17:52:53.157Z","run_bootstrap",93,"http://client1:8000","run","http://client1:8000/run",1,TRUE,200,1108,251,3.84260654449463,"2026-05-23T17:52:49.306730Z","2026-05-23T17:52:53.149337Z",1779558769.30673,1779558773.14934,0.000498,0.000601,0.000641,3.81923,3.819348,3.818589,0.000118000000000062,3.811,0.031606544494629
"2026-05-23T17:52:53.157Z","run_bootstrap",93,"http://client2:8000","run","http://client2:8000/run",1,TRUE,200,1108,255,3.65484404563904,"2026-05-23T17:52:49.307229Z","2026-05-23T17:52:52.962073Z",1779558769.30723,1779558772.96207,0.000618,0.000733,0.000773,3.632109,3.632251,3.631336,0.000142000000000309,3.6254,0.0294440456390381
"2026-05-23T17:52:53.157Z","run_bootstrap",93,"http://client3:8000","run","http://client3:8000/run",1,TRUE,200,1108,251,3.72627425193787,"2026-05-23T17:52:49.307931Z","2026-05-23T17:52:53.034205Z",1779558769.30793,1779558773.03421,6e-04,0.000713,0.000753,3.704216,3.704356,3.703463,0.000140000000000029,3.6971,0.0291742519378664
"2026-05-23T17:52:56.962Z","run_bootstrap",94,"http://client1:8000","run","http://client1:8000/run",1,TRUE,200,1108,252,3.536696434021,"2026-05-23T17:52:53.169593Z","2026-05-23T17:52:56.706290Z",1779558773.16959,1779558776.70629,0.000535,0.000637,0.000674,3.523072,3.523175,3.522398,0.000103000000000186,3.5098,0.0268964340209963
"2026-05-23T17:52:56.962Z","run_bootstrap",94,"http://client2:8000","run","http://client2:8000/run",1,TRUE,200,1108,255,3.78757619857788,"2026-05-23T17:52:53.169019Z","2026-05-23T17:52:56.956595Z",1779558773.16902,1779558776.9566,0.000643,0.000766,0.000803,3.772912,3.773048,3.772109,0.000136000000000358,3.7655,0.022076198577881
"2026-05-23T17:52:56.962Z","run_bootstrap",94,"http://client3:8000","run","http://client3:8000/run",1,TRUE,200,1108,251,3.53335475921631,"2026-05-23T17:52:53.170600Z","2026-05-23T17:52:56.703954Z",1779558773.1706,1779558776.70395,0.000651,0.000798,0.000843,3.519825,3.519958,3.518982,0.000132999999999939,3.5079,0.0254547592163088
"2026-05-23T17:53:00.815Z","run_bootstrap",95,"http://client1:8000","run","http://client1:8000/run",1,TRUE,200,1108,254,3.78882002830505,"2026-05-23T17:52:56.974474Z","2026-05-23T17:53:00.763294Z",1779558776.97447,1779558780.76329,0.000558,0.000647,0.000683,3.770712,3.770839,3.770029,0.000126999999999988,3.7635,0.0253200283050536
"2026-05-23T17:53:00.815Z","run_bootstrap",95,"http://client2:8000","run","http://client2:8000/run",1,TRUE,200,1108,254,3.43756079673767,"2026-05-23T17:52:56.974964Z","2026-05-23T17:53:00.412524Z",1779558776.97496,1779558780.41252,0.000412,0.000502,0.000539,3.415519,3.415633,3.41498,0.000113999999999947,3.4088,0.0287607967376711
"2026-05-23T17:53:00.815Z","run_bootstrap",95,"http://client3:8000","run","http://client3:8000/run",1,TRUE,200,1108,250,3.83393883705139,"2026-05-23T17:52:56.974259Z","2026-05-23T17:53:00.808198Z",1779558776.97426,1779558780.8082,0.000697,0.000802,0.000844,3.816181,3.816334,3.815337,0.00015300000000007,3.809,0.0249388370513914
"2026-05-23T17:53:04.547Z","run_bootstrap",96,"http://client1:8000","run","http://client1:8000/run",1,TRUE,200,1108,254,3.71442317962646,"2026-05-23T17:53:00.828821Z","2026-05-23T17:53:04.543244Z",1779558780.82882,1779558784.54324,0.000682,0.000793,0.000827,3.700154,3.700311,3.699327,0.000157000000000185,3.6928,0.0216231796264648
"2026-05-23T17:53:04.547Z","run_bootstrap",96,"http://client2:8000","run","http://client2:8000/run",1,TRUE,200,1108,254,3.65301942825317,"2026-05-23T17:53:00.830645Z","2026-05-23T17:53:04.483665Z",1779558780.83065,1779558784.48367,0.000675,0.000792,0.000828,3.634234,3.634377,3.633406,0.000143000000000004,3.6264,0.026619428253174
"2026-05-23T17:53:04.547Z","run_bootstrap",96,"http://client3:8000","run","http://client3:8000/run",1,TRUE,200,1108,251,3.6252326965332,"2026-05-23T17:53:00.830468Z","2026-05-23T17:53:04.455700Z",1779558780.83047,1779558784.4557,0.000664,0.000776,0.000812,3.611364,3.611503,3.610552,0.000138999999999889,3.6045,0.0207326965332033
"2026-05-23T17:53:08.443Z","run_bootstrap",97,"http://client1:8000","run","http://client1:8000/run",1,TRUE,200,1110,252,3.46848201751709,"2026-05-23T17:53:04.559429Z","2026-05-23T17:53:08.027911Z",1779558784.55943,1779558788.02791,0.000434,0.000526,0.000558,3.448966,3.449077,3.448408,0.000110999999999972,3.4418,0.0266820175170897
"2026-05-23T17:53:08.443Z","run_bootstrap",97,"http://client2:8000","run","http://client2:8000/run",1,TRUE,200,1110,256,3.87889289855957,"2026-05-23T17:53:04.560162Z","2026-05-23T17:53:08.439055Z",1779558784.56016,1779558788.43906,0.000565,0.000645,0.000677,3.857609,3.857746,3.856932,0.000137000000000054,3.8414,0.0374928985595702
"2026-05-23T17:53:08.443Z","run_bootstrap",97,"http://client3:8000","run","http://client3:8000/run",1,TRUE,200,1110,252,3.58932304382324,"2026-05-23T17:53:04.560729Z","2026-05-23T17:53:08.150052Z",1779558784.56073,1779558788.15005,0.000725,0.000829,0.000866,3.571426,3.571582,3.57056,0.000155999999999601,3.5546,0.034723043823242
"2026-05-23T17:53:12.162Z","run_bootstrap",98,"http://client1:8000","run","http://client1:8000/run",1,TRUE,200,1110,251,3.6217577457428,"2026-05-23T17:53:08.456017Z","2026-05-23T17:53:12.077775Z",1779558788.45602,1779558792.07778,0.000498,0.000585,0.000619,3.599627,3.599769,3.599008,0.000142000000000309,3.592,0.0297577457427978
"2026-05-23T17:53:12.162Z","run_bootstrap",98,"http://client2:8000","run","http://client2:8000/run",1,TRUE,200,1110,256,3.70168113708496,"2026-05-23T17:53:08.456742Z","2026-05-23T17:53:12.158423Z",1779558788.45674,1779558792.15842,0.000424,0.000496,0.000527,3.679499,3.67964,3.678972,0.000141000000000169,3.6727,0.0289811370849611
"2026-05-23T17:53:12.162Z","run_bootstrap",98,"http://client3:8000","run","http://client3:8000/run",1,TRUE,200,1110,252,3.69319653511047,"2026-05-23T17:53:08.457349Z","2026-05-23T17:53:12.150545Z",1779558788.45735,1779558792.15055,0.000755,0.000877,0.000912,3.675071,3.675197,3.674159,0.000125999999999848,3.6678,0.0253965351104735
"2026-05-23T17:53:16.026Z","run_bootstrap",99,"http://client1:8000","run","http://client1:8000/run",1,TRUE,200,1110,252,3.42232275009155,"2026-05-23T17:53:12.174638Z","2026-05-23T17:53:15.596961Z",1779558792.17464,1779558795.59696,0.00038,0.000453,0.000474,3.407234,3.407351,3.40676,0.000116999999999923,3.3989,0.0234227500915529
"2026-05-23T17:53:16.026Z","run_bootstrap",99,"http://client2:8000","run","http://client2:8000/run",1,TRUE,200,1110,255,3.66219782829285,"2026-05-23T17:53:12.175215Z","2026-05-23T17:53:15.837413Z",1779558792.17522,1779558795.83741,0.000657,0.000716,0.000734,3.647788,3.647919,3.647054,0.000131000000000103,3.6391,0.0230978282928467
"2026-05-23T17:53:16.026Z","run_bootstrap",99,"http://client3:8000","run","http://client3:8000/run",1,TRUE,200,1110,252,3.8450870513916,"2026-05-23T17:53:12.175755Z","2026-05-23T17:53:16.020842Z",1779558792.17576,1779558796.02084,0.000549,0.00061,0.00063,3.830881,3.831011,3.830251,0.000129999999999963,3.8231,0.0219870513916014
"2026-05-23T17:53:20.048Z","run_bootstrap",100,"http://client1:8000","run","http://client1:8000/run",1,TRUE,200,1110,252,3.79538226127625,"2026-05-23T17:53:16.039479Z","2026-05-23T17:53:19.834861Z",1779558796.03948,1779558799.83486,0.000513,0.000596,0.00062,3.777414,3.777566,3.776794,0.000152000000000374,3.6269,0.168482261276245
"2026-05-23T17:53:20.048Z","run_bootstrap",100,"http://client2:8000","run","http://client2:8000/run",1,TRUE,200,1110,254,3.78574395179749,"2026-05-23T17:53:16.040151Z","2026-05-23T17:53:19.825895Z",1779558796.04015,1779558799.8259,0.000571,0.000637,0.000658,3.768355,3.768502,3.767697,0.000146999999999675,3.615,0.170743951797485
"2026-05-23T17:53:20.048Z","run_bootstrap",100,"http://client3:8000","run","http://client3:8000/run",1,TRUE,200,1110,252,3.99912691116333,"2026-05-23T17:53:16.040677Z","2026-05-23T17:53:20.039804Z",1779558796.04068,1779558800.0398,0.000694,0.000784,0.000822,3.982062,3.98218,3.98124,0.000118000000000062,3.8316,0.16752691116333
"2026-05-23T17:53:23.803Z","run_bootstrap",101,"http://client1:8000","run","http://client1:8000/run",1,TRUE,200,1108,258,3.68657684326172,"2026-05-23T17:53:20.112625Z","2026-05-23T17:53:23.799202Z",1779558800.11263,1779558803.7992,0.00053,0.000616,0.000638,3.674061,3.674186,3.673423,0.000125000000000153,3.6666,0.0199768432617189
"2026-05-23T17:53:23.803Z","run_bootstrap",101,"http://client2:8000","run","http://client2:8000/run",1,TRUE,200,1108,255,3.36816906929016,"2026-05-23T17:53:20.113499Z","2026-05-23T17:53:23.481668Z",1779558800.1135,1779558803.48167,0.000949,0.001032,0.001051,3.35616,3.35636,3.355109,0.000199999999999978,3.3489,0.0192690692901611
"2026-05-23T17:53:23.803Z","run_bootstrap",101,"http://client3:8000","run","http://client3:8000/run",1,TRUE,200,1108,251,3.49502849578857,"2026-05-23T17:53:20.115280Z","2026-05-23T17:53:23.610309Z",1779558800.11528,1779558803.61031,0.000667,0.000743,0.000774,3.47888,3.479032,3.478106,0.00015199999999993,3.4719,0.023128495788574
"2026-05-23T17:53:27.524Z","run_bootstrap",102,"http://client1:8000","run","http://client1:8000/run",1,TRUE,200,1108,258,3.43056321144104,"2026-05-23T17:53:23.818244Z","2026-05-23T17:53:27.248807Z",1779558803.81824,1779558807.24881,0.000627,0.000733,0.000774,3.416657,3.416764,3.415883,0.000107000000000301,3.4085,0.02206321144104
"2026-05-23T17:53:27.524Z","run_bootstrap",102,"http://client2:8000","run","http://client2:8000/run",1,TRUE,200,1108,255,3.4312572479248,"2026-05-23T17:53:23.819299Z","2026-05-23T17:53:27.250556Z",1779558803.8193,1779558807.25056,0.000477,0.000562,0.000604,3.416677,3.416797,3.416073,0.000119999999999898,3.4098,0.0214572479248045
"2026-05-23T17:53:27.524Z","run_bootstrap",102,"http://client3:8000","run","http://client3:8000/run",1,TRUE,200,1108,251,3.69744205474854,"2026-05-23T17:53:23.819713Z","2026-05-23T17:53:27.517155Z",1779558803.81971,1779558807.51716,0.000722,0.000814,0.000857,3.677739,3.67789,3.676882,0.000151000000000234,3.6708,0.0266420547485353
"2026-05-23T17:53:31.390Z","run_bootstrap",103,"http://client1:8000","run","http://client1:8000/run",1,TRUE,200,1107,265,3.84640550613403,"2026-05-23T17:53:27.539100Z","2026-05-23T17:53:31.385505Z",1779558807.5391,1779558811.38551,0.000462,0.000547,0.000582,3.829301,3.829414,3.828719,0.000112999999999808,3.8222,0.0242055061340332
"2026-05-23T17:53:31.390Z","run_bootstrap",103,"http://client2:8000","run","http://client2:8000/run",1,TRUE,200,1107,264,3.53424000740051,"2026-05-23T17:53:27.539130Z","2026-05-23T17:53:31.073370Z",1779558807.53913,1779558811.07337,0.000436,0.00052,0.000542,3.52043,3.520588,3.519888,0.00015799999999988,3.5137,0.0205400074005126
"2026-05-23T17:53:31.390Z","run_bootstrap",103,"http://client3:8000","run","http://client3:8000/run",1,TRUE,200,1107,264,3.81515455245972,"2026-05-23T17:53:27.539806Z","2026-05-23T17:53:31.354961Z",1779558807.53981,1779558811.35496,0.000575,0.000666,0.000699,3.802022,3.802172,3.801323,0.000150000000000095,3.7953,0.0198545524597167
"2026-05-23T17:53:35.038Z","run_bootstrap",104,"http://client1:8000","run","http://client1:8000/run",1,TRUE,200,1107,265,3.62905931472778,"2026-05-23T17:53:31.401683Z","2026-05-23T17:53:35.030742Z",1779558811.40168,1779558815.03074,0.000729,0.000839,0.000873,3.614225,3.614357,3.613352,0.000132000000000243,3.6068,0.0222593147277834
"2026-05-23T17:53:35.038Z","run_bootstrap",104,"http://client2:8000","run","http://client2:8000/run",1,TRUE,200,1107,264,3.62824320793152,"2026-05-23T17:53:31.403432Z","2026-05-23T17:53:35.031676Z",1779558811.40343,1779558815.03168,0.000501,0.00058,0.000602,3.613021,3.613146,3.612419,0.000125000000000153,3.6066,0.0216432079315187
"2026-05-23T17:53:35.038Z","run_bootstrap",104,"http://client3:8000","run","http://client3:8000/run",1,TRUE,200,1107,263,3.5278012752533,"2026-05-23T17:53:31.403815Z","2026-05-23T17:53:34.931616Z",1779558811.40382,1779558814.93162,0.000512,0.000579,6e-04,3.51369,3.513819,3.51309,0.000128999999999824,3.507,0.0208012752532958
"2026-05-23T17:53:38.617Z","run_bootstrap",105,"http://client1:8000","run","http://client1:8000/run",1,TRUE,200,1107,252,3.56128168106079,"2026-05-23T17:53:35.051594Z","2026-05-23T17:53:38.612876Z",1779558815.05159,1779558818.61288,0.00053,0.000612,0.000634,3.54815,3.54828,3.547516,0.000129999999999963,3.5407,0.0205816810607908
"2026-05-23T17:53:38.617Z","run_bootstrap",105,"http://client2:8000","run","http://client2:8000/run",1,TRUE,200,1107,256,3.52444791793823,"2026-05-23T17:53:35.052156Z","2026-05-23T17:53:38.576604Z",1779558815.05216,1779558818.5766,0.000526,0.000607,0.000642,3.507875,3.508021,3.507233,0.000145999999999979,3.5011,0.0233479179382323
"2026-05-23T17:53:38.617Z","run_bootstrap",105,"http://client3:8000","run","http://client3:8000/run",1,TRUE,200,1107,255,3.43959450721741,"2026-05-23T17:53:35.051011Z","2026-05-23T17:53:38.490606Z",1779558815.05101,1779558818.49061,0.000538,0.000603,0.000624,3.425035,3.42516,3.424411,0.000125000000000153,3.4172,0.0223945072174074
"2026-05-23T17:53:42.247Z","run_bootstrap",106,"http://client1:8000","run","http://client1:8000/run",1,TRUE,200,1107,252,3.60901880264282,"2026-05-23T17:53:38.630957Z","2026-05-23T17:53:42.239976Z",1779558818.63096,1779558822.23998,0.000604,0.00069,0.000723,3.589553,3.589692,3.58883,0.000138999999999889,3.5815,0.0275188026428221
"2026-05-23T17:53:42.247Z","run_bootstrap",106,"http://client2:8000","run","http://client2:8000/run",1,TRUE,200,1107,256,3.55141282081604,"2026-05-23T17:53:38.631408Z","2026-05-23T17:53:42.182821Z",1779558818.63141,1779558822.18282,0.000568,0.000666,0.000701,3.532352,3.532486,3.531651,0.000134000000000079,3.5255,0.02591282081604
"2026-05-23T17:53:42.247Z","run_bootstrap",106,"http://client3:8000","run","http://client3:8000/run",1,TRUE,200,1107,255,3.49386096000671,"2026-05-23T17:53:38.630990Z","2026-05-23T17:53:42.124851Z",1779558818.63099,1779558822.12485,0.000729,0.000832,0.000868,3.475598,3.475748,3.47473,0.00014999999999965,3.4674,0.0264609600067138
"2026-05-23T17:53:45.940Z","run_bootstrap",107,"http://client1:8000","run","http://client1:8000/run",1,TRUE,200,1108,251,3.64799308776855,"2026-05-23T17:53:42.261153Z","2026-05-23T17:53:45.909146Z",1779558822.26115,1779558825.90915,0.000536,0.00065,0.000688,3.63146,3.631602,3.630772,0.000141999999999864,3.6243,0.0236930877685548
"2026-05-23T17:53:45.940Z","run_bootstrap",107,"http://client2:8000","run","http://client2:8000/run",1,TRUE,200,1108,255,3.67479205131531,"2026-05-23T17:53:42.261047Z","2026-05-23T17:53:45.935839Z",1779558822.26105,1779558825.93584,0.00069,0.000805,0.000844,3.660874,3.661072,3.66003,0.000197999999999698,3.6539,0.0208920513153075
"2026-05-23T17:53:45.940Z","run_bootstrap",107,"http://client3:8000","run","http://client3:8000/run",1,TRUE,200,1108,252,3.59811425209045,"2026-05-23T17:53:42.262331Z","2026-05-23T17:53:45.860445Z",1779558822.26233,1779558825.86045,0.000594,0.000706,0.000745,3.579191,3.579322,3.578446,0.000131000000000103,3.5723,0.0258142520904543
"2026-05-23T17:53:49.717Z","run_bootstrap",108,"http://client1:8000","run","http://client1:8000/run",1,TRUE,200,1108,251,3.75901651382446,"2026-05-23T17:53:45.951408Z","2026-05-23T17:53:49.710424Z",1779558825.95141,1779558829.71042,0.000554,0.00065,0.000698,3.744954,3.745101,3.744256,0.000147000000000119,3.7369,0.022116513824463
"2026-05-23T17:53:49.717Z","run_bootstrap",108,"http://client2:8000","run","http://client2:8000/run",1,TRUE,200,1108,255,3.55948114395142,"2026-05-23T17:53:45.952203Z","2026-05-23T17:53:49.511684Z",1779558825.9522,1779558829.51168,0.000639,0.000724,0.000744,3.546205,3.546332,3.545461,0.000126999999999988,3.5381,0.021381143951416
"2026-05-23T17:53:49.717Z","run_bootstrap",108,"http://client3:8000","run","http://client3:8000/run",1,TRUE,200,1108,252,3.62233853340149,"2026-05-23T17:53:45.953927Z","2026-05-23T17:53:49.576265Z",1779558825.95393,1779558829.57627,0.000498,0.000577,0.00061,3.605515,3.605603,3.604905,8.7999999999866e-05,3.5988,0.023538533401489
"2026-05-23T17:53:53.581Z","run_bootstrap",109,"http://client1:8000","run","http://client1:8000/run",1,TRUE,200,1109,250,3.63899946212769,"2026-05-23T17:53:49.734073Z","2026-05-23T17:53:53.373073Z",1779558829.73407,1779558833.37307,0.000679,0.000789,0.000824,3.624826,3.624961,3.624002,0.000134999999999774,3.6149,0.0240994621276855
"2026-05-23T17:53:53.581Z","run_bootstrap",109,"http://client2:8000","run","http://client2:8000/run",1,TRUE,200,1109,255,3.84033918380737,"2026-05-23T17:53:49.735838Z","2026-05-23T17:53:53.576177Z",1779558829.73584,1779558833.57618,0.000474,0.000562,0.000596,3.81821,3.818341,3.817614,0.000131000000000103,3.8114,0.0289391838073731
"2026-05-23T17:53:53.581Z","run_bootstrap",109,"http://client3:8000","run","http://client3:8000/run",1,TRUE,200,1109,253,3.57441163063049,"2026-05-23T17:53:49.736247Z","2026-05-23T17:53:53.310659Z",1779558829.73625,1779558833.31066,0.000603,0.000716,0.000752,3.55598,3.556113,3.555228,0.000132999999999939,3.5486,0.0258116306304932
"2026-05-23T17:53:57.274Z","run_bootstrap",110,"http://client1:8000","run","http://client1:8000/run",1,TRUE,200,1109,250,3.64521431922913,"2026-05-23T17:53:53.594316Z","2026-05-23T17:53:57.239530Z",1779558833.59432,1779558837.23953,0.000615,0.000699,0.000721,3.625108,3.625242,3.624387,0.000134000000000079,3.6175,0.0277143192291258
"2026-05-23T17:53:57.274Z","run_bootstrap",110,"http://client2:8000","run","http://client2:8000/run",1,TRUE,200,1109,255,3.6749050617218,"2026-05-23T17:53:53.594808Z","2026-05-23T17:53:57.269713Z",1779558833.59481,1779558837.26971,0.000522,0.000607,0.000648,3.656025,3.656216,3.655377,0.000191000000000052,3.6486,0.0263050617218017
"2026-05-23T17:53:57.274Z","run_bootstrap",110,"http://client3:8000","run","http://client3:8000/run",1,TRUE,200,1109,252,3.65653944015503,"2026-05-23T17:53:53.595429Z","2026-05-23T17:53:57.251969Z",1779558833.59543,1779558837.25197,0.000655,0.000717,0.000738,3.637424,3.637582,3.636686,0.00015799999999988,3.629,0.0275394401550293
"2026-05-23T17:54:01.125Z","run_bootstrap",111,"http://client1:8000","run","http://client1:8000/run",1,TRUE,200,1109,251,3.82615375518799,"2026-05-23T17:53:57.286272Z","2026-05-23T17:54:01.112426Z",1779558837.28627,1779558841.11243,0.000442,0.000543,0.000586,3.810056,3.810189,3.80947,0.000132999999999939,3.8014,0.0247537551879882
"2026-05-23T17:54:01.125Z","run_bootstrap",111,"http://client2:8000","run","http://client2:8000/run",1,TRUE,200,1109,255,3.83449745178223,"2026-05-23T17:53:57.286026Z","2026-05-23T17:54:01.120523Z",1779558837.28603,1779558841.12052,0.000631,0.000735,0.000784,3.81953,3.819674,3.818746,0.000144000000000144,3.8124,0.0220974517822268
"2026-05-23T17:54:01.125Z","run_bootstrap",111,"http://client3:8000","run","http://client3:8000/run",1,TRUE,200,1109,253,3.5408673286438,"2026-05-23T17:53:57.287500Z","2026-05-23T17:54:00.828367Z",1779558837.2875,1779558840.82837,0.000505,0.000594,0.000638,3.518552,3.518689,3.517914,0.000137000000000054,3.5114,0.0294673286437988
"2026-05-23T17:54:04.986Z","run_bootstrap",112,"http://client1:8000","run","http://client1:8000/run",1,TRUE,200,1109,251,3.84057307243347,"2026-05-23T17:54:01.142247Z","2026-05-23T17:54:04.982820Z",1779558841.14225,1779558844.98282,0.000539,0.000624,0.000647,3.828194,3.828298,3.827547,0.000104000000000326,3.8198,0.0207730724334718
"2026-05-23T17:54:04.986Z","run_bootstrap",112,"http://client2:8000","run","http://client2:8000/run",1,TRUE,200,1109,255,3.83788061141968,"2026-05-23T17:54:01.143921Z","2026-05-23T17:54:04.981801Z",1779558841.14392,1779558844.9818,0.000584,0.00066,0.000692,3.826284,3.826451,3.825592,0.00016700000000025,3.8166,0.0212806114196775
"2026-05-23T17:54:04.986Z","run_bootstrap",112,"http://client3:8000","run","http://client3:8000/run",1,TRUE,200,1109,253,3.52952909469604,"2026-05-23T17:54:01.142239Z","2026-05-23T17:54:04.671768Z",1779558841.14224,1779558844.67177,0.000573,0.000633,0.000653,3.517112,3.517212,3.516459,9.99999999997669e-05,3.5085,0.0210290946960447
"2026-05-23T17:54:08.712Z","run_bootstrap",113,"http://client1:8000","run","http://client1:8000/run",1,TRUE,200,1110,250,3.70699954032898,"2026-05-23T17:54:04.999605Z","2026-05-23T17:54:08.706605Z",1779558844.99961,1779558848.70661,0.000584,0.000687,0.00074,3.692754,3.692889,3.692014,0.000135000000000218,3.6748,0.0321995403289796
"2026-05-23T17:54:08.712Z","run_bootstrap",113,"http://client2:8000","run","http://client2:8000/run",1,TRUE,200,1110,255,3.64349484443665,"2026-05-23T17:54:05.001342Z","2026-05-23T17:54:08.644836Z",1779558845.00134,1779558848.64484,0.000455,0.000564,0.000606,3.622318,3.622452,3.621712,0.000134000000000079,3.6145,0.0289948444366455
"2026-05-23T17:54:08.712Z","run_bootstrap",113,"http://client3:8000","run","http://client3:8000/run",1,TRUE,200,1110,252,3.39632320404053,"2026-05-23T17:54:05.001556Z","2026-05-23T17:54:08.397880Z",1779558845.00156,1779558848.39788,0.000614,0.000724,0.000763,3.378735,3.378853,3.377972,0.000118000000000062,3.3683,0.0280232040405273
"2026-05-23T17:54:12.596Z","run_bootstrap",114,"http://client1:8000","run","http://client1:8000/run",1,TRUE,200,1110,250,3.86724305152893,"2026-05-23T17:54:08.724433Z","2026-05-23T17:54:12.591676Z",1779558848.72443,1779558852.59168,0.000715,0.000841,0.000884,3.853292,3.853424,3.852408,0.000131999999999799,3.8445,0.0227430515289306
"2026-05-23T17:54:12.596Z","run_bootstrap",114,"http://client2:8000","run","http://client2:8000/run",1,TRUE,200,1110,255,3.52576923370361,"2026-05-23T17:54:08.725006Z","2026-05-23T17:54:12.250775Z",1779558848.72501,1779558852.25078,0.000463,0.000551,0.000586,3.507019,3.507135,3.506433,0.000115999999999783,3.4976,0.0281692337036135
"2026-05-23T17:54:12.596Z","run_bootstrap",114,"http://client3:8000","run","http://client3:8000/run",1,TRUE,200,1110,252,3.46484613418579,"2026-05-23T17:54:08.725452Z","2026-05-23T17:54:12.190298Z",1779558848.72545,1779558852.1903,0.000427,0.000529,0.000568,3.44835,3.448441,3.447782,9.09999999998412e-05,3.4402,0.0246461341857911
"2026-05-23T17:54:16.367Z","run_bootstrap",115,"http://client1:8000","run","http://client1:8000/run",1,TRUE,200,1109,251,3.63558435440063,"2026-05-23T17:54:12.607958Z","2026-05-23T17:54:16.243542Z",1779558852.60796,1779558856.24354,0.00055,0.000675,0.00072,3.617598,3.617732,3.616878,0.000134000000000079,3.6101,0.0254843544006347
"2026-05-23T17:54:16.367Z","run_bootstrap",115,"http://client2:8000","run","http://client2:8000/run",1,TRUE,200,1109,255,3.75375056266785,"2026-05-23T17:54:12.608542Z","2026-05-23T17:54:16.362293Z",1779558852.60854,1779558856.36229,0.000721,0.000842,0.000892,3.736705,3.736847,3.735813,0.000141999999999864,3.7293,0.0244505626678468
"2026-05-23T17:54:16.367Z","run_bootstrap",115,"http://client3:8000","run","http://client3:8000/run",1,TRUE,200,1109,253,3.6222767829895,"2026-05-23T17:54:12.609237Z","2026-05-23T17:54:16.231514Z",1779558852.60924,1779558856.23151,0.000455,0.000543,0.000587,3.601256,3.601396,3.600669,0.000140000000000029,3.5942,0.0280767829895021
"2026-05-23T17:54:20.208Z","run_bootstrap",116,"http://client1:8000","run","http://client1:8000/run",1,TRUE,200,1109,251,3.40508890151978,"2026-05-23T17:54:16.380702Z","2026-05-23T17:54:19.785790Z",1779558856.3807,1779558859.78579,0.000718,0.00083,0.000864,3.390233,3.390335,3.389369,0.000102000000000046,3.3804,0.0246889015197755
"2026-05-23T17:54:20.208Z","run_bootstrap",116,"http://client2:8000","run","http://client2:8000/run",1,TRUE,200,1109,255,3.6052770614624,"2026-05-23T17:54:16.381492Z","2026-05-23T17:54:19.986769Z",1779558856.38149,1779558859.98677,0.000414,0.000542,0.000579,3.587965,3.588102,3.587386,0.000137000000000054,3.5806,0.0246770614624023
"2026-05-23T17:54:20.208Z","run_bootstrap",116,"http://client3:8000","run","http://client3:8000/run",1,TRUE,200,1109,253,3.82157278060913,"2026-05-23T17:54:16.381986Z","2026-05-23T17:54:20.203559Z",1779558856.38199,1779558860.20356,0.000662,0.000785,0.000821,3.807238,3.807384,3.806417,0.000145999999999979,3.7998,0.021772780609131
"2026-05-23T17:54:24.126Z","run_bootstrap",117,"http://client1:8000","run","http://client1:8000/run",1,TRUE,200,1109,250,3.64733791351318,"2026-05-23T17:54:20.219971Z","2026-05-23T17:54:23.867309Z",1779558860.21997,1779558863.86731,0.000721,0.000809,0.000832,3.630188,3.630323,3.629356,0.000135000000000218,3.6225,0.0248379135131835
"2026-05-23T17:54:24.126Z","run_bootstrap",117,"http://client2:8000","run","http://client2:8000/run",1,TRUE,200,1109,256,3.71654009819031,"2026-05-23T17:54:20.222006Z","2026-05-23T17:54:23.938546Z",1779558860.22201,1779558863.93855,0.000582,0.000678,0.000709,3.696095,3.696213,3.695386,0.000118000000000062,3.6875,0.0290400981903076
"2026-05-23T17:54:24.126Z","run_bootstrap",117,"http://client3:8000","run","http://client3:8000/run",1,TRUE,200,1109,254,3.89784264564514,"2026-05-23T17:54:20.222380Z","2026-05-23T17:54:24.120223Z",1779558860.22238,1779558864.12022,0.00044,0.00054,0.000575,3.873348,3.873483,3.872773,0.000134999999999774,3.8648,0.0330426456451418
"2026-05-23T17:54:28.094Z","run_bootstrap",118,"http://client1:8000","run","http://client1:8000/run",1,TRUE,200,1109,250,3.64200592041016,"2026-05-23T17:54:24.145983Z","2026-05-23T17:54:27.787989Z",1779558864.14598,1779558867.78799,0.000728,0.000844,0.000888,3.627446,3.627577,3.626558,0.000131000000000103,3.6175,0.0245059204101561
"2026-05-23T17:54:28.094Z","run_bootstrap",118,"http://client2:8000","run","http://client2:8000/run",1,TRUE,200,1109,256,3.81110334396362,"2026-05-23T17:54:24.147556Z","2026-05-23T17:54:27.958660Z",1779558864.14756,1779558867.95866,0.000513,0.00061,0.000654,3.798503,3.798556,3.797849,5.29999999998587e-05,3.7846,0.0265033439636229
"2026-05-23T17:54:28.094Z","run_bootstrap",118,"http://client3:8000","run","http://client3:8000/run",1,TRUE,200,1109,254,3.94248557090759,"2026-05-23T17:54:24.147124Z","2026-05-23T17:54:28.089610Z",1779558864.14712,1779558868.08961,0.000486,0.000601,0.000645,3.929152,3.929317,3.928507,0.000164999999999971,3.9101,0.0323855709075929
"2026-05-23T17:54:32.057Z","run_bootstrap",119,"http://client1:8000","run","http://client1:8000/run",1,TRUE,200,1110,250,3.56662654876709,"2026-05-23T17:54:28.106034Z","2026-05-23T17:54:31.672661Z",1779558868.10603,1779558871.67266,0.000574,0.000687,0.000727,3.545408,3.545541,3.544681,0.000132999999999939,3.5366,0.0300265487670899
"2026-05-23T17:54:32.057Z","run_bootstrap",119,"http://client2:8000","run","http://client2:8000/run",1,TRUE,200,1110,256,3.77487325668335,"2026-05-23T17:54:28.106863Z","2026-05-23T17:54:31.881736Z",1779558868.10686,1779558871.88174,0.000597,0.000708,0.000746,3.757759,3.757844,3.757013,8.49999999998907e-05,3.7493,0.0255732566833498
"2026-05-23T17:54:32.057Z","run_bootstrap",119,"http://client3:8000","run","http://client3:8000/run",1,TRUE,200,1110,253,3.94237685203552,"2026-05-23T17:54:28.107495Z","2026-05-23T17:54:32.049872Z",1779558868.1075,1779558872.04987,0.000592,0.000664,0.000704,3.922124,3.92225,3.92142,0.000125999999999848,3.9133,0.0290768520355225
"2026-05-23T17:54:36.208Z","run_bootstrap",120,"http://client1:8000","run","http://client1:8000/run",1,TRUE,200,1110,250,3.91615223884583,"2026-05-23T17:54:32.074797Z","2026-05-23T17:54:35.990949Z",1779558872.0748,1779558875.99095,0.000648,0.000744,0.00078,3.901436,3.901698,3.900656,0.000262000000000207,3.7435,0.172652238845825
"2026-05-23T17:54:36.208Z","run_bootstrap",120,"http://client2:8000","run","http://client2:8000/run",1,TRUE,200,1110,256,3.94411969184875,"2026-05-23T17:54:32.076081Z","2026-05-23T17:54:36.020201Z",1779558872.07608,1779558876.0202,0.000551,0.000644,0.000681,3.923189,3.923334,3.922508,0.000145000000000284,3.7636,0.180519691848755
"2026-05-23T17:54:36.208Z","run_bootstrap",120,"http://client3:8000","run","http://client3:8000/run",1,TRUE,200,1110,253,4.12878489494324,"2026-05-23T17:54:32.075027Z","2026-05-23T17:54:36.203812Z",1779558872.07503,1779558876.20381,0.000524,0.000632,0.000674,4.113972,4.114108,4.113298,0.00013599999999947,3.9559,0.172884894943237
"2026-05-23T17:54:39.959Z","run_bootstrap",121,"http://client1:8000","run","http://client1:8000/run",1,TRUE,200,1109,248,3.46024465560913,"2026-05-23T17:54:36.220256Z","2026-05-23T17:54:39.680500Z",1779558876.22026,1779558879.6805,0.000567,0.000657,0.000677,3.437722,3.437864,3.437045,0.000141999999999864,3.4307,0.029544655609131
"2026-05-23T17:54:39.959Z","run_bootstrap",121,"http://client2:8000","run","http://client2:8000/run",1,TRUE,200,1109,253,3.73075008392334,"2026-05-23T17:54:36.220831Z","2026-05-23T17:54:39.951581Z",1779558876.22083,1779558879.95158,0.000595,0.000656,0.000684,3.708662,3.708816,3.707978,0.00015400000000021,3.7019,0.0288500839233397
"2026-05-23T17:54:39.959Z","run_bootstrap",121,"http://client3:8000","run","http://client3:8000/run",1,TRUE,200,1109,252,3.6141242980957,"2026-05-23T17:54:36.220152Z","2026-05-23T17:54:39.834276Z",1779558876.22015,1779558879.83428,0.000761,0.000937,0.000962,3.59978,3.599927,3.598818,0.000147000000000119,3.5932,0.0209242980957032
"2026-05-23T17:54:43.534Z","run_bootstrap",122,"http://client1:8000","run","http://client1:8000/run",1,TRUE,200,1109,248,3.55701303482056,"2026-05-23T17:54:39.972900Z","2026-05-23T17:54:43.529913Z",1779558879.9729,1779558883.52991,0.000613,0.000724,0.000773,3.542092,3.542234,3.541319,0.000142000000000309,3.5348,0.0222130348205565
"2026-05-23T17:54:43.534Z","run_bootstrap",122,"http://client2:8000","run","http://client2:8000/run",1,TRUE,200,1109,253,3.54205298423767,"2026-05-23T17:54:39.973255Z","2026-05-23T17:54:43.515308Z",1779558879.97326,1779558883.51531,0.000586,0.000703,0.000763,3.528061,3.528182,3.527298,0.000121000000000038,3.5189,0.023152984237671
"2026-05-23T17:54:43.534Z","run_bootstrap",122,"http://client3:8000","run","http://client3:8000/run",1,TRUE,200,1109,252,3.46104550361633,"2026-05-23T17:54:39.973909Z","2026-05-23T17:54:43.434955Z",1779558879.97391,1779558883.43496,0.000631,0.000727,0.000758,3.442885,3.44303,3.442127,0.00014499999999984,3.4354,0.025645503616333
"2026-05-23T17:54:47.206Z","run_bootstrap",123,"http://client1:8000","run","http://client1:8000/run",1,TRUE,200,1109,250,3.44674706459045,"2026-05-23T17:54:43.545784Z","2026-05-23T17:54:46.992531Z",1779558883.54578,1779558886.99253,0.000635,0.000724,0.000751,3.429471,3.429502,3.42872,3.09999999998922e-05,3.4221,0.0246470645904542
"2026-05-23T17:54:47.206Z","run_bootstrap",123,"http://client2:8000","run","http://client2:8000/run",1,TRUE,200,1109,255,3.6562876701355,"2026-05-23T17:54:43.546259Z","2026-05-23T17:54:47.202547Z",1779558883.54626,1779558887.20255,0.000644,0.000723,0.000749,3.639927,3.639965,3.639178,3.79999999999825e-05,3.6331,0.0231876701354978
"2026-05-23T17:54:47.206Z","run_bootstrap",123,"http://client3:8000","run","http://client3:8000/run",1,TRUE,200,1109,253,3.55108857154846,"2026-05-23T17:54:43.548027Z","2026-05-23T17:54:47.099116Z",1779558883.54803,1779558887.09912,0.000556,0.000636,0.000666,3.533371,3.533402,3.532705,3.10000000003363e-05,3.5264,0.0246885715484617
"2026-05-23T17:54:50.983Z","run_bootstrap",124,"http://client1:8000","run","http://client1:8000/run",1,TRUE,200,1109,249,3.75851154327393,"2026-05-23T17:54:47.220597Z","2026-05-23T17:54:50.979109Z",1779558887.2206,1779558890.97911,0.000507,0.00059,0.000618,3.745374,3.745499,3.744756,0.000125000000000153,3.737,0.0215115432739257
"2026-05-23T17:54:50.983Z","run_bootstrap",124,"http://client2:8000","run","http://client2:8000/run",1,TRUE,200,1109,255,3.36913728713989,"2026-05-23T17:54:47.222146Z","2026-05-23T17:54:50.591283Z",1779558887.22215,1779558890.59128,0.000456,0.00053,0.00056,3.355644,3.355781,3.355084,0.000137000000000054,3.3489,0.0202372871398926
"2026-05-23T17:54:50.983Z","run_bootstrap",124,"http://client3:8000","run","http://client3:8000/run",1,TRUE,200,1109,252,3.56508898735046,"2026-05-23T17:54:47.221345Z","2026-05-23T17:54:50.786434Z",1779558887.22135,1779558890.78643,0.000518,0.000584,0.000609,3.552687,3.552813,3.552078,0.000125999999999848,3.545,0.0200889873504639
"2026-05-23T17:54:54.732Z","run_bootstrap",125,"http://client1:8000","run","http://client1:8000/run",1,TRUE,200,1107,248,3.72997450828552,"2026-05-23T17:54:50.995304Z","2026-05-23T17:54:54.725278Z",1779558890.9953,1779558894.72528,0.000541,0.000612,0.000635,3.716073,3.716195,3.715438,0.000121999999999733,3.708,0.0219745082855223
"2026-05-23T17:54:54.732Z","run_bootstrap",125,"http://client2:8000","run","http://client2:8000/run",1,TRUE,200,1107,255,3.61301183700562,"2026-05-23T17:54:50.996065Z","2026-05-23T17:54:54.609076Z",1779558890.99607,1779558894.60908,0.000558,0.000652,0.000689,3.599828,3.599966,3.599139,0.000138000000000194,3.5924,0.0206118370056152
"2026-05-23T17:54:54.732Z","run_bootstrap",125,"http://client3:8000","run","http://client3:8000/run",1,TRUE,200,1107,253,3.34178304672241,"2026-05-23T17:54:50.997841Z","2026-05-23T17:54:54.339624Z",1779558890.99784,1779558894.33962,0.000618,0.000672,0.000702,3.328014,3.328162,3.327312,0.000147999999999815,3.3209,0.0208830467224121
"2026-05-23T17:54:58.486Z","run_bootstrap",126,"http://client1:8000","run","http://client1:8000/run",1,TRUE,200,1107,249,3.73308849334717,"2026-05-23T17:54:54.744877Z","2026-05-23T17:54:58.477966Z",1779558894.74488,1779558898.47797,0.000575,0.000679,0.000719,3.711203,3.711252,3.710484,4.90000000001878e-05,3.7038,0.0292884933471678
"2026-05-23T17:54:58.486Z","run_bootstrap",126,"http://client2:8000","run","http://client2:8000/run",1,TRUE,200,1107,255,3.51449751853943,"2026-05-23T17:54:54.745336Z","2026-05-23T17:54:58.259833Z",1779558894.74534,1779558898.25983,0.000621,0.000719,0.000757,3.491625,3.491757,3.490868,0.000132000000000243,3.4846,0.0298975185394288
"2026-05-23T17:54:58.486Z","run_bootstrap",126,"http://client3:8000","run","http://client3:8000/run",1,TRUE,200,1107,253,3.31576728820801,"2026-05-23T17:54:54.745859Z","2026-05-23T17:54:58.061626Z",1779558894.74586,1779558898.06163,0.000574,0.000696,0.000733,3.293098,3.293249,3.292365,0.00015099999999979,3.2819,0.033867288208008
"2026-05-23T17:55:02.248Z","run_bootstrap",127,"http://client1:8000","run","http://client1:8000/run",1,TRUE,200,1107,251,3.73734474182129,"2026-05-23T17:54:58.498457Z","2026-05-23T17:55:02.235802Z",1779558898.49846,1779558902.2358,0.000495,0.000571,0.000608,3.714241,3.71437,3.713633,0.000129000000000268,3.7072,0.0301447418212892
"2026-05-23T17:55:02.248Z","run_bootstrap",127,"http://client2:8000","run","http://client2:8000/run",1,TRUE,200,1107,256,3.74399566650391,"2026-05-23T17:54:58.498898Z","2026-05-23T17:55:02.242894Z",1779558898.4989,1779558902.24289,0.000397,0.000488,0.000525,3.721391,3.721523,3.720866,0.000131999999999799,3.7147,0.0292956665039061
"2026-05-23T17:55:02.248Z","run_bootstrap",127,"http://client3:8000","run","http://client3:8000/run",1,TRUE,200,1107,251,3.44179034233093,"2026-05-23T17:54:58.499287Z","2026-05-23T17:55:01.941077Z",1779558898.49929,1779558901.94108,0.000567,0.000684,0.000725,3.426377,3.426512,3.425652,0.000134999999999774,3.4184,0.0233903423309325
"2026-05-23T17:55:06.040Z","run_bootstrap",128,"http://client1:8000","run","http://client1:8000/run",1,TRUE,200,1107,251,3.68861651420593,"2026-05-23T17:55:02.261720Z","2026-05-23T17:55:05.950337Z",1779558902.26172,1779558905.95034,0.000586,0.000656,0.000686,3.662024,3.662058,3.661338,3.39999999998675e-05,3.6535,0.0351165142059324
"2026-05-23T17:55:06.040Z","run_bootstrap",128,"http://client2:8000","run","http://client2:8000/run",1,TRUE,200,1107,256,3.77446842193604,"2026-05-23T17:55:02.261019Z","2026-05-23T17:55:06.035488Z",1779558902.26102,1779558906.03549,0.000536,0.00065,0.000686,3.755928,3.755964,3.755242,3.6000000000147e-05,3.7489,0.0255684219360353
"2026-05-23T17:55:06.040Z","run_bootstrap",128,"http://client3:8000","run","http://client3:8000/run",1,TRUE,200,1107,251,3.54243755340576,"2026-05-23T17:55:02.262741Z","2026-05-23T17:55:05.805179Z",1779558902.26274,1779558905.80518,0.000485,0.000577,0.000609,3.520079,3.520115,3.51947,3.6000000000147e-05,3.5133,0.0291375534057616
"2026-05-23T17:55:09.858Z","run_bootstrap",129,"http://client1:8000","run","http://client1:8000/run",1,TRUE,200,1109,251,3.60452938079834,"2026-05-23T17:55:06.054095Z","2026-05-23T17:55:09.658624Z",1779558906.0541,1779558909.65862,0.000523,0.000599,0.000622,3.590945,3.591078,3.590323,0.000132999999999939,3.5838,0.0207293807983397
"2026-05-23T17:55:09.858Z","run_bootstrap",129,"http://client2:8000","run","http://client2:8000/run",1,TRUE,200,1109,254,3.35187101364136,"2026-05-23T17:55:06.054628Z","2026-05-23T17:55:09.406499Z",1779558906.05463,1779558909.4065,0.000589,0.000676,0.00071,3.338124,3.338193,3.337414,6.89999999998747e-05,3.3302,0.0216710136413574
"2026-05-23T17:55:09.858Z","run_bootstrap",129,"http://client3:8000","run","http://client3:8000/run",1,TRUE,200,1109,253,3.79883480072021,"2026-05-23T17:55:06.055471Z","2026-05-23T17:55:09.854306Z",1779558906.05547,1779558909.85431,0.000685,0.000749,0.000771,3.77893,3.779053,3.778159,0.000123000000000317,3.7719,0.0269348007202148
"2026-05-23T17:55:13.715Z","run_bootstrap",130,"http://client1:8000","run","http://client1:8000/run",1,TRUE,200,1109,251,3.84004235267639,"2026-05-23T17:55:09.871272Z","2026-05-23T17:55:13.711315Z",1779558909.87127,1779558913.71132,0.00072,8e-04,0.000822,3.823936,3.824054,3.823114,0.000118000000000062,3.8165,0.0235423526763916
"2026-05-23T17:55:13.715Z","run_bootstrap",130,"http://client2:8000","run","http://client2:8000/run",1,TRUE,200,1109,254,3.78891229629517,"2026-05-23T17:55:09.871963Z","2026-05-23T17:55:13.660875Z",1779558909.87196,1779558913.66088,0.000783,0.000869,0.000901,3.772555,3.772702,3.771654,0.000147000000000119,3.7638,0.0251122962951662
"2026-05-23T17:55:13.715Z","run_bootstrap",130,"http://client3:8000","run","http://client3:8000/run",1,TRUE,200,1109,253,3.5874617099762,"2026-05-23T17:55:09.872531Z","2026-05-23T17:55:13.459993Z",1779558909.87253,1779558913.45999,0.000644,0.000735,0.000766,3.57178,3.571914,3.571014,0.000134000000000079,3.5593,0.0281617099761964
"2026-05-23T17:55:17.567Z","run_bootstrap",131,"http://client1:8000","run","http://client1:8000/run",1,TRUE,200,1109,250,3.57498121261597,"2026-05-23T17:55:13.725960Z","2026-05-23T17:55:17.300941Z",1779558913.72596,1779558917.30094,0.000702,0.000813,0.000856,3.560712,3.560857,3.559856,0.00014499999999984,3.5521,0.022881212615967
"2026-05-23T17:55:17.567Z","run_bootstrap",131,"http://client2:8000","run","http://client2:8000/run",1,TRUE,200,1109,255,3.83547806739807,"2026-05-23T17:55:13.727599Z","2026-05-23T17:55:17.563077Z",1779558913.7276,1779558917.56308,0.000747,0.000841,0.000868,3.822362,3.822505,3.821494,0.000143000000000004,3.8149,0.0205780673980711
"2026-05-23T17:55:17.567Z","run_bootstrap",131,"http://client3:8000","run","http://client3:8000/run",1,TRUE,200,1109,253,3.56343650817871,"2026-05-23T17:55:13.728844Z","2026-05-23T17:55:17.292281Z",1779558913.72884,1779558917.29228,0.000426,0.000507,0.00057,3.549224,3.549315,3.548654,9.09999999998412e-05,3.5422,0.0212365081787111
"2026-05-23T17:55:21.468Z","run_bootstrap",132,"http://client1:8000","run","http://client1:8000/run",1,TRUE,200,1109,249,3.88432598114014,"2026-05-23T17:55:17.579369Z","2026-05-23T17:55:21.463695Z",1779558917.57937,1779558921.4637,0.000769,0.000867,0.000888,3.869834,3.869974,3.868946,0.000140000000000029,3.862,0.0223259811401366
"2026-05-23T17:55:21.468Z","run_bootstrap",132,"http://client2:8000","run","http://client2:8000/run",1,TRUE,200,1109,254,3.60954427719116,"2026-05-23T17:55:17.580368Z","2026-05-23T17:55:21.189913Z",1779558917.58037,1779558921.18991,0.00062,0.000708,0.000739,3.594941,3.595091,3.594202,0.000150000000000095,3.588,0.021544277191162
"2026-05-23T17:55:21.468Z","run_bootstrap",132,"http://client3:8000","run","http://client3:8000/run",1,TRUE,200,1109,253,3.61395168304443,"2026-05-23T17:55:17.582194Z","2026-05-23T17:55:21.196146Z",1779558917.58219,1779558921.19615,0.000585,0.000664,0.000694,3.598618,3.598736,3.597924,0.000118000000000062,3.5905,0.0234516830444336
"2026-05-23T17:55:25.366Z","run_bootstrap",133,"http://client1:8000","run","http://client1:8000/run",1,TRUE,200,1109,251,3.63844347000122,"2026-05-23T17:55:21.480863Z","2026-05-23T17:55:25.119307Z",1779558921.48086,1779558925.11931,0.000642,0.000756,0.000798,3.620281,3.620523,3.619483,0.000242000000000075,3.6121,0.0263434700012208
"2026-05-23T17:55:25.366Z","run_bootstrap",133,"http://client2:8000","run","http://client2:8000/run",1,TRUE,200,1109,255,3.87723636627197,"2026-05-23T17:55:21.481621Z","2026-05-23T17:55:25.358857Z",1779558921.48162,1779558925.35886,0.000432,0.000522,0.00056,3.855257,3.855395,3.854697,0.000138000000000194,3.8486,0.0286363662719729
"2026-05-23T17:55:25.366Z","run_bootstrap",133,"http://client3:8000","run","http://client3:8000/run",1,TRUE,200,1109,253,3.6282262802124,"2026-05-23T17:55:21.482247Z","2026-05-23T17:55:25.110473Z",1779558921.48225,1779558925.11047,0.000535,0.000623,0.000659,3.606846,3.607001,3.606187,0.000154999999999905,3.599,0.0292262802124021
"2026-05-23T17:55:29.106Z","run_bootstrap",134,"http://client1:8000","run","http://client1:8000/run",1,TRUE,200,1109,251,3.53661799430847,"2026-05-23T17:55:25.379364Z","2026-05-23T17:55:28.915982Z",1779558925.37936,1779558928.91598,0.000773,0.000879,0.000917,3.51769,3.517722,3.516773,3.2000000000032e-05,3.5097,0.0269179943084716
"2026-05-23T17:55:29.106Z","run_bootstrap",134,"http://client2:8000","run","http://client2:8000/run",1,TRUE,200,1109,255,3.70923781394958,"2026-05-23T17:55:25.379775Z","2026-05-23T17:55:29.089013Z",1779558925.37978,1779558929.08901,0.000805,0.000881,0.000913,3.690689,3.690722,3.689776,3.30000000001718e-05,3.6833,0.0259378139495849
"2026-05-23T17:55:29.106Z","run_bootstrap",134,"http://client3:8000","run","http://client3:8000/run",1,TRUE,200,1109,254,3.7224178314209,"2026-05-23T17:55:25.380127Z","2026-05-23T17:55:29.102545Z",1779558925.38013,1779558929.10255,0.000761,0.00088,0.000917,3.704793,3.704826,3.703876,3.30000000001718e-05,3.6971,0.0253178314208986
"2026-05-23T17:55:32.943Z","run_bootstrap",135,"http://client1:8000","run","http://client1:8000/run",1,TRUE,200,1109,250,3.70104885101318,"2026-05-23T17:55:29.120661Z","2026-05-23T17:55:32.821710Z",1779558929.12066,1779558932.82171,0.000473,0.000554,0.000577,3.683847,3.683986,3.68327,0.000138999999999889,3.675,0.0260488510131838
"2026-05-23T17:55:32.943Z","run_bootstrap",135,"http://client2:8000","run","http://client2:8000/run",1,TRUE,200,1109,256,3.81804585456848,"2026-05-23T17:55:29.121252Z","2026-05-23T17:55:32.939298Z",1779558929.12125,1779558932.9393,0.000592,0.000655,0.000675,3.801763,3.801889,3.801088,0.000126000000000293,3.7879,0.0301458545684814
"2026-05-23T17:55:32.943Z","run_bootstrap",135,"http://client3:8000","run","http://client3:8000/run",1,TRUE,200,1109,252,3.74961471557617,"2026-05-23T17:55:29.121820Z","2026-05-23T17:55:32.871435Z",1779558929.12182,1779558932.87144,0.000489,0.000561,0.000592,3.731113,3.731257,3.730521,0.0001439999999997,3.7165,0.033114715576172
"2026-05-23T17:55:36.684Z","run_bootstrap",136,"http://client1:8000","run","http://client1:8000/run",1,TRUE,200,1109,251,3.6661810874939,"2026-05-23T17:55:32.955675Z","2026-05-23T17:55:36.621856Z",1779558932.95568,1779558936.62186,0.000824,0.000931,0.00097,3.651779,3.651926,3.650809,0.000147000000000119,3.6429,0.0232810874938965
"2026-05-23T17:55:36.684Z","run_bootstrap",136,"http://client2:8000","run","http://client2:8000/run",1,TRUE,200,1109,256,3.72099828720093,"2026-05-23T17:55:32.957223Z","2026-05-23T17:55:36.678222Z",1779558932.95722,1779558936.67822,0.000677,0.000792,0.000852,3.703896,3.704035,3.703044,0.000139000000000333,3.6949,0.0260982872009277
"2026-05-23T17:55:36.684Z","run_bootstrap",136,"http://client3:8000","run","http://client3:8000/run",1,TRUE,200,1109,252,3.71739530563354,"2026-05-23T17:55:32.957486Z","2026-05-23T17:55:36.674882Z",1779558932.95749,1779558936.67488,0.000505,0.000589,0.000626,3.702631,3.702732,3.702005,0.000101000000000351,3.6922,0.0251953056335448
"2026-05-23T17:55:40.459Z","run_bootstrap",137,"http://client1:8000","run","http://client1:8000/run",1,TRUE,200,1108,250,3.75630211830139,"2026-05-23T17:55:36.698351Z","2026-05-23T17:55:40.454653Z",1779558936.69835,1779558940.45465,5e-04,0.000576,0.000608,3.739083,3.739274,3.738475,0.000191000000000052,3.7312,0.0251021183013918
"2026-05-23T17:55:40.459Z","run_bootstrap",137,"http://client2:8000","run","http://client2:8000/run",1,TRUE,200,1108,254,3.6033501625061,"2026-05-23T17:55:36.697505Z","2026-05-23T17:55:40.300855Z",1779558936.69751,1779558940.30086,0.000581,0.000691,0.000731,3.588869,3.588967,3.588138,9.79999999999315e-05,3.5819,0.0214501625061034
"2026-05-23T17:55:40.459Z","run_bootstrap",137,"http://client3:8000","run","http://client3:8000/run",1,TRUE,200,1108,250,3.71279263496399,"2026-05-23T17:55:36.699178Z","2026-05-23T17:55:40.411970Z",1779558936.69918,1779558940.41197,0.000447,0.000556,0.000596,3.695961,3.696103,3.695365,0.000141999999999864,3.689,0.0237926349639892
"2026-05-23T17:55:44.211Z","run_bootstrap",138,"http://client1:8000","run","http://client1:8000/run",1,TRUE,200,1108,250,3.68563413619995,"2026-05-23T17:55:40.472383Z","2026-05-23T17:55:44.158017Z",1779558940.47238,1779558944.15802,0.000594,0.000676,0.000711,3.668411,3.668555,3.6677,0.000144000000000144,3.6608,0.0248341361999511
"2026-05-23T17:55:44.211Z","run_bootstrap",138,"http://client2:8000","run","http://client2:8000/run",1,TRUE,200,1108,254,3.71905326843262,"2026-05-23T17:55:40.473107Z","2026-05-23T17:55:44.192160Z",1779558940.47311,1779558944.19216,0.000535,0.000623,0.000646,3.70276,3.702904,3.702114,0.000144000000000144,3.6956,0.023453268432617
"2026-05-23T17:55:44.211Z","run_bootstrap",138,"http://client3:8000","run","http://client3:8000/run",1,TRUE,200,1108,251,3.73484873771667,"2026-05-23T17:55:40.472229Z","2026-05-23T17:55:44.207078Z",1779558940.47223,1779558944.20708,0.000688,0.000792,0.00083,3.719691,3.719827,3.718861,0.000135999999999914,3.7123,0.0225487377166749
"2026-05-23T17:55:48.176Z","run_bootstrap",139,"http://client1:8000","run","http://client1:8000/run",1,TRUE,200,1109,251,3.94400930404663,"2026-05-23T17:55:44.223560Z","2026-05-23T17:55:48.167569Z",1779558944.22356,1779558948.16757,0.000697,0.000808,0.000853,3.929532,3.929669,3.928679,0.000137000000000054,3.9218,0.0222093040466307
"2026-05-23T17:55:48.176Z","run_bootstrap",139,"http://client2:8000","run","http://client2:8000/run",1,TRUE,200,1109,256,3.71545815467834,"2026-05-23T17:55:44.224780Z","2026-05-23T17:55:47.940238Z",1779558944.22478,1779558947.94024,0.000621,0.000713,0.000755,3.700088,3.700217,3.699333,0.000128999999999824,3.6917,0.0237581546783447
"2026-05-23T17:55:48.176Z","run_bootstrap",139,"http://client3:8000","run","http://client3:8000/run",1,TRUE,200,1109,253,3.50732207298279,"2026-05-23T17:55:44.225181Z","2026-05-23T17:55:47.732503Z",1779558944.22518,1779558947.7325,0.000683,0.000808,0.000855,3.492483,3.492577,3.491628,9.39999999998165e-05,3.4812,0.0261220729827882
"2026-05-23T17:55:52.309Z","run_bootstrap",140,"http://client1:8000","run","http://client1:8000/run",1,TRUE,200,1109,251,3.93610835075378,"2026-05-23T17:55:48.191400Z","2026-05-23T17:55:52.127508Z",1779558948.1914,1779558952.12751,0.000577,0.000663,0.000695,3.914667,3.914774,3.913972,0.000106999999999857,3.7526,0.183508350753784
"2026-05-23T17:55:52.309Z","run_bootstrap",140,"http://client2:8000","run","http://client2:8000/run",1,TRUE,200,1109,256,4.11298394203186,"2026-05-23T17:55:48.192167Z","2026-05-23T17:55:52.305151Z",1779558948.19217,1779558952.30515,0.000538,0.000631,0.000661,4.092478,4.092786,4.091817,0.000308000000000419,3.9322,0.18078394203186
"2026-05-23T17:55:52.309Z","run_bootstrap",140,"http://client3:8000","run","http://client3:8000/run",1,TRUE,200,1109,253,3.90333700180054,"2026-05-23T17:55:48.192603Z","2026-05-23T17:55:52.095940Z",1779558948.1926,1779558952.09594,0.000742,0.00082,0.000842,3.88783,3.887971,3.886988,0.000140999999999725,3.7235,0.179837001800537
"2026-05-23T17:55:56.031Z","run_bootstrap",141,"http://client1:8000","run","http://client1:8000/run",1,TRUE,200,1108,249,3.48781633377075,"2026-05-23T17:55:52.320097Z","2026-05-23T17:55:55.807914Z",1779558952.3201,1779558955.80791,0.000744,0.000857,0.000898,3.474119,3.474266,3.473221,0.000147000000000119,3.4667,0.0211163337707521
"2026-05-23T17:55:56.031Z","run_bootstrap",141,"http://client2:8000","run","http://client2:8000/run",1,TRUE,200,1108,254,3.50425577163696,"2026-05-23T17:55:52.321767Z","2026-05-23T17:55:55.826023Z",1779558952.32177,1779558955.82602,0.000571,0.000652,0.000688,3.487476,3.487594,3.486788,0.000118000000000062,3.4805,0.0237557716369627
"2026-05-23T17:55:56.031Z","run_bootstrap",141,"http://client3:8000","run","http://client3:8000/run",1,TRUE,200,1108,252,3.7062029838562,"2026-05-23T17:55:52.320951Z","2026-05-23T17:55:56.027154Z",1779558952.32095,1779558956.02715,0.00062,0.000687,0.000711,3.693755,3.693888,3.693044,0.000132999999999939,3.6867,0.0195029838562011
"2026-05-23T17:55:59.787Z","run_bootstrap",142,"http://client1:8000","run","http://client1:8000/run",1,TRUE,200,1108,249,3.73736333847046,"2026-05-23T17:55:56.044913Z","2026-05-23T17:55:59.782276Z",1779558956.04491,1779558959.78228,0.000615,0.000695,0.000725,3.721536,3.721682,3.720811,0.000145999999999979,3.7141,0.0232633384704588
"2026-05-23T17:55:59.787Z","run_bootstrap",142,"http://client2:8000","run","http://client2:8000/run",1,TRUE,200,1108,254,3.66863012313843,"2026-05-23T17:55:56.045418Z","2026-05-23T17:55:59.714048Z",1779558956.04542,1779558959.71405,0.000413,0.00049,0.000511,3.653381,3.653533,3.65287,0.00015199999999993,3.6465,0.0221301231384277
"2026-05-23T17:55:59.787Z","run_bootstrap",142,"http://client3:8000","run","http://client3:8000/run",1,TRUE,200,1108,252,3.27989435195923,"2026-05-23T17:55:56.046069Z","2026-05-23T17:55:59.325964Z",1779558956.04607,1779558959.32596,0.000569,0.000633,0.000654,3.265247,3.265396,3.264593,0.000148999999999955,3.2584,0.0214943519592286
"2026-05-23T17:56:03.553Z","run_bootstrap",143,"http://client1:8000","run","http://client1:8000/run",1,TRUE,200,1109,250,3.68935179710388,"2026-05-23T17:55:59.799724Z","2026-05-23T17:56:03.489076Z",1779558959.79972,1779558963.48908,0.000659,0.000766,8e-04,3.673322,3.673474,3.672522,0.00015199999999993,3.6644,0.0249517971038817
"2026-05-23T17:56:03.553Z","run_bootstrap",143,"http://client2:8000","run","http://client2:8000/run",1,TRUE,200,1109,253,3.49991345405579,"2026-05-23T17:55:59.800430Z","2026-05-23T17:56:03.300343Z",1779558959.80043,1779558963.30034,0.000518,0.000634,0.000671,3.482146,3.482243,3.481475,9.69999999997917e-05,3.4751,0.0248134540557863
"2026-05-23T17:56:03.553Z","run_bootstrap",143,"http://client3:8000","run","http://client3:8000/run",1,TRUE,200,1109,251,3.74805426597595,"2026-05-23T17:55:59.800723Z","2026-05-23T17:56:03.548777Z",1779558959.80072,1779558963.54878,0.000692,0.000806,0.00084,3.7319,3.732067,3.73106,0.000166999999999806,3.725,0.0230542659759521
"2026-05-23T17:56:07.291Z","run_bootstrap",144,"http://client1:8000","run","http://client1:8000/run",1,TRUE,200,1109,250,3.32288432121277,"2026-05-23T17:56:03.565676Z","2026-05-23T17:56:06.888561Z",1779558963.56568,1779558966.88856,0.000658,0.00078,0.000831,3.308318,3.308429,3.307487,0.000110999999999972,3.2987,0.0241843212127684
"2026-05-23T17:56:07.291Z","run_bootstrap",144,"http://client2:8000","run","http://client2:8000/run",1,TRUE,200,1109,253,3.58217215538025,"2026-05-23T17:56:03.566343Z","2026-05-23T17:56:07.148515Z",1779558963.56634,1779558967.14852,0.000724,0.000821,0.000866,3.568715,3.568851,3.567849,0.000135999999999914,3.5618,0.0203721553802492
"2026-05-23T17:56:07.291Z","run_bootstrap",144,"http://client3:8000","run","http://client3:8000/run",1,TRUE,200,1109,252,3.71724724769592,"2026-05-23T17:56:03.567077Z","2026-05-23T17:56:07.284325Z",1779558963.56708,1779558967.28433,0.000726,0.000821,0.000866,3.704122,3.704253,3.703256,0.000131000000000103,3.6972,0.0200472476959228
"2026-05-23T17:56:10.938Z","run_bootstrap",145,"http://client1:8000","run","http://client1:8000/run",1,TRUE,200,1108,250,3.5236542224884,"2026-05-23T17:56:07.304982Z","2026-05-23T17:56:10.828636Z",1779558967.30498,1779558970.82864,0.000605,0.000715,0.000755,3.500584,3.500617,3.499829,3.30000000001718e-05,3.4922,0.0314542224884033
"2026-05-23T17:56:10.938Z","run_bootstrap",145,"http://client2:8000","run","http://client2:8000/run",1,TRUE,200,1108,256,3.62993025779724,"2026-05-23T17:56:07.304248Z","2026-05-23T17:56:10.934178Z",1779558967.30425,1779558970.93418,0.000656,0.000768,0.000803,3.61245,3.61251,3.611647,5.9999999999949e-05,3.6043,0.0256302577972414
"2026-05-23T17:56:10.938Z","run_bootstrap",145,"http://client3:8000","run","http://client3:8000/run",1,TRUE,200,1108,253,3.60790920257568,"2026-05-23T17:56:07.305815Z","2026-05-23T17:56:10.913724Z",1779558967.30582,1779558970.91372,0.000497,0.000611,0.000646,3.583263,3.583306,3.582617,4.29999999997932e-05,3.5758,0.0321092025756835
"2026-05-23T17:56:14.742Z","run_bootstrap",146,"http://client1:8000","run","http://client1:8000/run",1,TRUE,200,1108,249,3.56354188919067,"2026-05-23T17:56:10.953217Z","2026-05-23T17:56:14.516758Z",1779558970.95322,1779558974.51676,0.000477,0.000559,0.00059,3.549847,3.54998,3.549257,0.000132999999999939,3.543,0.0205418891906737
"2026-05-23T17:56:14.742Z","run_bootstrap",146,"http://client2:8000","run","http://client2:8000/run",1,TRUE,200,1108,255,3.49103569984436,"2026-05-23T17:56:10.953949Z","2026-05-23T17:56:14.444984Z",1779558970.95395,1779558974.44498,0.000355,0.000432,0.000454,3.477882,3.478184,3.477428,0.000302000000000024,3.471,0.0200356998443603
"2026-05-23T17:56:14.742Z","run_bootstrap",146,"http://client3:8000","run","http://client3:8000/run",1,TRUE,200,1108,253,3.78271484375,"2026-05-23T17:56:10.953141Z","2026-05-23T17:56:14.735856Z",1779558970.95314,1779558974.73586,0.00044,0.000501,0.000524,3.768988,3.769099,3.768464,0.000111000000000416,3.7619,0.0208148437500002
"2026-05-23T17:56:18.602Z","run_bootstrap",147,"http://client1:8000","run","http://client1:8000/run",1,TRUE,200,1108,255,3.78872442245483,"2026-05-23T17:56:14.807685Z","2026-05-23T17:56:18.596409Z",1779558974.80769,1779558978.59641,0.000472,0.000558,0.000592,3.77146,3.771605,3.770868,0.000145000000000284,3.7603,0.028424422454834
"2026-05-23T17:56:18.602Z","run_bootstrap",147,"http://client2:8000","run","http://client2:8000/run",1,TRUE,200,1108,256,3.76579546928406,"2026-05-23T17:56:14.806802Z","2026-05-23T17:56:18.572597Z",1779558974.8068,1779558978.5726,0.000788,0.000877,0.000903,3.752959,3.753097,3.752056,0.000137999999999749,3.7449,0.0208954692840577
"2026-05-23T17:56:18.602Z","run_bootstrap",147,"http://client3:8000","run","http://client3:8000/run",1,TRUE,200,1108,255,3.46871995925903,"2026-05-23T17:56:14.808985Z","2026-05-23T17:56:18.277705Z",1779558974.80899,1779558978.27771,0.000452,0.000533,0.000569,3.449802,3.449936,3.449233,0.000134000000000079,3.4413,0.0274199592590332
"2026-05-23T17:56:22.384Z","run_bootstrap",148,"http://client1:8000","run","http://client1:8000/run",1,TRUE,200,1108,255,3.63937783241272,"2026-05-23T17:56:18.614564Z","2026-05-23T17:56:22.253942Z",1779558978.61456,1779558982.25394,0.000483,0.000567,6e-04,3.625599,3.625739,3.624999,0.000140000000000029,3.6168,0.0225778324127197
"2026-05-23T17:56:22.384Z","run_bootstrap",148,"http://client2:8000","run","http://client2:8000/run",1,TRUE,200,1108,256,3.7624351978302,"2026-05-23T17:56:18.615056Z","2026-05-23T17:56:22.377491Z",1779558978.61506,1779558982.37749,0.00051,0.000589,0.00062,3.747225,3.747333,3.746605,0.000107999999999997,3.7395,0.0229351978302001
"2026-05-23T17:56:22.384Z","run_bootstrap",148,"http://client3:8000","run","http://client3:8000/run",1,TRUE,200,1108,255,3.42623329162598,"2026-05-23T17:56:18.614353Z","2026-05-23T17:56:22.040586Z",1779558978.61435,1779558982.04059,0.00042,0.000499,0.00052,3.41218,3.412357,3.41166,0.000176999999999872,3.4052,0.0210332916259768
"2026-05-23T17:56:26.405Z","run_bootstrap",149,"http://client1:8000","run","http://client1:8000/run",1,TRUE,200,1109,264,3.76384305953979,"2026-05-23T17:56:22.395941Z","2026-05-23T17:56:26.159784Z",1779558982.39594,1779558986.15978,0.000744,0.000862,0.000904,3.749891,3.750032,3.748987,0.000141000000000169,3.7413,0.0225430595397951
"2026-05-23T17:56:26.405Z","run_bootstrap",149,"http://client2:8000","run","http://client2:8000/run",1,TRUE,200,1109,262,3.78251481056213,"2026-05-23T17:56:22.397527Z","2026-05-23T17:56:26.180042Z",1779558982.39753,1779558986.18004,0.000574,0.000687,0.000728,3.768686,3.768778,3.767958,9.1999999999981e-05,3.7606,0.0219148105621336
"2026-05-23T17:56:26.405Z","run_bootstrap",149,"http://client3:8000","run","http://client3:8000/run",1,TRUE,200,1109,263,4.00046849250793,"2026-05-23T17:56:22.397886Z","2026-05-23T17:56:26.398355Z",1779558982.39789,1779558986.39836,0.000469,0.000552,0.000588,3.9836,3.983745,3.983012,0.00014499999999984,3.9767,0.0237684925079344
"2026-05-23T17:56:30.154Z","run_bootstrap",150,"http://client1:8000","run","http://client1:8000/run",1,TRUE,200,1109,264,3.72253012657166,"2026-05-23T17:56:26.423444Z","2026-05-23T17:56:30.145974Z",1779558986.42344,1779558990.14597,0.000456,0.000543,0.00058,3.707929,3.708172,3.707349,0.000242999999999771,3.6994,0.0231301265716555
"2026-05-23T17:56:30.154Z","run_bootstrap",150,"http://client2:8000","run","http://client2:8000/run",1,TRUE,200,1109,262,3.63591599464417,"2026-05-23T17:56:26.422686Z","2026-05-23T17:56:30.058602Z",1779558986.42269,1779558990.0586,0.000632,0.000716,0.00076,3.62135,3.621439,3.62059,8.90000000000057e-05,3.6133,0.0226159946441649
"2026-05-23T17:56:30.154Z","run_bootstrap",150,"http://client3:8000","run","http://client3:8000/run",1,TRUE,200,1109,263,3.72345733642578,"2026-05-23T17:56:26.423074Z","2026-05-23T17:56:30.146532Z",1779558986.42307,1779558990.14653,0.000609,0.000713,0.000755,3.709441,3.70955,3.708686,0.000109000000000137,3.7023,0.0211573364257811
"2026-05-23T17:56:34.059Z","run_bootstrap",151,"http://client1:8000","run","http://client1:8000/run",1,TRUE,200,1107,251,3.8834228515625,"2026-05-23T17:56:30.169183Z","2026-05-23T17:56:34.052606Z",1779558990.16918,1779558994.05261,0.000513,0.000626,0.000664,3.868858,3.868995,3.868194,0.000137000000000054,3.8616,0.0218228515624999
"2026-05-23T17:56:34.059Z","run_bootstrap",151,"http://client2:8000","run","http://client2:8000/run",1,TRUE,200,1107,255,3.49581408500671,"2026-05-23T17:56:30.171253Z","2026-05-23T17:56:33.667068Z",1779558990.17125,1779558993.66707,0.000571,0.000708,0.000775,3.474118,3.474259,3.473343,0.000141000000000169,3.4662,0.0296140850067137
"2026-05-23T17:56:34.059Z","run_bootstrap",151,"http://client3:8000","run","http://client3:8000/run",1,TRUE,200,1107,255,3.79465913772583,"2026-05-23T17:56:30.171793Z","2026-05-23T17:56:33.966452Z",1779558990.17179,1779558993.96645,0.000731,0.00085,0.000889,3.780136,3.780267,3.779247,0.000130999999999659,3.7726,0.0220591377258299
"2026-05-23T17:56:37.970Z","run_bootstrap",152,"http://client1:8000","run","http://client1:8000/run",1,TRUE,200,1107,251,3.8447265625,"2026-05-23T17:56:34.072265Z","2026-05-23T17:56:37.916991Z",1779558994.07227,1779558997.91699,0.000672,0.000736,0.000759,3.826728,3.826754,3.825969,2.60000000000815e-05,3.8188,0.0259265625
"2026-05-23T17:56:37.970Z","run_bootstrap",152,"http://client2:8000","run","http://client2:8000/run",1,TRUE,200,1107,255,3.82144069671631,"2026-05-23T17:56:34.073406Z","2026-05-23T17:56:37.894847Z",1779558994.07341,1779558997.89485,0.000599,0.000674,0.000697,3.803925,3.803957,3.803228,3.2000000000032e-05,3.7962,0.0252406967163088
"2026-05-23T17:56:37.970Z","run_bootstrap",152,"http://client3:8000","run","http://client3:8000/run",1,TRUE,200,1107,255,3.89087057113647,"2026-05-23T17:56:34.072630Z","2026-05-23T17:56:37.963501Z",1779558994.07263,1779558997.9635,0.000652,0.000737,0.000784,3.872547,3.872607,3.871763,5.9999999999949e-05,3.8645,0.0263705711364746
"2026-05-23T17:56:41.928Z","run_bootstrap",153,"http://client1:8000","run","http://client1:8000/run",1,TRUE,200,1109,253,3.80735087394714,"2026-05-23T17:56:37.984630Z","2026-05-23T17:56:41.791981Z",1779558997.98463,1779559001.79198,0.000728,0.000841,0.000878,3.790093,3.790222,3.789215,0.000128999999999824,3.7823,0.0250508739471433
"2026-05-23T17:56:41.928Z","run_bootstrap",153,"http://client2:8000","run","http://client2:8000/run",1,TRUE,200,1109,255,3.93851923942566,"2026-05-23T17:56:37.985172Z","2026-05-23T17:56:41.923692Z",1779558997.98517,1779559001.92369,0.000561,0.000679,0.000715,3.920705,3.920866,3.91999,0.0001610000000003,3.9131,0.0254192394256592
"2026-05-23T17:56:41.928Z","run_bootstrap",153,"http://client3:8000","run","http://client3:8000/run",1,TRUE,200,1109,256,3.91782522201538,"2026-05-23T17:56:37.985822Z","2026-05-23T17:56:41.903648Z",1779558997.98582,1779559001.90365,0.000671,0.000773,0.000808,3.903851,3.903984,3.903043,0.000132999999999939,3.8966,0.021225222015381
"2026-05-23T17:56:45.872Z","run_bootstrap",154,"http://client1:8000","run","http://client1:8000/run",1,TRUE,200,1109,253,3.91157007217407,"2026-05-23T17:56:41.939467Z","2026-05-23T17:56:45.851037Z",1779559001.93947,1779559005.85104,0.000875,0.000959,0.000981,3.897013,3.897145,3.896032,0.000132000000000243,3.8896,0.0219700721740721
"2026-05-23T17:56:45.872Z","run_bootstrap",154,"http://client2:8000","run","http://client2:8000/run",1,TRUE,200,1109,255,3.92645287513733,"2026-05-23T17:56:41.941452Z","2026-05-23T17:56:45.867905Z",1779559001.94145,1779559005.86791,0.000614,0.000678,0.000712,3.911472,3.911609,3.91076,0.000137000000000054,3.8989,0.0275528751373293
"2026-05-23T17:56:45.872Z","run_bootstrap",154,"http://client3:8000","run","http://client3:8000/run",1,TRUE,200,1109,256,3.91148447990417,"2026-05-23T17:56:41.941706Z","2026-05-23T17:56:45.853191Z",1779559001.94171,1779559005.85319,0.00057,0.000644,0.000674,3.895051,3.895177,3.894377,0.000125999999999848,3.8821,0.0293844799041749
"2026-05-23T17:56:50.025Z","run_bootstrap",155,"http://client1:8000","run","http://client1:8000/run",1,TRUE,200,1106,251,3.9013888835907,"2026-05-23T17:56:45.884061Z","2026-05-23T17:56:49.785450Z",1779559005.88406,1779559009.78545,0.000398,0.000473,0.000503,3.885116,3.885247,3.884613,0.000131000000000103,3.8769,0.0244888835906982
"2026-05-23T17:56:50.025Z","run_bootstrap",155,"http://client2:8000","run","http://client2:8000/run",1,TRUE,200,1106,256,4.13561487197876,"2026-05-23T17:56:45.884486Z","2026-05-23T17:56:50.020101Z",1779559005.88449,1779559010.0201,0.000367,0.000461,0.000494,4.11983,4.119942,4.119336,0.000111999999999668,4.1032,0.0324148719787596
"2026-05-23T17:56:50.025Z","run_bootstrap",155,"http://client3:8000","run","http://client3:8000/run",1,TRUE,200,1106,253,3.67088794708252,"2026-05-23T17:56:45.884907Z","2026-05-23T17:56:49.555795Z",1779559005.88491,1779559009.5558,0.000595,0.000713,0.000746,3.656265,3.656412,3.655519,0.000147000000000119,3.631,0.0398879470825197
"2026-05-23T17:56:54.098Z","run_bootstrap",156,"http://client1:8000","run","http://client1:8000/run",1,TRUE,200,1106,251,3.56607556343079,"2026-05-23T17:56:50.038295Z","2026-05-23T17:56:53.604370Z",1779559010.0383,1779559013.60437,0.000579,0.000666,0.000698,3.544782,3.54487,3.544084,8.7999999999866e-05,3.5376,0.0284755634307863
"2026-05-23T17:56:54.098Z","run_bootstrap",156,"http://client2:8000","run","http://client2:8000/run",1,TRUE,200,1106,256,3.81171607971191,"2026-05-23T17:56:50.037653Z","2026-05-23T17:56:53.849370Z",1779559010.03765,1779559013.84937,0.000729,0.00085,0.000886,3.79784,3.797979,3.796954,0.000139000000000333,3.7893,0.0224160797119142
"2026-05-23T17:56:54.098Z","run_bootstrap",156,"http://client3:8000","run","http://client3:8000/run",1,TRUE,200,1106,254,4.05198264122009,"2026-05-23T17:56:50.039361Z","2026-05-23T17:56:54.091343Z",1779559010.03936,1779559014.09134,0.000467,0.000563,0.000595,4.03416,4.034302,4.033565,0.000142000000000309,4.0263,0.0256826412200928
"2026-05-23T17:56:57.961Z","run_bootstrap",157,"http://client1:8000","run","http://client1:8000/run",1,TRUE,200,1109,252,3.30997800827026,"2026-05-23T17:56:54.113143Z","2026-05-23T17:56:57.423121Z",1779559014.11314,1779559017.42312,0.00048,0.000557,0.000591,3.294463,3.294575,3.293872,0.000112000000000112,3.2836,0.0263780082702638
"2026-05-23T17:56:57.961Z","run_bootstrap",157,"http://client2:8000","run","http://client2:8000/run",1,TRUE,200,1109,256,3.84030795097351,"2026-05-23T17:56:54.113677Z","2026-05-23T17:56:57.953985Z",1779559014.11368,1779559017.95399,0.000535,0.000604,0.000641,3.825388,3.825532,3.824747,0.000144000000000144,3.8186,0.0217079509735107
"2026-05-23T17:56:57.961Z","run_bootstrap",157,"http://client3:8000","run","http://client3:8000/run",1,TRUE,200,1109,254,3.80125141143799,"2026-05-23T17:56:54.112800Z","2026-05-23T17:56:57.914051Z",1779559014.1128,1779559017.91405,0.000646,0.000732,0.000756,3.786739,3.786875,3.785983,0.000136000000000358,3.7685,0.0327514114379883
"2026-05-23T17:57:01.624Z","run_bootstrap",158,"http://client1:8000","run","http://client1:8000/run",1,TRUE,200,1109,252,3.43643260002136,"2026-05-23T17:56:57.980402Z","2026-05-23T17:57:01.416835Z",1779559017.9804,1779559021.41684,0.000634,0.000726,0.000766,3.42429,3.424356,3.423524,6.59999999998995e-05,3.4139,0.0225326000213624
"2026-05-23T17:57:01.624Z","run_bootstrap",158,"http://client2:8000","run","http://client2:8000/run",1,TRUE,200,1109,256,3.48729658126831,"2026-05-23T17:56:57.980408Z","2026-05-23T17:57:01.467704Z",1779559017.98041,1779559021.4677,0.000614,0.000725,0.000765,3.475231,3.475278,3.474466,4.69999999999082e-05,3.4684,0.0188965812683106
"2026-05-23T17:57:01.624Z","run_bootstrap",158,"http://client3:8000","run","http://client3:8000/run",1,TRUE,200,1109,254,3.63917255401611,"2026-05-23T17:56:57.980404Z","2026-05-23T17:57:01.619576Z",1779559017.9804,1779559021.61958,0.00072,0.000816,0.000849,3.627636,3.627669,3.626787,3.30000000001718e-05,3.6197,0.0194725540161134
"2026-05-23T17:57:05.385Z","run_bootstrap",159,"http://client1:8000","run","http://client1:8000/run",1,TRUE,200,1109,253,3.27053189277649,"2026-05-23T17:57:01.637982Z","2026-05-23T17:57:04.908514Z",1779559021.63798,1779559024.90851,0.000727,0.000846,0.000882,3.25665,3.256764,3.255768,0.000113999999999947,3.2442,0.0263318927764891
"2026-05-23T17:57:05.385Z","run_bootstrap",159,"http://client2:8000","run","http://client2:8000/run",1,TRUE,200,1109,256,3.73868322372437,"2026-05-23T17:57:01.640023Z","2026-05-23T17:57:05.378706Z",1779559021.64002,1779559025.37871,0.00053,0.000613,0.000643,3.717959,3.718059,3.717316,9.99999999997669e-05,3.7112,0.0274832237243654
"2026-05-23T17:57:05.385Z","run_bootstrap",159,"http://client3:8000","run","http://client3:8000/run",1,TRUE,200,1109,253,3.53344178199768,"2026-05-23T17:57:01.640270Z","2026-05-23T17:57:05.173712Z",1779559021.64027,1779559025.17371,0.000613,0.000707,0.00074,3.520394,3.520563,3.519654,0.000169000000000086,3.5136,0.0198417819976808
"2026-05-23T17:57:09.301Z","run_bootstrap",160,"http://client1:8000","run","http://client1:8000/run",1,TRUE,200,1109,253,3.89517879486084,"2026-05-23T17:57:05.401687Z","2026-05-23T17:57:09.296866Z",1779559025.40169,1779559029.29687,0.000642,0.000732,0.000764,3.88107,3.881234,3.880306,0.000164000000000275,3.7328,0.16237879486084
"2026-05-23T17:57:09.301Z","run_bootstrap",160,"http://client2:8000","run","http://client2:8000/run",1,TRUE,200,1109,256,3.69989085197449,"2026-05-23T17:57:05.402997Z","2026-05-23T17:57:09.102888Z",1779559025.403,1779559029.10289,0.000607,0.000696,0.000729,3.68023,3.68036,3.679501,0.000129999999999963,3.5235,0.176390851974487
"2026-05-23T17:57:09.301Z","run_bootstrap",160,"http://client3:8000","run","http://client3:8000/run",1,TRUE,200,1109,253,3.63239002227783,"2026-05-23T17:57:05.402435Z","2026-05-23T17:57:09.034825Z",1779559025.40244,1779559029.03483,0.000603,0.00068,0.000702,3.619356,3.619475,3.618654,0.000119000000000202,3.4704,0.161990022277832
"2026-05-23T17:57:12.888Z","run_bootstrap",161,"http://client1:8000","run","http://client1:8000/run",1,TRUE,200,1109,253,3.55013680458069,"2026-05-23T17:57:09.312365Z","2026-05-23T17:57:12.862502Z",1779559029.31237,1779559032.8625,0.000715,0.000804,0.000844,3.537005,3.537126,3.536161,0.000121000000000038,3.5302,0.0199368045806887
"2026-05-23T17:57:12.888Z","run_bootstrap",161,"http://client2:8000","run","http://client2:8000/run",1,TRUE,200,1109,258,3.51482844352722,"2026-05-23T17:57:09.314198Z","2026-05-23T17:57:12.829026Z",1779559029.3142,1779559032.82903,0.000602,0.000692,0.000728,3.496925,3.497061,3.496197,0.000135999999999914,3.4905,0.0243284435272217
"2026-05-23T17:57:12.888Z","run_bootstrap",161,"http://client3:8000","run","http://client3:8000/run",1,TRUE,200,1109,252,3.5691077709198,"2026-05-23T17:57:09.314632Z","2026-05-23T17:57:12.883739Z",1779559029.31463,1779559032.88374,0.000715,0.000828,0.000868,3.548291,3.548418,3.547423,0.000126999999999988,3.5418,0.0273077709198
"2026-05-23T17:57:16.606Z","run_bootstrap",162,"http://client1:8000","run","http://client1:8000/run",1,TRUE,200,1109,253,3.5499165058136,"2026-05-23T17:57:12.900117Z","2026-05-23T17:57:16.450033Z",1779559032.90012,1779559036.45003,0.000473,0.000539,0.000567,3.536624,3.53677,3.536057,0.000145999999999979,3.5298,0.0201165058135988
"2026-05-23T17:57:16.606Z","run_bootstrap",162,"http://client2:8000","run","http://client2:8000/run",1,TRUE,200,1109,258,3.32817339897156,"2026-05-23T17:57:12.900645Z","2026-05-23T17:57:16.228818Z",1779559032.90065,1779559036.22882,0.00054,0.000595,0.000618,3.315432,3.315571,3.314814,0.000138999999999889,3.3086,0.0195733989715574
"2026-05-23T17:57:16.606Z","run_bootstrap",162,"http://client3:8000","run","http://client3:8000/run",1,TRUE,200,1109,252,3.7005627155304,"2026-05-23T17:57:12.901031Z","2026-05-23T17:57:16.601594Z",1779559032.90103,1779559036.60159,0.000407,0.000519,0.000547,3.68823,3.688343,3.687683,0.000113000000000252,3.6818,0.0187627155303955
"2026-05-23T17:57:20.348Z","run_bootstrap",163,"http://client1:8000","run","http://client1:8000/run",1,TRUE,200,1109,253,3.48590517044067,"2026-05-23T17:57:16.618013Z","2026-05-23T17:57:20.103918Z",1779559036.61801,1779559040.10392,0.000712,0.00082,0.000857,3.467539,3.467565,3.466682,2.60000000000815e-05,3.4591,0.026805170440674
"2026-05-23T17:57:20.348Z","run_bootstrap",163,"http://client2:8000","run","http://client2:8000/run",1,TRUE,200,1109,257,3.55666637420654,"2026-05-23T17:57:16.619960Z","2026-05-23T17:57:20.176627Z",1779559036.61996,1779559040.17663,0.00052,0.000622,0.000655,3.536832,3.536893,3.536177,6.10000000000888e-05,3.5301,0.026566374206543
"2026-05-23T17:57:20.348Z","run_bootstrap",163,"http://client3:8000","run","http://client3:8000/run",1,TRUE,200,1109,252,3.72204041481018,"2026-05-23T17:57:16.620471Z","2026-05-23T17:57:20.342511Z",1779559036.62047,1779559040.34251,0.000665,0.000768,0.000804,3.694538,3.694571,3.693734,3.29999999997277e-05,3.6876,0.0344404148101805
"2026-05-23T17:57:24.133Z","run_bootstrap",164,"http://client1:8000","run","http://client1:8000/run",1,TRUE,200,1109,253,3.50041794776917,"2026-05-23T17:57:20.363566Z","2026-05-23T17:57:23.863984Z",1779559040.36357,1779559043.86398,0.00079,0.000895,0.000943,3.486459,3.486608,3.485516,0.000148999999999955,3.4686,0.0318179477691651
"2026-05-23T17:57:24.133Z","run_bootstrap",164,"http://client2:8000","run","http://client2:8000/run",1,TRUE,200,1109,256,3.76246786117554,"2026-05-23T17:57:20.364193Z","2026-05-23T17:57:24.126661Z",1779559040.36419,1779559044.12666,0.00073,0.000805,0.000841,3.749275,3.749413,3.748434,0.000138000000000194,3.742,0.0204678611755371
"2026-05-23T17:57:24.133Z","run_bootstrap",164,"http://client3:8000","run","http://client3:8000/run",1,TRUE,200,1109,252,3.62914609909058,"2026-05-23T17:57:20.363475Z","2026-05-23T17:57:23.992621Z",1779559040.36348,1779559043.99262,0.000667,0.00077,0.000811,3.61507,3.615223,3.614259,0.00015300000000007,3.6079,0.0212460990905763
"2026-05-23T17:57:27.925Z","run_bootstrap",165,"http://client1:8000","run","http://client1:8000/run",1,TRUE,200,1109,253,3.55835604667664,"2026-05-23T17:57:24.150834Z","2026-05-23T17:57:27.709190Z",1779559044.15083,1779559047.70919,0.000481,0.000615,0.000637,3.544116,3.544247,3.543479,0.000131000000000103,3.537,0.0213560466766358
"2026-05-23T17:57:27.925Z","run_bootstrap",165,"http://client2:8000","run","http://client2:8000/run",1,TRUE,200,1109,253,3.77039575576782,"2026-05-23T17:57:24.150731Z","2026-05-23T17:57:27.921126Z",1779559044.15073,1779559047.92113,0.000527,0.000618,0.00064,3.756797,3.756987,3.756157,0.000189999999999912,3.7497,0.0206957557678225
"2026-05-23T17:57:27.925Z","run_bootstrap",165,"http://client3:8000","run","http://client3:8000/run",1,TRUE,200,1109,253,3.64621901512146,"2026-05-23T17:57:24.151641Z","2026-05-23T17:57:27.797860Z",1779559044.15164,1779559047.79786,0.000786,0.000841,0.000861,3.632828,3.632971,3.631967,0.000143000000000004,3.6253,0.0209190151214598
"2026-05-23T17:57:31.755Z","run_bootstrap",166,"http://client1:8000","run","http://client1:8000/run",1,TRUE,200,1109,254,3.81281661987305,"2026-05-23T17:57:27.938344Z","2026-05-23T17:57:31.751161Z",1779559047.93834,1779559051.75116,0.000557,0.000628,0.000649,3.799,3.799136,3.798351,0.000135999999999914,3.7917,0.0211166198730468
"2026-05-23T17:57:31.755Z","run_bootstrap",166,"http://client2:8000","run","http://client2:8000/run",1,TRUE,200,1109,253,3.79535412788391,"2026-05-23T17:57:27.938999Z","2026-05-23T17:57:31.734353Z",1779559047.939,1779559051.73435,0.000726,0.000809,0.000844,3.782126,3.782276,3.781282,0.000150000000000095,3.7743,0.0210541278839109
"2026-05-23T17:57:31.755Z","run_bootstrap",166,"http://client3:8000","run","http://client3:8000/run",1,TRUE,200,1109,253,3.38045477867126,"2026-05-23T17:57:27.938260Z","2026-05-23T17:57:31.318714Z",1779559047.93826,1779559051.31871,0.000518,0.000618,0.000639,3.366426,3.366563,3.365787,0.000137000000000054,3.3595,0.0209547786712645
"2026-05-23T17:57:35.626Z","run_bootstrap",167,"http://client1:8000","run","http://client1:8000/run",1,TRUE,200,1109,254,3.85320901870728,"2026-05-23T17:57:31.765680Z","2026-05-23T17:57:35.618889Z",1779559051.76568,1779559055.61889,0.000611,0.000714,0.00076,3.839272,3.839388,3.838512,0.000116000000000227,3.832,0.0212090187072755
"2026-05-23T17:57:35.626Z","run_bootstrap",167,"http://client2:8000","run","http://client2:8000/run",1,TRUE,200,1109,255,3.42666506767273,"2026-05-23T17:57:31.767908Z","2026-05-23T17:57:35.194573Z",1779559051.76791,1779559055.19457,0.000504,0.000616,0.000662,3.409772,3.409901,3.40911,0.000129000000000268,3.4024,0.0242650676727294
"2026-05-23T17:57:35.626Z","run_bootstrap",167,"http://client3:8000","run","http://client3:8000/run",1,TRUE,200,1109,252,3.66765522956848,"2026-05-23T17:57:31.768311Z","2026-05-23T17:57:35.435967Z",1779559051.76831,1779559055.43597,0.000699,0.000814,0.000863,3.652613,3.652736,3.65175,0.000122999999999873,3.6456,0.0220552295684815
"2026-05-23T17:57:39.282Z","run_bootstrap",168,"http://client1:8000","run","http://client1:8000/run",1,TRUE,200,1109,255,3.63869071006775,"2026-05-23T17:57:35.638992Z","2026-05-23T17:57:39.277683Z",1779559055.63899,1779559059.27768,0.000546,0.000643,0.000693,3.6229,3.623024,3.622207,0.000124000000000013,3.6156,0.0230907100677489
"2026-05-23T17:57:39.282Z","run_bootstrap",168,"http://client2:8000","run","http://client2:8000/run",1,TRUE,200,1109,255,3.62277817726135,"2026-05-23T17:57:35.639658Z","2026-05-23T17:57:39.262437Z",1779559055.63966,1779559059.26244,0.000548,0.000634,0.000671,3.607912,3.60803,3.607241,0.000118000000000062,3.5997,0.0230781772613526
"2026-05-23T17:57:39.282Z","run_bootstrap",168,"http://client3:8000","run","http://client3:8000/run",1,TRUE,200,1109,252,3.56188201904297,"2026-05-23T17:57:35.640782Z","2026-05-23T17:57:39.202664Z",1779559055.64078,1779559059.20266,0.000679,0.000766,0.000848,3.538797,3.538939,3.537949,0.000141999999999864,3.5315,0.0303820190429689
"2026-05-23T17:57:43.155Z","run_bootstrap",169,"http://client1:8000","run","http://client1:8000/run",1,TRUE,200,1107,255,3.45130729675293,"2026-05-23T17:57:39.295866Z","2026-05-23T17:57:42.747174Z",1779559059.29587,1779559062.74717,0.000588,0.000654,0.000674,3.4347,3.434795,3.434026,9.49999999999562e-05,3.4261,0.0252072967529298
"2026-05-23T17:57:43.155Z","run_bootstrap",169,"http://client2:8000","run","http://client2:8000/run",1,TRUE,200,1107,255,3.68668079376221,"2026-05-23T17:57:39.296437Z","2026-05-23T17:57:42.983118Z",1779559059.29644,1779559062.98312,0.000585,0.000662,0.000692,3.669578,3.669942,3.668886,0.000363999999999809,3.6612,0.025480793762207
"2026-05-23T17:57:43.155Z","run_bootstrap",169,"http://client3:8000","run","http://client3:8000/run",1,TRUE,200,1107,253,3.853520154953,"2026-05-23T17:57:39.295345Z","2026-05-23T17:57:43.148865Z",1779559059.29535,1779559063.14887,0.000479,0.000566,0.000593,3.835639,3.83578,3.835046,0.000141000000000169,3.8275,0.0260201549530028
"2026-05-23T17:57:47.031Z","run_bootstrap",170,"http://client1:8000","run","http://client1:8000/run",1,TRUE,200,1107,255,3.56311988830566,"2026-05-23T17:57:43.176288Z","2026-05-23T17:57:46.739408Z",1779559063.17629,1779559066.73941,0.00082,0.000922,0.000946,3.541267,3.541406,3.540321,0.000138999999999889,3.5336,0.0295198883056642
"2026-05-23T17:57:47.031Z","run_bootstrap",170,"http://client2:8000","run","http://client2:8000/run",1,TRUE,200,1107,255,3.85038733482361,"2026-05-23T17:57:43.176744Z","2026-05-23T17:57:47.027132Z",1779559063.17674,1779559067.02713,0.000893,0.000955,0.000979,3.828886,3.829027,3.827907,0.000141000000000169,3.8213,0.0290873348236085
"2026-05-23T17:57:47.031Z","run_bootstrap",170,"http://client3:8000","run","http://client3:8000/run",1,TRUE,200,1107,253,3.67397403717041,"2026-05-23T17:57:43.177332Z","2026-05-23T17:57:46.851306Z",1779559063.17733,1779559066.85131,0.000816,0.000916,0.000949,3.653089,3.653226,3.65214,0.000137000000000054,3.6457,0.02827403717041
"2026-05-23T17:57:50.873Z","run_bootstrap",171,"http://client1:8000","run","http://client1:8000/run",1,TRUE,200,1109,253,3.79473757743835,"2026-05-23T17:57:47.043240Z","2026-05-23T17:57:50.837978Z",1779559067.04324,1779559070.83798,0.000572,0.000648,0.000678,3.779862,3.780004,3.779184,0.000141999999999864,3.7722,0.0225375774383543
"2026-05-23T17:57:50.873Z","run_bootstrap",171,"http://client2:8000","run","http://client2:8000/run",1,TRUE,200,1109,253,3.82452511787415,"2026-05-23T17:57:47.043932Z","2026-05-23T17:57:50.868458Z",1779559067.04393,1779559070.86846,0.000495,0.000581,0.000604,3.810283,3.810413,3.809679,0.000129999999999963,3.8024,0.0221251178741455
"2026-05-23T17:57:50.873Z","run_bootstrap",171,"http://client3:8000","run","http://client3:8000/run",1,TRUE,200,1109,253,3.55267453193665,"2026-05-23T17:57:47.043355Z","2026-05-23T17:57:50.596029Z",1779559067.04336,1779559070.59603,0.000715,0.000821,0.000859,3.538289,3.538385,3.53743,9.6000000000096e-05,3.5304,0.0222745319366453
"2026-05-23T17:57:54.732Z","run_bootstrap",172,"http://client1:8000","run","http://client1:8000/run",1,TRUE,200,1109,253,3.62326431274414,"2026-05-23T17:57:50.885292Z","2026-05-23T17:57:54.508556Z",1779559070.88529,1779559074.50856,0.000659,0.000772,0.000808,3.608348,3.608495,3.60754,0.000147000000000119,3.6009,0.0223643127441404
"2026-05-23T17:57:54.732Z","run_bootstrap",172,"http://client2:8000","run","http://client2:8000/run",1,TRUE,200,1109,253,3.83905744552612,"2026-05-23T17:57:50.886166Z","2026-05-23T17:57:54.725223Z",1779559070.88617,1779559074.72522,0.000381,0.000463,0.000496,3.818236,3.818375,3.81774,0.000138999999999889,3.8102,0.028857445526123
"2026-05-23T17:57:54.732Z","run_bootstrap",172,"http://client3:8000","run","http://client3:8000/run",1,TRUE,200,1109,253,3.59814167022705,"2026-05-23T17:57:50.886653Z","2026-05-23T17:57:54.484794Z",1779559070.88665,1779559074.48479,5e-04,0.000591,0.000637,3.58364,3.583763,3.583003,0.000122999999999873,3.5755,0.0226416702270509
"2026-05-23T17:57:58.582Z","run_bootstrap",173,"http://client1:8000","run","http://client1:8000/run",1,TRUE,200,1108,254,3.58659553527832,"2026-05-23T17:57:54.745172Z","2026-05-23T17:57:58.331768Z",1779559074.74517,1779559078.33177,0.00063,0.000708,0.000741,3.572049,3.572193,3.571308,0.000144000000000144,3.5646,0.0219955352783203
"2026-05-23T17:57:58.582Z","run_bootstrap",173,"http://client2:8000","run","http://client2:8000/run",1,TRUE,200,1108,254,3.83024096488953,"2026-05-23T17:57:54.744512Z","2026-05-23T17:57:58.574753Z",1779559074.74451,1779559078.57475,0.000642,0.000751,0.00079,3.815553,3.815705,3.814763,0.00015199999999993,3.8083,0.0219409648895263
"2026-05-23T17:57:58.582Z","run_bootstrap",173,"http://client3:8000","run","http://client3:8000/run",1,TRUE,200,1108,253,3.59761095046997,"2026-05-23T17:57:54.746208Z","2026-05-23T17:57:58.343819Z",1779559074.74621,1779559078.34382,0.000575,0.000661,0.000697,3.584812,3.585054,3.584115,0.000242000000000075,3.5766,0.0210109504699707
"2026-05-23T17:58:02.556Z","run_bootstrap",174,"http://client1:8000","run","http://client1:8000/run",1,TRUE,200,1108,253,3.70053648948669,"2026-05-23T17:57:58.595197Z","2026-05-23T17:58:02.295734Z",1779559078.5952,1779559082.29573,0.000546,0.00068,0.000722,3.66951,3.669647,3.668788,0.000137000000000054,3.657,0.0435364894866943
"2026-05-23T17:58:02.556Z","run_bootstrap",174,"http://client2:8000","run","http://client2:8000/run",1,TRUE,200,1108,254,3.95446801185608,"2026-05-23T17:57:58.595821Z","2026-05-23T17:58:02.550289Z",1779559078.59582,1779559082.55029,0.00056,0.000681,0.000718,3.919973,3.920116,3.919255,0.000143000000000004,3.9116,0.0428680118560791
"2026-05-23T17:58:02.556Z","run_bootstrap",174,"http://client3:8000","run","http://client3:8000/run",1,TRUE,200,1108,252,3.82220268249512,"2026-05-23T17:57:58.596395Z","2026-05-23T17:58:02.418598Z",1779559078.5964,1779559082.4186,0.000795,0.000926,0.000962,3.792801,3.792962,3.791839,0.0001610000000003,3.784,0.0382026824951174
"2026-05-23T17:58:06.375Z","run_bootstrap",175,"http://client1:8000","run","http://client1:8000/run",1,TRUE,200,1109,253,3.79727983474731,"2026-05-23T17:58:02.574110Z","2026-05-23T17:58:06.371390Z",1779559082.57411,1779559086.37139,0.000664,0.000777,0.000816,3.783566,3.783801,3.78275,0.000234999999999985,3.7749,0.0223798347473143
"2026-05-23T17:58:06.375Z","run_bootstrap",175,"http://client2:8000","run","http://client2:8000/run",1,TRUE,200,1109,255,3.65795397758484,"2026-05-23T17:58:02.575686Z","2026-05-23T17:58:06.233640Z",1779559082.57569,1779559086.23364,6e-04,0.00072,0.000759,3.640188,3.640288,3.639429,9.99999999997669e-05,3.6325,0.025453977584839
"2026-05-23T17:58:06.375Z","run_bootstrap",175,"http://client3:8000","run","http://client3:8000/run",1,TRUE,200,1109,251,3.59690070152283,"2026-05-23T17:58:02.575566Z","2026-05-23T17:58:06.172467Z",1779559082.57557,1779559086.17247,0.00059,0.000712,0.000753,3.58357,3.583729,3.582817,0.00015900000000002,3.5763,0.0206007015228273
"2026-05-23T17:58:10.311Z","run_bootstrap",176,"http://client1:8000","run","http://client1:8000/run",1,TRUE,200,1109,253,3.69086146354675,"2026-05-23T17:58:06.387233Z","2026-05-23T17:58:10.078094Z",1779559086.38723,1779559090.07809,0.000712,0.00079,0.000815,3.677486,3.677619,3.676671,0.000132999999999939,3.6549,0.0359614635467529
"2026-05-23T17:58:10.311Z","run_bootstrap",176,"http://client2:8000","run","http://client2:8000/run",1,TRUE,200,1109,255,3.91486310958862,"2026-05-23T17:58:06.389365Z","2026-05-23T17:58:10.304228Z",1779559086.38937,1779559090.30423,0.000456,0.000528,0.000547,3.897186,3.897336,3.896639,0.000150000000000095,3.8894,0.0254631095886229
"2026-05-23T17:58:10.311Z","run_bootstrap",176,"http://client3:8000","run","http://client3:8000/run",1,TRUE,200,1109,251,3.46131277084351,"2026-05-23T17:58:06.389582Z","2026-05-23T17:58:09.850895Z",1779559086.38958,1779559089.8509,0.000546,0.000602,0.000621,3.443831,3.443965,3.44321,0.000134000000000079,3.4333,0.0280127708435058
"2026-05-23T17:58:14.290Z","run_bootstrap",177,"http://client1:8000","run","http://client1:8000/run",1,TRUE,200,1108,254,3.77196598052979,"2026-05-23T17:58:10.328653Z","2026-05-23T17:58:14.100619Z",1779559090.32865,1779559094.10062,0.000472,0.000585,0.000622,3.75067,3.750773,3.750048,0.000103000000000186,3.7423,0.029665980529785
"2026-05-23T17:58:14.290Z","run_bootstrap",177,"http://client2:8000","run","http://client2:8000/run",1,TRUE,200,1108,256,3.95291638374329,"2026-05-23T17:58:10.329220Z","2026-05-23T17:58:14.282136Z",1779559090.32922,1779559094.28214,0.000617,0.000728,0.000763,3.933733,3.933824,3.93297,9.09999999998412e-05,3.9261,0.0268163837432862
"2026-05-23T17:58:14.290Z","run_bootstrap",177,"http://client3:8000","run","http://client3:8000/run",1,TRUE,200,1108,252,3.68103170394897,"2026-05-23T17:58:10.329937Z","2026-05-23T17:58:14.010969Z",1779559090.32994,1779559094.01097,0.000601,0.000712,0.000747,3.660297,3.660441,3.65955,0.000144000000000144,3.6515,0.0295317039489746
"2026-05-23T17:58:18.286Z","run_bootstrap",178,"http://client1:8000","run","http://client1:8000/run",1,TRUE,200,1108,254,3.71421647071838,"2026-05-23T17:58:14.303989Z","2026-05-23T17:58:18.018205Z",1779559094.30399,1779559098.01821,0.000593,0.000674,0.000695,3.699877,3.70002,3.699182,0.000143000000000004,3.6924,0.0218164707183837
"2026-05-23T17:58:18.286Z","run_bootstrap",178,"http://client2:8000","run","http://client2:8000/run",1,TRUE,200,1108,256,3.7806601524353,"2026-05-23T17:58:14.303665Z","2026-05-23T17:58:18.084325Z",1779559094.30367,1779559098.08433,0.000592,0.000672,0.000694,3.766926,3.767031,3.766232,0.000104999999999578,3.7586,0.0220601524353028
"2026-05-23T17:58:18.286Z","run_bootstrap",178,"http://client3:8000","run","http://client3:8000/run",1,TRUE,200,1108,251,3.97415924072266,"2026-05-23T17:58:14.304833Z","2026-05-23T17:58:18.278992Z",1779559094.30483,1779559098.27899,0.000681,0.000769,0.000802,3.952521,3.952658,3.951719,0.000137000000000054,3.944,0.0301592407226563
"2026-05-23T17:58:22.293Z","run_bootstrap",179,"http://client1:8000","run","http://client1:8000/run",1,TRUE,200,1108,254,3.7097008228302,"2026-05-23T17:58:18.298666Z","2026-05-23T17:58:22.008367Z",1779559098.29867,1779559102.00837,0.000697,0.000816,0.000852,3.695353,3.695472,3.694501,0.000119000000000202,3.6873,0.0224008228302002
"2026-05-23T17:58:22.293Z","run_bootstrap",179,"http://client2:8000","run","http://client2:8000/run",1,TRUE,200,1108,256,3.98818612098694,"2026-05-23T17:58:18.300542Z","2026-05-23T17:58:22.288728Z",1779559098.30054,1779559102.28873,0.000661,0.000736,0.000755,3.970067,3.970222,3.969312,0.000155000000000349,3.9612,0.0269861209869386
"2026-05-23T17:58:22.293Z","run_bootstrap",179,"http://client3:8000","run","http://client3:8000/run",1,TRUE,200,1108,252,3.72422766685486,"2026-05-23T17:58:18.300866Z","2026-05-23T17:58:22.025094Z",1779559098.30087,1779559102.02509,0.000589,0.000681,0.00072,3.705635,3.705777,3.704915,0.000141999999999864,3.6977,0.0265276668548582
"2026-05-23T17:58:26.304Z","run_bootstrap",180,"http://client1:8000","run","http://client1:8000/run",1,TRUE,200,1108,254,3.99487447738647,"2026-05-23T17:58:22.305668Z","2026-05-23T17:58:26.300543Z",1779559102.30567,1779559106.30054,0.000737,0.000885,0.000922,3.976575,3.976614,3.975653,3.90000000001223e-05,3.8079,0.186974477386475
"2026-05-23T17:58:26.304Z","run_bootstrap",180,"http://client2:8000","run","http://client2:8000/run",1,TRUE,200,1108,256,3.97470808029175,"2026-05-23T17:58:22.307476Z","2026-05-23T17:58:26.282184Z",1779559102.30748,1779559106.28218,0.000525,0.000614,0.00065,3.95614,3.956179,3.95549,3.90000000001223e-05,3.7925,0.182208080291748
"2026-05-23T17:58:26.304Z","run_bootstrap",180,"http://client3:8000","run","http://client3:8000/run",1,TRUE,200,1108,252,3.91988849639893,"2026-05-23T17:58:22.307847Z","2026-05-23T17:58:26.227735Z",1779559102.30785,1779559106.22774,0.000504,0.000597,0.000633,3.901613,3.901653,3.90098,3.9999999999818e-05,3.7487,0.171188496398926
"2026-05-23T17:58:30.015Z","run_bootstrap",181,"http://client1:8000","run","http://client1:8000/run",1,TRUE,200,1108,254,3.69256329536438,"2026-05-23T17:58:26.317857Z","2026-05-23T17:58:30.010420Z",1779559106.31786,1779559110.01042,0.000616,0.000729,0.000767,3.679096,3.679232,3.678329,0.000135999999999914,3.6722,0.0203632953643798
"2026-05-23T17:58:30.015Z","run_bootstrap",181,"http://client2:8000","run","http://client2:8000/run",1,TRUE,200,1108,257,3.6073899269104,"2026-05-23T17:58:26.319211Z","2026-05-23T17:58:29.926601Z",1779559106.31921,1779559109.9266,0.00053,0.000659,0.000695,3.594136,3.594271,3.593441,0.000134999999999774,3.5875,0.0198899269104005
"2026-05-23T17:58:30.015Z","run_bootstrap",181,"http://client3:8000","run","http://client3:8000/run",1,TRUE,200,1108,251,3.4226188659668,"2026-05-23T17:58:26.320050Z","2026-05-23T17:58:29.742669Z",1779559106.32005,1779559109.74267,0.000695,0.000811,0.000849,3.409046,3.409185,3.408197,0.000138999999999889,3.4024,0.0202188659667968
"2026-05-23T17:58:33.608Z","run_bootstrap",182,"http://client1:8000","run","http://client1:8000/run",1,TRUE,200,1108,254,3.53687810897827,"2026-05-23T17:58:30.027590Z","2026-05-23T17:58:33.564468Z",1779559110.02759,1779559113.56447,0.000648,0.000763,0.000802,3.52039,3.520523,3.519588,0.000132999999999939,3.5132,0.0236781089782716
"2026-05-23T17:58:33.608Z","run_bootstrap",182,"http://client2:8000","run","http://client2:8000/run",1,TRUE,200,1108,257,3.57360887527466,"2026-05-23T17:58:30.028397Z","2026-05-23T17:58:33.602006Z",1779559110.0284,1779559113.60201,0.000583,0.000674,0.000707,3.557372,3.557489,3.556665,0.000116999999999923,3.5504,0.0232088752746584
"2026-05-23T17:58:33.608Z","run_bootstrap",182,"http://client3:8000","run","http://client3:8000/run",1,TRUE,200,1108,250,3.54532694816589,"2026-05-23T17:58:30.028385Z","2026-05-23T17:58:33.573712Z",1779559110.02839,1779559113.57371,0.000663,0.000771,0.000806,3.531366,3.531515,3.53056,0.000149000000000399,3.523,0.0223269481658934
"2026-05-23T17:58:37.359Z","run_bootstrap",183,"http://client1:8000","run","http://client1:8000/run",1,TRUE,200,1109,254,3.73330688476562,"2026-05-23T17:58:33.618642Z","2026-05-23T17:58:37.351949Z",1779559113.61864,1779559117.35195,0.000671,0.000777,0.000811,3.718798,3.718937,3.717987,0.000138999999999889,3.7115,0.021806884765625
"2026-05-23T17:58:37.359Z","run_bootstrap",183,"http://client2:8000","run","http://client2:8000/run",1,TRUE,200,1109,257,3.51637077331543,"2026-05-23T17:58:33.620344Z","2026-05-23T17:58:37.136715Z",1779559113.62034,1779559117.13672,0.000745,0.000832,0.000855,3.493932,3.494069,3.493077,0.000137000000000054,3.4869,0.0294707733154298
"2026-05-23T17:58:37.359Z","run_bootstrap",183,"http://client3:8000","run","http://client3:8000/run",1,TRUE,200,1109,252,3.33703827857971,"2026-05-23T17:58:33.620692Z","2026-05-23T17:58:36.957730Z",1779559113.62069,1779559116.95773,0.00064,0.000749,0.000785,3.317978,3.318095,3.317193,0.000116999999999923,3.3096,0.0274382785797118
"2026-05-23T17:58:41.134Z","run_bootstrap",184,"http://client1:8000","run","http://client1:8000/run",1,TRUE,200,1109,254,3.74731516838074,"2026-05-23T17:58:37.379238Z","2026-05-23T17:58:41.126554Z",1779559117.37924,1779559121.12655,0.000544,0.000641,0.000677,3.724854,3.724994,3.724177,0.000140000000000029,3.7176,0.0297151683807373
"2026-05-23T17:58:41.134Z","run_bootstrap",184,"http://client2:8000","run","http://client2:8000/run",1,TRUE,200,1109,257,3.43898701667786,"2026-05-23T17:58:37.379778Z","2026-05-23T17:58:40.818765Z",1779559117.37978,1779559120.81877,0.000513,0.000615,0.000651,3.416943,3.417103,3.416292,0.00016000000000016,3.4099,0.0290870166778565
"2026-05-23T17:58:41.134Z","run_bootstrap",184,"http://client3:8000","run","http://client3:8000/run",1,TRUE,200,1109,252,3.55921387672424,"2026-05-23T17:58:37.379640Z","2026-05-23T17:58:40.938854Z",1779559117.37964,1779559120.93885,0.000752,0.000867,0.000904,3.544478,3.544608,3.543574,0.000130000000000408,3.5375,0.0217138767242431
"2026-05-23T17:58:44.736Z","run_bootstrap",185,"http://client1:8000","run","http://client1:8000/run",1,TRUE,200,1108,253,3.55514311790466,"2026-05-23T17:58:41.150037Z","2026-05-23T17:58:44.705180Z",1779559121.15004,1779559124.70518,0.000612,0.000707,0.000744,3.532756,3.532814,3.532012,5.80000000001135e-05,3.5255,0.029643117904663
"2026-05-23T17:58:44.736Z","run_bootstrap",185,"http://client2:8000","run","http://client2:8000/run",1,TRUE,200,1108,256,3.56576418876648,"2026-05-23T17:58:41.150359Z","2026-05-23T17:58:44.716123Z",1779559121.15036,1779559124.71612,0.000638,0.000695,0.000714,3.543412,3.543458,3.542698,4.60000000002125e-05,3.536,0.0297641887664795
"2026-05-23T17:58:44.736Z","run_bootstrap",185,"http://client3:8000","run","http://client3:8000/run",1,TRUE,200,1108,253,3.57596445083618,"2026-05-23T17:58:41.150683Z","2026-05-23T17:58:44.726647Z",1779559121.15068,1779559124.72665,0.000549,0.000666,0.000707,3.554506,3.554552,3.553799,4.60000000002125e-05,3.5458,0.0301644508361818
"2026-05-23T17:58:48.492Z","run_bootstrap",186,"http://client1:8000","run","http://client1:8000/run",1,TRUE,200,1108,253,3.3201847076416,"2026-05-23T17:58:44.751407Z","2026-05-23T17:58:48.071592Z",1779559124.75141,1779559128.07159,0.000552,0.000631,0.000654,3.305746,3.305919,3.305092,0.000172999999999757,3.2987,0.0214847076416014
"2026-05-23T17:58:48.492Z","run_bootstrap",186,"http://client2:8000","run","http://client2:8000/run",1,TRUE,200,1108,257,3.73612380027771,"2026-05-23T17:58:44.751732Z","2026-05-23T17:58:48.487856Z",1779559124.75173,1779559128.48786,0.000563,0.000631,0.000654,3.722907,3.722996,3.722253,8.90000000000057e-05,3.7158,0.0203238002777097
"2026-05-23T17:58:48.492Z","run_bootstrap",186,"http://client3:8000","run","http://client3:8000/run",1,TRUE,200,1108,252,3.52807331085205,"2026-05-23T17:58:44.752389Z","2026-05-23T17:58:48.280463Z",1779559124.75239,1779559128.28046,0.000408,0.00044,0.000452,3.514804,3.514947,3.514352,0.000143000000000004,3.508,0.0200733108520508
"2026-05-23T17:58:52.349Z","run_bootstrap",187,"http://client1:8000","run","http://client1:8000/run",1,TRUE,200,1109,254,3.84107184410095,"2026-05-23T17:58:48.504193Z","2026-05-23T17:58:52.345265Z",1779559128.50419,1779559132.34527,0.000835,0.000961,0.001016,3.824568,3.824717,3.823552,0.000148999999999955,3.8157,0.0253718441009521
"2026-05-23T17:58:52.349Z","run_bootstrap",187,"http://client2:8000","run","http://client2:8000/run",1,TRUE,200,1109,256,3.53492259979248,"2026-05-23T17:58:48.504952Z","2026-05-23T17:58:52.039875Z",1779559128.50495,1779559132.03988,0.000423,0.000502,0.000533,3.517563,3.51771,3.51703,0.000147000000000119,3.5109,0.0240225997924806
"2026-05-23T17:58:52.349Z","run_bootstrap",187,"http://client3:8000","run","http://client3:8000/run",1,TRUE,200,1109,252,3.81785583496094,"2026-05-23T17:58:48.505524Z","2026-05-23T17:58:52.323380Z",1779559128.50552,1779559132.32338,0.000484,0.000561,0.000592,3.800967,3.801106,3.800375,0.000138999999999889,3.7942,0.0236558349609375
"2026-05-23T17:58:56.159Z","run_bootstrap",188,"http://client1:8000","run","http://client1:8000/run",1,TRUE,200,1109,254,3.79365062713623,"2026-05-23T17:58:52.360695Z","2026-05-23T17:58:56.154345Z",1779559132.3607,1779559136.15435,0.000767,0.000843,0.000866,3.780361,3.780505,3.779495,0.0001439999999997,3.7717,0.0219506271362304
"2026-05-23T17:58:56.159Z","run_bootstrap",188,"http://client2:8000","run","http://client2:8000/run",1,TRUE,200,1109,255,3.51828503608704,"2026-05-23T17:58:52.361595Z","2026-05-23T17:58:55.879880Z",1779559132.3616,1779559135.87988,0.000649,0.000754,0.000805,3.50503,3.505175,3.504225,0.00014499999999984,3.498,0.0202850360870359
"2026-05-23T17:58:56.159Z","run_bootstrap",188,"http://client3:8000","run","http://client3:8000/run",1,TRUE,200,1109,252,3.66131114959717,"2026-05-23T17:58:52.362229Z","2026-05-23T17:58:56.023540Z",1779559132.36223,1779559136.02354,0.00064,0.000744,0.000782,3.648777,3.648925,3.647995,0.000148000000000259,3.6418,0.019511149597168
"2026-05-23T17:59:00.050Z","run_bootstrap",189,"http://client1:8000","run","http://client1:8000/run",1,TRUE,200,1108,252,3.82220721244812,"2026-05-23T17:58:56.220969Z","2026-05-23T17:59:00.043176Z",1779559136.22097,1779559140.04318,0.000644,0.000779,0.00082,3.809295,3.809424,3.808475,0.000128999999999824,3.8008,0.0214072124481199
"2026-05-23T17:59:00.050Z","run_bootstrap",189,"http://client2:8000","run","http://client2:8000/run",1,TRUE,200,1108,256,3.612229347229,"2026-05-23T17:58:56.223088Z","2026-05-23T17:58:59.835317Z",1779559136.22309,1779559139.83532,0.000608,0.00072,0.000768,3.593619,3.593783,3.592851,0.000164000000000275,3.5857,0.0265293472290038
"2026-05-23T17:59:00.050Z","run_bootstrap",189,"http://client3:8000","run","http://client3:8000/run",1,TRUE,200,1108,255,3.49277806282043,"2026-05-23T17:58:56.222657Z","2026-05-23T17:58:59.715435Z",1779559136.22266,1779559139.71544,0.000583,0.000694,0.000734,3.480292,3.480541,3.479558,0.000249000000000166,3.4726,0.0201780628204347
"2026-05-23T17:59:03.759Z","run_bootstrap",190,"http://client1:8000","run","http://client1:8000/run",1,TRUE,200,1108,250,3.67155051231384,"2026-05-23T17:59:00.062612Z","2026-05-23T17:59:03.734162Z",1779559140.06261,1779559143.73416,0.000608,0.000645,0.000659,3.657292,3.657418,3.656633,0.000125999999999848,3.65,0.0215505123138429
"2026-05-23T17:59:03.759Z","run_bootstrap",190,"http://client2:8000","run","http://client2:8000/run",1,TRUE,200,1108,256,3.68930149078369,"2026-05-23T17:59:00.063053Z","2026-05-23T17:59:03.752354Z",1779559140.06305,1779559143.75235,0.000485,0.000566,0.000584,3.674691,3.674839,3.674107,0.000147999999999815,3.6673,0.0220014907836914
"2026-05-23T17:59:03.759Z","run_bootstrap",190,"http://client3:8000","run","http://client3:8000/run",1,TRUE,200,1108,255,3.56450605392456,"2026-05-23T17:59:00.063549Z","2026-05-23T17:59:03.628056Z",1779559140.06355,1779559143.62806,0.000671,0.000768,0.000802,3.550203,3.55036,3.549401,0.000156999999999741,3.5431,0.0214060539245606
"2026-05-23T17:59:07.665Z","run_bootstrap",191,"http://client1:8000","run","http://client1:8000/run",1,TRUE,200,1109,257,3.44723415374756,"2026-05-23T17:59:03.772237Z","2026-05-23T17:59:07.219471Z",1779559143.77224,1779559147.21947,0.000726,0.000808,0.000846,3.431036,3.431195,3.43019,0.00015900000000002,3.4195,0.0277341537475584
"2026-05-23T17:59:07.665Z","run_bootstrap",191,"http://client2:8000","run","http://client2:8000/run",1,TRUE,200,1109,253,3.82939004898071,"2026-05-23T17:59:03.772546Z","2026-05-23T17:59:07.601936Z",1779559143.77255,1779559147.60194,0.000689,0.000749,0.000769,3.813561,3.813707,3.812792,0.000145999999999979,3.8065,0.0228900489807127
"2026-05-23T17:59:07.665Z","run_bootstrap",191,"http://client3:8000","run","http://client3:8000/run",1,TRUE,200,1109,254,3.88779664039612,"2026-05-23T17:59:03.772872Z","2026-05-23T17:59:07.660668Z",1779559143.77287,1779559147.66067,0.000539,0.000636,0.000672,3.873095,3.873224,3.872423,0.000128999999999824,3.8661,0.0216966403961183
"2026-05-23T17:59:11.599Z","run_bootstrap",192,"http://client1:8000","run","http://client1:8000/run",1,TRUE,200,1109,257,3.91558980941772,"2026-05-23T17:59:07.676857Z","2026-05-23T17:59:11.592447Z",1779559147.67686,1779559151.59245,0.000446,0.000524,0.000548,3.901555,3.901692,3.901007,0.000137000000000054,3.8921,0.0234898094177245
"2026-05-23T17:59:11.599Z","run_bootstrap",192,"http://client2:8000","run","http://client2:8000/run",1,TRUE,200,1109,253,3.75209808349609,"2026-05-23T17:59:07.677104Z","2026-05-23T17:59:11.429203Z",1779559147.6771,1779559151.4292,0.000612,0.000678,0.000697,3.738376,3.73846,3.737679,8.39999999997509e-05,3.7301,0.0219980834960936
"2026-05-23T17:59:11.599Z","run_bootstrap",192,"http://client3:8000","run","http://client3:8000/run",1,TRUE,200,1109,254,3.6729736328125,"2026-05-23T17:59:07.677556Z","2026-05-23T17:59:11.350530Z",1779559147.67756,1779559151.35053,0.000588,0.000656,0.000678,3.660339,3.660467,3.659661,0.000128000000000128,3.6522,0.0207736328124999
"2026-05-23T17:59:15.394Z","run_bootstrap",193,"http://client1:8000","run","http://client1:8000/run",1,TRUE,200,1108,255,3.66687679290771,"2026-05-23T17:59:11.615094Z","2026-05-23T17:59:15.281971Z",1779559151.61509,1779559155.28197,0.000595,0.000673,0.000695,3.645658,3.645798,3.644963,0.000140000000000029,3.6379,0.0289767929077147
"2026-05-23T17:59:15.394Z","run_bootstrap",193,"http://client2:8000","run","http://client2:8000/run",1,TRUE,200,1108,254,3.7742908000946,"2026-05-23T17:59:11.615460Z","2026-05-23T17:59:15.389750Z",1779559151.61546,1779559155.38975,0.000416,0.000494,0.000524,3.752662,3.752824,3.752138,0.000161999999999995,3.7454,0.0288908000946044
"2026-05-23T17:59:15.394Z","run_bootstrap",193,"http://client3:8000","run","http://client3:8000/run",1,TRUE,200,1108,255,3.67238140106201,"2026-05-23T17:59:11.614646Z","2026-05-23T17:59:15.287027Z",1779559151.61465,1779559155.28703,0.000693,0.000805,0.000841,3.65795,3.658074,3.657109,0.000124000000000013,3.6501,0.0222814010620116
"2026-05-23T17:59:19.228Z","run_bootstrap",194,"http://client1:8000","run","http://client1:8000/run",1,TRUE,200,1108,253,3.69132661819458,"2026-05-23T17:59:15.408013Z","2026-05-23T17:59:19.099339Z",1779559155.40801,1779559159.09934,0.000668,0.000787,0.000824,3.668741,3.668871,3.667917,0.000130000000000408,3.66,0.0313266181945799
"2026-05-23T17:59:19.228Z","run_bootstrap",194,"http://client2:8000","run","http://client2:8000/run",1,TRUE,200,1108,254,3.81474113464355,"2026-05-23T17:59:15.408678Z","2026-05-23T17:59:19.223419Z",1779559155.40868,1779559159.22342,0.00066,0.000779,0.000816,3.792439,3.792569,3.791623,0.000129999999999963,3.7851,0.0296411346435548
"2026-05-23T17:59:19.228Z","run_bootstrap",194,"http://client3:8000","run","http://client3:8000/run",1,TRUE,200,1108,255,3.72653031349182,"2026-05-23T17:59:15.408601Z","2026-05-23T17:59:19.135131Z",1779559155.4086,1779559159.13513,0.000628,0.000739,0.000776,3.706753,3.706854,3.705977,0.000100999999999907,3.6992,0.0273303134918215
"2026-05-23T17:59:23.133Z","run_bootstrap",195,"http://client1:8000","run","http://client1:8000/run",1,TRUE,200,1108,253,3.71577787399292,"2026-05-23T17:59:19.243372Z","2026-05-23T17:59:22.959150Z",1779559159.24337,1779559162.95915,0.000643,0.000725,0.000751,3.702523,3.702595,3.701772,7.20000000002941e-05,3.6951,0.0206778739929199
"2026-05-23T17:59:23.133Z","run_bootstrap",195,"http://client2:8000","run","http://client2:8000/run",1,TRUE,200,1108,255,3.88513708114624,"2026-05-23T17:59:19.244149Z","2026-05-23T17:59:23.129286Z",1779559159.24415,1779559163.12929,0.000781,0.000842,0.000862,3.864991,3.865126,3.864129,0.000135000000000218,3.8574,0.0277370811462401
"2026-05-23T17:59:23.133Z","run_bootstrap",195,"http://client3:8000","run","http://client3:8000/run",1,TRUE,200,1108,253,3.61988997459412,"2026-05-23T17:59:19.244749Z","2026-05-23T17:59:22.864639Z",1779559159.24475,1779559162.86464,0.000457,0.000565,0.000645,3.600009,3.600187,3.599364,0.000178000000000011,3.5919,0.0279899745941163
"2026-05-23T17:59:27.030Z","run_bootstrap",196,"http://client1:8000","run","http://client1:8000/run",1,TRUE,200,1108,252,3.87686467170715,"2026-05-23T17:59:23.146599Z","2026-05-23T17:59:27.023464Z",1779559163.1466,1779559167.02346,0.000721,0.000839,0.000877,3.860794,3.860961,3.859917,0.00016700000000025,3.853,0.0238646717071531
"2026-05-23T17:59:27.030Z","run_bootstrap",196,"http://client2:8000","run","http://client2:8000/run",1,TRUE,200,1108,255,3.58045411109924,"2026-05-23T17:59:23.147349Z","2026-05-23T17:59:26.727803Z",1779559163.14735,1779559166.7278,0.000659,0.000759,0.000792,3.565718,3.565936,3.564926,0.000218000000000274,3.5583,0.0221541110992431
"2026-05-23T17:59:27.030Z","run_bootstrap",196,"http://client3:8000","run","http://client3:8000/run",1,TRUE,200,1108,253,3.61919569969177,"2026-05-23T17:59:23.147991Z","2026-05-23T17:59:26.767186Z",1779559163.14799,1779559166.76719,0.000575,0.000656,0.000687,3.599566,3.59971,3.598879,0.000144000000000144,3.5923,0.0268956996917726
"2026-05-23T17:59:30.953Z","run_bootstrap",197,"http://client1:8000","run","http://client1:8000/run",1,TRUE,200,1108,254,3.68458652496338,"2026-05-23T17:59:27.044376Z","2026-05-23T17:59:30.728962Z",1779559167.04438,1779559170.72896,0.000539,0.000613,0.000647,3.663671,3.663817,3.663024,0.000145999999999979,3.6563,0.028286524963379
"2026-05-23T17:59:30.953Z","run_bootstrap",197,"http://client2:8000","run","http://client2:8000/run",1,TRUE,200,1108,254,3.85194611549377,"2026-05-23T17:59:27.044977Z","2026-05-23T17:59:30.896923Z",1779559167.04498,1779559170.89692,0.000622,0.00071,0.000741,3.831734,3.831871,3.830993,0.000137000000000054,3.8237,0.0282461154937743
"2026-05-23T17:59:30.953Z","run_bootstrap",197,"http://client3:8000","run","http://client3:8000/run",1,TRUE,200,1108,254,3.90159296989441,"2026-05-23T17:59:27.045095Z","2026-05-23T17:59:30.946688Z",1779559167.0451,1779559170.94669,0.000485,0.000598,0.000634,3.888121,3.888246,3.887487,0.000125000000000153,3.8795,0.022092969894409
"2026-05-23T17:59:34.750Z","run_bootstrap",198,"http://client1:8000","run","http://client1:8000/run",1,TRUE,200,1108,254,3.66732048988342,"2026-05-23T17:59:30.966551Z","2026-05-23T17:59:34.633872Z",1779559170.96655,1779559174.63387,0.000543,0.000626,0.000648,3.652379,3.652541,3.651731,0.000161999999999995,3.6433,0.0240204898834229
"2026-05-23T17:59:34.750Z","run_bootstrap",198,"http://client2:8000","run","http://client2:8000/run",1,TRUE,200,1108,254,3.77844285964966,"2026-05-23T17:59:30.966791Z","2026-05-23T17:59:34.745234Z",1779559170.96679,1779559174.74523,0.000517,0.000595,0.000628,3.763577,3.763747,3.762949,0.000169999999999781,3.7551,0.0233428596496581
"2026-05-23T17:59:34.750Z","run_bootstrap",198,"http://client3:8000","run","http://client3:8000/run",1,TRUE,200,1108,254,3.74489712715149,"2026-05-23T17:59:30.967113Z","2026-05-23T17:59:34.712011Z",1779559170.96711,1779559174.71201,0.000607,0.000665,0.000684,3.731387,3.731539,3.730703,0.000152000000000374,3.7193,0.0255971271514892
"2026-05-23T17:59:38.798Z","run_bootstrap",199,"http://client1:8000","run","http://client1:8000/run",1,TRUE,200,1109,253,4.02809834480286,"2026-05-23T17:59:34.762731Z","2026-05-23T17:59:38.790829Z",1779559174.76273,1779559178.79083,0.000563,0.000646,0.000677,4.008301,4.008434,4.007624,0.000132999999999939,3.9993,0.0287983448028566
"2026-05-23T17:59:38.798Z","run_bootstrap",199,"http://client2:8000","run","http://client2:8000/run",1,TRUE,200,1109,254,3.69463801383972,"2026-05-23T17:59:34.762234Z","2026-05-23T17:59:38.456872Z",1779559174.76223,1779559178.45687,0.000673,0.000753,0.000776,3.680139,3.680281,3.679363,0.000141999999999864,3.665,0.0296380138397216
"2026-05-23T17:59:38.798Z","run_bootstrap",199,"http://client3:8000","run","http://client3:8000/run",1,TRUE,200,1109,255,3.82641959190369,"2026-05-23T17:59:34.764069Z","2026-05-23T17:59:38.590489Z",1779559174.76407,1779559178.59049,0.000613,0.000716,0.000751,3.804998,3.805142,3.804247,0.000144000000000144,3.7906,0.0358195919036866
"2026-05-23T17:59:43.026Z","run_bootstrap",200,"http://client1:8000","run","http://client1:8000/run",1,TRUE,200,1109,253,4.19380259513855,"2026-05-23T17:59:38.825436Z","2026-05-23T17:59:43.019238Z",1779559178.82544,1779559183.01924,0.000663,0.00077,0.00081,4.179794,4.179943,4.178984,0.000148999999999511,4.0147,0.179102595138549
"2026-05-23T17:59:43.026Z","run_bootstrap",200,"http://client2:8000","run","http://client2:8000/run",1,TRUE,200,1109,255,3.94032907485962,"2026-05-23T17:59:38.825436Z","2026-05-23T17:59:42.765765Z",1779559178.82544,1779559182.76577,0.000516,0.000604,0.000641,3.923508,3.923769,3.922867,0.000261000000000067,3.7619,0.178429074859619
"2026-05-23T17:59:43.026Z","run_bootstrap",200,"http://client3:8000","run","http://client3:8000/run",1,TRUE,200,1109,255,4.01710629463196,"2026-05-23T17:59:38.825438Z","2026-05-23T17:59:42.842545Z",1779559178.82544,1779559182.84255,0.000495,0.000605,0.000645,4.000394,4.00052,3.999749,0.000125999999999848,3.8254,0.191706294631958
"2026-05-23T17:59:46.771Z","run_bootstrap",201,"http://client1:8000","run","http://client1:8000/run",1,TRUE,200,1110,253,3.7217128276825,"2026-05-23T17:59:43.042794Z","2026-05-23T17:59:46.764507Z",1779559183.04279,1779559186.76451,0.000599,0.000706,0.000741,3.701044,3.701158,3.700303,0.000113999999999947,3.6901,0.031612827682495
"2026-05-23T17:59:46.771Z","run_bootstrap",201,"http://client2:8000","run","http://client2:8000/run",1,TRUE,200,1110,254,3.55504012107849,"2026-05-23T17:59:43.043460Z","2026-05-23T17:59:46.598500Z",1779559183.04346,1779559186.5985,0.000682,0.000769,0.000804,3.535061,3.53525,3.534257,0.000189000000000217,3.5251,0.0299401210784911
"2026-05-23T17:59:46.771Z","run_bootstrap",201,"http://client3:8000","run","http://client3:8000/run",1,TRUE,200,1110,255,3.45697450637817,"2026-05-23T17:59:43.044509Z","2026-05-23T17:59:46.501484Z",1779559183.04451,1779559186.50148,0.000496,0.000566,0.000586,3.436543,3.436681,3.435957,0.000138000000000194,3.4292,0.027774506378174
"2026-05-23T17:59:50.381Z","run_bootstrap",202,"http://client1:8000","run","http://client1:8000/run",1,TRUE,200,1110,253,3.58347129821777,"2026-05-23T17:59:46.790348Z","2026-05-23T17:59:50.373819Z",1779559186.79035,1779559190.37382,0.00071,0.000784,0.000806,3.563663,3.563805,3.562857,0.000141999999999864,3.5553,0.0281712982177735
"2026-05-23T17:59:50.381Z","run_bootstrap",202,"http://client2:8000","run","http://client2:8000/run",1,TRUE,200,1110,254,3.4547073841095,"2026-05-23T17:59:46.790116Z","2026-05-23T17:59:50.244824Z",1779559186.79012,1779559190.24482,0.000775,0.000896,0.000933,3.440785,3.440943,3.439852,0.00015799999999988,3.4338,0.0209073841094969
"2026-05-23T17:59:50.381Z","run_bootstrap",202,"http://client3:8000","run","http://client3:8000/run",1,TRUE,200,1110,255,3.57902717590332,"2026-05-23T17:59:46.791849Z","2026-05-23T17:59:50.370876Z",1779559186.79185,1779559190.37088,0.000783,0.000848,0.000863,3.560409,3.560555,3.559546,0.000145999999999979,3.5532,0.0258271759033204
"2026-05-23T17:59:53.990Z","run_bootstrap",203,"http://client1:8000","run","http://client1:8000/run",1,TRUE,200,1109,251,3.58856391906738,"2026-05-23T17:59:50.395019Z","2026-05-23T17:59:53.983583Z",1779559190.39502,1779559193.98358,0.000703,0.000844,0.000883,3.57285,3.572947,3.571967,9.70000000002358e-05,3.5655,0.0230639190673827
"2026-05-23T17:59:53.990Z","run_bootstrap",203,"http://client2:8000","run","http://client2:8000/run",1,TRUE,200,1109,254,3.46174645423889,"2026-05-23T17:59:50.395520Z","2026-05-23T17:59:53.857267Z",1779559190.39552,1779559193.85727,0.000734,0.000854,0.000896,3.446391,3.446548,3.445495,0.000156999999999741,3.4378,0.0239464542388914
"2026-05-23T17:59:53.990Z","run_bootstrap",203,"http://client3:8000","run","http://client3:8000/run",1,TRUE,200,1109,254,3.53390884399414,"2026-05-23T17:59:50.395828Z","2026-05-23T17:59:53.929737Z",1779559190.39583,1779559193.92974,0.00084,0.000915,0.000945,3.518825,3.518993,3.51788,0.000167999999999946,3.5114,0.0225088439941405
"2026-05-23T17:59:57.801Z","run_bootstrap",204,"http://client1:8000","run","http://client1:8000/run",1,TRUE,200,1109,251,3.79096841812134,"2026-05-23T17:59:54.006061Z","2026-05-23T17:59:57.797029Z",1779559194.00606,1779559197.79703,0.000642,0.000725,0.000747,3.776922,3.777055,3.776175,0.000132999999999939,3.7666,0.0243684181213379
"2026-05-23T17:59:57.801Z","run_bootstrap",204,"http://client2:8000","run","http://client2:8000/run",1,TRUE,200,1109,254,3.57643890380859,"2026-05-23T17:59:54.006862Z","2026-05-23T17:59:57.583301Z",1779559194.00686,1779559197.5833,0.000667,0.000732,0.000753,3.563162,3.563303,3.562409,0.000140999999999725,3.5416,0.0348389038085939
"2026-05-23T17:59:57.801Z","run_bootstrap",204,"http://client3:8000","run","http://client3:8000/run",1,TRUE,200,1109,253,3.48178648948669,"2026-05-23T17:59:54.006919Z","2026-05-23T17:59:57.488705Z",1779559194.00692,1779559197.48871,0.00077,0.00083,0.000851,3.467713,3.467877,3.466862,0.000164000000000275,3.457,0.0247864894866945
"2026-05-23T18:00:01.453Z","run_bootstrap",205,"http://client1:8000","run","http://client1:8000/run",1,TRUE,200,1108,251,3.63478970527649,"2026-05-23T17:59:57.814441Z","2026-05-23T18:00:01.449231Z",1779559197.81444,1779559201.44923,0.000639,0.000698,0.00072,3.607935,3.607964,3.607215,2.90000000000568e-05,3.5998,0.0349897052764891
"2026-05-23T18:00:01.453Z","run_bootstrap",205,"http://client2:8000","run","http://client2:8000/run",1,TRUE,200,1108,254,3.48272895812988,"2026-05-23T17:59:57.814934Z","2026-05-23T18:00:01.297662Z",1779559197.81493,1779559201.29766,0.000769,0.000829,0.000849,3.455639,3.455678,3.45479,3.89999999996782e-05,3.4482,0.0345289581298829
"2026-05-23T18:00:01.453Z","run_bootstrap",205,"http://client3:8000","run","http://client3:8000/run",1,TRUE,200,1108,253,3.56496262550354,"2026-05-23T17:59:57.815515Z","2026-05-23T18:00:01.380478Z",1779559197.81552,1779559201.38048,0.000585,0.000676,0.000698,3.538533,3.538566,3.537835,3.29999999997277e-05,3.5299,0.03506262550354
"2026-05-23T18:00:05.061Z","run_bootstrap",206,"http://client1:8000","run","http://client1:8000/run",1,TRUE,200,1108,251,3.29976654052734,"2026-05-23T18:00:01.468708Z","2026-05-23T18:00:04.768475Z",1779559201.46871,1779559204.76848,0.000586,0.000666,0.00069,3.282246,3.282377,3.281556,0.000130999999999659,3.2731,0.0266665405273439
"2026-05-23T18:00:05.061Z","run_bootstrap",206,"http://client2:8000","run","http://client2:8000/run",1,TRUE,200,1108,254,3.58706736564636,"2026-05-23T18:00:01.469559Z","2026-05-23T18:00:05.056627Z",1779559201.46956,1779559205.05663,0.000634,0.00071,0.000747,3.56683,3.566969,3.566083,0.000138999999999889,3.5596,0.0274673656463622
"2026-05-23T18:00:05.061Z","run_bootstrap",206,"http://client3:8000","run","http://client3:8000/run",1,TRUE,200,1108,253,3.58715391159058,"2026-05-23T18:00:01.470067Z","2026-05-23T18:00:05.057221Z",1779559201.47007,1779559205.05722,0.000612,0.000696,0.000729,3.570912,3.571029,3.570183,0.000116999999999923,3.5637,0.0234539115905763
"2026-05-23T18:00:08.813Z","run_bootstrap",207,"http://client1:8000","run","http://client1:8000/run",1,TRUE,200,1109,248,3.5316174030304,"2026-05-23T18:00:05.072914Z","2026-05-23T18:00:08.604532Z",1779559205.07291,1779559208.60453,0.000407,0.000498,0.000528,3.517912,3.518151,3.517384,0.0002390000000001,3.51,0.0216174030303957
"2026-05-23T18:00:08.813Z","run_bootstrap",207,"http://client2:8000","run","http://client2:8000/run",1,TRUE,200,1109,252,3.73640513420105,"2026-05-23T18:00:05.072192Z","2026-05-23T18:00:08.808597Z",1779559205.07219,1779559208.8086,0.000732,0.000811,0.000845,3.723319,3.723451,3.722474,0.000131999999999799,3.7166,0.0198051342010497
"2026-05-23T18:00:08.813Z","run_bootstrap",207,"http://client3:8000","run","http://client3:8000/run",1,TRUE,200,1109,253,3.59691715240479,"2026-05-23T18:00:05.072869Z","2026-05-23T18:00:08.669786Z",1779559205.07287,1779559208.66979,0.000663,0.000773,0.000808,3.583746,3.583904,3.582938,0.00015799999999988,3.5769,0.020017152404785
"2026-05-23T18:00:12.557Z","run_bootstrap",208,"http://client1:8000","run","http://client1:8000/run",1,TRUE,200,1109,250,3.58465623855591,"2026-05-23T18:00:08.825089Z","2026-05-23T18:00:12.409745Z",1779559208.82509,1779559212.40975,0.000647,0.000755,0.00079,3.57074,3.570879,3.56995,0.000139000000000333,3.5633,0.0213562385559083
"2026-05-23T18:00:12.557Z","run_bootstrap",208,"http://client2:8000","run","http://client2:8000/run",1,TRUE,200,1109,252,3.49046325683594,"2026-05-23T18:00:08.827389Z","2026-05-23T18:00:12.317852Z",1779559208.82739,1779559212.31785,0.000654,0.000764,8e-04,3.476285,3.476433,3.475485,0.000148000000000259,3.4691,0.0213632568359374
"2026-05-23T18:00:12.557Z","run_bootstrap",208,"http://client3:8000","run","http://client3:8000/run",1,TRUE,200,1109,253,3.72210478782654,"2026-05-23T18:00:08.827772Z","2026-05-23T18:00:12.549877Z",1779559208.82777,1779559212.54988,0.000627,0.00074,0.00078,3.706127,3.706265,3.705347,0.000138000000000194,3.6991,0.023004787826538
"2026-05-23T18:00:16.200Z","run_bootstrap",209,"http://client1:8000","run","http://client1:8000/run",1,TRUE,200,1110,249,3.54245114326477,"2026-05-23T18:00:12.567969Z","2026-05-23T18:00:16.110420Z",1779559212.56797,1779559216.11042,0.000701,0.000808,0.000844,3.528355,3.528518,3.527511,0.000163000000000135,3.5195,0.0229511432647707
"2026-05-23T18:00:16.200Z","run_bootstrap",209,"http://client2:8000","run","http://client2:8000/run",1,TRUE,200,1110,255,3.57769274711609,"2026-05-23T18:00:12.569896Z","2026-05-23T18:00:16.147589Z",1779559212.5699,1779559216.14759,0.000473,0.000574,0.000608,3.564259,3.564402,3.563651,0.000143000000000004,3.5575,0.0201927471160888
"2026-05-23T18:00:16.200Z","run_bootstrap",209,"http://client3:8000","run","http://client3:8000/run",1,TRUE,200,1110,254,3.62635135650635,"2026-05-23T18:00:12.569213Z","2026-05-23T18:00:16.195564Z",1779559212.56921,1779559216.19556,0.000724,0.000857,0.000899,3.613436,3.613576,3.612537,0.000140000000000029,3.6063,0.0200513565063476
"2026-05-23T18:00:19.999Z","run_bootstrap",210,"http://client1:8000","run","http://client1:8000/run",1,TRUE,200,1110,249,3.7109043598175,"2026-05-23T18:00:16.212995Z","2026-05-23T18:00:19.923900Z",1779559216.213,1779559219.9239,0.000764,0.000875,0.000912,3.693847,3.693973,3.692935,0.000126000000000293,3.6848,0.0261043598175048
"2026-05-23T18:00:19.999Z","run_bootstrap",210,"http://client2:8000","run","http://client2:8000/run",1,TRUE,200,1110,255,3.52166366577148,"2026-05-23T18:00:16.213769Z","2026-05-23T18:00:19.735433Z",1779559216.21377,1779559219.73543,0.000636,0.000742,0.000776,3.504944,3.505081,3.504168,0.000137000000000054,3.4977,0.0239636657714843
"2026-05-23T18:00:19.999Z","run_bootstrap",210,"http://client3:8000","run","http://client3:8000/run",1,TRUE,200,1110,254,3.78026247024536,"2026-05-23T18:00:16.214390Z","2026-05-23T18:00:19.994652Z",1779559216.21439,1779559219.99465,0.000594,0.000676,0.000708,3.763828,3.763929,3.76312,0.000100999999999907,3.7425,0.0377624702453612
"2026-05-23T18:00:23.736Z","run_bootstrap",211,"http://client1:8000","run","http://client1:8000/run",1,TRUE,200,1108,251,3.71692132949829,"2026-05-23T18:00:20.012870Z","2026-05-23T18:00:23.729791Z",1779559220.01287,1779559223.72979,6e-04,0.000662,0.000681,3.698793,3.69888,3.698112,8.69999999997262e-05,3.6914,0.0255213294982912
"2026-05-23T18:00:23.736Z","run_bootstrap",211,"http://client2:8000","run","http://client2:8000/run",1,TRUE,200,1108,255,3.69515061378479,"2026-05-23T18:00:20.013462Z","2026-05-23T18:00:23.708613Z",1779559220.01346,1779559223.70861,0.000725,0.000816,0.000848,3.67822,3.67838,3.677372,0.00016000000000016,3.6565,0.0386506137847902
"2026-05-23T18:00:23.736Z","run_bootstrap",211,"http://client3:8000","run","http://client3:8000/run",1,TRUE,200,1108,254,3.47896027565002,"2026-05-23T18:00:20.014157Z","2026-05-23T18:00:23.493117Z",1779559220.01416,1779559223.49312,0.000498,0.000579,6e-04,3.461965,3.462086,3.461365,0.000121000000000038,3.4516,0.0273602756500244
"2026-05-23T18:00:27.772Z","run_bootstrap",212,"http://client1:8000","run","http://client1:8000/run",1,TRUE,200,1108,251,3.77567744255066,"2026-05-23T18:00:23.751313Z","2026-05-23T18:00:27.526991Z",1779559223.75131,1779559227.52699,0.000849,0.000967,0.001003,3.76106,3.761207,3.760057,0.000147000000000119,3.7535,0.0221774425506593
"2026-05-23T18:00:27.772Z","run_bootstrap",212,"http://client2:8000","run","http://client2:8000/run",1,TRUE,200,1108,255,4.01473331451416,"2026-05-23T18:00:23.752016Z","2026-05-23T18:00:27.766750Z",1779559223.75202,1779559227.76675,0.000617,0.000694,0.000724,4.000292,4.000436,3.999568,0.0001439999999997,3.9834,0.0313333145141601
"2026-05-23T18:00:27.772Z","run_bootstrap",212,"http://client3:8000","run","http://client3:8000/run",1,TRUE,200,1108,254,3.83041286468506,"2026-05-23T18:00:23.752513Z","2026-05-23T18:00:27.582926Z",1779559223.75251,1779559227.58293,6e-04,0.000719,0.000754,3.810045,3.810181,3.809291,0.000135999999999914,3.8018,0.0286128646850585
"2026-05-23T18:00:31.735Z","run_bootstrap",213,"http://client1:8000","run","http://client1:8000/run",1,TRUE,200,1110,251,3.81748056411743,"2026-05-23T18:00:27.783482Z","2026-05-23T18:00:31.600963Z",1779559227.78348,1779559231.60096,0.000694,0.000808,0.000842,3.80363,3.803779,3.802788,0.000148999999999955,3.7956,0.0218805641174318
"2026-05-23T18:00:31.735Z","run_bootstrap",213,"http://client2:8000","run","http://client2:8000/run",1,TRUE,200,1110,254,3.7789306640625,"2026-05-23T18:00:27.785725Z","2026-05-23T18:00:31.564656Z",1779559227.78573,1779559231.56466,0.000687,0.000804,0.000841,3.757734,3.757884,3.756893,0.00014999999999965,3.7358,0.0431306640625002
"2026-05-23T18:00:31.735Z","run_bootstrap",213,"http://client3:8000","run","http://client3:8000/run",1,TRUE,200,1110,254,3.94234275817871,"2026-05-23T18:00:27.786228Z","2026-05-23T18:00:31.728571Z",1779559227.78623,1779559231.72857,0.000682,0.000755,0.000787,3.921219,3.921359,3.920432,0.000140000000000029,3.9139,0.028442758178711
"2026-05-23T18:00:35.703Z","run_bootstrap",214,"http://client1:8000","run","http://client1:8000/run",1,TRUE,200,1110,251,3.9457221031189,"2026-05-23T18:00:31.750228Z","2026-05-23T18:00:35.695950Z",1779559231.75023,1779559235.69595,0.000688,0.000794,0.00083,3.931431,3.931546,3.930601,0.000115000000000087,3.9223,0.0234221031188966
"2026-05-23T18:00:35.703Z","run_bootstrap",214,"http://client2:8000","run","http://client2:8000/run",1,TRUE,200,1110,254,3.5692777633667,"2026-05-23T18:00:31.751286Z","2026-05-23T18:00:35.320564Z",1779559231.75129,1779559235.32056,0.000497,6e-04,0.000638,3.555612,3.555754,3.554974,0.000141999999999864,3.5396,0.0296777633666991
"2026-05-23T18:00:35.703Z","run_bootstrap",214,"http://client3:8000","run","http://client3:8000/run",1,TRUE,200,1110,254,3.71225023269653,"2026-05-23T18:00:31.751294Z","2026-05-23T18:00:35.463544Z",1779559231.75129,1779559235.46354,0.000543,0.000619,0.000652,3.698778,3.698913,3.698126,0.000135000000000218,3.6911,0.0211502326965332
"2026-05-23T18:00:39.504Z","run_bootstrap",215,"http://client1:8000","run","http://client1:8000/run",1,TRUE,200,1109,250,3.76939630508423,"2026-05-23T18:00:35.720459Z","2026-05-23T18:00:39.489856Z",1779559235.72046,1779559239.48986,0.000544,0.000632,0.000658,3.752536,3.752673,3.751878,0.000137000000000054,3.7449,0.0244963050842286
"2026-05-23T18:00:39.504Z","run_bootstrap",215,"http://client2:8000","run","http://client2:8000/run",1,TRUE,200,1109,255,3.66301417350769,"2026-05-23T18:00:35.721010Z","2026-05-23T18:00:39.384024Z",1779559235.72101,1779559239.38402,0.000624,0.000699,0.00073,3.646526,3.646831,3.645796,0.000305,3.6371,0.0259141735076902
"2026-05-23T18:00:39.504Z","run_bootstrap",215,"http://client3:8000","run","http://client3:8000/run",1,TRUE,200,1109,254,3.77664542198181,"2026-05-23T18:00:35.721933Z","2026-05-23T18:00:39.498579Z",1779559235.72193,1779559239.49858,0.000738,0.000825,0.000856,3.761449,3.761629,3.760593,0.000180000000000291,3.7535,0.0231454219818117
"2026-05-23T18:00:43.303Z","run_bootstrap",216,"http://client1:8000","run","http://client1:8000/run",1,TRUE,200,1109,250,3.77822923660278,"2026-05-23T18:00:39.517233Z","2026-05-23T18:00:43.295462Z",1779559239.51723,1779559243.29546,0.000711,0.000807,0.000845,3.759029,3.759158,3.758184,0.000129000000000268,3.7509,0.0273292366027831
"2026-05-23T18:00:43.303Z","run_bootstrap",216,"http://client2:8000","run","http://client2:8000/run",1,TRUE,200,1109,255,3.77875566482544,"2026-05-23T18:00:39.518054Z","2026-05-23T18:00:43.296809Z",1779559239.51805,1779559243.29681,0.000474,0.000556,0.00059,3.757499,3.757602,3.756909,0.000102999999999742,3.7484,0.0303556648254393
"2026-05-23T18:00:43.303Z","run_bootstrap",216,"http://client3:8000","run","http://client3:8000/run",1,TRUE,200,1109,254,3.64794397354126,"2026-05-23T18:00:39.517093Z","2026-05-23T18:00:43.165037Z",1779559239.51709,1779559243.16504,0.000579,0.000691,0.000732,3.628529,3.628658,3.627797,0.000129000000000268,3.6212,0.0267439735412598
"2026-05-23T18:00:47.245Z","run_bootstrap",217,"http://client1:8000","run","http://client1:8000/run",1,TRUE,200,1110,250,3.66669034957886,"2026-05-23T18:00:43.320362Z","2026-05-23T18:00:46.987052Z",1779559243.32036,1779559246.98705,0.00074,0.000858,0.000905,3.652669,3.652826,3.651764,0.000157000000000185,3.6449,0.0217903495788576
"2026-05-23T18:00:47.245Z","run_bootstrap",217,"http://client2:8000","run","http://client2:8000/run",1,TRUE,200,1110,255,3.91651153564453,"2026-05-23T18:00:43.321599Z","2026-05-23T18:00:47.238110Z",1779559243.3216,1779559247.23811,0.000607,0.00069,0.000724,3.896729,3.896842,3.896005,0.000112999999999808,3.8895,0.0270115356445313
"2026-05-23T18:00:47.245Z","run_bootstrap",217,"http://client3:8000","run","http://client3:8000/run",1,TRUE,200,1110,254,3.89434146881104,"2026-05-23T18:00:43.321448Z","2026-05-23T18:00:47.215789Z",1779559243.32145,1779559247.21579,0.000572,0.000667,0.000702,3.881435,3.881525,3.880733,8.99999999997014e-05,3.8742,0.0201414688110351
"2026-05-23T18:00:51.017Z","run_bootstrap",218,"http://client1:8000","run","http://client1:8000/run",1,TRUE,200,1110,250,3.45938158035278,"2026-05-23T18:00:47.259499Z","2026-05-23T18:00:50.718880Z",1779559247.2595,1779559250.71888,0.000542,0.000603,0.000621,3.437546,3.437702,3.436925,0.000155999999999601,3.4264,0.0329815803527831
"2026-05-23T18:00:51.017Z","run_bootstrap",218,"http://client2:8000","run","http://client2:8000/run",1,TRUE,200,1110,255,3.75260782241821,"2026-05-23T18:00:47.259991Z","2026-05-23T18:00:51.012599Z",1779559247.25999,1779559251.0126,0.000613,0.000693,0.000723,3.731432,3.731545,3.730709,0.000113000000000252,3.7228,0.029807822418213
"2026-05-23T18:00:51.017Z","run_bootstrap",218,"http://client3:8000","run","http://client3:8000/run",1,TRUE,200,1110,254,3.66511988639832,"2026-05-23T18:00:47.260504Z","2026-05-23T18:00:50.925624Z",1779559247.2605,1779559250.92562,0.000807,0.000895,0.000916,3.647655,3.647788,3.646739,0.000132999999999939,3.6386,0.0265198863983156
"2026-05-23T18:00:54.959Z","run_bootstrap",219,"http://client1:8000","run","http://client1:8000/run",1,TRUE,200,1107,247,3.66158986091614,"2026-05-23T18:00:51.030107Z","2026-05-23T18:00:54.691697Z",1779559251.03011,1779559254.6917,0.000419,0.000497,0.000529,3.646491,3.646631,3.645962,0.000140000000000029,3.6382,0.0233898609161378
"2026-05-23T18:00:54.959Z","run_bootstrap",219,"http://client2:8000","run","http://client2:8000/run",1,TRUE,200,1107,254,3.91562795639038,"2026-05-23T18:00:51.029552Z","2026-05-23T18:00:54.945180Z",1779559251.02955,1779559254.94518,0.000733,0.000847,0.000883,3.901272,3.901328,3.900389,5.5999999999834e-05,3.8883,0.0273279563903808
"2026-05-23T18:00:54.959Z","run_bootstrap",219,"http://client3:8000","run","http://client3:8000/run",1,TRUE,200,1107,253,3.92467784881592,"2026-05-23T18:00:51.030637Z","2026-05-23T18:00:54.955315Z",1779559251.03064,1779559254.95532,0.000642,0.000736,0.000769,3.911342,3.911513,3.910573,0.000170999999999921,3.9006,0.0240778488159181
"2026-05-23T18:00:59.028Z","run_bootstrap",220,"http://client1:8000","run","http://client1:8000/run",1,TRUE,200,1107,247,4.05310225486755,"2026-05-23T18:00:54.970880Z","2026-05-23T18:00:59.023983Z",1779559254.97088,1779559259.02398,0.000712,0.000793,0.000825,4.038382,4.03852,4.037557,0.000137999999999749,3.8763,0.176802254867554
"2026-05-23T18:00:59.028Z","run_bootstrap",220,"http://client2:8000","run","http://client2:8000/run",1,TRUE,200,1107,254,4.04703974723816,"2026-05-23T18:00:54.971766Z","2026-05-23T18:00:59.018806Z",1779559254.97177,1779559259.01881,0.000597,0.000811,0.000866,4.033639,4.033769,4.032773,0.000130000000000408,3.8583,0.188739747238159
"2026-05-23T18:00:59.028Z","run_bootstrap",220,"http://client3:8000","run","http://client3:8000/run",1,TRUE,200,1107,253,3.9327437877655,"2026-05-23T18:00:54.973242Z","2026-05-23T18:00:58.905985Z",1779559254.97324,1779559258.90599,0.000667,0.000732,0.00075,3.920315,3.92044,3.919565,0.000125000000000153,3.7541,0.178643787765503
"2026-05-23T18:01:02.879Z","run_bootstrap",221,"http://client1:8000","run","http://client1:8000/run",1,TRUE,200,1109,249,3.58436393737793,"2026-05-23T18:00:59.039601Z","2026-05-23T18:01:02.623965Z",1779559259.0396,1779559262.62397,0.000737,0.000851,0.000886,3.569131,3.569285,3.568245,0.000153999999999765,3.5623,0.0220639373779297
"2026-05-23T18:01:02.879Z","run_bootstrap",221,"http://client2:8000","run","http://client2:8000/run",1,TRUE,200,1109,253,3.83323216438293,"2026-05-23T18:00:59.041279Z","2026-05-23T18:01:02.874511Z",1779559259.04128,1779559262.87451,0.000494,0.00056,0.000581,3.817478,3.817618,3.816897,0.000140000000000029,3.8116,0.0216321643829347
"2026-05-23T18:01:02.879Z","run_bootstrap",221,"http://client3:8000","run","http://client3:8000/run",1,TRUE,200,1109,254,3.54465389251709,"2026-05-23T18:00:59.041733Z","2026-05-23T18:01:02.586387Z",1779559259.04173,1779559262.58639,0.000525,0.000579,0.000597,3.528754,3.528896,3.528157,0.000141999999999864,3.5226,0.0220538925170897
"2026-05-23T18:01:06.965Z","run_bootstrap",222,"http://client1:8000","run","http://client1:8000/run",1,TRUE,200,1109,249,3.79595136642456,"2026-05-23T18:01:02.892072Z","2026-05-23T18:01:06.688023Z",1779559262.89207,1779559266.68802,0.000702,0.000809,0.000844,3.777931,3.778007,3.777087,7.5999999999965e-05,3.7707,0.0252513664245604
"2026-05-23T18:01:06.965Z","run_bootstrap",222,"http://client2:8000","run","http://client2:8000/run",1,TRUE,200,1109,253,4.06338834762573,"2026-05-23T18:01:02.894901Z","2026-05-23T18:01:06.958290Z",1779559262.8949,1779559266.95829,0.000436,0.000553,0.00059,4.045293,4.045428,4.044703,0.000135000000000218,4.0375,0.0258883476257328
"2026-05-23T18:01:06.965Z","run_bootstrap",222,"http://client3:8000","run","http://client3:8000/run",1,TRUE,200,1109,253,3.87154412269592,"2026-05-23T18:01:02.895151Z","2026-05-23T18:01:06.766695Z",1779559262.89515,1779559266.7667,0.000535,0.000619,0.000651,3.849585,3.849704,3.848934,0.000119000000000202,3.842,0.0295441226959228
"2026-05-23T18:01:11.024Z","run_bootstrap",223,"http://client1:8000","run","http://client1:8000/run",1,TRUE,200,1110,251,3.82453441619873,"2026-05-23T18:01:06.985918Z","2026-05-23T18:01:10.810453Z",1779559266.98592,1779559270.81045,0.000764,0.000876,0.000912,3.809092,3.809238,3.80818,0.000145999999999979,3.8017,0.0228344161987306
"2026-05-23T18:01:11.024Z","run_bootstrap",223,"http://client2:8000","run","http://client2:8000/run",1,TRUE,200,1110,255,4.03240942955017,"2026-05-23T18:01:06.986849Z","2026-05-23T18:01:11.019258Z",1779559266.98685,1779559271.01926,0.000974,0.001069,0.001092,4.01269,4.012879,4.011598,0.000188999999999773,4.0057,0.0267094295501709
"2026-05-23T18:01:11.024Z","run_bootstrap",223,"http://client3:8000","run","http://client3:8000/run",1,TRUE,200,1110,254,3.81351518630981,"2026-05-23T18:01:06.987327Z","2026-05-23T18:01:10.800842Z",1779559266.98733,1779559270.80084,0.000534,0.000623,0.000659,3.800052,3.800308,3.799393,0.000255999999999812,3.7933,0.0202151863098146
"2026-05-23T18:01:15.093Z","run_bootstrap",224,"http://client1:8000","run","http://client1:8000/run",1,TRUE,200,1110,251,3.92873287200928,"2026-05-23T18:01:11.035753Z","2026-05-23T18:01:14.964486Z",1779559271.03575,1779559274.96449,0.000544,0.000656,0.000692,3.91508,3.915168,3.914388,8.7999999999866e-05,3.9069,0.0218328720092775
"2026-05-23T18:01:15.093Z","run_bootstrap",224,"http://client2:8000","run","http://client2:8000/run",1,TRUE,200,1110,255,4.05073642730713,"2026-05-23T18:01:11.038281Z","2026-05-23T18:01:15.089017Z",1779559271.03828,1779559275.08902,0.000583,0.000675,0.000709,4.033506,4.033659,4.032797,0.00015300000000007,4.0269,0.0238364273071285
"2026-05-23T18:01:15.093Z","run_bootstrap",224,"http://client3:8000","run","http://client3:8000/run",1,TRUE,200,1110,253,3.6016411781311,"2026-05-23T18:01:11.038659Z","2026-05-23T18:01:14.640300Z",1779559271.03866,1779559274.6403,0.000761,0.000875,0.000914,3.580959,3.581129,3.580045,0.000169999999999781,3.571,0.0306411781311033
"2026-05-23T18:01:19.172Z","run_bootstrap",225,"http://client1:8000","run","http://client1:8000/run",1,TRUE,200,1107,250,3.94032406806946,"2026-05-23T18:01:15.105267Z","2026-05-23T18:01:19.045591Z",1779559275.10527,1779559279.04559,0.000663,0.000732,0.000752,3.919323,3.919456,3.918571,0.000132999999999939,3.7616,0.178724068069458
"2026-05-23T18:01:19.172Z","run_bootstrap",225,"http://client2:8000","run","http://client2:8000/run",1,TRUE,200,1107,253,4.06170320510864,"2026-05-23T18:01:15.106029Z","2026-05-23T18:01:19.167732Z",1779559275.10603,1779559279.16773,0.000702,0.000821,0.000858,4.048399,4.048514,4.047541,0.000115000000000087,4.0411,0.0206032051086424
"2026-05-23T18:01:19.172Z","run_bootstrap",225,"http://client3:8000","run","http://client3:8000/run",1,TRUE,200,1107,254,4.05215692520142,"2026-05-23T18:01:15.106645Z","2026-05-23T18:01:19.158802Z",1779559275.10665,1779559279.1588,0.000513,0.000602,0.000636,4.031663,4.031811,4.031027,0.000148000000000259,4.0206,0.0315569252014161
"2026-05-23T18:01:22.990Z","run_bootstrap",226,"http://client1:8000","run","http://client1:8000/run",1,TRUE,200,1107,248,3.36535787582397,"2026-05-23T18:01:19.184381Z","2026-05-23T18:01:22.549739Z",1779559279.18438,1779559282.54974,0.000654,0.000767,0.000801,3.350699,3.350839,3.349898,0.000140000000000029,3.34,0.0253578758239748
"2026-05-23T18:01:22.990Z","run_bootstrap",226,"http://client2:8000","run","http://client2:8000/run",1,TRUE,200,1107,253,3.63987731933594,"2026-05-23T18:01:19.185801Z","2026-05-23T18:01:22.825679Z",1779559279.1858,1779559282.82568,0.000685,0.000805,0.000843,3.62532,3.625463,3.624477,0.000143000000000004,3.6181,0.0217773193359374
"2026-05-23T18:01:22.990Z","run_bootstrap",226,"http://client3:8000","run","http://client3:8000/run",1,TRUE,200,1107,254,3.79969263076782,"2026-05-23T18:01:19.186097Z","2026-05-23T18:01:22.985790Z",1779559279.1861,1779559282.98579,0.000558,0.000629,0.000661,3.785913,3.78609,3.785252,0.000177000000000316,3.7791,0.0205926307678221
"2026-05-23T18:01:26.715Z","run_bootstrap",227,"http://client1:8000","run","http://client1:8000/run",1,TRUE,200,1109,250,3.70357060432434,"2026-05-23T18:01:23.003170Z","2026-05-23T18:01:26.706740Z",1779559283.00317,1779559286.70674,0.000595,7e-04,0.000734,3.688211,3.68826,3.687477,4.90000000001878e-05,3.6799,0.0236706043243409
"2026-05-23T18:01:26.715Z","run_bootstrap",227,"http://client2:8000","run","http://client2:8000/run",1,TRUE,200,1109,253,3.68470478057861,"2026-05-23T18:01:23.004198Z","2026-05-23T18:01:26.688903Z",1779559283.0042,1779559286.6889,0.000647,0.000732,0.000765,3.669145,3.66919,3.66838,4.50000000000728e-05,3.6621,0.0226047805786131
"2026-05-23T18:01:26.715Z","run_bootstrap",227,"http://client3:8000","run","http://client3:8000/run",1,TRUE,200,1109,254,3.60354733467102,"2026-05-23T18:01:23.004639Z","2026-05-23T18:01:26.608187Z",1779559283.00464,1779559286.60819,0.000571,0.000661,0.000698,3.587531,3.587576,3.586833,4.50000000000728e-05,3.5807,0.0228473346710203
"2026-05-23T18:01:30.488Z","run_bootstrap",228,"http://client1:8000","run","http://client1:8000/run",1,TRUE,200,1109,250,3.75242066383362,"2026-05-23T18:01:26.731307Z","2026-05-23T18:01:30.483728Z",1779559286.73131,1779559290.48373,0.000567,0.000649,0.000679,3.733772,3.733919,3.733093,0.000147000000000119,3.7254,0.0270206638336181
"2026-05-23T18:01:30.488Z","run_bootstrap",228,"http://client2:8000","run","http://client2:8000/run",1,TRUE,200,1109,252,3.35460782051086,"2026-05-23T18:01:26.731996Z","2026-05-23T18:01:30.086604Z",1779559286.732,1779559290.0866,0.000641,0.000749,0.000782,3.340967,3.341082,3.340185,0.000115000000000087,3.334,0.0206078205108642
"2026-05-23T18:01:30.488Z","run_bootstrap",228,"http://client3:8000","run","http://client3:8000/run",1,TRUE,200,1109,254,3.55495715141296,"2026-05-23T18:01:26.732680Z","2026-05-23T18:01:30.287637Z",1779559286.73268,1779559290.28764,0.000593,0.00068,0.000712,3.539417,3.539579,3.538705,0.000161999999999995,3.5325,0.0224571514129637
"2026-05-23T18:01:34.156Z","run_bootstrap",229,"http://client1:8000","run","http://client1:8000/run",1,TRUE,200,1109,248,3.64931201934814,"2026-05-23T18:01:30.500257Z","2026-05-23T18:01:34.149569Z",1779559290.50026,1779559294.14957,0.000602,0.000825,0.000892,3.63464,3.634782,3.633748,0.000141999999999864,3.627,0.0223120193481448
"2026-05-23T18:01:34.156Z","run_bootstrap",229,"http://client2:8000","run","http://client2:8000/run",1,TRUE,200,1109,254,3.43163633346558,"2026-05-23T18:01:30.501083Z","2026-05-23T18:01:33.932719Z",1779559290.50108,1779559293.93272,0.000653,0.000779,0.000819,3.414607,3.414722,3.413788,0.000114999999999643,3.4066,0.0250363334655761
"2026-05-23T18:01:34.156Z","run_bootstrap",229,"http://client3:8000","run","http://client3:8000/run",1,TRUE,200,1109,254,3.35048341751099,"2026-05-23T18:01:30.501616Z","2026-05-23T18:01:33.852099Z",1779559290.50162,1779559293.8521,0.000713,0.000805,0.000838,3.335581,3.335722,3.334743,0.000141000000000169,3.3279,0.0225834175109862
"2026-05-23T18:01:37.795Z","run_bootstrap",230,"http://client1:8000","run","http://client1:8000/run",1,TRUE,200,1109,248,3.61952972412109,"2026-05-23T18:01:34.171275Z","2026-05-23T18:01:37.790805Z",1779559294.17128,1779559297.79081,0.00045,0.00052,0.00055,3.598109,3.598256,3.597559,0.000147000000000119,3.591,0.0285297241210936
"2026-05-23T18:01:37.795Z","run_bootstrap",230,"http://client2:8000","run","http://client2:8000/run",1,TRUE,200,1109,254,3.53480958938599,"2026-05-23T18:01:34.171756Z","2026-05-23T18:01:37.706565Z",1779559294.17176,1779559297.70657,0.000392,0.000478,0.000517,3.513459,3.51362,3.512942,0.000160999999999856,3.4967,0.0381095893859862
"2026-05-23T18:01:37.795Z","run_bootstrap",230,"http://client3:8000","run","http://client3:8000/run",1,TRUE,200,1109,254,3.49974465370178,"2026-05-23T18:01:34.172022Z","2026-05-23T18:01:37.671766Z",1779559294.17202,1779559297.67177,0.00059,0.000699,0.000738,3.486024,3.48612,3.485286,9.6000000000096e-05,3.4688,0.0309446537017823
"2026-05-23T18:01:41.554Z","run_bootstrap",231,"http://client1:8000","run","http://client1:8000/run",1,TRUE,200,1110,251,3.74276757240295,"2026-05-23T18:01:37.806373Z","2026-05-23T18:01:41.549141Z",1779559297.80637,1779559301.54914,0.000646,0.000757,0.000792,3.728572,3.728687,3.72778,0.000114999999999643,3.7201,0.0226675724029541
"2026-05-23T18:01:41.554Z","run_bootstrap",231,"http://client2:8000","run","http://client2:8000/run",1,TRUE,200,1110,253,3.38508200645447,"2026-05-23T18:01:37.808656Z","2026-05-23T18:01:41.193738Z",1779559297.80866,1779559301.19374,0.000476,0.000582,0.000617,3.368563,3.368697,3.367946,0.000134000000000079,3.3606,0.024482006454468
"2026-05-23T18:01:41.554Z","run_bootstrap",231,"http://client3:8000","run","http://client3:8000/run",1,TRUE,200,1110,252,3.55359482765198,"2026-05-23T18:01:37.809084Z","2026-05-23T18:01:41.362679Z",1779559297.80908,1779559301.36268,0.00055,0.000635,0.000668,3.540259,3.540402,3.539591,0.000143000000000004,3.5321,0.0214948276519777
"2026-05-23T18:01:45.340Z","run_bootstrap",232,"http://client1:8000","run","http://client1:8000/run",1,TRUE,200,1110,251,3.76828360557556,"2026-05-23T18:01:41.566856Z","2026-05-23T18:01:45.335140Z",1779559301.56686,1779559305.33514,0.000548,0.00066,0.000694,3.749895,3.750024,3.749201,0.000128999999999824,3.7407,0.0275836055755616
"2026-05-23T18:01:45.340Z","run_bootstrap",232,"http://client2:8000","run","http://client2:8000/run",1,TRUE,200,1110,253,3.62653160095215,"2026-05-23T18:01:41.567703Z","2026-05-23T18:01:45.194235Z",1779559301.5677,1779559305.19424,0.000784,0.000903,0.000939,3.610799,3.610936,3.60986,0.000137000000000054,3.6034,0.0231316009521483
"2026-05-23T18:01:45.340Z","run_bootstrap",232,"http://client3:8000","run","http://client3:8000/run",1,TRUE,200,1110,252,3.35094714164734,"2026-05-23T18:01:41.568274Z","2026-05-23T18:01:44.919221Z",1779559301.56827,1779559304.91922,0.000546,0.000624,0.000656,3.329767,3.329895,3.329111,0.000128000000000128,3.3203,0.0306471416473388
"2026-05-23T18:01:49.126Z","run_bootstrap",233,"http://client1:8000","run","http://client1:8000/run",1,TRUE,200,1109,250,3.61864399909973,"2026-05-23T18:01:45.353711Z","2026-05-23T18:01:48.972355Z",1779559305.35371,1779559308.97236,0.000578,0.000689,0.000726,3.59253,3.592616,3.591804,8.60000000000305e-05,3.584,0.0346439990997314
"2026-05-23T18:01:49.126Z","run_bootstrap",233,"http://client2:8000","run","http://client2:8000/run",1,TRUE,200,1109,254,3.76751589775085,"2026-05-23T18:01:45.354436Z","2026-05-23T18:01:49.121952Z",1779559305.35444,1779559309.12195,0.000548,0.000659,7e-04,3.740763,3.740888,3.740063,0.000125000000000153,3.7332,0.0343158977508544
"2026-05-23T18:01:49.126Z","run_bootstrap",233,"http://client3:8000","run","http://client3:8000/run",1,TRUE,200,1109,252,3.62621903419495,"2026-05-23T18:01:45.354948Z","2026-05-23T18:01:48.981167Z",1779559305.35495,1779559308.98117,0.000712,0.000817,0.000852,3.60691,3.607053,3.606058,0.000143000000000004,3.5999,0.0263190341949464
"2026-05-23T18:01:52.762Z","run_bootstrap",234,"http://client1:8000","run","http://client1:8000/run",1,TRUE,200,1109,251,3.60277247428894,"2026-05-23T18:01:49.141863Z","2026-05-23T18:01:52.744635Z",1779559309.14186,1779559312.74464,0.000704,0.000808,0.000847,3.588976,3.58908,3.588129,0.000103999999999882,3.5805,0.0222724742889406
"2026-05-23T18:01:52.762Z","run_bootstrap",234,"http://client2:8000","run","http://client2:8000/run",1,TRUE,200,1109,254,3.59861731529236,"2026-05-23T18:01:49.142806Z","2026-05-23T18:01:52.741424Z",1779559309.14281,1779559312.74142,0.000616,0.000747,0.000788,3.580519,3.580663,3.579731,0.000144000000000144,3.5732,0.0254173152923585
"2026-05-23T18:01:52.762Z","run_bootstrap",234,"http://client3:8000","run","http://client3:8000/run",1,TRUE,200,1109,252,3.61427712440491,"2026-05-23T18:01:49.143444Z","2026-05-23T18:01:52.757721Z",1779559309.14344,1779559312.75772,0.000411,0.000533,0.000598,3.593578,3.593757,3.59298,0.000179000000000151,3.5864,0.0278771244049074
"2026-05-23T18:01:56.580Z","run_bootstrap",235,"http://client1:8000","run","http://client1:8000/run",1,TRUE,200,1110,251,3.76809120178223,"2026-05-23T18:01:52.773190Z","2026-05-23T18:01:56.541281Z",1779559312.77319,1779559316.54128,0.000573,0.000653,0.000686,3.753874,3.75403,3.753188,0.000156000000000045,3.7445,0.0235912017822266
"2026-05-23T18:01:56.580Z","run_bootstrap",235,"http://client2:8000","run","http://client2:8000/run",1,TRUE,200,1110,254,3.80086159706116,"2026-05-23T18:01:52.774137Z","2026-05-23T18:01:56.574998Z",1779559312.77414,1779559316.575,0.000554,0.00065,0.000685,3.787731,3.787872,3.787046,0.000141000000000169,3.7804,0.020461597061157
"2026-05-23T18:01:56.580Z","run_bootstrap",235,"http://client3:8000","run","http://client3:8000/run",1,TRUE,200,1110,253,3.73744606971741,"2026-05-23T18:01:52.774438Z","2026-05-23T18:01:56.511884Z",1779559312.77444,1779559316.51188,0.000522,0.000639,0.00068,3.72513,3.725431,3.72445,0.000300999999999885,3.7175,0.0199460697174074
"2026-05-23T18:02:00.331Z","run_bootstrap",236,"http://client1:8000","run","http://client1:8000/run",1,TRUE,200,1110,251,3.65021753311157,"2026-05-23T18:01:56.592606Z","2026-05-23T18:02:00.242824Z",1779559316.59261,1779559320.24282,0.000796,0.000892,0.000929,3.628317,3.628461,3.627388,0.000144000000000144,3.6203,0.0299175331115724
"2026-05-23T18:02:00.331Z","run_bootstrap",236,"http://client2:8000","run","http://client2:8000/run",1,TRUE,200,1110,253,3.73348259925842,"2026-05-23T18:01:56.593046Z","2026-05-23T18:02:00.326528Z",1779559316.59305,1779559320.32653,0.000636,0.000759,0.000802,3.711988,3.712145,3.711186,0.000157000000000185,3.705,0.0284825992584228
"2026-05-23T18:02:00.331Z","run_bootstrap",236,"http://client3:8000","run","http://client3:8000/run",1,TRUE,200,1110,253,3.7000834941864,"2026-05-23T18:01:56.593572Z","2026-05-23T18:02:00.293656Z",1779559316.59357,1779559320.29366,0.000676,0.00078,0.000814,3.685469,3.685583,3.684655,0.000113999999999947,3.6785,0.0215834941864013
"2026-05-23T18:02:04.162Z","run_bootstrap",237,"http://client1:8000","run","http://client1:8000/run",1,TRUE,200,1107,247,3.816166639328,"2026-05-23T18:02:00.341567Z","2026-05-23T18:02:04.157734Z",1779559320.34157,1779559324.15773,0.000582,0.000691,0.00074,3.802412,3.802557,3.801672,0.000145000000000284,3.7944,0.0217666393280029
"2026-05-23T18:02:04.162Z","run_bootstrap",237,"http://client2:8000","run","http://client2:8000/run",1,TRUE,200,1107,253,3.72019577026367,"2026-05-23T18:02:00.343864Z","2026-05-23T18:02:04.064059Z",1779559320.34386,1779559324.06406,0.000442,0.000531,0.000562,3.697823,3.697947,3.697261,0.000124000000000013,3.69,0.0301957702636719
"2026-05-23T18:02:04.162Z","run_bootstrap",237,"http://client3:8000","run","http://client3:8000/run",1,TRUE,200,1107,252,3.52874708175659,"2026-05-23T18:02:00.344252Z","2026-05-23T18:02:03.872999Z",1779559320.34425,1779559323.873,0.000415,0.000494,0.000528,3.50665,3.50681,3.506122,0.00016000000000016,3.4999,0.028847081756592
"2026-05-23T18:02:08.116Z","run_bootstrap",238,"http://client1:8000","run","http://client1:8000/run",1,TRUE,200,1107,247,3.93600702285767,"2026-05-23T18:02:04.175714Z","2026-05-23T18:02:08.111721Z",1779559324.17571,1779559328.11172,0.00071,0.000861,0.000903,3.915158,3.915306,3.914255,0.000148000000000259,3.9037,0.0323070228576658
"2026-05-23T18:02:08.116Z","run_bootstrap",238,"http://client2:8000","run","http://client2:8000/run",1,TRUE,200,1107,255,3.87145924568176,"2026-05-23T18:02:04.176211Z","2026-05-23T18:02:08.047670Z",1779559324.17621,1779559328.04767,0.000509,0.00059,0.000622,3.851378,3.851527,3.850756,0.000148999999999955,3.8434,0.0280592456817628
"2026-05-23T18:02:08.116Z","run_bootstrap",238,"http://client3:8000","run","http://client3:8000/run",1,TRUE,200,1107,252,3.44676399230957,"2026-05-23T18:02:04.175487Z","2026-05-23T18:02:07.622251Z",1779559324.17549,1779559327.62225,0.000692,0.000811,0.000848,3.427067,3.427218,3.426219,0.00015099999999979,3.4193,0.0274639923095705
"2026-05-23T18:02:12.038Z","run_bootstrap",239,"http://client1:8000","run","http://client1:8000/run",1,TRUE,200,1110,250,3.61788558959961,"2026-05-23T18:02:08.131034Z","2026-05-23T18:02:11.748920Z",1779559328.13103,1779559331.74892,0.000655,0.000765,0.000806,3.604279,3.604402,3.603473,0.000122999999999873,3.5917,0.0261855895996095
"2026-05-23T18:02:12.038Z","run_bootstrap",239,"http://client2:8000","run","http://client2:8000/run",1,TRUE,200,1110,253,3.78845119476318,"2026-05-23T18:02:08.132246Z","2026-05-23T18:02:11.920697Z",1779559328.13225,1779559331.9207,0.000566,0.000692,0.000736,3.771742,3.771894,3.771006,0.00015199999999993,3.7632,0.0252511947631837
"2026-05-23T18:02:12.038Z","run_bootstrap",239,"http://client3:8000","run","http://client3:8000/run",1,TRUE,200,1110,252,3.89882373809814,"2026-05-23T18:02:08.132637Z","2026-05-23T18:02:12.031461Z",1779559328.13264,1779559332.03146,0.000626,0.000735,0.000776,3.884357,3.884511,3.883581,0.000153999999999765,3.8759,0.0229237380981444
"2026-05-23T18:02:16.164Z","run_bootstrap",240,"http://client1:8000","run","http://client1:8000/run",1,TRUE,200,1110,250,3.87506818771362,"2026-05-23T18:02:12.056926Z","2026-05-23T18:02:15.931994Z",1779559332.05693,1779559335.93199,0.000795,0.000882,0.000908,3.853465,3.853595,3.852557,0.000129999999999963,3.6916,0.183468187713623
"2026-05-23T18:02:16.164Z","run_bootstrap",240,"http://client2:8000","run","http://client2:8000/run",1,TRUE,200,1110,253,4.10227465629578,"2026-05-23T18:02:12.057453Z","2026-05-23T18:02:16.159728Z",1779559332.05745,1779559336.15973,0.000797,0.000886,0.000918,4.080875,4.081034,4.079957,0.00015900000000002,3.9134,0.188874656295776
"2026-05-23T18:02:16.164Z","run_bootstrap",240,"http://client3:8000","run","http://client3:8000/run",1,TRUE,200,1110,252,3.66398406028748,"2026-05-23T18:02:12.057865Z","2026-05-23T18:02:15.721849Z",1779559332.05787,1779559335.72185,0.000792,0.000883,0.000915,3.642579,3.642721,3.641664,0.000141999999999864,3.4748,0.189184060287475
"2026-05-23T18:02:19.884Z","run_bootstrap",241,"http://client1:8000","run","http://client1:8000/run",1,TRUE,200,1110,251,3.49621820449829,"2026-05-23T18:02:16.176454Z","2026-05-23T18:02:19.672672Z",1779559336.17645,1779559339.67267,0.000716,0.000776,0.000805,3.479643,3.479779,3.478838,0.000136000000000358,3.4727,0.0235182044982909
"2026-05-23T18:02:19.884Z","run_bootstrap",241,"http://client2:8000","run","http://client2:8000/run",1,TRUE,200,1110,255,3.69073438644409,"2026-05-23T18:02:16.177078Z","2026-05-23T18:02:19.867813Z",1779559336.17708,1779559339.86781,0.000662,0.000759,0.00078,3.674834,3.674969,3.674054,0.000134999999999774,3.6679,0.0228343864440919
"2026-05-23T18:02:19.884Z","run_bootstrap",241,"http://client3:8000","run","http://client3:8000/run",1,TRUE,200,1110,251,3.70225739479065,"2026-05-23T18:02:16.177474Z","2026-05-23T18:02:19.879732Z",1779559336.17747,1779559339.87973,0.000733,0.000785,0.000815,3.686788,3.686899,3.685973,0.000110999999999972,3.6801,0.0221573947906495
"2026-05-23T18:02:23.548Z","run_bootstrap",242,"http://client1:8000","run","http://client1:8000/run",1,TRUE,200,1110,251,3.52967476844788,"2026-05-23T18:02:19.897261Z","2026-05-23T18:02:23.426936Z",1779559339.89726,1779559343.42694,0.000437,0.000509,0.00053,3.515619,3.515787,3.515089,0.000167999999999946,3.5085,0.0211747684478758
"2026-05-23T18:02:23.548Z","run_bootstrap",242,"http://client2:8000","run","http://client2:8000/run",1,TRUE,200,1110,254,3.64711022377014,"2026-05-23T18:02:19.896519Z","2026-05-23T18:02:23.543629Z",1779559339.89652,1779559343.54363,0.000549,0.000609,0.000628,3.632871,3.633013,3.632243,0.000141999999999864,3.626,0.0211102237701417
"2026-05-23T18:02:23.548Z","run_bootstrap",242,"http://client3:8000","run","http://client3:8000/run",1,TRUE,200,1110,250,3.56531739234924,"2026-05-23T18:02:19.897182Z","2026-05-23T18:02:23.462499Z",1779559339.89718,1779559343.4625,0.000622,0.000699,0.000729,3.551621,3.551793,3.550892,0.000172000000000061,3.543,0.022317392349243
"2026-05-23T18:02:27.135Z","run_bootstrap",243,"http://client1:8000","run","http://client1:8000/run",1,TRUE,200,1108,251,3.56841731071472,"2026-05-23T18:02:23.559059Z","2026-05-23T18:02:27.127476Z",1779559343.55906,1779559347.12748,0.000669,0.000777,0.000813,3.553046,3.553193,3.552233,0.000146999999999675,3.5454,0.0230173107147218
"2026-05-23T18:02:27.135Z","run_bootstrap",243,"http://client2:8000","run","http://client2:8000/run",1,TRUE,200,1108,253,3.57000303268433,"2026-05-23T18:02:23.560121Z","2026-05-23T18:02:27.130124Z",1779559343.56012,1779559347.13012,0.000672,0.000792,0.00083,3.554959,3.555086,3.554129,0.000126999999999988,3.5479,0.0221030326843263
"2026-05-23T18:02:27.135Z","run_bootstrap",243,"http://client3:8000","run","http://client3:8000/run",1,TRUE,200,1108,252,3.52465462684631,"2026-05-23T18:02:23.561507Z","2026-05-23T18:02:27.086162Z",1779559343.56151,1779559347.08616,0.000522,0.000611,0.000645,3.510241,3.510379,3.509596,0.000137999999999749,3.5032,0.0214546268463134
"2026-05-23T18:02:30.902Z","run_bootstrap",244,"http://client1:8000","run","http://client1:8000/run",1,TRUE,200,1108,251,3.39229035377502,"2026-05-23T18:02:27.149027Z","2026-05-23T18:02:30.541317Z",1779559347.14903,1779559350.54132,0.000701,0.000803,0.000839,3.37317,3.373222,3.372331,5.2000000000163e-05,3.3633,0.0289903537750242
"2026-05-23T18:02:30.902Z","run_bootstrap",244,"http://client2:8000","run","http://client2:8000/run",1,TRUE,200,1108,253,3.74694776535034,"2026-05-23T18:02:27.150908Z","2026-05-23T18:02:30.897856Z",1779559347.15091,1779559350.89786,0.000568,0.000676,0.000712,3.728649,3.728772,3.727937,0.000123000000000317,3.7215,0.025447765350342
"2026-05-23T18:02:30.902Z","run_bootstrap",244,"http://client3:8000","run","http://client3:8000/run",1,TRUE,200,1108,252,3.47200441360474,"2026-05-23T18:02:27.151682Z","2026-05-23T18:02:30.623687Z",1779559347.15168,1779559350.62369,0.000553,0.000656,0.000692,3.455097,3.455336,3.454405,0.0002390000000001,3.4482,0.0238044136047364
"2026-05-23T18:02:34.705Z","run_bootstrap",245,"http://client1:8000","run","http://client1:8000/run",1,TRUE,200,1110,249,3.54697680473328,"2026-05-23T18:02:30.916566Z","2026-05-23T18:02:34.463542Z",1779559350.91657,1779559354.46354,0.000695,0.000806,0.000841,3.532976,3.533174,3.532135,0.000197999999999698,3.524,0.0229768047332763
"2026-05-23T18:02:34.705Z","run_bootstrap",245,"http://client2:8000","run","http://client2:8000/run",1,TRUE,200,1110,255,3.78368496894836,"2026-05-23T18:02:30.917564Z","2026-05-23T18:02:34.701249Z",1779559350.91756,1779559354.70125,0.000622,0.000713,0.000737,3.771015,3.771146,3.770278,0.000131000000000103,3.7643,0.0193849689483643
"2026-05-23T18:02:34.705Z","run_bootstrap",245,"http://client3:8000","run","http://client3:8000/run",1,TRUE,200,1110,254,3.5207154750824,"2026-05-23T18:02:30.918761Z","2026-05-23T18:02:34.439476Z",1779559350.91876,1779559354.43948,0.000473,0.000549,0.000581,3.506878,3.506975,3.506297,9.70000000002358e-05,3.5002,0.0205154750823975
"2026-05-23T18:02:38.560Z","run_bootstrap",246,"http://client1:8000","run","http://client1:8000/run",1,TRUE,200,1110,250,3.82876014709473,"2026-05-23T18:02:34.724583Z","2026-05-23T18:02:38.553343Z",1779559354.72458,1779559358.55334,0.000651,0.000762,0.000798,3.812115,3.812255,3.811317,0.000140000000000029,3.8046,0.0241601470947264
"2026-05-23T18:02:38.560Z","run_bootstrap",246,"http://client2:8000","run","http://client2:8000/run",1,TRUE,200,1110,255,3.6573121547699,"2026-05-23T18:02:34.725277Z","2026-05-23T18:02:38.382590Z",1779559354.72528,1779559358.38259,0.00068,0.000793,0.000829,3.640725,3.640877,3.639896,0.00015199999999993,3.6324,0.0249121547698974
"2026-05-23T18:02:38.560Z","run_bootstrap",246,"http://client3:8000","run","http://client3:8000/run",1,TRUE,200,1110,254,3.52810716629028,"2026-05-23T18:02:34.725864Z","2026-05-23T18:02:38.253971Z",1779559354.72586,1779559358.25397,0.000526,0.000621,0.000655,3.510988,3.511131,3.510333,0.00014299999999956,3.5038,0.0243071662902832
