"timestamp","phase","round_id","client","endpoint","url","attempt","ok","status","request_bytes","response_bytes","elapsed_sec","request_start_ts_utc","request_end_ts_utc","request_start_epoch_sec","request_end_epoch_sec","curl_namelookup_sec","curl_connect_sec","curl_pretransfer_sec","curl_starttransfer_sec","curl_total_sec","curl_ttfb_sec","curl_response_transfer_sec","client_compute_sec","net_overhead_sec"
"2026-05-23T14:17:33.073Z","init",1,"http://client1:8000","init","http://client1:8000/init",1,TRUE,200,2713,387,0.368158340454102,"2026-05-23T14:17:32.648987Z","2026-05-23T14:17:33.017146Z",1779545852.64899,1779545853.01715,0.000611,0.000729,0.000771,0.353685,0.35373,0.352914,4.49999999999617e-05,NA,NA
"2026-05-23T14:17:33.073Z","init",1,"http://client2:8000","init","http://client2:8000/init",1,TRUE,200,2713,387,0.36636757850647,"2026-05-23T14:17:32.650188Z","2026-05-23T14:17:33.016556Z",1779545852.65019,1779545853.01656,0.000705,0.000838,0.000881,0.352706,0.352777,0.351825,7.09999999999877e-05,NA,NA
"2026-05-23T14:17:33.073Z","init",1,"http://client3:8000","init","http://client3:8000/init",1,TRUE,200,2713,387,0.36442232131958,"2026-05-23T14:17:32.652845Z","2026-05-23T14:17:33.017267Z",1779545852.65285,1779545853.01727,0.000549,0.000648,0.000687,0.351481,0.351517,0.350794,3.6000000000036e-05,NA,NA
"2026-05-23T14:17:39.031Z","run_bootstrap",1,"http://client1:8000","run","http://client1:8000/run",1,TRUE,200,1108,253,5.73831677436829,"2026-05-23T14:17:33.288501Z","2026-05-23T14:17:39.026817Z",1779545853.2885,1779545859.02682,0.000655,0.00076,0.000801,5.724748,5.724791,5.723947,4.29999999997932e-05,5.6634,0.0749167743682859
"2026-05-23T14:17:39.031Z","run_bootstrap",1,"http://client2:8000","run","http://client2:8000/run",1,TRUE,200,1108,255,5.55952167510986,"2026-05-23T14:17:33.290244Z","2026-05-23T14:17:38.849766Z",1779545853.29024,1779545858.84977,0.000746,0.000826,0.000862,5.546478,5.546528,5.545616,5.00000000007716e-05,5.4861,0.0734216751098629
"2026-05-23T14:17:39.031Z","run_bootstrap",1,"http://client3:8000","run","http://client3:8000/run",1,TRUE,200,1108,255,5.45203709602356,"2026-05-23T14:17:33.290933Z","2026-05-23T14:17:38.742970Z",1779545853.29093,1779545858.74297,0.000448,0.000512,0.000533,5.439513,5.439559,5.43898,4.60000000002125e-05,5.3792,0.0728370960235596
"2026-05-23T14:17:42.893Z","run_bootstrap",2,"http://client1:8000","run","http://client1:8000/run",1,TRUE,200,1108,253,3.80232691764832,"2026-05-23T14:17:39.086328Z","2026-05-23T14:17:42.888655Z",1779545859.08633,1779545862.88866,0.000773,0.000852,0.000872,3.787816,3.787876,3.786944,5.9999999999949e-05,3.6761,0.126226917648316
"2026-05-23T14:17:42.893Z","run_bootstrap",2,"http://client2:8000","run","http://client2:8000/run",1,TRUE,200,1108,255,3.60526084899902,"2026-05-23T14:17:39.087597Z","2026-05-23T14:17:42.692858Z",1779545859.0876,1779545862.69286,0.000468,0.000545,0.000579,3.591001,3.591044,3.590422,4.30000000002373e-05,3.4805,0.124760848999023
"2026-05-23T14:17:42.893Z","run_bootstrap",2,"http://client3:8000","run","http://client3:8000/run",1,TRUE,200,1108,255,3.37542200088501,"2026-05-23T14:17:39.086689Z","2026-05-23T14:17:42.462111Z",1779545859.08669,1779545862.46211,0.000631,0.000819,0.000861,3.361985,3.362018,3.361124,3.30000000001718e-05,3.2493,0.12612200088501
"2026-05-23T14:17:46.476Z","run_bootstrap",3,"http://client1:8000","run","http://client1:8000/run",1,TRUE,200,1110,263,3.56156468391418,"2026-05-23T14:17:42.907602Z","2026-05-23T14:17:46.469166Z",1779545862.9076,1779545866.46917,0.000685,0.000794,0.000833,3.547747,3.547791,3.546914,4.3999999999933e-05,3.5406,0.0209646839141846
"2026-05-23T14:17:46.476Z","run_bootstrap",3,"http://client2:8000","run","http://client2:8000/run",1,TRUE,200,1110,260,3.54770421981812,"2026-05-23T14:17:42.908897Z","2026-05-23T14:17:46.456601Z",1779545862.9089,1779545866.4566,0.000576,0.000674,0.000717,3.534517,3.53456,3.5338,4.29999999997932e-05,3.5277,0.0200042198181154
"2026-05-23T14:17:46.476Z","run_bootstrap",3,"http://client3:8000","run","http://client3:8000/run",1,TRUE,200,1110,261,3.54890751838684,"2026-05-23T14:17:42.909100Z","2026-05-23T14:17:46.458007Z",1779545862.9091,1779545866.45801,0.00055,0.000673,0.000715,3.535476,3.535519,3.534761,4.29999999997932e-05,3.5285,0.0204075183868406
"2026-05-23T14:17:50.089Z","run_bootstrap",4,"http://client1:8000","run","http://client1:8000/run",1,TRUE,200,1110,263,3.49100303649902,"2026-05-23T14:17:46.490952Z","2026-05-23T14:17:49.981955Z",1779545866.49095,1779545869.98196,0.000408,0.000515,0.000542,3.476958,3.477014,3.476416,5.5999999999834e-05,3.4699,0.0211030364990235
"2026-05-23T14:17:50.089Z","run_bootstrap",4,"http://client2:8000","run","http://client2:8000/run",1,TRUE,200,1110,260,3.59313774108887,"2026-05-23T14:17:46.491443Z","2026-05-23T14:17:50.084581Z",1779545866.49144,1779545870.08458,0.000579,0.000633,0.000651,3.576998,3.577038,3.576347,3.9999999999818e-05,3.5694,0.0237377410888673
"2026-05-23T14:17:50.089Z","run_bootstrap",4,"http://client3:8000","run","http://client3:8000/run",1,TRUE,200,1110,261,3.56935453414917,"2026-05-23T14:17:46.491807Z","2026-05-23T14:17:50.061162Z",1779545866.49181,1779545870.06116,0.000518,0.000572,0.000591,3.556819,3.556868,3.556228,4.90000000001878e-05,3.5488,0.02055453414917
"2026-05-23T14:17:53.706Z","run_bootstrap",5,"http://client1:8000","run","http://client1:8000/run",1,TRUE,200,1109,254,3.42165231704712,"2026-05-23T14:17:50.098652Z","2026-05-23T14:17:53.520305Z",1779545870.09865,1779545873.52031,0.000649,0.000887,0.000947,3.403965,3.403989,3.403018,2.4000000000246e-05,3.3965,0.0251523170471191
"2026-05-23T14:17:53.706Z","run_bootstrap",5,"http://client2:8000","run","http://client2:8000/run",1,TRUE,200,1109,254,3.59857368469238,"2026-05-23T14:17:50.100944Z","2026-05-23T14:17:53.699517Z",1779545870.10094,1779545873.69952,0.000702,0.000782,0.000817,3.578116,3.578149,3.577299,3.29999999997277e-05,3.5705,0.0280736846923828
"2026-05-23T14:17:53.706Z","run_bootstrap",5,"http://client3:8000","run","http://client3:8000/run",1,TRUE,200,1109,254,3.46945595741272,"2026-05-23T14:17:50.101454Z","2026-05-23T14:17:53.570910Z",1779545870.10145,1779545873.57091,0.000617,0.000712,0.000746,3.45001,3.45004,3.449264,3.00000000001965e-05,3.4428,0.0266559574127196
"2026-05-23T14:17:57.438Z","run_bootstrap",6,"http://client1:8000","run","http://client1:8000/run",1,TRUE,200,1109,254,3.70931363105774,"2026-05-23T14:17:53.721632Z","2026-05-23T14:17:57.430945Z",1779545873.72163,1779545877.43095,0.000522,0.000607,0.000638,3.690208,3.690248,3.68957,3.9999999999818e-05,3.6831,0.0262136310577392
"2026-05-23T14:17:57.438Z","run_bootstrap",6,"http://client2:8000","run","http://client2:8000/run",1,TRUE,200,1109,254,3.42861843109131,"2026-05-23T14:17:53.722201Z","2026-05-23T14:17:57.150820Z",1779545873.7222,1779545877.15082,0.000581,0.00067,0.000704,3.409201,3.409243,3.408497,4.20000000000975e-05,3.4026,0.0260184310913085
"2026-05-23T14:17:57.438Z","run_bootstrap",6,"http://client3:8000","run","http://client3:8000/run",1,TRUE,200,1109,254,3.49071860313416,"2026-05-23T14:17:53.721153Z","2026-05-23T14:17:57.211872Z",1779545873.72115,1779545877.21187,0.000697,0.000899,0.000945,3.47682,3.47685,3.475875,3.00000000001965e-05,3.4699,0.0208186031341553
"2026-05-23T14:18:01.167Z","run_bootstrap",7,"http://client1:8000","run","http://client1:8000/run",1,TRUE,200,1109,252,3.60870933532715,"2026-05-23T14:17:57.449525Z","2026-05-23T14:18:01.058234Z",1779545877.44953,1779545881.05823,0.000674,0.000777,0.000811,3.595185,3.595233,3.594374,4.8000000000048e-05,3.5871,0.0216093353271485
"2026-05-23T14:18:01.167Z","run_bootstrap",7,"http://client2:8000","run","http://client2:8000/run",1,TRUE,200,1109,253,3.71146655082703,"2026-05-23T14:17:57.451282Z","2026-05-23T14:18:01.162748Z",1779545877.45128,1779545881.16275,0.000626,0.000704,0.000737,3.698282,3.698322,3.697545,4.0000000000262e-05,3.6906,0.0208665508270265
"2026-05-23T14:18:01.167Z","run_bootstrap",7,"http://client3:8000","run","http://client3:8000/run",1,TRUE,200,1109,255,3.34323501586914,"2026-05-23T14:17:57.451725Z","2026-05-23T14:18:00.794960Z",1779545877.45173,1779545880.79496,0.000514,0.000597,0.000629,3.328282,3.328324,3.327653,4.19999999996534e-05,3.3218,0.0214350158691405
"2026-05-23T14:18:04.942Z","run_bootstrap",8,"http://client1:8000","run","http://client1:8000/run",1,TRUE,200,1109,252,3.60358738899231,"2026-05-23T14:18:01.179271Z","2026-05-23T14:18:04.782859Z",1779545881.17927,1779545884.78286,0.000506,6e-04,0.000634,3.582958,3.583003,3.582324,4.50000000000728e-05,3.5759,0.0276873889923097
"2026-05-23T14:18:04.942Z","run_bootstrap",8,"http://client2:8000","run","http://client2:8000/run",1,TRUE,200,1109,253,3.6374773979187,"2026-05-23T14:18:01.179901Z","2026-05-23T14:18:04.817378Z",1779545881.1799,1779545884.81738,0.000477,0.000562,0.000607,3.62059,3.620634,3.619983,4.3999999999933e-05,3.6128,0.0246773979187012
"2026-05-23T14:18:04.942Z","run_bootstrap",8,"http://client3:8000","run","http://client3:8000/run",1,TRUE,200,1109,255,3.75840377807617,"2026-05-23T14:18:01.179196Z","2026-05-23T14:18:04.937600Z",1779545881.1792,1779545884.9376,0.000666,0.000875,0.000928,3.745048,3.745099,3.74412,5.10000000000232e-05,3.7373,0.021103778076172
"2026-05-23T14:18:08.842Z","run_bootstrap",9,"http://client1:8000","run","http://client1:8000/run",1,TRUE,200,1107,252,3.88477921485901,"2026-05-23T14:18:04.953075Z","2026-05-23T14:18:08.837855Z",1779545884.95308,1779545888.83786,0.000606,0.000696,0.000726,3.871385,3.871426,3.870659,4.09999999999577e-05,3.8639,0.0208792148590087
"2026-05-23T14:18:08.842Z","run_bootstrap",9,"http://client2:8000","run","http://client2:8000/run",1,TRUE,200,1107,256,3.76361727714539,"2026-05-23T14:18:04.953809Z","2026-05-23T14:18:08.717427Z",1779545884.95381,1779545888.71743,0.000502,0.000573,0.000595,3.750904,3.75095,3.750309,4.60000000002125e-05,3.7436,0.0200172771453859
"2026-05-23T14:18:08.842Z","run_bootstrap",9,"http://client3:8000","run","http://client3:8000/run",1,TRUE,200,1107,254,3.85203504562378,"2026-05-23T14:18:04.953078Z","2026-05-23T14:18:08.805113Z",1779545884.95308,1779545888.80511,0.00054,0.000626,0.000674,3.839386,3.839438,3.838712,5.19999999997189e-05,3.8324,0.0196350456237795
"2026-05-23T14:18:12.928Z","run_bootstrap",10,"http://client1:8000","run","http://client1:8000/run",1,TRUE,200,1107,252,3.79611682891846,"2026-05-23T14:18:08.854114Z","2026-05-23T14:18:12.650231Z",1779545888.85411,1779545892.65023,0.000703,0.000807,0.000847,3.781358,3.781403,3.780511,4.50000000000728e-05,3.7735,0.0226168289184572
"2026-05-23T14:18:12.928Z","run_bootstrap",10,"http://client2:8000","run","http://client2:8000/run",1,TRUE,200,1107,256,4.06893348693848,"2026-05-23T14:18:08.854779Z","2026-05-23T14:18:12.923712Z",1779545888.85478,1779545892.92371,0.000481,0.000568,0.000601,4.049505,4.049553,4.048904,4.80000000004921e-05,4.0331,0.0358334869384764
"2026-05-23T14:18:12.928Z","run_bootstrap",10,"http://client3:8000","run","http://client3:8000/run",1,TRUE,200,1107,254,3.93917894363403,"2026-05-23T14:18:08.855317Z","2026-05-23T14:18:12.794496Z",1779545888.85532,1779545892.7945,0.000432,0.000508,0.000552,3.919716,3.919767,3.919164,5.09999999995792e-05,3.9027,0.0364789436340334
"2026-05-23T14:18:16.954Z","run_bootstrap",11,"http://client1:8000","run","http://client1:8000/run",1,TRUE,200,1107,252,3.7881817817688,"2026-05-23T14:18:12.942517Z","2026-05-23T14:18:16.730698Z",1779545892.94252,1779545896.7307,0.000657,0.00076,0.000793,3.773727,3.77377,3.772934,4.29999999997932e-05,3.7666,0.0215817817687989
"2026-05-23T14:18:16.954Z","run_bootstrap",11,"http://client2:8000","run","http://client2:8000/run",1,TRUE,200,1107,256,4.00614309310913,"2026-05-23T14:18:12.944090Z","2026-05-23T14:18:16.950233Z",1779545892.94409,1779545896.95023,0.00087,0.00098,0.001021,3.984343,3.984376,3.983322,3.30000000001718e-05,3.9772,0.028943093109131
"2026-05-23T14:18:16.954Z","run_bootstrap",11,"http://client3:8000","run","http://client3:8000/run",1,TRUE,200,1107,251,3.87326264381409,"2026-05-23T14:18:12.944311Z","2026-05-23T14:18:16.817573Z",1779545892.94431,1779545896.81757,0.000698,0.000809,0.000843,3.856865,3.856907,3.856022,4.20000000000975e-05,3.85,0.0232626438140868
"2026-05-23T14:18:20.863Z","run_bootstrap",12,"http://client1:8000","run","http://client1:8000/run",1,TRUE,200,1107,252,3.88117146492004,"2026-05-23T14:18:16.970010Z","2026-05-23T14:18:20.851181Z",1779545896.97001,1779545900.85118,0.000585,0.000702,0.000743,3.867374,3.86742,3.866631,4.60000000002125e-05,3.8598,0.021371464920044
"2026-05-23T14:18:20.863Z","run_bootstrap",12,"http://client2:8000","run","http://client2:8000/run",1,TRUE,200,1107,256,3.78666424751282,"2026-05-23T14:18:16.972003Z","2026-05-23T14:18:20.758667Z",1779545896.972,1779545900.75867,0.000582,0.000676,0.000714,3.772567,3.772609,3.771853,4.20000000000975e-05,3.7651,0.0215642475128175
"2026-05-23T14:18:20.863Z","run_bootstrap",12,"http://client3:8000","run","http://client3:8000/run",1,TRUE,200,1107,253,3.88503551483154,"2026-05-23T14:18:16.972389Z","2026-05-23T14:18:20.857425Z",1779545896.97239,1779545900.85743,0.000541,0.00062,0.000656,3.866984,3.867024,3.866328,3.9999999999818e-05,3.8604,0.0246355148315431
"2026-05-23T14:18:24.639Z","run_bootstrap",13,"http://client1:8000","run","http://client1:8000/run",1,TRUE,200,1109,251,3.57872700691223,"2026-05-23T14:18:20.874726Z","2026-05-23T14:18:24.453453Z",1779545900.87473,1779545904.45345,0.000819,0.000919,0.000954,3.56487,3.564919,3.563916,4.90000000001878e-05,3.5576,0.0211270069122316
"2026-05-23T14:18:24.639Z","run_bootstrap",13,"http://client2:8000","run","http://client2:8000/run",1,TRUE,200,1109,256,3.48187494277954,"2026-05-23T14:18:20.875177Z","2026-05-23T14:18:24.357052Z",1779545900.87518,1779545904.35705,0.000558,0.000633,0.000664,3.46785,3.467893,3.467186,4.30000000002373e-05,3.4611,0.020774942779541
"2026-05-23T14:18:24.639Z","run_bootstrap",13,"http://client3:8000","run","http://client3:8000/run",1,TRUE,200,1109,254,3.76039528846741,"2026-05-23T14:18:20.874585Z","2026-05-23T14:18:24.634981Z",1779545900.87459,1779545904.63498,0.000762,0.000887,0.000929,3.747269,3.747309,3.74634,3.9999999999818e-05,3.7393,0.0210952884674072
"2026-05-23T14:18:28.142Z","run_bootstrap",14,"http://client1:8000","run","http://client1:8000/run",1,TRUE,200,1109,251,3.46206665039062,"2026-05-23T14:18:24.651609Z","2026-05-23T14:18:28.113676Z",1779545904.65161,1779545908.11368,0.000485,0.000574,0.00061,3.441264,3.441308,3.440654,4.3999999999933e-05,3.4328,0.0292666503906251
"2026-05-23T14:18:28.142Z","run_bootstrap",14,"http://client2:8000","run","http://client2:8000/run",1,TRUE,200,1109,256,3.48461437225342,"2026-05-23T14:18:24.652111Z","2026-05-23T14:18:28.136725Z",1779545904.65211,1779545908.13673,0.000486,0.000574,0.000613,3.463991,3.464034,3.463378,4.29999999997932e-05,3.4564,0.0282143722534181
"2026-05-23T14:18:28.142Z","run_bootstrap",14,"http://client3:8000","run","http://client3:8000/run",1,TRUE,200,1109,254,3.46571445465088,"2026-05-23T14:18:24.652763Z","2026-05-23T14:18:28.118478Z",1779545904.65276,1779545908.11848,0.000644,0.00075,0.000784,3.449541,3.449583,3.448757,4.20000000000975e-05,3.4419,0.0238144546508789
"2026-05-23T14:18:31.742Z","run_bootstrap",15,"http://client1:8000","run","http://client1:8000/run",1,TRUE,200,1107,254,3.45322346687317,"2026-05-23T14:18:28.154101Z","2026-05-23T14:18:31.607324Z",1779545908.1541,1779545911.60732,0.000515,0.000592,0.000622,3.434538,3.434581,3.433916,4.30000000002373e-05,3.4275,0.0257234668731687
"2026-05-23T14:18:31.742Z","run_bootstrap",15,"http://client2:8000","run","http://client2:8000/run",1,TRUE,200,1107,256,3.35554838180542,"2026-05-23T14:18:28.154756Z","2026-05-23T14:18:31.510304Z",1779545908.15476,1779545911.5103,0.000435,0.000518,0.000541,3.34303,3.343072,3.342489,4.19999999996534e-05,3.3363,0.0192483818054199
"2026-05-23T14:18:31.742Z","run_bootstrap",15,"http://client3:8000","run","http://client3:8000/run",1,TRUE,200,1107,253,3.58311128616333,"2026-05-23T14:18:28.154159Z","2026-05-23T14:18:31.737270Z",1779545908.15416,1779545911.73727,0.000445,0.000518,0.00054,3.569985,3.570033,3.569445,4.8000000000048e-05,3.5635,0.0196112861633302
"2026-05-23T14:18:35.337Z","run_bootstrap",16,"http://client1:8000","run","http://client1:8000/run",1,TRUE,200,1107,254,3.37138795852661,"2026-05-23T14:18:31.753245Z","2026-05-23T14:18:35.124633Z",1779545911.75325,1779545915.12463,0.000768,0.000836,0.00086,3.351637,3.351673,3.350777,3.59999999997029e-05,3.3416,0.0297879585266112
"2026-05-23T14:18:35.337Z","run_bootstrap",16,"http://client2:8000","run","http://client2:8000/run",1,TRUE,200,1107,256,3.48797631263733,"2026-05-23T14:18:31.754468Z","2026-05-23T14:18:35.242444Z",1779545911.75447,1779545915.24244,0.000654,0.000761,0.000793,3.469411,3.46944,3.468618,2.90000000000568e-05,3.4626,0.025376312637329
"2026-05-23T14:18:35.337Z","run_bootstrap",16,"http://client3:8000","run","http://client3:8000/run",1,TRUE,200,1107,252,3.57671213150024,"2026-05-23T14:18:31.755344Z","2026-05-23T14:18:35.332056Z",1779545911.75534,1779545915.33206,0.000444,0.00052,0.000552,3.558619,3.558651,3.558067,3.19999999995879e-05,3.552,0.0247121315002441
"2026-05-23T14:18:38.988Z","run_bootstrap",17,"http://client1:8000","run","http://client1:8000/run",1,TRUE,200,1108,253,3.44495344161987,"2026-05-23T14:18:35.351139Z","2026-05-23T14:18:38.796092Z",1779545915.35114,1779545918.79609,0.000673,0.000803,0.000837,3.429896,3.429943,3.429059,4.70000000003523e-05,3.4224,0.0225534416198729
"2026-05-23T14:18:38.988Z","run_bootstrap",17,"http://client2:8000","run","http://client2:8000/run",1,TRUE,200,1108,253,3.49002003669739,"2026-05-23T14:18:35.353521Z","2026-05-23T14:18:38.843541Z",1779545915.35352,1779545918.84354,0.000485,0.000594,0.000631,3.471916,3.471957,3.471285,4.10000000004018e-05,3.4653,0.0247200366973876
"2026-05-23T14:18:38.988Z","run_bootstrap",17,"http://client3:8000","run","http://client3:8000/run",1,TRUE,200,1108,253,3.62881660461426,"2026-05-23T14:18:35.352431Z","2026-05-23T14:18:38.981248Z",1779545915.35243,1779545918.98125,0.000609,0.00072,0.000757,3.614448,3.614497,3.613691,4.90000000001878e-05,3.6074,0.0214166046142577
"2026-05-23T14:18:42.490Z","run_bootstrap",18,"http://client1:8000","run","http://client1:8000/run",1,TRUE,200,1108,253,3.46094560623169,"2026-05-23T14:18:39.001211Z","2026-05-23T14:18:42.462157Z",1779545919.00121,1779545922.46216,0.000606,0.000687,0.00071,3.446439,3.446477,3.445729,3.79999999999825e-05,3.4395,0.0214456062316897
"2026-05-23T14:18:42.490Z","run_bootstrap",18,"http://client2:8000","run","http://client2:8000/run",1,TRUE,200,1108,253,3.45245146751404,"2026-05-23T14:18:39.001905Z","2026-05-23T14:18:42.454356Z",1779545919.00191,1779545922.45436,0.000606,0.000685,0.000709,3.438655,3.438691,3.437946,3.6000000000147e-05,3.4316,0.0208514675140381
"2026-05-23T14:18:42.490Z","run_bootstrap",18,"http://client3:8000","run","http://client3:8000/run",1,TRUE,200,1108,253,3.48017191886902,"2026-05-23T14:18:39.002350Z","2026-05-23T14:18:42.482522Z",1779545919.00235,1779545922.48252,0.000579,0.000661,0.000696,3.46026,3.460311,3.459564,5.10000000000232e-05,3.4533,0.0268719188690185
"2026-05-23T14:18:45.977Z","run_bootstrap",19,"http://client1:8000","run","http://client1:8000/run",1,TRUE,200,1109,252,3.41398119926453,"2026-05-23T14:18:42.502712Z","2026-05-23T14:18:45.916693Z",1779545922.50271,1779545925.91669,0.000672,0.000777,0.000812,3.400306,3.400358,3.399494,5.2000000000163e-05,3.3931,0.0208811992645264
"2026-05-23T14:18:45.977Z","run_bootstrap",19,"http://client2:8000","run","http://client2:8000/run",1,TRUE,200,1109,257,3.35894203186035,"2026-05-23T14:18:42.503942Z","2026-05-23T14:18:45.862884Z",1779545922.50394,1779545925.86288,0.00036,0.000451,0.000477,3.345818,3.345854,3.345341,3.6000000000147e-05,3.3395,0.0194420318603514
"2026-05-23T14:18:45.977Z","run_bootstrap",19,"http://client3:8000","run","http://client3:8000/run",1,TRUE,200,1109,254,3.46892857551575,"2026-05-23T14:18:42.504270Z","2026-05-23T14:18:45.973198Z",1779545922.50427,1779545925.9732,0.000596,0.000656,0.000676,3.456393,3.456426,3.455717,3.30000000001718e-05,3.4497,0.0192285755157471
"2026-05-23T14:18:49.845Z","run_bootstrap",20,"http://client1:8000","run","http://client1:8000/run",1,TRUE,200,1109,250,3.62093257904053,"2026-05-23T14:18:45.989484Z","2026-05-23T14:18:49.610416Z",1779545925.98948,1779545929.61042,0.000584,0.000669,0.000709,3.605784,3.605815,3.605075,3.10000000003363e-05,3.44,0.180932579040527
"2026-05-23T14:18:49.845Z","run_bootstrap",20,"http://client2:8000","run","http://client2:8000/run",1,TRUE,200,1109,257,3.57833909988403,"2026-05-23T14:18:45.989874Z","2026-05-23T14:18:49.568213Z",1779545925.98987,1779545929.56821,0.000661,0.000722,0.000748,3.559592,3.559631,3.558844,3.90000000001223e-05,3.4018,0.176539099884033
"2026-05-23T14:18:49.845Z","run_bootstrap",20,"http://client3:8000","run","http://client3:8000/run",1,TRUE,200,1109,254,3.85168075561523,"2026-05-23T14:18:45.989325Z","2026-05-23T14:18:49.841006Z",1779545925.98933,1779545929.84101,0.000602,0.000705,0.00075,3.839036,3.839071,3.838286,3.50000000000072e-05,3.6941,0.157580755615234
"2026-05-23T14:18:53.483Z","run_bootstrap",21,"http://client1:8000","run","http://client1:8000/run",1,TRUE,200,1108,253,3.42448472976685,"2026-05-23T14:18:49.855064Z","2026-05-23T14:18:53.279549Z",1779545929.85506,1779545933.27955,0.000667,0.000771,0.000809,3.411646,3.411689,3.410837,4.29999999997932e-05,3.4049,0.0195847297668457
"2026-05-23T14:18:53.483Z","run_bootstrap",21,"http://client2:8000","run","http://client2:8000/run",1,TRUE,200,1108,252,3.49926996231079,"2026-05-23T14:18:49.856799Z","2026-05-23T14:18:53.356069Z",1779545929.8568,1779545933.35607,0.000549,0.000628,0.00065,3.487933,3.487965,3.487283,3.2000000000032e-05,3.4817,0.017569962310791
"2026-05-23T14:18:53.483Z","run_bootstrap",21,"http://client3:8000","run","http://client3:8000/run",1,TRUE,200,1108,253,3.62289500236511,"2026-05-23T14:18:49.856050Z","2026-05-23T14:18:53.478945Z",1779545929.85605,1779545933.47895,0.000537,0.000663,0.000703,3.610803,3.610834,3.6101,3.09999999998922e-05,3.6043,0.0185950023651125
"2026-05-23T14:18:57.016Z","run_bootstrap",22,"http://client1:8000","run","http://client1:8000/run",1,TRUE,200,1108,253,3.24333882331848,"2026-05-23T14:18:53.498895Z","2026-05-23T14:18:56.742234Z",1779545933.4989,1779545936.74223,0.000658,0.000767,0.000802,3.228093,3.228138,3.227291,4.50000000000728e-05,3.2162,0.0271388233184813
"2026-05-23T14:18:57.016Z","run_bootstrap",22,"http://client2:8000","run","http://client2:8000/run",1,TRUE,200,1108,252,3.47442483901978,"2026-05-23T14:18:53.502277Z","2026-05-23T14:18:56.976701Z",1779545933.50228,1779545936.9767,0.000575,0.000676,0.000716,3.459562,3.459605,3.458846,4.29999999997932e-05,3.4526,0.0218248390197755
"2026-05-23T14:18:57.016Z","run_bootstrap",22,"http://client3:8000","run","http://client3:8000/run",1,TRUE,200,1108,253,3.50924587249756,"2026-05-23T14:18:53.502623Z","2026-05-23T14:18:57.011869Z",1779545933.50262,1779545937.01187,0.000558,0.000645,0.000677,3.493717,3.493758,3.49304,4.09999999999577e-05,3.4869,0.0223458724975587
"2026-05-23T14:19:00.582Z","run_bootstrap",23,"http://client1:8000","run","http://client1:8000/run",1,TRUE,200,1109,253,3.35403513908386,"2026-05-23T14:18:57.029059Z","2026-05-23T14:19:00.383094Z",1779545937.02906,1779545940.38309,0.000604,0.000681,0.000721,3.340431,3.340586,3.33971,0.000154999999999905,3.3323,0.0217351390838623
"2026-05-23T14:19:00.582Z","run_bootstrap",23,"http://client2:8000","run","http://client2:8000/run",1,TRUE,200,1109,255,3.54882192611694,"2026-05-23T14:18:57.028726Z","2026-05-23T14:19:00.577548Z",1779545937.02873,1779545940.57755,0.000805,0.000895,0.000941,3.535784,3.535911,3.534843,0.000126999999999988,3.5288,0.0200219261169434
"2026-05-23T14:19:00.582Z","run_bootstrap",23,"http://client3:8000","run","http://client3:8000/run",1,TRUE,200,1109,253,3.45108771324158,"2026-05-23T14:18:57.030245Z","2026-05-23T14:19:00.481333Z",1779545937.03025,1779545940.48133,0.000659,0.000773,0.000822,3.438801,3.438955,3.437979,0.000153999999999765,3.4309,0.0201877132415773
"2026-05-23T14:19:04.372Z","run_bootstrap",24,"http://client1:8000","run","http://client1:8000/run",1,TRUE,200,1109,253,3.77362990379333,"2026-05-23T14:19:00.594221Z","2026-05-23T14:19:04.367851Z",1779545940.59422,1779545944.36785,0.000445,0.000529,0.000552,3.757008,3.757041,3.756456,3.30000000001718e-05,3.7501,0.0235299037933347
"2026-05-23T14:19:04.372Z","run_bootstrap",24,"http://client2:8000","run","http://client2:8000/run",1,TRUE,200,1109,255,3.44958186149597,"2026-05-23T14:19:00.594861Z","2026-05-23T14:19:04.044443Z",1779545940.59486,1779545944.04444,0.000385,0.00046,0.000489,3.430156,3.430427,3.429667,0.000270999999999688,3.4227,0.0268818614959718
"2026-05-23T14:19:04.372Z","run_bootstrap",24,"http://client3:8000","run","http://client3:8000/run",1,TRUE,200,1109,253,3.4614589214325,"2026-05-23T14:19:00.595278Z","2026-05-23T14:19:04.056737Z",1779545940.59528,1779545944.05674,0.000484,0.000537,0.000556,3.445729,3.445763,3.445173,3.39999999998675e-05,3.4391,0.0223589214324953
"2026-05-23T14:19:08.008Z","run_bootstrap",25,"http://client1:8000","run","http://client1:8000/run",1,TRUE,200,1109,254,3.48709869384766,"2026-05-23T14:19:04.383813Z","2026-05-23T14:19:07.870912Z",1779545944.38381,1779545947.87091,0.000567,0.000639,0.00068,3.465776,3.465825,3.465096,4.90000000001878e-05,3.4588,0.0282986938476562
"2026-05-23T14:19:08.008Z","run_bootstrap",25,"http://client2:8000","run","http://client2:8000/run",1,TRUE,200,1109,255,3.44456577301025,"2026-05-23T14:19:04.384679Z","2026-05-23T14:19:07.829245Z",1779545944.38468,1779545947.82925,0.000525,0.00063,0.000665,3.424131,3.424174,3.423466,4.29999999997932e-05,3.4173,0.0272657730102539
"2026-05-23T14:19:08.008Z","run_bootstrap",25,"http://client3:8000","run","http://client3:8000/run",1,TRUE,200,1109,251,3.61831378936768,"2026-05-23T14:19:04.385231Z","2026-05-23T14:19:08.003545Z",1779545944.38523,1779545948.00355,0.000587,0.000652,0.000687,3.599154,3.599194,3.598467,3.9999999999818e-05,3.5921,0.0262137893676759
"2026-05-23T14:19:11.641Z","run_bootstrap",26,"http://client1:8000","run","http://client1:8000/run",1,TRUE,200,1109,253,3.61809992790222,"2026-05-23T14:19:08.018713Z","2026-05-23T14:19:11.636813Z",1779545948.01871,1779545951.63681,0.000592,7e-04,0.000735,3.605348,3.605388,3.604613,3.9999999999818e-05,3.596,0.0220999279022216
"2026-05-23T14:19:11.641Z","run_bootstrap",26,"http://client2:8000","run","http://client2:8000/run",1,TRUE,200,1109,255,3.50989294052124,"2026-05-23T14:19:08.020741Z","2026-05-23T14:19:11.530634Z",1779545948.02074,1779545951.53063,0.000525,0.000561,0.000574,3.492664,3.492712,3.49209,4.8000000000048e-05,3.4839,0.02599294052124
"2026-05-23T14:19:11.641Z","run_bootstrap",26,"http://client3:8000","run","http://client3:8000/run",1,TRUE,200,1109,251,3.57703757286072,"2026-05-23T14:19:08.021140Z","2026-05-23T14:19:11.598177Z",1779545948.02114,1779545951.59818,0.000407,0.000485,0.000509,3.560949,3.560982,3.56044,3.30000000001718e-05,3.5524,0.0246375728607178
"2026-05-23T14:19:15.404Z","run_bootstrap",27,"http://client1:8000","run","http://client1:8000/run",1,TRUE,200,1109,254,3.747718334198,"2026-05-23T14:19:11.651934Z","2026-05-23T14:19:15.399652Z",1779545951.65193,1779545955.39965,0.000504,0.000578,0.00061,3.721938,3.721968,3.721328,2.99999999997524e-05,3.7151,0.032618334197998
"2026-05-23T14:19:15.404Z","run_bootstrap",27,"http://client2:8000","run","http://client2:8000/run",1,TRUE,200,1109,254,3.5506489276886,"2026-05-23T14:19:11.652419Z","2026-05-23T14:19:15.203068Z",1779545951.65242,1779545955.20307,0.000462,0.000543,0.000567,3.528372,3.528404,3.527805,3.2000000000032e-05,3.5215,0.0291489276885986
"2026-05-23T14:19:15.404Z","run_bootstrap",27,"http://client3:8000","run","http://client3:8000/run",1,TRUE,200,1109,254,3.28128147125244,"2026-05-23T14:19:11.652948Z","2026-05-23T14:19:14.934230Z",1779545951.65295,1779545954.93423,0.000497,0.000579,0.00061,3.257305,3.257341,3.256695,3.59999999997029e-05,3.2489,0.0323814712524415
"2026-05-23T14:19:19.021Z","run_bootstrap",28,"http://client1:8000","run","http://client1:8000/run",1,TRUE,200,1109,254,3.5828104019165,"2026-05-23T14:19:15.420914Z","2026-05-23T14:19:19.003724Z",1779545955.42091,1779545959.00372,0.000496,0.000576,0.00061,3.569146,3.569185,3.568536,3.90000000001223e-05,3.5612,0.021610401916504
"2026-05-23T14:19:19.021Z","run_bootstrap",28,"http://client2:8000","run","http://client2:8000/run",1,TRUE,200,1109,254,3.59232687950134,"2026-05-23T14:19:15.422617Z","2026-05-23T14:19:19.014944Z",1779545955.42262,1779545959.01494,0.000572,0.000646,0.000677,3.578322,3.578365,3.577645,4.29999999997932e-05,3.5714,0.0209268795013426
"2026-05-23T14:19:19.021Z","run_bootstrap",28,"http://client3:8000","run","http://client3:8000/run",1,TRUE,200,1109,254,3.58164620399475,"2026-05-23T14:19:15.421628Z","2026-05-23T14:19:19.003274Z",1779545955.42163,1779545959.00327,0.000671,0.00073,0.000749,3.569037,3.569075,3.568288,3.80000000004266e-05,3.5608,0.020846203994751
"2026-05-23T14:19:22.806Z","run_bootstrap",29,"http://client1:8000","run","http://client1:8000/run",1,TRUE,200,1108,254,3.48178935050964,"2026-05-23T14:19:19.032341Z","2026-05-23T14:19:22.514130Z",1779545959.03234,1779545962.51413,0.000479,0.000603,0.00064,3.468041,3.468082,3.467401,4.09999999999577e-05,3.4607,0.0210893505096434
"2026-05-23T14:19:22.806Z","run_bootstrap",29,"http://client2:8000","run","http://client2:8000/run",1,TRUE,200,1108,255,3.76801300048828,"2026-05-23T14:19:19.033815Z","2026-05-23T14:19:22.801828Z",1779545959.03382,1779545962.80183,0.000597,0.000686,0.000718,3.75139,3.751433,3.750672,4.30000000002373e-05,3.7436,0.0244130004882814
"2026-05-23T14:19:22.806Z","run_bootstrap",29,"http://client3:8000","run","http://client3:8000/run",1,TRUE,200,1108,253,3.46464824676514,"2026-05-23T14:19:19.034306Z","2026-05-23T14:19:22.498954Z",1779545959.03431,1779545962.49895,0.000434,0.000506,0.000537,3.448212,3.448276,3.447675,6.4000000000064e-05,3.4406,0.0240482467651368
"2026-05-23T14:19:26.475Z","run_bootstrap",30,"http://client1:8000","run","http://client1:8000/run",1,TRUE,200,1108,254,3.54660534858704,"2026-05-23T14:19:22.818518Z","2026-05-23T14:19:26.365123Z",1779545962.81852,1779545966.36512,0.000676,0.000762,0.000797,3.532971,3.533012,3.532174,4.09999999999577e-05,3.5259,0.0207053485870361
"2026-05-23T14:19:26.475Z","run_bootstrap",30,"http://client2:8000","run","http://client2:8000/run",1,TRUE,200,1108,255,3.65171146392822,"2026-05-23T14:19:22.819334Z","2026-05-23T14:19:26.471045Z",1779545962.81933,1779545966.47105,0.000491,0.000566,0.000617,3.634885,3.634925,3.634268,3.9999999999818e-05,3.6279,0.0238114639282228
"2026-05-23T14:19:26.475Z","run_bootstrap",30,"http://client3:8000","run","http://client3:8000/run",1,TRUE,200,1108,252,3.58787369728088,"2026-05-23T14:19:22.819617Z","2026-05-23T14:19:26.407491Z",1779545962.81962,1779545966.40749,0.000466,0.00055,0.000581,3.574117,3.574158,3.573536,4.09999999999577e-05,3.567,0.0208736972808836
"2026-05-23T14:19:30.272Z","run_bootstrap",31,"http://client1:8000","run","http://client1:8000/run",1,TRUE,200,1108,253,3.47423243522644,"2026-05-23T14:19:26.486783Z","2026-05-23T14:19:29.961015Z",1779545966.48678,1779545969.96102,0.000592,0.000671,0.000703,3.459542,3.459588,3.458839,4.60000000002125e-05,3.452,0.0222324352264405
"2026-05-23T14:19:30.272Z","run_bootstrap",31,"http://client2:8000","run","http://client2:8000/run",1,TRUE,200,1108,256,3.77771258354187,"2026-05-23T14:19:26.487553Z","2026-05-23T14:19:30.265265Z",1779545966.48755,1779545970.26527,0.000496,0.00057,0.000601,3.762784,3.762826,3.762183,4.20000000000975e-05,3.7559,0.0218125835418701
"2026-05-23T14:19:30.272Z","run_bootstrap",31,"http://client3:8000","run","http://client3:8000/run",1,TRUE,200,1108,250,3.51772904396057,"2026-05-23T14:19:26.487181Z","2026-05-23T14:19:30.004910Z",1779545966.48718,1779545970.00491,0.000821,0.000903,0.000925,3.504712,3.504742,3.503787,2.99999999997524e-05,3.4974,0.0203290439605714
"2026-05-23T14:19:33.941Z","run_bootstrap",32,"http://client1:8000","run","http://client1:8000/run",1,TRUE,200,1108,254,3.48668241500854,"2026-05-23T14:19:30.284050Z","2026-05-23T14:19:33.770733Z",1779545970.28405,1779545973.77073,0.000482,0.000564,0.000598,3.467003,3.467045,3.466405,4.20000000000975e-05,3.4598,0.0268824150085449
"2026-05-23T14:19:33.941Z","run_bootstrap",32,"http://client2:8000","run","http://client2:8000/run",1,TRUE,200,1108,256,3.64698505401611,"2026-05-23T14:19:30.284570Z","2026-05-23T14:19:33.931555Z",1779545970.28457,1779545973.93156,0.000459,0.000549,0.000583,3.628139,3.628189,3.627556,4.99999999998835e-05,3.6211,0.0258850540161131
"2026-05-23T14:19:33.941Z","run_bootstrap",32,"http://client3:8000","run","http://client3:8000/run",1,TRUE,200,1108,250,3.60635209083557,"2026-05-23T14:19:30.283883Z","2026-05-23T14:19:33.890235Z",1779545970.28388,1779545973.89024,0.000785,0.00087,0.000892,3.593051,3.593094,3.592159,4.29999999997932e-05,3.5853,0.0210520908355711
"2026-05-23T14:19:37.786Z","run_bootstrap",33,"http://client1:8000","run","http://client1:8000/run",1,TRUE,200,1108,253,3.45012927055359,"2026-05-23T14:19:33.954884Z","2026-05-23T14:19:37.405014Z",1779545973.95488,1779545977.40501,0.000827,0.000902,0.000922,3.435028,3.43507,3.434106,4.20000000000975e-05,3.4238,0.0263292705535889
"2026-05-23T14:19:37.786Z","run_bootstrap",33,"http://client2:8000","run","http://client2:8000/run",1,TRUE,200,1108,253,3.55143046379089,"2026-05-23T14:19:33.956082Z","2026-05-23T14:19:37.507512Z",1779545973.95608,1779545977.50751,0.00068,0.000734,0.000752,3.537866,3.537903,3.537114,3.69999999998427e-05,3.5309,0.0205304637908936
"2026-05-23T14:19:37.786Z","run_bootstrap",33,"http://client3:8000","run","http://client3:8000/run",1,TRUE,200,1108,254,3.82295250892639,"2026-05-23T14:19:33.955952Z","2026-05-23T14:19:37.778904Z",1779545973.95595,1779545977.7789,0.000616,0.000697,0.000732,3.808541,3.80859,3.807809,4.90000000001878e-05,3.8015,0.0214525089263917
"2026-05-23T14:19:41.619Z","run_bootstrap",34,"http://client1:8000","run","http://client1:8000/run",1,TRUE,200,1108,253,3.43336749076843,"2026-05-23T14:19:37.806150Z","2026-05-23T14:19:41.239517Z",1779545977.80615,1779545981.23952,0.000384,0.000461,0.000493,3.411619,3.411669,3.411126,4.99999999998835e-05,3.3999,0.0334674907684325
"2026-05-23T14:19:41.619Z","run_bootstrap",34,"http://client2:8000","run","http://client2:8000/run",1,TRUE,200,1108,253,3.80686259269714,"2026-05-23T14:19:37.806717Z","2026-05-23T14:19:41.613580Z",1779545977.80672,1779545981.61358,0.000415,0.000482,0.000514,3.785904,3.785948,3.78539,4.3999999999933e-05,3.7791,0.0277625926971434
"2026-05-23T14:19:41.619Z","run_bootstrap",34,"http://client3:8000","run","http://client3:8000/run",1,TRUE,200,1108,254,3.74170565605164,"2026-05-23T14:19:37.807064Z","2026-05-23T14:19:41.548769Z",1779545977.80706,1779545981.54877,0.000654,0.000757,0.000794,3.726329,3.726372,3.725535,4.30000000002373e-05,3.7195,0.0222056560516357
"2026-05-23T14:19:45.523Z","run_bootstrap",35,"http://client1:8000","run","http://client1:8000/run",1,TRUE,200,1108,254,3.69917273521423,"2026-05-23T14:19:41.630056Z","2026-05-23T14:19:45.329229Z",1779545981.63006,1779545985.32923,0.000612,0.000719,0.000935,3.686168,3.686203,3.685233,3.50000000000072e-05,3.6774,0.0217727352142334
"2026-05-23T14:19:45.523Z","run_bootstrap",35,"http://client2:8000","run","http://client2:8000/run",1,TRUE,200,1108,254,3.88755369186401,"2026-05-23T14:19:41.631937Z","2026-05-23T14:19:45.519491Z",1779545981.63194,1779545985.51949,0.000533,0.000614,0.000648,3.871184,3.871224,3.870536,4.0000000000262e-05,3.8641,0.0234536918640136
"2026-05-23T14:19:45.523Z","run_bootstrap",35,"http://client3:8000","run","http://client3:8000/run",1,TRUE,200,1108,250,3.57740902900696,"2026-05-23T14:19:41.632167Z","2026-05-23T14:19:45.209576Z",1779545981.63217,1779545985.20958,0.000766,0.000868,0.000903,3.561788,3.56183,3.560885,4.20000000000975e-05,3.5544,0.0230090290069582
"2026-05-23T14:19:49.385Z","run_bootstrap",36,"http://client1:8000","run","http://client1:8000/run",1,TRUE,200,1108,254,3.84201502799988,"2026-05-23T14:19:45.535812Z","2026-05-23T14:19:49.377827Z",1779545985.53581,1779545989.37783,0.000539,0.000613,0.000644,3.825436,3.825487,3.824792,5.10000000000232e-05,3.8183,0.0237150279998781
"2026-05-23T14:19:49.385Z","run_bootstrap",36,"http://client2:8000","run","http://client2:8000/run",1,TRUE,200,1108,253,3.74188995361328,"2026-05-23T14:19:45.536535Z","2026-05-23T14:19:49.278425Z",1779545985.53654,1779545989.27843,0.000622,0.000707,0.000727,3.729928,3.729963,3.729201,3.50000000000072e-05,3.723,0.0188899536132814
"2026-05-23T14:19:49.385Z","run_bootstrap",36,"http://client3:8000","run","http://client3:8000/run",1,TRUE,200,1108,250,3.60488319396973,"2026-05-23T14:19:45.535717Z","2026-05-23T14:19:49.140600Z",1779545985.53572,1779545989.1406,0.00054,0.000643,0.000692,3.59138,3.591427,3.590688,4.69999999999082e-05,3.5843,0.0205831939697267
"2026-05-23T14:19:53.328Z","run_bootstrap",37,"http://client1:8000","run","http://client1:8000/run",1,TRUE,200,1108,255,3.92966985702515,"2026-05-23T14:19:49.394367Z","2026-05-23T14:19:53.324037Z",1779545989.39437,1779545993.32404,0.000637,0.000747,0.000782,3.917076,3.917114,3.916294,3.80000000004266e-05,3.9097,0.0199698570251465
"2026-05-23T14:19:53.328Z","run_bootstrap",37,"http://client2:8000","run","http://client2:8000/run",1,TRUE,200,1108,252,3.62760782241821,"2026-05-23T14:19:49.396056Z","2026-05-23T14:19:53.023664Z",1779545989.39606,1779545993.02366,6e-04,0.000672,0.000702,3.608173,3.608216,3.607471,4.30000000002373e-05,3.6011,0.0265078224182127
"2026-05-23T14:19:53.328Z","run_bootstrap",37,"http://client3:8000","run","http://client3:8000/run",1,TRUE,200,1108,251,3.72917699813843,"2026-05-23T14:19:49.395826Z","2026-05-23T14:19:53.125003Z",1779545989.39583,1779545993.125,0.000532,0.00064,0.000677,3.716181,3.716228,3.715504,4.69999999999082e-05,3.709,0.0201769981384277
"2026-05-23T14:19:57.235Z","run_bootstrap",38,"http://client1:8000","run","http://client1:8000/run",1,TRUE,200,1108,255,3.60847687721252,"2026-05-23T14:19:53.340240Z","2026-05-23T14:19:56.948716Z",1779545993.34024,1779545996.94872,0.00069,0.000793,0.00083,3.588239,3.588281,3.587409,4.19999999996534e-05,3.5806,0.0278768772125244
"2026-05-23T14:19:57.235Z","run_bootstrap",38,"http://client2:8000","run","http://client2:8000/run",1,TRUE,200,1108,252,3.59628701210022,"2026-05-23T14:19:53.340914Z","2026-05-23T14:19:56.937201Z",1779545993.34091,1779545996.9372,0.000715,0.000787,0.000825,3.57668,3.576724,3.575855,4.3999999999933e-05,3.5689,0.0273870121002195
"2026-05-23T14:19:57.235Z","run_bootstrap",38,"http://client3:8000","run","http://client3:8000/run",1,TRUE,200,1108,252,3.88733172416687,"2026-05-23T14:19:53.341509Z","2026-05-23T14:19:57.228841Z",1779545993.34151,1779545997.22884,0.000659,0.000768,0.000803,3.863362,3.863404,3.862559,4.20000000000975e-05,3.8558,0.0315317241668702
"2026-05-23T14:20:00.934Z","run_bootstrap",39,"http://client1:8000","run","http://client1:8000/run",1,TRUE,200,1109,255,3.60237121582031,"2026-05-23T14:19:57.251270Z","2026-05-23T14:20:00.853641Z",1779545997.25127,1779546000.85364,0.000598,0.000652,0.000671,3.589044,3.589085,3.588373,4.09999999999577e-05,3.5802,0.0221712158203125
"2026-05-23T14:20:00.934Z","run_bootstrap",39,"http://client2:8000","run","http://client2:8000/run",1,TRUE,200,1109,252,3.67724704742432,"2026-05-23T14:19:57.252315Z","2026-05-23T14:20:00.929562Z",1779545997.25232,1779546000.92956,0.000594,0.000683,0.000718,3.65985,3.659897,3.659132,4.69999999999082e-05,3.6518,0.0254470474243162
"2026-05-23T14:20:00.934Z","run_bootstrap",39,"http://client3:8000","run","http://client3:8000/run",1,TRUE,200,1109,252,3.5644793510437,"2026-05-23T14:19:57.251817Z","2026-05-23T14:20:00.816297Z",1779545997.25182,1779546000.8163,0.000524,0.000608,0.000635,3.551183,3.551224,3.550548,4.09999999999577e-05,3.5428,0.021679351043701
"2026-05-23T14:20:04.951Z","run_bootstrap",40,"http://client1:8000","run","http://client1:8000/run",1,TRUE,200,1109,255,3.74015092849731,"2026-05-23T14:20:00.946943Z","2026-05-23T14:20:04.687094Z",1779546000.94694,1779546004.68709,0.000547,0.000659,0.000694,3.724126,3.724165,3.723432,3.90000000001223e-05,3.5827,0.157450928497314
"2026-05-23T14:20:04.951Z","run_bootstrap",40,"http://client2:8000","run","http://client2:8000/run",1,TRUE,200,1109,252,3.99980211257935,"2026-05-23T14:20:00.946799Z","2026-05-23T14:20:04.946602Z",1779546000.9468,1779546004.9466,0.000517,0.000604,0.00064,3.986295,3.986336,3.985655,4.09999999999577e-05,3.8467,0.153102112579346
"2026-05-23T14:20:04.951Z","run_bootstrap",40,"http://client3:8000","run","http://client3:8000/run",1,TRUE,200,1109,252,3.82925653457642,"2026-05-23T14:20:00.946815Z","2026-05-23T14:20:04.776071Z",1779546000.94682,1779546004.77607,0.000491,0.000601,0.000637,3.816023,3.816053,3.815386,3.00000000001965e-05,3.6677,0.161556534576416
"2026-05-23T14:20:08.636Z","run_bootstrap",41,"http://client1:8000","run","http://client1:8000/run",1,TRUE,200,1107,255,3.66953015327454,"2026-05-23T14:20:04.962529Z","2026-05-23T14:20:08.632059Z",1779546004.96253,1779546008.63206,0.000463,0.000555,0.000578,3.646967,3.647009,3.646389,4.20000000000975e-05,3.6397,0.0298301532745362
"2026-05-23T14:20:08.636Z","run_bootstrap",41,"http://client2:8000","run","http://client2:8000/run",1,TRUE,200,1107,256,3.43306708335876,"2026-05-23T14:20:04.963217Z","2026-05-23T14:20:08.396284Z",1779546004.96322,1779546008.39628,0.000767,0.00082,0.000841,3.412376,3.412409,3.411535,3.29999999997277e-05,3.4059,0.0271670833587647
"2026-05-23T14:20:08.636Z","run_bootstrap",41,"http://client3:8000","run","http://client3:8000/run",1,TRUE,200,1107,254,3.40399193763733,"2026-05-23T14:20:04.963817Z","2026-05-23T14:20:08.367809Z",1779546004.96382,1779546008.36781,0.000625,0.000684,0.000702,3.383444,3.383491,3.382742,4.69999999999082e-05,3.3768,0.0271919376373293
"2026-05-23T14:20:12.165Z","run_bootstrap",42,"http://client1:8000","run","http://client1:8000/run",1,TRUE,200,1107,255,3.51400661468506,"2026-05-23T14:20:08.647253Z","2026-05-23T14:20:12.161260Z",1779546008.64725,1779546012.16126,0.000663,0.000774,0.000943,3.501331,3.50137,3.500388,3.90000000001223e-05,3.4942,0.0198066146850584
"2026-05-23T14:20:12.165Z","run_bootstrap",42,"http://client2:8000","run","http://client2:8000/run",1,TRUE,200,1107,256,3.50655364990234,"2026-05-23T14:20:08.648052Z","2026-05-23T14:20:12.154606Z",1779546008.64805,1779546012.15461,0.00064,0.000731,0.000768,3.493302,3.493353,3.492534,5.10000000000232e-05,3.4865,0.0200536499023438
"2026-05-23T14:20:12.165Z","run_bootstrap",42,"http://client3:8000","run","http://client3:8000/run",1,TRUE,200,1107,254,3.42368578910828,"2026-05-23T14:20:08.649800Z","2026-05-23T14:20:12.073486Z",1779546008.6498,1779546012.07349,0.000544,0.000647,0.000689,3.409974,3.410024,3.409285,4.99999999998835e-05,3.4033,0.0203857891082762
"2026-05-23T14:20:15.888Z","run_bootstrap",43,"http://client1:8000","run","http://client1:8000/run",1,TRUE,200,1109,253,3.70758605003357,"2026-05-23T14:20:12.176216Z","2026-05-23T14:20:15.883802Z",1779546012.17622,1779546015.8838,0.000932,0.001056,0.001106,3.681202,3.68124,3.680096,3.79999999999825e-05,3.6637,0.0438860500335694
"2026-05-23T14:20:15.888Z","run_bootstrap",43,"http://client2:8000","run","http://client2:8000/run",1,TRUE,200,1109,256,3.43066835403442,"2026-05-23T14:20:12.176640Z","2026-05-23T14:20:15.607309Z",1779546012.17664,1779546015.60731,0.000608,0.000685,0.000715,3.405496,3.405524,3.404781,2.80000000003611e-05,3.3872,0.0434683540344238
"2026-05-23T14:20:15.888Z","run_bootstrap",43,"http://client3:8000","run","http://client3:8000/run",1,TRUE,200,1109,253,3.54578185081482,"2026-05-23T14:20:12.177051Z","2026-05-23T14:20:15.722833Z",1779546012.17705,1779546015.72283,0.00061,0.000698,0.000721,3.521233,3.521267,3.520512,3.39999999998675e-05,3.503,0.0427818508148192
"2026-05-23T14:20:19.577Z","run_bootstrap",44,"http://client1:8000","run","http://client1:8000/run",1,TRUE,200,1109,253,3.66876316070557,"2026-05-23T14:20:15.904274Z","2026-05-23T14:20:19.573037Z",1779546015.90427,1779546019.57304,0.000568,0.000645,0.000666,3.65441,3.654452,3.653744,4.20000000000975e-05,3.6472,0.0215631607055662
"2026-05-23T14:20:19.577Z","run_bootstrap",44,"http://client2:8000","run","http://client2:8000/run",1,TRUE,200,1109,256,3.65495228767395,"2026-05-23T14:20:15.904695Z","2026-05-23T14:20:19.559648Z",1779546015.9047,1779546019.55965,0.000512,0.000584,0.000616,3.640759,3.640801,3.640143,4.20000000000975e-05,3.6344,0.0205522876739503
"2026-05-23T14:20:19.577Z","run_bootstrap",44,"http://client3:8000","run","http://client3:8000/run",1,TRUE,200,1109,254,3.3681743144989,"2026-05-23T14:20:15.903607Z","2026-05-23T14:20:19.271781Z",1779546015.90361,1779546019.27178,0.000646,0.000711,0.000733,3.353142,3.353187,3.352409,4.50000000000728e-05,3.3464,0.0217743144989013
"2026-05-23T14:20:23.248Z","run_bootstrap",45,"http://client1:8000","run","http://client1:8000/run",1,TRUE,200,1109,253,3.59249448776245,"2026-05-23T14:20:19.588601Z","2026-05-23T14:20:23.181096Z",1779546019.5886,1779546023.1811,0.000761,0.00088,0.000919,3.579315,3.57935,3.578396,3.50000000000072e-05,3.572,0.0204944877624511
"2026-05-23T14:20:23.248Z","run_bootstrap",45,"http://client2:8000","run","http://client2:8000/run",1,TRUE,200,1109,254,3.23590660095215,"2026-05-23T14:20:19.590826Z","2026-05-23T14:20:22.826733Z",1779546019.59083,1779546022.82673,0.000548,0.000631,0.000653,3.219577,3.21962,3.218924,4.29999999997932e-05,3.2116,0.0243066009521486
"2026-05-23T14:20:23.248Z","run_bootstrap",45,"http://client3:8000","run","http://client3:8000/run",1,TRUE,200,1109,254,3.65187978744507,"2026-05-23T14:20:19.591171Z","2026-05-23T14:20:23.243051Z",1779546019.59117,1779546023.24305,0.000549,0.000631,0.000653,3.635892,3.635935,3.635239,4.29999999997932e-05,3.6292,0.0226797874450684
"2026-05-23T14:20:26.878Z","run_bootstrap",46,"http://client1:8000","run","http://client1:8000/run",1,TRUE,200,1109,254,3.61328268051147,"2026-05-23T14:20:23.260442Z","2026-05-23T14:20:26.873725Z",1779546023.26044,1779546026.87373,0.000751,0.00086,0.000905,3.599928,3.599975,3.599023,4.70000000003523e-05,3.5929,0.0203826805114744
"2026-05-23T14:20:26.878Z","run_bootstrap",46,"http://client2:8000","run","http://client2:8000/run",1,TRUE,200,1109,253,3.46271967887878,"2026-05-23T14:20:23.261708Z","2026-05-23T14:20:26.724428Z",1779546023.26171,1779546026.72443,0.000591,0.000701,0.000746,3.444963,3.445009,3.444217,4.60000000002125e-05,3.435,0.0277196788787841
"2026-05-23T14:20:26.878Z","run_bootstrap",46,"http://client3:8000","run","http://client3:8000/run",1,TRUE,200,1109,254,3.4945969581604,"2026-05-23T14:20:23.262200Z","2026-05-23T14:20:26.756797Z",1779546023.2622,1779546026.7568,0.000347,0.000436,0.000479,3.476901,3.476946,3.476422,4.50000000000728e-05,3.4703,0.0242969581604005
"2026-05-23T14:20:30.685Z","run_bootstrap",47,"http://client1:8000","run","http://client1:8000/run",1,TRUE,200,1108,255,3.63981652259827,"2026-05-23T14:20:26.889976Z","2026-05-23T14:20:30.529792Z",1779546026.88998,1779546030.52979,0.000504,0.000616,0.000651,3.622805,3.622849,3.622154,4.3999999999933e-05,3.6058,0.0340165225982667
"2026-05-23T14:20:30.685Z","run_bootstrap",47,"http://client2:8000","run","http://client2:8000/run",1,TRUE,200,1108,254,3.52130103111267,"2026-05-23T14:20:26.890740Z","2026-05-23T14:20:30.412041Z",1779546026.89074,1779546030.41204,0.00075,0.000858,0.000894,3.50576,3.505807,3.504866,4.69999999999082e-05,3.4975,0.0238010311126708
"2026-05-23T14:20:30.685Z","run_bootstrap",47,"http://client3:8000","run","http://client3:8000/run",1,TRUE,200,1108,253,3.79061818122864,"2026-05-23T14:20:26.890033Z","2026-05-23T14:20:30.680651Z",1779546026.89003,1779546030.68065,0.000609,0.000715,0.000753,3.777614,3.777657,3.776861,4.30000000002373e-05,3.7706,0.0200181812286377
"2026-05-23T14:20:34.504Z","run_bootstrap",48,"http://client1:8000","run","http://client1:8000/run",1,TRUE,200,1108,255,3.80039858818054,"2026-05-23T14:20:30.696887Z","2026-05-23T14:20:34.497285Z",1779546030.69689,1779546034.49729,0.000465,0.000576,0.000606,3.784321,3.784365,3.783715,4.40000000003771e-05,3.7776,0.0227985881805419
"2026-05-23T14:20:34.504Z","run_bootstrap",48,"http://client2:8000","run","http://client2:8000/run",1,TRUE,200,1108,254,3.60541701316833,"2026-05-23T14:20:30.696470Z","2026-05-23T14:20:34.301887Z",1779546030.69647,1779546034.30189,0.000637,0.000811,0.000853,3.59205,3.592092,3.591197,4.20000000000975e-05,3.5849,0.0205170131683348
"2026-05-23T14:20:34.504Z","run_bootstrap",48,"http://client3:8000","run","http://client3:8000/run",1,TRUE,200,1108,253,3.57960247993469,"2026-05-23T14:20:30.696858Z","2026-05-23T14:20:34.276461Z",1779546030.69686,1779546034.27646,0.000693,0.00079,0.000823,3.566577,3.566622,3.565754,4.50000000000728e-05,3.5585,0.0211024799346924
"2026-05-23T14:20:38.201Z","run_bootstrap",49,"http://client1:8000","run","http://client1:8000/run",1,TRUE,200,1108,255,3.66670727729797,"2026-05-23T14:20:34.528294Z","2026-05-23T14:20:38.195001Z",1779546034.52829,1779546038.195,0.000713,0.000764,0.000782,3.645617,3.645661,3.644835,4.3999999999933e-05,3.6384,0.0283072772979738
"2026-05-23T14:20:38.201Z","run_bootstrap",49,"http://client2:8000","run","http://client2:8000/run",1,TRUE,200,1108,253,3.66890954971313,"2026-05-23T14:20:34.528304Z","2026-05-23T14:20:38.197213Z",1779546034.5283,1779546038.19721,0.000664,0.00074,0.000762,3.647785,3.647833,3.647023,4.8000000000048e-05,3.641,0.0279095497131348
"2026-05-23T14:20:38.201Z","run_bootstrap",49,"http://client3:8000","run","http://client3:8000/run",1,TRUE,200,1108,254,3.61516618728638,"2026-05-23T14:20:34.528363Z","2026-05-23T14:20:38.143530Z",1779546034.52836,1779546038.14353,0.000674,0.000758,0.000789,3.594093,3.594129,3.593304,3.6000000000147e-05,3.5862,0.0289661872863771
"2026-05-23T14:20:42.039Z","run_bootstrap",50,"http://client1:8000","run","http://client1:8000/run",1,TRUE,200,1108,255,3.81562423706055,"2026-05-23T14:20:38.216511Z","2026-05-23T14:20:42.032135Z",1779546038.21651,1779546042.03214,0.000766,0.000889,0.000924,3.801609,3.801658,3.800685,4.90000000001878e-05,3.7928,0.0228242370605467
"2026-05-23T14:20:42.039Z","run_bootstrap",50,"http://client2:8000","run","http://client2:8000/run",1,TRUE,200,1108,253,3.53853034973145,"2026-05-23T14:20:38.218145Z","2026-05-23T14:20:41.756675Z",1779546038.21815,1779546041.75668,0.000459,0.000554,0.000588,3.523024,3.523079,3.522436,5.50000000001383e-05,3.516,0.0225303497314453
"2026-05-23T14:20:42.039Z","run_bootstrap",50,"http://client3:8000","run","http://client3:8000/run",1,TRUE,200,1108,254,3.49749493598938,"2026-05-23T14:20:38.218493Z","2026-05-23T14:20:41.715988Z",1779546038.21849,1779546041.71599,0.000443,0.000539,0.000577,3.482274,3.48232,3.481697,4.60000000002125e-05,3.4752,0.0222949359893798
"2026-05-23T14:20:45.811Z","run_bootstrap",51,"http://client1:8000","run","http://client1:8000/run",1,TRUE,200,1109,254,3.64891862869263,"2026-05-23T14:20:42.050697Z","2026-05-23T14:20:45.699616Z",1779546042.0507,1779546045.69962,0.00057,0.00066,0.000693,3.634639,3.634692,3.633946,5.29999999998587e-05,3.6256,0.023318628692627
"2026-05-23T14:20:45.811Z","run_bootstrap",51,"http://client2:8000","run","http://client2:8000/run",1,TRUE,200,1109,256,3.56923508644104,"2026-05-23T14:20:42.050654Z","2026-05-23T14:20:45.619889Z",1779546042.05065,1779546045.61989,0.000535,0.000642,0.000679,3.55494,3.554981,3.554261,4.09999999999577e-05,3.5463,0.02293508644104
"2026-05-23T14:20:45.811Z","run_bootstrap",51,"http://client3:8000","run","http://client3:8000/run",1,TRUE,200,1109,254,3.75306797027588,"2026-05-23T14:20:42.051914Z","2026-05-23T14:20:45.804982Z",1779546042.05191,1779546045.80498,0.000519,0.000625,0.000659,3.739817,3.739864,3.739158,4.69999999999082e-05,3.7304,0.022667970275879
"2026-05-23T14:20:49.484Z","run_bootstrap",52,"http://client1:8000","run","http://client1:8000/run",1,TRUE,200,1109,254,3.65699076652527,"2026-05-23T14:20:45.823540Z","2026-05-23T14:20:49.480530Z",1779546045.82354,1779546049.48053,0.000595,0.000712,0.000747,3.636893,3.636935,3.636146,4.19999999996534e-05,3.6286,0.0283907665252685
"2026-05-23T14:20:49.484Z","run_bootstrap",52,"http://client2:8000","run","http://client2:8000/run",1,TRUE,200,1109,256,3.50544166564941,"2026-05-23T14:20:45.823965Z","2026-05-23T14:20:49.329407Z",1779546045.82397,1779546049.32941,0.000636,0.000746,0.000781,3.486465,3.486516,3.485684,5.10000000000232e-05,3.4794,0.026041665649414
"2026-05-23T14:20:49.484Z","run_bootstrap",52,"http://client3:8000","run","http://client3:8000/run",1,TRUE,200,1109,254,3.6206157207489,"2026-05-23T14:20:45.823473Z","2026-05-23T14:20:49.444089Z",1779546045.82347,1779546049.44409,0.000624,0.000746,0.000783,3.607194,3.607237,3.606411,4.30000000002373e-05,3.6002,0.0204157207489013
"2026-05-23T14:20:53.342Z","run_bootstrap",53,"http://client1:8000","run","http://client1:8000/run",1,TRUE,200,1108,256,3.53449726104736,"2026-05-23T14:20:49.549427Z","2026-05-23T14:20:53.083924Z",1779546049.54943,1779546053.08392,0.000604,0.000713,0.000748,3.520162,3.520301,3.519414,0.000138999999999889,3.5101,0.0243972610473633
"2026-05-23T14:20:53.342Z","run_bootstrap",53,"http://client2:8000","run","http://client2:8000/run",1,TRUE,200,1108,255,3.78596043586731,"2026-05-23T14:20:49.551512Z","2026-05-23T14:20:53.337472Z",1779546049.55151,1779546053.33747,0.000639,0.00073,0.000775,3.766365,3.766498,3.76559,0.000132999999999939,3.7581,0.0278604358673094
"2026-05-23T14:20:53.342Z","run_bootstrap",53,"http://client3:8000","run","http://client3:8000/run",1,TRUE,200,1108,256,3.56310987472534,"2026-05-23T14:20:49.550938Z","2026-05-23T14:20:53.114048Z",1779546049.55094,1779546053.11405,0.000567,0.000635,0.000654,3.550755,3.550876,3.550101,0.000121000000000038,3.5425,0.0206098747253418
"2026-05-23T14:20:57.158Z","run_bootstrap",54,"http://client1:8000","run","http://client1:8000/run",1,TRUE,200,1108,256,3.58419275283813,"2026-05-23T14:20:53.354632Z","2026-05-23T14:20:56.938825Z",1779546053.35463,1779546056.93883,0.00062,0.00073,0.000764,3.570378,3.570531,3.569614,0.00015300000000007,3.5625,0.0216927528381348
"2026-05-23T14:20:57.158Z","run_bootstrap",54,"http://client2:8000","run","http://client2:8000/run",1,TRUE,200,1108,255,3.62052464485168,"2026-05-23T14:20:53.356925Z","2026-05-23T14:20:56.977449Z",1779546053.35693,1779546056.97745,0.000712,0.000849,0.000886,3.605461,3.605639,3.604575,0.000178000000000011,3.5983,0.0222246448516845
"2026-05-23T14:20:57.158Z","run_bootstrap",54,"http://client3:8000","run","http://client3:8000/run",1,TRUE,200,1108,256,3.79656982421875,"2026-05-23T14:20:53.357337Z","2026-05-23T14:20:57.153907Z",1779546053.35734,1779546057.15391,0.000565,0.000666,0.000706,3.782387,3.782637,3.781681,0.000249999999999861,3.7753,0.0212698242187499
"2026-05-23T14:21:00.996Z","run_bootstrap",55,"http://client1:8000","run","http://client1:8000/run",1,TRUE,200,1107,261,3.50853323936462,"2026-05-23T14:20:57.170144Z","2026-05-23T14:21:00.678678Z",1779546057.17014,1779546060.67868,0.000645,0.00075,0.000783,3.49249,3.49263,3.491707,0.000140000000000029,3.479,0.0295332393646239
"2026-05-23T14:21:00.996Z","run_bootstrap",55,"http://client2:8000","run","http://client2:8000/run",1,TRUE,200,1107,257,3.81990623474121,"2026-05-23T14:20:57.170930Z","2026-05-23T14:21:00.990836Z",1779546057.17093,1779546060.99084,0.000685,0.000772,0.000796,3.802807,3.802962,3.802011,0.000154999999999905,3.796,0.0239062347412111
"2026-05-23T14:21:00.996Z","run_bootstrap",55,"http://client3:8000","run","http://client3:8000/run",1,TRUE,200,1107,260,3.63092827796936,"2026-05-23T14:20:57.171588Z","2026-05-23T14:21:00.802516Z",1779546057.17159,1779546060.80252,0.000451,0.00053,0.000562,3.610856,3.611009,3.610294,0.00015300000000007,3.6043,0.0266282779693605
"2026-05-23T14:21:04.777Z","run_bootstrap",56,"http://client1:8000","run","http://client1:8000/run",1,TRUE,200,1107,262,3.760258436203,"2026-05-23T14:21:01.009782Z","2026-05-23T14:21:04.770041Z",1779546061.00978,1779546064.77004,0.000752,0.000826,0.000856,3.745773,3.74591,3.744917,0.000137000000000054,3.7381,0.0221584362030027
"2026-05-23T14:21:04.777Z","run_bootstrap",56,"http://client2:8000","run","http://client2:8000/run",1,TRUE,200,1107,258,3.64943981170654,"2026-05-23T14:21:01.010501Z","2026-05-23T14:21:04.659941Z",1779546061.0105,1779546064.65994,0.000619,0.000705,0.000738,3.635504,3.635649,3.634766,0.00014499999999984,3.6287,0.0207398117065432
"2026-05-23T14:21:04.777Z","run_bootstrap",56,"http://client3:8000","run","http://client3:8000/run",1,TRUE,200,1107,260,3.58684659004211,"2026-05-23T14:21:01.009570Z","2026-05-23T14:21:04.596417Z",1779546061.00957,1779546064.59642,0.000571,0.000688,0.000726,3.572095,3.572243,3.571369,0.000147999999999815,3.5651,0.0217465900421141
"2026-05-23T14:21:08.645Z","run_bootstrap",57,"http://client1:8000","run","http://client1:8000/run",1,TRUE,200,1109,257,3.56936836242676,"2026-05-23T14:21:04.795667Z","2026-05-23T14:21:08.365036Z",1779546064.79567,1779546068.36504,0.000486,0.000551,0.00058,3.546638,3.546792,3.546058,0.000153999999999765,3.5359,0.033468362426758
"2026-05-23T14:21:08.645Z","run_bootstrap",57,"http://client2:8000","run","http://client2:8000/run",1,TRUE,200,1109,253,3.84442591667175,"2026-05-23T14:21:04.796244Z","2026-05-23T14:21:08.640670Z",1779546064.79624,1779546068.64067,0.000425,0.000495,0.000525,3.822644,3.822784,3.822119,0.000140000000000029,3.8151,0.0293259166717528
"2026-05-23T14:21:08.645Z","run_bootstrap",57,"http://client3:8000","run","http://client3:8000/run",1,TRUE,200,1109,255,3.74384617805481,"2026-05-23T14:21:04.796581Z","2026-05-23T14:21:08.540427Z",1779546064.79658,1779546068.54043,0.000648,0.000753,0.000787,3.726263,3.726441,3.725476,0.000178000000000011,3.7187,0.0251461780548095
"2026-05-23T14:21:12.560Z","run_bootstrap",58,"http://client1:8000","run","http://client1:8000/run",1,TRUE,200,1109,257,3.89472079277039,"2026-05-23T14:21:08.658555Z","2026-05-23T14:21:12.553276Z",1779546068.65856,1779546072.55328,0.000455,0.000537,0.00056,3.87364,3.873765,3.87308,0.000125000000000153,3.8663,0.0284207927703859
"2026-05-23T14:21:12.560Z","run_bootstrap",58,"http://client2:8000","run","http://client2:8000/run",1,TRUE,200,1109,253,3.61968612670898,"2026-05-23T14:21:08.659186Z","2026-05-23T14:21:12.278872Z",1779546068.65919,1779546072.27887,0.000478,0.000551,0.000582,3.598253,3.59834,3.597671,8.69999999997262e-05,3.5909,0.0287861267089844
"2026-05-23T14:21:12.560Z","run_bootstrap",58,"http://client3:8000","run","http://client3:8000/run",1,TRUE,200,1109,255,3.69890332221985,"2026-05-23T14:21:08.659611Z","2026-05-23T14:21:12.358514Z",1779546068.65961,1779546072.35851,0.000562,0.000641,0.000673,3.678851,3.678982,3.678178,0.000131000000000103,3.6717,0.0272033222198487
"2026-05-23T14:21:16.300Z","run_bootstrap",59,"http://client1:8000","run","http://client1:8000/run",1,TRUE,200,1108,255,3.69379901885986,"2026-05-23T14:21:12.573497Z","2026-05-23T14:21:16.267296Z",1779546072.5735,1779546076.2673,0.000535,0.00061,0.000636,3.680079,3.680216,3.679443,0.000137000000000054,3.6727,0.0210990188598634
"2026-05-23T14:21:16.300Z","run_bootstrap",59,"http://client2:8000","run","http://client2:8000/run",1,TRUE,200,1108,252,3.48149418830872,"2026-05-23T14:21:12.574198Z","2026-05-23T14:21:16.055692Z",1779546072.5742,1779546076.05569,0.000624,0.000703,0.000741,3.468424,3.468572,3.467683,0.000147999999999815,3.4609,0.0205941883087157
"2026-05-23T14:21:16.300Z","run_bootstrap",59,"http://client3:8000","run","http://client3:8000/run",1,TRUE,200,1108,256,3.72185325622559,"2026-05-23T14:21:12.573538Z","2026-05-23T14:21:16.295391Z",1779546072.57354,1779546076.29539,0.000618,0.000702,0.00074,3.708187,3.708341,3.707447,0.000153999999999765,3.701,0.0208532562255859
"2026-05-23T14:21:20.254Z","run_bootstrap",60,"http://client1:8000","run","http://client1:8000/run",1,TRUE,200,1108,255,3.93690013885498,"2026-05-23T14:21:16.312735Z","2026-05-23T14:21:20.249635Z",1779546076.31274,1779546080.24964,0.000539,0.000629,0.000664,3.916076,3.916205,3.915412,0.000129000000000268,3.7537,0.183200138854981
"2026-05-23T14:21:20.254Z","run_bootstrap",60,"http://client2:8000","run","http://client2:8000/run",1,TRUE,200,1108,252,3.7703549861908,"2026-05-23T14:21:16.313009Z","2026-05-23T14:21:20.083364Z",1779546076.31301,1779546080.08336,0.000529,0.000616,0.000651,3.749013,3.749172,3.748362,0.00015900000000002,3.5848,0.185554986190796
"2026-05-23T14:21:20.254Z","run_bootstrap",60,"http://client3:8000","run","http://client3:8000/run",1,TRUE,200,1108,257,3.86417841911316,"2026-05-23T14:21:16.313506Z","2026-05-23T14:21:20.177685Z",1779546076.31351,1779546080.17769,0.000711,0.000832,0.000874,3.845595,3.845793,3.844721,0.000198000000000143,3.6925,0.171678419113159
"2026-05-23T14:21:23.850Z","run_bootstrap",61,"http://client1:8000","run","http://client1:8000/run",1,TRUE,200,1109,253,3.45397591590881,"2026-05-23T14:21:20.265812Z","2026-05-23T14:21:23.719788Z",1779546080.26581,1779546083.71979,0.00064,0.000709,0.000731,3.432321,3.432462,3.43159,0.000141000000000169,3.4258,0.0281759159088133
"2026-05-23T14:21:23.850Z","run_bootstrap",61,"http://client2:8000","run","http://client2:8000/run",1,TRUE,200,1109,253,3.5785596370697,"2026-05-23T14:21:20.266427Z","2026-05-23T14:21:23.844987Z",1779546080.26643,1779546083.84499,0.000566,0.000666,0.000703,3.556702,3.556841,3.555999,0.000138999999999889,3.5503,0.0282596370697021
"2026-05-23T14:21:23.850Z","run_bootstrap",61,"http://client3:8000","run","http://client3:8000/run",1,TRUE,200,1109,255,3.4317615032196,"2026-05-23T14:21:20.266828Z","2026-05-23T14:21:23.698589Z",1779546080.26683,1779546083.69859,0.000647,0.000748,0.000785,3.410157,3.410305,3.409372,0.000148000000000259,3.403,0.0287615032196045
"2026-05-23T14:21:27.546Z","run_bootstrap",62,"http://client1:8000","run","http://client1:8000/run",1,TRUE,200,1109,253,3.5349645614624,"2026-05-23T14:21:23.862595Z","2026-05-23T14:21:27.397559Z",1779546083.8626,1779546087.39756,0.000827,0.000906,0.000937,3.520467,3.52061,3.51953,0.000143000000000004,3.5131,0.0218645614624022
"2026-05-23T14:21:27.546Z","run_bootstrap",62,"http://client2:8000","run","http://client2:8000/run",1,TRUE,200,1109,253,3.67948985099792,"2026-05-23T14:21:23.862007Z","2026-05-23T14:21:27.541497Z",1779546083.86201,1779546087.5415,0.000658,0.000775,0.000796,3.664441,3.664582,3.663645,0.000140999999999725,3.6575,0.0219898509979246
"2026-05-23T14:21:27.546Z","run_bootstrap",62,"http://client3:8000","run","http://client3:8000/run",1,TRUE,200,1109,256,3.39838862419128,"2026-05-23T14:21:23.862237Z","2026-05-23T14:21:27.260626Z",1779546083.86224,1779546087.26063,0.000691,0.00077,0.000802,3.383864,3.383988,3.383062,0.000124000000000013,3.3758,0.0225886241912843
"2026-05-23T14:21:31.222Z","run_bootstrap",63,"http://client1:8000","run","http://client1:8000/run",1,TRUE,200,1107,253,3.65798163414001,"2026-05-23T14:21:27.559630Z","2026-05-23T14:21:31.217612Z",1779546087.55963,1779546091.21761,0.000492,0.000561,0.000583,3.638483,3.63861,3.6379,0.000126999999999988,3.6205,0.0374816341400148
"2026-05-23T14:21:31.222Z","run_bootstrap",63,"http://client2:8000","run","http://client2:8000/run",1,TRUE,200,1107,252,3.50053358078003,"2026-05-23T14:21:27.560128Z","2026-05-23T14:21:31.060662Z",1779546087.56013,1779546091.06066,0.00057,0.00063,0.000648,3.481405,3.48153,3.480757,0.000124999999999709,3.4645,0.0360335807800292
"2026-05-23T14:21:31.222Z","run_bootstrap",63,"http://client3:8000","run","http://client3:8000/run",1,TRUE,200,1107,256,3.32990193367004,"2026-05-23T14:21:27.560724Z","2026-05-23T14:21:30.890626Z",1779546087.56072,1779546090.89063,0.000571,0.000628,0.000646,3.311487,3.311563,3.310841,7.5999999999965e-05,3.2944,0.035501933670044
"2026-05-23T14:21:34.960Z","run_bootstrap",64,"http://client1:8000","run","http://client1:8000/run",1,TRUE,200,1107,253,3.71393775939941,"2026-05-23T14:21:31.241962Z","2026-05-23T14:21:34.955899Z",1779546091.24196,1779546094.9559,0.00064,0.000718,0.00075,3.695456,3.695598,3.694706,0.000141999999999864,3.6883,0.0256377593994142
"2026-05-23T14:21:34.960Z","run_bootstrap",64,"http://client2:8000","run","http://client2:8000/run",1,TRUE,200,1107,252,3.49465751647949,"2026-05-23T14:21:31.242100Z","2026-05-23T14:21:34.736757Z",1779546091.2421,1779546094.73676,0.00065,0.000721,0.000753,3.476299,3.476449,3.475546,0.000150000000000095,3.4683,0.026357516479492
"2026-05-23T14:21:34.960Z","run_bootstrap",64,"http://client3:8000","run","http://client3:8000/run",1,TRUE,200,1107,256,3.66188836097717,"2026-05-23T14:21:31.241965Z","2026-05-23T14:21:34.903854Z",1779546091.24197,1779546094.90385,0.000589,0.000664,0.000687,3.644112,3.644243,3.643425,0.000131000000000103,3.6362,0.0256883609771728
"2026-05-23T14:21:38.699Z","run_bootstrap",65,"http://client1:8000","run","http://client1:8000/run",1,TRUE,200,1108,255,3.7205376625061,"2026-05-23T14:21:34.974236Z","2026-05-23T14:21:38.694773Z",1779546094.97424,1779546098.69477,0.000491,0.000575,0.000612,3.705492,3.705656,3.70488,0.000163999999999831,3.6981,0.0224376625061034
"2026-05-23T14:21:38.699Z","run_bootstrap",65,"http://client2:8000","run","http://client2:8000/run",1,TRUE,200,1108,252,3.64104247093201,"2026-05-23T14:21:34.974901Z","2026-05-23T14:21:38.615943Z",1779546094.9749,1779546098.61594,0.000659,0.000772,0.000814,3.627229,3.627378,3.626415,0.000149000000000399,3.6193,0.0217424709320069
"2026-05-23T14:21:38.699Z","run_bootstrap",65,"http://client3:8000","run","http://client3:8000/run",1,TRUE,200,1108,254,3.2657470703125,"2026-05-23T14:21:34.974041Z","2026-05-23T14:21:38.239788Z",1779546094.97404,1779546098.23979,0.000682,0.000789,0.00083,3.251746,3.251891,3.250916,0.000145000000000284,3.2448,0.0209470703124999
"2026-05-23T14:21:42.442Z","run_bootstrap",66,"http://client1:8000","run","http://client1:8000/run",1,TRUE,200,1108,255,3.7251660823822,"2026-05-23T14:21:38.710430Z","2026-05-23T14:21:42.435596Z",1779546098.71043,1779546102.4356,0.000742,0.000828,0.000859,3.71113,3.711299,3.710271,0.000169000000000086,3.7035,0.0216660823822021
"2026-05-23T14:21:42.442Z","run_bootstrap",66,"http://client2:8000","run","http://client2:8000/run",1,TRUE,200,1108,252,3.53296375274658,"2026-05-23T14:21:38.711231Z","2026-05-23T14:21:42.244195Z",1779546098.71123,1779546102.2442,0.000647,0.000726,0.000749,3.519743,3.519881,3.518994,0.000137999999999749,3.5129,0.0200637527465819
"2026-05-23T14:21:42.442Z","run_bootstrap",66,"http://client3:8000","run","http://client3:8000/run",1,TRUE,200,1108,253,3.4399356842041,"2026-05-23T14:21:38.712947Z","2026-05-23T14:21:42.152883Z",1779546098.71295,1779546102.15288,0.000549,0.000624,0.000654,3.425726,3.425866,3.425072,0.000140000000000029,3.419,0.0209356842041015
"2026-05-23T14:21:46.059Z","run_bootstrap",67,"http://client1:8000","run","http://client1:8000/run",1,TRUE,200,1109,254,3.54949140548706,"2026-05-23T14:21:42.460454Z","2026-05-23T14:21:46.009946Z",1779546102.46045,1779546106.00995,0.000675,0.000781,0.000823,3.530562,3.530652,3.529739,8.99999999997014e-05,3.5236,0.0258914054870605
"2026-05-23T14:21:46.059Z","run_bootstrap",67,"http://client2:8000","run","http://client2:8000/run",1,TRUE,200,1109,251,3.59094142913818,"2026-05-23T14:21:42.460760Z","2026-05-23T14:21:46.051702Z",1779546102.46076,1779546106.0517,0.000626,0.000723,0.000766,3.568732,3.56888,3.567966,0.000148000000000259,3.5609,0.0300414291381834
"2026-05-23T14:21:46.059Z","run_bootstrap",67,"http://client3:8000","run","http://client3:8000/run",1,TRUE,200,1109,252,3.45293521881104,"2026-05-23T14:21:42.461168Z","2026-05-23T14:21:45.914103Z",1779546102.46117,1779546105.9141,0.000444,0.000569,0.000622,3.430955,3.431098,3.430333,0.000143000000000004,3.4241,0.028835218811035
"2026-05-23T14:21:49.793Z","run_bootstrap",68,"http://client1:8000","run","http://client1:8000/run",1,TRUE,200,1109,254,3.58089876174927,"2026-05-23T14:21:46.074199Z","2026-05-23T14:21:49.655098Z",1779546106.0742,1779546109.6551,0.000787,0.000843,0.000879,3.566079,3.566425,3.5652,0.000345999999999957,3.5588,0.0220987617492674
"2026-05-23T14:21:49.793Z","run_bootstrap",68,"http://client2:8000","run","http://client2:8000/run",1,TRUE,200,1109,251,3.41602802276611,"2026-05-23T14:21:46.074874Z","2026-05-23T14:21:49.490902Z",1779546106.07487,1779546109.4909,0.000547,0.000631,0.00067,3.397524,3.397622,3.396854,9.79999999999315e-05,3.3908,0.0252280227661132
"2026-05-23T14:21:49.793Z","run_bootstrap",68,"http://client3:8000","run","http://client3:8000/run",1,TRUE,200,1109,252,3.71360349655151,"2026-05-23T14:21:46.075155Z","2026-05-23T14:21:49.788758Z",1779546106.07516,1779546109.78876,0.000629,0.000732,0.000775,3.699837,3.699983,3.699062,0.000145999999999979,3.6927,0.0209034965515138
"2026-05-23T14:21:53.448Z","run_bootstrap",69,"http://client1:8000","run","http://client1:8000/run",1,TRUE,200,1109,255,3.53371834754944,"2026-05-23T14:21:49.811807Z","2026-05-23T14:21:53.345526Z",1779546109.81181,1779546113.34553,0.000493,0.000574,0.000596,3.516184,3.516238,3.515588,5.39999999999985e-05,3.5089,0.0248183475494383
"2026-05-23T14:21:53.448Z","run_bootstrap",69,"http://client2:8000","run","http://client2:8000/run",1,TRUE,200,1109,250,3.63132214546204,"2026-05-23T14:21:49.812560Z","2026-05-23T14:21:53.443882Z",1779546109.81256,1779546113.44388,0.000652,0.000727,0.000761,3.614094,3.614225,3.613333,0.000130999999999659,3.6067,0.0246221454620361
"2026-05-23T14:21:53.448Z","run_bootstrap",69,"http://client3:8000","run","http://client3:8000/run",1,TRUE,200,1109,252,3.56684851646423,"2026-05-23T14:21:49.813076Z","2026-05-23T14:21:53.379925Z",1779546109.81308,1779546113.37993,0.000658,0.00073,0.000761,3.550408,3.550565,3.549647,0.000157000000000185,3.543,0.0238485164642332
"2026-05-23T14:21:57.261Z","run_bootstrap",70,"http://client1:8000","run","http://client1:8000/run",1,TRUE,200,1109,255,3.46821737289429,"2026-05-23T14:21:53.462748Z","2026-05-23T14:21:56.930965Z",1779546113.46275,1779546116.93097,0.00055,0.000625,0.000647,3.454566,3.454711,3.453919,0.000145000000000284,3.4472,0.0210173728942871
"2026-05-23T14:21:57.261Z","run_bootstrap",70,"http://client2:8000","run","http://client2:8000/run",1,TRUE,200,1109,250,3.79051470756531,"2026-05-23T14:21:53.463539Z","2026-05-23T14:21:57.254054Z",1779546113.46354,1779546117.25405,6e-04,0.000678,0.000709,3.777735,3.777871,3.777026,0.000136000000000358,3.7699,0.0206147075653078
"2026-05-23T14:21:57.261Z","run_bootstrap",70,"http://client3:8000","run","http://client3:8000/run",1,TRUE,200,1109,253,3.51786065101624,"2026-05-23T14:21:53.462675Z","2026-05-23T14:21:56.980536Z",1779546113.46268,1779546116.98054,0.000545,0.000632,0.000664,3.504208,3.504354,3.503544,0.000145999999999979,3.4974,0.0204606510162355
"2026-05-23T14:22:01.098Z","run_bootstrap",71,"http://client1:8000","run","http://client1:8000/run",1,TRUE,200,1107,254,3.54540419578552,"2026-05-23T14:21:57.276961Z","2026-05-23T14:22:00.822365Z",1779546117.27696,1779546120.82237,0.000695,0.000799,0.000832,3.531221,3.53132,3.530389,9.90000000000713e-05,3.5236,0.0218041957855224
"2026-05-23T14:22:01.098Z","run_bootstrap",71,"http://client2:8000","run","http://client2:8000/run",1,TRUE,200,1107,251,3.52978515625,"2026-05-23T14:21:57.278405Z","2026-05-23T14:22:00.808190Z",1779546117.27841,1779546120.80819,0.000571,0.000699,0.000736,3.516234,3.516381,3.515498,0.000147000000000119,3.5093,0.0204851562499999
"2026-05-23T14:22:01.098Z","run_bootstrap",71,"http://client3:8000","run","http://client3:8000/run",1,TRUE,200,1107,255,3.81224179267883,"2026-05-23T14:21:57.278741Z","2026-05-23T14:22:01.090982Z",1779546117.27874,1779546121.09098,0.000547,0.000698,0.000813,3.799084,3.799213,3.798271,0.000128999999999824,3.7918,0.0204417926788332
"2026-05-23T14:22:04.971Z","run_bootstrap",72,"http://client1:8000","run","http://client1:8000/run",1,TRUE,200,1107,254,3.58417010307312,"2026-05-23T14:22:01.116642Z","2026-05-23T14:22:04.700812Z",1779546121.11664,1779546124.70081,0.000593,0.000704,0.000748,3.565631,3.565723,3.564883,9.1999999999981e-05,3.5584,0.0257701030731203
"2026-05-23T14:22:04.971Z","run_bootstrap",72,"http://client2:8000","run","http://client2:8000/run",1,TRUE,200,1107,251,3.84882616996765,"2026-05-23T14:22:01.117012Z","2026-05-23T14:22:04.965838Z",1779546121.11701,1779546124.96584,0.000592,0.000691,0.000739,3.827598,3.827755,3.826859,0.000156999999999741,3.8205,0.0283261699676514
"2026-05-23T14:22:04.971Z","run_bootstrap",72,"http://client3:8000","run","http://client3:8000/run",1,TRUE,200,1107,255,3.78445029258728,"2026-05-23T14:22:01.117441Z","2026-05-23T14:22:04.901891Z",1779546121.11744,1779546124.90189,0.000562,0.000676,0.000723,3.763306,3.76345,3.762583,0.000144000000000144,3.7562,0.0282502925872801
"2026-05-23T14:22:08.754Z","run_bootstrap",73,"http://client1:8000","run","http://client1:8000/run",1,TRUE,200,1109,254,3.66633749008179,"2026-05-23T14:22:04.981954Z","2026-05-23T14:22:08.648292Z",1779546124.98195,1779546128.64829,0.000705,0.000812,0.000852,3.651831,3.651931,3.650979,9.99999999997669e-05,3.6442,0.022137490081787
"2026-05-23T14:22:08.754Z","run_bootstrap",73,"http://client2:8000","run","http://client2:8000/run",1,TRUE,200,1109,250,3.76570415496826,"2026-05-23T14:22:04.983884Z","2026-05-23T14:22:08.749588Z",1779546124.98388,1779546128.74959,0.000561,0.000675,0.000716,3.746631,3.746814,3.745915,0.000183000000000266,3.7395,0.0262041549682617
"2026-05-23T14:22:08.754Z","run_bootstrap",73,"http://client3:8000","run","http://client3:8000/run",1,TRUE,200,1109,253,3.69638538360596,"2026-05-23T14:22:04.984285Z","2026-05-23T14:22:08.680670Z",1779546124.98429,1779546128.68067,0.000764,0.000887,0.000928,3.678798,3.67894,3.67787,0.000141999999999864,3.6603,0.0360853836059571
"2026-05-23T14:22:12.495Z","run_bootstrap",74,"http://client1:8000","run","http://client1:8000/run",1,TRUE,200,1109,254,3.71063852310181,"2026-05-23T14:22:08.767903Z","2026-05-23T14:22:12.478541Z",1779546128.7679,1779546132.47854,0.000643,0.000745,0.00078,3.693861,3.694,3.693081,0.000138999999999889,3.6862,0.0244385231018067
"2026-05-23T14:22:12.495Z","run_bootstrap",74,"http://client2:8000","run","http://client2:8000/run",1,TRUE,200,1109,250,3.55999803543091,"2026-05-23T14:22:08.768554Z","2026-05-23T14:22:12.328552Z",1779546128.76855,1779546132.32855,0.000559,0.000644,0.000676,3.539873,3.540009,3.539197,0.000135999999999914,3.5292,0.0307980354309083
"2026-05-23T14:22:12.495Z","run_bootstrap",74,"http://client3:8000","run","http://client3:8000/run",1,TRUE,200,1109,253,3.72016596794128,"2026-05-23T14:22:08.769223Z","2026-05-23T14:22:12.489389Z",1779546128.76922,1779546132.48939,0.000365,0.000434,0.000464,3.703466,3.703625,3.703002,0.00015900000000002,3.6942,0.0259659679412843
"2026-05-23T14:22:16.297Z","run_bootstrap",75,"http://client1:8000","run","http://client1:8000/run",1,TRUE,200,1108,253,3.78557348251343,"2026-05-23T14:22:12.506560Z","2026-05-23T14:22:16.292134Z",1779546132.50656,1779546136.29213,0.000555,0.000683,0.000726,3.768284,3.768415,3.767558,0.000131000000000103,3.7605,0.0250734825134278
"2026-05-23T14:22:16.297Z","run_bootstrap",75,"http://client2:8000","run","http://client2:8000/run",1,TRUE,200,1108,249,3.6911506652832,"2026-05-23T14:22:12.507794Z","2026-05-23T14:22:16.198945Z",1779546132.50779,1779546136.19895,0.000667,0.000732,0.000752,3.675832,3.675961,3.67508,0.000128999999999824,3.6686,0.022550665283203
"2026-05-23T14:22:16.297Z","run_bootstrap",75,"http://client3:8000","run","http://client3:8000/run",1,TRUE,200,1108,252,3.72583746910095,"2026-05-23T14:22:12.506931Z","2026-05-23T14:22:16.232769Z",1779546132.50693,1779546136.23277,0.000688,0.000736,0.000755,3.709625,3.70975,3.70887,0.000125000000000153,3.7021,0.023737469100952
"2026-05-23T14:22:20.016Z","run_bootstrap",76,"http://client1:8000","run","http://client1:8000/run",1,TRUE,200,1108,253,3.69729065895081,"2026-05-23T14:22:16.311642Z","2026-05-23T14:22:20.008933Z",1779546136.31164,1779546140.00893,0.000637,0.000743,0.000778,3.681638,3.681784,3.68086,0.000145999999999979,3.6737,0.0235906589508055
"2026-05-23T14:22:20.016Z","run_bootstrap",76,"http://client2:8000","run","http://client2:8000/run",1,TRUE,200,1108,249,3.66213488578796,"2026-05-23T14:22:16.312348Z","2026-05-23T14:22:19.974483Z",1779546136.31235,1779546139.97448,0.000518,0.000632,0.000669,3.646485,3.646637,3.645816,0.00015199999999993,3.6379,0.0242348857879637
"2026-05-23T14:22:20.016Z","run_bootstrap",76,"http://client3:8000","run","http://client3:8000/run",1,TRUE,200,1108,252,3.64901566505432,"2026-05-23T14:22:16.312792Z","2026-05-23T14:22:19.961807Z",1779546136.31279,1779546139.96181,0.000678,0.000752,0.000783,3.635163,3.635443,3.63438,0.000280000000000058,3.6266,0.0224156650543215
"2026-05-23T14:22:23.903Z","run_bootstrap",77,"http://client1:8000","run","http://client1:8000/run",1,TRUE,200,1109,252,3.64388632774353,"2026-05-23T14:22:20.027881Z","2026-05-23T14:22:23.671768Z",1779546140.02788,1779546143.67177,0.000545,0.000636,0.00067,3.629823,3.629916,3.629153,9.30000000001208e-05,3.6148,0.0290863277435305
"2026-05-23T14:22:23.903Z","run_bootstrap",77,"http://client2:8000","run","http://client2:8000/run",1,TRUE,200,1109,250,3.86874341964722,"2026-05-23T14:22:20.027099Z","2026-05-23T14:22:23.895843Z",1779546140.0271,1779546143.89584,0.00059,0.000697,0.00073,3.854827,3.854971,3.854097,0.000144000000000144,3.8476,0.0211434196472169
"2026-05-23T14:22:23.903Z","run_bootstrap",77,"http://client3:8000","run","http://client3:8000/run",1,TRUE,200,1109,252,3.65992379188538,"2026-05-23T14:22:20.027837Z","2026-05-23T14:22:23.687761Z",1779546140.02784,1779546143.68776,0.000501,0.000613,0.000649,3.647406,3.64773,3.646757,0.000323999999999991,3.639,0.0209237918853762
"2026-05-23T14:22:27.651Z","run_bootstrap",78,"http://client1:8000","run","http://client1:8000/run",1,TRUE,200,1109,251,3.62594866752625,"2026-05-23T14:22:23.914310Z","2026-05-23T14:22:27.540259Z",1779546143.91431,1779546147.54026,0.000762,0.000878,0.000914,3.611094,3.611216,3.61018,0.000122000000000178,3.602,0.0239486675262452
"2026-05-23T14:22:27.651Z","run_bootstrap",78,"http://client2:8000","run","http://client2:8000/run",1,TRUE,200,1109,248,3.73103642463684,"2026-05-23T14:22:23.916014Z","2026-05-23T14:22:27.647050Z",1779546143.91601,1779546147.64705,0.000553,0.000675,0.000712,3.717139,3.717445,3.716427,0.000306000000000139,3.71,0.0210364246368409
"2026-05-23T14:22:27.651Z","run_bootstrap",78,"http://client3:8000","run","http://client3:8000/run",1,TRUE,200,1109,253,3.67803645133972,"2026-05-23T14:22:23.916251Z","2026-05-23T14:22:27.594288Z",1779546143.91625,1779546147.59429,0.000512,0.000585,0.000615,3.663509,3.663637,3.662894,0.000128000000000128,3.6534,0.0246364513397217
"2026-05-23T14:22:31.550Z","run_bootstrap",79,"http://client1:8000","run","http://client1:8000/run",1,TRUE,200,1105,254,3.6053454875946,"2026-05-23T14:22:27.662484Z","2026-05-23T14:22:31.267830Z",1779546147.66248,1779546151.26783,0.000722,0.000812,0.00084,3.590512,3.590656,3.589672,0.000144000000000144,3.5811,0.0242454875946043
"2026-05-23T14:22:31.550Z","run_bootstrap",79,"http://client2:8000","run","http://client2:8000/run",1,TRUE,200,1105,249,3.88045740127563,"2026-05-23T14:22:27.664805Z","2026-05-23T14:22:31.545262Z",1779546147.66481,1779546151.54526,0.00064,0.000696,0.000721,3.863555,3.863683,3.862834,0.000128000000000128,3.8564,0.0240574012756349
"2026-05-23T14:22:31.550Z","run_bootstrap",79,"http://client3:8000","run","http://client3:8000/run",1,TRUE,200,1105,253,3.67965030670166,"2026-05-23T14:22:27.665042Z","2026-05-23T14:22:31.344693Z",1779546147.66504,1779546151.34469,0.000534,0.000601,0.000625,3.663532,3.663667,3.662907,0.000134999999999774,3.6566,0.0230503067016601
"2026-05-23T14:22:35.440Z","run_bootstrap",80,"http://client1:8000","run","http://client1:8000/run",1,TRUE,200,1105,254,3.87336683273315,"2026-05-23T14:22:31.563128Z","2026-05-23T14:22:35.436495Z",1779546151.56313,1779546155.4365,0.000678,0.000759,0.000793,3.847208,3.84734,3.846415,0.000131999999999799,3.6865,0.186866832733154
"2026-05-23T14:22:35.440Z","run_bootstrap",80,"http://client2:8000","run","http://client2:8000/run",1,TRUE,200,1105,249,3.75507235527039,"2026-05-23T14:22:31.563817Z","2026-05-23T14:22:35.318889Z",1779546151.56382,1779546155.31889,0.000632,0.000747,0.000782,3.729261,3.729404,3.728479,0.000143000000000004,3.5659,0.189172355270386
"2026-05-23T14:22:35.440Z","run_bootstrap",80,"http://client3:8000","run","http://client3:8000/run",1,TRUE,200,1105,253,3.85532975196838,"2026-05-23T14:22:31.564259Z","2026-05-23T14:22:35.419589Z",1779546151.56426,1779546155.41959,0.000559,0.00064,0.000664,3.830442,3.830579,3.829778,0.000137000000000054,3.6651,0.190229751968384
"2026-05-23T14:22:39.289Z","run_bootstrap",81,"http://client1:8000","run","http://client1:8000/run",1,TRUE,200,1109,255,3.82956767082214,"2026-05-23T14:22:35.453042Z","2026-05-23T14:22:39.282609Z",1779546155.45304,1779546159.28261,0.000664,0.000769,0.000803,3.815549,3.815655,3.814746,0.000106000000000162,3.8086,0.0209676708221433
"2026-05-23T14:22:39.289Z","run_bootstrap",81,"http://client2:8000","run","http://client2:8000/run",1,TRUE,200,1109,250,3.56705570220947,"2026-05-23T14:22:35.454698Z","2026-05-23T14:22:39.021753Z",1779546155.4547,1779546159.02175,0.00067,0.00078,0.000816,3.553429,3.553569,3.552613,0.000140000000000029,3.5468,0.0202557022094725
"2026-05-23T14:22:39.289Z","run_bootstrap",81,"http://client3:8000","run","http://client3:8000/run",1,TRUE,200,1109,252,3.58023881912231,"2026-05-23T14:22:35.455233Z","2026-05-23T14:22:39.035471Z",1779546155.45523,1779546159.03547,0.000598,0.000686,0.00072,3.566721,3.566809,3.566001,8.80000000003101e-05,3.5605,0.0197388191223142
"2026-05-23T14:22:43.309Z","run_bootstrap",82,"http://client1:8000","run","http://client1:8000/run",1,TRUE,200,1109,255,3.99898338317871,"2026-05-23T14:22:39.302889Z","2026-05-23T14:22:43.301872Z",1779546159.30289,1779546163.30187,0.000572,0.000687,0.000724,3.978224,3.978314,3.9775,9.00000000001455e-05,3.9712,0.0277833831787109
"2026-05-23T14:22:43.309Z","run_bootstrap",82,"http://client2:8000","run","http://client2:8000/run",1,TRUE,200,1109,250,3.75180745124817,"2026-05-23T14:22:39.303225Z","2026-05-23T14:22:43.055032Z",1779546159.30323,1779546163.05503,4e-04,0.00046,0.000486,3.730818,3.730965,3.730332,0.000146999999999675,3.7242,0.0276074512481688
"2026-05-23T14:22:43.309Z","run_bootstrap",82,"http://client3:8000","run","http://client3:8000/run",1,TRUE,200,1109,252,3.76552724838257,"2026-05-23T14:22:39.303622Z","2026-05-23T14:22:43.069149Z",1779546159.30362,1779546163.06915,0.00063,0.000747,0.000787,3.751876,3.752028,3.751089,0.00015199999999993,3.7449,0.0206272483825685
"2026-05-23T14:22:47.378Z","run_bootstrap",83,"http://client1:8000","run","http://client1:8000/run",1,TRUE,200,1107,254,3.88569927215576,"2026-05-23T14:22:43.326472Z","2026-05-23T14:22:47.212172Z",1779546163.32647,1779546167.21217,0.000579,0.000703,0.000738,3.866904,3.867015,3.866166,0.000110999999999972,3.8595,0.0261992721557616
"2026-05-23T14:22:47.378Z","run_bootstrap",83,"http://client2:8000","run","http://client2:8000/run",1,TRUE,200,1107,251,4.04458141326904,"2026-05-23T14:22:43.326908Z","2026-05-23T14:22:47.371489Z",1779546163.32691,1779546167.37149,0.000564,0.000671,0.000708,4.022777,4.02292,4.022069,0.000143000000000448,4.0161,0.0284814132690432
"2026-05-23T14:22:47.378Z","run_bootstrap",83,"http://client3:8000","run","http://client3:8000/run",1,TRUE,200,1107,250,3.80256009101868,"2026-05-23T14:22:43.327234Z","2026-05-23T14:22:47.129795Z",1779546163.32723,1779546167.1298,0.000632,0.000701,0.000733,3.781044,3.781192,3.780311,0.000147999999999815,3.774,0.0285600910186767
"2026-05-23T14:22:51.497Z","run_bootstrap",84,"http://client1:8000","run","http://client1:8000/run",1,TRUE,200,1107,254,4.00504422187805,"2026-05-23T14:22:47.392264Z","2026-05-23T14:22:51.397309Z",1779546167.39226,1779546171.39731,0.000448,0.000536,0.000567,3.982931,3.983086,3.982364,0.000154999999999905,3.9761,0.0289442218780516
"2026-05-23T14:22:51.497Z","run_bootstrap",84,"http://client2:8000","run","http://client2:8000/run",1,TRUE,200,1107,251,3.96698379516602,"2026-05-23T14:22:47.392695Z","2026-05-23T14:22:51.359679Z",1779546167.3927,1779546171.35968,0.000455,0.000536,0.000575,3.9448,3.944941,3.944225,0.000141000000000169,3.9374,0.0295837951660158
"2026-05-23T14:22:51.497Z","run_bootstrap",84,"http://client3:8000","run","http://client3:8000/run",1,TRUE,200,1107,251,4.10005044937134,"2026-05-23T14:22:47.393047Z","2026-05-23T14:22:51.493097Z",1779546167.39305,1779546171.4931,0.000582,0.000663,0.000686,4.080142,4.080268,4.079456,0.000125999999999848,4.0734,0.0266504493713375
"2026-05-23T14:22:55.560Z","run_bootstrap",85,"http://client1:8000","run","http://client1:8000/run",1,TRUE,200,1109,253,3.88857746124268,"2026-05-23T14:22:51.509114Z","2026-05-23T14:22:55.397692Z",1779546171.50911,1779546175.39769,0.000665,0.000769,0.000805,3.873929,3.874083,3.873124,0.00015400000000021,3.8665,0.022077461242676
"2026-05-23T14:22:55.560Z","run_bootstrap",85,"http://client2:8000","run","http://client2:8000/run",1,TRUE,200,1109,252,3.87749767303467,"2026-05-23T14:22:51.510187Z","2026-05-23T14:22:55.387685Z",1779546171.51019,1779546175.38769,6e-04,0.000712,0.000749,3.8634,3.863518,3.862651,0.000118000000000062,3.8563,0.0211976730346679
"2026-05-23T14:22:55.560Z","run_bootstrap",85,"http://client3:8000","run","http://client3:8000/run",1,TRUE,200,1109,252,4.04019713401794,"2026-05-23T14:22:51.511955Z","2026-05-23T14:22:55.552153Z",1779546171.51196,1779546175.55215,0.00044,0.000559,0.000602,4.026947,4.02709,4.026345,0.000143000000000448,4.0201,0.0200971340179441
"2026-05-23T14:22:59.382Z","run_bootstrap",86,"http://client1:8000","run","http://client1:8000/run",1,TRUE,200,1109,252,3.79984879493713,"2026-05-23T14:22:55.578648Z","2026-05-23T14:22:59.378497Z",1779546175.57865,1779546179.3785,0.000351,0.000436,0.000461,3.783007,3.783133,3.782546,0.000125999999999848,3.776,0.023848794937134
"2026-05-23T14:22:59.382Z","run_bootstrap",86,"http://client2:8000","run","http://client2:8000/run",1,TRUE,200,1109,252,3.60686564445496,"2026-05-23T14:22:55.579041Z","2026-05-23T14:22:59.185907Z",1779546175.57904,1779546179.18591,0.000742,8e-04,0.000819,3.589652,3.589778,3.588833,0.000125999999999848,3.5827,0.0241656444549561
"2026-05-23T14:22:59.382Z","run_bootstrap",86,"http://client3:8000","run","http://client3:8000/run",1,TRUE,200,1109,252,3.5562105178833,"2026-05-23T14:22:55.579652Z","2026-05-23T14:22:59.135862Z",1779546175.57965,1779546179.13586,0.000512,0.000624,0.000644,3.533655,3.533805,3.533011,0.000150000000000095,3.5268,0.0294105178833006
"2026-05-23T14:23:03.081Z","run_bootstrap",87,"http://client1:8000","run","http://client1:8000/run",1,TRUE,200,1109,255,3.53890514373779,"2026-05-23T14:22:59.397113Z","2026-05-23T14:23:02.936018Z",1779546179.39711,1779546182.93602,0.000698,0.000802,0.000837,3.525092,3.525209,3.524255,0.000116999999999923,3.5072,0.0317051437377929
"2026-05-23T14:23:03.081Z","run_bootstrap",87,"http://client2:8000","run","http://client2:8000/run",1,TRUE,200,1109,250,3.67501616477966,"2026-05-23T14:22:59.399024Z","2026-05-23T14:23:03.074040Z",1779546179.39902,1779546183.07404,0.000471,0.000566,0.000604,3.661969,3.662101,3.661365,0.000131999999999799,3.6545,0.020516164779663
"2026-05-23T14:23:03.081Z","run_bootstrap",87,"http://client3:8000","run","http://client3:8000/run",1,TRUE,200,1109,253,3.23113560676575,"2026-05-23T14:22:59.398602Z","2026-05-23T14:23:02.629737Z",1779546179.3986,1779546182.62974,0.000671,0.00075,0.000781,3.217771,3.217927,3.21699,0.000156000000000045,3.2082,0.0229356067657469
"2026-05-23T14:23:06.709Z","run_bootstrap",88,"http://client1:8000","run","http://client1:8000/run",1,TRUE,200,1109,255,3.51103234291077,"2026-05-23T14:23:03.092553Z","2026-05-23T14:23:06.603585Z",1779546183.09255,1779546186.60359,0.000593,0.000657,0.000677,3.497675,3.497808,3.496998,0.000132999999999939,3.4907,0.0203323429107667
"2026-05-23T14:23:06.709Z","run_bootstrap",88,"http://client2:8000","run","http://client2:8000/run",1,TRUE,200,1109,248,3.20396876335144,"2026-05-23T14:23:03.093187Z","2026-05-23T14:23:06.297156Z",1779546183.09319,1779546186.29716,0.000553,0.000637,0.000659,3.190622,3.190684,3.189963,6.20000000002285e-05,3.18,0.0239687633514403
"2026-05-23T14:23:06.709Z","run_bootstrap",88,"http://client3:8000","run","http://client3:8000/run",1,TRUE,200,1109,253,3.60813546180725,"2026-05-23T14:23:03.094798Z","2026-05-23T14:23:06.702933Z",1779546183.0948,1779546186.70293,5e-04,0.00058,0.000611,3.595506,3.595645,3.594895,0.000139000000000333,3.5884,0.0197354618072509
"2026-05-23T14:23:10.252Z","run_bootstrap",89,"http://client1:8000","run","http://client1:8000/run",1,TRUE,200,1109,254,3.52364039421082,"2026-05-23T14:23:06.720767Z","2026-05-23T14:23:10.244408Z",1779546186.72077,1779546190.24441,0.000694,0.000803,0.000838,3.502763,3.502857,3.501925,9.40000000002605e-05,3.4945,0.0291403942108155
"2026-05-23T14:23:10.252Z","run_bootstrap",89,"http://client2:8000","run","http://client2:8000/run",1,TRUE,200,1109,251,3.46175408363342,"2026-05-23T14:23:06.720342Z","2026-05-23T14:23:10.182096Z",1779546186.72034,1779546190.1821,0.000585,0.000714,0.000887,3.447849,3.447972,3.446962,0.000122999999999873,3.4398,0.0219540836334229
"2026-05-23T14:23:10.252Z","run_bootstrap",89,"http://client3:8000","run","http://client3:8000/run",1,TRUE,200,1109,253,3.50295233726501,"2026-05-23T14:23:06.722104Z","2026-05-23T14:23:10.225057Z",1779546186.7221,1779546190.22506,0.00065,0.000742,0.000772,3.488238,3.488383,3.487466,0.00014499999999984,3.4814,0.0215523372650148
"2026-05-23T14:23:14.040Z","run_bootstrap",90,"http://client1:8000","run","http://client1:8000/run",1,TRUE,200,1109,254,3.76871967315674,"2026-05-23T14:23:10.263717Z","2026-05-23T14:23:14.032436Z",1779546190.26372,1779546194.03244,0.000766,0.000878,0.000917,3.753715,3.753842,3.752798,0.000126999999999988,3.7454,0.0233196731567382
"2026-05-23T14:23:14.040Z","run_bootstrap",90,"http://client2:8000","run","http://client2:8000/run",1,TRUE,200,1109,251,3.4319863319397,"2026-05-23T14:23:10.265806Z","2026-05-23T14:23:13.697792Z",1779546190.26581,1779546193.69779,5e-04,0.000587,0.000622,3.417687,3.417842,3.417065,0.000154999999999905,3.4108,0.0211863319396972
"2026-05-23T14:23:14.040Z","run_bootstrap",90,"http://client3:8000","run","http://client3:8000/run",1,TRUE,200,1109,252,3.59594583511353,"2026-05-23T14:23:10.265611Z","2026-05-23T14:23:13.861557Z",1779546190.26561,1779546193.86156,0.00046,0.000541,0.000576,3.581612,3.581778,3.581036,0.000166000000000111,3.575,0.0209458351135252
"2026-05-23T14:23:17.754Z","run_bootstrap",91,"http://client1:8000","run","http://client1:8000/run",1,TRUE,200,1108,254,3.69530630111694,"2026-05-23T14:23:14.050942Z","2026-05-23T14:23:17.746249Z",1779546194.05094,1779546197.74625,0.000717,0.000826,0.000862,3.681688,3.681829,3.680826,0.000141000000000169,3.6742,0.0211063011169434
"2026-05-23T14:23:17.754Z","run_bootstrap",91,"http://client2:8000","run","http://client2:8000/run",1,TRUE,200,1108,252,3.40174674987793,"2026-05-23T14:23:14.052791Z","2026-05-23T14:23:17.454537Z",1779546194.05279,1779546197.45454,0.000516,0.000617,0.00064,3.383121,3.383265,3.382481,0.000144000000000144,3.3758,0.0259467498779298
"2026-05-23T14:23:17.754Z","run_bootstrap",91,"http://client3:8000","run","http://client3:8000/run",1,TRUE,200,1108,253,3.51715040206909,"2026-05-23T14:23:14.053031Z","2026-05-23T14:23:17.570181Z",1779546194.05303,1779546197.57018,0.000541,0.000617,0.00064,3.499687,3.499823,3.499047,0.000135999999999914,3.4924,0.0247504020690918
"2026-05-23T14:23:21.486Z","run_bootstrap",92,"http://client1:8000","run","http://client1:8000/run",1,TRUE,200,1108,254,3.50616860389709,"2026-05-23T14:23:17.775404Z","2026-05-23T14:23:21.281573Z",1779546197.7754,1779546201.28157,0.000526,0.000625,0.000656,3.484044,3.484192,3.483388,0.000148000000000259,3.4768,0.0293686038970948
"2026-05-23T14:23:21.486Z","run_bootstrap",92,"http://client2:8000","run","http://client2:8000/run",1,TRUE,200,1108,252,3.42487049102783,"2026-05-23T14:23:17.776112Z","2026-05-23T14:23:21.200982Z",1779546197.77611,1779546201.20098,0.000629,0.000718,0.000756,3.40284,3.402998,3.402084,0.000158000000000325,3.3958,0.0290704910278321
"2026-05-23T14:23:21.486Z","run_bootstrap",92,"http://client3:8000","run","http://client3:8000/run",1,TRUE,200,1108,253,3.70554399490356,"2026-05-23T14:23:17.776718Z","2026-05-23T14:23:21.482262Z",1779546197.77672,1779546201.48226,0.000544,0.000632,0.000654,3.685189,3.685339,3.684535,0.000150000000000095,3.6781,0.0274439949035643
"2026-05-23T14:23:25.057Z","run_bootstrap",93,"http://client1:8000","run","http://client1:8000/run",1,TRUE,200,1109,254,3.55480289459229,"2026-05-23T14:23:21.498109Z","2026-05-23T14:23:25.052912Z",1779546201.49811,1779546205.05291,0.000413,0.000501,0.000538,3.537911,3.538024,3.537373,0.000113000000000252,3.5309,0.0239028945922852
"2026-05-23T14:23:25.057Z","run_bootstrap",93,"http://client2:8000","run","http://client2:8000/run",1,TRUE,200,1109,251,3.52465200424194,"2026-05-23T14:23:21.497642Z","2026-05-23T14:23:25.022294Z",1779546201.49764,1779546205.02229,0.000637,0.000741,0.000776,3.510352,3.510501,3.509576,0.000148999999999955,3.5021,0.0225520042419434
"2026-05-23T14:23:25.057Z","run_bootstrap",93,"http://client3:8000","run","http://client3:8000/run",1,TRUE,200,1109,252,3.53433060646057,"2026-05-23T14:23:21.499393Z","2026-05-23T14:23:25.033724Z",1779546201.49939,1779546205.03372,0.00047,0.000556,0.000589,3.518789,3.518936,3.5182,0.000147000000000119,3.5118,0.0225306064605713
"2026-05-23T14:23:28.677Z","run_bootstrap",94,"http://client1:8000","run","http://client1:8000/run",1,TRUE,200,1109,254,3.52845549583435,"2026-05-23T14:23:25.069269Z","2026-05-23T14:23:28.597724Z",1779546205.06927,1779546208.59772,0.000532,0.00064,0.000675,3.5069,3.507045,3.506225,0.000145000000000284,3.4999,0.0285554958343508
"2026-05-23T14:23:28.677Z","run_bootstrap",94,"http://client2:8000","run","http://client2:8000/run",1,TRUE,200,1109,251,3.60227012634277,"2026-05-23T14:23:25.069042Z","2026-05-23T14:23:28.671312Z",1779546205.06904,1779546208.67131,0.000621,0.000739,0.000774,3.587626,3.587765,3.586852,0.000138999999999889,3.5798,0.0224701263427733
"2026-05-23T14:23:28.677Z","run_bootstrap",94,"http://client3:8000","run","http://client3:8000/run",1,TRUE,200,1109,252,3.33637595176697,"2026-05-23T14:23:25.070487Z","2026-05-23T14:23:28.406863Z",1779546205.07049,1779546208.40686,0.00054,0.000625,0.000657,3.320529,3.320643,3.319872,0.000113999999999947,3.3113,0.0250759517669676
"2026-05-23T14:23:32.484Z","run_bootstrap",95,"http://client1:8000","run","http://client1:8000/run",1,TRUE,200,1109,253,3.78798055648804,"2026-05-23T14:23:28.692277Z","2026-05-23T14:23:32.480258Z",1779546208.69228,1779546212.48026,0.000525,0.000589,0.000612,3.773015,3.773168,3.772403,0.00015300000000007,3.766,0.0219805564880371
"2026-05-23T14:23:32.484Z","run_bootstrap",95,"http://client2:8000","run","http://client2:8000/run",1,TRUE,200,1109,252,3.57117342948914,"2026-05-23T14:23:28.692764Z","2026-05-23T14:23:32.263937Z",1779546208.69276,1779546212.26394,0.000456,0.000575,0.000608,3.55568,3.555847,3.555072,0.000166999999999806,3.5489,0.0222734294891356
"2026-05-23T14:23:32.484Z","run_bootstrap",95,"http://client3:8000","run","http://client3:8000/run",1,TRUE,200,1109,252,3.7140052318573,"2026-05-23T14:23:28.693345Z","2026-05-23T14:23:32.407351Z",1779546208.69335,1779546212.40735,0.000563,0.000614,0.000631,3.699141,3.699279,3.69851,0.000138000000000194,3.6925,0.0215052318572999
"2026-05-23T14:23:36.371Z","run_bootstrap",96,"http://client1:8000","run","http://client1:8000/run",1,TRUE,200,1109,254,3.86489415168762,"2026-05-23T14:23:32.498511Z","2026-05-23T14:23:36.363405Z",1779546212.49851,1779546216.36341,0.000639,0.000741,0.000776,3.850112,3.850229,3.849336,0.000116999999999923,3.8419,0.0229941516876222
"2026-05-23T14:23:36.371Z","run_bootstrap",96,"http://client2:8000","run","http://client2:8000/run",1,TRUE,200,1109,252,3.65622806549072,"2026-05-23T14:23:32.499167Z","2026-05-23T14:23:36.155395Z",1779546212.49917,1779546216.1554,0.000444,0.000511,0.000531,3.641972,3.642096,3.641441,0.000124000000000013,3.6355,0.0207280654907227
"2026-05-23T14:23:36.371Z","run_bootstrap",96,"http://client3:8000","run","http://client3:8000/run",1,TRUE,200,1109,252,3.54170393943787,"2026-05-23T14:23:32.499476Z","2026-05-23T14:23:36.041180Z",1779546212.49948,1779546216.04118,0.000553,0.000633,0.000664,3.520463,3.520613,3.519799,0.000150000000000095,3.5137,0.0280039394378662
"2026-05-23T14:23:40.415Z","run_bootstrap",97,"http://client1:8000","run","http://client1:8000/run",1,TRUE,200,1109,255,4.02835083007812,"2026-05-23T14:23:36.382192Z","2026-05-23T14:23:40.410543Z",1779546216.38219,1779546220.41054,0.00054,0.000653,0.000688,4.011465,4.011587,4.010777,0.000121999999999289,4.0039,0.0244508300781252
"2026-05-23T14:23:40.415Z","run_bootstrap",97,"http://client2:8000","run","http://client2:8000/run",1,TRUE,200,1109,249,3.793612241745,"2026-05-23T14:23:36.384053Z","2026-05-23T14:23:40.177665Z",1779546216.38405,1779546220.17767,0.000667,0.000783,0.000819,3.772992,3.773086,3.772173,9.40000000002605e-05,3.7548,0.0388122417449952
"2026-05-23T14:23:40.415Z","run_bootstrap",97,"http://client3:8000","run","http://client3:8000/run",1,TRUE,200,1109,253,3.7715470790863,"2026-05-23T14:23:36.384297Z","2026-05-23T14:23:40.155844Z",1779546216.3843,1779546220.15584,0.000644,0.000803,0.000838,3.752017,3.752146,3.751179,0.000129000000000268,3.7345,0.0370470790863036
"2026-05-23T14:23:44.301Z","run_bootstrap",98,"http://client1:8000","run","http://client1:8000/run",1,TRUE,200,1109,255,3.75103878974915,"2026-05-23T14:23:40.429430Z","2026-05-23T14:23:44.180468Z",1779546220.42943,1779546224.18047,0.000503,0.000595,0.000634,3.729727,3.729871,3.729093,0.000144000000000144,3.7197,0.0313387897491455
"2026-05-23T14:23:44.301Z","run_bootstrap",98,"http://client2:8000","run","http://client2:8000/run",1,TRUE,200,1109,249,3.86723494529724,"2026-05-23T14:23:40.430005Z","2026-05-23T14:23:44.297240Z",1779546220.43001,1779546224.29724,0.000488,0.000585,0.00062,3.846625,3.846785,3.846005,0.00016000000000016,3.8388,0.0284349452972412
"2026-05-23T14:23:44.301Z","run_bootstrap",98,"http://client3:8000","run","http://client3:8000/run",1,TRUE,200,1109,253,3.60156631469727,"2026-05-23T14:23:40.430400Z","2026-05-23T14:23:44.031966Z",1779546220.4304,1779546224.03197,0.000674,0.000794,0.000831,3.586418,3.586568,3.585587,0.000150000000000095,3.5781,0.0234663146972656
"2026-05-23T14:23:48.307Z","run_bootstrap",99,"http://client1:8000","run","http://client1:8000/run",1,TRUE,200,1107,255,3.98854851722717,"2026-05-23T14:23:44.311904Z","2026-05-23T14:23:48.300452Z",1779546224.3119,1779546228.30045,0.000656,0.000762,0.000801,3.974306,3.97445,3.973505,0.000144000000000144,3.9648,0.023748517227173
"2026-05-23T14:23:48.307Z","run_bootstrap",99,"http://client2:8000","run","http://client2:8000/run",1,TRUE,200,1107,249,3.70463180541992,"2026-05-23T14:23:44.313014Z","2026-05-23T14:23:48.017646Z",1779546224.31301,1779546228.01765,0.000596,0.000686,0.000719,3.691037,3.691174,3.690318,0.000137000000000054,3.679,0.025631805419922
"2026-05-23T14:23:48.307Z","run_bootstrap",99,"http://client3:8000","run","http://client3:8000/run",1,TRUE,200,1107,252,3.74873208999634,"2026-05-23T14:23:44.314744Z","2026-05-23T14:23:48.063476Z",1779546224.31474,1779546228.06348,0.000502,0.000581,0.00062,3.734707,3.73483,3.734087,0.000122999999999873,3.727,0.021732089996338
"2026-05-23T14:23:52.319Z","run_bootstrap",100,"http://client1:8000","run","http://client1:8000/run",1,TRUE,200,1107,255,3.71353912353516,"2026-05-23T14:23:48.320086Z","2026-05-23T14:23:52.033626Z",1779546228.32009,1779546232.03363,0.000625,0.000732,0.000769,3.693314,3.693453,3.692545,0.000138999999999889,3.5434,0.170139123535156
"2026-05-23T14:23:52.319Z","run_bootstrap",100,"http://client2:8000","run","http://client2:8000/run",1,TRUE,200,1107,250,3.99422097206116,"2026-05-23T14:23:48.320721Z","2026-05-23T14:23:52.314942Z",1779546228.32072,1779546232.31494,0.000629,0.000744,0.00078,3.973353,3.973532,3.972573,0.000179000000000151,3.8274,0.166820972061157
"2026-05-23T14:23:52.319Z","run_bootstrap",100,"http://client3:8000","run","http://client3:8000/run",1,TRUE,200,1107,253,3.97888588905334,"2026-05-23T14:23:48.320986Z","2026-05-23T14:23:52.299872Z",1779546228.32099,1779546232.29987,0.000657,0.000759,0.000792,3.965257,3.965408,3.964465,0.000151000000000234,3.8203,0.158585889053345
"2026-05-23T14:23:56.007Z","run_bootstrap",101,"http://client1:8000","run","http://client1:8000/run",1,TRUE,200,1109,254,3.67293620109558,"2026-05-23T14:23:52.329998Z","2026-05-23T14:23:56.002934Z",1779546232.33,1779546236.00293,0.000512,0.000591,0.000619,3.658201,3.658421,3.657582,0.000220000000000109,3.6516,0.0213362010955809
"2026-05-23T14:23:56.007Z","run_bootstrap",101,"http://client2:8000","run","http://client2:8000/run",1,TRUE,200,1109,252,3.46782231330872,"2026-05-23T14:23:52.330815Z","2026-05-23T14:23:55.798638Z",1779546232.33082,1779546235.79864,0.000562,0.000618,0.000641,3.453761,3.453878,3.45312,0.000116999999999923,3.4476,0.0202223133087158
"2026-05-23T14:23:56.007Z","run_bootstrap",101,"http://client3:8000","run","http://client3:8000/run",1,TRUE,200,1109,251,3.45472812652588,"2026-05-23T14:23:52.331234Z","2026-05-23T14:23:55.785962Z",1779546232.33123,1779546235.78596,0.000668,0.000744,0.000783,3.440344,3.440445,3.439561,0.000100999999999907,3.434,0.0207281265258787
"2026-05-23T14:23:59.726Z","run_bootstrap",102,"http://client1:8000","run","http://client1:8000/run",1,TRUE,200,1109,254,3.42315244674683,"2026-05-23T14:23:56.022008Z","2026-05-23T14:23:59.445161Z",1779546236.02201,1779546239.44516,0.000784,0.000876,0.000916,3.406873,3.407017,3.405957,0.000144000000000144,3.3982,0.0249524467468261
"2026-05-23T14:23:59.726Z","run_bootstrap",102,"http://client2:8000","run","http://client2:8000/run",1,TRUE,200,1109,251,3.69208598136902,"2026-05-23T14:23:56.022447Z","2026-05-23T14:23:59.714533Z",1779546236.02245,1779546239.71453,0.000793,0.000876,0.000916,3.676206,3.676357,3.67529,0.00015099999999979,3.669,0.0230859813690185
"2026-05-23T14:23:59.726Z","run_bootstrap",102,"http://client3:8000","run","http://client3:8000/run",1,TRUE,200,1109,252,3.50366258621216,"2026-05-23T14:23:56.022768Z","2026-05-23T14:23:59.526430Z",1779546236.02277,1779546239.52643,0.000496,0.000601,0.000648,3.488386,3.488519,3.487738,0.000132999999999939,3.4817,0.0219625862121582
"2026-05-23T14:24:03.412Z","run_bootstrap",103,"http://client1:8000","run","http://client1:8000/run",1,TRUE,200,1109,253,3.24436092376709,"2026-05-23T14:23:59.745626Z","2026-05-23T14:24:02.989987Z",1779546239.74563,1779546242.98999,0.000573,0.000647,0.000667,3.223,3.223127,3.222333,0.000126999999999988,3.212,0.0323609237670897
"2026-05-23T14:24:03.412Z","run_bootstrap",103,"http://client2:8000","run","http://client2:8000/run",1,TRUE,200,1109,252,3.660395860672,"2026-05-23T14:23:59.744699Z","2026-05-23T14:24:03.405095Z",1779546239.7447,1779546243.4051,0.000723,0.000841,0.000877,3.645792,3.64593,3.644915,0.000137999999999749,3.6391,0.0212958606719971
"2026-05-23T14:24:03.412Z","run_bootstrap",103,"http://client3:8000","run","http://client3:8000/run",1,TRUE,200,1109,253,3.46438455581665,"2026-05-23T14:23:59.746976Z","2026-05-23T14:24:03.211360Z",1779546239.74698,1779546243.21136,0.000582,0.000647,0.000668,3.445044,3.445164,3.444376,0.000119999999999898,3.4383,0.0260845558166505
"2026-05-23T14:24:07.268Z","run_bootstrap",104,"http://client1:8000","run","http://client1:8000/run",1,TRUE,200,1109,254,3.83219170570374,"2026-05-23T14:24:03.430670Z","2026-05-23T14:24:07.262861Z",1779546243.43067,1779546247.26286,0.000658,0.000782,0.000819,3.81036,3.810503,3.809541,0.000143000000000004,3.8017,0.0304917057037355
"2026-05-23T14:24:07.268Z","run_bootstrap",104,"http://client2:8000","run","http://client2:8000/run",1,TRUE,200,1109,252,3.81677222251892,"2026-05-23T14:24:03.431340Z","2026-05-23T14:24:07.248112Z",1779546243.43134,1779546247.24811,0.000828,0.000905,0.000926,3.796272,3.79641,3.795346,0.000137999999999749,3.7893,0.027472222518921
"2026-05-23T14:24:07.268Z","run_bootstrap",104,"http://client3:8000","run","http://client3:8000/run",1,TRUE,200,1109,253,3.56741142272949,"2026-05-23T14:24:03.432468Z","2026-05-23T14:24:06.999880Z",1779546243.43247,1779546246.99988,0.000683,0.000782,0.000819,3.547241,3.547393,3.546422,0.00015199999999993,3.5398,0.0276114227294921
"2026-05-23T14:24:11.021Z","run_bootstrap",105,"http://client1:8000","run","http://client1:8000/run",1,TRUE,200,1107,254,3.734543800354,"2026-05-23T14:24:07.279238Z","2026-05-23T14:24:11.013782Z",1779546247.27924,1779546251.01378,0.000702,0.00081,0.000845,3.719559,3.719706,3.718714,0.000147000000000119,3.7107,0.0238438003540038
"2026-05-23T14:24:11.021Z","run_bootstrap",105,"http://client2:8000","run","http://client2:8000/run",1,TRUE,200,1107,252,3.30647659301758,"2026-05-23T14:24:07.281081Z","2026-05-23T14:24:10.587558Z",1779546247.28108,1779546250.58756,0.000536,0.000627,0.000659,3.291619,3.29177,3.29096,0.000151000000000234,3.2847,0.0217765930175782
"2026-05-23T14:24:11.021Z","run_bootstrap",105,"http://client3:8000","run","http://client3:8000/run",1,TRUE,200,1107,252,3.5115978717804,"2026-05-23T14:24:07.281438Z","2026-05-23T14:24:10.793035Z",1779546247.28144,1779546250.79304,0.000536,0.000626,0.000661,3.497244,3.49739,3.496583,0.000146000000000424,3.4903,0.0212978717803955
"2026-05-23T14:24:14.806Z","run_bootstrap",106,"http://client1:8000","run","http://client1:8000/run",1,TRUE,200,1107,254,3.49347996711731,"2026-05-23T14:24:11.034725Z","2026-05-23T14:24:14.528205Z",1779546251.03473,1779546254.52821,0.000724,0.000848,0.000889,3.478687,3.478828,3.477798,0.000141000000000169,3.4713,0.0221799671173097
"2026-05-23T14:24:14.806Z","run_bootstrap",106,"http://client2:8000","run","http://client2:8000/run",1,TRUE,200,1107,252,3.76372027397156,"2026-05-23T14:24:11.035171Z","2026-05-23T14:24:14.798891Z",1779546251.03517,1779546254.79889,0.000447,0.000537,0.000572,3.742595,3.742775,3.742023,0.000179999999999847,3.7359,0.0278202739715576
"2026-05-23T14:24:14.806Z","run_bootstrap",106,"http://client3:8000","run","http://client3:8000/run",1,TRUE,200,1107,252,3.5507595539093,"2026-05-23T14:24:11.035616Z","2026-05-23T14:24:14.586375Z",1779546251.03562,1779546254.58638,0.000587,0.000676,0.000712,3.536242,3.536364,3.53553,0.000121999999999733,3.5294,0.0213595539093019
"2026-05-23T14:24:18.589Z","run_bootstrap",107,"http://client1:8000","run","http://client1:8000/run",1,TRUE,200,1108,254,3.75574827194214,"2026-05-23T14:24:14.825506Z","2026-05-23T14:24:18.581254Z",1779546254.82551,1779546258.58125,0.000553,0.000644,0.000684,3.73772,3.737777,3.737036,5.69999999999737e-05,3.7306,0.0251482719421388
"2026-05-23T14:24:18.589Z","run_bootstrap",107,"http://client2:8000","run","http://client2:8000/run",1,TRUE,200,1108,252,3.52355074882507,"2026-05-23T14:24:14.825871Z","2026-05-23T14:24:18.349422Z",1779546254.82587,1779546258.34942,0.000438,0.000511,0.000545,3.501549,3.501658,3.501004,0.000109000000000137,3.4939,0.0296507488250732
"2026-05-23T14:24:18.589Z","run_bootstrap",107,"http://client3:8000","run","http://client3:8000/run",1,TRUE,200,1108,253,3.75520849227905,"2026-05-23T14:24:14.826049Z","2026-05-23T14:24:18.581257Z",1779546254.82605,1779546258.58126,0.000472,0.000549,0.000588,3.737442,3.737504,3.736854,6.19999999997844e-05,3.7297,0.0255084922790529
"2026-05-23T14:24:22.397Z","run_bootstrap",108,"http://client1:8000","run","http://client1:8000/run",1,TRUE,200,1108,253,3.79134154319763,"2026-05-23T14:24:18.602088Z","2026-05-23T14:24:22.393429Z",1779546258.60209,1779546262.39343,0.000446,0.000498,0.000517,3.77479,3.774928,3.774273,0.000138000000000194,3.768,0.023341543197632
"2026-05-23T14:24:22.397Z","run_bootstrap",108,"http://client2:8000","run","http://client2:8000/run",1,TRUE,200,1108,252,3.40985250473022,"2026-05-23T14:24:18.601316Z","2026-05-23T14:24:22.011169Z",1779546258.60132,1779546262.01117,0.000631,0.000711,0.000734,3.392872,3.392939,3.392138,6.70000000000393e-05,3.3853,0.0245525047302246
"2026-05-23T14:24:22.397Z","run_bootstrap",108,"http://client3:8000","run","http://client3:8000/run",1,TRUE,200,1108,253,3.62032222747803,"2026-05-23T14:24:18.601932Z","2026-05-23T14:24:22.222254Z",1779546258.60193,1779546262.22225,0.000659,0.000717,0.000737,3.603376,3.603518,3.602639,0.000142000000000309,3.5967,0.0236222274780276
"2026-05-23T14:24:26.308Z","run_bootstrap",109,"http://client1:8000","run","http://client1:8000/run",1,TRUE,200,1108,254,3.58609056472778,"2026-05-23T14:24:22.461320Z","2026-05-23T14:24:26.047410Z",1779546262.46132,1779546266.04741,0.000776,0.000892,0.000932,3.572103,3.572243,3.571171,0.000140000000000029,3.5629,0.0231905647277832
"2026-05-23T14:24:26.308Z","run_bootstrap",109,"http://client2:8000","run","http://client2:8000/run",1,TRUE,200,1108,256,3.63046312332153,"2026-05-23T14:24:22.462626Z","2026-05-23T14:24:26.093089Z",1779546262.46263,1779546266.09309,0.000408,0.00051,0.000547,3.61726,3.617319,3.616713,5.90000000002533e-05,3.6086,0.0218631233215332
"2026-05-23T14:24:26.308Z","run_bootstrap",109,"http://client3:8000","run","http://client3:8000/run",1,TRUE,200,1108,254,3.83709406852722,"2026-05-23T14:24:22.463872Z","2026-05-23T14:24:26.300966Z",1779546262.46387,1779546266.30097,0.000413,0.000492,0.000531,3.817095,3.817229,3.816564,0.000134000000000079,3.8091,0.0279940685272217
"2026-05-23T14:24:30.166Z","run_bootstrap",110,"http://client1:8000","run","http://client1:8000/run",1,TRUE,200,1108,254,3.67806053161621,"2026-05-23T14:24:26.326413Z","2026-05-23T14:24:30.004474Z",1779546266.32641,1779546270.00447,0.000729,0.000804,0.000824,3.65604,3.65619,3.655216,0.000150000000000095,3.6483,0.0297605316162111
"2026-05-23T14:24:30.166Z","run_bootstrap",110,"http://client2:8000","run","http://client2:8000/run",1,TRUE,200,1108,256,3.83249497413635,"2026-05-23T14:24:26.326788Z","2026-05-23T14:24:30.159283Z",1779546266.32679,1779546270.15928,0.000561,0.000672,0.000709,3.810189,3.810329,3.80948,0.000140000000000029,3.8024,0.0300949741363525
"2026-05-23T14:24:30.166Z","run_bootstrap",110,"http://client3:8000","run","http://client3:8000/run",1,TRUE,200,1108,254,3.55218029022217,"2026-05-23T14:24:26.327479Z","2026-05-23T14:24:29.879659Z",1779546266.32748,1779546269.87966,0.000728,0.000791,0.000812,3.530389,3.530561,3.529577,0.000172000000000061,3.5227,0.029480290222168
"2026-05-23T14:24:34.048Z","run_bootstrap",111,"http://client1:8000","run","http://client1:8000/run",1,TRUE,200,1110,261,3.85858249664307,"2026-05-23T14:24:30.182654Z","2026-05-23T14:24:34.041237Z",1779546270.18265,1779546274.04124,0.000663,0.000771,0.000809,3.844458,3.844597,3.843649,0.000138999999999889,3.8366,0.0219824966430666
"2026-05-23T14:24:34.048Z","run_bootstrap",111,"http://client2:8000","run","http://client2:8000/run",1,TRUE,200,1110,254,3.63538384437561,"2026-05-23T14:24:30.184156Z","2026-05-23T14:24:33.819540Z",1779546270.18416,1779546273.81954,0.000609,0.00073,0.000769,3.62037,3.620532,3.619601,0.000161999999999995,3.6133,0.0220838443756102
"2026-05-23T14:24:34.048Z","run_bootstrap",111,"http://client3:8000","run","http://client3:8000/run",1,TRUE,200,1110,258,3.54961228370667,"2026-05-23T14:24:30.184412Z","2026-05-23T14:24:33.734024Z",1779546270.18441,1779546273.73402,0.000504,0.000617,0.00066,3.529204,3.529355,3.528544,0.00015099999999979,3.5179,0.031712283706665
"2026-05-23T14:24:37.922Z","run_bootstrap",112,"http://client1:8000","run","http://client1:8000/run",1,TRUE,200,1110,261,3.85361361503601,"2026-05-23T14:24:34.061652Z","2026-05-23T14:24:37.915266Z",1779546274.06165,1779546277.91527,0.000731,0.000841,0.000883,3.837829,3.837984,3.836946,0.000154999999999905,3.8294,0.0242136150360106
"2026-05-23T14:24:37.922Z","run_bootstrap",112,"http://client2:8000","run","http://client2:8000/run",1,TRUE,200,1110,254,3.56005477905273,"2026-05-23T14:24:34.061882Z","2026-05-23T14:24:37.621936Z",1779546274.06188,1779546277.62194,0.000568,0.000649,0.000691,3.544354,3.544501,3.543663,0.000147000000000119,3.5351,0.0249547790527345
"2026-05-23T14:24:37.922Z","run_bootstrap",112,"http://client3:8000","run","http://client3:8000/run",1,TRUE,200,1110,258,3.66275000572205,"2026-05-23T14:24:34.062371Z","2026-05-23T14:24:37.725121Z",1779546274.06237,1779546277.72512,0.000785,0.000878,0.000916,3.647579,3.647731,3.646663,0.00015199999999993,3.6376,0.025150005722046
"2026-05-23T14:24:41.723Z","run_bootstrap",113,"http://client1:8000","run","http://client1:8000/run",1,TRUE,200,1108,254,3.6632604598999,"2026-05-23T14:24:37.941261Z","2026-05-23T14:24:41.604521Z",1779546277.94126,1779546281.60452,0.000557,0.000677,0.000737,3.640962,3.641067,3.640225,0.000105000000000022,3.6337,0.0295604598999022
"2026-05-23T14:24:41.723Z","run_bootstrap",113,"http://client2:8000","run","http://client2:8000/run",1,TRUE,200,1108,255,3.56516528129578,"2026-05-23T14:24:37.941527Z","2026-05-23T14:24:41.506693Z",1779546277.94153,1779546281.50669,0.00043,0.000525,0.000556,3.542466,3.542618,3.54191,0.00015199999999993,3.5304,0.0347652812957762
"2026-05-23T14:24:41.723Z","run_bootstrap",113,"http://client3:8000","run","http://client3:8000/run",1,TRUE,200,1108,255,3.77413654327393,"2026-05-23T14:24:37.941906Z","2026-05-23T14:24:41.716043Z",1779546277.94191,1779546281.71604,0.000577,0.000676,0.000724,3.752056,3.752173,3.751332,0.000116999999999923,3.7445,0.0296365432739258
"2026-05-23T14:24:45.417Z","run_bootstrap",114,"http://client1:8000","run","http://client1:8000/run",1,TRUE,200,1108,254,3.67520546913147,"2026-05-23T14:24:41.738062Z","2026-05-23T14:24:45.413268Z",1779546281.73806,1779546285.41327,0.000469,0.000556,0.000581,3.65813,3.658267,3.657549,0.000137000000000054,3.6504,0.0248054691314699
"2026-05-23T14:24:45.417Z","run_bootstrap",114,"http://client2:8000","run","http://client2:8000/run",1,TRUE,200,1108,255,3.54085922241211,"2026-05-23T14:24:41.738715Z","2026-05-23T14:24:45.279574Z",1779546281.73872,1779546285.27957,0.000635,0.000713,0.000751,3.523699,3.523789,3.522948,8.99999999997014e-05,3.5165,0.0243592224121092
"2026-05-23T14:24:45.417Z","run_bootstrap",114,"http://client3:8000","run","http://client3:8000/run",1,TRUE,200,1108,254,3.66097378730774,"2026-05-23T14:24:41.739089Z","2026-05-23T14:24:45.400062Z",1779546281.73909,1779546285.40006,0.000531,0.000614,0.000652,3.639212,3.639347,3.63856,0.000134999999999774,3.632,0.0289737873077391
"2026-05-23T14:24:49.304Z","run_bootstrap",115,"http://client1:8000","run","http://client1:8000/run",1,TRUE,200,1109,252,3.79082322120667,"2026-05-23T14:24:45.431149Z","2026-05-23T14:24:49.221972Z",1779546285.43115,1779546289.22197,0.000524,0.000605,0.000637,3.776074,3.776369,3.775437,0.000294999999999934,3.7686,0.0222232212066649
"2026-05-23T14:24:49.304Z","run_bootstrap",115,"http://client2:8000","run","http://client2:8000/run",1,TRUE,200,1109,255,3.86588597297668,"2026-05-23T14:24:45.430782Z","2026-05-23T14:24:49.296668Z",1779546285.43078,1779546289.29667,0.000481,0.00059,0.000625,3.851845,3.851993,3.85122,0.000147999999999815,3.8439,0.0219859729766845
"2026-05-23T14:24:49.304Z","run_bootstrap",115,"http://client3:8000","run","http://client3:8000/run",1,TRUE,200,1109,253,3.70151090621948,"2026-05-23T14:24:45.431952Z","2026-05-23T14:24:49.133463Z",1779546285.43195,1779546289.13346,0.000637,0.000728,0.000761,3.687153,3.687333,3.686392,0.000180000000000291,3.6761,0.0254109062194825
"2026-05-23T14:24:52.992Z","run_bootstrap",116,"http://client1:8000","run","http://client1:8000/run",1,TRUE,200,1109,252,3.64391708374023,"2026-05-23T14:24:49.316613Z","2026-05-23T14:24:52.960530Z",1779546289.31661,1779546292.96053,0.000603,0.000716,0.000752,3.628294,3.628437,3.627542,0.000143000000000004,3.6204,0.0235170837402343
"2026-05-23T14:24:52.992Z","run_bootstrap",116,"http://client2:8000","run","http://client2:8000/run",1,TRUE,200,1109,255,3.67058706283569,"2026-05-23T14:24:49.316926Z","2026-05-23T14:24:52.987513Z",1779546289.31693,1779546292.98751,0.000449,0.000536,0.000568,3.654591,3.654733,3.654023,0.000141999999999864,3.6473,0.0232870628356934
"2026-05-23T14:24:52.992Z","run_bootstrap",116,"http://client3:8000","run","http://client3:8000/run",1,TRUE,200,1109,253,3.61754560470581,"2026-05-23T14:24:49.317266Z","2026-05-23T14:24:52.934812Z",1779546289.31727,1779546292.93481,0.000798,0.000917,0.000952,3.603996,3.604133,3.603044,0.000137000000000054,3.5966,0.0209456047058105
"2026-05-23T14:24:56.832Z","run_bootstrap",117,"http://client1:8000","run","http://client1:8000/run",1,TRUE,200,1108,253,3.82343101501465,"2026-05-23T14:24:53.004204Z","2026-05-23T14:24:56.827635Z",1779546293.0042,1779546296.82764,0.00054,0.00067,0.00073,3.807299,3.807428,3.806569,0.000128999999999824,3.7997,0.0237310150146484
"2026-05-23T14:24:56.832Z","run_bootstrap",117,"http://client2:8000","run","http://client2:8000/run",1,TRUE,200,1108,255,3.64466047286987,"2026-05-23T14:24:53.003995Z","2026-05-23T14:24:56.648656Z",1779546293.004,1779546296.64866,0.000666,0.000775,0.000809,3.631029,3.631168,3.63022,0.000139000000000333,3.6223,0.022360472869873
"2026-05-23T14:24:56.832Z","run_bootstrap",117,"http://client3:8000","run","http://client3:8000/run",1,TRUE,200,1108,251,3.71445989608765,"2026-05-23T14:24:53.005532Z","2026-05-23T14:24:56.719992Z",1779546293.00553,1779546296.71999,0.000745,0.000865,0.000906,3.697334,3.697466,3.696428,0.000131999999999799,3.6882,0.0262598960876463
"2026-05-23T14:25:00.622Z","run_bootstrap",118,"http://client1:8000","run","http://client1:8000/run",1,TRUE,200,1108,253,3.71627712249756,"2026-05-23T14:24:56.843913Z","2026-05-23T14:25:00.560190Z",1779546296.84391,1779546300.56019,0.000638,0.00075,0.00079,3.701095,3.701239,3.700305,0.000144000000000144,3.6928,0.0234771224975585
"2026-05-23T14:25:00.622Z","run_bootstrap",118,"http://client2:8000","run","http://client2:8000/run",1,TRUE,200,1108,255,3.76484370231628,"2026-05-23T14:24:56.844868Z","2026-05-23T14:25:00.609711Z",1779546296.84487,1779546300.60971,0.000597,0.00068,0.000713,3.750927,3.751073,3.750214,0.000145999999999979,3.7304,0.0344437023162842
"2026-05-23T14:25:00.622Z","run_bootstrap",118,"http://client3:8000","run","http://client3:8000/run",1,TRUE,200,1108,251,3.77250051498413,"2026-05-23T14:24:56.845680Z","2026-05-23T14:25:00.618180Z",1779546296.84568,1779546300.61818,0.000662,0.000755,0.00079,3.759767,3.759899,3.758977,0.000131999999999799,3.7395,0.0330005149841308
"2026-05-23T14:25:04.446Z","run_bootstrap",119,"http://client1:8000","run","http://client1:8000/run",1,TRUE,200,1109,254,3.80751252174377,"2026-05-23T14:25:00.634473Z","2026-05-23T14:25:04.441986Z",1779546300.63447,1779546304.44199,0.000654,0.000728,0.00076,3.793252,3.793416,3.792492,0.000164000000000275,3.7832,0.0243125217437745
"2026-05-23T14:25:04.446Z","run_bootstrap",119,"http://client2:8000","run","http://client2:8000/run",1,TRUE,200,1109,254,3.56069779396057,"2026-05-23T14:25:00.635266Z","2026-05-23T14:25:04.195964Z",1779546300.63527,1779546304.19596,0.000556,0.000642,0.000677,3.547151,3.547284,3.546474,0.000132999999999939,3.5392,0.0214977939605712
"2026-05-23T14:25:04.446Z","run_bootstrap",119,"http://client3:8000","run","http://client3:8000/run",1,TRUE,200,1109,253,3.73208427429199,"2026-05-23T14:25:00.634480Z","2026-05-23T14:25:04.366565Z",1779546300.63448,1779546304.36657,0.000465,0.000537,0.000559,3.718086,3.718217,3.717527,0.000131000000000103,3.7099,0.022184274291992
"2026-05-23T14:25:08.617Z","run_bootstrap",120,"http://client1:8000","run","http://client1:8000/run",1,TRUE,200,1109,254,4.14706611633301,"2026-05-23T14:25:04.465665Z","2026-05-23T14:25:08.612731Z",1779546304.46567,1779546308.61273,0.000391,0.000472,0.000496,4.134656,4.134778,4.13416,0.000122000000000178,3.9688,0.178266116333008
"2026-05-23T14:25:08.617Z","run_bootstrap",120,"http://client2:8000","run","http://client2:8000/run",1,TRUE,200,1109,253,4.10766911506653,"2026-05-23T14:25:04.465711Z","2026-05-23T14:25:08.573380Z",1779546304.46571,1779546308.57338,0.000522,0.000579,0.000599,4.095236,4.095368,4.094637,0.000131999999999799,3.935,0.172669115066528
"2026-05-23T14:25:08.617Z","run_bootstrap",120,"http://client3:8000","run","http://client3:8000/run",1,TRUE,200,1109,253,3.88549089431763,"2026-05-23T14:25:04.464795Z","2026-05-23T14:25:08.350286Z",1779546304.4648,1779546308.35029,0.000735,0.000843,0.000878,3.873843,3.87396,3.872965,0.000116999999999923,3.7202,0.165290894317627
"2026-05-23T14:25:12.351Z","run_bootstrap",121,"http://client1:8000","run","http://client1:8000/run",1,TRUE,200,1107,252,3.71379566192627,"2026-05-23T14:25:08.630655Z","2026-05-23T14:25:12.344450Z",1779546308.63066,1779546312.34445,0.000534,0.000648,0.00069,3.69674,3.696879,3.69605,0.000138999999999889,3.6901,0.0236956619262694
"2026-05-23T14:25:12.351Z","run_bootstrap",121,"http://client2:8000","run","http://client2:8000/run",1,TRUE,200,1107,256,3.49933934211731,"2026-05-23T14:25:08.631392Z","2026-05-23T14:25:12.130732Z",1779546308.63139,1779546312.13073,0.000552,0.000646,0.000688,3.482992,3.483127,3.482304,0.000135000000000218,3.4766,0.0227393421173097
"2026-05-23T14:25:12.351Z","run_bootstrap",121,"http://client3:8000","run","http://client3:8000/run",1,TRUE,200,1107,253,3.53200340270996,"2026-05-23T14:25:08.632010Z","2026-05-23T14:25:12.164013Z",1779546308.63201,1779546312.16401,0.000738,0.000854,0.000894,3.518056,3.51832,3.517162,0.000264000000000042,3.5112,0.0208034027099608
"2026-05-23T14:25:16.211Z","run_bootstrap",122,"http://client1:8000","run","http://client1:8000/run",1,TRUE,200,1107,252,3.83651399612427,"2026-05-23T14:25:12.369955Z","2026-05-23T14:25:16.206469Z",1779546312.36996,1779546316.20647,0.00053,0.000614,0.000648,3.818514,3.818599,3.817866,8.49999999998907e-05,3.8115,0.0250139961242675
"2026-05-23T14:25:16.211Z","run_bootstrap",122,"http://client2:8000","run","http://client2:8000/run",1,TRUE,200,1107,256,3.64703774452209,"2026-05-23T14:25:12.370572Z","2026-05-23T14:25:16.017610Z",1779546312.37057,1779546316.01761,0.000543,0.000651,0.00069,3.626261,3.626374,3.625571,0.000113000000000252,3.6186,0.0284377445220949
"2026-05-23T14:25:16.211Z","run_bootstrap",122,"http://client3:8000","run","http://client3:8000/run",1,TRUE,200,1107,253,3.55400943756104,"2026-05-23T14:25:12.369823Z","2026-05-23T14:25:15.923833Z",1779546312.36982,1779546315.92383,0.00069,0.000807,0.000848,3.539794,3.539926,3.538946,0.000131999999999799,3.5321,0.0219094375610354
"2026-05-23T14:25:19.803Z","run_bootstrap",123,"http://client1:8000","run","http://client1:8000/run",1,TRUE,200,1109,253,3.48326873779297,"2026-05-23T14:25:16.221908Z","2026-05-23T14:25:19.705176Z",1779546316.22191,1779546319.70518,0.000722,0.000824,0.000865,3.468634,3.468783,3.467769,0.000148999999999955,3.4615,0.0217687377929687
"2026-05-23T14:25:19.803Z","run_bootstrap",123,"http://client2:8000","run","http://client2:8000/run",1,TRUE,200,1109,254,3.5722496509552,"2026-05-23T14:25:16.223631Z","2026-05-23T14:25:19.795881Z",1779546316.22363,1779546319.79588,0.000486,0.000576,0.000612,3.553865,3.553995,3.553253,0.000129999999999963,3.5468,0.0254496509552
"2026-05-23T14:25:19.803Z","run_bootstrap",123,"http://client3:8000","run","http://client3:8000/run",1,TRUE,200,1109,254,3.57303833961487,"2026-05-23T14:25:16.222844Z","2026-05-23T14:25:19.795882Z",1779546316.22284,1779546319.79588,0.000581,0.000661,0.000702,3.55926,3.559419,3.558558,0.00015900000000002,3.5514,0.0216383396148681
"2026-05-23T14:25:23.544Z","run_bootstrap",124,"http://client1:8000","run","http://client1:8000/run",1,TRUE,200,1109,253,3.55275011062622,"2026-05-23T14:25:19.816118Z","2026-05-23T14:25:23.368868Z",1779546319.81612,1779546323.36887,0.000482,0.000559,0.000598,3.530282,3.530373,3.529684,9.09999999998412e-05,3.5233,0.0294501106262208
"2026-05-23T14:25:23.544Z","run_bootstrap",124,"http://client2:8000","run","http://client2:8000/run",1,TRUE,200,1109,254,3.50278186798096,"2026-05-23T14:25:19.816439Z","2026-05-23T14:25:23.319221Z",1779546319.81644,1779546323.31922,0.000474,0.000578,0.000628,3.483222,3.483343,3.482594,0.000121000000000038,3.4743,0.0284818679809571
"2026-05-23T14:25:23.544Z","run_bootstrap",124,"http://client3:8000","run","http://client3:8000/run",1,TRUE,200,1109,254,3.71967387199402,"2026-05-23T14:25:19.816857Z","2026-05-23T14:25:23.536531Z",1779546319.81686,1779546323.53653,0.000731,0.000842,0.000887,3.701096,3.701243,3.700209,0.000146999999999675,3.6943,0.0253738719940184
"2026-05-23T14:25:27.302Z","run_bootstrap",125,"http://client1:8000","run","http://client1:8000/run",1,TRUE,200,1108,252,3.73541021347046,"2026-05-23T14:25:23.562566Z","2026-05-23T14:25:27.297976Z",1779546323.56257,1779546327.29798,0.000608,0.000691,0.000714,3.711476,3.711504,3.710762,2.7999999999917e-05,3.704,0.0314102134704588
"2026-05-23T14:25:27.302Z","run_bootstrap",125,"http://client2:8000","run","http://client2:8000/run",1,TRUE,200,1108,256,3.43538045883179,"2026-05-23T14:25:23.563101Z","2026-05-23T14:25:26.998481Z",1779546323.5631,1779546326.99848,0.000663,0.000735,0.000765,3.410215,3.410258,3.40945,4.29999999997932e-05,3.4031,0.0322804588317873
"2026-05-23T14:25:27.302Z","run_bootstrap",125,"http://client3:8000","run","http://client3:8000/run",1,TRUE,200,1108,253,3.38730525970459,"2026-05-23T14:25:23.563996Z","2026-05-23T14:25:26.951302Z",1779546323.564,1779546326.9513,0.000587,0.000698,0.000736,3.366154,3.366192,3.365418,3.79999999999825e-05,3.3566,0.03070525970459
"2026-05-23T14:25:30.920Z","run_bootstrap",126,"http://client1:8000","run","http://client1:8000/run",1,TRUE,200,1108,253,3.59115862846375,"2026-05-23T14:25:27.316853Z","2026-05-23T14:25:30.908012Z",1779546327.31685,1779546330.90801,0.000703,0.000814,0.000847,3.577056,3.577183,3.576209,0.000126999999999988,3.5696,0.0215586284637452
"2026-05-23T14:25:30.920Z","run_bootstrap",126,"http://client2:8000","run","http://client2:8000/run",1,TRUE,200,1108,256,3.44926857948303,"2026-05-23T14:25:27.317471Z","2026-05-23T14:25:30.766740Z",1779546327.31747,1779546330.76674,5e-04,0.000571,0.000599,3.428777,3.42894,3.428178,0.000162999999999691,3.4219,0.0273685794830323
"2026-05-23T14:25:30.920Z","run_bootstrap",126,"http://client3:8000","run","http://client3:8000/run",1,TRUE,200,1108,252,3.59773182868958,"2026-05-23T14:25:27.318036Z","2026-05-23T14:25:30.915768Z",1779546327.31804,1779546330.91577,0.000637,0.000741,0.000774,3.583145,3.583387,3.582371,0.000242000000000075,3.574,0.0237318286895754
"2026-05-23T14:25:34.645Z","run_bootstrap",127,"http://client1:8000","run","http://client1:8000/run",1,TRUE,200,1109,254,3.50560259819031,"2026-05-23T14:25:30.931371Z","2026-05-23T14:25:34.436974Z",1779546330.93137,1779546334.43697,0.000491,0.000566,0.000589,3.490346,3.490465,3.489757,0.000118999999999758,3.4833,0.0223025981903078
"2026-05-23T14:25:34.645Z","run_bootstrap",127,"http://client2:8000","run","http://client2:8000/run",1,TRUE,200,1109,256,3.28874731063843,"2026-05-23T14:25:30.932815Z","2026-05-23T14:25:34.221563Z",1779546330.93282,1779546334.22156,0.000576,0.000667,0.000705,3.274069,3.274221,3.273364,0.00015199999999993,3.2672,0.0215473106384279
"2026-05-23T14:25:34.645Z","run_bootstrap",127,"http://client3:8000","run","http://client3:8000/run",1,TRUE,200,1109,249,3.70508933067322,"2026-05-23T14:25:30.933257Z","2026-05-23T14:25:34.638346Z",1779546330.93326,1779546334.63835,0.000607,0.000684,0.000723,3.690944,3.691087,3.690221,0.000143000000000004,3.6842,0.0208893306732176
"2026-05-23T14:25:38.268Z","run_bootstrap",128,"http://client1:8000","run","http://client1:8000/run",1,TRUE,200,1109,254,3.52072906494141,"2026-05-23T14:25:34.664220Z","2026-05-23T14:25:38.184949Z",1779546334.66422,1779546338.18495,0.00031,0.000398,0.000446,3.49857,3.49871,3.498124,0.000140000000000029,3.4915,0.0292290649414064
"2026-05-23T14:25:38.268Z","run_bootstrap",128,"http://client2:8000","run","http://client2:8000/run",1,TRUE,200,1109,256,3.46562027931213,"2026-05-23T14:25:34.664603Z","2026-05-23T14:25:38.130223Z",1779546334.6646,1779546338.13022,0.000341,0.00042,0.000453,3.444145,3.444289,3.443692,0.000144000000000144,3.4374,0.028220279312134
"2026-05-23T14:25:38.268Z","run_bootstrap",128,"http://client3:8000","run","http://client3:8000/run",1,TRUE,200,1109,249,3.59830570220947,"2026-05-23T14:25:34.664926Z","2026-05-23T14:25:38.263232Z",1779546334.66493,1779546338.26323,0.000538,0.000647,0.000688,3.58007,3.580158,3.579382,8.7999999999866e-05,3.5731,0.0252057022094725
"2026-05-23T14:25:42.114Z","run_bootstrap",129,"http://client1:8000","run","http://client1:8000/run",1,TRUE,200,1109,252,3.82900309562683,"2026-05-23T14:25:38.280006Z","2026-05-23T14:25:42.109009Z",1779546338.28001,1779546342.10901,0.000413,0.000463,0.000481,3.811622,3.811746,3.811141,0.000124000000000013,3.8046,0.0244030956268309
"2026-05-23T14:25:42.114Z","run_bootstrap",129,"http://client2:8000","run","http://client2:8000/run",1,TRUE,200,1109,256,3.34122943878174,"2026-05-23T14:25:38.280278Z","2026-05-23T14:25:41.621507Z",1779546338.28028,1779546341.62151,0.00056,0.000619,0.000642,3.327135,3.327399,3.326493,0.000264000000000042,3.3177,0.0235294387817384
"2026-05-23T14:25:42.114Z","run_bootstrap",129,"http://client3:8000","run","http://client3:8000/run",1,TRUE,200,1109,252,3.6214005947113,"2026-05-23T14:25:38.279833Z","2026-05-23T14:25:41.901233Z",1779546338.27983,1779546341.90123,0.000503,0.000582,0.000605,3.607406,3.607541,3.606801,0.000134999999999774,3.6007,0.0207005947113039
"2026-05-23T14:25:45.954Z","run_bootstrap",130,"http://client1:8000","run","http://client1:8000/run",1,TRUE,200,1109,252,3.58277201652527,"2026-05-23T14:25:42.127778Z","2026-05-23T14:25:45.710550Z",1779546342.12778,1779546345.71055,0.000713,0.000798,0.000822,3.569183,3.56932,3.568361,0.00013699999999961,3.5615,0.0212720165252684
"2026-05-23T14:25:45.954Z","run_bootstrap",130,"http://client2:8000","run","http://client2:8000/run",1,TRUE,200,1109,256,3.81899213790894,"2026-05-23T14:25:42.128470Z","2026-05-23T14:25:45.947462Z",1779546342.12847,1779546345.94746,0.000639,0.000716,0.000749,3.801082,3.801276,3.800333,0.000194000000000027,3.7916,0.0273921379089357
"2026-05-23T14:25:45.954Z","run_bootstrap",130,"http://client3:8000","run","http://client3:8000/run",1,TRUE,200,1109,252,3.42754721641541,"2026-05-23T14:25:42.127632Z","2026-05-23T14:25:45.555179Z",1779546342.12763,1779546345.55518,0.000773,0.000858,0.000893,3.413089,3.413227,3.412196,0.000138000000000194,3.4024,0.0251472164154052
"2026-05-23T14:25:49.676Z","run_bootstrap",131,"http://client1:8000","run","http://client1:8000/run",1,TRUE,200,1108,253,3.65514850616455,"2026-05-23T14:25:45.972478Z","2026-05-23T14:25:49.627626Z",1779546345.97248,1779546349.62763,0.000617,0.000706,0.000728,3.636616,3.636716,3.635888,9.99999999997669e-05,3.629,0.0261485061645508
"2026-05-23T14:25:49.676Z","run_bootstrap",131,"http://client2:8000","run","http://client2:8000/run",1,TRUE,200,1108,256,3.67760562896729,"2026-05-23T14:25:45.973128Z","2026-05-23T14:25:49.650734Z",1779546345.97313,1779546349.65073,0.000491,0.000578,0.000611,3.655791,3.655887,3.65518,9.6000000000096e-05,3.6485,0.0291056289672853
"2026-05-23T14:25:49.676Z","run_bootstrap",131,"http://client3:8000","run","http://client3:8000/run",1,TRUE,200,1108,252,3.69707179069519,"2026-05-23T14:25:45.972467Z","2026-05-23T14:25:49.669539Z",1779546345.97247,1779546349.66954,0.000681,0.000785,0.00082,3.679402,3.679512,3.678582,0.000109999999999832,3.6714,0.0256717906951902
"2026-05-23T14:25:53.602Z","run_bootstrap",132,"http://client1:8000","run","http://client1:8000/run",1,TRUE,200,1108,254,3.90620827674866,"2026-05-23T14:25:49.690838Z","2026-05-23T14:25:53.597046Z",1779546349.69084,1779546353.59705,0.000516,0.000621,0.000657,3.892193,3.892343,3.891536,0.000150000000000095,3.8838,0.0224082767486573
"2026-05-23T14:25:53.602Z","run_bootstrap",132,"http://client2:8000","run","http://client2:8000/run",1,TRUE,200,1108,256,3.46819424629211,"2026-05-23T14:25:49.692286Z","2026-05-23T14:25:53.160480Z",1779546349.69229,1779546353.16048,0.000413,0.00049,0.000523,3.453669,3.453818,3.453146,0.000148999999999955,3.4464,0.0217942462921141
"2026-05-23T14:25:53.602Z","run_bootstrap",132,"http://client3:8000","run","http://client3:8000/run",1,TRUE,200,1108,252,3.86323952674866,"2026-05-23T14:25:49.692738Z","2026-05-23T14:25:53.555977Z",1779546349.69274,1779546353.55598,0.000539,0.000629,0.000662,3.849196,3.849347,3.848534,0.00015099999999979,3.8415,0.0217395267486573
"2026-05-23T14:25:57.364Z","run_bootstrap",133,"http://client1:8000","run","http://client1:8000/run",1,TRUE,200,1109,252,3.74590039253235,"2026-05-23T14:25:53.614527Z","2026-05-23T14:25:57.360427Z",1779546353.61453,1779546357.36043,0.000476,0.000569,0.000604,3.728737,3.728903,3.728133,0.000165999999999666,3.7201,0.0258003925323487
"2026-05-23T14:25:57.364Z","run_bootstrap",133,"http://client2:8000","run","http://client2:8000/run",1,TRUE,200,1109,256,3.61223912239075,"2026-05-23T14:25:53.615088Z","2026-05-23T14:25:57.227328Z",1779546353.61509,1779546357.22733,0.000381,0.000459,0.000496,3.596403,3.596539,3.595907,0.000135999999999914,3.5898,0.0224391223907472
"2026-05-23T14:25:57.364Z","run_bootstrap",133,"http://client3:8000","run","http://client3:8000/run",1,TRUE,200,1109,250,3.15807056427002,"2026-05-23T14:25:53.614351Z","2026-05-23T14:25:56.772422Z",1779546353.61435,1779546356.77242,0.000621,0.000739,0.000791,3.143678,3.143805,3.142887,0.000126999999999988,3.136,0.0220705642700194
"2026-05-23T14:26:01.126Z","run_bootstrap",134,"http://client1:8000","run","http://client1:8000/run",1,TRUE,200,1109,252,3.73489260673523,"2026-05-23T14:25:57.376250Z","2026-05-23T14:26:01.111142Z",1779546357.37625,1779546361.11114,0.000596,0.000718,0.000753,3.720212,3.720351,3.719459,0.000138999999999889,3.7117,0.0231926067352295
"2026-05-23T14:26:01.126Z","run_bootstrap",134,"http://client2:8000","run","http://client2:8000/run",1,TRUE,200,1109,256,3.65728044509888,"2026-05-23T14:25:57.378379Z","2026-05-23T14:26:01.035659Z",1779546357.37838,1779546361.03566,0.000482,6e-04,0.000695,3.637385,3.637502,3.63669,0.000116999999999923,3.6304,0.0268804450988771
"2026-05-23T14:26:01.126Z","run_bootstrap",134,"http://client3:8000","run","http://client3:8000/run",1,TRUE,200,1109,251,3.74315738677979,"2026-05-23T14:25:57.378688Z","2026-05-23T14:26:01.121846Z",1779546357.37869,1779546361.12185,0.000579,0.000675,0.00071,3.725371,3.725527,3.724661,0.000156000000000045,3.7176,0.0255573867797851
"2026-05-23T14:26:05.059Z","run_bootstrap",135,"http://client1:8000","run","http://client1:8000/run",1,TRUE,200,1109,253,3.72908854484558,"2026-05-23T14:26:01.139057Z","2026-05-23T14:26:04.868146Z",1779546361.13906,1779546364.86815,0.00054,6e-04,0.000621,3.71039,3.710526,3.709769,0.000136000000000358,3.7012,0.027888544845581
"2026-05-23T14:26:05.059Z","run_bootstrap",135,"http://client2:8000","run","http://client2:8000/run",1,TRUE,200,1109,255,3.43509459495544,"2026-05-23T14:26:01.139623Z","2026-05-23T14:26:04.574717Z",1779546361.13962,1779546364.57472,0.000493,0.000569,0.000593,3.417313,3.417364,3.41672,5.10000000000232e-05,3.4025,0.0325945949554445
"2026-05-23T14:26:05.059Z","run_bootstrap",135,"http://client3:8000","run","http://client3:8000/run",1,TRUE,200,1109,252,3.91433668136597,"2026-05-23T14:26:01.140098Z","2026-05-23T14:26:05.054435Z",1779546361.1401,1779546365.05444,0.000553,0.000604,0.000624,3.897415,3.897541,3.896791,0.000125999999999848,3.8836,0.0307366813659669
"2026-05-23T14:26:08.843Z","run_bootstrap",136,"http://client1:8000","run","http://client1:8000/run",1,TRUE,200,1109,253,3.68548893928528,"2026-05-23T14:26:05.071153Z","2026-05-23T14:26:08.756642Z",1779546365.07115,1779546368.75664,0.000621,0.000682,0.000703,3.667113,3.667147,3.66641,3.39999999998675e-05,3.6594,0.0260889392852781
"2026-05-23T14:26:08.843Z","run_bootstrap",136,"http://client2:8000","run","http://client2:8000/run",1,TRUE,200,1109,255,3.62087917327881,"2026-05-23T14:26:05.071993Z","2026-05-23T14:26:08.692873Z",1779546365.07199,1779546368.69287,0.000483,0.00057,0.000591,3.604013,3.604038,3.603422,2.49999999999417e-05,3.5952,0.0256791732788084
"2026-05-23T14:26:08.843Z","run_bootstrap",136,"http://client3:8000","run","http://client3:8000/run",1,TRUE,200,1109,252,3.76566696166992,"2026-05-23T14:26:05.073183Z","2026-05-23T14:26:08.838850Z",1779546365.07318,1779546368.83885,0.000502,0.000566,0.000585,3.750024,3.750049,3.749439,2.50000000003858e-05,3.7419,0.0237669616699221
"2026-05-23T14:26:12.773Z","run_bootstrap",137,"http://client1:8000","run","http://client1:8000/run",1,TRUE,200,1108,253,3.91001439094543,"2026-05-23T14:26:08.856088Z","2026-05-23T14:26:12.766103Z",1779546368.85609,1779546372.7661,0.000662,0.000765,0.000803,3.896178,3.896263,3.895375,8.49999999998907e-05,3.8883,0.0217143909454345
"2026-05-23T14:26:12.773Z","run_bootstrap",137,"http://client2:8000","run","http://client2:8000/run",1,TRUE,200,1108,256,3.62857246398926,"2026-05-23T14:26:08.857927Z","2026-05-23T14:26:12.486499Z",1779546368.85793,1779546372.4865,0.00062,0.000727,0.000766,3.61406,3.614204,3.613294,0.000144000000000144,3.6069,0.0216724639892578
"2026-05-23T14:26:12.773Z","run_bootstrap",137,"http://client3:8000","run","http://client3:8000/run",1,TRUE,200,1108,253,3.68242883682251,"2026-05-23T14:26:08.858426Z","2026-05-23T14:26:12.540855Z",1779546368.85843,1779546372.54086,0.000621,0.000725,0.000763,3.661598,3.661729,3.660835,0.000130999999999659,3.6545,0.0279288368225097
"2026-05-23T14:26:16.744Z","run_bootstrap",138,"http://client1:8000","run","http://client1:8000/run",1,TRUE,200,1108,253,3.95001149177551,"2026-05-23T14:26:12.789102Z","2026-05-23T14:26:16.739114Z",1779546372.7891,1779546376.73911,0.000576,0.000657,0.000719,3.92823,3.928345,3.927511,0.000115000000000087,3.9207,0.0293114917755126
"2026-05-23T14:26:16.744Z","run_bootstrap",138,"http://client2:8000","run","http://client2:8000/run",1,TRUE,200,1108,255,3.63264918327332,"2026-05-23T14:26:12.789619Z","2026-05-23T14:26:16.422268Z",1779546372.78962,1779546376.42227,0.000491,0.000575,0.000597,3.612096,3.612212,3.611499,0.000115999999999783,3.605,0.0276491832733154
"2026-05-23T14:26:16.744Z","run_bootstrap",138,"http://client3:8000","run","http://client3:8000/run",1,TRUE,200,1108,253,3.90836095809937,"2026-05-23T14:26:12.789935Z","2026-05-23T14:26:16.698296Z",1779546372.78994,1779546376.6983,0.000659,0.000892,0.00093,3.888131,3.888266,3.887201,0.000134999999999774,3.8809,0.0274609580993652
"2026-05-23T14:26:20.632Z","run_bootstrap",139,"http://client1:8000","run","http://client1:8000/run",1,TRUE,200,1108,253,3.75017499923706,"2026-05-23T14:26:16.756550Z","2026-05-23T14:26:20.506725Z",1779546376.75655,1779546380.50673,0.000612,0.000707,0.000751,3.731996,3.732134,3.731245,0.000137999999999749,3.7223,0.0278749992370604
"2026-05-23T14:26:20.632Z","run_bootstrap",139,"http://client2:8000","run","http://client2:8000/run",1,TRUE,200,1108,253,3.63596439361572,"2026-05-23T14:26:16.757200Z","2026-05-23T14:26:20.393164Z",1779546376.7572,1779546380.39316,0.000529,0.000642,0.000704,3.617915,3.618034,3.617211,0.000119000000000202,3.6091,0.0268643936157225
"2026-05-23T14:26:20.632Z","run_bootstrap",139,"http://client3:8000","run","http://client3:8000/run",1,TRUE,200,1108,253,3.8698787689209,"2026-05-23T14:26:16.757802Z","2026-05-23T14:26:20.627681Z",1779546376.7578,1779546380.62768,0.000593,0.000707,0.000752,3.853712,3.853875,3.85296,0.000163000000000135,3.8448,0.0250787689208982
"2026-05-23T14:26:24.729Z","run_bootstrap",140,"http://client1:8000","run","http://client1:8000/run",1,TRUE,200,1108,253,4.07941293716431,"2026-05-23T14:26:20.644898Z","2026-05-23T14:26:24.724311Z",1779546380.6449,1779546384.72431,0.000592,0.000674,0.000708,4.058275,4.058414,4.057567,0.000138999999999889,3.8923,0.187112937164307
"2026-05-23T14:26:24.729Z","run_bootstrap",140,"http://client2:8000","run","http://client2:8000/run",1,TRUE,200,1108,253,3.90275192260742,"2026-05-23T14:26:20.645448Z","2026-05-23T14:26:24.548200Z",1779546380.64545,1779546384.5482,0.000608,0.000663,0.000682,3.882253,3.882377,3.881571,0.000124000000000013,3.7233,0.179451922607422
"2026-05-23T14:26:24.729Z","run_bootstrap",140,"http://client3:8000","run","http://client3:8000/run",1,TRUE,200,1108,253,3.62329626083374,"2026-05-23T14:26:20.646005Z","2026-05-23T14:26:24.269301Z",1779546380.64601,1779546384.2693,0.000534,0.000608,0.000631,3.60334,3.603465,3.602709,0.000124999999999709,3.4245,0.19879626083374
"2026-05-23T14:26:28.426Z","run_bootstrap",141,"http://client1:8000","run","http://client1:8000/run",1,TRUE,200,1108,252,3.56653022766113,"2026-05-23T14:26:24.742120Z","2026-05-23T14:26:28.308650Z",1779546384.74212,1779546388.30865,0.000546,0.000631,0.000668,3.544073,3.544211,3.543405,0.000137999999999749,3.537,0.0295302276611329
"2026-05-23T14:26:28.426Z","run_bootstrap",141,"http://client2:8000","run","http://client2:8000/run",1,TRUE,200,1108,253,3.53740239143372,"2026-05-23T14:26:24.742662Z","2026-05-23T14:26:28.280065Z",1779546384.74266,1779546388.28007,0.00047,0.000549,0.000586,3.514657,3.514801,3.514071,0.0001439999999997,3.508,0.0294023914337158
"2026-05-23T14:26:28.426Z","run_bootstrap",141,"http://client3:8000","run","http://client3:8000/run",1,TRUE,200,1108,251,3.67589831352234,"2026-05-23T14:26:24.743177Z","2026-05-23T14:26:28.419075Z",1779546384.74318,1779546388.41908,0.000635,0.000738,0.000779,3.658562,3.658712,3.657783,0.000150000000000095,3.6517,0.0241983135223389
"2026-05-23T14:26:32.217Z","run_bootstrap",142,"http://client1:8000","run","http://client1:8000/run",1,TRUE,200,1108,253,3.76774859428406,"2026-05-23T14:26:28.445504Z","2026-05-23T14:26:32.213252Z",1779546388.4455,1779546392.21325,0.000353,0.000443,0.000464,3.751245,3.751268,3.750781,2.30000000001063e-05,3.7435,0.0242485942840576
"2026-05-23T14:26:32.217Z","run_bootstrap",142,"http://client2:8000","run","http://client2:8000/run",1,TRUE,200,1108,254,3.4712450504303,"2026-05-23T14:26:28.445475Z","2026-05-23T14:26:31.916720Z",1779546388.44548,1779546391.91672,0.000502,0.000534,0.000546,3.453979,3.454012,3.453433,3.30000000001718e-05,3.4471,0.024145050430298
"2026-05-23T14:26:32.217Z","run_bootstrap",142,"http://client3:8000","run","http://client3:8000/run",1,TRUE,200,1108,251,3.48474025726318,"2026-05-23T14:26:28.445415Z","2026-05-23T14:26:31.930155Z",1779546388.44542,1779546391.93016,0.000523,0.000587,0.000607,3.468058,3.468091,3.467451,3.29999999997277e-05,3.4595,0.0252402572631838
"2026-05-23T14:26:35.934Z","run_bootstrap",143,"http://client1:8000","run","http://client1:8000/run",1,TRUE,200,1109,254,3.52137541770935,"2026-05-23T14:26:32.230583Z","2026-05-23T14:26:35.751958Z",1779546392.23058,1779546395.75196,0.000597,0.000702,0.000737,3.507322,3.507448,3.506585,0.000126000000000293,3.4992,0.0221754177093505
"2026-05-23T14:26:35.934Z","run_bootstrap",143,"http://client2:8000","run","http://client2:8000/run",1,TRUE,200,1109,255,3.69726729393005,"2026-05-23T14:26:32.232734Z","2026-05-23T14:26:35.930001Z",1779546392.23273,1779546395.93,0.000571,0.000656,0.000687,3.682739,3.682869,3.682052,0.000129999999999963,3.6744,0.0228672939300538
"2026-05-23T14:26:35.934Z","run_bootstrap",143,"http://client3:8000","run","http://client3:8000/run",1,TRUE,200,1109,253,3.45802783966064,"2026-05-23T14:26:32.233122Z","2026-05-23T14:26:35.691150Z",1779546392.23312,1779546395.69115,0.000483,0.000565,0.000598,3.438435,3.438553,3.437837,0.000118000000000062,3.4306,0.0274278396606444
"2026-05-23T14:26:39.696Z","run_bootstrap",144,"http://client1:8000","run","http://client1:8000/run",1,TRUE,200,1109,254,3.74209928512573,"2026-05-23T14:26:35.947406Z","2026-05-23T14:26:39.689505Z",1779546395.94741,1779546399.68951,0.00052,0.000611,0.000648,3.723433,3.723575,3.722785,0.000141999999999864,3.7164,0.0256992851257323
"2026-05-23T14:26:39.696Z","run_bootstrap",144,"http://client2:8000","run","http://client2:8000/run",1,TRUE,200,1109,255,3.60787034034729,"2026-05-23T14:26:35.947963Z","2026-05-23T14:26:39.555834Z",1779546395.94796,1779546399.55583,0.000347,0.000412,0.000449,3.586787,3.586919,3.586338,0.000131999999999799,3.5797,0.0281703403472902
"2026-05-23T14:26:39.696Z","run_bootstrap",144,"http://client3:8000","run","http://client3:8000/run",1,TRUE,200,1109,253,3.44197273254395,"2026-05-23T14:26:35.948465Z","2026-05-23T14:26:39.390438Z",1779546395.94847,1779546399.39044,0.000572,0.000677,0.000723,3.424545,3.424699,3.423822,0.000153999999999765,3.4171,0.0248727325439453
"2026-05-23T14:26:43.503Z","run_bootstrap",145,"http://client1:8000","run","http://client1:8000/run",1,TRUE,200,1108,253,3.61350107192993,"2026-05-23T14:26:39.713657Z","2026-05-23T14:26:43.327158Z",1779546399.71366,1779546403.32716,0.000621,0.000671,0.000692,3.599314,3.599422,3.598622,0.000107999999999997,3.592,0.0215010719299316
"2026-05-23T14:26:43.503Z","run_bootstrap",145,"http://client2:8000","run","http://client2:8000/run",1,TRUE,200,1108,256,3.37612390518188,"2026-05-23T14:26:39.714811Z","2026-05-23T14:26:43.090934Z",1779546399.71481,1779546403.09093,0.00053,0.000611,0.000645,3.357627,3.357762,3.356982,0.000135000000000218,3.3498,0.0263239051818847
"2026-05-23T14:26:43.503Z","run_bootstrap",145,"http://client3:8000","run","http://client3:8000/run",1,TRUE,200,1108,253,3.78528213500977,"2026-05-23T14:26:39.713994Z","2026-05-23T14:26:43.499277Z",1779546399.71399,1779546403.49928,0.000472,0.000568,0.000748,3.772235,3.772363,3.771487,0.000128000000000128,3.7646,0.0206821350097655
"2026-05-23T14:26:47.303Z","run_bootstrap",146,"http://client1:8000","run","http://client1:8000/run",1,TRUE,200,1108,254,3.56257176399231,"2026-05-23T14:26:43.516114Z","2026-05-23T14:26:47.078686Z",1779546403.51611,1779546407.07869,0.000605,0.000718,0.000761,3.54822,3.548339,3.547459,0.000118999999999758,3.5406,0.0219717639923096
"2026-05-23T14:26:47.303Z","run_bootstrap",146,"http://client2:8000","run","http://client2:8000/run",1,TRUE,200,1108,256,3.77776908874512,"2026-05-23T14:26:43.518186Z","2026-05-23T14:26:47.295955Z",1779546403.51819,1779546407.29596,0.000626,0.000708,0.000745,3.763434,3.76357,3.762689,0.000135999999999914,3.7563,0.0214690887451172
"2026-05-23T14:26:47.303Z","run_bootstrap",146,"http://client3:8000","run","http://client3:8000/run",1,TRUE,200,1108,253,3.48941397666931,"2026-05-23T14:26:43.517793Z","2026-05-23T14:26:47.007207Z",1779546403.51779,1779546407.00721,0.000574,0.00066,0.000686,3.47461,3.474751,3.473924,0.000140999999999725,3.4675,0.0219139766693117
"2026-05-23T14:26:51.122Z","run_bootstrap",147,"http://client1:8000","run","http://client1:8000/run",1,TRUE,200,1108,254,3.7925112247467,"2026-05-23T14:26:47.321945Z","2026-05-23T14:26:51.114456Z",1779546407.32195,1779546411.11446,0.000543,0.000641,0.000685,3.770644,3.770773,3.769959,0.000129000000000268,3.7625,0.0300112247467039
"2026-05-23T14:26:51.122Z","run_bootstrap",147,"http://client2:8000","run","http://client2:8000/run",1,TRUE,200,1108,255,3.55739808082581,"2026-05-23T14:26:47.321308Z","2026-05-23T14:26:50.878706Z",1779546407.32131,1779546410.87871,0.000578,0.000681,0.000734,3.542639,3.54277,3.541905,0.000131000000000103,3.5333,0.0240980808258056
"2026-05-23T14:26:51.122Z","run_bootstrap",147,"http://client3:8000","run","http://client3:8000/run",1,TRUE,200,1108,252,3.55627942085266,"2026-05-23T14:26:47.323011Z","2026-05-23T14:26:50.879291Z",1779546407.32301,1779546410.87929,0.000513,0.000589,0.000627,3.535818,3.535941,3.535191,0.000122999999999873,3.529,0.0272794208526612
"2026-05-23T14:26:54.933Z","run_bootstrap",148,"http://client1:8000","run","http://client1:8000/run",1,TRUE,200,1108,254,3.54468011856079,"2026-05-23T14:26:51.136474Z","2026-05-23T14:26:54.681154Z",1779546411.13647,1779546414.68115,0.00072,0.000829,0.000863,3.530932,3.531027,3.530069,9.49999999999562e-05,3.5237,0.0209801185607912
"2026-05-23T14:26:54.933Z","run_bootstrap",148,"http://client2:8000","run","http://client2:8000/run",1,TRUE,200,1108,255,3.5453999042511,"2026-05-23T14:26:51.138205Z","2026-05-23T14:26:54.683605Z",1779546411.13821,1779546414.68361,0.000554,0.000664,0.000703,3.530988,3.531122,3.530285,0.000134000000000079,3.5231,0.0222999042510987
"2026-05-23T14:26:54.933Z","run_bootstrap",148,"http://client3:8000","run","http://client3:8000/run",1,TRUE,200,1108,253,3.79049491882324,"2026-05-23T14:26:51.138464Z","2026-05-23T14:26:54.928959Z",1779546411.13846,1779546414.92896,0.000674,0.000794,0.000837,3.770888,3.771103,3.770051,0.000215000000000298,3.7637,0.0267949188232421
"2026-05-23T14:26:58.598Z","run_bootstrap",149,"http://client1:8000","run","http://client1:8000/run",1,TRUE,200,1109,254,3.65005230903625,"2026-05-23T14:26:54.944287Z","2026-05-23T14:26:58.594340Z",1779546414.94429,1779546418.59434,0.000702,0.000808,0.000842,3.636178,3.63633,3.635336,0.00015199999999993,3.6276,0.0224523090362547
"2026-05-23T14:26:58.598Z","run_bootstrap",149,"http://client2:8000","run","http://client2:8000/run",1,TRUE,200,1109,256,3.40014362335205,"2026-05-23T14:26:54.946434Z","2026-05-23T14:26:58.346578Z",1779546414.94643,1779546418.34658,0.000465,0.000521,0.00055,3.385878,3.386046,3.385328,0.000167999999999946,3.3786,0.0215436233520507
"2026-05-23T14:26:58.598Z","run_bootstrap",149,"http://client3:8000","run","http://client3:8000/run",1,TRUE,200,1109,253,3.59745812416077,"2026-05-23T14:26:54.946549Z","2026-05-23T14:26:58.544007Z",1779546414.94655,1779546418.54401,0.000425,0.000504,0.000526,3.584127,3.584248,3.583601,0.000121000000000038,3.5771,0.0203581241607664
"2026-05-23T14:27:02.238Z","run_bootstrap",150,"http://client1:8000","run","http://client1:8000/run",1,TRUE,200,1109,254,3.37590074539185,"2026-05-23T14:26:58.610184Z","2026-05-23T14:27:01.986084Z",1779546418.61018,1779546421.98608,0.000799,0.000877,0.000898,3.362044,3.362108,3.361146,6.4000000000064e-05,3.3543,0.0216007453918459
"2026-05-23T14:27:02.238Z","run_bootstrap",150,"http://client2:8000","run","http://client2:8000/run",1,TRUE,200,1109,255,3.62155175209045,"2026-05-23T14:26:58.612245Z","2026-05-23T14:27:02.233797Z",1779546418.61225,1779546422.2338,0.000532,0.000639,0.000674,3.601104,3.601206,3.60043,0.000102000000000046,3.594,0.0275517520904542
"2026-05-23T14:27:02.238Z","run_bootstrap",150,"http://client3:8000","run","http://client3:8000/run",1,TRUE,200,1109,253,3.55724096298218,"2026-05-23T14:26:58.612190Z","2026-05-23T14:27:02.169431Z",1779546418.61219,1779546422.16943,0.00053,0.000608,0.000639,3.543574,3.543707,3.542935,0.000132999999999939,3.5359,0.0213409629821779
"2026-05-23T14:27:06.237Z","run_bootstrap",151,"http://client1:8000","run","http://client1:8000/run",1,TRUE,200,1109,254,3.98240900039673,"2026-05-23T14:27:02.250228Z","2026-05-23T14:27:06.232637Z",1779546422.25023,1779546426.23264,0.000451,0.000535,0.000558,3.968316,3.968449,3.967758,0.000132999999999939,3.9612,0.0212090003967287
"2026-05-23T14:27:06.237Z","run_bootstrap",151,"http://client2:8000","run","http://client2:8000/run",1,TRUE,200,1109,256,3.6017894744873,"2026-05-23T14:27:02.251042Z","2026-05-23T14:27:05.852832Z",1779546422.25104,1779546425.85283,0.000487,0.00055,0.000571,3.587739,3.587863,3.587168,0.000124000000000013,3.5807,0.0210894744873045
"2026-05-23T14:27:06.237Z","run_bootstrap",151,"http://client3:8000","run","http://client3:8000/run",1,TRUE,200,1109,252,3.64526200294495,"2026-05-23T14:27:02.251838Z","2026-05-23T14:27:05.897100Z",1779546422.25184,1779546425.8971,0.000537,0.000613,0.000647,3.630414,3.630548,3.629767,0.000134000000000079,3.6225,0.0227620029449462
"2026-05-23T14:27:10.243Z","run_bootstrap",152,"http://client1:8000","run","http://client1:8000/run",1,TRUE,200,1109,254,3.98371934890747,"2026-05-23T14:27:06.254396Z","2026-05-23T14:27:10.238115Z",1779546426.2544,1779546430.23812,0.000719,0.000832,0.000873,3.969818,3.969948,3.968945,0.000129999999999963,3.9624,0.0213193489074706
"2026-05-23T14:27:10.243Z","run_bootstrap",152,"http://client2:8000","run","http://client2:8000/run",1,TRUE,200,1109,255,3.70340514183044,"2026-05-23T14:27:06.255220Z","2026-05-23T14:27:09.958625Z",1779546426.25522,1779546429.95863,0.000654,0.000762,0.000803,3.682198,3.682291,3.681395,9.30000000001208e-05,3.674,0.0294051418304444
"2026-05-23T14:27:10.243Z","run_bootstrap",152,"http://client3:8000","run","http://client3:8000/run",1,TRUE,200,1109,252,3.83092045783997,"2026-05-23T14:27:06.255739Z","2026-05-23T14:27:10.086660Z",1779546426.25574,1779546430.08666,0.000426,0.000493,0.000529,3.817223,3.817358,3.816694,0.000135000000000218,3.8101,0.020820457839966
"2026-05-23T14:27:14.358Z","run_bootstrap",153,"http://client1:8000","run","http://client1:8000/run",1,TRUE,200,1108,252,3.84070801734924,"2026-05-23T14:27:10.255122Z","2026-05-23T14:27:14.095830Z",1779546430.25512,1779546434.09583,0.00061,0.000712,0.000746,3.822414,3.822448,3.821668,3.39999999998675e-05,3.8144,0.0263080173492432
"2026-05-23T14:27:14.358Z","run_bootstrap",153,"http://client2:8000","run","http://client2:8000/run",1,TRUE,200,1108,253,4.09389662742615,"2026-05-23T14:27:10.257406Z","2026-05-23T14:27:14.351303Z",1779546430.25741,1779546434.3513,0.000621,0.000706,0.000727,4.075446,4.075476,4.074719,2.99999999997524e-05,4.0683,0.0255966274261477
"2026-05-23T14:27:14.358Z","run_bootstrap",153,"http://client3:8000","run","http://client3:8000/run",1,TRUE,200,1108,253,4.03254699707031,"2026-05-23T14:27:10.257756Z","2026-05-23T14:27:14.290303Z",1779546430.25776,1779546434.2903,0.000578,0.000653,0.000683,4.010188,4.010224,4.009505,3.59999999997029e-05,4.0032,0.0293469970703129
"2026-05-23T14:27:18.462Z","run_bootstrap",154,"http://client1:8000","run","http://client1:8000/run",1,TRUE,200,1108,252,3.96887755393982,"2026-05-23T14:27:14.373368Z","2026-05-23T14:27:18.342246Z",1779546434.37337,1779546438.34225,0.000519,0.000613,0.000648,3.954491,3.954607,3.953843,0.000116000000000227,3.9471,0.0217775539398195
"2026-05-23T14:27:18.462Z","run_bootstrap",154,"http://client2:8000","run","http://client2:8000/run",1,TRUE,200,1108,253,3.94245553016663,"2026-05-23T14:27:14.373715Z","2026-05-23T14:27:18.316171Z",1779546434.37372,1779546438.31617,0.000424,0.00051,0.000569,3.927064,3.927225,3.926495,0.000160999999999856,3.9138,0.0286555301666258
"2026-05-23T14:27:18.462Z","run_bootstrap",154,"http://client3:8000","run","http://client3:8000/run",1,TRUE,200,1108,252,4.08456325531006,"2026-05-23T14:27:14.372920Z","2026-05-23T14:27:18.457483Z",1779546434.37292,1779546438.45748,0.000706,0.000824,0.000864,4.070967,4.071097,4.070103,0.000130000000000408,4.056,0.0285632553100585
"2026-05-23T14:27:22.508Z","run_bootstrap",155,"http://client1:8000","run","http://client1:8000/run",1,TRUE,200,1108,252,3.9819016456604,"2026-05-23T14:27:18.521719Z","2026-05-23T14:27:22.503621Z",1779546438.52172,1779546442.50362,0.000635,0.000746,0.000788,3.968293,3.968435,3.967505,0.000141999999999864,3.9598,0.0221016456604004
"2026-05-23T14:27:22.508Z","run_bootstrap",155,"http://client2:8000","run","http://client2:8000/run",1,TRUE,200,1108,256,3.69009494781494,"2026-05-23T14:27:18.522910Z","2026-05-23T14:27:22.213005Z",1779546438.52291,1779546442.21301,0.000638,0.000755,0.000797,3.676663,3.676806,3.675866,0.000143000000000004,3.6689,0.0211949478149416
"2026-05-23T14:27:22.508Z","run_bootstrap",155,"http://client3:8000","run","http://client3:8000/run",1,TRUE,200,1108,255,3.90810871124268,"2026-05-23T14:27:18.524783Z","2026-05-23T14:27:22.432892Z",1779546438.52478,1779546442.43289,0.000466,0.000573,0.000614,3.895453,3.895565,3.894839,0.000112000000000112,3.8881,0.0200087112426757
"2026-05-23T14:27:26.608Z","run_bootstrap",156,"http://client1:8000","run","http://client1:8000/run",1,TRUE,200,1108,252,3.82181715965271,"2026-05-23T14:27:22.520857Z","2026-05-23T14:27:26.342674Z",1779546442.52086,1779546446.34267,0.000737,0.000844,0.00088,3.807198,3.80734,3.806318,0.000141999999999864,3.7997,0.0221171596527099
"2026-05-23T14:27:26.608Z","run_bootstrap",156,"http://client2:8000","run","http://client2:8000/run",1,TRUE,200,1108,255,4.08019757270813,"2026-05-23T14:27:22.521429Z","2026-05-23T14:27:26.601626Z",1779546442.52143,1779546446.60163,0.000768,0.00088,0.000914,4.064426,4.064561,4.063512,0.000135000000000218,4.056,0.0241975727081298
"2026-05-23T14:27:26.608Z","run_bootstrap",156,"http://client3:8000","run","http://client3:8000/run",1,TRUE,200,1108,255,3.82066607475281,"2026-05-23T14:27:22.522009Z","2026-05-23T14:27:26.342675Z",1779546442.52201,1779546446.34268,0.00052,0.000605,0.000638,3.804425,3.804521,3.803787,9.59999999996519e-05,3.7972,0.0234660747528075
"2026-05-23T14:27:30.532Z","run_bootstrap",157,"http://client1:8000","run","http://client1:8000/run",1,TRUE,200,1110,262,2.71832132339478,"2026-05-23T14:27:26.622689Z","2026-05-23T14:27:29.341010Z",1779546446.62269,1779546449.34101,0.000638,0.000734,0.00077,2.704379,2.704494,2.703609,0.000115000000000087,2.6965,0.0218213233947755
"2026-05-23T14:27:30.532Z","run_bootstrap",157,"http://client2:8000","run","http://client2:8000/run",1,TRUE,200,1110,260,3.89037275314331,"2026-05-23T14:27:26.623161Z","2026-05-23T14:27:30.513534Z",1779546446.62316,1779546450.51353,0.000573,0.00066,0.000693,3.869535,3.869678,3.868842,0.000143000000000004,3.8614,0.0289727531433104
"2026-05-23T14:27:30.532Z","run_bootstrap",157,"http://client3:8000","run","http://client3:8000/run",1,TRUE,200,1110,262,3.90332269668579,"2026-05-23T14:27:26.623220Z","2026-05-23T14:27:30.526543Z",1779546446.62322,1779546450.52654,0.000521,0.000634,0.000672,3.889823,3.889964,3.889151,0.000141000000000169,3.8825,0.0208226966857912
"2026-05-23T14:27:34.337Z","run_bootstrap",158,"http://client1:8000","run","http://client1:8000/run",1,TRUE,200,1110,262,3.63758277893066,"2026-05-23T14:27:30.543509Z","2026-05-23T14:27:34.181092Z",1779546450.54351,1779546454.18109,0.000602,0.000686,0.000722,3.623339,3.623468,3.622617,0.000128999999999824,3.6158,0.0217827789306639
"2026-05-23T14:27:34.337Z","run_bootstrap",158,"http://client2:8000","run","http://client2:8000/run",1,TRUE,200,1110,260,3.49839544296265,"2026-05-23T14:27:30.544399Z","2026-05-23T14:27:34.042795Z",1779546450.5444,1779546454.0428,0.000553,0.00063,0.000656,3.485301,3.48543,3.484645,0.000128999999999824,3.4783,0.0200954429626465
"2026-05-23T14:27:34.337Z","run_bootstrap",158,"http://client3:8000","run","http://client3:8000/run",1,TRUE,200,1110,261,3.78651356697083,"2026-05-23T14:27:30.545966Z","2026-05-23T14:27:34.332480Z",1779546450.54597,1779546454.33248,0.000557,0.000633,0.000668,3.774048,3.77417,3.77338,0.000121999999999733,3.767,0.0195135669708253
"2026-05-23T14:27:37.903Z","run_bootstrap",159,"http://client1:8000","run","http://client1:8000/run",1,TRUE,200,1109,252,3.50239086151123,"2026-05-23T14:27:34.354945Z","2026-05-23T14:27:37.857336Z",1779546454.35495,1779546457.85734,0.000571,0.000646,0.000684,3.488201,3.488235,3.487517,3.39999999998675e-05,3.4782,0.0241908615112303
"2026-05-23T14:27:37.903Z","run_bootstrap",159,"http://client2:8000","run","http://client2:8000/run",1,TRUE,200,1109,255,3.54310035705566,"2026-05-23T14:27:34.355617Z","2026-05-23T14:27:37.898717Z",1779546454.35562,1779546457.89872,0.000525,0.000641,0.000689,3.523559,3.523596,3.52287,3.69999999998427e-05,3.5152,0.027900357055664
"2026-05-23T14:27:37.903Z","run_bootstrap",159,"http://client3:8000","run","http://client3:8000/run",1,TRUE,200,1109,254,3.53033041954041,"2026-05-23T14:27:34.355260Z","2026-05-23T14:27:37.885591Z",1779546454.35526,1779546457.88559,0.000454,0.000566,0.000612,3.516297,3.516331,3.515685,3.40000000003116e-05,3.5096,0.0207304195404054
"2026-05-23T14:27:41.737Z","run_bootstrap",160,"http://client1:8000","run","http://client1:8000/run",1,TRUE,200,1109,252,3.71712303161621,"2026-05-23T14:27:37.916829Z","2026-05-23T14:27:41.633952Z",1779546457.91683,1779546461.63395,0.000605,0.000671,0.000693,3.697462,3.69749,3.696769,2.80000000003611e-05,3.5389,0.178223031616211
"2026-05-23T14:27:41.737Z","run_bootstrap",160,"http://client2:8000","run","http://client2:8000/run",1,TRUE,200,1109,255,3.81609225273132,"2026-05-23T14:27:37.917351Z","2026-05-23T14:27:41.733443Z",1779546457.91735,1779546461.73344,0.000571,0.000676,0.000709,3.79652,3.796555,3.795811,3.50000000000072e-05,3.6376,0.178492252731323
"2026-05-23T14:27:41.737Z","run_bootstrap",160,"http://client3:8000","run","http://client3:8000/run",1,TRUE,200,1109,254,3.6394522190094,"2026-05-23T14:27:37.918993Z","2026-05-23T14:27:41.558445Z",1779546457.91899,1779546461.55845,0.000631,0.000684,0.000703,3.621929,3.621956,3.621226,2.69999999997772e-05,3.4763,0.163152219009399
"2026-05-23T14:27:45.447Z","run_bootstrap",161,"http://client1:8000","run","http://client1:8000/run",1,TRUE,200,1109,250,3.4594931602478,"2026-05-23T14:27:41.752133Z","2026-05-23T14:27:45.211626Z",1779546461.75213,1779546465.21163,0.000542,0.000653,0.00069,3.438191,3.438327,3.437501,0.000135999999999914,3.4302,0.0292931602478026
"2026-05-23T14:27:45.447Z","run_bootstrap",161,"http://client2:8000","run","http://client2:8000/run",1,TRUE,200,1109,256,3.27120614051819,"2026-05-23T14:27:41.752681Z","2026-05-23T14:27:45.023887Z",1779546461.75268,1779546465.02389,0.000515,0.000608,0.000643,3.249977,3.250094,3.249334,0.000116999999999923,3.2423,0.0289061405181883
"2026-05-23T14:27:45.447Z","run_bootstrap",161,"http://client3:8000","run","http://client3:8000/run",1,TRUE,200,1109,252,3.68719601631165,"2026-05-23T14:27:41.753104Z","2026-05-23T14:27:45.440300Z",1779546461.7531,1779546465.4403,0.000644,0.000756,0.000795,3.670586,3.670715,3.669791,0.000128999999999824,3.6582,0.0289960163116456
"2026-05-23T14:27:49.102Z","run_bootstrap",162,"http://client1:8000","run","http://client1:8000/run",1,TRUE,200,1109,250,3.46747326850891,"2026-05-23T14:27:45.459641Z","2026-05-23T14:27:48.927114Z",1779546465.45964,1779546468.92711,0.000609,0.00072,0.000764,3.453895,3.454001,3.453131,0.000105999999999717,3.4428,0.0246732685089111
"2026-05-23T14:27:49.102Z","run_bootstrap",162,"http://client2:8000","run","http://client2:8000/run",1,TRUE,200,1109,256,3.63620042800903,"2026-05-23T14:27:45.461144Z","2026-05-23T14:27:49.097345Z",1779546465.46114,1779546469.09735,0.000537,0.000609,0.000634,3.622469,3.622611,3.621835,0.000141999999999864,3.6154,0.020800428009033
"2026-05-23T14:27:49.102Z","run_bootstrap",162,"http://client3:8000","run","http://client3:8000/run",1,TRUE,200,1109,252,3.5401303768158,"2026-05-23T14:27:45.461313Z","2026-05-23T14:27:49.001443Z",1779546465.46131,1779546469.00144,0.000528,0.00061,0.000633,3.527322,3.527446,3.526689,0.000124000000000013,3.5205,0.0196303768157957
"2026-05-23T14:27:52.695Z","run_bootstrap",163,"http://client1:8000","run","http://client1:8000/run",1,TRUE,200,1110,256,3.54047775268555,"2026-05-23T14:27:49.113656Z","2026-05-23T14:27:52.654134Z",1779546469.11366,1779546472.65413,0.000673,0.000783,0.000818,3.525138,3.525229,3.52432,9.09999999998412e-05,3.5178,0.0226777526855471
"2026-05-23T14:27:52.695Z","run_bootstrap",163,"http://client2:8000","run","http://client2:8000/run",1,TRUE,200,1110,252,3.24055743217468,"2026-05-23T14:27:49.113154Z","2026-05-23T14:27:52.353712Z",1779546469.11315,1779546472.35371,0.000728,0.000831,0.000864,3.226717,3.226842,3.225853,0.000125000000000153,3.2193,0.0212574321746826
"2026-05-23T14:27:52.695Z","run_bootstrap",163,"http://client3:8000","run","http://client3:8000/run",1,TRUE,200,1110,254,3.57558917999268,"2026-05-23T14:27:49.114871Z","2026-05-23T14:27:52.690460Z",1779546469.11487,1779546472.69046,0.000644,0.000759,0.000795,3.555288,3.555444,3.554493,0.000156000000000045,3.5483,0.027289179992676
"2026-05-23T14:27:56.532Z","run_bootstrap",164,"http://client1:8000","run","http://client1:8000/run",1,TRUE,200,1110,256,3.8175687789917,"2026-05-23T14:27:52.707228Z","2026-05-23T14:27:56.524797Z",1779546472.70723,1779546476.5248,0.000718,0.000824,0.000863,3.803361,3.803453,3.802498,9.1999999999981e-05,3.7862,0.0313687789916992
"2026-05-23T14:27:56.532Z","run_bootstrap",164,"http://client2:8000","run","http://client2:8000/run",1,TRUE,200,1110,252,3.67779278755188,"2026-05-23T14:27:52.708328Z","2026-05-23T14:27:56.386121Z",1779546472.70833,1779546476.38612,0.000517,0.000632,0.000671,3.658321,3.65845,3.65765,0.000129000000000268,3.6505,0.0272927875518798
"2026-05-23T14:27:56.532Z","run_bootstrap",164,"http://client3:8000","run","http://client3:8000/run",1,TRUE,200,1110,253,3.65279722213745,"2026-05-23T14:27:52.708740Z","2026-05-23T14:27:56.361537Z",1779546472.70874,1779546476.36154,0.000677,0.000795,0.000835,3.63513,3.635283,3.634295,0.000152999999999626,3.628,0.0247972221374511
"2026-05-23T14:28:00.176Z","run_bootstrap",165,"http://client1:8000","run","http://client1:8000/run",1,TRUE,200,1110,254,3.62588024139404,"2026-05-23T14:27:56.546109Z","2026-05-23T14:28:00.171989Z",1779546476.54611,1779546480.17199,0.000424,0.000499,0.000524,3.604481,3.6046,3.603957,0.000119000000000202,3.5977,0.0281802413940428
"2026-05-23T14:28:00.176Z","run_bootstrap",165,"http://client2:8000","run","http://client2:8000/run",1,TRUE,200,1110,252,3.58454418182373,"2026-05-23T14:27:56.546840Z","2026-05-23T14:28:00.131384Z",1779546476.54684,1779546480.13138,0.000407,0.000527,0.000563,3.561823,3.561953,3.56126,0.000129999999999963,3.5534,0.0311441818237306
"2026-05-23T14:28:00.176Z","run_bootstrap",165,"http://client3:8000","run","http://client3:8000/run",1,TRUE,200,1110,251,3.57299256324768,"2026-05-23T14:27:56.547228Z","2026-05-23T14:28:00.120220Z",1779546476.54723,1779546480.12022,0.000588,0.000663,0.000693,3.551765,3.551898,3.551072,0.000132999999999939,3.5445,0.0284925632476805
"2026-05-23T14:28:03.996Z","run_bootstrap",166,"http://client1:8000","run","http://client1:8000/run",1,TRUE,200,1110,254,3.79533982276917,"2026-05-23T14:28:00.196922Z","2026-05-23T14:28:03.992262Z",1779546480.19692,1779546483.99226,0.000617,0.000713,0.000748,3.78417,3.784196,3.783422,2.60000000000815e-05,3.7769,0.0184398227691651
"2026-05-23T14:28:03.996Z","run_bootstrap",166,"http://client2:8000","run","http://client2:8000/run",1,TRUE,200,1110,252,3.52534532546997,"2026-05-23T14:28:00.196949Z","2026-05-23T14:28:03.722294Z",1779546480.19695,1779546483.72229,0.000554,0.000694,0.000765,3.51338,3.513414,3.512615,3.39999999998675e-05,3.5062,0.0191453254699705
"2026-05-23T14:28:03.996Z","run_bootstrap",166,"http://client3:8000","run","http://client3:8000/run",1,TRUE,200,1110,251,3.78416967391968,"2026-05-23T14:28:00.194592Z","2026-05-23T14:28:03.978762Z",1779546480.19459,1779546483.97876,0.000653,0.000766,8e-04,3.772077,3.772112,3.771277,3.50000000000072e-05,3.7646,0.0195696739196776
"2026-05-23T14:28:07.728Z","run_bootstrap",167,"http://client1:8000","run","http://client1:8000/run",1,TRUE,200,1109,255,3.64186000823975,"2026-05-23T14:28:04.009393Z","2026-05-23T14:28:07.651253Z",1779546484.00939,1779546487.65125,0.000716,0.000821,0.000857,3.628503,3.62861,3.627646,0.000107000000000301,3.6211,0.0207600082397459
"2026-05-23T14:28:07.728Z","run_bootstrap",167,"http://client2:8000","run","http://client2:8000/run",1,TRUE,200,1109,253,3.53553819656372,"2026-05-23T14:28:04.011806Z","2026-05-23T14:28:07.547344Z",1779546484.01181,1779546487.54734,0.000782,0.000893,0.000929,3.521893,3.522056,3.520964,0.000163000000000135,3.5148,0.0207381965637206
"2026-05-23T14:28:07.728Z","run_bootstrap",167,"http://client3:8000","run","http://client3:8000/run",1,TRUE,200,1109,254,3.71166896820068,"2026-05-23T14:28:04.012234Z","2026-05-23T14:28:07.723903Z",1779546484.01223,1779546487.7239,0.000629,0.000743,0.000777,3.696885,3.697011,3.696108,0.000125999999999848,3.6897,0.0219689682006834
"2026-05-23T14:28:11.442Z","run_bootstrap",168,"http://client1:8000","run","http://client1:8000/run",1,TRUE,200,1109,255,3.61118507385254,"2026-05-23T14:28:07.740860Z","2026-05-23T14:28:11.352046Z",1779546487.74086,1779546491.35205,0.000759,0.000878,0.000918,3.595158,3.595292,3.59424,0.000134000000000079,3.5874,0.0237850738525389
"2026-05-23T14:28:11.442Z","run_bootstrap",168,"http://client2:8000","run","http://client2:8000/run",1,TRUE,200,1109,253,3.69327974319458,"2026-05-23T14:28:07.741591Z","2026-05-23T14:28:11.434871Z",1779546487.74159,1779546491.43487,0.000607,7e-04,0.000734,3.677178,3.677335,3.676444,0.000156999999999741,3.6698,0.0234797431945801
"2026-05-23T14:28:11.442Z","run_bootstrap",168,"http://client3:8000","run","http://client3:8000/run",1,TRUE,200,1109,254,3.67605638504028,"2026-05-23T14:28:07.742290Z","2026-05-23T14:28:11.418346Z",1779546487.74229,1779546491.41835,0.000545,0.000668,0.000711,3.660609,3.660753,3.659898,0.000144000000000144,3.6536,0.0224563850402832
"2026-05-23T14:28:15.289Z","run_bootstrap",169,"http://client1:8000","run","http://client1:8000/run",1,TRUE,200,1109,256,3.55460143089294,"2026-05-23T14:28:11.455526Z","2026-05-23T14:28:15.010127Z",1779546491.45553,1779546495.01013,0.000622,0.000719,0.000753,3.53905,3.539187,3.538297,0.000137000000000054,3.5293,0.0253014308929442
"2026-05-23T14:28:15.289Z","run_bootstrap",169,"http://client2:8000","run","http://client2:8000/run",1,TRUE,200,1109,253,3.63057470321655,"2026-05-23T14:28:11.456162Z","2026-05-23T14:28:15.086736Z",1779546491.45616,1779546495.08674,0.000598,0.00071,0.000749,3.615645,3.615781,3.614896,0.000135999999999914,3.6074,0.0231747032165526
"2026-05-23T14:28:15.289Z","run_bootstrap",169,"http://client3:8000","run","http://client3:8000/run",1,TRUE,200,1109,255,3.82704520225525,"2026-05-23T14:28:11.457558Z","2026-05-23T14:28:15.284603Z",1779546491.45756,1779546495.2846,0.000429,5e-04,0.000535,3.813764,3.813892,3.813229,0.000128000000000128,3.8058,0.021245202255249
"2026-05-23T14:28:19.041Z","run_bootstrap",170,"http://client1:8000","run","http://client1:8000/run",1,TRUE,200,1109,256,3.57244467735291,"2026-05-23T14:28:15.301729Z","2026-05-23T14:28:18.874174Z",1779546495.30173,1779546498.87417,0.000592,0.000664,0.000698,3.550943,3.551076,3.550245,0.000132999999999939,3.5434,0.0290446773529052
"2026-05-23T14:28:19.041Z","run_bootstrap",170,"http://client2:8000","run","http://client2:8000/run",1,TRUE,200,1109,253,3.73081660270691,"2026-05-23T14:28:15.302413Z","2026-05-23T14:28:19.033230Z",1779546495.30241,1779546499.03323,0.000583,0.000663,0.000688,3.713327,3.713457,3.712639,0.000129999999999963,3.7064,0.0244166027069093
"2026-05-23T14:28:19.041Z","run_bootstrap",170,"http://client3:8000","run","http://client3:8000/run",1,TRUE,200,1109,255,3.59731459617615,"2026-05-23T14:28:15.302982Z","2026-05-23T14:28:18.900296Z",1779546495.30298,1779546498.9003,0.000623,0.000715,0.000755,3.580301,3.5804,3.579546,9.90000000000713e-05,3.5733,0.0240145961761473
"2026-05-23T14:28:22.808Z","run_bootstrap",171,"http://client1:8000","run","http://client1:8000/run",1,TRUE,200,1109,256,3.75008273124695,"2026-05-23T14:28:19.054345Z","2026-05-23T14:28:22.804428Z",1779546499.05435,1779546502.80443,0.000772,0.000829,0.000858,3.726065,3.726098,3.725207,3.29999999997277e-05,3.7182,0.0318827312469483
"2026-05-23T14:28:22.808Z","run_bootstrap",171,"http://client2:8000","run","http://client2:8000/run",1,TRUE,200,1109,252,3.63984632492065,"2026-05-23T14:28:19.054664Z","2026-05-23T14:28:22.694510Z",1779546499.05466,1779546502.69451,0.000605,0.000722,0.000759,3.610638,3.610664,3.609879,2.60000000000815e-05,3.603,0.0368463249206541
"2026-05-23T14:28:22.808Z","run_bootstrap",171,"http://client3:8000","run","http://client3:8000/run",1,TRUE,200,1109,255,3.6717164516449,"2026-05-23T14:28:19.054832Z","2026-05-23T14:28:22.726548Z",1779546499.05483,1779546502.72655,0.000659,0.000762,0.000797,3.64859,3.648623,3.647793,3.30000000001718e-05,3.6407,0.0310164516448976
"2026-05-23T14:28:26.506Z","run_bootstrap",172,"http://client1:8000","run","http://client1:8000/run",1,TRUE,200,1109,256,3.67589545249939,"2026-05-23T14:28:22.826276Z","2026-05-23T14:28:26.502171Z",1779546502.82628,1779546506.50217,0.000604,0.000687,0.000726,3.66183,3.661982,3.661104,0.00015199999999993,3.6545,0.0213954524993896
"2026-05-23T14:28:26.506Z","run_bootstrap",172,"http://client2:8000","run","http://client2:8000/run",1,TRUE,200,1109,253,3.52929902076721,"2026-05-23T14:28:22.826325Z","2026-05-23T14:28:26.355624Z",1779546502.82633,1779546506.35562,0.000407,0.000493,0.000518,3.515346,3.515448,3.514828,0.000102000000000046,3.5083,0.0209990207672117
"2026-05-23T14:28:26.506Z","run_bootstrap",172,"http://client3:8000","run","http://client3:8000/run",1,TRUE,200,1109,255,3.57570838928223,"2026-05-23T14:28:22.828189Z","2026-05-23T14:28:26.403897Z",1779546502.82819,1779546506.4039,0.000572,0.000645,0.00068,3.560334,3.560477,3.559654,0.000143000000000004,3.5532,0.0225083892822266
"2026-05-23T14:28:30.355Z","run_bootstrap",173,"http://client1:8000","run","http://client1:8000/run",1,TRUE,200,1110,250,3.55426788330078,"2026-05-23T14:28:26.518391Z","2026-05-23T14:28:30.072659Z",1779546506.51839,1779546510.07266,0.000575,0.000657,0.000691,3.532937,3.53305,3.532246,0.000112999999999808,3.5245,0.0297678833007811
"2026-05-23T14:28:30.355Z","run_bootstrap",173,"http://client2:8000","run","http://client2:8000/run",1,TRUE,200,1110,253,3.83134651184082,"2026-05-23T14:28:26.518962Z","2026-05-23T14:28:30.350309Z",1779546506.51896,1779546510.35031,0.000541,0.000797,0.000822,3.817002,3.817136,3.81618,0.000134000000000079,3.8088,0.0225465118408201
"2026-05-23T14:28:30.355Z","run_bootstrap",173,"http://client3:8000","run","http://client3:8000/run",1,TRUE,200,1110,253,3.65138792991638,"2026-05-23T14:28:26.519441Z","2026-05-23T14:28:30.170829Z",1779546506.51944,1779546510.17083,0.00057,0.000645,0.000677,3.630981,3.631131,3.630304,0.000150000000000095,3.6237,0.0276879299163819
"2026-05-23T14:28:34.191Z","run_bootstrap",174,"http://client1:8000","run","http://client1:8000/run",1,TRUE,200,1110,250,3.67579436302185,"2026-05-23T14:28:30.366641Z","2026-05-23T14:28:34.042436Z",1779546510.36664,1779546514.04244,0.000616,0.000721,0.000755,3.66151,3.66165,3.660755,0.000140000000000029,3.6529,0.0228943630218508
"2026-05-23T14:28:34.191Z","run_bootstrap",174,"http://client2:8000","run","http://client2:8000/run",1,TRUE,200,1110,253,3.54814600944519,"2026-05-23T14:28:30.368364Z","2026-05-23T14:28:33.916510Z",1779546510.36836,1779546513.91651,0.000531,0.000647,0.000684,3.526865,3.527032,3.526181,0.00016700000000025,3.5174,0.0307460094451906
"2026-05-23T14:28:34.191Z","run_bootstrap",174,"http://client3:8000","run","http://client3:8000/run",1,TRUE,200,1110,253,3.81520843505859,"2026-05-23T14:28:30.368796Z","2026-05-23T14:28:34.184005Z",1779546510.3688,1779546514.18401,0.000694,0.000805,0.000842,3.797259,3.797411,3.796417,0.00015199999999993,3.7887,0.0265084350585938
"2026-05-23T14:28:37.931Z","run_bootstrap",175,"http://client1:8000","run","http://client1:8000/run",1,TRUE,200,1106,255,3.71416759490967,"2026-05-23T14:28:34.209763Z","2026-05-23T14:28:37.923931Z",1779546514.20976,1779546517.92393,0.000608,0.000687,0.000718,3.690843,3.690984,3.690125,0.000140999999999725,3.6819,0.0322675949096678
"2026-05-23T14:28:37.931Z","run_bootstrap",175,"http://client2:8000","run","http://client2:8000/run",1,TRUE,200,1106,251,3.71398520469666,"2026-05-23T14:28:34.210360Z","2026-05-23T14:28:37.924345Z",1779546514.21036,1779546517.92435,0.00058,0.000677,0.000712,3.691503,3.69161,3.690791,0.000106999999999857,3.6809,0.0330852046966554
"2026-05-23T14:28:37.931Z","run_bootstrap",175,"http://client3:8000","run","http://client3:8000/run",1,TRUE,200,1106,254,3.70716118812561,"2026-05-23T14:28:34.211269Z","2026-05-23T14:28:37.918430Z",1779546514.21127,1779546517.91843,0.000601,0.000721,0.000762,3.685287,3.685433,3.684525,0.000145999999999979,3.6783,0.0288611881256102
"2026-05-23T14:28:41.905Z","run_bootstrap",176,"http://client1:8000","run","http://client1:8000/run",1,TRUE,200,1106,255,3.9544472694397,"2026-05-23T14:28:37.946235Z","2026-05-23T14:28:41.900682Z",1779546517.94624,1779546521.90068,0.000532,0.000587,0.000618,3.941224,3.941267,3.940606,4.29999999997932e-05,3.9184,0.0360472694396972
"2026-05-23T14:28:41.905Z","run_bootstrap",176,"http://client2:8000","run","http://client2:8000/run",1,TRUE,200,1106,250,3.92344307899475,"2026-05-23T14:28:37.945682Z","2026-05-23T14:28:41.869125Z",1779546517.94568,1779546521.86913,0.000485,0.000563,0.000585,3.908879,3.908943,3.908294,6.39999999996199e-05,3.891,0.032443078994751
"2026-05-23T14:28:41.905Z","run_bootstrap",176,"http://client3:8000","run","http://client3:8000/run",1,TRUE,200,1106,254,3.70748138427734,"2026-05-23T14:28:37.946339Z","2026-05-23T14:28:41.653820Z",1779546517.94634,1779546521.65382,0.000631,0.000708,0.00074,3.694009,3.694171,3.693269,0.000161999999999995,3.6867,0.0207813842773437
"2026-05-23T14:28:45.905Z","run_bootstrap",177,"http://client1:8000","run","http://client1:8000/run",1,TRUE,200,1109,254,3.98368072509766,"2026-05-23T14:28:41.917351Z","2026-05-23T14:28:45.901031Z",1779546521.91735,1779546525.90103,0.000389,0.00049,0.000526,3.957508,3.957535,3.956982,2.70000000002213e-05,3.9488,0.0348807250976564
"2026-05-23T14:28:45.905Z","run_bootstrap",177,"http://client2:8000","run","http://client2:8000/run",1,TRUE,200,1109,253,3.64679408073425,"2026-05-23T14:28:41.917784Z","2026-05-23T14:28:45.564579Z",1779546521.91778,1779546525.56458,0.000474,0.000562,0.000596,3.6231,3.623137,3.622504,3.69999999998427e-05,3.6155,0.031294080734253
"2026-05-23T14:28:45.905Z","run_bootstrap",177,"http://client3:8000","run","http://client3:8000/run",1,TRUE,200,1109,254,3.78280377388,"2026-05-23T14:28:41.918117Z","2026-05-23T14:28:45.700921Z",1779546521.91812,1779546525.70092,0.000457,0.000562,0.000597,3.764942,3.764974,3.764345,3.2000000000032e-05,3.7565,0.0263037738800049
"2026-05-23T14:28:49.767Z","run_bootstrap",178,"http://client1:8000","run","http://client1:8000/run",1,TRUE,200,1109,254,3.84429836273193,"2026-05-23T14:28:45.919149Z","2026-05-23T14:28:49.763448Z",1779546525.91915,1779546529.76345,0.000757,0.000869,0.000903,3.830666,3.830794,3.829763,0.000128000000000128,3.8232,0.0210983627319337
"2026-05-23T14:28:49.767Z","run_bootstrap",178,"http://client2:8000","run","http://client2:8000/run",1,TRUE,200,1109,253,3.83411455154419,"2026-05-23T14:28:45.920942Z","2026-05-23T14:28:49.755056Z",1779546525.92094,1779546529.75506,0.000499,0.00057,6e-04,3.820867,3.821008,3.820267,0.000141000000000169,3.8127,0.0214145515441895
"2026-05-23T14:28:49.767Z","run_bootstrap",178,"http://client3:8000","run","http://client3:8000/run",1,TRUE,200,1109,254,3.73718667030334,"2026-05-23T14:28:45.920142Z","2026-05-23T14:28:49.657328Z",1779546525.92014,1779546529.65733,0.000489,0.000586,0.000621,3.723069,3.7232,3.722448,0.000130999999999659,3.7155,0.0216866703033447
"2026-05-23T14:28:53.563Z","run_bootstrap",179,"http://client1:8000","run","http://client1:8000/run",1,TRUE,200,1109,255,3.77401733398438,"2026-05-23T14:28:49.778125Z","2026-05-23T14:28:53.552142Z",1779546529.77813,1779546533.55214,0.000692,0.000796,0.000829,3.759399,3.759482,3.75857,8.30000000000553e-05,3.751,0.0230173339843751
"2026-05-23T14:28:53.563Z","run_bootstrap",179,"http://client2:8000","run","http://client2:8000/run",1,TRUE,200,1109,253,3.77521634101868,"2026-05-23T14:28:49.780424Z","2026-05-23T14:28:53.555641Z",1779546529.78042,1779546533.55564,0.000678,0.000775,0.000812,3.761299,3.761436,3.760487,0.00013699999999961,3.7519,0.0233163410186767
"2026-05-23T14:28:53.563Z","run_bootstrap",179,"http://client3:8000","run","http://client3:8000/run",1,TRUE,200,1109,255,3.53028607368469,"2026-05-23T14:28:49.780556Z","2026-05-23T14:28:53.310842Z",1779546529.78056,1779546533.31084,0.000677,0.000775,0.000812,3.516395,3.516527,3.515583,0.000131999999999799,3.5049,0.0253860736846923
"2026-05-23T14:28:57.723Z","run_bootstrap",180,"http://client1:8000","run","http://client1:8000/run",1,TRUE,200,1109,256,3.89317655563354,"2026-05-23T14:28:53.575285Z","2026-05-23T14:28:57.468462Z",1779546533.57529,1779546537.46846,0.000614,0.000717,0.000752,3.878759,3.878864,3.878007,0.000105000000000022,3.7162,0.176976555633545
"2026-05-23T14:28:57.723Z","run_bootstrap",180,"http://client2:8000","run","http://client2:8000/run",1,TRUE,200,1109,253,3.918869972229,"2026-05-23T14:28:53.576218Z","2026-05-23T14:28:57.495088Z",1779546533.57622,1779546537.49509,0.000549,0.000628,0.000662,3.903951,3.904087,3.903289,0.000135999999999914,3.7504,0.168469972229004
"2026-05-23T14:28:57.723Z","run_bootstrap",180,"http://client3:8000","run","http://client3:8000/run",1,TRUE,200,1109,255,4.14247560501099,"2026-05-23T14:28:53.576638Z","2026-05-23T14:28:57.719113Z",1779546533.57664,1779546537.71911,0.000454,0.00053,0.000561,4.122706,4.122989,4.122145,0.000282999999999589,3.9715,0.170975605010987
"2026-05-23T14:29:01.431Z","run_bootstrap",181,"http://client1:8000","run","http://client1:8000/run",1,TRUE,200,1109,255,3.50420498847961,"2026-05-23T14:28:57.735468Z","2026-05-23T14:29:01.239673Z",1779546537.73547,1779546541.23967,0.000831,0.000909,0.000931,3.490112,3.49023,3.489181,0.000118000000000062,3.4832,0.0210049884796142
"2026-05-23T14:29:01.431Z","run_bootstrap",181,"http://client2:8000","run","http://client2:8000/run",1,TRUE,200,1109,252,3.68911457061768,"2026-05-23T14:28:57.737515Z","2026-05-23T14:29:01.426629Z",1779546537.73752,1779546541.42663,0.000543,0.000611,0.000629,3.67175,3.671886,3.671121,0.000136000000000358,3.6656,0.0235145706176758
"2026-05-23T14:29:01.431Z","run_bootstrap",181,"http://client3:8000","run","http://client3:8000/run",1,TRUE,200,1109,255,3.53328442573547,"2026-05-23T14:28:57.737885Z","2026-05-23T14:29:01.271170Z",1779546537.73789,1779546541.27117,0.000596,0.000663,0.000684,3.516115,3.516287,3.515431,0.000172000000000061,3.5096,0.0236844257354738
"2026-05-23T14:29:05.178Z","run_bootstrap",182,"http://client1:8000","run","http://client1:8000/run",1,TRUE,200,1109,255,3.54039716720581,"2026-05-23T14:29:01.443977Z","2026-05-23T14:29:04.984374Z",1779546541.44398,1779546544.98437,0.000838,0.000955,0.00099,3.521915,3.521965,3.520925,4.99999999998835e-05,3.5134,0.0269971672058107
"2026-05-23T14:29:05.178Z","run_bootstrap",182,"http://client2:8000","run","http://client2:8000/run",1,TRUE,200,1109,251,3.45509815216064,"2026-05-23T14:29:01.445898Z","2026-05-23T14:29:04.900996Z",1779546541.4459,1779546544.901,0.000533,0.00062,0.000654,3.434635,3.434673,3.433981,3.79999999999825e-05,3.428,0.0270981521606446
"2026-05-23T14:29:05.178Z","run_bootstrap",182,"http://client3:8000","run","http://client3:8000/run",1,TRUE,200,1109,255,3.72643303871155,"2026-05-23T14:29:01.446253Z","2026-05-23T14:29:05.172686Z",1779546541.44625,1779546545.17269,0.000761,0.000862,0.000899,3.706434,3.70647,3.705535,3.6000000000147e-05,3.6994,0.0270330387115481
"2026-05-23T14:29:08.924Z","run_bootstrap",183,"http://client1:8000","run","http://client1:8000/run",1,TRUE,200,1108,255,3.57588839530945,"2026-05-23T14:29:05.191601Z","2026-05-23T14:29:08.767490Z",1779546545.1916,1779546548.76749,0.000682,0.000793,0.000827,3.56207,3.562212,3.561243,0.000142000000000309,3.5548,0.0210883953094481
"2026-05-23T14:29:08.924Z","run_bootstrap",183,"http://client2:8000","run","http://client2:8000/run",1,TRUE,200,1108,251,3.45070481300354,"2026-05-23T14:29:05.193403Z","2026-05-23T14:29:08.644108Z",1779546545.1934,1779546548.64411,0.00051,0.000616,0.000654,3.434185,3.434324,3.433531,0.000139000000000333,3.4263,0.0244048130035401
"2026-05-23T14:29:08.924Z","run_bootstrap",183,"http://client3:8000","run","http://client3:8000/run",1,TRUE,200,1108,250,3.72356271743774,"2026-05-23T14:29:05.193782Z","2026-05-23T14:29:08.917345Z",1779546545.19378,1779546548.91735,0.000509,0.000616,0.000654,3.707656,3.707795,3.707002,0.000138999999999889,3.701,0.0225627174377441
"2026-05-23T14:29:12.649Z","run_bootstrap",184,"http://client1:8000","run","http://client1:8000/run",1,TRUE,200,1108,254,3.53726768493652,"2026-05-23T14:29:08.936586Z","2026-05-23T14:29:12.473854Z",1779546548.93659,1779546552.47385,0.000712,0.000838,0.000877,3.524302,3.524545,3.523425,0.000242999999999771,3.517,0.0202676849365235
"2026-05-23T14:29:12.649Z","run_bootstrap",184,"http://client2:8000","run","http://client2:8000/run",1,TRUE,200,1108,251,3.70794415473938,"2026-05-23T14:29:08.937087Z","2026-05-23T14:29:12.645031Z",1779546548.93709,1779546552.64503,0.000633,0.000714,0.000745,3.689642,3.689771,3.688897,0.000128999999999824,3.6826,0.02534415473938
"2026-05-23T14:29:12.649Z","run_bootstrap",184,"http://client3:8000","run","http://client3:8000/run",1,TRUE,200,1108,251,3.3435173034668,"2026-05-23T14:29:08.936358Z","2026-05-23T14:29:12.279875Z",1779546548.93636,1779546552.27988,0.000738,0.000838,0.000876,3.329691,3.329786,3.328815,9.49999999999562e-05,3.3216,0.0219173034667968
"2026-05-23T14:29:16.413Z","run_bootstrap",185,"http://client1:8000","run","http://client1:8000/run",1,TRUE,200,1109,256,3.5525119304657,"2026-05-23T14:29:12.661528Z","2026-05-23T14:29:16.214040Z",1779546552.66153,1779546556.21404,0.000666,0.000778,0.000814,3.535323,3.535421,3.534509,9.79999999999315e-05,3.5276,0.0249119304656982
"2026-05-23T14:29:16.413Z","run_bootstrap",185,"http://client2:8000","run","http://client2:8000/run",1,TRUE,200,1109,252,3.74671053886414,"2026-05-23T14:29:12.662165Z","2026-05-23T14:29:16.408875Z",1779546552.66217,1779546556.40888,0.000511,0.000624,0.000659,3.726967,3.727197,3.726308,0.00022999999999973,3.7201,0.0266105388641358
"2026-05-23T14:29:16.413Z","run_bootstrap",185,"http://client3:8000","run","http://client3:8000/run",1,TRUE,200,1109,255,3.45997667312622,"2026-05-23T14:29:12.662717Z","2026-05-23T14:29:16.122693Z",1779546552.66272,1779546556.12269,0.000663,0.00077,0.000805,3.444525,3.444644,3.44372,0.000118999999999758,3.4375,0.0224766731262207
"2026-05-23T14:29:20.179Z","run_bootstrap",186,"http://client1:8000","run","http://client1:8000/run",1,TRUE,200,1109,256,3.69242191314697,"2026-05-23T14:29:16.426549Z","2026-05-23T14:29:20.118971Z",1779546556.42655,1779546560.11897,0.000404,0.000485,0.000516,3.67028,3.670418,3.669764,0.000138000000000194,3.6634,0.0290219131469724
"2026-05-23T14:29:20.179Z","run_bootstrap",186,"http://client2:8000","run","http://client2:8000/run",1,TRUE,200,1109,252,3.74761748313904,"2026-05-23T14:29:16.427140Z","2026-05-23T14:29:20.174758Z",1779546556.42714,1779546560.17476,0.000605,0.000685,0.000716,3.730871,3.731002,3.730155,0.000131000000000103,3.7239,0.0237174831390381
"2026-05-23T14:29:20.179Z","run_bootstrap",186,"http://client3:8000","run","http://client3:8000/run",1,TRUE,200,1109,254,3.4773530960083,"2026-05-23T14:29:16.426386Z","2026-05-23T14:29:19.903739Z",1779546556.42639,1779546559.90374,0.000727,0.000841,0.000876,3.463287,3.463519,3.462411,0.00023200000000001,3.455,0.0223530960083007
"2026-05-23T14:29:24.003Z","run_bootstrap",187,"http://client1:8000","run","http://client1:8000/run",1,TRUE,200,1110,255,3.61896657943726,"2026-05-23T14:29:20.192634Z","2026-05-23T14:29:23.811601Z",1779546560.19263,1779546563.8116,0.000583,0.000651,0.00067,3.604014,3.604123,3.603344,0.000109000000000137,3.5967,0.0222665794372561
"2026-05-23T14:29:24.003Z","run_bootstrap",187,"http://client2:8000","run","http://client2:8000/run",1,TRUE,200,1110,252,3.56567096710205,"2026-05-23T14:29:20.193279Z","2026-05-23T14:29:23.758950Z",1779546560.19328,1779546563.75895,0.000553,0.000618,0.000646,3.551338,3.551479,3.550692,0.000141000000000169,3.5445,0.0211709671020506
"2026-05-23T14:29:24.003Z","run_bootstrap",187,"http://client3:8000","run","http://client3:8000/run",1,TRUE,200,1110,254,3.80523204803467,"2026-05-23T14:29:20.193673Z","2026-05-23T14:29:23.998905Z",1779546560.19367,1779546563.99891,0.000515,0.000585,0.000614,3.791285,3.79142,3.790671,0.000135000000000218,3.7834,0.0218320480346681
"2026-05-23T14:29:27.679Z","run_bootstrap",188,"http://client1:8000","run","http://client1:8000/run",1,TRUE,200,1110,255,3.6256697177887,"2026-05-23T14:29:24.016669Z","2026-05-23T14:29:27.642339Z",1779546564.01667,1779546567.64234,0.000858,0.001003,0.001024,3.604731,3.604856,3.603707,0.000124999999999709,3.5971,0.0285697177886961
"2026-05-23T14:29:27.679Z","run_bootstrap",188,"http://client2:8000","run","http://client2:8000/run",1,TRUE,200,1110,252,3.65555858612061,"2026-05-23T14:29:24.017463Z","2026-05-23T14:29:27.673022Z",1779546564.01746,1779546567.67302,0.000832,0.000914,0.000942,3.635548,3.63567,3.634606,0.000122000000000178,3.6284,0.0271585861206054
"2026-05-23T14:29:27.679Z","run_bootstrap",188,"http://client3:8000","run","http://client3:8000/run",1,TRUE,200,1110,253,3.62444543838501,"2026-05-23T14:29:24.018071Z","2026-05-23T14:29:27.642517Z",1779546564.01807,1779546567.64252,0.000893,0.001071,0.001107,3.605145,3.60527,3.604038,0.000125000000000153,3.598,0.0264454383850099
"2026-05-23T14:29:31.592Z","run_bootstrap",189,"http://client1:8000","run","http://client1:8000/run",1,TRUE,200,1108,251,3.67855405807495,"2026-05-23T14:29:27.741480Z","2026-05-23T14:29:31.420034Z",1779546567.74148,1779546571.42003,0.000614,0.000726,0.000761,3.664941,3.665103,3.66418,0.00016200000000044,3.6567,0.0218540580749513
"2026-05-23T14:29:31.592Z","run_bootstrap",189,"http://client2:8000","run","http://client2:8000/run",1,TRUE,200,1108,258,3.8428328037262,"2026-05-23T14:29:27.742562Z","2026-05-23T14:29:31.585395Z",1779546567.74256,1779546571.5854,0.00056,0.000685,0.000722,3.82981,3.829948,3.829088,0.000137999999999749,3.8219,0.0209328037261964
"2026-05-23T14:29:31.592Z","run_bootstrap",189,"http://client3:8000","run","http://client3:8000/run",1,TRUE,200,1108,256,3.54942083358765,"2026-05-23T14:29:27.744249Z","2026-05-23T14:29:31.293669Z",1779546567.74425,1779546571.29367,0.000536,0.000657,0.000691,3.537194,3.537292,3.536503,9.79999999999315e-05,3.5278,0.0216208335876464
"2026-05-23T14:29:35.495Z","run_bootstrap",190,"http://client1:8000","run","http://client1:8000/run",1,TRUE,200,1108,251,3.87975072860718,"2026-05-23T14:29:31.611255Z","2026-05-23T14:29:35.491006Z",1779546571.61126,1779546575.49101,0.000658,0.00076,0.000794,3.860514,3.860649,3.85972,0.000135000000000218,3.8534,0.0263507286071776
"2026-05-23T14:29:35.495Z","run_bootstrap",190,"http://client2:8000","run","http://client2:8000/run",1,TRUE,200,1108,257,3.58495306968689,"2026-05-23T14:29:31.611663Z","2026-05-23T14:29:35.196616Z",1779546571.61166,1779546575.19662,0.000698,0.000774,0.000802,3.563035,3.563151,3.562233,0.000115999999999783,3.556,0.0289530696868896
"2026-05-23T14:29:35.495Z","run_bootstrap",190,"http://client3:8000","run","http://client3:8000/run",1,TRUE,200,1108,256,3.60592675209045,"2026-05-23T14:29:31.611994Z","2026-05-23T14:29:35.217921Z",1779546571.61199,1779546575.21792,0.000666,0.000776,0.000808,3.584731,3.584872,3.583923,0.000140999999999725,3.5764,0.0295267520904541
"2026-05-23T14:29:39.225Z","run_bootstrap",191,"http://client1:8000","run","http://client1:8000/run",1,TRUE,200,1110,255,3.71100497245789,"2026-05-23T14:29:35.507339Z","2026-05-23T14:29:39.218343Z",1779546575.50734,1779546579.21834,0.000562,0.000638,0.000669,3.690875,3.690947,3.690206,7.199999999985e-05,3.6834,0.027604972457886
"2026-05-23T14:29:39.225Z","run_bootstrap",191,"http://client2:8000","run","http://client2:8000/run",1,TRUE,200,1110,254,3.71042227745056,"2026-05-23T14:29:35.507928Z","2026-05-23T14:29:39.218350Z",1779546575.50793,1779546579.21835,0.000414,0.000486,0.000508,3.695488,3.695599,3.69498,0.000110999999999972,3.6888,0.0216222774505614
"2026-05-23T14:29:39.225Z","run_bootstrap",191,"http://client3:8000","run","http://client3:8000/run",1,TRUE,200,1110,253,3.65924882888794,"2026-05-23T14:29:35.508413Z","2026-05-23T14:29:39.167662Z",1779546575.50841,1779546579.16766,0.00053,0.000616,0.000658,3.644744,3.644855,3.644086,0.000110999999999972,3.6376,0.0216488288879395
"2026-05-23T14:29:43.142Z","run_bootstrap",192,"http://client1:8000","run","http://client1:8000/run",1,TRUE,200,1110,255,3.64004111289978,"2026-05-23T14:29:39.241001Z","2026-05-23T14:29:42.881042Z",1779546579.241,1779546582.88104,0.000664,0.000786,0.000824,3.625158,3.62526,3.624334,0.000102000000000046,3.6168,0.0232411128997803
"2026-05-23T14:29:43.142Z","run_bootstrap",192,"http://client2:8000","run","http://client2:8000/run",1,TRUE,200,1110,254,3.89494132995605,"2026-05-23T14:29:39.241298Z","2026-05-23T14:29:43.136239Z",1779546579.2413,1779546583.13624,0.000499,0.000582,0.000616,3.879146,3.87929,3.87853,0.000144000000000144,3.8711,0.0238413299560545
"2026-05-23T14:29:43.142Z","run_bootstrap",192,"http://client3:8000","run","http://client3:8000/run",1,TRUE,200,1110,253,3.59178996086121,"2026-05-23T14:29:39.241917Z","2026-05-23T14:29:42.833707Z",1779546579.24192,1779546582.83371,0.000364,0.000436,0.000466,3.572817,3.572954,3.572351,0.000137000000000054,3.5613,0.0304899608612059
"2026-05-23T14:29:47.025Z","run_bootstrap",193,"http://client1:8000","run","http://client1:8000/run",1,TRUE,200,1108,253,3.86346411705017,"2026-05-23T14:29:43.154077Z","2026-05-23T14:29:47.017541Z",1779546583.15408,1779546587.01754,0.000662,0.000788,0.000825,3.848603,3.848738,3.847778,0.000134999999999774,3.8403,0.0231641170501709
"2026-05-23T14:29:47.025Z","run_bootstrap",193,"http://client2:8000","run","http://client2:8000/run",1,TRUE,200,1108,255,3.72979593276978,"2026-05-23T14:29:43.155274Z","2026-05-23T14:29:46.885070Z",1779546583.15527,1779546586.88507,0.000536,0.000639,0.000671,3.716108,3.716224,3.715437,0.000115999999999783,3.7083,0.0214959327697755
"2026-05-23T14:29:47.025Z","run_bootstrap",193,"http://client3:8000","run","http://client3:8000/run",1,TRUE,200,1108,257,3.62238550186157,"2026-05-23T14:29:43.155704Z","2026-05-23T14:29:46.778089Z",1779546583.1557,1779546586.77809,0.000563,0.000634,0.000658,3.60832,3.60841,3.607662,9.00000000001455e-05,3.6002,0.0221855018615722
"2026-05-23T14:29:50.969Z","run_bootstrap",194,"http://client1:8000","run","http://client1:8000/run",1,TRUE,200,1108,253,3.92458486557007,"2026-05-23T14:29:47.040167Z","2026-05-23T14:29:50.964752Z",1779546587.04017,1779546590.96475,0.000587,0.000649,0.00067,3.905772,3.905814,3.905102,4.20000000000975e-05,3.8972,0.0273848655700681
"2026-05-23T14:29:50.969Z","run_bootstrap",194,"http://client2:8000","run","http://client2:8000/run",1,TRUE,200,1108,255,3.62399196624756,"2026-05-23T14:29:47.039837Z","2026-05-23T14:29:50.663829Z",1779546587.03984,1779546590.66383,0.000511,0.000602,0.000625,3.604439,3.604479,3.603814,3.9999999999818e-05,3.5972,0.0267919662475586
"2026-05-23T14:29:50.969Z","run_bootstrap",194,"http://client3:8000","run","http://client3:8000/run",1,TRUE,200,1108,257,3.90489482879639,"2026-05-23T14:29:47.040690Z","2026-05-23T14:29:50.945585Z",1779546587.04069,1779546590.94559,0.00061,0.000664,0.000683,3.886874,3.8869,3.886191,2.59999999996374e-05,3.8777,0.0271948287963868
"2026-05-23T14:29:54.857Z","run_bootstrap",195,"http://client1:8000","run","http://client1:8000/run",1,TRUE,200,1108,254,3.65044450759888,"2026-05-23T14:29:50.983507Z","2026-05-23T14:29:54.633952Z",1779546590.98351,1779546594.63395,0.000702,0.000808,0.000844,3.636529,3.636662,3.635685,0.000132999999999939,3.6287,0.0217445075988771
"2026-05-23T14:29:54.857Z","run_bootstrap",195,"http://client2:8000","run","http://client2:8000/run",1,TRUE,200,1108,255,3.7083899974823,"2026-05-23T14:29:50.985283Z","2026-05-23T14:29:54.693673Z",1779546590.98528,1779546594.69367,0.000718,0.000832,0.000868,3.693551,3.693668,3.692683,0.000117000000000367,3.6863,0.0220899974822997
"2026-05-23T14:29:54.857Z","run_bootstrap",195,"http://client3:8000","run","http://client3:8000/run",1,TRUE,200,1108,256,3.86683058738708,"2026-05-23T14:29:50.985737Z","2026-05-23T14:29:54.852568Z",1779546590.98574,1779546594.85257,0.000502,0.000601,0.000636,3.852021,3.852155,3.851385,0.000134000000000079,3.845,0.0218305873870848
"2026-05-23T14:29:58.795Z","run_bootstrap",196,"http://client1:8000","run","http://client1:8000/run",1,TRUE,200,1108,254,3.9181981086731,"2026-05-23T14:29:54.869769Z","2026-05-23T14:29:58.787967Z",1779546594.86977,1779546598.78797,0.000722,0.000839,0.00088,3.901882,3.902026,3.901002,0.000144000000000144,3.8937,0.0244981086730958
"2026-05-23T14:29:58.795Z","run_bootstrap",196,"http://client2:8000","run","http://client2:8000/run",1,TRUE,200,1108,255,3.6681923866272,"2026-05-23T14:29:54.870622Z","2026-05-23T14:29:58.538815Z",1779546594.87062,1779546598.53882,0.000705,0.000816,0.000856,3.652021,3.652227,3.651165,0.000205999999999928,3.6443,0.0238923866271974
"2026-05-23T14:29:58.795Z","run_bootstrap",196,"http://client3:8000","run","http://client3:8000/run",1,TRUE,200,1108,256,3.50634694099426,"2026-05-23T14:29:54.871337Z","2026-05-23T14:29:58.377684Z",1779546594.87134,1779546598.37768,0.000469,0.000543,0.000586,3.489625,3.489765,3.489039,0.000139999999999585,3.482,0.0243469409942625
"2026-05-23T14:30:02.735Z","run_bootstrap",197,"http://client1:8000","run","http://client1:8000/run",1,TRUE,200,1108,254,3.92248964309692,"2026-05-23T14:29:58.808508Z","2026-05-23T14:30:02.730997Z",1779546598.80851,1779546602.731,0.000466,0.000538,0.000563,3.909217,3.90934,3.908654,0.000122999999999873,3.9018,0.0206896430969237
"2026-05-23T14:30:02.735Z","run_bootstrap",197,"http://client2:8000","run","http://client2:8000/run",1,TRUE,200,1108,254,3.60406684875488,"2026-05-23T14:29:58.809610Z","2026-05-23T14:30:02.413677Z",1779546598.80961,1779546602.41368,0.000527,0.000581,6e-04,3.591882,3.592018,3.591282,0.000135999999999914,3.5835,0.0205668487548829
"2026-05-23T14:30:02.735Z","run_bootstrap",197,"http://client3:8000","run","http://client3:8000/run",1,TRUE,200,1108,257,3.88426661491394,"2026-05-23T14:29:58.808736Z","2026-05-23T14:30:02.693002Z",1779546598.80874,1779546602.693,0.000502,0.000588,0.00062,3.870392,3.870519,3.869772,0.000126999999999988,3.8623,0.0219666149139406
"2026-05-23T14:30:06.715Z","run_bootstrap",198,"http://client1:8000","run","http://client1:8000/run",1,TRUE,200,1108,254,3.9597635269165,"2026-05-23T14:30:02.747960Z","2026-05-23T14:30:06.707724Z",1779546602.74796,1779546606.70772,0.000598,0.000711,0.000745,3.939976,3.940106,3.939231,0.000129999999999963,3.9312,0.0285635269165039
"2026-05-23T14:30:06.715Z","run_bootstrap",198,"http://client2:8000","run","http://client2:8000/run",1,TRUE,200,1108,254,3.77090764045715,"2026-05-23T14:30:02.748314Z","2026-05-23T14:30:06.519222Z",1779546602.74831,1779546606.51922,0.000471,0.000544,0.000577,3.749329,3.749468,3.748752,0.000138999999999889,3.7376,0.0333076404571533
"2026-05-23T14:30:06.715Z","run_bootstrap",198,"http://client3:8000","run","http://client3:8000/run",1,TRUE,200,1108,257,3.7192211151123,"2026-05-23T14:30:02.748417Z","2026-05-23T14:30:06.467638Z",1779546602.74842,1779546606.46764,0.000601,0.000715,0.000749,3.70532,3.705448,3.704571,0.000128000000000128,3.6919,0.0273211151123047
"2026-05-23T14:30:10.594Z","run_bootstrap",199,"http://client1:8000","run","http://client1:8000/run",1,TRUE,200,1109,252,3.81725692749023,"2026-05-23T14:30:06.728449Z","2026-05-23T14:30:10.545706Z",1779546606.72845,1779546610.54571,0.000653,0.000742,0.000773,3.795158,3.795313,3.794385,0.000155000000000349,3.7861,0.0311569274902346
"2026-05-23T14:30:10.594Z","run_bootstrap",199,"http://client2:8000","run","http://client2:8000/run",1,TRUE,200,1109,254,3.85987949371338,"2026-05-23T14:30:06.728643Z","2026-05-23T14:30:10.588522Z",1779546606.72864,1779546610.58852,0.000647,0.000756,0.000793,3.836747,3.83688,3.835954,0.000132999999999939,3.8131,0.046779493713379
"2026-05-23T14:30:10.594Z","run_bootstrap",199,"http://client3:8000","run","http://client3:8000/run",1,TRUE,200,1109,256,3.5053973197937,"2026-05-23T14:30:06.728466Z","2026-05-23T14:30:10.233863Z",1779546606.72847,1779546610.23386,0.000655,0.000791,0.000828,3.490564,3.490713,3.489736,0.000148999999999955,3.4757,0.0296973197937014
"2026-05-23T14:30:14.810Z","run_bootstrap",200,"http://client1:8000","run","http://client1:8000/run",1,TRUE,200,1109,252,4.19189238548279,"2026-05-23T14:30:10.614331Z","2026-05-23T14:30:14.806223Z",1779546610.61433,1779546614.80622,0.000415,0.000482,0.000511,4.180978,4.181118,4.180467,0.000140000000000029,4.0164,0.175492385482788
"2026-05-23T14:30:14.810Z","run_bootstrap",200,"http://client2:8000","run","http://client2:8000/run",1,TRUE,200,1109,254,3.86709928512573,"2026-05-23T14:30:10.614671Z","2026-05-23T14:30:14.481771Z",1779546610.61467,1779546614.48177,0.000413,0.000486,0.000518,3.855887,3.856007,3.855369,0.000119999999999898,3.6908,0.176299285125733
"2026-05-23T14:30:14.810Z","run_bootstrap",200,"http://client3:8000","run","http://client3:8000/run",1,TRUE,200,1109,256,4.16802072525024,"2026-05-23T14:30:10.612911Z","2026-05-23T14:30:14.780932Z",1779546610.61291,1779546614.78093,0.000687,0.000793,0.00083,4.156286,4.156426,4.155456,0.000140000000000029,3.9785,0.189520725250244
"2026-05-23T14:30:18.517Z","run_bootstrap",201,"http://client1:8000","run","http://client1:8000/run",1,TRUE,200,1109,251,3.53242349624634,"2026-05-23T14:30:14.824708Z","2026-05-23T14:30:18.357131Z",1779546614.82471,1779546618.35713,0.000744,0.000853,0.000889,3.513157,3.513248,3.512268,9.09999999998412e-05,3.5058,0.0266234962463381
"2026-05-23T14:30:18.517Z","run_bootstrap",201,"http://client2:8000","run","http://client2:8000/run",1,TRUE,200,1109,251,3.51374244689941,"2026-05-23T14:30:14.825448Z","2026-05-23T14:30:18.339191Z",1779546614.82545,1779546618.33919,0.000404,0.000473,0.000494,3.495427,3.495552,3.494933,0.000125000000000153,3.4866,0.0271424468994139
"2026-05-23T14:30:18.517Z","run_bootstrap",201,"http://client3:8000","run","http://client3:8000/run",1,TRUE,200,1109,256,3.68703699111938,"2026-05-23T14:30:14.826246Z","2026-05-23T14:30:18.513283Z",1779546614.82625,1779546618.51328,0.000631,0.000695,0.000715,3.669503,3.669634,3.668788,0.000130999999999659,3.6631,0.0239369911193847
"2026-05-23T14:30:22.272Z","run_bootstrap",202,"http://client1:8000","run","http://client1:8000/run",1,TRUE,200,1109,251,3.48403096199036,"2026-05-23T14:30:18.529325Z","2026-05-23T14:30:22.013356Z",1779546618.52933,1779546622.01336,0.000622,0.000734,0.00077,3.470565,3.470688,3.469795,0.000122999999999873,3.4628,0.0212309619903563
"2026-05-23T14:30:22.272Z","run_bootstrap",202,"http://client2:8000","run","http://client2:8000/run",1,TRUE,200,1109,251,3.58779668807983,"2026-05-23T14:30:18.531538Z","2026-05-23T14:30:22.119335Z",1779546618.53154,1779546622.11934,0.000619,0.000744,0.000784,3.566092,3.566218,3.565308,0.000126000000000293,3.5568,0.030996688079834
"2026-05-23T14:30:22.272Z","run_bootstrap",202,"http://client3:8000","run","http://client3:8000/run",1,TRUE,200,1109,255,3.73569393157959,"2026-05-23T14:30:18.531912Z","2026-05-23T14:30:22.267606Z",1779546618.53191,1779546622.26761,0.000755,0.000847,0.000882,3.714862,3.714992,3.71398,0.000129999999999963,3.708,0.0276939315795897
"2026-05-23T14:30:26.037Z","run_bootstrap",203,"http://client1:8000","run","http://client1:8000/run",1,TRUE,200,1108,250,3.74995255470276,"2026-05-23T14:30:22.282524Z","2026-05-23T14:30:26.032477Z",1779546622.28252,1779546626.03248,0.000657,0.000761,0.000794,3.736309,3.736441,3.735515,0.000132000000000243,3.7292,0.0207525547027587
"2026-05-23T14:30:26.037Z","run_bootstrap",203,"http://client2:8000","run","http://client2:8000/run",1,TRUE,200,1108,251,3.453946352005,"2026-05-23T14:30:22.285097Z","2026-05-23T14:30:25.739043Z",1779546622.2851,1779546625.73904,0.000452,0.000537,0.000568,3.435963,3.436088,3.435395,0.000124999999999709,3.428,0.0259463520050049
"2026-05-23T14:30:26.037Z","run_bootstrap",203,"http://client3:8000","run","http://client3:8000/run",1,TRUE,200,1108,256,3.44898796081543,"2026-05-23T14:30:22.285379Z","2026-05-23T14:30:25.734367Z",1779546622.28538,1779546625.73437,0.000668,0.000773,0.000814,3.431576,3.431706,3.430762,0.000129999999999963,3.4235,0.0254879608154295
"2026-05-23T14:30:29.842Z","run_bootstrap",204,"http://client1:8000","run","http://client1:8000/run",1,TRUE,200,1108,250,3.78606033325195,"2026-05-23T14:30:26.048763Z","2026-05-23T14:30:29.834823Z",1779546626.04876,1779546629.83482,0.000759,0.000866,0.000901,3.77145,3.771583,3.770549,0.000132999999999939,3.7609,0.0251603332519532
"2026-05-23T14:30:29.842Z","run_bootstrap",204,"http://client2:8000","run","http://client2:8000/run",1,TRUE,200,1108,252,3.59008383750916,"2026-05-23T14:30:26.050471Z","2026-05-23T14:30:29.640555Z",1779546626.05047,1779546629.64056,0.000679,0.000765,0.000797,3.573125,3.573174,3.572328,4.89999999997437e-05,3.5636,0.0264838375091552
"2026-05-23T14:30:29.842Z","run_bootstrap",204,"http://client3:8000","run","http://client3:8000/run",1,TRUE,200,1108,256,3.47480845451355,"2026-05-23T14:30:26.049754Z","2026-05-23T14:30:29.524563Z",1779546626.04975,1779546629.52456,0.000553,0.000642,0.000676,3.460904,3.460971,3.460228,6.69999999995952e-05,3.4395,0.03530845451355
"2026-05-23T14:30:33.614Z","run_bootstrap",205,"http://client1:8000","run","http://client1:8000/run",1,TRUE,200,1106,247,3.55399322509766,"2026-05-23T14:30:29.856565Z","2026-05-23T14:30:33.410558Z",1779546629.85657,1779546633.41056,0.000634,0.000746,0.000781,3.527927,3.528035,3.527146,0.000107999999999997,3.5196,0.0343932250976562
"2026-05-23T14:30:33.614Z","run_bootstrap",205,"http://client2:8000","run","http://client2:8000/run",1,TRUE,200,1106,250,3.55788016319275,"2026-05-23T14:30:29.856746Z","2026-05-23T14:30:33.414627Z",1779546629.85675,1779546633.41463,0.000564,0.000734,0.000781,3.532152,3.532262,3.531371,0.000109999999999832,3.5247,0.0331801631927489
"2026-05-23T14:30:33.614Z","run_bootstrap",205,"http://client3:8000","run","http://client3:8000/run",1,TRUE,200,1106,256,3.75324726104736,"2026-05-23T14:30:29.857253Z","2026-05-23T14:30:33.610500Z",1779546629.85725,1779546633.6105,0.000662,0.000859,0.000897,3.728536,3.728674,3.727639,0.000137999999999749,3.7209,0.0323472610473634
"2026-05-23T14:30:37.382Z","run_bootstrap",206,"http://client1:8000","run","http://client1:8000/run",1,TRUE,200,1106,247,3.74479603767395,"2026-05-23T14:30:33.630089Z","2026-05-23T14:30:37.374886Z",1779546633.63009,1779546637.37489,0.00067,0.000803,0.000839,3.726071,3.726207,3.725232,0.000135999999999914,3.7182,0.0265960376739502
"2026-05-23T14:30:37.382Z","run_bootstrap",206,"http://client2:8000","run","http://client2:8000/run",1,TRUE,200,1106,250,3.54579639434814,"2026-05-23T14:30:33.630597Z","2026-05-23T14:30:37.176393Z",1779546633.6306,1779546637.17639,0.000474,0.000563,0.000597,3.524624,3.524772,3.524027,0.000147999999999815,3.5174,0.0283963943481447
"2026-05-23T14:30:37.382Z","run_bootstrap",206,"http://client3:8000","run","http://client3:8000/run",1,TRUE,200,1106,256,3.6020143032074,"2026-05-23T14:30:33.631226Z","2026-05-23T14:30:37.233240Z",1779546633.63123,1779546637.23324,0.000523,0.000609,0.000643,3.581411,3.581558,3.580768,0.000146999999999675,3.5743,0.0277143032073974
"2026-05-23T14:30:41.178Z","run_bootstrap",207,"http://client1:8000","run","http://client1:8000/run",1,TRUE,200,1109,250,3.77785706520081,"2026-05-23T14:30:37.395376Z","2026-05-23T14:30:41.173233Z",1779546637.39538,1779546641.17323,0.00071,0.000837,0.000886,3.758273,3.758401,3.757387,0.000128000000000128,3.7508,0.0270570652008058
"2026-05-23T14:30:41.178Z","run_bootstrap",207,"http://client2:8000","run","http://client2:8000/run",1,TRUE,200,1109,248,3.56590414047241,"2026-05-23T14:30:37.395666Z","2026-05-23T14:30:40.961570Z",1779546637.39567,1779546640.96157,0.000608,0.000676,0.000697,3.54606,3.546183,3.545363,0.000122999999999873,3.5387,0.0272041404724122
"2026-05-23T14:30:41.178Z","run_bootstrap",207,"http://client3:8000","run","http://client3:8000/run",1,TRUE,200,1109,255,3.58159470558167,"2026-05-23T14:30:37.396103Z","2026-05-23T14:30:40.977698Z",1779546637.3961,1779546640.9777,0.000481,0.000554,0.000584,3.56084,3.560925,3.560256,8.50000000003348e-05,3.5539,0.027694705581665
"2026-05-23T14:30:44.966Z","run_bootstrap",208,"http://client1:8000","run","http://client1:8000/run",1,TRUE,200,1109,250,3.52669644355774,"2026-05-23T14:30:41.190409Z","2026-05-23T14:30:44.717105Z",1779546641.19041,1779546644.71711,0.000643,0.000748,0.000783,3.512189,3.512297,3.511406,0.000107999999999997,3.5047,0.0219964435577391
"2026-05-23T14:30:44.966Z","run_bootstrap",208,"http://client2:8000","run","http://client2:8000/run",1,TRUE,200,1109,247,3.60415816307068,"2026-05-23T14:30:41.191248Z","2026-05-23T14:30:44.795406Z",1779546641.19125,1779546644.79541,0.000764,0.000879,0.000915,3.589172,3.589299,3.588257,0.000126999999999988,3.582,0.0221581630706789
"2026-05-23T14:30:44.966Z","run_bootstrap",208,"http://client3:8000","run","http://client3:8000/run",1,TRUE,200,1109,255,3.76707530021667,"2026-05-23T14:30:41.191741Z","2026-05-23T14:30:44.958817Z",1779546641.19174,1779546644.95882,0.000554,0.000643,0.000676,3.749374,3.74949,3.748698,0.000116000000000227,3.7413,0.025775300216675
"2026-05-23T14:30:48.766Z","run_bootstrap",209,"http://client1:8000","run","http://client1:8000/run",1,TRUE,200,1108,250,3.56879425048828,"2026-05-23T14:30:44.978786Z","2026-05-23T14:30:48.547580Z",1779546644.97879,1779546648.54758,0.000607,0.000665,0.00069,3.554449,3.554594,3.553759,0.00014499999999984,3.5472,0.0215942504882811
"2026-05-23T14:30:48.766Z","run_bootstrap",209,"http://client2:8000","run","http://client2:8000/run",1,TRUE,200,1108,251,3.50338363647461,"2026-05-23T14:30:44.979053Z","2026-05-23T14:30:48.482436Z",1779546644.97905,1779546648.48244,0.00046,0.000543,0.000566,3.488516,3.488646,3.48795,0.000129999999999963,3.4814,0.0219836364746095
"2026-05-23T14:30:48.766Z","run_bootstrap",209,"http://client3:8000","run","http://client3:8000/run",1,TRUE,200,1108,251,3.7840530872345,"2026-05-23T14:30:44.978263Z","2026-05-23T14:30:48.762316Z",1779546644.97826,1779546648.76232,0.000675,0.000779,0.000813,3.769791,3.769918,3.768978,0.000126999999999988,3.7625,0.0215530872344969
"2026-05-23T14:30:52.457Z","run_bootstrap",210,"http://client1:8000","run","http://client1:8000/run",1,TRUE,200,1108,250,3.6721785068512,"2026-05-23T14:30:48.780982Z","2026-05-23T14:30:52.453161Z",1779546648.78098,1779546652.45316,0.000659,0.00071,0.000728,3.656864,3.656956,3.656136,9.1999999999981e-05,3.6488,0.0233785068511962
"2026-05-23T14:30:52.457Z","run_bootstrap",210,"http://client2:8000","run","http://client2:8000/run",1,TRUE,200,1108,251,3.61880779266357,"2026-05-23T14:30:48.781741Z","2026-05-23T14:30:52.400549Z",1779546648.78174,1779546652.40055,0.000604,0.000676,0.000695,3.603719,3.603833,3.603024,0.000113999999999947,3.5812,0.0376077926635743
"2026-05-23T14:30:52.457Z","run_bootstrap",210,"http://client3:8000","run","http://client3:8000/run",1,TRUE,200,1108,250,3.66909766197205,"2026-05-23T14:30:48.782290Z","2026-05-23T14:30:52.451388Z",1779546648.78229,1779546652.45139,0.000538,0.000628,0.00065,3.654052,3.654196,3.653402,0.000144000000000144,3.647,0.0220976619720461
"2026-05-23T14:30:56.312Z","run_bootstrap",211,"http://client1:8000","run","http://client1:8000/run",1,TRUE,200,1109,247,3.6929075717926,"2026-05-23T14:30:52.469054Z","2026-05-23T14:30:56.161962Z",1779546652.46905,1779546656.16196,0.000588,0.000691,0.00073,3.674275,3.674401,3.673545,0.000125999999999848,3.6628,0.0301075717926027
"2026-05-23T14:30:56.312Z","run_bootstrap",211,"http://client2:8000","run","http://client2:8000/run",1,TRUE,200,1109,250,3.70101141929626,"2026-05-23T14:30:52.471579Z","2026-05-23T14:30:56.172590Z",1779546652.47158,1779546656.17259,0.000606,0.000715,0.00075,3.683486,3.683621,3.682736,0.000135000000000218,3.6717,0.0293114192962647
"2026-05-23T14:30:56.312Z","run_bootstrap",211,"http://client3:8000","run","http://client3:8000/run",1,TRUE,200,1109,256,3.83673739433289,"2026-05-23T14:30:52.471818Z","2026-05-23T14:30:56.308556Z",1779546652.47182,1779546656.30856,0.000534,0.000651,0.000687,3.81697,3.817004,3.816283,3.39999999998675e-05,3.7962,0.0405373943328859
"2026-05-23T14:31:00.072Z","run_bootstrap",212,"http://client1:8000","run","http://client1:8000/run",1,TRUE,200,1109,247,3.73531198501587,"2026-05-23T14:30:56.327984Z","2026-05-23T14:31:00.063296Z",1779546656.32798,1779546660.0633,0.000712,0.000797,0.000819,3.719164,3.71926,3.718345,9.59999999996519e-05,3.7118,0.0235119850158689
"2026-05-23T14:31:00.072Z","run_bootstrap",212,"http://client2:8000","run","http://client2:8000/run",1,TRUE,200,1109,250,3.73922157287598,"2026-05-23T14:30:56.328525Z","2026-05-23T14:31:00.067746Z",1779546656.32853,1779546660.06775,0.000605,0.000686,0.000717,3.719344,3.719514,3.718627,0.000170000000000226,3.7114,0.0278215728759768
"2026-05-23T14:31:00.072Z","run_bootstrap",212,"http://client3:8000","run","http://client3:8000/run",1,TRUE,200,1109,256,3.70300841331482,"2026-05-23T14:30:56.328941Z","2026-05-23T14:31:00.031949Z",1779546656.32894,1779546660.03195,0.000475,0.000554,0.000584,3.683612,3.683983,3.683028,0.000370999999999899,3.6662,0.0368084133148194
"2026-05-23T14:31:03.896Z","run_bootstrap",213,"http://client1:8000","run","http://client1:8000/run",1,TRUE,200,1109,248,3.66212725639343,"2026-05-23T14:31:00.082584Z","2026-05-23T14:31:03.744711Z",1779546660.08258,1779546663.74471,0.000664,0.000772,0.00081,3.648018,3.648102,3.647208,8.4000000000195e-05,3.6404,0.0217272563934325
"2026-05-23T14:31:03.896Z","run_bootstrap",213,"http://client2:8000","run","http://client2:8000/run",1,TRUE,200,1109,249,3.80795550346375,"2026-05-23T14:31:00.083775Z","2026-05-23T14:31:03.891730Z",1779546660.08378,1779546663.89173,0.00053,0.000644,0.000679,3.794557,3.79465,3.793878,9.29999999996767e-05,3.7867,0.0212555034637449
"2026-05-23T14:31:03.896Z","run_bootstrap",213,"http://client3:8000","run","http://client3:8000/run",1,TRUE,200,1109,256,3.74494528770447,"2026-05-23T14:31:00.085052Z","2026-05-23T14:31:03.829998Z",1779546660.08505,1779546663.83,0.000532,0.000619,0.000652,3.732045,3.732183,3.731393,0.000138000000000194,3.7111,0.0338452877044677
"2026-05-23T14:31:07.713Z","run_bootstrap",214,"http://client1:8000","run","http://client1:8000/run",1,TRUE,200,1109,248,3.79990124702454,"2026-05-23T14:31:03.908691Z","2026-05-23T14:31:07.708592Z",1779546663.90869,1779546667.70859,0.000676,0.000766,0.000797,3.784584,3.784717,3.783787,0.000132999999999939,3.7758,0.0241012470245363
"2026-05-23T14:31:07.713Z","run_bootstrap",214,"http://client2:8000","run","http://client2:8000/run",1,TRUE,200,1109,249,3.52452301979065,"2026-05-23T14:31:03.909406Z","2026-05-23T14:31:07.433929Z",1779546663.90941,1779546667.43393,0.00056,0.00064,0.000662,3.509311,3.509466,3.508649,0.000155000000000349,3.5022,0.0223230197906492
"2026-05-23T14:31:07.713Z","run_bootstrap",214,"http://client3:8000","run","http://client3:8000/run",1,TRUE,200,1109,255,3.73020100593567,"2026-05-23T14:31:03.910019Z","2026-05-23T14:31:07.640220Z",1779546663.91002,1779546667.64022,0.000586,0.000648,0.00067,3.716477,3.7166,3.715807,0.000123000000000317,3.701,0.0292010059356689
"2026-05-23T14:31:11.517Z","run_bootstrap",215,"http://client1:8000","run","http://client1:8000/run",1,TRUE,200,1109,251,3.7085587978363,"2026-05-23T14:31:07.724860Z","2026-05-23T14:31:11.433418Z",1779546667.72486,1779546671.43342,0.000796,0.000908,0.000947,3.692804,3.692933,3.691857,0.000128999999999824,3.6837,0.0248587978363037
"2026-05-23T14:31:11.517Z","run_bootstrap",215,"http://client2:8000","run","http://client2:8000/run",1,TRUE,200,1109,251,3.7860050201416,"2026-05-23T14:31:07.725656Z","2026-05-23T14:31:11.511662Z",1779546667.72566,1779546671.51166,0.000543,0.000629,0.000662,3.769059,3.769189,3.768397,0.000129999999999963,3.7599,0.0261050201416015
"2026-05-23T14:31:11.517Z","run_bootstrap",215,"http://client3:8000","run","http://client3:8000/run",1,TRUE,200,1109,254,3.62734508514404,"2026-05-23T14:31:07.726280Z","2026-05-23T14:31:11.353626Z",1779546667.72628,1779546671.35363,0.000525,0.000593,0.000617,3.610337,3.610461,3.60972,0.000124000000000013,3.599,0.0283450851440428
"2026-05-23T14:31:15.482Z","run_bootstrap",216,"http://client1:8000","run","http://client1:8000/run",1,TRUE,200,1109,251,3.94979047775269,"2026-05-23T14:31:11.528939Z","2026-05-23T14:31:15.478729Z",1779546671.52894,1779546675.47873,0.000651,0.000755,0.000792,3.930888,3.931038,3.930096,0.000150000000000095,3.9229,0.0268904777526857
"2026-05-23T14:31:15.482Z","run_bootstrap",216,"http://client2:8000","run","http://client2:8000/run",1,TRUE,200,1109,251,3.64762401580811,"2026-05-23T14:31:11.530530Z","2026-05-23T14:31:15.178154Z",1779546671.53053,1779546675.17815,0.000559,0.000639,0.000672,3.620115,3.620302,3.619443,0.000186999999999937,3.6132,0.0344240158081055
"2026-05-23T14:31:15.482Z","run_bootstrap",216,"http://client3:8000","run","http://client3:8000/run",1,TRUE,200,1109,254,3.7791805267334,"2026-05-23T14:31:11.530947Z","2026-05-23T14:31:15.310127Z",1779546671.53095,1779546675.31013,0.000704,0.000825,0.000863,3.755425,3.755562,3.754562,0.000137000000000054,3.747,0.0321805267333986
"2026-05-23T14:31:19.258Z","run_bootstrap",217,"http://client1:8000","run","http://client1:8000/run",1,TRUE,200,1109,251,3.75607347488403,"2026-05-23T14:31:15.497316Z","2026-05-23T14:31:19.253390Z",1779546675.49732,1779546679.25339,0.000725,0.00083,0.000866,3.742084,3.742219,3.741218,0.000134999999999774,3.7333,0.0227734748840334
"2026-05-23T14:31:19.258Z","run_bootstrap",217,"http://client2:8000","run","http://client2:8000/run",1,TRUE,200,1109,247,3.66863489151001,"2026-05-23T14:31:15.499068Z","2026-05-23T14:31:19.167703Z",1779546675.49907,1779546679.1677,0.000627,0.000711,0.000744,3.654612,3.654748,3.653868,0.000135999999999914,3.6474,0.0212348915100096
"2026-05-23T14:31:19.258Z","run_bootstrap",217,"http://client3:8000","run","http://client3:8000/run",1,TRUE,200,1109,254,3.71737599372864,"2026-05-23T14:31:15.499522Z","2026-05-23T14:31:19.216898Z",1779546675.49952,1779546679.2169,0.000618,0.000709,0.000743,3.704523,3.704667,3.70378,0.000144000000000144,3.697,0.0203759937286376
"2026-05-23T14:31:23.127Z","run_bootstrap",218,"http://client1:8000","run","http://client1:8000/run",1,TRUE,200,1109,251,3.53019642829895,"2026-05-23T14:31:19.270175Z","2026-05-23T14:31:22.800372Z",1779546679.27018,1779546682.80037,0.000647,0.000721,0.000743,3.516764,3.51689,3.516021,0.000126000000000293,3.5083,0.02189642829895
"2026-05-23T14:31:23.127Z","run_bootstrap",218,"http://client2:8000","run","http://client2:8000/run",1,TRUE,200,1109,247,3.84782910346985,"2026-05-23T14:31:19.272592Z","2026-05-23T14:31:23.120421Z",1779546679.27259,1779546683.12042,0.000724,0.000833,0.000865,3.825655,3.825792,3.82479,0.000137000000000054,3.8172,0.0306291034698485
"2026-05-23T14:31:23.127Z","run_bootstrap",218,"http://client3:8000","run","http://client3:8000/run",1,TRUE,200,1109,255,3.72601342201233,"2026-05-23T14:31:19.273008Z","2026-05-23T14:31:22.999021Z",1779546679.27301,1779546682.99902,0.000687,0.000817,0.000846,3.705005,3.705142,3.704159,0.000137000000000054,3.6963,0.0297134220123292
"2026-05-23T14:31:27.068Z","run_bootstrap",219,"http://client1:8000","run","http://client1:8000/run",1,TRUE,200,1108,249,3.74537014961243,"2026-05-23T14:31:23.139834Z","2026-05-23T14:31:26.885204Z",1779546683.13983,1779546686.8852,0.000551,0.000631,0.00066,3.73137,3.731486,3.73071,0.000115999999999783,3.7225,0.0228701496124266
"2026-05-23T14:31:27.068Z","run_bootstrap",219,"http://client2:8000","run","http://client2:8000/run",1,TRUE,200,1108,250,3.92444229125977,"2026-05-23T14:31:23.139221Z","2026-05-23T14:31:27.063663Z",1779546683.13922,1779546687.06366,0.000761,0.000845,0.000868,3.911324,3.911454,3.910456,0.000129999999999963,3.8973,0.0271422912597656
"2026-05-23T14:31:27.068Z","run_bootstrap",219,"http://client3:8000","run","http://client3:8000/run",1,TRUE,200,1108,255,3.69465160369873,"2026-05-23T14:31:23.141014Z","2026-05-23T14:31:26.835666Z",1779546683.14101,1779546686.83567,0.000631,0.000716,0.000749,3.675398,3.675552,3.674649,0.00015400000000021,3.6624,0.0322516036987306
"2026-05-23T14:31:31.217Z","run_bootstrap",220,"http://client1:8000","run","http://client1:8000/run",1,TRUE,200,1108,249,4.13221788406372,"2026-05-23T14:31:27.080872Z","2026-05-23T14:31:31.213090Z",1779546687.08087,1779546691.21309,0.000683,0.000795,0.000836,4.111296,4.11142,4.11046,0.000123999999999569,3.9463,0.185917884063721
"2026-05-23T14:31:31.217Z","run_bootstrap",220,"http://client2:8000","run","http://client2:8000/run",1,TRUE,200,1108,249,3.81347441673279,"2026-05-23T14:31:27.081417Z","2026-05-23T14:31:30.894892Z",1779546687.08142,1779546690.89489,0.000684,0.000795,0.000833,3.792893,3.793021,3.79206,0.000128000000000128,3.612,0.201474416732788
"2026-05-23T14:31:31.217Z","run_bootstrap",220,"http://client3:8000","run","http://client3:8000/run",1,TRUE,200,1108,255,3.93240213394165,"2026-05-23T14:31:27.082053Z","2026-05-23T14:31:31.014456Z",1779546687.08205,1779546691.01446,0.000617,0.000724,0.000758,3.917907,3.918003,3.917149,9.6000000000096e-05,3.7463,0.18610213394165
"2026-05-23T14:31:35.114Z","run_bootstrap",221,"http://client1:8000","run","http://client1:8000/run",1,TRUE,200,1105,254,3.88006114959717,"2026-05-23T14:31:31.229878Z","2026-05-23T14:31:35.109939Z",1779546691.22988,1779546695.10994,0.00061,0.000711,0.000744,3.860763,3.860899,3.860019,0.000135999999999914,3.8538,0.0262611495971679
"2026-05-23T14:31:35.114Z","run_bootstrap",221,"http://client2:8000","run","http://client2:8000/run",1,TRUE,200,1105,251,3.48054122924805,"2026-05-23T14:31:31.230592Z","2026-05-23T14:31:34.711134Z",1779546691.23059,1779546694.71113,0.000528,0.000601,0.000632,3.458115,3.458254,3.457483,0.000139000000000333,3.4516,0.0289412292480469
"2026-05-23T14:31:35.114Z","run_bootstrap",221,"http://client3:8000","run","http://client3:8000/run",1,TRUE,200,1105,253,3.85482025146484,"2026-05-23T14:31:31.231271Z","2026-05-23T14:31:35.086092Z",1779546691.23127,1779546695.08609,0.000608,0.000719,0.000756,3.835215,3.835353,3.834459,0.000138000000000194,3.829,0.0258202514648436
"2026-05-23T14:31:39.102Z","run_bootstrap",222,"http://client1:8000","run","http://client1:8000/run",1,TRUE,200,1105,254,3.9704225063324,"2026-05-23T14:31:35.127598Z","2026-05-23T14:31:39.098021Z",1779546695.1276,1779546699.09802,0.000588,0.00073,0.000766,3.952331,3.952456,3.951565,0.000125000000000153,3.9449,0.0255225063323974
"2026-05-23T14:31:39.102Z","run_bootstrap",222,"http://client2:8000","run","http://client2:8000/run",1,TRUE,200,1105,251,3.74187612533569,"2026-05-23T14:31:35.128875Z","2026-05-23T14:31:38.870751Z",1779546695.12888,1779546698.87075,0.000627,0.000739,0.000777,3.725079,3.725158,3.724302,7.89999999999402e-05,3.7182,0.0236761253356934
"2026-05-23T14:31:39.102Z","run_bootstrap",222,"http://client3:8000","run","http://client3:8000/run",1,TRUE,200,1105,254,3.62589311599731,"2026-05-23T14:31:35.128829Z","2026-05-23T14:31:38.754722Z",1779546695.12883,1779546698.75472,0.000633,0.000738,0.000776,3.608448,3.608598,3.607672,0.000150000000000095,3.6002,0.0256931159973144
"2026-05-23T14:31:43.153Z","run_bootstrap",223,"http://client1:8000","run","http://client1:8000/run",1,TRUE,200,1108,251,4.03282904624939,"2026-05-23T14:31:39.115977Z","2026-05-23T14:31:43.148806Z",1779546699.11598,1779546703.14881,0.000467,0.00052,0.000541,4.019658,4.019787,4.019117,0.000129000000000268,4.0128,0.0200290462493893
"2026-05-23T14:31:43.153Z","run_bootstrap",223,"http://client2:8000","run","http://client2:8000/run",1,TRUE,200,1108,250,3.91323828697205,"2026-05-23T14:31:39.116429Z","2026-05-23T14:31:43.029667Z",1779546699.11643,1779546703.02967,0.000584,0.000616,0.000629,3.900492,3.900617,3.899863,0.000125000000000153,3.8935,0.0197382869720459
"2026-05-23T14:31:43.153Z","run_bootstrap",223,"http://client3:8000","run","http://client3:8000/run",1,TRUE,200,1108,256,3.67321467399597,"2026-05-23T14:31:39.116905Z","2026-05-23T14:31:42.790119Z",1779546699.11691,1779546702.79012,0.000445,0.000518,0.000541,3.661003,3.661083,3.660462,8.000000000008e-05,3.6542,0.0190146739959718
"2026-05-23T14:31:47.056Z","run_bootstrap",224,"http://client1:8000","run","http://client1:8000/run",1,TRUE,200,1108,251,3.81812644004822,"2026-05-23T14:31:43.166072Z","2026-05-23T14:31:46.984199Z",1779546703.16607,1779546706.9842,0.000663,0.000739,0.00076,3.802679,3.8028,3.801919,0.000121000000000038,3.7954,0.0227264400482179
"2026-05-23T14:31:47.056Z","run_bootstrap",224,"http://client2:8000","run","http://client2:8000/run",1,TRUE,200,1108,250,3.88356709480286,"2026-05-23T14:31:43.166848Z","2026-05-23T14:31:47.050415Z",1779546703.16685,1779546707.05042,0.000538,0.00062,0.000653,3.867676,3.867819,3.867023,0.000143000000000004,3.8609,0.0226670948028564
"2026-05-23T14:31:47.056Z","run_bootstrap",224,"http://client3:8000","run","http://client3:8000/run",1,TRUE,200,1108,256,3.74803113937378,"2026-05-23T14:31:43.167368Z","2026-05-23T14:31:46.915399Z",1779546703.16737,1779546706.9154,0.000684,0.000769,0.000799,3.733595,3.733685,3.732796,8.99999999997014e-05,3.7265,0.0215311393737792
"2026-05-23T14:31:51.331Z","run_bootstrap",225,"http://client1:8000","run","http://client1:8000/run",1,TRUE,200,1109,250,4.25975918769836,"2026-05-23T14:31:47.067427Z","2026-05-23T14:31:51.327186Z",1779546707.06743,1779546711.32719,0.000659,0.000764,8e-04,4.246249,4.246363,4.245449,0.000113999999999947,4.0822,0.177559187698364
"2026-05-23T14:31:51.331Z","run_bootstrap",225,"http://client2:8000","run","http://client2:8000/run",1,TRUE,200,1109,250,3.92919206619263,"2026-05-23T14:31:47.069581Z","2026-05-23T14:31:50.998773Z",1779546707.06958,1779546710.99877,0.000706,0.000825,0.000863,3.915646,3.915772,3.914783,0.000125999999999848,3.8984,0.0307920661926269
"2026-05-23T14:31:51.331Z","run_bootstrap",225,"http://client3:8000","run","http://client3:8000/run",1,TRUE,200,1109,255,3.66830515861511,"2026-05-23T14:31:47.069111Z","2026-05-23T14:31:50.737416Z",1779546707.06911,1779546710.73742,0.000694,0.000812,0.00085,3.654525,3.654646,3.653675,0.000121000000000038,3.647,0.0213051586151125
"2026-05-23T14:31:55.024Z","run_bootstrap",226,"http://client1:8000","run","http://client1:8000/run",1,TRUE,200,1109,250,3.47517848014832,"2026-05-23T14:31:51.344780Z","2026-05-23T14:31:54.819958Z",1779546711.34478,1779546714.81996,0.000552,0.000642,0.000677,3.452033,3.452172,3.451356,0.000138999999999889,3.4451,0.0300784801483154
"2026-05-23T14:31:55.024Z","run_bootstrap",226,"http://client2:8000","run","http://client2:8000/run",1,TRUE,200,1109,250,3.58665084838867,"2026-05-23T14:31:51.345398Z","2026-05-23T14:31:54.932049Z",1779546711.3454,1779546714.93205,0.000654,0.000758,0.000792,3.568845,3.568984,3.568053,0.000138999999999889,3.5618,0.024850848388672
"2026-05-23T14:31:55.024Z","run_bootstrap",226,"http://client3:8000","run","http://client3:8000/run",1,TRUE,200,1109,256,3.67379951477051,"2026-05-23T14:31:51.346142Z","2026-05-23T14:31:55.019942Z",1779546711.34614,1779546715.01994,0.000597,0.000716,0.000758,3.652958,3.65308,3.6522,0.000122000000000178,3.6457,0.0280995147705076
"2026-05-23T14:31:58.832Z","run_bootstrap",227,"http://client1:8000","run","http://client1:8000/run",1,TRUE,200,1108,251,3.3608124256134,"2026-05-23T14:31:55.037034Z","2026-05-23T14:31:58.397847Z",1779546715.03703,1779546718.39785,0.000693,0.000803,0.000841,3.345799,3.345847,3.344958,4.8000000000048e-05,3.3375,0.0233124256134034
"2026-05-23T14:31:58.832Z","run_bootstrap",227,"http://client2:8000","run","http://client2:8000/run",1,TRUE,200,1108,250,3.7824547290802,"2026-05-23T14:31:55.037725Z","2026-05-23T14:31:58.820180Z",1779546715.03773,1779546718.82018,0.000438,0.000514,0.000544,3.764635,3.76468,3.764091,4.49999999996287e-05,3.7569,0.0255547290802003
"2026-05-23T14:31:58.832Z","run_bootstrap",227,"http://client3:8000","run","http://client3:8000/run",1,TRUE,200,1108,255,3.5334484577179,"2026-05-23T14:31:55.036845Z","2026-05-23T14:31:58.570294Z",1779546715.03685,1779546718.57029,0.000658,0.00077,0.000808,3.518256,3.51856,3.517448,0.00030399999999986,3.5112,0.0222484577178954
"2026-05-23T14:32:02.422Z","run_bootstrap",228,"http://client1:8000","run","http://client1:8000/run",1,TRUE,200,1108,251,3.57081270217896,"2026-05-23T14:31:58.847303Z","2026-05-23T14:32:02.418116Z",1779546718.8473,1779546722.41812,0.000565,0.000639,0.000661,3.557114,3.557249,3.556453,0.000135000000000218,3.5499,0.020912702178955
"2026-05-23T14:32:02.422Z","run_bootstrap",228,"http://client2:8000","run","http://client2:8000/run",1,TRUE,200,1108,250,3.55405759811401,"2026-05-23T14:31:58.849206Z","2026-05-23T14:32:02.403264Z",1779546718.84921,1779546722.40326,0.000489,0.000566,0.000597,3.536581,3.536709,3.535984,0.000128000000000128,3.5299,0.0241575981140136
"2026-05-23T14:32:02.422Z","run_bootstrap",228,"http://client3:8000","run","http://client3:8000/run",1,TRUE,200,1108,255,3.3249294757843,"2026-05-23T14:31:58.848179Z","2026-05-23T14:32:02.173109Z",1779546718.84818,1779546722.17311,0.000644,0.000726,0.000757,3.311931,3.312067,3.311174,0.000135999999999914,3.3051,0.0198294757843018
"2026-05-23T14:32:06.162Z","run_bootstrap",229,"http://client1:8000","run","http://client1:8000/run",1,TRUE,200,1109,251,3.72280240058899,"2026-05-23T14:32:02.433002Z","2026-05-23T14:32:06.155804Z",1779546722.433,1779546726.1558,0.000422,0.000489,0.00051,3.708819,3.70895,3.708309,0.000131000000000103,3.7013,0.0215024005889894
"2026-05-23T14:32:06.162Z","run_bootstrap",229,"http://client2:8000","run","http://client2:8000/run",1,TRUE,200,1109,251,3.50925040245056,"2026-05-23T14:32:02.433564Z","2026-05-23T14:32:05.942814Z",1779546722.43356,1779546725.94281,0.000422,0.000504,0.000547,3.495932,3.496048,3.495385,0.000116000000000227,3.4891,0.0201504024505614
"2026-05-23T14:32:06.162Z","run_bootstrap",229,"http://client3:8000","run","http://client3:8000/run",1,TRUE,200,1109,255,3.5458812713623,"2026-05-23T14:32:02.434611Z","2026-05-23T14:32:05.980493Z",1779546722.43461,1779546725.98049,0.000391,0.000468,0.000643,3.533372,3.533516,3.532729,0.000144000000000144,3.5255,0.0203812713623046
"2026-05-23T14:32:09.921Z","run_bootstrap",230,"http://client1:8000","run","http://client1:8000/run",1,TRUE,200,1109,251,3.44445157051086,"2026-05-23T14:32:06.177186Z","2026-05-23T14:32:09.621638Z",1779546726.17719,1779546729.62164,6e-04,0.000675,0.00071,3.429814,3.429967,3.429104,0.00015300000000007,3.4201,0.0243515705108641
"2026-05-23T14:32:09.921Z","run_bootstrap",230,"http://client2:8000","run","http://client2:8000/run",1,TRUE,200,1109,251,3.7384729385376,"2026-05-23T14:32:06.177633Z","2026-05-23T14:32:09.916106Z",1779546726.17763,1779546729.91611,0.000541,0.000628,0.000649,3.725076,3.725216,3.724427,0.000140000000000029,3.7182,0.0202729385375977
"2026-05-23T14:32:09.921Z","run_bootstrap",230,"http://client3:8000","run","http://client3:8000/run",1,TRUE,200,1109,255,3.45356440544128,"2026-05-23T14:32:06.177989Z","2026-05-23T14:32:09.631553Z",1779546726.17799,1779546729.63155,0.00058,0.00064,0.000659,3.43974,3.43988,3.439081,0.000140000000000029,3.4223,0.0312644054412843
