"timestamp","phase","round_id","client","endpoint","url","attempt","ok","status","request_bytes","response_bytes","elapsed_sec","request_start_ts_utc","request_end_ts_utc","request_start_epoch_sec","request_end_epoch_sec","curl_namelookup_sec","curl_connect_sec","curl_pretransfer_sec","curl_starttransfer_sec","curl_total_sec","curl_ttfb_sec","curl_response_transfer_sec","client_compute_sec","net_overhead_sec"
"2026-05-21T15:51:34.139Z","init",1,"http://client1:8000","init","http://client1:8000/init",1,TRUE,200,2713,387,0.364283323287964,"2026-05-21T15:51:33.717121Z","2026-05-21T15:51:34.081404Z",1779378693.71712,1779378694.0814,0.000599,0.000724,0.000765,0.349789,0.349834,0.349024,4.49999999999617e-05,NA,NA
"2026-05-21T15:51:34.139Z","init",1,"http://client2:8000","init","http://client2:8000/init",1,TRUE,200,2713,387,0.363180160522461,"2026-05-21T15:51:33.718227Z","2026-05-21T15:51:34.081407Z",1779378693.71823,1779378694.08141,0.000797,0.000932,0.000975,0.348758,0.348806,0.347783,4.79999999999925e-05,NA,NA
"2026-05-21T15:51:34.139Z","init",1,"http://client3:8000","init","http://client3:8000/init",1,TRUE,200,2713,387,0.360573291778564,"2026-05-21T15:51:33.721511Z","2026-05-21T15:51:34.082085Z",1779378693.72151,1779378694.08209,0.000534,0.000664,0.000718,0.344795,0.344838,0.344077,4.29999999999597e-05,NA,NA
"2026-05-21T15:51:40.012Z","run_bootstrap",1,"http://client1:8000","run","http://client1:8000/run",1,TRUE,200,1107,254,5.52836608886719,"2026-05-21T15:51:34.355242Z","2026-05-21T15:51:39.883609Z",1779378694.35524,1779378699.88361,0.000612,0.000728,0.000765,5.515406,5.515449,5.514641,4.30000000006814e-05,5.4596,0.0687660888671875
"2026-05-21T15:51:40.012Z","run_bootstrap",1,"http://client2:8000","run","http://client2:8000/run",1,TRUE,200,1107,255,5.43261361122131,"2026-05-21T15:51:34.357180Z","2026-05-21T15:51:39.789793Z",1779378694.35718,1779378699.78979,0.00056,0.000636,0.000669,5.419229,5.419275,5.41856,4.60000000002125e-05,5.364,0.0686136112213136
"2026-05-21T15:51:40.012Z","run_bootstrap",1,"http://client3:8000","run","http://client3:8000/run",1,TRUE,200,1107,254,5.64724516868591,"2026-05-21T15:51:34.357553Z","2026-05-21T15:51:40.004798Z",1779378694.35755,1779378700.0048,0.000626,0.000742,0.000777,5.634376,5.634426,5.633599,5.00000000007716e-05,5.579,0.0682451686859133
"2026-05-21T15:51:43.862Z","run_bootstrap",2,"http://client1:8000","run","http://client1:8000/run",1,TRUE,200,1107,254,3.63169026374817,"2026-05-21T15:51:40.073228Z","2026-05-21T15:51:43.704918Z",1779378700.07323,1779378703.70492,0.00069,0.000803,0.000842,3.616503,3.616546,3.615661,4.30000000002373e-05,3.5072,0.124490263748169
"2026-05-21T15:51:43.862Z","run_bootstrap",2,"http://client2:8000","run","http://client2:8000/run",1,TRUE,200,1107,256,3.57005786895752,"2026-05-21T15:51:40.073898Z","2026-05-21T15:51:43.643956Z",1779378700.0739,1779378703.64396,0.000668,0.000759,0.000802,3.547918,3.547969,3.547116,5.10000000000232e-05,3.4379,0.13215786895752
"2026-05-21T15:51:43.862Z","run_bootstrap",2,"http://client3:8000","run","http://client3:8000/run",1,TRUE,200,1107,255,3.78291583061218,"2026-05-21T15:51:40.074755Z","2026-05-21T15:51:43.857671Z",1779378700.07476,1779378703.85767,0.000643,0.000761,0.000801,3.761652,3.761698,3.760851,4.59999999997684e-05,3.6507,0.132215830612183
"2026-05-21T15:51:47.562Z","run_bootstrap",3,"http://client1:8000","run","http://client1:8000/run",1,TRUE,200,1109,256,3.67896366119385,"2026-05-21T15:51:43.877345Z","2026-05-21T15:51:47.556309Z",1779378703.87735,1779378707.55631,0.000675,0.000787,0.000827,3.665182,3.665246,3.664355,6.39999999996199e-05,3.6576,0.0213636611938477
"2026-05-21T15:51:47.562Z","run_bootstrap",3,"http://client2:8000","run","http://client2:8000/run",1,TRUE,200,1109,254,3.29558634757996,"2026-05-21T15:51:43.879376Z","2026-05-21T15:51:47.174962Z",1779378703.87938,1779378707.17496,0.000371,0.000447,0.000496,3.283267,3.283317,3.282771,4.99999999998835e-05,3.2767,0.0188863475799561
"2026-05-21T15:51:47.562Z","run_bootstrap",3,"http://client3:8000","run","http://client3:8000/run",1,TRUE,200,1109,252,3.67619800567627,"2026-05-21T15:51:43.878679Z","2026-05-21T15:51:47.554877Z",1779378703.87868,1779378707.55488,0.000452,0.000548,0.000586,3.662914,3.66297,3.662328,5.6000000000278e-05,3.656,0.0201980056762694
"2026-05-21T15:51:51.274Z","run_bootstrap",4,"http://client1:8000","run","http://client1:8000/run",1,TRUE,200,1109,256,3.40281319618225,"2026-05-21T15:51:47.579021Z","2026-05-21T15:51:50.981834Z",1779378707.57902,1779378710.98183,0.000744,0.000825,0.000867,3.388622,3.38867,3.387755,4.8000000000048e-05,3.3798,0.0230131961822511
"2026-05-21T15:51:51.274Z","run_bootstrap",4,"http://client2:8000","run","http://client2:8000/run",1,TRUE,200,1109,254,3.6887104511261,"2026-05-21T15:51:47.579782Z","2026-05-21T15:51:51.268493Z",1779378707.57978,1779378711.26849,0.000674,0.000779,0.000824,3.675379,3.675426,3.674555,4.69999999999082e-05,3.6684,0.0203104511260985
"2026-05-21T15:51:51.274Z","run_bootstrap",4,"http://client3:8000","run","http://client3:8000/run",1,TRUE,200,1109,253,3.28898525238037,"2026-05-21T15:51:47.580771Z","2026-05-21T15:51:50.869756Z",1779378707.58077,1779378710.86976,0.000511,0.00058,0.000627,3.277007,3.277052,3.27638,4.50000000000728e-05,3.2705,0.0184852523803709
"2026-05-21T15:51:54.991Z","run_bootstrap",5,"http://client1:8000","run","http://client1:8000/run",1,TRUE,200,1107,254,3.70091319084167,"2026-05-21T15:51:51.285998Z","2026-05-21T15:51:54.986911Z",1779378711.286,1779378714.98691,0.000641,0.000748,0.000782,3.682259,3.682289,3.681477,2.99999999997524e-05,3.6749,0.0260131908416747
"2026-05-21T15:51:54.991Z","run_bootstrap",5,"http://client2:8000","run","http://client2:8000/run",1,TRUE,200,1107,258,3.46415591239929,"2026-05-21T15:51:51.286676Z","2026-05-21T15:51:54.750832Z",1779378711.28668,1779378714.75083,0.000552,0.00067,0.000708,3.438928,3.438958,3.43822,2.99999999997524e-05,3.4309,0.0332559123992922
"2026-05-21T15:51:54.991Z","run_bootstrap",5,"http://client3:8000","run","http://client3:8000/run",1,TRUE,200,1107,252,3.51823616027832,"2026-05-21T15:51:51.287294Z","2026-05-21T15:51:54.805530Z",1779378711.28729,1779378714.80553,7e-04,0.000826,0.000864,3.495891,3.495923,3.495027,3.2000000000032e-05,3.4878,0.0304361602783203
"2026-05-21T15:51:58.654Z","run_bootstrap",6,"http://client1:8000","run","http://client1:8000/run",1,TRUE,200,1107,254,3.41376805305481,"2026-05-21T15:51:55.007657Z","2026-05-21T15:51:58.421425Z",1779378715.00766,1779378718.42143,0.000462,0.000549,0.000586,3.400096,3.400135,3.39951,3.90000000001223e-05,3.3933,0.0204680530548096
"2026-05-21T15:51:58.654Z","run_bootstrap",6,"http://client2:8000","run","http://client2:8000/run",1,TRUE,200,1107,258,3.52448415756226,"2026-05-21T15:51:55.007565Z","2026-05-21T15:51:58.532050Z",1779378715.00757,1779378718.53205,0.00061,0.000689,0.000725,3.509961,3.510005,3.509236,4.3999999999933e-05,3.5029,0.021584157562256
"2026-05-21T15:51:58.654Z","run_bootstrap",6,"http://client3:8000","run","http://client3:8000/run",1,TRUE,200,1107,252,3.64247250556946,"2026-05-21T15:51:55.007893Z","2026-05-21T15:51:58.650366Z",1779378715.00789,1779378718.65037,0.000632,0.000688,0.000708,3.629081,3.62912,3.628373,3.90000000001223e-05,3.6225,0.019972505569458
"2026-05-21T15:52:02.195Z","run_bootstrap",7,"http://client1:8000","run","http://client1:8000/run",1,TRUE,200,1108,254,3.50311803817749,"2026-05-21T15:51:58.667272Z","2026-05-21T15:52:02.170390Z",1779378718.66727,1779378722.17039,0.000479,0.000548,0.000575,3.487552,3.487594,3.486977,4.20000000000975e-05,3.4809,0.0222180381774901
"2026-05-21T15:52:02.195Z","run_bootstrap",7,"http://client2:8000","run","http://client2:8000/run",1,TRUE,200,1108,256,3.48586845397949,"2026-05-21T15:51:58.667937Z","2026-05-21T15:52:02.153806Z",1779378718.66794,1779378722.15381,0.000535,0.000608,0.000646,3.470623,3.470667,3.469977,4.40000000003771e-05,3.4641,0.021768453979492
"2026-05-21T15:52:02.195Z","run_bootstrap",7,"http://client3:8000","run","http://client3:8000/run",1,TRUE,200,1108,252,3.52267360687256,"2026-05-21T15:51:58.668462Z","2026-05-21T15:52:02.191136Z",1779378718.66846,1779378722.19114,0.000482,0.00055,0.000575,3.508283,3.508317,3.507708,3.39999999998675e-05,3.502,0.0206736068725588
"2026-05-21T15:52:06.059Z","run_bootstrap",8,"http://client1:8000","run","http://client1:8000/run",1,TRUE,200,1108,254,3.8444619178772,"2026-05-21T15:52:02.207657Z","2026-05-21T15:52:06.052119Z",1779378722.20766,1779378726.05212,0.000414,0.000529,0.000574,3.825823,3.825865,3.825249,4.19999999996534e-05,3.8177,0.0267619178771974
"2026-05-21T15:52:06.059Z","run_bootstrap",8,"http://client2:8000","run","http://client2:8000/run",1,TRUE,200,1108,256,3.67388200759888,"2026-05-21T15:52:02.208445Z","2026-05-21T15:52:05.882327Z",1779378722.20845,1779378725.88233,0.000425,0.000498,0.000548,3.655461,3.655529,3.654913,6.8000000000179e-05,3.6478,0.0260820075988768
"2026-05-21T15:52:06.059Z","run_bootstrap",8,"http://client3:8000","run","http://client3:8000/run",1,TRUE,200,1108,253,3.77497267723083,"2026-05-21T15:52:02.208853Z","2026-05-21T15:52:05.983825Z",1779378722.20885,1779378725.98383,0.000643,0.000749,0.00079,3.758472,3.758514,3.757682,4.20000000000975e-05,3.7514,0.0235726772308351
"2026-05-21T15:52:10.027Z","run_bootstrap",9,"http://client1:8000","run","http://client1:8000/run",1,TRUE,200,1106,253,3.95119881629944,"2026-05-21T15:52:06.068983Z","2026-05-21T15:52:10.020182Z",1779378726.06898,1779378730.02018,0.000589,0.000702,0.000746,3.937529,3.937572,3.936783,4.29999999997932e-05,3.9299,0.0212988162994385
"2026-05-21T15:52:10.027Z","run_bootstrap",9,"http://client2:8000","run","http://client2:8000/run",1,TRUE,200,1106,257,3.60619926452637,"2026-05-21T15:52:06.070271Z","2026-05-21T15:52:09.676471Z",1779378726.07027,1779378729.67647,0.000596,0.00072,0.000771,3.592612,3.592668,3.591841,5.6000000000278e-05,3.5856,0.0205992645263673
"2026-05-21T15:52:10.027Z","run_bootstrap",9,"http://client3:8000","run","http://client3:8000/run",1,TRUE,200,1106,252,3.77487850189209,"2026-05-21T15:52:06.070792Z","2026-05-21T15:52:09.845671Z",1779378726.07079,1779378729.84567,0.00066,0.000751,0.000795,3.761616,3.76166,3.760821,4.3999999999933e-05,3.7545,0.0203785018920897
"2026-05-21T15:52:14.012Z","run_bootstrap",10,"http://client1:8000","run","http://client1:8000/run",1,TRUE,200,1106,253,3.89318346977234,"2026-05-21T15:52:10.039212Z","2026-05-21T15:52:13.932395Z",1779378730.03921,1779378733.9324,0.000486,0.000539,0.000559,3.879233,3.879271,3.878674,3.79999999999825e-05,3.8721,0.0210834697723388
"2026-05-21T15:52:14.012Z","run_bootstrap",10,"http://client2:8000","run","http://client2:8000/run",1,TRUE,200,1106,256,3.96561765670776,"2026-05-21T15:52:10.039999Z","2026-05-21T15:52:14.005616Z",1779378730.04,1779378734.00562,0.00048,0.00057,0.000601,3.948518,3.94856,3.947917,4.20000000000975e-05,3.942,0.0236176567077635
"2026-05-21T15:52:14.012Z","run_bootstrap",10,"http://client3:8000","run","http://client3:8000/run",1,TRUE,200,1106,251,3.79671049118042,"2026-05-21T15:52:10.040494Z","2026-05-21T15:52:13.837205Z",1779378730.04049,1779378733.83721,0.000352,0.000429,0.00045,3.783563,3.783607,3.783113,4.3999999999933e-05,3.776,0.0207104911804201
"2026-05-21T15:52:18.001Z","run_bootstrap",11,"http://client1:8000","run","http://client1:8000/run",1,TRUE,200,1107,253,3.82572293281555,"2026-05-21T15:52:14.024434Z","2026-05-21T15:52:17.850157Z",1779378734.02443,1779378737.85016,0.000578,0.000701,0.00075,3.805993,3.806052,3.805243,5.90000000002533e-05,3.7989,0.0268229328155516
"2026-05-21T15:52:18.001Z","run_bootstrap",11,"http://client2:8000","run","http://client2:8000/run",1,TRUE,200,1107,255,3.97131061553955,"2026-05-21T15:52:14.025503Z","2026-05-21T15:52:17.996813Z",1779378734.0255,1779378737.99681,0.000611,0.00072,0.000761,3.950949,3.951024,3.950188,7.49999999998252e-05,3.9436,0.0277106155395508
"2026-05-21T15:52:18.001Z","run_bootstrap",11,"http://client3:8000","run","http://client3:8000/run",1,TRUE,200,1107,252,3.93616199493408,"2026-05-21T15:52:14.029516Z","2026-05-21T15:52:17.965678Z",1779378734.02952,1779378737.96568,0.000632,0.000733,0.000775,3.917046,3.917098,3.916271,5.2000000000163e-05,3.9091,0.027061994934082
"2026-05-21T15:52:21.908Z","run_bootstrap",12,"http://client1:8000","run","http://client1:8000/run",1,TRUE,200,1107,253,3.88365435600281,"2026-05-21T15:52:18.017778Z","2026-05-21T15:52:21.901433Z",1779378738.01778,1779378741.90143,0.000658,0.000773,0.000814,3.864068,3.864111,3.863254,4.29999999997932e-05,3.8571,0.0265543560028076
"2026-05-21T15:52:21.908Z","run_bootstrap",12,"http://client2:8000","run","http://client2:8000/run",1,TRUE,200,1107,255,3.84412837028503,"2026-05-21T15:52:18.017043Z","2026-05-21T15:52:21.861171Z",1779378738.01704,1779378741.86117,0.000535,0.000658,0.000702,3.830321,3.830364,3.829619,4.29999999997932e-05,3.8237,0.0204283702850341
"2026-05-21T15:52:21.908Z","run_bootstrap",12,"http://client3:8000","run","http://client3:8000/run",1,TRUE,200,1107,252,3.79689431190491,"2026-05-21T15:52:18.018818Z","2026-05-21T15:52:21.815713Z",1779378738.01882,1779378741.81571,0.000612,0.000723,0.000766,3.782009,3.782056,3.781243,4.69999999999082e-05,3.7752,0.0216943119049073
"2026-05-21T15:52:25.578Z","run_bootstrap",13,"http://client1:8000","run","http://client1:8000/run",1,TRUE,200,1108,250,3.49239301681519,"2026-05-21T15:52:21.919227Z","2026-05-21T15:52:25.411620Z",1779378741.91923,1779378745.41162,0.000787,0.000903,0.000943,3.478536,3.478606,3.477593,7.00000000000145e-05,3.4713,0.0210930168151857
"2026-05-21T15:52:25.578Z","run_bootstrap",13,"http://client2:8000","run","http://client2:8000/run",1,TRUE,200,1108,253,3.56573271751404,"2026-05-21T15:52:21.920943Z","2026-05-21T15:52:25.486675Z",1779378741.92094,1779378745.48668,0.000619,0.000707,0.000744,3.549145,3.54919,3.548401,4.49999999996287e-05,3.542,0.0237327175140383
"2026-05-21T15:52:25.578Z","run_bootstrap",13,"http://client3:8000","run","http://client3:8000/run",1,TRUE,200,1108,251,3.65240144729614,"2026-05-21T15:52:21.921376Z","2026-05-21T15:52:25.573777Z",1779378741.92138,1779378745.57378,0.000485,0.000597,0.000639,3.633896,3.633961,3.633257,6.50000000002038e-05,3.6262,0.0262014472961427
"2026-05-21T15:52:29.244Z","run_bootstrap",14,"http://client1:8000","run","http://client1:8000/run",1,TRUE,200,1108,250,3.45197296142578,"2026-05-21T15:52:25.590694Z","2026-05-21T15:52:29.042667Z",1779378745.59069,1779378749.04267,0.000779,0.000867,0.000888,3.433318,3.433357,3.43243,3.90000000001223e-05,3.4254,0.0265729614257815
"2026-05-21T15:52:29.244Z","run_bootstrap",14,"http://client2:8000","run","http://client2:8000/run",1,TRUE,200,1108,254,3.64878273010254,"2026-05-21T15:52:25.591229Z","2026-05-21T15:52:29.240012Z",1779378745.59123,1779378749.24001,0.000464,0.000554,0.00059,3.628686,3.62888,3.628096,0.000194000000000027,3.6218,0.0269827301025392
"2026-05-21T15:52:29.244Z","run_bootstrap",14,"http://client3:8000","run","http://client3:8000/run",1,TRUE,200,1108,250,3.40701103210449,"2026-05-21T15:52:25.591703Z","2026-05-21T15:52:28.998714Z",1779378745.5917,1779378748.99871,0.000644,0.000751,0.000785,3.390851,3.390894,3.390066,4.29999999997932e-05,3.384,0.0230110321044923
"2026-05-21T15:52:32.724Z","run_bootstrap",15,"http://client1:8000","run","http://client1:8000/run",1,TRUE,200,1107,251,3.46364498138428,"2026-05-21T15:52:29.255916Z","2026-05-21T15:52:32.719561Z",1779378749.25592,1779378752.71956,0.000507,0.000579,0.00061,3.447448,3.447492,3.446838,4.3999999999933e-05,3.4389,0.0247449813842775
"2026-05-21T15:52:32.724Z","run_bootstrap",15,"http://client2:8000","run","http://client2:8000/run",1,TRUE,200,1107,253,3.42484402656555,"2026-05-21T15:52:29.255521Z","2026-05-21T15:52:32.680365Z",1779378749.25552,1779378752.68037,0.000788,0.000853,0.000885,3.41125,3.411291,3.410365,4.09999999999577e-05,3.4045,0.0203440265655517
"2026-05-21T15:52:32.724Z","run_bootstrap",15,"http://client3:8000","run","http://client3:8000/run",1,TRUE,200,1107,251,3.36998867988586,"2026-05-21T15:52:29.256098Z","2026-05-21T15:52:32.626087Z",1779378749.2561,1779378752.62609,0.000562,0.00064,0.000674,3.356735,3.356776,3.356061,4.09999999999577e-05,3.3498,0.0201886798858641
"2026-05-21T15:52:36.215Z","run_bootstrap",16,"http://client1:8000","run","http://client1:8000/run",1,TRUE,200,1107,251,3.43638467788696,"2026-05-21T15:52:32.735692Z","2026-05-21T15:52:36.172077Z",1779378752.73569,1779378756.17208,0.00059,0.000666,0.000697,3.413455,3.413486,3.412758,3.09999999998922e-05,3.4064,0.0299846778869628
"2026-05-21T15:52:36.215Z","run_bootstrap",16,"http://client2:8000","run","http://client2:8000/run",1,TRUE,200,1107,253,3.43416929244995,"2026-05-21T15:52:32.736434Z","2026-05-21T15:52:36.170603Z",1779378752.73643,1779378756.1706,0.000545,0.000631,0.000663,3.412663,3.412695,3.412,3.2000000000032e-05,3.4058,0.028369292449951
"2026-05-21T15:52:36.215Z","run_bootstrap",16,"http://client3:8000","run","http://client3:8000/run",1,TRUE,200,1107,250,3.47415399551392,"2026-05-21T15:52:32.736979Z","2026-05-21T15:52:36.211133Z",1779378752.73698,1779378756.21113,0.000519,6e-04,0.000622,3.453509,3.453549,3.452887,4.0000000000262e-05,3.447,0.027153995513916
"2026-05-21T15:52:39.715Z","run_bootstrap",17,"http://client1:8000","run","http://client1:8000/run",1,TRUE,200,1107,251,3.45818400382996,"2026-05-21T15:52:36.230514Z","2026-05-21T15:52:39.688698Z",1779378756.23051,1779378759.6887,0.000614,0.000672,0.000694,3.442145,3.44218,3.441451,3.50000000000072e-05,3.4319,0.0262840038299559
"2026-05-21T15:52:39.715Z","run_bootstrap",17,"http://client2:8000","run","http://client2:8000/run",1,TRUE,200,1107,255,3.44609522819519,"2026-05-21T15:52:36.231034Z","2026-05-21T15:52:39.677130Z",1779378756.23103,1779378759.67713,0.000699,0.000781,0.000816,3.429732,3.429777,3.428916,4.50000000000728e-05,3.4209,0.0251952281951904
"2026-05-21T15:52:39.715Z","run_bootstrap",17,"http://client3:8000","run","http://client3:8000/run",1,TRUE,200,1107,253,3.4791464805603,"2026-05-21T15:52:36.231448Z","2026-05-21T15:52:39.710595Z",1779378756.23145,1779378759.7106,0.000529,0.000602,0.000626,3.46321,3.463251,3.462584,4.09999999999577e-05,3.4567,0.0224464805603026
"2026-05-21T15:52:43.417Z","run_bootstrap",18,"http://client1:8000","run","http://client1:8000/run",1,TRUE,200,1107,251,3.68174529075623,"2026-05-21T15:52:39.728036Z","2026-05-21T15:52:43.409782Z",1779378759.72804,1779378763.40978,0.000523,0.000627,0.000661,3.663313,3.663359,3.662652,4.59999999997684e-05,3.6462,0.0355452907562257
"2026-05-21T15:52:43.417Z","run_bootstrap",18,"http://client2:8000","run","http://client2:8000/run",1,TRUE,200,1107,255,3.43064999580383,"2026-05-21T15:52:39.728505Z","2026-05-21T15:52:43.159155Z",1779378759.72851,1779378763.15916,0.000507,0.000624,0.000665,3.410401,3.410445,3.409736,4.40000000003771e-05,3.4022,0.0284499958038329
"2026-05-21T15:52:43.417Z","run_bootstrap",18,"http://client3:8000","run","http://client3:8000/run",1,TRUE,200,1107,253,3.18009734153748,"2026-05-21T15:52:39.728944Z","2026-05-21T15:52:42.909041Z",1779378759.72894,1779378762.90904,0.000604,0.000708,0.000742,3.164295,3.164337,3.163553,4.20000000000975e-05,3.1526,0.0274973415374755
"2026-05-21T15:52:46.915Z","run_bootstrap",19,"http://client1:8000","run","http://client1:8000/run",1,TRUE,200,1108,247,3.47303128242493,"2026-05-21T15:52:43.431144Z","2026-05-21T15:52:46.904175Z",1779378763.43114,1779378766.90418,0.000666,0.000782,0.000819,3.457085,3.457128,3.456266,4.29999999997932e-05,3.45,0.0230312824249266
"2026-05-21T15:52:46.915Z","run_bootstrap",19,"http://client2:8000","run","http://client2:8000/run",1,TRUE,200,1108,254,3.47926545143127,"2026-05-21T15:52:43.431644Z","2026-05-21T15:52:46.910910Z",1779378763.43164,1779378766.91091,0.000445,0.000537,0.000571,3.458931,3.458972,3.45836,4.09999999999577e-05,3.4523,0.0269654514312743
"2026-05-21T15:52:46.915Z","run_bootstrap",19,"http://client3:8000","run","http://client3:8000/run",1,TRUE,200,1108,252,3.35669159889221,"2026-05-21T15:52:43.432385Z","2026-05-21T15:52:46.789077Z",1779378763.43239,1779378766.78908,0.000494,0.000569,0.000602,3.336743,3.336791,3.336141,4.8000000000048e-05,3.3275,0.0291915988922118
"2026-05-21T15:52:50.787Z","run_bootstrap",20,"http://client1:8000","run","http://client1:8000/run",1,TRUE,200,1108,249,3.66132783889771,"2026-05-21T15:52:46.927037Z","2026-05-21T15:52:50.588365Z",1779378766.92704,1779378770.58837,0.000494,0.000576,0.00061,3.647199,3.647234,3.646589,3.50000000000072e-05,3.4934,0.167927838897705
"2026-05-21T15:52:50.787Z","run_bootstrap",20,"http://client2:8000","run","http://client2:8000/run",1,TRUE,200,1108,254,3.56551623344421,"2026-05-21T15:52:46.926818Z","2026-05-21T15:52:50.492334Z",1779378766.92682,1779378770.49233,0.000593,0.000696,0.000729,3.552479,3.552519,3.55175,4.0000000000262e-05,3.4032,0.162316233444214
"2026-05-21T15:52:50.787Z","run_bootstrap",20,"http://client3:8000","run","http://client3:8000/run",1,TRUE,200,1108,252,3.85601663589478,"2026-05-21T15:52:46.927034Z","2026-05-21T15:52:50.783051Z",1779378766.92703,1779378770.78305,0.000518,0.000596,0.00063,3.843247,3.843282,3.842617,3.50000000000072e-05,3.6905,0.165516635894775
"2026-05-21T15:52:54.461Z","run_bootstrap",21,"http://client1:8000","run","http://client1:8000/run",1,TRUE,200,1105,250,3.488844871521,"2026-05-21T15:52:50.797749Z","2026-05-21T15:52:54.286594Z",1779378770.79775,1779378774.28659,0.00067,0.000772,0.000813,3.475437,3.475506,3.474624,6.90000000003188e-05,3.4686,0.0202448715209962
"2026-05-21T15:52:54.461Z","run_bootstrap",21,"http://client2:8000","run","http://client2:8000/run",1,TRUE,200,1105,257,3.65756034851074,"2026-05-21T15:52:50.799186Z","2026-05-21T15:52:54.456747Z",1779378770.79919,1779378774.45675,0.000505,0.000597,0.00064,3.644551,3.64461,3.643911,5.90000000002533e-05,3.6382,0.0193603485107423
"2026-05-21T15:52:54.461Z","run_bootstrap",21,"http://client3:8000","run","http://client3:8000/run",1,TRUE,200,1105,251,3.41220426559448,"2026-05-21T15:52:50.799879Z","2026-05-21T15:52:54.212084Z",1779378770.79988,1779378774.21208,0.000459,0.000551,0.000596,3.393111,3.393183,3.392515,7.199999999985e-05,3.3853,0.0269042655944824
"2026-05-21T15:52:58.200Z","run_bootstrap",22,"http://client1:8000","run","http://client1:8000/run",1,TRUE,200,1105,250,3.69734168052673,"2026-05-21T15:52:54.477544Z","2026-05-21T15:52:58.174885Z",1779378774.47754,1779378778.17489,0.000641,0.000751,0.000795,3.683411,3.683457,3.682616,4.60000000002125e-05,3.6758,0.0215416805267332
"2026-05-21T15:52:58.200Z","run_bootstrap",22,"http://client2:8000","run","http://client2:8000/run",1,TRUE,200,1105,257,3.71522998809814,"2026-05-21T15:52:54.479736Z","2026-05-21T15:52:58.194966Z",1779378774.47974,1779378778.19497,0.000408,0.000488,0.000533,3.700533,3.700578,3.7,4.50000000000728e-05,3.6927,0.0225299880981447
"2026-05-21T15:52:58.200Z","run_bootstrap",22,"http://client3:8000","run","http://client3:8000/run",1,TRUE,200,1105,251,3.26593351364136,"2026-05-21T15:52:54.477780Z","2026-05-21T15:52:57.743713Z",1779378774.47778,1779378777.74371,0.000638,0.000733,0.000777,3.251852,3.251898,3.251075,4.60000000002125e-05,3.2421,0.0238335136413572
"2026-05-21T15:53:01.966Z","run_bootstrap",23,"http://client1:8000","run","http://client1:8000/run",1,TRUE,200,1108,251,3.45649409294128,"2026-05-21T15:52:58.214183Z","2026-05-21T15:53:01.670677Z",1779378778.21418,1779378781.67068,0.000408,0.00049,0.000532,3.437865,3.437909,3.437333,4.3999999999933e-05,3.4307,0.0257940929412843
"2026-05-21T15:53:01.966Z","run_bootstrap",23,"http://client2:8000","run","http://client2:8000/run",1,TRUE,200,1108,255,3.53284978866577,"2026-05-21T15:52:58.214664Z","2026-05-21T15:53:01.747514Z",1779378778.21466,1779378781.74751,0.000704,0.000815,0.00087,3.517721,3.517764,3.516851,4.30000000002373e-05,3.5106,0.0222497886657713
"2026-05-21T15:53:01.966Z","run_bootstrap",23,"http://client3:8000","run","http://client3:8000/run",1,TRUE,200,1108,250,3.74389338493347,"2026-05-21T15:52:58.215260Z","2026-05-21T15:53:01.959154Z",1779378778.21526,1779378781.95915,0.000571,0.000677,0.000722,3.729347,3.72939,3.728625,4.29999999997932e-05,3.72,0.0238933849334715
"2026-05-21T15:53:05.635Z","run_bootstrap",24,"http://client1:8000","run","http://client1:8000/run",1,TRUE,200,1108,250,3.46306490898132,"2026-05-21T15:53:01.985204Z","2026-05-21T15:53:05.448269Z",1779378781.9852,1779378785.44827,0.000486,0.000593,0.000628,3.446302,3.446346,3.445674,4.3999999999933e-05,3.439,0.0240649089813232
"2026-05-21T15:53:05.635Z","run_bootstrap",24,"http://client2:8000","run","http://client2:8000/run",1,TRUE,200,1108,255,3.64230537414551,"2026-05-21T15:53:01.986030Z","2026-05-21T15:53:05.628336Z",1779378781.98603,1779378785.62834,0.000338,0.000415,0.000446,3.622291,3.622333,3.621845,4.19999999996534e-05,3.6158,0.0265053741455077
"2026-05-21T15:53:05.635Z","run_bootstrap",24,"http://client3:8000","run","http://client3:8000/run",1,TRUE,200,1108,252,3.51348376274109,"2026-05-21T15:53:01.985001Z","2026-05-21T15:53:05.498485Z",1779378781.985,1779378785.49849,0.000597,0.000701,0.000736,3.498931,3.498987,3.498195,5.6000000000278e-05,3.4909,0.022583762741089
"2026-05-21T15:53:09.391Z","run_bootstrap",25,"http://client1:8000","run","http://client1:8000/run",1,TRUE,200,1108,249,3.7407329082489,"2026-05-21T15:53:05.646626Z","2026-05-21T15:53:09.387359Z",1779378785.64663,1779378789.38736,0.000249,0.000316,0.000349,3.723046,3.723085,3.722697,3.90000000001223e-05,3.716,0.0247329082489012
"2026-05-21T15:53:09.391Z","run_bootstrap",25,"http://client2:8000","run","http://client2:8000/run",1,TRUE,200,1108,253,3.37342929840088,"2026-05-21T15:53:05.647351Z","2026-05-21T15:53:09.020781Z",1779378785.64735,1779378789.02078,0.000549,0.000639,0.000698,3.355957,3.355998,3.355259,4.09999999999577e-05,3.3485,0.0249292984008789
"2026-05-21T15:53:09.391Z","run_bootstrap",25,"http://client3:8000","run","http://client3:8000/run",1,TRUE,200,1108,251,3.38604807853699,"2026-05-21T15:53:05.647904Z","2026-05-21T15:53:09.033952Z",1779378785.6479,1779378789.03395,0.000429,0.000517,0.000555,3.369926,3.369958,3.369371,3.2000000000032e-05,3.3626,0.0234480785369873
"2026-05-21T15:53:13.148Z","run_bootstrap",26,"http://client1:8000","run","http://client1:8000/run",1,TRUE,200,1108,249,3.48215317726135,"2026-05-21T15:53:09.402990Z","2026-05-21T15:53:12.885143Z",1779378789.40299,1779378792.88514,0.000735,0.000956,0.001023,3.468406,3.46845,3.467383,4.3999999999933e-05,3.459,0.0231531772613525
"2026-05-21T15:53:13.148Z","run_bootstrap",26,"http://client2:8000","run","http://client2:8000/run",1,TRUE,200,1108,253,3.52967596054077,"2026-05-21T15:53:09.404831Z","2026-05-21T15:53:12.934507Z",1779378789.40483,1779378792.93451,6e-04,0.00069,0.000726,3.515662,3.515709,3.514936,4.70000000003523e-05,3.4955,0.0341759605407717
"2026-05-21T15:53:13.148Z","run_bootstrap",26,"http://client3:8000","run","http://client3:8000/run",1,TRUE,200,1108,251,3.73765635490417,"2026-05-21T15:53:09.405141Z","2026-05-21T15:53:13.142797Z",1779378789.40514,1779378793.1428,0.000454,0.000534,0.000572,3.723128,3.723172,3.722556,4.3999999999933e-05,3.7143,0.0233563549041746
"2026-05-21T15:53:16.737Z","run_bootstrap",27,"http://client1:8000","run","http://client1:8000/run",1,TRUE,200,1108,252,3.53837323188782,"2026-05-21T15:53:13.159316Z","2026-05-21T15:53:16.697690Z",1779378793.15932,1779378796.69769,0.000431,0.000513,0.000548,3.519055,3.51909,3.518507,3.50000000000072e-05,3.5121,0.0262732318878172
"2026-05-21T15:53:16.737Z","run_bootstrap",27,"http://client2:8000","run","http://client2:8000/run",1,TRUE,200,1108,254,3.57320141792297,"2026-05-21T15:53:13.159552Z","2026-05-21T15:53:16.732753Z",1779378793.15955,1779378796.73275,0.000471,0.000534,0.000555,3.554752,3.554778,3.554197,2.60000000000815e-05,3.5474,0.0258014179229735
"2026-05-21T15:53:16.737Z","run_bootstrap",27,"http://client3:8000","run","http://client3:8000/run",1,TRUE,200,1108,252,3.45663952827454,"2026-05-21T15:53:13.159316Z","2026-05-21T15:53:16.615955Z",1779378793.15932,1779378796.61596,0.000607,0.000686,0.00072,3.437207,3.437238,3.436487,3.09999999998922e-05,3.4273,0.0293395282745363
"2026-05-21T15:53:20.521Z","run_bootstrap",28,"http://client1:8000","run","http://client1:8000/run",1,TRUE,200,1108,252,3.54876279830933,"2026-05-21T15:53:16.753527Z","2026-05-21T15:53:20.302289Z",1779378796.75353,1779378800.30229,0.000453,0.000535,0.000567,3.529431,3.529471,3.528864,3.9999999999818e-05,3.5221,0.0266627983093262
"2026-05-21T15:53:20.521Z","run_bootstrap",28,"http://client2:8000","run","http://client2:8000/run",1,TRUE,200,1108,254,3.45505976676941,"2026-05-21T15:53:16.753953Z","2026-05-21T15:53:20.209013Z",1779378796.75395,1779378800.20901,0.000585,0.000669,7e-04,3.433606,3.433647,3.432906,4.09999999999577e-05,3.4265,0.0285597667694093
"2026-05-21T15:53:20.521Z","run_bootstrap",28,"http://client3:8000","run","http://client3:8000/run",1,TRUE,200,1108,252,3.76032876968384,"2026-05-21T15:53:16.754283Z","2026-05-21T15:53:20.514612Z",1779378796.75428,1779378800.51461,0.000738,0.000842,0.000876,3.74322,3.743263,3.742344,4.29999999997932e-05,3.7354,0.0249287696838381
"2026-05-21T15:53:24.305Z","run_bootstrap",29,"http://client1:8000","run","http://client1:8000/run",1,TRUE,200,1107,251,3.49668049812317,"2026-05-21T15:53:20.539955Z","2026-05-21T15:53:24.036636Z",1779378800.53996,1779378804.03664,0.000604,0.000691,0.000724,3.474113,3.474157,3.473389,4.3999999999933e-05,3.4665,0.030180498123169
"2026-05-21T15:53:24.305Z","run_bootstrap",29,"http://client2:8000","run","http://client2:8000/run",1,TRUE,200,1107,254,3.59821033477783,"2026-05-21T15:53:20.540345Z","2026-05-21T15:53:24.138555Z",1779378800.54035,1779378804.13856,0.000757,0.000831,0.00085,3.576671,3.576705,3.575821,3.39999999998675e-05,3.5637,0.0345103347778322
"2026-05-21T15:53:24.305Z","run_bootstrap",29,"http://client3:8000","run","http://client3:8000/run",1,TRUE,200,1107,250,3.75818109512329,"2026-05-21T15:53:20.540933Z","2026-05-21T15:53:24.299114Z",1779378800.54093,1779378804.29911,0.00064,0.000751,0.00079,3.737091,3.737135,3.736301,4.3999999999933e-05,3.7293,0.0288810951232912
"2026-05-21T15:53:28.076Z","run_bootstrap",30,"http://client1:8000","run","http://client1:8000/run",1,TRUE,200,1107,251,3.49536275863647,"2026-05-21T15:53:24.317356Z","2026-05-21T15:53:27.812719Z",1779378804.31736,1779378807.81272,0.000655,0.000768,0.000807,3.481423,3.481466,3.480616,4.30000000002373e-05,3.4743,0.0210627586364747
"2026-05-21T15:53:28.076Z","run_bootstrap",30,"http://client2:8000","run","http://client2:8000/run",1,TRUE,200,1107,254,3.26923489570618,"2026-05-21T15:53:24.318350Z","2026-05-21T15:53:27.587585Z",1779378804.31835,1779378807.58759,0.000419,0.000513,0.000547,3.256077,3.256122,3.25553,4.50000000000728e-05,3.2461,0.0231348957061766
"2026-05-21T15:53:28.076Z","run_bootstrap",30,"http://client3:8000","run","http://client3:8000/run",1,TRUE,200,1107,250,3.75484824180603,"2026-05-21T15:53:24.317627Z","2026-05-21T15:53:28.072475Z",1779378804.31763,1779378808.07248,0.00068,0.000767,0.000806,3.741639,3.74168,3.740833,4.09999999999577e-05,3.7349,0.0199482418060302
"2026-05-21T15:53:31.837Z","run_bootstrap",31,"http://client1:8000","run","http://client1:8000/run",1,TRUE,200,1108,251,3.48505234718323,"2026-05-21T15:53:28.088060Z","2026-05-21T15:53:31.573112Z",1779378808.08806,1779378811.57311,0.000653,0.000747,0.00078,3.467857,3.467897,3.467077,3.9999999999818e-05,3.459,0.0260523471832275
"2026-05-21T15:53:31.837Z","run_bootstrap",31,"http://client2:8000","run","http://client2:8000/run",1,TRUE,200,1108,255,3.46684718132019,"2026-05-21T15:53:28.088832Z","2026-05-21T15:53:31.555679Z",1779378808.08883,1779378811.55568,0.000796,0.000854,0.00088,3.450357,3.450402,3.449477,4.50000000000728e-05,3.4408,0.0260471813201906
"2026-05-21T15:53:31.837Z","run_bootstrap",31,"http://client3:8000","run","http://client3:8000/run",1,TRUE,200,1108,249,3.74189710617065,"2026-05-21T15:53:28.089392Z","2026-05-21T15:53:31.831289Z",1779378808.08939,1779378811.83129,0.000618,0.000727,0.000768,3.725996,3.726037,3.725228,4.09999999999577e-05,3.7185,0.0233971061706542
"2026-05-21T15:53:35.628Z","run_bootstrap",32,"http://client1:8000","run","http://client1:8000/run",1,TRUE,200,1108,252,3.76863622665405,"2026-05-21T15:53:31.849547Z","2026-05-21T15:53:35.618183Z",1779378811.84955,1779378815.61818,0.000601,0.000678,0.000715,3.755187,3.755233,3.754472,4.60000000002125e-05,3.7478,0.0208362266540529
"2026-05-21T15:53:35.628Z","run_bootstrap",32,"http://client2:8000","run","http://client2:8000/run",1,TRUE,200,1108,255,3.57448744773865,"2026-05-21T15:53:31.850006Z","2026-05-21T15:53:35.424493Z",1779378811.85001,1779378815.42449,0.00049,0.000572,0.000599,3.562139,3.562183,3.56154,4.3999999999933e-05,3.5545,0.0199874477386475
"2026-05-21T15:53:35.628Z","run_bootstrap",32,"http://client3:8000","run","http://client3:8000/run",1,TRUE,200,1108,249,3.51297354698181,"2026-05-21T15:53:31.849434Z","2026-05-21T15:53:35.362407Z",1779378811.84943,1779378815.36241,0.000574,0.000624,0.000671,3.499583,3.499628,3.498912,4.50000000000728e-05,3.4924,0.0205735469818116
"2026-05-21T15:53:39.338Z","run_bootstrap",33,"http://client1:8000","run","http://client1:8000/run",1,TRUE,200,1107,250,3.64899158477783,"2026-05-21T15:53:35.642132Z","2026-05-21T15:53:39.291124Z",1779378815.64213,1779378819.29112,0.00072,0.000773,0.000792,3.633561,3.633605,3.632769,4.40000000003771e-05,3.6261,0.0228915847778319
"2026-05-21T15:53:39.338Z","run_bootstrap",33,"http://client2:8000","run","http://client2:8000/run",1,TRUE,200,1107,256,3.68088746070862,"2026-05-21T15:53:35.643085Z","2026-05-21T15:53:39.323973Z",1779378815.64309,1779378819.32397,0.000602,0.000675,0.000694,3.667157,3.667186,3.666463,2.90000000000568e-05,3.6579,0.022987460708618
"2026-05-21T15:53:39.338Z","run_bootstrap",33,"http://client3:8000","run","http://client3:8000/run",1,TRUE,200,1107,252,3.69052243232727,"2026-05-21T15:53:35.643262Z","2026-05-21T15:53:39.333785Z",1779378815.64326,1779378819.33379,0.000543,0.000636,0.000659,3.676929,3.676993,3.67627,6.4000000000064e-05,3.6701,0.0204224323272704
"2026-05-21T15:53:43.208Z","run_bootstrap",34,"http://client1:8000","run","http://client1:8000/run",1,TRUE,200,1107,250,3.85201406478882,"2026-05-21T15:53:39.351454Z","2026-05-21T15:53:43.203468Z",1779378819.35145,1779378823.20347,0.000384,0.00049,0.000529,3.838953,3.839,3.838424,4.69999999999082e-05,3.8312,0.0208140647888184
"2026-05-21T15:53:43.208Z","run_bootstrap",34,"http://client2:8000","run","http://client2:8000/run",1,TRUE,200,1107,255,3.55736827850342,"2026-05-21T15:53:39.351291Z","2026-05-21T15:53:42.908659Z",1779378819.35129,1779378822.90866,0.000491,0.000567,0.000606,3.543799,3.543843,3.543193,4.3999999999933e-05,3.537,0.020368278503418
"2026-05-21T15:53:43.208Z","run_bootstrap",34,"http://client3:8000","run","http://client3:8000/run",1,TRUE,200,1107,252,3.56206440925598,"2026-05-21T15:53:39.351316Z","2026-05-21T15:53:42.913380Z",1779378819.35132,1779378822.91338,0.000391,0.000465,0.000491,3.549274,3.549307,3.548783,3.30000000001718e-05,3.5395,0.0225644092559816
"2026-05-21T15:53:46.934Z","run_bootstrap",35,"http://client1:8000","run","http://client1:8000/run",1,TRUE,200,1107,252,3.70919799804688,"2026-05-21T15:53:43.219514Z","2026-05-21T15:53:46.928712Z",1779378823.21951,1779378826.92871,0.000585,0.000647,0.000671,3.693244,3.69329,3.692573,4.60000000002125e-05,3.6854,0.023797998046875
"2026-05-21T15:53:46.934Z","run_bootstrap",35,"http://client2:8000","run","http://client2:8000/run",1,TRUE,200,1107,254,3.58169889450073,"2026-05-21T15:53:43.220406Z","2026-05-21T15:53:46.802105Z",1779378823.22041,1779378826.80211,0.00045,0.000523,0.000559,3.564303,3.564347,3.563744,4.3999999999933e-05,3.5563,0.0253988945007326
"2026-05-21T15:53:46.934Z","run_bootstrap",35,"http://client3:8000","run","http://client3:8000/run",1,TRUE,200,1107,251,3.68551969528198,"2026-05-21T15:53:43.220967Z","2026-05-21T15:53:46.906486Z",1779378823.22097,1779378826.90649,0.000567,0.000644,0.000671,3.671091,3.671136,3.67042,4.50000000000728e-05,3.6642,0.0213196952819823
"2026-05-21T15:53:50.656Z","run_bootstrap",36,"http://client1:8000","run","http://client1:8000/run",1,TRUE,200,1107,252,3.70625805854797,"2026-05-21T15:53:46.944658Z","2026-05-21T15:53:50.650917Z",1779378826.94466,1779378830.65092,0.000725,0.000837,0.000873,3.692291,3.692332,3.691418,4.09999999999577e-05,3.6848,0.0214580585479736
"2026-05-21T15:53:50.656Z","run_bootstrap",36,"http://client2:8000","run","http://client2:8000/run",1,TRUE,200,1107,254,3.55285310745239,"2026-05-21T15:53:46.946712Z","2026-05-21T15:53:50.499565Z",1779378826.94671,1779378830.49957,0.000534,0.000616,0.000647,3.535784,3.535827,3.535137,4.29999999997932e-05,3.5291,0.0237531074523925
"2026-05-21T15:53:50.656Z","run_bootstrap",36,"http://client3:8000","run","http://client3:8000/run",1,TRUE,200,1107,251,3.59140944480896,"2026-05-21T15:53:46.947043Z","2026-05-21T15:53:50.538452Z",1779378826.94704,1779378830.53845,0.000409,0.000497,0.000519,3.575359,3.575405,3.57484,4.59999999997684e-05,3.5685,0.0229094448089602
"2026-05-21T15:53:54.562Z","run_bootstrap",37,"http://client1:8000","run","http://client1:8000/run",1,TRUE,200,1108,251,3.70280241966248,"2026-05-21T15:53:50.666652Z","2026-05-21T15:53:54.369455Z",1779378830.66665,1779378834.36946,0.000671,0.000783,0.000819,3.688964,3.689029,3.688145,6.50000000002038e-05,3.6816,0.0212024196624756
"2026-05-21T15:53:54.562Z","run_bootstrap",37,"http://client2:8000","run","http://client2:8000/run",1,TRUE,200,1108,255,3.89056038856506,"2026-05-21T15:53:50.667886Z","2026-05-21T15:53:54.558446Z",1779378830.66789,1779378834.55845,0.000448,0.000542,0.000574,3.878187,3.878216,3.877613,2.90000000000568e-05,3.8707,0.0198603885650637
"2026-05-21T15:53:54.562Z","run_bootstrap",37,"http://client3:8000","run","http://client3:8000/run",1,TRUE,200,1108,252,3.63910055160522,"2026-05-21T15:53:50.669529Z","2026-05-21T15:53:54.308630Z",1779378830.66953,1779378834.30863,0.000515,0.000593,0.000632,3.625678,3.625722,3.625046,4.3999999999933e-05,3.6184,0.0207005516052248
"2026-05-21T15:53:58.248Z","run_bootstrap",38,"http://client1:8000","run","http://client1:8000/run",1,TRUE,200,1108,250,3.45647430419922,"2026-05-21T15:53:54.574491Z","2026-05-21T15:53:58.030966Z",1779378834.57449,1779378838.03097,0.000563,0.000653,0.00069,3.435787,3.435836,3.435097,4.90000000001878e-05,3.423,0.0334743041992187
"2026-05-21T15:53:58.248Z","run_bootstrap",38,"http://client2:8000","run","http://client2:8000/run",1,TRUE,200,1108,255,3.6683406829834,"2026-05-21T15:53:54.575237Z","2026-05-21T15:53:58.243577Z",1779378834.57524,1779378838.24358,0.000724,0.000841,0.00088,3.649265,3.649302,3.648385,3.69999999998427e-05,3.6415,0.0268406829833983
"2026-05-21T15:53:58.248Z","run_bootstrap",38,"http://client3:8000","run","http://client3:8000/run",1,TRUE,200,1108,252,3.66785097122192,"2026-05-21T15:53:54.575817Z","2026-05-21T15:53:58.243668Z",1779378834.57582,1779378838.24367,0.000663,0.000735,0.000765,3.648522,3.648564,3.647757,4.20000000000975e-05,3.6409,0.026950971221924
"2026-05-21T15:54:02.109Z","run_bootstrap",39,"http://client1:8000","run","http://client1:8000/run",1,TRUE,200,1106,249,3.74086213111877,"2026-05-21T15:53:58.264085Z","2026-05-21T15:54:02.004947Z",1779378838.26409,1779378842.00495,0.00041,0.000484,0.000506,3.727856,3.727898,3.72735,4.20000000000975e-05,3.7179,0.0229621311187742
"2026-05-21T15:54:02.109Z","run_bootstrap",39,"http://client2:8000","run","http://client2:8000/run",1,TRUE,200,1106,256,3.8402578830719,"2026-05-21T15:53:58.264749Z","2026-05-21T15:54:02.105007Z",1779378838.26475,1779378842.10501,0.000484,0.000533,0.000552,3.827881,3.827919,3.827329,3.79999999999825e-05,3.8211,0.0191578830718995
"2026-05-21T15:54:02.109Z","run_bootstrap",39,"http://client3:8000","run","http://client3:8000/run",1,TRUE,200,1106,252,3.67836117744446,"2026-05-21T15:53:58.263737Z","2026-05-21T15:54:01.942098Z",1779378838.26374,1779378841.9421,0.000462,0.000512,0.000532,3.664438,3.664479,3.663906,4.09999999999577e-05,3.6576,0.020761177444458
"2026-05-21T15:54:06.032Z","run_bootstrap",40,"http://client1:8000","run","http://client1:8000/run",1,TRUE,200,1106,249,3.90514636039734,"2026-05-21T15:54:02.122269Z","2026-05-21T15:54:06.027415Z",1779378842.12227,1779378846.02742,0.000576,0.000654,0.000678,3.88973,3.889762,3.889052,3.2000000000032e-05,3.7412,0.163946360397339
"2026-05-21T15:54:06.032Z","run_bootstrap",40,"http://client2:8000","run","http://client2:8000/run",1,TRUE,200,1106,256,3.78178071975708,"2026-05-21T15:54:02.122975Z","2026-05-21T15:54:05.904756Z",1779378842.12298,1779378845.90476,0.000605,0.000669,0.000689,3.767127,3.767168,3.766438,4.09999999999577e-05,3.6111,0.17068071975708
"2026-05-21T15:54:06.032Z","run_bootstrap",40,"http://client3:8000","run","http://client3:8000/run",1,TRUE,200,1106,250,3.75667095184326,"2026-05-21T15:54:02.123585Z","2026-05-21T15:54:05.880256Z",1779378842.12359,1779378845.88026,0.000533,0.000613,0.000647,3.7403,3.740336,3.739653,3.6000000000147e-05,3.59,0.166670951843262
"2026-05-21T15:54:09.680Z","run_bootstrap",41,"http://client1:8000","run","http://client1:8000/run",1,TRUE,200,1108,249,3.35981678962708,"2026-05-21T15:54:06.042529Z","2026-05-21T15:54:09.402346Z",1779378846.04253,1779378849.40235,0.000876,0.000992,0.001027,3.346232,3.346275,3.345205,4.29999999997932e-05,3.3377,0.0221167896270753
"2026-05-21T15:54:09.680Z","run_bootstrap",41,"http://client2:8000","run","http://client2:8000/run",1,TRUE,200,1108,254,3.35790872573853,"2026-05-21T15:54:06.044202Z","2026-05-21T15:54:09.402111Z",1779378846.0442,1779378849.40211,0.000518,0.000632,0.000669,3.341543,3.341599,3.340874,5.5999999999834e-05,3.3352,0.0227087257385254
"2026-05-21T15:54:09.680Z","run_bootstrap",41,"http://client3:8000","run","http://client3:8000/run",1,TRUE,200,1108,251,3.62909603118896,"2026-05-21T15:54:06.044253Z","2026-05-21T15:54:09.673349Z",1779378846.04425,1779378849.67335,0.000518,0.000629,0.000666,3.615754,3.6158,3.615088,4.60000000002125e-05,3.6096,0.0194960311889649
"2026-05-21T15:54:13.373Z","run_bootstrap",42,"http://client1:8000","run","http://client1:8000/run",1,TRUE,200,1108,249,3.67563056945801,"2026-05-21T15:54:09.692767Z","2026-05-21T15:54:13.368397Z",1779378849.69277,1779378853.3684,0.000482,0.000561,0.000601,3.66192,3.661971,3.661319,5.10000000000232e-05,3.6552,0.020430569458008
"2026-05-21T15:54:13.373Z","run_bootstrap",42,"http://client2:8000","run","http://client2:8000/run",1,TRUE,200,1108,254,3.35894131660461,"2026-05-21T15:54:09.693409Z","2026-05-21T15:54:13.052350Z",1779378849.69341,1779378853.05235,0.00045,0.000563,0.000624,3.339338,3.339382,3.338714,4.3999999999933e-05,3.3324,0.0265413166046145
"2026-05-21T15:54:13.373Z","run_bootstrap",42,"http://client3:8000","run","http://client3:8000/run",1,TRUE,200,1108,250,3.38582444190979,"2026-05-21T15:54:09.693876Z","2026-05-21T15:54:13.079700Z",1779378849.69388,1779378853.0797,0.000581,0.000637,0.000657,3.373545,3.373583,3.372888,3.79999999999825e-05,3.367,0.01882444190979
"2026-05-21T15:54:17.098Z","run_bootstrap",43,"http://client1:8000","run","http://client1:8000/run",1,TRUE,200,1108,251,3.70529890060425,"2026-05-21T15:54:13.384912Z","2026-05-21T15:54:17.090211Z",1779378853.38491,1779378857.09021,0.000692,0.000803,0.000844,3.677143,3.677199,3.676299,5.5999999999834e-05,3.6597,0.0455989006042481
"2026-05-21T15:54:17.098Z","run_bootstrap",43,"http://client2:8000","run","http://client2:8000/run",1,TRUE,200,1108,256,3.40166306495667,"2026-05-21T15:54:13.385608Z","2026-05-21T15:54:16.787271Z",1779378853.38561,1779378856.78727,0.000754,0.00083,0.000861,3.374244,3.374289,3.373383,4.50000000000728e-05,3.3643,0.037363064956665
"2026-05-21T15:54:17.098Z","run_bootstrap",43,"http://client3:8000","run","http://client3:8000/run",1,TRUE,200,1108,252,3.42216491699219,"2026-05-21T15:54:13.386145Z","2026-05-21T15:54:16.808310Z",1779378853.38615,1779378856.80831,0.000702,0.000805,0.000845,3.397231,3.397289,3.396386,5.79999999996694e-05,3.3757,0.0464649169921874
"2026-05-21T15:54:20.668Z","run_bootstrap",44,"http://client1:8000","run","http://client1:8000/run",1,TRUE,200,1108,251,3.54512190818787,"2026-05-21T15:54:17.118964Z","2026-05-21T15:54:20.664086Z",1779378857.11896,1779378860.66409,0.00071,0.000786,0.000824,3.5236,3.523738,3.522776,0.000137999999999749,3.5165,0.028621908187866
"2026-05-21T15:54:20.668Z","run_bootstrap",44,"http://client2:8000","run","http://client2:8000/run",1,TRUE,200,1108,255,3.5137825012207,"2026-05-21T15:54:17.119942Z","2026-05-21T15:54:20.633725Z",1779378857.11994,1779378860.63373,0.000651,0.000726,0.00075,3.49318,3.493317,3.49243,0.00013699999999961,3.486,0.0277825012207029
"2026-05-21T15:54:20.668Z","run_bootstrap",44,"http://client3:8000","run","http://client3:8000/run",1,TRUE,200,1108,252,3.44942283630371,"2026-05-21T15:54:17.120617Z","2026-05-21T15:54:20.570040Z",1779378857.12062,1779378860.57004,0.000649,0.000721,0.000746,3.430281,3.430385,3.429535,0.000103999999999882,3.4236,0.025822836303711
"2026-05-21T15:54:24.223Z","run_bootstrap",45,"http://client1:8000","run","http://client1:8000/run",1,TRUE,200,1108,248,3.52226519584656,"2026-05-21T15:54:20.679772Z","2026-05-21T15:54:24.202037Z",1779378860.67977,1779378864.20204,0.000733,0.000812,0.000831,3.508718,3.508761,3.507887,4.29999999997932e-05,3.5015,0.0207651958465576
"2026-05-21T15:54:24.223Z","run_bootstrap",45,"http://client2:8000","run","http://client2:8000/run",1,TRUE,200,1108,254,3.53895807266235,"2026-05-21T15:54:20.679875Z","2026-05-21T15:54:24.218833Z",1779378860.67988,1779378864.21883,0.000695,0.000771,0.000805,3.525555,3.525598,3.52475,4.29999999997932e-05,3.5185,0.0204580726623536
"2026-05-21T15:54:24.223Z","run_bootstrap",45,"http://client3:8000","run","http://client3:8000/run",1,TRUE,200,1108,250,3.42971992492676,"2026-05-21T15:54:20.681593Z","2026-05-21T15:54:24.111313Z",1779378860.68159,1779378864.11131,0.000579,0.000667,0.000699,3.40964,3.409707,3.408941,6.70000000000393e-05,3.4002,0.0295199249267579
"2026-05-21T15:54:27.987Z","run_bootstrap",46,"http://client1:8000","run","http://client1:8000/run",1,TRUE,200,1108,248,3.56462025642395,"2026-05-21T15:54:24.235191Z","2026-05-21T15:54:27.799811Z",1779378864.23519,1779378867.79981,0.00075,0.000876,0.000911,3.550669,3.550718,3.549758,4.89999999997437e-05,3.5432,0.0214202564239501
"2026-05-21T15:54:27.987Z","run_bootstrap",46,"http://client2:8000","run","http://client2:8000/run",1,TRUE,200,1108,254,3.49257278442383,"2026-05-21T15:54:24.236937Z","2026-05-21T15:54:27.729510Z",1779378864.23694,1779378867.72951,0.000665,0.000778,0.000815,3.474784,3.47483,3.473969,4.59999999997684e-05,3.4681,0.0244727844238279
"2026-05-21T15:54:27.987Z","run_bootstrap",46,"http://client3:8000","run","http://client3:8000/run",1,TRUE,200,1108,250,3.74543523788452,"2026-05-21T15:54:24.237234Z","2026-05-21T15:54:27.982669Z",1779378864.23723,1779378867.98267,0.000514,0.000591,0.000624,3.727331,3.727372,3.726707,4.09999999999577e-05,3.7206,0.0248352378845214
"2026-05-21T15:54:31.823Z","run_bootstrap",47,"http://client1:8000","run","http://client1:8000/run",1,TRUE,200,1107,255,3.34678173065186,"2026-05-21T15:54:28.052422Z","2026-05-21T15:54:31.399203Z",1779378868.05242,1779378871.3992,0.000588,0.000697,0.000732,3.332967,3.333129,3.332235,0.000161999999999995,3.3088,0.0379817306518553
"2026-05-21T15:54:31.823Z","run_bootstrap",47,"http://client2:8000","run","http://client2:8000/run",1,TRUE,200,1107,254,3.54358720779419,"2026-05-21T15:54:28.053107Z","2026-05-21T15:54:31.596694Z",1779378868.05311,1779378871.59669,0.000455,0.000542,0.000574,3.528138,3.528195,3.527564,5.69999999999737e-05,3.5202,0.0233872077941895
"2026-05-21T15:54:31.823Z","run_bootstrap",47,"http://client3:8000","run","http://client3:8000/run",1,TRUE,200,1107,251,3.7644362449646,"2026-05-21T15:54:28.051654Z","2026-05-21T15:54:31.816090Z",1779378868.05165,1779378871.81609,0.000784,0.000909,0.000944,3.751335,3.751391,3.750391,5.5999999999834e-05,3.7422,0.0222362449645996
"2026-05-21T15:54:35.632Z","run_bootstrap",48,"http://client1:8000","run","http://client1:8000/run",1,TRUE,200,1107,255,3.57322788238525,"2026-05-21T15:54:31.835011Z","2026-05-21T15:54:35.408239Z",1779378871.83501,1779378875.40824,0.000784,9e-04,0.000939,3.559136,3.559204,3.558197,6.79999999997349e-05,3.5517,0.021527882385254
"2026-05-21T15:54:35.632Z","run_bootstrap",48,"http://client2:8000","run","http://client2:8000/run",1,TRUE,200,1107,254,3.78860807418823,"2026-05-21T15:54:31.836735Z","2026-05-21T15:54:35.625343Z",1779378871.83674,1779378875.62534,0.000508,0.000621,0.000674,3.76945,3.769516,3.768776,6.59999999998995e-05,3.7626,0.0260080741882325
"2026-05-21T15:54:35.632Z","run_bootstrap",48,"http://client3:8000","run","http://client3:8000/run",1,TRUE,200,1107,251,3.36334705352783,"2026-05-21T15:54:31.837093Z","2026-05-21T15:54:35.200440Z",1779378871.83709,1779378875.20044,0.000468,0.000561,0.000593,3.342214,3.342445,3.341621,0.000231000000000314,3.3344,0.028947053527832
"2026-05-21T15:54:39.512Z","run_bootstrap",49,"http://client1:8000","run","http://client1:8000/run",1,TRUE,200,1109,261,3.69968914985657,"2026-05-21T15:54:35.646843Z","2026-05-21T15:54:39.346533Z",1779378875.64684,1779378879.34653,0.000726,0.000818,0.000841,3.681271,3.681313,3.68043,4.19999999996534e-05,3.6737,0.0259891498565672
"2026-05-21T15:54:39.512Z","run_bootstrap",49,"http://client2:8000","run","http://client2:8000/run",1,TRUE,200,1109,260,3.53451204299927,"2026-05-21T15:54:35.647490Z","2026-05-21T15:54:39.182002Z",1779378875.64749,1779378879.182,0.000536,0.000619,0.000653,3.514145,3.514204,3.513492,5.89999999998092e-05,3.5073,0.0272120429992677
"2026-05-21T15:54:39.512Z","run_bootstrap",49,"http://client3:8000","run","http://client3:8000/run",1,TRUE,200,1109,259,3.85977506637573,"2026-05-21T15:54:35.647773Z","2026-05-21T15:54:39.507548Z",1779378875.64777,1779378879.50755,0.00053,0.000621,0.000654,3.83951,3.839739,3.838856,0.000228999999999591,3.8326,0.0271750663757326
"2026-05-21T15:54:43.378Z","run_bootstrap",50,"http://client1:8000","run","http://client1:8000/run",1,TRUE,200,1109,261,3.59066700935364,"2026-05-21T15:54:39.525078Z","2026-05-21T15:54:43.115745Z",1779378879.52508,1779378883.11575,0.000753,0.000869,0.000903,3.573949,3.574015,3.573046,6.60000000003436e-05,3.5658,0.0248670093536378
"2026-05-21T15:54:43.378Z","run_bootstrap",50,"http://client2:8000","run","http://client2:8000/run",1,TRUE,200,1109,260,3.44271755218506,"2026-05-21T15:54:39.525624Z","2026-05-21T15:54:42.968342Z",1779378879.52562,1779378882.96834,0.000499,0.000615,0.000654,3.423586,3.42365,3.422932,6.4000000000064e-05,3.4166,0.0261175521850587
"2026-05-21T15:54:43.378Z","run_bootstrap",50,"http://client3:8000","run","http://client3:8000/run",1,TRUE,200,1109,259,3.84805059432983,"2026-05-21T15:54:39.526145Z","2026-05-21T15:54:43.374195Z",1779378879.52615,1779378883.3742,0.000613,0.000723,0.000758,3.828466,3.828508,3.827708,4.19999999996534e-05,3.8213,0.0267505943298341
"2026-05-21T15:54:47.192Z","run_bootstrap",51,"http://client1:8000","run","http://client1:8000/run",1,TRUE,200,1108,255,3.54681611061096,"2026-05-21T15:54:43.391860Z","2026-05-21T15:54:46.938676Z",1779378883.39186,1779378886.93868,0.000718,0.000837,0.000882,3.531754,3.531826,3.530872,7.20000000002941e-05,3.5229,0.023916110610962
"2026-05-21T15:54:47.192Z","run_bootstrap",51,"http://client2:8000","run","http://client2:8000/run",1,TRUE,200,1108,253,3.40988183021545,"2026-05-21T15:54:43.392460Z","2026-05-21T15:54:46.802342Z",1779378883.39246,1779378886.80234,0.000604,0.000685,0.000722,3.388112,3.388176,3.38739,6.4000000000064e-05,3.3811,0.0287818302154541
"2026-05-21T15:54:47.192Z","run_bootstrap",51,"http://client3:8000","run","http://client3:8000/run",1,TRUE,200,1108,251,3.79329514503479,"2026-05-21T15:54:43.393051Z","2026-05-21T15:54:47.186346Z",1779378883.39305,1779378887.18635,0.000458,0.000548,0.000588,3.776259,3.776317,3.775671,5.80000000001135e-05,3.764,0.0292951450347902
"2026-05-21T15:54:51.018Z","run_bootstrap",52,"http://client1:8000","run","http://client1:8000/run",1,TRUE,200,1108,254,3.80907130241394,"2026-05-21T15:54:47.204635Z","2026-05-21T15:54:51.013706Z",1779378887.20464,1779378891.01371,0.000592,0.000679,0.000701,3.792265,3.792403,3.791564,0.000138000000000194,3.785,0.0240713024139403
"2026-05-21T15:54:51.018Z","run_bootstrap",52,"http://client2:8000","run","http://client2:8000/run",1,TRUE,200,1108,253,3.68060088157654,"2026-05-21T15:54:47.205724Z","2026-05-21T15:54:50.886325Z",1779378887.20572,1779378890.88633,0.000685,0.000767,0.000798,3.664625,3.66476,3.663827,0.000134999999999774,3.6571,0.0235008815765383
"2026-05-21T15:54:51.018Z","run_bootstrap",52,"http://client3:8000","run","http://client3:8000/run",1,TRUE,200,1108,252,3.52567219734192,"2026-05-21T15:54:47.207021Z","2026-05-21T15:54:50.732694Z",1779378887.20702,1779378890.73269,0.000686,0.000776,0.000799,3.505319,3.505535,3.50452,0.000215999999999994,3.4976,0.0280721973419191
"2026-05-21T15:54:54.841Z","run_bootstrap",53,"http://client1:8000","run","http://client1:8000/run",1,TRUE,200,1108,249,3.801518201828,"2026-05-21T15:54:51.032829Z","2026-05-21T15:54:54.834348Z",1779378891.03283,1779378894.83435,0.000635,0.000741,0.000775,3.787726,3.787835,3.786951,0.000108999999999693,3.779,0.022518201828003
"2026-05-21T15:54:54.841Z","run_bootstrap",53,"http://client2:8000","run","http://client2:8000/run",1,TRUE,200,1108,252,3.61822700500488,"2026-05-21T15:54:51.034575Z","2026-05-21T15:54:54.652802Z",1779378891.03458,1779378894.6528,0.000532,0.000619,0.000651,3.60438,3.60447,3.603729,9.00000000001455e-05,3.5975,0.0207270050048827
"2026-05-21T15:54:54.841Z","run_bootstrap",53,"http://client3:8000","run","http://client3:8000/run",1,TRUE,200,1108,250,3.53575778007507,"2026-05-21T15:54:51.035096Z","2026-05-21T15:54:54.570854Z",1779378891.0351,1779378894.57085,0.000582,0.000675,0.00071,3.521155,3.521291,3.520445,0.000136000000000358,3.5142,0.021557780075073
"2026-05-21T15:54:58.683Z","run_bootstrap",54,"http://client1:8000","run","http://client1:8000/run",1,TRUE,200,1108,250,3.53979182243347,"2026-05-21T15:54:54.852393Z","2026-05-21T15:54:58.392185Z",1779378894.85239,1779378898.39219,0.000639,0.000741,0.000775,3.525732,3.525822,3.524957,8.99999999997014e-05,3.5181,0.0216918224334717
"2026-05-21T15:54:58.683Z","run_bootstrap",54,"http://client2:8000","run","http://client2:8000/run",1,TRUE,200,1108,252,3.80288743972778,"2026-05-21T15:54:54.854601Z","2026-05-21T15:54:58.657488Z",1779378894.8546,1779378898.65749,0.000646,0.000735,0.000766,3.789171,3.789306,3.788405,0.000134999999999774,3.7811,0.0217874397277833
"2026-05-21T15:54:58.683Z","run_bootstrap",54,"http://client3:8000","run","http://client3:8000/run",1,TRUE,200,1108,250,3.82123780250549,"2026-05-21T15:54:54.854730Z","2026-05-21T15:54:58.675968Z",1779378894.85473,1779378898.67597,0.000582,0.000663,0.000694,3.802759,3.80285,3.802065,9.09999999998412e-05,3.7956,0.0256378025054933
"2026-05-21T15:55:02.512Z","run_bootstrap",55,"http://client1:8000","run","http://client1:8000/run",1,TRUE,200,1107,252,3.36313056945801,"2026-05-21T15:54:58.695258Z","2026-05-21T15:55:02.058389Z",1779378898.69526,1779378902.05839,0.000734,0.000847,0.000891,3.349167,3.349273,3.348276,0.000106000000000162,3.3305,0.032630569458008
"2026-05-21T15:55:02.512Z","run_bootstrap",55,"http://client2:8000","run","http://client2:8000/run",1,TRUE,200,1107,256,3.59693026542664,"2026-05-21T15:54:58.697221Z","2026-05-21T15:55:02.294151Z",1779378898.69722,1779378902.29415,0.000481,0.000605,0.000651,3.579286,3.579426,3.578635,0.000140000000000029,3.5711,0.0258302654266358
"2026-05-21T15:55:02.512Z","run_bootstrap",55,"http://client3:8000","run","http://client3:8000/run",1,TRUE,200,1107,252,3.80762600898743,"2026-05-21T15:54:58.697584Z","2026-05-21T15:55:02.505210Z",1779378898.69758,1779378902.50521,0.000399,0.000495,0.000541,3.790169,3.790306,3.789628,0.000137000000000054,3.7824,0.0252260089874268
"2026-05-21T15:55:06.182Z","run_bootstrap",56,"http://client1:8000","run","http://client1:8000/run",1,TRUE,200,1107,252,3.64673900604248,"2026-05-21T15:55:02.530434Z","2026-05-21T15:55:06.177173Z",1779378902.53043,1779378906.17717,0.000808,0.000895,0.000918,3.630172,3.630281,3.629254,0.000109000000000137,3.6216,0.0251390060424805
"2026-05-21T15:55:06.182Z","run_bootstrap",56,"http://client2:8000","run","http://client2:8000/run",1,TRUE,200,1107,255,3.57621312141418,"2026-05-21T15:55:02.532768Z","2026-05-21T15:55:06.108981Z",1779378902.53277,1779378906.10898,0.000536,0.000637,0.000672,3.560461,3.560648,3.559789,0.000186999999999937,3.553,0.0232131214141846
"2026-05-21T15:55:06.182Z","run_bootstrap",56,"http://client3:8000","run","http://client3:8000/run",1,TRUE,200,1107,252,3.58113265037537,"2026-05-21T15:55:02.533100Z","2026-05-21T15:55:06.114233Z",1779378902.5331,1779378906.11423,0.000524,0.000598,0.000628,3.566025,3.566156,3.565397,0.000131000000000103,3.5594,0.0217326503753661
"2026-05-21T15:55:09.881Z","run_bootstrap",57,"http://client1:8000","run","http://client1:8000/run",1,TRUE,200,1108,252,3.67986011505127,"2026-05-21T15:55:06.194633Z","2026-05-21T15:55:09.874493Z",1779378906.19463,1779378909.87449,0.000611,0.000681,0.000705,3.665771,3.66596,3.665066,0.000189000000000217,3.6586,0.0212601150512697
"2026-05-21T15:55:09.881Z","run_bootstrap",57,"http://client2:8000","run","http://client2:8000/run",1,TRUE,200,1108,255,3.62404847145081,"2026-05-21T15:55:06.195341Z","2026-05-21T15:55:09.819390Z",1779378906.19534,1779378909.81939,0.000543,0.000619,0.000642,3.611325,3.611436,3.610683,0.000110999999999972,3.6031,0.0209484714508057
"2026-05-21T15:55:09.881Z","run_bootstrap",57,"http://client3:8000","run","http://client3:8000/run",1,TRUE,200,1108,252,3.58584237098694,"2026-05-21T15:55:06.194551Z","2026-05-21T15:55:09.780393Z",1779378906.19455,1779378909.78039,0.000603,0.000688,0.000718,3.571613,3.571755,3.570895,0.000141999999999864,3.5646,0.0212423709869385
"2026-05-21T15:55:13.637Z","run_bootstrap",58,"http://client1:8000","run","http://client1:8000/run",1,TRUE,200,1108,252,3.70037865638733,"2026-05-21T15:55:09.898027Z","2026-05-21T15:55:13.598405Z",1779378909.89803,1779378913.59841,0.000639,0.000703,0.000723,3.689081,3.689192,3.688358,0.000110999999999972,3.6799,0.0204786563873292
"2026-05-21T15:55:13.637Z","run_bootstrap",58,"http://client2:8000","run","http://client2:8000/run",1,TRUE,200,1108,254,3.73104572296143,"2026-05-21T15:55:09.899290Z","2026-05-21T15:55:13.630336Z",1779378909.89929,1779378913.63034,0.000503,0.000575,0.000605,3.719044,3.719159,3.718439,0.000115000000000087,3.712,0.0190457229614256
"2026-05-21T15:55:13.637Z","run_bootstrap",58,"http://client3:8000","run","http://client3:8000/run",1,TRUE,200,1108,252,3.72990894317627,"2026-05-21T15:55:09.897885Z","2026-05-21T15:55:13.627794Z",1779378909.89789,1779378913.62779,0.000575,0.000654,0.000679,3.717593,3.717722,3.716914,0.000129000000000268,3.7097,0.0202089431762693
"2026-05-21T15:55:17.543Z","run_bootstrap",59,"http://client1:8000","run","http://client1:8000/run",1,TRUE,200,1106,251,3.72757363319397,"2026-05-21T15:55:13.650593Z","2026-05-21T15:55:17.378166Z",1779378913.65059,1779378917.37817,0.000806,0.000921,0.000963,3.711906,3.712043,3.710943,0.000137000000000054,3.7036,0.0239736331939699
"2026-05-21T15:55:17.543Z","run_bootstrap",59,"http://client2:8000","run","http://client2:8000/run",1,TRUE,200,1106,255,3.60115313529968,"2026-05-21T15:55:13.651051Z","2026-05-21T15:55:17.252204Z",1779378913.65105,1779378917.2522,0.000365,0.00044,0.000479,3.583049,3.58322,3.58257,0.000170999999999921,3.5727,0.0284531352996824
"2026-05-21T15:55:17.543Z","run_bootstrap",59,"http://client3:8000","run","http://client3:8000/run",1,TRUE,200,1106,250,3.88448405265808,"2026-05-21T15:55:13.651564Z","2026-05-21T15:55:17.536048Z",1779378913.65156,1779378917.53605,0.000438,0.000527,0.00057,3.867215,3.867356,3.866645,0.000141000000000169,3.8592,0.0252840526580811
"2026-05-21T15:55:21.656Z","run_bootstrap",60,"http://client1:8000","run","http://client1:8000/run",1,TRUE,200,1106,250,3.79061961174011,"2026-05-21T15:55:17.561395Z","2026-05-21T15:55:21.352015Z",1779378917.5614,1779378921.35202,0.000502,0.000577,0.00061,3.769298,3.769437,3.768688,0.000138999999999889,3.615,0.175619611740112
"2026-05-21T15:55:21.656Z","run_bootstrap",60,"http://client2:8000","run","http://client2:8000/run",1,TRUE,200,1106,255,3.89112520217896,"2026-05-21T15:55:17.561857Z","2026-05-21T15:55:21.452982Z",1779378917.56186,1779378921.45298,0.000551,0.000642,0.000676,3.870324,3.870455,3.869648,0.000131000000000103,3.7163,0.174825202178955
"2026-05-21T15:55:21.656Z","run_bootstrap",60,"http://client3:8000","run","http://client3:8000/run",1,TRUE,200,1106,250,4.0896327495575,"2026-05-21T15:55:17.562203Z","2026-05-21T15:55:21.651836Z",1779378917.5622,1779378921.65184,0.000593,0.000715,0.00075,4.071384,4.071526,4.070634,0.000142000000000309,3.9154,0.174232749557495
"2026-05-21T15:55:25.208Z","run_bootstrap",61,"http://client1:8000","run","http://client1:8000/run",1,TRUE,200,1107,251,3.49635148048401,"2026-05-21T15:55:21.668051Z","2026-05-21T15:55:25.164402Z",1779378921.66805,1779378925.1644,0.000522,0.000638,0.000673,3.477874,3.477988,3.477201,0.000113999999999947,3.4705,0.0258514804840089
"2026-05-21T15:55:25.208Z","run_bootstrap",61,"http://client2:8000","run","http://client2:8000/run",1,TRUE,200,1107,255,3.53181171417236,"2026-05-21T15:55:21.668716Z","2026-05-21T15:55:25.200527Z",1779378921.66872,1779378925.20053,0.000428,0.000513,0.000545,3.510637,3.510769,3.510092,0.000131999999999799,3.5038,0.0280117141723633
"2026-05-21T15:55:25.208Z","run_bootstrap",61,"http://client3:8000","run","http://client3:8000/run",1,TRUE,200,1107,251,3.53012347221375,"2026-05-21T15:55:21.667885Z","2026-05-21T15:55:25.198008Z",1779378921.66789,1779378925.19801,0.000661,0.000781,0.000816,3.515561,3.5157,3.514745,0.000138999999999889,3.5091,0.021023472213745
"2026-05-21T15:55:28.931Z","run_bootstrap",62,"http://client1:8000","run","http://client1:8000/run",1,TRUE,200,1107,251,3.70511102676392,"2026-05-21T15:55:25.221140Z","2026-05-21T15:55:28.926251Z",1779378925.22114,1779378928.92625,0.000564,0.000658,0.000699,3.68682,3.686951,3.686121,0.000131000000000103,3.6796,0.0255110267639158
"2026-05-21T15:55:28.931Z","run_bootstrap",62,"http://client2:8000","run","http://client2:8000/run",1,TRUE,200,1107,255,3.42448353767395,"2026-05-21T15:55:25.221588Z","2026-05-21T15:55:28.646071Z",1779378925.22159,1779378928.64607,0.00062,0.000751,0.000802,3.406612,3.406745,3.40581,0.000132999999999939,3.3997,0.02478353767395
"2026-05-21T15:55:28.931Z","run_bootstrap",62,"http://client3:8000","run","http://client3:8000/run",1,TRUE,200,1107,250,3.48718309402466,"2026-05-21T15:55:25.222019Z","2026-05-21T15:55:28.709202Z",1779378925.22202,1779378928.7092,0.000661,0.000768,0.000807,3.471017,3.471108,3.47021,9.10000000002853e-05,3.464,0.0231830940246582
"2026-05-21T15:55:32.679Z","run_bootstrap",63,"http://client1:8000","run","http://client1:8000/run",1,TRUE,200,1108,247,3.47248649597168,"2026-05-21T15:55:28.943479Z","2026-05-21T15:55:32.415966Z",1779378928.94348,1779378932.41597,0.000569,0.000641,0.000673,3.453285,3.453403,3.452612,0.000117999999999618,3.4348,0.0376864959716796
"2026-05-21T15:55:32.679Z","run_bootstrap",63,"http://client2:8000","run","http://client2:8000/run",1,TRUE,200,1108,257,3.24343681335449,"2026-05-21T15:55:28.942990Z","2026-05-21T15:55:32.186427Z",1779378928.94299,1779378932.18643,0.000575,0.000718,0.000757,3.225896,3.22595,3.225139,5.39999999999985e-05,3.2149,0.0285368133544921
"2026-05-21T15:55:32.679Z","run_bootstrap",63,"http://client3:8000","run","http://client3:8000/run",1,TRUE,200,1108,252,3.73074436187744,"2026-05-21T15:55:28.944774Z","2026-05-21T15:55:32.675518Z",1779378928.94477,1779378932.67552,0.000581,0.000667,7e-04,3.71276,3.712899,3.71206,0.000139000000000333,3.6969,0.0338443618774416
"2026-05-21T15:55:36.267Z","run_bootstrap",64,"http://client1:8000","run","http://client1:8000/run",1,TRUE,200,1108,247,3.42619872093201,"2026-05-21T15:55:32.699842Z","2026-05-21T15:55:36.126041Z",1779378932.69984,1779378936.12604,0.000523,0.000602,0.000634,3.403479,3.403602,3.402845,0.000122999999999873,3.3961,0.0300987209320067
"2026-05-21T15:55:36.267Z","run_bootstrap",64,"http://client2:8000","run","http://client2:8000/run",1,TRUE,200,1108,257,3.56045913696289,"2026-05-21T15:55:32.701876Z","2026-05-21T15:55:36.262335Z",1779378932.70188,1779378936.26234,0.00061,0.000718,0.000752,3.545489,3.545586,3.544737,9.70000000002358e-05,3.5381,0.0223591369628906
"2026-05-21T15:55:36.267Z","run_bootstrap",64,"http://client3:8000","run","http://client3:8000/run",1,TRUE,200,1108,252,3.5461528301239,"2026-05-21T15:55:32.703397Z","2026-05-21T15:55:36.249550Z",1779378932.7034,1779378936.24955,0.000541,0.000625,0.000657,3.525934,3.526095,3.525277,0.0001610000000003,3.5183,0.0278528301239014
"2026-05-21T15:55:39.811Z","run_bootstrap",65,"http://client1:8000","run","http://client1:8000/run",1,TRUE,200,1107,250,3.44365787506104,"2026-05-21T15:55:36.278786Z","2026-05-21T15:55:39.722444Z",1779378936.27879,1779378939.72244,0.000714,0.000825,0.000872,3.426837,3.426979,3.425965,0.000142000000000309,3.4196,0.0240578750610352
"2026-05-21T15:55:39.811Z","run_bootstrap",65,"http://client2:8000","run","http://client2:8000/run",1,TRUE,200,1107,255,3.37408995628357,"2026-05-21T15:55:36.279256Z","2026-05-21T15:55:39.653346Z",1779378936.27926,1779378939.65335,0.000646,0.000714,0.00074,3.354758,3.354876,3.354018,0.000118000000000062,3.348,0.0260899562835695
"2026-05-21T15:55:39.811Z","run_bootstrap",65,"http://client3:8000","run","http://client3:8000/run",1,TRUE,200,1107,252,3.52644157409668,"2026-05-21T15:55:36.279754Z","2026-05-21T15:55:39.806196Z",1779378936.27975,1779378939.8062,0.000641,0.000747,0.000791,3.511542,3.511771,3.510751,0.000229000000000035,3.5045,0.0219415740966795
"2026-05-21T15:55:43.550Z","run_bootstrap",66,"http://client1:8000","run","http://client1:8000/run",1,TRUE,200,1107,250,3.72264385223389,"2026-05-21T15:55:39.823086Z","2026-05-21T15:55:43.545730Z",1779378939.82309,1779378943.54573,0.000719,0.000827,0.000865,3.706782,3.70691,3.705917,0.000128000000000128,3.6993,0.0233438522338867
"2026-05-21T15:55:43.550Z","run_bootstrap",66,"http://client2:8000","run","http://client2:8000/run",1,TRUE,200,1107,256,3.42082810401917,"2026-05-21T15:55:39.823437Z","2026-05-21T15:55:43.244265Z",1779378939.82344,1779378943.24427,0.000733,0.000818,0.000856,3.404681,3.404821,3.403825,0.000140000000000029,3.3965,0.024328104019165
"2026-05-21T15:55:43.550Z","run_bootstrap",66,"http://client3:8000","run","http://client3:8000/run",1,TRUE,200,1107,252,3.71930074691772,"2026-05-21T15:55:39.822988Z","2026-05-21T15:55:43.542289Z",1779378939.82299,1779378943.54229,0.000707,0.000814,0.000848,3.704923,3.705058,3.704075,0.000135000000000218,3.6978,0.0215007469177246
"2026-05-21T15:55:47.251Z","run_bootstrap",67,"http://client1:8000","run","http://client1:8000/run",1,TRUE,200,1108,248,3.3706738948822,"2026-05-21T15:55:43.561686Z","2026-05-21T15:55:46.932360Z",1779378943.56169,1779378946.93236,0.000695,0.000818,0.000859,3.355624,3.355708,3.354765,8.39999999997509e-05,3.3484,0.0222738948822023
"2026-05-21T15:55:47.251Z","run_bootstrap",67,"http://client2:8000","run","http://client2:8000/run",1,TRUE,200,1108,255,3.57062482833862,"2026-05-21T15:55:43.563139Z","2026-05-21T15:55:47.133764Z",1779378943.56314,1779378947.13376,0.000514,0.000626,0.000672,3.55405,3.554171,3.553378,0.000121000000000038,3.5462,0.0244248283386233
"2026-05-21T15:55:47.251Z","run_bootstrap",67,"http://client3:8000","run","http://client3:8000/run",1,TRUE,200,1108,254,3.68340039253235,"2026-05-21T15:55:43.563543Z","2026-05-21T15:55:47.246943Z",1779378943.56354,1779378947.24694,0.00061,0.000736,0.000778,3.667509,3.667635,3.666731,0.000126000000000293,3.6604,0.0230003925323485
"2026-05-21T15:55:50.815Z","run_bootstrap",68,"http://client1:8000","run","http://client1:8000/run",1,TRUE,200,1108,247,3.54765677452087,"2026-05-21T15:55:47.263485Z","2026-05-21T15:55:50.811142Z",1779378947.26349,1779378950.81114,0.000638,0.000746,0.000794,3.533293,3.533377,3.532499,8.4000000000195e-05,3.525,0.0226567745208741
"2026-05-21T15:55:50.815Z","run_bootstrap",68,"http://client2:8000","run","http://client2:8000/run",1,TRUE,200,1108,255,3.53173470497131,"2026-05-21T15:55:47.265671Z","2026-05-21T15:55:50.797405Z",1779378947.26567,1779378950.79741,0.000532,0.000618,0.000655,3.514979,3.515117,3.514324,0.000138000000000194,3.5079,0.0238347049713137
"2026-05-21T15:55:50.815Z","run_bootstrap",68,"http://client3:8000","run","http://client3:8000/run",1,TRUE,200,1108,254,3.51759552955627,"2026-05-21T15:55:47.265733Z","2026-05-21T15:55:50.783328Z",1779378947.26573,1779378950.78333,0.000563,0.000649,0.000688,3.502169,3.502255,3.501481,8.60000000000305e-05,3.4947,0.0228955295562745
"2026-05-21T15:55:54.465Z","run_bootstrap",69,"http://client1:8000","run","http://client1:8000/run",1,TRUE,200,1108,248,3.54763579368591,"2026-05-21T15:55:50.827579Z","2026-05-21T15:55:54.375215Z",1779378950.82758,1779378954.37522,0.000583,0.000677,0.000712,3.52744,3.527581,3.526728,0.000141000000000169,3.5191,0.0285357936859132
"2026-05-21T15:55:54.465Z","run_bootstrap",69,"http://client2:8000","run","http://client2:8000/run",1,TRUE,200,1108,254,3.29791474342346,"2026-05-21T15:55:50.828046Z","2026-05-21T15:55:54.125961Z",1779378950.82805,1779378954.12596,0.000478,0.000561,0.000593,3.275901,3.27599,3.275308,8.90000000000057e-05,3.2658,0.0321147434234619
"2026-05-21T15:55:54.465Z","run_bootstrap",69,"http://client3:8000","run","http://client3:8000/run",1,TRUE,200,1108,253,3.63397264480591,"2026-05-21T15:55:50.827410Z","2026-05-21T15:55:54.461382Z",1779378950.82741,1779378954.46138,0.000521,0.000624,0.00075,3.617295,3.617427,3.616545,0.000132000000000243,3.6099,0.0240726448059081
"2026-05-21T15:55:58.289Z","run_bootstrap",70,"http://client1:8000","run","http://client1:8000/run",1,TRUE,200,1108,248,3.53683924674988,"2026-05-21T15:55:54.479143Z","2026-05-21T15:55:58.015982Z",1779378954.47914,1779378958.01598,0.000689,0.000795,0.000831,3.522763,3.522869,3.521932,0.000106000000000162,3.5143,0.022539246749878
"2026-05-21T15:55:58.289Z","run_bootstrap",70,"http://client2:8000","run","http://client2:8000/run",1,TRUE,200,1108,254,3.80072617530823,"2026-05-21T15:55:54.481258Z","2026-05-21T15:55:58.281984Z",1779378954.48126,1779378958.28198,0.000538,0.000625,0.000661,3.786308,3.786443,3.785647,0.000134999999999774,3.7786,0.0221261753082276
"2026-05-21T15:55:58.289Z","run_bootstrap",70,"http://client3:8000","run","http://client3:8000/run",1,TRUE,200,1108,253,3.61443090438843,"2026-05-21T15:55:54.481439Z","2026-05-21T15:55:58.095870Z",1779378954.48144,1779378958.09587,0.000596,0.000686,0.000718,3.600135,3.600245,3.599417,0.000110000000000277,3.5933,0.0211309043884276
"2026-05-21T15:56:02.145Z","run_bootstrap",71,"http://client1:8000","run","http://client1:8000/run",1,TRUE,200,1106,250,3.83840227127075,"2026-05-21T15:55:58.301836Z","2026-05-21T15:56:02.140239Z",1779378958.30184,1779378962.14024,0.000612,0.00069,0.000713,3.823736,3.823873,3.823023,0.000137000000000054,3.8165,0.0219022712707519
"2026-05-21T15:56:02.145Z","run_bootstrap",71,"http://client2:8000","run","http://client2:8000/run",1,TRUE,200,1106,255,3.53520083427429,"2026-05-21T15:55:58.302488Z","2026-05-21T15:56:01.837689Z",1779378958.30249,1779378961.83769,0.000714,0.00081,0.000848,3.520998,3.52116,3.52015,0.000161999999999995,3.5004,0.034800834274292
"2026-05-21T15:56:02.145Z","run_bootstrap",71,"http://client3:8000","run","http://client3:8000/run",1,TRUE,200,1106,252,3.83002305030823,"2026-05-21T15:55:58.303202Z","2026-05-21T15:56:02.133225Z",1779378958.3032,1779378962.13323,0.000697,0.000791,0.000822,3.816523,3.81666,3.815701,0.000137000000000054,3.8095,0.0205230503082277
"2026-05-21T15:56:06.021Z","run_bootstrap",72,"http://client1:8000","run","http://client1:8000/run",1,TRUE,200,1106,250,3.54971528053284,"2026-05-21T15:56:02.156218Z","2026-05-21T15:56:05.705934Z",1779378962.15622,1779378965.70593,0.000602,0.000733,0.000772,3.535007,3.535163,3.534235,0.000156000000000045,3.5274,0.0223152805328368
"2026-05-21T15:56:06.021Z","run_bootstrap",72,"http://client2:8000","run","http://client2:8000/run",1,TRUE,200,1106,255,3.41548609733582,"2026-05-21T15:56:02.157436Z","2026-05-21T15:56:05.572922Z",1779378962.15744,1779378965.57292,0.000666,0.000744,0.000778,3.402281,3.4024,3.401503,0.000119000000000202,3.3949,0.0205860973358156
"2026-05-21T15:56:06.021Z","run_bootstrap",72,"http://client3:8000","run","http://client3:8000/run",1,TRUE,200,1106,251,3.85940837860107,"2026-05-21T15:56:02.157199Z","2026-05-21T15:56:06.016607Z",1779378962.1572,1779378966.01661,0.000569,0.000743,0.000777,3.846235,3.84638,3.845458,0.00014499999999984,3.838,0.0214083786010741
"2026-05-21T15:56:09.925Z","run_bootstrap",73,"http://client1:8000","run","http://client1:8000/run",1,TRUE,200,1108,251,3.88527989387512,"2026-05-21T15:56:06.032089Z","2026-05-21T15:56:09.917369Z",1779378966.03209,1779378969.91737,0.000645,0.00074,0.000779,3.870305,3.870417,3.869526,0.000112000000000112,3.8624,0.022879893875122
"2026-05-21T15:56:09.925Z","run_bootstrap",73,"http://client2:8000","run","http://client2:8000/run",1,TRUE,200,1108,253,3.65368008613586,"2026-05-21T15:56:06.032900Z","2026-05-21T15:56:09.686580Z",1779378966.0329,1779378969.68658,0.000642,0.000736,0.000775,3.640136,3.64027,3.639361,0.000134000000000079,3.6328,0.0208800861358642
"2026-05-21T15:56:09.925Z","run_bootstrap",73,"http://client3:8000","run","http://client3:8000/run",1,TRUE,200,1108,251,3.69180822372437,"2026-05-21T15:56:06.034874Z","2026-05-21T15:56:09.726682Z",1779378966.03487,1779378969.72668,0.000779,0.000865,0.000902,3.674063,3.674194,3.673161,0.000131000000000103,3.6559,0.0359082237243653
"2026-05-21T15:56:13.741Z","run_bootstrap",74,"http://client1:8000","run","http://client1:8000/run",1,TRUE,200,1108,251,3.71392035484314,"2026-05-21T15:56:09.938144Z","2026-05-21T15:56:13.652064Z",1779378969.93814,1779378973.65206,0.000656,0.00076,0.000804,3.696434,3.696487,3.69563,5.29999999998587e-05,3.6889,0.0250203548431398
"2026-05-21T15:56:13.741Z","run_bootstrap",74,"http://client2:8000","run","http://client2:8000/run",1,TRUE,200,1108,253,3.70955681800842,"2026-05-21T15:56:09.938982Z","2026-05-21T15:56:13.648539Z",1779378969.93898,1779378973.64854,0.000524,0.000601,0.000638,3.691324,3.691462,3.690686,0.000138000000000194,3.6843,0.0252568180084229
"2026-05-21T15:56:13.741Z","run_bootstrap",74,"http://client3:8000","run","http://client3:8000/run",1,TRUE,200,1108,251,3.79780006408691,"2026-05-21T15:56:09.939424Z","2026-05-21T15:56:13.737224Z",1779378969.93942,1779378973.73722,0.000503,0.000612,0.000656,3.775964,3.776081,3.775308,0.000116999999999923,3.7678,0.0300000640869142
"2026-05-21T15:56:17.663Z","run_bootstrap",75,"http://client1:8000","run","http://client1:8000/run",1,TRUE,200,1108,251,3.90422677993774,"2026-05-21T15:56:13.754557Z","2026-05-21T15:56:17.658784Z",1779378973.75456,1779378977.65878,0.000576,0.000691,0.000726,3.884361,3.88448,3.883635,0.000118999999999758,3.8767,0.0275267799377441
"2026-05-21T15:56:17.663Z","run_bootstrap",75,"http://client2:8000","run","http://client2:8000/run",1,TRUE,200,1108,256,3.45156979560852,"2026-05-21T15:56:13.755063Z","2026-05-21T15:56:17.206632Z",1779378973.75506,1779378977.20663,0.000698,0.000813,0.000847,3.434273,3.434419,3.433426,0.000145999999999979,3.4254,0.0261697956085207
"2026-05-21T15:56:17.663Z","run_bootstrap",75,"http://client3:8000","run","http://client3:8000/run",1,TRUE,200,1108,253,3.89612293243408,"2026-05-21T15:56:13.755478Z","2026-05-21T15:56:17.651601Z",1779378973.75548,1779378977.6516,0.000517,0.000633,0.00067,3.875959,3.876093,3.875289,0.000134000000000079,3.8687,0.027422932434082
"2026-05-21T15:56:21.472Z","run_bootstrap",76,"http://client1:8000","run","http://client1:8000/run",1,TRUE,200,1108,251,3.79214286804199,"2026-05-21T15:56:17.675531Z","2026-05-21T15:56:21.467674Z",1779378977.67553,1779378981.46767,0.00071,0.000792,0.000811,3.779392,3.779533,3.778581,0.000140999999999725,3.7715,0.0206428680419921
"2026-05-21T15:56:21.472Z","run_bootstrap",76,"http://client2:8000","run","http://client2:8000/run",1,TRUE,200,1108,256,3.6089973449707,"2026-05-21T15:56:17.675503Z","2026-05-21T15:56:21.284501Z",1779378977.6755,1779378981.2845,7e-04,0.000785,0.000803,3.595476,3.595534,3.594673,5.79999999996694e-05,3.5836,0.025397344970703
"2026-05-21T15:56:21.472Z","run_bootstrap",76,"http://client3:8000","run","http://client3:8000/run",1,TRUE,200,1108,253,3.68407368659973,"2026-05-21T15:56:17.676148Z","2026-05-21T15:56:21.360222Z",1779378977.67615,1779378981.36022,0.000641,0.000723,0.000774,3.671119,3.671252,3.670345,0.000132999999999939,3.6626,0.0214736865997316
"2026-05-21T15:56:25.390Z","run_bootstrap",77,"http://client1:8000","run","http://client1:8000/run",1,TRUE,200,1108,252,3.90168261528015,"2026-05-21T15:56:21.484376Z","2026-05-21T15:56:25.386059Z",1779378981.48438,1779378985.38606,0.000589,0.000696,0.000731,3.887341,3.887451,3.88661,0.000109999999999832,3.8716,0.0300826152801514
"2026-05-21T15:56:25.390Z","run_bootstrap",77,"http://client2:8000","run","http://client2:8000/run",1,TRUE,200,1108,256,3.62462115287781,"2026-05-21T15:56:21.486610Z","2026-05-21T15:56:25.111231Z",1779378981.48661,1779378985.11123,0.000591,0.000668,0.000699,3.610937,3.61108,3.610238,0.000143000000000004,3.6021,0.0225211528778075
"2026-05-21T15:56:25.390Z","run_bootstrap",77,"http://client3:8000","run","http://client3:8000/run",1,TRUE,200,1108,252,3.55472159385681,"2026-05-21T15:56:21.486698Z","2026-05-21T15:56:25.041420Z",1779378981.4867,1779378985.04142,0.000479,0.000567,0.000599,3.540929,3.541066,3.54033,0.00013699999999961,3.5336,0.0211215938568117
"2026-05-21T15:56:29.223Z","run_bootstrap",78,"http://client1:8000","run","http://client1:8000/run",1,TRUE,200,1108,251,3.679936170578,"2026-05-21T15:56:25.401833Z","2026-05-21T15:56:29.081769Z",1779378985.40183,1779378989.08177,0.000602,0.000708,0.000743,3.665526,3.665637,3.664783,0.000110999999999972,3.657,0.0229361705780029
"2026-05-21T15:56:29.223Z","run_bootstrap",78,"http://client2:8000","run","http://client2:8000/run",1,TRUE,200,1108,256,3.6111364364624,"2026-05-21T15:56:25.404043Z","2026-05-21T15:56:29.015180Z",1779378985.40404,1779378989.01518,0.000417,0.000491,0.000522,3.588059,3.588174,3.587537,0.000115000000000087,3.5807,0.0304364364624021
"2026-05-21T15:56:29.223Z","run_bootstrap",78,"http://client3:8000","run","http://client3:8000/run",1,TRUE,200,1108,252,3.81093144416809,"2026-05-21T15:56:25.404523Z","2026-05-21T15:56:29.215455Z",1779378985.40452,1779378989.21546,0.000553,0.000641,0.000676,3.788229,3.788358,3.787553,0.000129000000000268,3.7809,0.0300314441680909
"2026-05-21T15:56:33.080Z","run_bootstrap",79,"http://client1:8000","run","http://client1:8000/run",1,TRUE,200,1108,250,3.63631939888,"2026-05-21T15:56:29.235404Z","2026-05-21T15:56:32.871723Z",1779378989.2354,1779378992.87172,0.000586,0.000692,0.000727,3.622342,3.622683,3.621615,0.000340999999999703,3.6144,0.021919398880005
"2026-05-21T15:56:33.080Z","run_bootstrap",79,"http://client2:8000","run","http://client2:8000/run",1,TRUE,200,1108,256,3.608402967453,"2026-05-21T15:56:29.236647Z","2026-05-21T15:56:32.845050Z",1779378989.23665,1779378992.84505,0.000503,0.000593,0.000625,3.586855,3.586942,3.58623,8.70000000001703e-05,3.5763,0.0321029674530031
"2026-05-21T15:56:33.080Z","run_bootstrap",79,"http://client3:8000","run","http://client3:8000/run",1,TRUE,200,1108,252,3.83723616600037,"2026-05-21T15:56:29.237061Z","2026-05-21T15:56:33.074297Z",1779378989.23706,1779378993.0743,0.00058,0.000687,0.000721,3.817859,3.817997,3.817138,0.000138000000000194,3.8106,0.0266361660003662
"2026-05-21T15:56:37.162Z","run_bootstrap",80,"http://client1:8000","run","http://client1:8000/run",1,TRUE,200,1108,249,3.83003258705139,"2026-05-21T15:56:33.092671Z","2026-05-21T15:56:36.922704Z",1779378993.09267,1779378996.9227,0.00077,0.00084,0.000866,3.809165,3.809296,3.808299,0.000130999999999659,3.649,0.181032587051392
"2026-05-21T15:56:37.162Z","run_bootstrap",80,"http://client2:8000","run","http://client2:8000/run",1,TRUE,200,1108,256,4.06482672691345,"2026-05-21T15:56:33.093023Z","2026-05-21T15:56:37.157850Z",1779378993.09302,1779378997.15785,0.000679,0.00077,0.000812,4.044088,4.044251,4.043276,0.000162999999999691,3.8821,0.182726726913452
"2026-05-21T15:56:37.162Z","run_bootstrap",80,"http://client3:8000","run","http://client3:8000/run",1,TRUE,200,1108,252,3.93544125556946,"2026-05-21T15:56:33.093618Z","2026-05-21T15:56:37.029059Z",1779378993.09362,1779378997.02906,0.000629,0.000687,0.000709,3.91541,3.915546,3.914701,0.000135999999999914,3.7547,0.180741255569458
"2026-05-21T15:56:40.992Z","run_bootstrap",81,"http://client1:8000","run","http://client1:8000/run",1,TRUE,200,1107,250,3.5294976234436,"2026-05-21T15:56:37.175978Z","2026-05-21T15:56:40.705476Z",1779378997.17598,1779379000.70548,0.000441,0.000529,0.000562,3.516135,3.516392,3.515573,0.000257000000000396,3.5089,0.0205976234436034
"2026-05-21T15:56:40.992Z","run_bootstrap",81,"http://client2:8000","run","http://client2:8000/run",1,TRUE,200,1107,254,3.58420968055725,"2026-05-21T15:56:37.175978Z","2026-05-21T15:56:40.760187Z",1779378997.17598,1779379000.76019,0.00068,0.000783,0.000817,3.570292,3.570421,3.569475,0.000129000000000268,3.5638,0.0204096805572509
"2026-05-21T15:56:40.992Z","run_bootstrap",81,"http://client3:8000","run","http://client3:8000/run",1,TRUE,200,1107,248,3.81163024902344,"2026-05-21T15:56:37.176772Z","2026-05-21T15:56:40.988402Z",1779378997.17677,1779379000.9884,0.000431,0.000529,0.000563,3.799221,3.799345,3.798658,0.000124000000000013,3.793,0.0186302490234374
"2026-05-21T15:56:44.999Z","run_bootstrap",82,"http://client1:8000","run","http://client1:8000/run",1,TRUE,200,1107,250,3.99142980575562,"2026-05-21T15:56:41.003711Z","2026-05-21T15:56:44.995141Z",1779379001.00371,1779379004.99514,0.000566,0.000693,0.000959,3.977983,3.97812,3.977024,0.000137000000000054,3.9701,0.0213298057556153
"2026-05-21T15:56:44.999Z","run_bootstrap",82,"http://client2:8000","run","http://client2:8000/run",1,TRUE,200,1107,254,3.69005084037781,"2026-05-21T15:56:41.004897Z","2026-05-21T15:56:44.694947Z",1779379001.0049,1779379004.69495,0.000616,0.000697,0.000729,3.676131,3.676299,3.675402,0.00016800000000039,3.6691,0.0209508403778078
"2026-05-21T15:56:44.999Z","run_bootstrap",82,"http://client3:8000","run","http://client3:8000/run",1,TRUE,200,1107,249,3.71051383018494,"2026-05-21T15:56:41.006608Z","2026-05-21T15:56:44.717122Z",1779379001.00661,1779379004.71712,5e-04,0.000574,0.000604,3.697317,3.697414,3.696713,9.70000000002358e-05,3.6872,0.0233138301849367
"2026-05-21T15:56:49.020Z","run_bootstrap",83,"http://client1:8000","run","http://client1:8000/run",1,TRUE,200,1108,250,4.00589752197266,"2026-05-21T15:56:45.010458Z","2026-05-21T15:56:49.016355Z",1779379005.01046,1779379009.01636,0.000756,0.000866,0.000902,3.991469,3.991615,3.990567,0.000145999999999979,3.9825,0.0233975219726563
"2026-05-21T15:56:49.020Z","run_bootstrap",83,"http://client2:8000","run","http://client2:8000/run",1,TRUE,200,1108,255,3.75735688209534,"2026-05-21T15:56:45.012649Z","2026-05-21T15:56:48.770006Z",1779379005.01265,1779379008.77001,0.000503,0.000587,0.00062,3.742389,3.742502,3.741769,0.000112999999999808,3.7354,0.0219568820953371
"2026-05-21T15:56:49.020Z","run_bootstrap",83,"http://client3:8000","run","http://client3:8000/run",1,TRUE,200,1108,251,3.81656312942505,"2026-05-21T15:56:45.013067Z","2026-05-21T15:56:48.829630Z",1779379005.01307,1779379008.82963,0.000578,0.000658,0.00069,3.801843,3.801929,3.801153,8.60000000000305e-05,3.7948,0.0217631294250489
"2026-05-21T15:56:53.062Z","run_bootstrap",84,"http://client1:8000","run","http://client1:8000/run",1,TRUE,200,1108,249,4.02455306053162,"2026-05-21T15:56:49.033325Z","2026-05-21T15:56:53.057878Z",1779379009.03333,1779379013.05788,0.00072,0.000825,0.000868,4.009443,4.009572,4.008575,0.000129000000000268,4.002,0.0225530605316164
"2026-05-21T15:56:53.062Z","run_bootstrap",84,"http://client2:8000","run","http://client2:8000/run",1,TRUE,200,1108,255,3.76606249809265,"2026-05-21T15:56:49.035538Z","2026-05-21T15:56:52.801601Z",1779379009.03554,1779379012.8016,0.000468,0.000561,0.000587,3.751493,3.751624,3.750906,0.000131000000000103,3.7439,0.0221624980926514
"2026-05-21T15:56:53.062Z","run_bootstrap",84,"http://client3:8000","run","http://client3:8000/run",1,TRUE,200,1108,251,3.70738458633423,"2026-05-21T15:56:49.035918Z","2026-05-21T15:56:52.743303Z",1779379009.03592,1779379012.7433,0.000509,0.000562,0.000587,3.693034,3.693166,3.692447,0.000132000000000243,3.6856,0.0217845863342285
"2026-05-21T15:56:57.130Z","run_bootstrap",85,"http://client1:8000","run","http://client1:8000/run",1,TRUE,200,1108,252,4.04721069335938,"2026-05-21T15:56:53.074954Z","2026-05-21T15:56:57.122165Z",1779379013.07495,1779379017.12217,0.000864,0.000947,0.000986,4.033735,4.033861,4.032749,0.000125999999999848,4.0258,0.0214106933593747
"2026-05-21T15:56:57.130Z","run_bootstrap",85,"http://client2:8000","run","http://client2:8000/run",1,TRUE,200,1108,256,3.69269895553589,"2026-05-21T15:56:53.075603Z","2026-05-21T15:56:56.768302Z",1779379013.0756,1779379016.7683,0.000378,0.000448,0.000475,3.67816,3.678275,3.677685,0.000115000000000087,3.6713,0.0213989555358887
"2026-05-21T15:56:57.130Z","run_bootstrap",85,"http://client3:8000","run","http://client3:8000/run",1,TRUE,200,1108,251,3.89910864830017,"2026-05-21T15:56:53.074763Z","2026-05-21T15:56:56.973872Z",1779379013.07476,1779379016.97387,5e-04,0.000571,0.000602,3.885231,3.885363,3.884629,0.000131999999999799,3.8783,0.020808648300171
"2026-05-21T15:57:00.865Z","run_bootstrap",86,"http://client1:8000","run","http://client1:8000/run",1,TRUE,200,1108,252,3.70400929450989,"2026-05-21T15:56:57.144526Z","2026-05-21T15:57:00.848535Z",1779379017.14453,1779379020.84854,0.000731,0.000838,0.000875,3.690386,3.690512,3.689511,0.000125999999999848,3.6829,0.0211092945098876
"2026-05-21T15:57:00.865Z","run_bootstrap",86,"http://client2:8000","run","http://client2:8000/run",1,TRUE,200,1108,256,3.41552329063416,"2026-05-21T15:56:57.146078Z","2026-05-21T15:57:00.561601Z",1779379017.14608,1779379020.5616,0.000557,0.000671,0.000708,3.399428,3.399582,3.39872,0.00015400000000021,3.3921,0.0234232906341552
"2026-05-21T15:57:00.865Z","run_bootstrap",86,"http://client3:8000","run","http://client3:8000/run",1,TRUE,200,1108,251,3.71488523483276,"2026-05-21T15:56:57.146530Z","2026-05-21T15:57:00.861416Z",1779379017.14653,1779379020.86142,0.000664,0.000746,0.000772,3.691697,3.691849,3.690925,0.00015199999999993,3.6833,0.0315852348327637
"2026-05-21T15:57:04.500Z","run_bootstrap",87,"http://client1:8000","run","http://client1:8000/run",1,TRUE,200,1108,252,3.49273252487183,"2026-05-21T15:57:00.876924Z","2026-05-21T15:57:04.369657Z",1779379020.87692,1779379024.36966,0.00049,0.00058,0.000614,3.478992,3.479128,3.478378,0.000136000000000358,3.4615,0.0312325248718262
"2026-05-21T15:57:04.500Z","run_bootstrap",87,"http://client2:8000","run","http://client2:8000/run",1,TRUE,200,1108,256,3.61825704574585,"2026-05-21T15:57:00.877673Z","2026-05-21T15:57:04.495930Z",1779379020.87767,1779379024.49593,0.000498,0.000563,0.000586,3.60574,3.605884,3.605154,0.000144000000000144,3.5983,0.0199570457458496
"2026-05-21T15:57:04.500Z","run_bootstrap",87,"http://client3:8000","run","http://client3:8000/run",1,TRUE,200,1108,250,3.39001417160034,"2026-05-21T15:57:00.877629Z","2026-05-21T15:57:04.267644Z",1779379020.87763,1779379024.26764,0.000374,0.000446,0.000469,3.376772,3.376826,3.376303,5.39999999999985e-05,3.3691,0.0209141716003418
"2026-05-21T15:57:08.211Z","run_bootstrap",88,"http://client1:8000","run","http://client1:8000/run",1,TRUE,200,1108,252,3.40833950042725,"2026-05-21T15:57:04.511715Z","2026-05-21T15:57:07.920054Z",1779379024.51172,1779379027.92005,0.000652,0.000782,0.000821,3.394963,3.3951,3.394142,0.00013699999999961,3.3873,0.0210395004272459
"2026-05-21T15:57:08.211Z","run_bootstrap",88,"http://client2:8000","run","http://client2:8000/run",1,TRUE,200,1108,256,3.69255518913269,"2026-05-21T15:57:04.513903Z","2026-05-21T15:57:08.206459Z",1779379024.5139,1779379028.20646,0.000647,0.000762,0.000798,3.673348,3.673487,3.67255,0.000139000000000333,3.6569,0.0356551891326906
"2026-05-21T15:57:08.211Z","run_bootstrap",88,"http://client3:8000","run","http://client3:8000/run",1,TRUE,200,1108,250,3.67929124832153,"2026-05-21T15:57:04.514279Z","2026-05-21T15:57:08.193570Z",1779379024.51428,1779379028.19357,0.00059,0.000686,0.000721,3.65953,3.659666,3.658809,0.000135999999999914,3.6524,0.0268912483215331
"2026-05-21T15:57:11.752Z","run_bootstrap",89,"http://client1:8000","run","http://client1:8000/run",1,TRUE,200,1107,251,3.41061067581177,"2026-05-21T15:57:08.221744Z","2026-05-21T15:57:11.632354Z",1779379028.22174,1779379031.63235,0.000793,0.000902,0.000937,3.396573,3.396695,3.395636,0.000121999999999733,3.3891,0.0215106758117676
"2026-05-21T15:57:11.752Z","run_bootstrap",89,"http://client2:8000","run","http://client2:8000/run",1,TRUE,200,1107,254,3.33923959732056,"2026-05-21T15:57:08.223328Z","2026-05-21T15:57:11.562568Z",1779379028.22333,1779379031.56257,0.000576,0.000652,0.000683,3.325199,3.325339,3.324516,0.000140000000000029,3.3161,0.0231395973205566
"2026-05-21T15:57:11.752Z","run_bootstrap",89,"http://client3:8000","run","http://client3:8000/run",1,TRUE,200,1107,250,3.52414464950562,"2026-05-21T15:57:08.223060Z","2026-05-21T15:57:11.747205Z",1779379028.22306,1779379031.74721,0.000408,0.000503,0.000538,3.509894,3.510028,3.509356,0.000134000000000079,3.502,0.0221446495056155
"2026-05-21T15:57:15.460Z","run_bootstrap",90,"http://client1:8000","run","http://client1:8000/run",1,TRUE,200,1107,251,3.69012093544006,"2026-05-21T15:57:11.765389Z","2026-05-21T15:57:15.455510Z",1779379031.76539,1779379035.45551,0.000486,0.000573,0.000602,3.676472,3.676574,3.67587,0.000102000000000046,3.6693,0.0208209354400637
"2026-05-21T15:57:15.460Z","run_bootstrap",90,"http://client2:8000","run","http://client2:8000/run",1,TRUE,200,1107,254,3.29108285903931,"2026-05-21T15:57:11.766179Z","2026-05-21T15:57:15.057262Z",1779379031.76618,1779379035.05726,0.000559,0.000607,0.000625,3.277435,3.277503,3.27681,6.79999999997349e-05,3.2693,0.0217828590393068
"2026-05-21T15:57:15.460Z","run_bootstrap",90,"http://client3:8000","run","http://client3:8000/run",1,TRUE,200,1107,251,3.45782065391541,"2026-05-21T15:57:11.766927Z","2026-05-21T15:57:15.224748Z",1779379031.76693,1779379035.22475,0.000518,0.000579,6e-04,3.445365,3.445494,3.444765,0.000129000000000268,3.4378,0.0200206539154051
"2026-05-21T15:57:19.016Z","run_bootstrap",91,"http://client1:8000","run","http://client1:8000/run",1,TRUE,200,1107,250,3.49959373474121,"2026-05-21T15:57:15.472109Z","2026-05-21T15:57:18.971703Z",1779379035.47211,1779379038.9717,0.000666,0.000807,0.000848,3.478828,3.47895,3.47798,0.000122000000000178,3.4697,0.0298937347412109
"2026-05-21T15:57:19.016Z","run_bootstrap",91,"http://client2:8000","run","http://client2:8000/run",1,TRUE,200,1107,255,3.21621990203857,"2026-05-21T15:57:15.472685Z","2026-05-21T15:57:18.688905Z",1779379035.47269,1779379038.68891,0.000727,0.000831,0.000868,3.19641,3.19658,3.195542,0.000169999999999781,3.1866,0.0296199020385743
"2026-05-21T15:57:19.016Z","run_bootstrap",91,"http://client3:8000","run","http://client3:8000/run",1,TRUE,200,1107,251,3.53606748580933,"2026-05-21T15:57:15.473221Z","2026-05-21T15:57:19.009288Z",1779379035.47322,1779379039.00929,0.000587,0.000674,0.000706,3.514397,3.514543,3.513691,0.000145999999999979,3.5072,0.0288674858093261
"2026-05-21T15:57:22.570Z","run_bootstrap",92,"http://client1:8000","run","http://client1:8000/run",1,TRUE,200,1107,250,3.53495192527771,"2026-05-21T15:57:19.031188Z","2026-05-21T15:57:22.566140Z",1779379039.03119,1779379042.56614,0.000514,0.000602,0.000626,3.51978,3.520009,3.519154,0.000229000000000035,3.5124,0.02255192527771
"2026-05-21T15:57:22.570Z","run_bootstrap",92,"http://client2:8000","run","http://client2:8000/run",1,TRUE,200,1107,254,3.52056574821472,"2026-05-21T15:57:19.031713Z","2026-05-21T15:57:22.552278Z",1779379039.03171,1779379042.55228,0.000605,0.000696,0.000726,3.502911,3.503044,3.502185,0.000132999999999939,3.496,0.0245657482147217
"2026-05-21T15:57:22.570Z","run_bootstrap",92,"http://client3:8000","run","http://client3:8000/run",1,TRUE,200,1107,251,3.39575052261353,"2026-05-21T15:57:19.032145Z","2026-05-21T15:57:22.427896Z",1779379039.03215,1779379042.4279,0.000524,0.00061,0.000634,3.381622,3.381759,3.380988,0.000137000000000054,3.3738,0.0219505226135253
"2026-05-21T15:57:26.115Z","run_bootstrap",93,"http://client1:8000","run","http://client1:8000/run",1,TRUE,200,1108,252,3.50622010231018,"2026-05-21T15:57:22.580742Z","2026-05-21T15:57:26.086962Z",1779379042.58074,1779379046.08696,0.000766,0.000893,0.000933,3.492266,3.492355,3.491333,8.90000000000057e-05,3.4811,0.0251201023101806
"2026-05-21T15:57:26.115Z","run_bootstrap",93,"http://client2:8000","run","http://client2:8000/run",1,TRUE,200,1108,256,3.50381636619568,"2026-05-21T15:57:22.582900Z","2026-05-21T15:57:26.086716Z",1779379042.5829,1779379046.08672,0.000573,0.000698,0.000737,3.489358,3.489459,3.488621,0.000100999999999907,3.4824,0.0214163661956785
"2026-05-21T15:57:26.115Z","run_bootstrap",93,"http://client3:8000","run","http://client3:8000/run",1,TRUE,200,1108,251,3.5254590511322,"2026-05-21T15:57:22.583384Z","2026-05-21T15:57:26.108844Z",1779379042.58338,1779379046.10884,0.000513,0.00063,0.000669,3.510079,3.510201,3.50941,0.000121999999999733,3.5029,0.0225590511322022
"2026-05-21T15:57:29.905Z","run_bootstrap",94,"http://client1:8000","run","http://client1:8000/run",1,TRUE,200,1108,252,3.52623581886292,"2026-05-21T15:57:26.125765Z","2026-05-21T15:57:29.652000Z",1779379046.12577,1779379049.652,0.000446,0.000562,6e-04,3.511939,3.512036,3.511339,9.70000000002358e-05,3.5047,0.0215358188629149
"2026-05-21T15:57:29.905Z","run_bootstrap",94,"http://client2:8000","run","http://client2:8000/run",1,TRUE,200,1108,256,3.73312950134277,"2026-05-21T15:57:26.127986Z","2026-05-21T15:57:29.861115Z",1779379046.12799,1779379049.86112,0.000593,0.000687,0.000721,3.719756,3.719896,3.719035,0.000140000000000029,3.7127,0.0204295013427735
"2026-05-21T15:57:29.905Z","run_bootstrap",94,"http://client3:8000","run","http://client3:8000/run",1,TRUE,200,1108,251,3.76910138130188,"2026-05-21T15:57:26.128488Z","2026-05-21T15:57:29.897589Z",1779379046.12849,1779379049.89759,0.000575,0.000661,0.000696,3.755474,3.755625,3.754778,0.000151000000000234,3.7477,0.0214013813018799
"2026-05-21T15:57:33.550Z","run_bootstrap",95,"http://client1:8000","run","http://client1:8000/run",1,TRUE,200,1107,252,3.46776533126831,"2026-05-21T15:57:29.917424Z","2026-05-21T15:57:33.385190Z",1779379049.91742,1779379053.38519,0.000688,0.000788,0.000813,3.452668,3.452809,3.451855,0.000140999999999725,3.4452,0.0225653312683107
"2026-05-21T15:57:33.550Z","run_bootstrap",95,"http://client2:8000","run","http://client2:8000/run",1,TRUE,200,1107,256,3.51123595237732,"2026-05-21T15:57:29.918623Z","2026-05-21T15:57:33.429859Z",1779379049.91862,1779379053.42986,0.000587,0.000664,0.000694,3.493521,3.493658,3.492827,0.000137000000000054,3.4868,0.0244359523773192
"2026-05-21T15:57:33.550Z","run_bootstrap",95,"http://client3:8000","run","http://client3:8000/run",1,TRUE,200,1107,251,3.62756729125977,"2026-05-21T15:57:29.918795Z","2026-05-21T15:57:33.546362Z",1779379049.9188,1779379053.54636,0.000674,0.000766,0.000786,3.612227,3.612351,3.611441,0.000124000000000013,3.6054,0.0221672912597657
"2026-05-21T15:57:37.267Z","run_bootstrap",96,"http://client1:8000","run","http://client1:8000/run",1,TRUE,200,1107,252,3.69595623016357,"2026-05-21T15:57:33.562584Z","2026-05-21T15:57:37.258540Z",1779379053.56258,1779379057.25854,0.00064,0.000764,8e-04,3.681184,3.681341,3.680384,0.000157000000000185,3.6735,0.022456230163574
"2026-05-21T15:57:37.267Z","run_bootstrap",96,"http://client2:8000","run","http://client2:8000/run",1,TRUE,200,1107,256,3.65889692306519,"2026-05-21T15:57:33.565179Z","2026-05-21T15:57:37.224076Z",1779379053.56518,1779379057.22408,0.000637,0.000859,0.000905,3.644086,3.64421,3.643181,0.000124000000000013,3.6354,0.0234969230651854
"2026-05-21T15:57:37.267Z","run_bootstrap",96,"http://client3:8000","run","http://client3:8000/run",1,TRUE,200,1107,251,3.55510783195496,"2026-05-21T15:57:33.565824Z","2026-05-21T15:57:37.120932Z",1779379053.56582,1779379057.12093,0.000689,0.00078,0.000818,3.540118,3.54024,3.5393,0.000121999999999733,3.5329,0.0222078319549559
"2026-05-21T15:57:41.174Z","run_bootstrap",97,"http://client1:8000","run","http://client1:8000/run",1,TRUE,200,1108,252,3.88728761672974,"2026-05-21T15:57:37.283006Z","2026-05-21T15:57:41.170294Z",1779379057.28301,1779379061.17029,0.000533,0.000598,0.000619,3.875008,3.87513,3.874389,0.000122000000000178,3.8679,0.0193876167297362
"2026-05-21T15:57:41.174Z","run_bootstrap",97,"http://client2:8000","run","http://client2:8000/run",1,TRUE,200,1108,256,3.64554190635681,"2026-05-21T15:57:37.283573Z","2026-05-21T15:57:40.929115Z",1779379057.28357,1779379060.92912,0.000504,0.000558,0.000576,3.633213,3.633355,3.632637,0.000141999999999864,3.6253,0.0202419063568113
"2026-05-21T15:57:41.174Z","run_bootstrap",97,"http://client3:8000","run","http://client3:8000/run",1,TRUE,200,1108,251,3.66600322723389,"2026-05-21T15:57:37.282194Z","2026-05-21T15:57:40.948197Z",1779379057.28219,1779379060.9482,0.000796,0.000907,0.000942,3.653009,3.653126,3.652067,0.000116999999999923,3.6346,0.0314032272338869
"2026-05-21T15:57:45.050Z","run_bootstrap",98,"http://client1:8000","run","http://client1:8000/run",1,TRUE,200,1108,252,3.62018346786499,"2026-05-21T15:57:41.186863Z","2026-05-21T15:57:44.807047Z",1779379061.18686,1779379064.80705,0.000452,0.000553,0.000577,3.604843,3.604968,3.604266,0.000125000000000153,3.5972,0.0229834678649903
"2026-05-21T15:57:45.050Z","run_bootstrap",98,"http://client2:8000","run","http://client2:8000/run",1,TRUE,200,1108,256,3.68842744827271,"2026-05-21T15:57:41.187617Z","2026-05-21T15:57:44.876044Z",1779379061.18762,1779379064.87604,0.000577,0.000647,0.000805,3.673833,3.67397,3.673028,0.000137000000000054,3.6669,0.021527448272705
"2026-05-21T15:57:45.050Z","run_bootstrap",98,"http://client3:8000","run","http://client3:8000/run",1,TRUE,200,1108,251,3.85739660263062,"2026-05-21T15:57:41.188208Z","2026-05-21T15:57:45.045605Z",1779379061.18821,1779379065.04561,0.000666,0.000726,0.000758,3.838293,3.838448,3.837535,0.000154999999999905,3.8312,0.0261966026306153
"2026-05-21T15:57:48.909Z","run_bootstrap",99,"http://client1:8000","run","http://client1:8000/run",1,TRUE,200,1107,252,3.53934836387634,"2026-05-21T15:57:45.060886Z","2026-05-21T15:57:48.600234Z",1779379065.06089,1779379068.60023,0.00062,0.000732,0.000769,3.525129,3.52524,3.52436,0.000110999999999972,3.5168,0.0225483638763428
"2026-05-21T15:57:48.909Z","run_bootstrap",99,"http://client2:8000","run","http://client2:8000/run",1,TRUE,200,1107,255,3.64926028251648,"2026-05-21T15:57:45.062808Z","2026-05-21T15:57:48.712068Z",1779379065.06281,1779379068.71207,0.000757,0.000846,0.000869,3.634416,3.634548,3.633547,0.000132000000000243,3.627,0.0222602825164797
"2026-05-21T15:57:48.909Z","run_bootstrap",99,"http://client3:8000","run","http://client3:8000/run",1,TRUE,200,1107,251,3.84119701385498,"2026-05-21T15:57:45.063136Z","2026-05-21T15:57:48.904333Z",1779379065.06314,1779379068.90433,0.000493,0.000576,0.000609,3.82062,3.820763,3.820011,0.000143000000000004,3.8132,0.0279970138549803
"2026-05-21T15:57:52.795Z","run_bootstrap",100,"http://client1:8000","run","http://client1:8000/run",1,TRUE,200,1107,252,3.86832070350647,"2026-05-21T15:57:48.921964Z","2026-05-21T15:57:52.790284Z",1779379068.92196,1779379072.79028,0.00065,0.00073,0.00076,3.851788,3.851902,3.851028,0.000113999999999947,3.6988,0.16952070350647
"2026-05-21T15:57:52.795Z","run_bootstrap",100,"http://client2:8000","run","http://client2:8000/run",1,TRUE,200,1107,256,3.84378528594971,"2026-05-21T15:57:48.922322Z","2026-05-21T15:57:52.766107Z",1779379068.92232,1779379072.76611,0.000625,0.000681,7e-04,3.82815,3.828289,3.82745,0.000138999999999889,3.6735,0.170285285949707
"2026-05-21T15:57:52.795Z","run_bootstrap",100,"http://client3:8000","run","http://client3:8000/run",1,TRUE,200,1107,251,3.8646445274353,"2026-05-21T15:57:48.921473Z","2026-05-21T15:57:52.786118Z",1779379068.92147,1779379072.78612,0.000731,0.000816,0.000837,3.850616,3.85076,3.849779,0.000144000000000144,3.6912,0.173444527435303
"2026-05-21T15:57:56.320Z","run_bootstrap",101,"http://client1:8000","run","http://client1:8000/run",1,TRUE,200,1108,252,3.44494986534119,"2026-05-21T15:57:52.807740Z","2026-05-21T15:57:56.252690Z",1779379072.80774,1779379076.25269,0.000705,0.000813,0.00085,3.430778,3.43092,3.429928,0.000141999999999864,3.4237,0.0212498653411863
"2026-05-21T15:57:56.320Z","run_bootstrap",101,"http://client2:8000","run","http://client2:8000/run",1,TRUE,200,1108,256,3.48882627487183,"2026-05-21T15:57:52.808858Z","2026-05-21T15:57:56.297684Z",1779379072.80886,1779379076.29768,0.000756,0.000875,0.00091,3.471661,3.471804,3.470751,0.000143000000000004,3.4649,0.0239262748718261
"2026-05-21T15:57:56.320Z","run_bootstrap",101,"http://client3:8000","run","http://client3:8000/run",1,TRUE,200,1108,251,3.50645399093628,"2026-05-21T15:57:52.809164Z","2026-05-21T15:57:56.315618Z",1779379072.80916,1779379076.31562,0.000628,0.00074,0.000775,3.49075,3.490885,3.489975,0.000135000000000218,3.4843,0.0221539909362791
"2026-05-21T15:57:59.841Z","run_bootstrap",102,"http://client1:8000","run","http://client1:8000/run",1,TRUE,200,1108,252,3.490074634552,"2026-05-21T15:57:56.332462Z","2026-05-21T15:57:59.822536Z",1779379076.33246,1779379079.82254,0.000712,0.00082,0.000856,3.472116,3.47215,3.47126,3.39999999998675e-05,3.4646,0.0254746345520021
"2026-05-21T15:57:59.841Z","run_bootstrap",102,"http://client2:8000","run","http://client2:8000/run",1,TRUE,200,1108,256,3.42379140853882,"2026-05-21T15:57:56.334025Z","2026-05-21T15:57:59.757816Z",1779379076.33403,1779379079.75782,0.000533,0.000605,0.000629,3.406913,3.406937,3.406284,2.4000000000246e-05,3.3993,0.0244914085388181
"2026-05-21T15:57:59.841Z","run_bootstrap",102,"http://client3:8000","run","http://client3:8000/run",1,TRUE,200,1108,251,3.49965858459473,"2026-05-21T15:57:56.334533Z","2026-05-21T15:57:59.834192Z",1779379076.33453,1779379079.83419,0.00057,0.000676,0.000709,3.482699,3.482732,3.48199,3.29999999997277e-05,3.4756,0.0240585845947265
"2026-05-21T15:58:03.559Z","run_bootstrap",103,"http://client1:8000","run","http://client1:8000/run",1,TRUE,200,1108,251,3.69922685623169,"2026-05-21T15:57:59.853392Z","2026-05-21T15:58:03.552619Z",1779379079.85339,1779379083.55262,0.000595,0.000673,0.000707,3.685168,3.685311,3.684461,0.000143000000000004,3.678,0.0212268562316895
"2026-05-21T15:58:03.559Z","run_bootstrap",103,"http://client2:8000","run","http://client2:8000/run",1,TRUE,200,1108,256,3.49785184860229,"2026-05-21T15:57:59.853894Z","2026-05-21T15:58:03.351746Z",1779379079.85389,1779379083.35175,0.000532,0.000608,0.00063,3.48434,3.48447,3.48371,0.000129999999999963,3.4776,0.0202518486022951
"2026-05-21T15:58:03.559Z","run_bootstrap",103,"http://client3:8000","run","http://client3:8000/run",1,TRUE,200,1108,251,3.59183645248413,"2026-05-21T15:57:59.855275Z","2026-05-21T15:58:03.447112Z",1779379079.85528,1779379083.44711,0.000493,0.000572,0.000605,3.57965,3.579778,3.579045,0.000128000000000128,3.5729,0.0189364524841307
"2026-05-21T15:58:07.275Z","run_bootstrap",104,"http://client1:8000","run","http://client1:8000/run",1,TRUE,200,1108,252,3.68828225135803,"2026-05-21T15:58:03.578104Z","2026-05-21T15:58:07.266386Z",1779379083.5781,1779379087.26639,0.000561,0.000675,0.000715,3.666643,3.666785,3.665928,0.000141999999999864,3.6592,0.0290822513580324
"2026-05-21T15:58:07.275Z","run_bootstrap",104,"http://client2:8000","run","http://client2:8000/run",1,TRUE,200,1108,256,3.69033598899841,"2026-05-21T15:58:03.578834Z","2026-05-21T15:58:07.269170Z",1779379083.57883,1779379087.26917,0.000491,0.00062,0.000658,3.669625,3.669755,3.668967,0.000129999999999963,3.6627,0.027635988998413
"2026-05-21T15:58:07.275Z","run_bootstrap",104,"http://client3:8000","run","http://client3:8000/run",1,TRUE,200,1108,251,3.45828175544739,"2026-05-21T15:58:03.579203Z","2026-05-21T15:58:07.037485Z",1779379083.5792,1779379087.03749,0.000517,0.000634,0.000669,3.441271,3.441412,3.440602,0.000141000000000169,3.4341,0.0241817554473878
"2026-05-21T15:58:10.994Z","run_bootstrap",105,"http://client1:8000","run","http://client1:8000/run",1,TRUE,200,1108,252,3.57848215103149,"2026-05-21T15:58:07.287739Z","2026-05-21T15:58:10.866221Z",1779379087.28774,1779379090.86622,0.000429,0.000575,0.000616,3.558085,3.558202,3.557469,0.000116999999999923,3.5508,0.027682151031494
"2026-05-21T15:58:10.994Z","run_bootstrap",105,"http://client2:8000","run","http://client2:8000/run",1,TRUE,200,1108,256,3.22506737709045,"2026-05-21T15:58:07.288187Z","2026-05-21T15:58:10.513255Z",1779379087.28819,1779379090.51326,0.000611,0.000723,0.000763,3.206427,3.206523,3.205664,9.59999999996519e-05,3.1989,0.026167377090454
"2026-05-21T15:58:10.994Z","run_bootstrap",105,"http://client3:8000","run","http://client3:8000/run",1,TRUE,200,1108,251,3.70086598396301,"2026-05-21T15:58:07.288620Z","2026-05-21T15:58:10.989486Z",1779379087.28862,1779379090.98949,0.000665,0.00077,0.000806,3.68644,3.68658,3.685634,0.000140000000000029,3.6792,0.0216659839630129
"2026-05-21T15:58:14.788Z","run_bootstrap",106,"http://client1:8000","run","http://client1:8000/run",1,TRUE,200,1108,252,3.77669358253479,"2026-05-21T15:58:11.006931Z","2026-05-21T15:58:14.783625Z",1779379091.00693,1779379094.78363,0.000759,0.000851,0.000885,3.760974,3.761105,3.760089,0.000131000000000103,3.7535,0.0231935825347902
"2026-05-21T15:58:14.788Z","run_bootstrap",106,"http://client2:8000","run","http://client2:8000/run",1,TRUE,200,1108,256,3.53981733322144,"2026-05-21T15:58:11.007545Z","2026-05-21T15:58:14.547362Z",1779379091.00755,1779379094.54736,0.000641,0.000721,0.000752,3.519145,3.519244,3.518393,9.90000000000713e-05,3.5112,0.0286173332214354
"2026-05-21T15:58:14.788Z","run_bootstrap",106,"http://client3:8000","run","http://client3:8000/run",1,TRUE,200,1108,251,3.53568291664124,"2026-05-21T15:58:11.008109Z","2026-05-21T15:58:14.543792Z",1779379091.00811,1779379094.54379,0.000602,0.000707,0.000747,3.520309,3.520441,3.519562,0.000131999999999799,3.5133,0.0223829166412353
"2026-05-21T15:58:18.437Z","run_bootstrap",107,"http://client1:8000","run","http://client1:8000/run",1,TRUE,200,1108,252,3.54099678993225,"2026-05-21T15:58:14.800744Z","2026-05-21T15:58:18.341741Z",1779379094.80074,1779379098.34174,0.000514,0.000595,0.000635,3.522868,3.523,3.522233,0.000132000000000243,3.5146,0.0263967899322508
"2026-05-21T15:58:18.437Z","run_bootstrap",107,"http://client2:8000","run","http://client2:8000/run",1,TRUE,200,1108,255,3.62219715118408,"2026-05-21T15:58:14.801497Z","2026-05-21T15:58:18.423694Z",1779379094.8015,1779379098.42369,0.000659,0.000697,0.000712,3.60545,3.605598,3.604738,0.000148000000000259,3.597,0.0251971511840821
"2026-05-21T15:58:18.437Z","run_bootstrap",107,"http://client3:8000","run","http://client3:8000/run",1,TRUE,200,1108,251,3.6320583820343,"2026-05-21T15:58:14.800648Z","2026-05-21T15:58:18.432706Z",1779379094.80065,1779379098.43271,0.00069,0.000795,0.000829,3.618101,3.618238,3.617272,0.000137000000000054,3.6107,0.0213583820343017
"2026-05-21T15:58:22.141Z","run_bootstrap",108,"http://client1:8000","run","http://client1:8000/run",1,TRUE,200,1108,252,3.68089127540588,"2026-05-21T15:58:18.453439Z","2026-05-21T15:58:22.134331Z",1779379098.45344,1779379102.13433,0.000538,0.000615,0.000647,3.665312,3.665446,3.664665,0.000134000000000079,3.6582,0.0226912754058839
"2026-05-21T15:58:22.141Z","run_bootstrap",108,"http://client2:8000","run","http://client2:8000/run",1,TRUE,200,1108,256,3.49848747253418,"2026-05-21T15:58:18.452441Z","2026-05-21T15:58:21.950928Z",1779379098.45244,1779379101.95093,0.000477,0.000549,0.00057,3.486471,3.486584,3.485901,0.000113000000000252,3.4784,0.0200874725341795
"2026-05-21T15:58:22.141Z","run_bootstrap",108,"http://client3:8000","run","http://client3:8000/run",1,TRUE,200,1108,251,3.62300252914429,"2026-05-21T15:58:18.453053Z","2026-05-21T15:58:22.076056Z",1779379098.45305,1779379102.07606,0.000623,0.000708,0.000739,3.610865,3.611003,3.610126,0.000138000000000194,3.6042,0.018802529144287
"2026-05-21T15:58:25.846Z","run_bootstrap",109,"http://client1:8000","run","http://client1:8000/run",1,TRUE,200,1108,252,3.68962550163269,"2026-05-21T15:58:22.152597Z","2026-05-21T15:58:25.842222Z",1779379102.1526,1779379105.84222,0.000582,0.00069,0.000724,3.673264,3.673405,3.67254,0.000140999999999725,3.6563,0.0333255016326905
"2026-05-21T15:58:25.846Z","run_bootstrap",109,"http://client2:8000","run","http://client2:8000/run",1,TRUE,200,1108,256,3.62458729743958,"2026-05-21T15:58:22.152814Z","2026-05-21T15:58:25.777401Z",1779379102.15281,1779379105.7774,0.000658,0.000763,0.000796,3.609153,3.609295,3.608357,0.000141999999999864,3.6021,0.0224872974395751
"2026-05-21T15:58:25.846Z","run_bootstrap",109,"http://client3:8000","run","http://client3:8000/run",1,TRUE,200,1108,251,3.3581690788269,"2026-05-21T15:58:22.153458Z","2026-05-21T15:58:25.511627Z",1779379102.15346,1779379105.51163,0.000609,0.000723,0.000786,3.338686,3.338805,3.3379,0.000118999999999758,3.3279,0.0302690788269042
"2026-05-21T15:58:29.543Z","run_bootstrap",110,"http://client1:8000","run","http://client1:8000/run",1,TRUE,200,1108,252,3.67755126953125,"2026-05-21T15:58:25.858686Z","2026-05-21T15:58:29.536238Z",1779379105.85869,1779379109.53624,0.000654,0.00078,0.000826,3.661045,3.661183,3.660219,0.000137999999999749,3.6536,0.02395126953125
"2026-05-21T15:58:29.543Z","run_bootstrap",110,"http://client2:8000","run","http://client2:8000/run",1,TRUE,200,1108,256,3.67680931091309,"2026-05-21T15:58:25.859416Z","2026-05-21T15:58:29.536226Z",1779379105.85942,1779379109.53623,0.000631,0.000758,0.000809,3.661501,3.661617,3.660692,0.000116000000000227,3.6544,0.0224093109130861
"2026-05-21T15:58:29.543Z","run_bootstrap",110,"http://client3:8000","run","http://client3:8000/run",1,TRUE,200,1108,251,3.63466477394104,"2026-05-21T15:58:25.858612Z","2026-05-21T15:58:29.493277Z",1779379105.85861,1779379109.49328,0.000617,0.000737,0.000782,3.620731,3.62082,3.619949,8.90000000000057e-05,3.6128,0.02186477394104
"2026-05-21T15:58:33.327Z","run_bootstrap",111,"http://client1:8000","run","http://client1:8000/run",1,TRUE,200,1107,258,3.43454885482788,"2026-05-21T15:58:29.604849Z","2026-05-21T15:58:33.039398Z",1779379109.60485,1779379113.0394,0.000696,0.000798,0.000834,3.421376,3.421523,3.420542,0.000147000000000119,3.4126,0.021948854827881
"2026-05-21T15:58:33.327Z","run_bootstrap",111,"http://client2:8000","run","http://client2:8000/run",1,TRUE,200,1107,257,3.71452188491821,"2026-05-21T15:58:29.606309Z","2026-05-21T15:58:33.320831Z",1779379109.60631,1779379113.32083,0.000618,0.000688,0.000711,3.701769,3.701907,3.701058,0.000137999999999749,3.6926,0.0219218849182128
"2026-05-21T15:58:33.327Z","run_bootstrap",111,"http://client3:8000","run","http://client3:8000/run",1,TRUE,200,1107,252,3.65799856185913,"2026-05-21T15:58:29.606358Z","2026-05-21T15:58:33.264356Z",1779379109.60636,1779379113.26436,0.000574,0.000685,0.000718,3.645184,3.645335,3.644466,0.000151000000000234,3.6355,0.0224985618591309
"2026-05-21T15:58:37.186Z","run_bootstrap",112,"http://client1:8000","run","http://client1:8000/run",1,TRUE,200,1107,258,3.68939137458801,"2026-05-21T15:58:33.340486Z","2026-05-21T15:58:37.029878Z",1779379113.34049,1779379117.02988,0.000743,0.000808,0.00083,3.66856,3.668718,3.66773,0.000158000000000325,3.6609,0.0284913745880129
"2026-05-21T15:58:37.186Z","run_bootstrap",112,"http://client2:8000","run","http://client2:8000/run",1,TRUE,200,1107,257,3.52213668823242,"2026-05-21T15:58:33.340977Z","2026-05-21T15:58:36.863114Z",1779379113.34098,1779379116.86311,0.000548,0.000635,0.000668,3.505801,3.505949,3.505133,0.000148000000000259,3.4974,0.024736688232422
"2026-05-21T15:58:37.186Z","run_bootstrap",112,"http://client3:8000","run","http://client3:8000/run",1,TRUE,200,1107,252,3.83976149559021,"2026-05-21T15:58:33.341417Z","2026-05-21T15:58:37.181178Z",1779379113.34142,1779379117.18118,0.00066,0.000774,0.00081,3.824395,3.824539,3.823585,0.000144000000000144,3.8157,0.0240614955902099
"2026-05-21T15:58:40.997Z","run_bootstrap",113,"http://client1:8000","run","http://client1:8000/run",1,TRUE,200,1108,264,3.79484820365906,"2026-05-21T15:58:37.197528Z","2026-05-21T15:58:40.992377Z",1779379117.19753,1779379120.99238,0.00054,0.000617,0.000644,3.780839,3.78097,3.780195,0.000131000000000103,3.7725,0.0223482036590577
"2026-05-21T15:58:40.997Z","run_bootstrap",113,"http://client2:8000","run","http://client2:8000/run",1,TRUE,200,1108,267,3.75243473052979,"2026-05-21T15:58:37.197926Z","2026-05-21T15:58:40.950361Z",1779379117.19793,1779379120.95036,0.000604,0.000664,0.000686,3.738848,3.738981,3.738162,0.000132999999999939,3.7316,0.0208347305297854
"2026-05-21T15:58:40.997Z","run_bootstrap",113,"http://client3:8000","run","http://client3:8000/run",1,TRUE,200,1108,266,3.74345469474792,"2026-05-21T15:58:37.198468Z","2026-05-21T15:58:40.941923Z",1779379117.19847,1779379120.94192,0.000664,0.000742,0.000776,3.723524,3.723676,3.722748,0.000152000000000374,3.7159,0.0275546947479248
"2026-05-21T15:58:45.002Z","run_bootstrap",114,"http://client1:8000","run","http://client1:8000/run",1,TRUE,200,1108,263,3.68110585212708,"2026-05-21T15:58:41.010012Z","2026-05-21T15:58:44.691118Z",1779379121.01001,1779379124.69112,0.000512,0.000588,0.000619,3.662706,3.662853,3.662087,0.000147000000000119,3.655,0.0261058521270754
"2026-05-21T15:58:45.002Z","run_bootstrap",114,"http://client2:8000","run","http://client2:8000/run",1,TRUE,200,1108,267,3.98674297332764,"2026-05-21T15:58:41.010502Z","2026-05-21T15:58:44.997245Z",1779379121.0105,1779379124.99725,0.000553,0.000609,0.000627,3.971292,3.971719,3.970665,0.000427000000000177,3.9638,0.0229429733276367
"2026-05-21T15:58:45.002Z","run_bootstrap",114,"http://client3:8000","run","http://client3:8000/run",1,TRUE,200,1108,265,3.70571851730347,"2026-05-21T15:58:41.010942Z","2026-05-21T15:58:44.716661Z",1779379121.01094,1779379124.71666,0.000477,0.000555,0.000577,3.690997,3.691113,3.69042,0.000116000000000227,3.684,0.0217185173034666
"2026-05-21T15:58:48.858Z","run_bootstrap",115,"http://client1:8000","run","http://client1:8000/run",1,TRUE,200,1106,256,3.47468400001526,"2026-05-21T15:58:45.015501Z","2026-05-21T15:58:48.490185Z",1779379125.0155,1779379128.49019,0.000667,0.000742,0.000773,3.459618,3.459775,3.458845,0.000157000000000185,3.4516,0.0230840000152588
"2026-05-21T15:58:48.858Z","run_bootstrap",115,"http://client2:8000","run","http://client2:8000/run",1,TRUE,200,1106,255,3.83524870872498,"2026-05-21T15:58:45.015939Z","2026-05-21T15:58:48.851187Z",1779379125.01594,1779379128.85119,0.000594,0.000695,0.000727,3.820971,3.821107,3.820244,0.000135999999999914,3.8136,0.0216487087249755
"2026-05-21T15:58:48.858Z","run_bootstrap",115,"http://client3:8000","run","http://client3:8000/run",1,TRUE,200,1106,255,3.53913450241089,"2026-05-21T15:58:45.016848Z","2026-05-21T15:58:48.555982Z",1779379125.01685,1779379128.55598,0.000494,0.000572,0.000594,3.526475,3.5266,3.525881,0.000125000000000153,3.5192,0.0199345024108886
"2026-05-21T15:58:52.706Z","run_bootstrap",116,"http://client1:8000","run","http://client1:8000/run",1,TRUE,200,1106,256,3.82372808456421,"2026-05-21T15:58:48.875653Z","2026-05-21T15:58:52.699381Z",1779379128.87565,1779379132.69938,0.000684,0.00075,0.000784,3.806269,3.806417,3.805485,0.000148000000000259,3.7981,0.0256280845642092
"2026-05-21T15:58:52.706Z","run_bootstrap",116,"http://client2:8000","run","http://client2:8000/run",1,TRUE,200,1106,255,3.60050487518311,"2026-05-21T15:58:48.876095Z","2026-05-21T15:58:52.476600Z",1779379128.8761,1779379132.4766,0.000538,0.000618,0.000649,3.578605,3.578761,3.577956,0.000156000000000045,3.5701,0.0304048751831054
"2026-05-21T15:58:52.706Z","run_bootstrap",116,"http://client3:8000","run","http://client3:8000/run",1,TRUE,200,1106,254,3.48738527297974,"2026-05-21T15:58:48.875391Z","2026-05-21T15:58:52.362776Z",1779379128.87539,1779379132.36278,0.000653,0.000725,0.000762,3.469466,3.46956,3.468704,9.39999999998165e-05,3.462,0.0253852729797361
"2026-05-21T15:58:56.629Z","run_bootstrap",117,"http://client1:8000","run","http://client1:8000/run",1,TRUE,200,1108,256,3.69245314598083,"2026-05-21T15:58:52.725780Z","2026-05-21T15:58:56.418233Z",1779379132.72578,1779379136.41823,0.00064,0.000746,0.000781,3.674627,3.674706,3.673846,7.89999999999402e-05,3.6669,0.0255531459808349
"2026-05-21T15:58:56.629Z","run_bootstrap",117,"http://client2:8000","run","http://client2:8000/run",1,TRUE,200,1108,255,3.89785099029541,"2026-05-21T15:58:52.726588Z","2026-05-21T15:58:56.624439Z",1779379132.72659,1779379136.62444,0.00044,0.000516,0.000552,3.877591,3.877728,3.877039,0.000137000000000054,3.8579,0.0399509902954103
"2026-05-21T15:58:56.629Z","run_bootstrap",117,"http://client3:8000","run","http://client3:8000/run",1,TRUE,200,1108,253,3.70151877403259,"2026-05-21T15:58:52.727102Z","2026-05-21T15:58:56.428620Z",1779379132.7271,1779379136.42862,0.000583,0.000691,0.000727,3.682132,3.682267,3.681405,0.000134999999999774,3.6736,0.0279187740325928
"2026-05-21T15:59:00.391Z","run_bootstrap",118,"http://client1:8000","run","http://client1:8000/run",1,TRUE,200,1108,256,3.6837306022644,"2026-05-21T15:58:56.640491Z","2026-05-21T15:59:00.324221Z",1779379136.64049,1779379140.32422,0.000675,0.000782,0.000821,3.670218,3.670343,3.669397,0.000124999999999709,3.6597,0.0240306022644043
"2026-05-21T15:59:00.391Z","run_bootstrap",118,"http://client2:8000","run","http://client2:8000/run",1,TRUE,200,1108,255,3.7443528175354,"2026-05-21T15:58:56.642325Z","2026-05-21T15:59:00.386677Z",1779379136.64233,1779379140.38668,0.000668,0.000759,0.000782,3.727536,3.727666,3.726754,0.000129999999999963,3.7191,0.0252528175354003
"2026-05-21T15:59:00.391Z","run_bootstrap",118,"http://client3:8000","run","http://client3:8000/run",1,TRUE,200,1108,253,3.65015602111816,"2026-05-21T15:58:56.642732Z","2026-05-21T15:59:00.292888Z",1779379136.64273,1779379140.29289,0.000536,0.00065,0.000704,3.632932,3.633088,3.632228,0.000156000000000045,3.6245,0.0256560211181642
"2026-05-21T15:59:04.338Z","run_bootstrap",119,"http://client1:8000","run","http://client1:8000/run",1,TRUE,200,1108,253,3.67347359657288,"2026-05-21T15:59:00.402667Z","2026-05-21T15:59:04.076141Z",1779379140.40267,1779379144.07614,0.000412,0.000517,0.000555,3.659196,3.659349,3.658641,0.00015300000000007,3.6501,0.0233735965728759
"2026-05-21T15:59:04.338Z","run_bootstrap",119,"http://client2:8000","run","http://client2:8000/run",1,TRUE,200,1108,254,3.66163372993469,"2026-05-21T15:59:00.403298Z","2026-05-21T15:59:04.064931Z",1779379140.4033,1779379144.06493,0.000502,0.000614,0.000651,3.647076,3.647213,3.646425,0.00013699999999961,3.6393,0.0223337299346924
"2026-05-21T15:59:04.338Z","run_bootstrap",119,"http://client3:8000","run","http://client3:8000/run",1,TRUE,200,1108,255,3.93027329444885,"2026-05-21T15:59:00.402654Z","2026-05-21T15:59:04.332927Z",1779379140.40265,1779379144.33293,0.000414,0.000497,0.000532,3.916015,3.91617,3.915483,0.000155000000000349,3.8983,0.0319732944488527
"2026-05-21T15:59:08.462Z","run_bootstrap",120,"http://client1:8000","run","http://client1:8000/run",1,TRUE,200,1108,253,3.8415789604187,"2026-05-21T15:59:04.351196Z","2026-05-21T15:59:08.192775Z",1779379144.3512,1779379148.19278,0.000451,0.000546,0.000584,3.825731,3.825887,3.825147,0.000155999999999601,3.6662,0.175378960418701
"2026-05-21T15:59:08.462Z","run_bootstrap",120,"http://client2:8000","run","http://client2:8000/run",1,TRUE,200,1108,254,3.91415023803711,"2026-05-21T15:59:04.351871Z","2026-05-21T15:59:08.266021Z",1779379144.35187,1779379148.26602,0.000667,0.000738,0.000768,3.899616,3.899856,3.898848,0.00024000000000024,3.7404,0.173750238037109
"2026-05-21T15:59:08.462Z","run_bootstrap",120,"http://client3:8000","run","http://client3:8000/run",1,TRUE,200,1108,255,4.10623049736023,"2026-05-21T15:59:04.351235Z","2026-05-21T15:59:08.457466Z",1779379144.35124,1779379148.45747,0.000651,0.000771,0.00081,4.091424,4.091555,4.090614,0.000130999999999659,3.9315,0.174730497360229
"2026-05-21T15:59:12.173Z","run_bootstrap",121,"http://client1:8000","run","http://client1:8000/run",1,TRUE,200,1108,254,3.55882120132446,"2026-05-21T15:59:08.473544Z","2026-05-21T15:59:12.032365Z",1779379148.47354,1779379152.03237,0.000597,7e-04,0.000738,3.544328,3.544456,3.54359,0.000127999999999684,3.536,0.0228212013244629
"2026-05-21T15:59:12.173Z","run_bootstrap",121,"http://client2:8000","run","http://client2:8000/run",1,TRUE,200,1108,253,3.69319128990173,"2026-05-21T15:59:08.475515Z","2026-05-21T15:59:12.168706Z",1779379148.47552,1779379152.16871,0.000738,0.000855,0.000892,3.67608,3.67621,3.675188,0.000130000000000408,3.6695,0.0236912899017332
"2026-05-21T15:59:12.173Z","run_bootstrap",121,"http://client3:8000","run","http://client3:8000/run",1,TRUE,200,1108,254,3.44024920463562,"2026-05-21T15:59:08.475967Z","2026-05-21T15:59:11.916216Z",1779379148.47597,1779379151.91622,0.000516,0.000605,0.000641,3.418641,3.418766,3.418,0.000125000000000153,3.4096,0.0306492046356199
"2026-05-21T15:59:15.792Z","run_bootstrap",122,"http://client1:8000","run","http://client1:8000/run",1,TRUE,200,1108,255,3.59623837471008,"2026-05-21T15:59:12.191607Z","2026-05-21T15:59:15.787846Z",1779379152.19161,1779379155.78785,0.000431,0.000521,0.000544,3.584904,3.58502,3.58436,0.000116000000000227,3.5779,0.0183383747100829
"2026-05-21T15:59:15.792Z","run_bootstrap",122,"http://client2:8000","run","http://client2:8000/run",1,TRUE,200,1108,253,3.50937104225159,"2026-05-21T15:59:12.192406Z","2026-05-21T15:59:15.701777Z",1779379152.19241,1779379155.70178,0.000559,0.000634,0.000665,3.497224,3.497358,3.496559,0.000134000000000079,3.4904,0.0189710422515867
"2026-05-21T15:59:15.792Z","run_bootstrap",122,"http://client3:8000","run","http://client3:8000/run",1,TRUE,200,1108,254,3.53318786621094,"2026-05-21T15:59:12.191422Z","2026-05-21T15:59:15.724610Z",1779379152.19142,1779379155.72461,0.000586,0.000684,0.000704,3.521575,3.521713,3.520871,0.000138000000000194,3.5146,0.0185878662109373
"2026-05-21T15:59:19.528Z","run_bootstrap",123,"http://client1:8000","run","http://client1:8000/run",1,TRUE,200,1106,255,3.39104533195496,"2026-05-21T15:59:15.804651Z","2026-05-21T15:59:19.195697Z",1779379155.80465,1779379159.1957,0.000698,0.000814,0.000859,3.376858,3.377032,3.375999,0.000173999999999896,3.3694,0.0216453319549559
"2026-05-21T15:59:19.528Z","run_bootstrap",123,"http://client2:8000","run","http://client2:8000/run",1,TRUE,200,1106,254,3.4423303604126,"2026-05-21T15:59:15.806126Z","2026-05-21T15:59:19.248457Z",1779379155.80613,1779379159.24846,0.000528,0.000643,0.000677,3.429314,3.42945,3.428637,0.000135999999999914,3.4222,0.0201303604125975
"2026-05-21T15:59:19.528Z","run_bootstrap",123,"http://client3:8000","run","http://client3:8000/run",1,TRUE,200,1106,253,3.71468210220337,"2026-05-21T15:59:15.806746Z","2026-05-21T15:59:19.521428Z",1779379155.80675,1779379159.52143,0.000643,0.000767,0.000803,3.693505,3.693623,3.692702,0.000118000000000062,3.6854,0.0292821022033691
"2026-05-21T15:59:23.272Z","run_bootstrap",124,"http://client1:8000","run","http://client1:8000/run",1,TRUE,200,1106,255,3.37027287483215,"2026-05-21T15:59:19.546196Z","2026-05-21T15:59:22.916469Z",1779379159.5462,1779379162.91647,0.000617,0.000756,0.000796,3.355653,3.355791,3.354857,0.000137999999999749,3.3483,0.0219728748321533
"2026-05-21T15:59:23.272Z","run_bootstrap",124,"http://client2:8000","run","http://client2:8000/run",1,TRUE,200,1106,253,3.71721458435059,"2026-05-21T15:59:19.547896Z","2026-05-21T15:59:23.265110Z",1779379159.5479,1779379163.26511,0.000487,0.000588,0.000627,3.694922,3.695052,3.694295,0.000129999999999963,3.688,0.0292145843505858
"2026-05-21T15:59:23.272Z","run_bootstrap",124,"http://client3:8000","run","http://client3:8000/run",1,TRUE,200,1106,253,3.56572079658508,"2026-05-21T15:59:19.548412Z","2026-05-21T15:59:23.114133Z",1779379159.54841,1779379163.11413,0.000588,0.000677,0.000712,3.543904,3.544058,3.543192,0.00015400000000021,3.5371,0.0286207965850829
"2026-05-21T15:59:26.878Z","run_bootstrap",125,"http://client1:8000","run","http://client1:8000/run",1,TRUE,200,1108,255,3.47259855270386,"2026-05-21T15:59:23.284430Z","2026-05-21T15:59:26.757029Z",1779379163.28443,1779379166.75703,0.000484,0.000555,0.000585,3.458087,3.458184,3.457502,9.70000000002358e-05,3.4507,0.0218985527038575
"2026-05-21T15:59:26.878Z","run_bootstrap",125,"http://client2:8000","run","http://client2:8000/run",1,TRUE,200,1108,253,3.58865332603455,"2026-05-21T15:59:23.284668Z","2026-05-21T15:59:26.873322Z",1779379163.28467,1779379166.87332,0.000616,0.000718,0.000753,3.567669,3.567796,3.566916,0.000126999999999988,3.5594,0.0292533260345458
"2026-05-21T15:59:26.878Z","run_bootstrap",125,"http://client3:8000","run","http://client3:8000/run",1,TRUE,200,1108,251,3.56889462471008,"2026-05-21T15:59:23.283846Z","2026-05-21T15:59:26.852740Z",1779379163.28385,1779379166.85274,0.000849,0.000931,0.000955,3.554548,3.554673,3.553593,0.000125000000000153,3.5468,0.0220946247100828
"2026-05-21T15:59:30.521Z","run_bootstrap",126,"http://client1:8000","run","http://client1:8000/run",1,TRUE,200,1108,253,3.44239783287048,"2026-05-21T15:59:26.891990Z","2026-05-21T15:59:30.334388Z",1779379166.89199,1779379170.33439,0.000661,0.000744,0.000784,3.427628,3.427765,3.426844,0.000137000000000054,3.42,0.0223978328704835
"2026-05-21T15:59:30.521Z","run_bootstrap",126,"http://client2:8000","run","http://client2:8000/run",1,TRUE,200,1108,253,3.62465906143188,"2026-05-21T15:59:26.892533Z","2026-05-21T15:59:30.517192Z",1779379166.89253,1779379170.51719,0.000563,0.00063,0.000655,3.611275,3.611399,3.61062,0.000124000000000013,3.6044,0.0202590614318847
"2026-05-21T15:59:30.521Z","run_bootstrap",126,"http://client3:8000","run","http://client3:8000/run",1,TRUE,200,1108,251,3.58347463607788,"2026-05-21T15:59:26.892373Z","2026-05-21T15:59:30.475847Z",1779379166.89237,1779379170.47585,0.000517,0.000589,0.000617,3.569121,3.569255,3.568504,0.000134000000000079,3.5621,0.0213746360778808
"2026-05-21T15:59:34.217Z","run_bootstrap",127,"http://client1:8000","run","http://client1:8000/run",1,TRUE,200,1108,248,3.67754364013672,"2026-05-21T15:59:30.533282Z","2026-05-21T15:59:34.210825Z",1779379170.53328,1779379174.21083,0.000707,0.000814,0.000851,3.659616,3.65965,3.658765,3.39999999998675e-05,3.6521,0.0254436401367188
"2026-05-21T15:59:34.217Z","run_bootstrap",127,"http://client2:8000","run","http://client2:8000/run",1,TRUE,200,1108,254,3.55046606063843,"2026-05-21T15:59:30.535086Z","2026-05-21T15:59:34.085552Z",1779379170.53509,1779379174.08555,0.00063,0.000762,0.000804,3.530739,3.530774,3.529935,3.50000000000072e-05,3.5232,0.0272660606384276
"2026-05-21T15:59:34.217Z","run_bootstrap",127,"http://client3:8000","run","http://client3:8000/run",1,TRUE,200,1108,251,3.44977617263794,"2026-05-21T15:59:30.535442Z","2026-05-21T15:59:33.985218Z",1779379170.53544,1779379173.98522,0.000752,0.000847,0.000882,3.430787,3.430819,3.429905,3.2000000000032e-05,3.4236,0.0261761726379395
"2026-05-21T15:59:37.989Z","run_bootstrap",128,"http://client1:8000","run","http://client1:8000/run",1,TRUE,200,1108,248,3.58326745033264,"2026-05-21T15:59:34.238351Z","2026-05-21T15:59:37.821618Z",1779379174.23835,1779379177.82162,0.000485,0.000566,0.000588,3.569929,3.570055,3.569341,0.000125999999999848,3.5627,0.0205674503326416
"2026-05-21T15:59:37.989Z","run_bootstrap",128,"http://client2:8000","run","http://client2:8000/run",1,TRUE,200,1108,254,3.74626636505127,"2026-05-21T15:59:34.239106Z","2026-05-21T15:59:37.985372Z",1779379174.23911,1779379177.98537,0.000411,0.000497,0.00053,3.728816,3.728945,3.728286,0.000128999999999824,3.7216,0.0246663650512695
"2026-05-21T15:59:37.989Z","run_bootstrap",128,"http://client3:8000","run","http://client3:8000/run",1,TRUE,200,1108,251,3.54579162597656,"2026-05-21T15:59:34.238741Z","2026-05-21T15:59:37.784532Z",1779379174.23874,1779379177.78453,0.000581,0.000645,0.000665,3.532022,3.532159,3.531357,0.000137000000000054,3.5251,0.0206916259765624
"2026-05-21T15:59:41.797Z","run_bootstrap",129,"http://client1:8000","run","http://client1:8000/run",1,TRUE,200,1106,253,3.54586148262024,"2026-05-21T15:59:38.000702Z","2026-05-21T15:59:41.546564Z",1779379178.0007,1779379181.54656,0.000674,0.000874,0.000947,3.532553,3.53267,3.531606,0.000116999999999923,3.525,0.0208614826202393
"2026-05-21T15:59:41.797Z","run_bootstrap",129,"http://client2:8000","run","http://client2:8000/run",1,TRUE,200,1106,251,3.79002070426941,"2026-05-21T15:59:38.002247Z","2026-05-21T15:59:41.792267Z",1779379178.00225,1779379181.79227,0.00072,0.000821,0.000852,3.776121,3.776258,3.775269,0.000137000000000054,3.7677,0.0223207042694091
"2026-05-21T15:59:41.797Z","run_bootstrap",129,"http://client3:8000","run","http://client3:8000/run",1,TRUE,200,1106,253,3.77875638008118,"2026-05-21T15:59:38.002975Z","2026-05-21T15:59:41.781732Z",1779379178.00298,1779379181.78173,0.000504,0.000591,0.000623,3.764401,3.764536,3.763778,0.000135000000000218,3.7564,0.0223563800811766
"2026-05-21T15:59:45.624Z","run_bootstrap",130,"http://client1:8000","run","http://client1:8000/run",1,TRUE,200,1106,254,3.57316660881042,"2026-05-21T15:59:41.809713Z","2026-05-21T15:59:45.382880Z",1779379181.80971,1779379185.38288,0.000529,0.000609,0.000641,3.555351,3.555482,3.55471,0.000131000000000103,3.5469,0.0262666088104249
"2026-05-21T15:59:45.624Z","run_bootstrap",130,"http://client2:8000","run","http://client2:8000/run",1,TRUE,200,1106,251,3.8067774772644,"2026-05-21T15:59:41.810141Z","2026-05-21T15:59:45.616918Z",1779379181.81014,1779379185.61692,0.000638,0.000752,0.000821,3.793009,3.793148,3.792188,0.000138999999999889,3.7858,0.0209774772644042
"2026-05-21T15:59:45.624Z","run_bootstrap",130,"http://client3:8000","run","http://client3:8000/run",1,TRUE,200,1106,253,3.54555106163025,"2026-05-21T15:59:41.809680Z","2026-05-21T15:59:45.355231Z",1779379181.80968,1779379185.35523,0.000562,0.000671,0.000719,3.531356,3.531492,3.530637,0.000135999999999914,3.5236,0.021951061630249
"2026-05-21T15:59:49.327Z","run_bootstrap",131,"http://client1:8000","run","http://client1:8000/run",1,TRUE,200,1107,255,3.56483006477356,"2026-05-21T15:59:45.636854Z","2026-05-21T15:59:49.201684Z",1779379185.63685,1779379189.20168,0.000712,0.000821,0.00086,3.549132,3.549219,3.548272,8.69999999997262e-05,3.5375,0.0273300647735595
"2026-05-21T15:59:49.327Z","run_bootstrap",131,"http://client2:8000","run","http://client2:8000/run",1,TRUE,200,1107,253,3.68548011779785,"2026-05-21T15:59:45.637076Z","2026-05-21T15:59:49.322556Z",1779379185.63708,1779379189.32256,0.00059,0.00068,0.000715,3.663637,3.66372,3.662922,8.30000000000553e-05,3.6567,0.0287801177978517
"2026-05-21T15:59:49.327Z","run_bootstrap",131,"http://client3:8000","run","http://client3:8000/run",1,TRUE,200,1107,253,3.56547260284424,"2026-05-21T15:59:45.637569Z","2026-05-21T15:59:49.203041Z",1779379185.63757,1779379189.20304,0.000434,0.000511,0.000546,3.543336,3.54347,3.54279,0.000134000000000079,3.5362,0.0292726028442383
"2026-05-21T15:59:53.233Z","run_bootstrap",132,"http://client1:8000","run","http://client1:8000/run",1,TRUE,200,1107,255,3.88516330718994,"2026-05-21T15:59:49.340773Z","2026-05-21T15:59:53.225937Z",1779379189.34077,1779379193.22594,0.000723,0.000837,0.000877,3.869495,3.869631,3.868618,0.000135999999999914,3.8604,0.0247633071899416
"2026-05-21T15:59:53.233Z","run_bootstrap",132,"http://client2:8000","run","http://client2:8000/run",1,TRUE,200,1107,253,3.46988368034363,"2026-05-21T15:59:49.340667Z","2026-05-21T15:59:52.810551Z",1779379189.34067,1779379192.81055,0.000727,0.000835,0.000877,3.455469,3.455553,3.454592,8.4000000000195e-05,3.4462,0.0236836803436278
"2026-05-21T15:59:53.233Z","run_bootstrap",132,"http://client3:8000","run","http://client3:8000/run",1,TRUE,200,1107,252,3.69388890266418,"2026-05-21T15:59:49.341808Z","2026-05-21T15:59:53.035696Z",1779379189.34181,1779379193.0357,0.000418,0.000506,0.00054,3.678044,3.678175,3.677504,0.000131000000000103,3.671,0.0228889026641848
"2026-05-21T15:59:57.080Z","run_bootstrap",133,"http://client1:8000","run","http://client1:8000/run",1,TRUE,200,1107,249,3.42562341690063,"2026-05-21T15:59:53.244840Z","2026-05-21T15:59:56.670463Z",1779379193.24484,1779379196.67046,0.000551,0.000612,0.000635,3.407276,3.40731,3.406641,3.39999999998675e-05,3.3958,0.0298234169006348
"2026-05-21T15:59:57.080Z","run_bootstrap",133,"http://client2:8000","run","http://client2:8000/run",1,TRUE,200,1107,253,3.64489316940308,"2026-05-21T15:59:53.244310Z","2026-05-21T15:59:56.889203Z",1779379193.24431,1779379196.8892,0.000527,0.000607,0.000642,3.626586,3.626624,3.625944,3.79999999999825e-05,3.6197,0.0251931694030763
"2026-05-21T15:59:57.080Z","run_bootstrap",133,"http://client3:8000","run","http://client3:8000/run",1,TRUE,200,1107,252,3.83063745498657,"2026-05-21T15:59:53.245913Z","2026-05-21T15:59:57.076551Z",1779379193.24591,1779379197.07655,0.000446,0.000519,0.000545,3.814808,3.814831,3.814263,2.29999999996622e-05,3.8081,0.0225374549865722
"2026-05-21T16:00:00.860Z","run_bootstrap",134,"http://client1:8000","run","http://client1:8000/run",1,TRUE,200,1107,249,3.75773596763611,"2026-05-21T15:59:57.095469Z","2026-05-21T16:00:00.853205Z",1779379197.09547,1779379200.85321,0.000651,0.000793,0.000831,3.738439,3.738577,3.737608,0.000137999999999749,3.7298,0.0279359676361084
"2026-05-21T16:00:00.860Z","run_bootstrap",134,"http://client2:8000","run","http://client2:8000/run",1,TRUE,200,1107,253,3.52466988563538,"2026-05-21T15:59:57.096272Z","2026-05-21T16:00:00.620942Z",1779379197.09627,1779379200.62094,0.000606,0.000747,0.000785,3.506028,3.506174,3.505243,0.000145999999999979,3.4977,0.0269698856353759
"2026-05-21T16:00:00.860Z","run_bootstrap",134,"http://client3:8000","run","http://client3:8000/run",1,TRUE,200,1107,252,3.61958312988281,"2026-05-21T15:59:57.095563Z","2026-05-21T16:00:00.715146Z",1779379197.09556,1779379200.71515,0.000632,0.000739,0.000774,3.605835,3.60595,3.605061,0.000115000000000087,3.5986,0.0209831298828127
"2026-05-21T16:00:04.781Z","run_bootstrap",135,"http://client1:8000","run","http://client1:8000/run",1,TRUE,200,1106,254,3.90577363967896,"2026-05-21T16:00:00.870957Z","2026-05-21T16:00:04.776730Z",1779379200.87096,1779379204.77673,0.000659,0.000761,0.000796,3.892093,3.892223,3.891297,0.000129999999999963,3.8834,0.0223736396789551
"2026-05-21T16:00:04.781Z","run_bootstrap",135,"http://client2:8000","run","http://client2:8000/run",1,TRUE,200,1106,251,3.89410090446472,"2026-05-21T16:00:00.872627Z","2026-05-21T16:00:04.766727Z",1779379200.87263,1779379204.76673,0.000497,0.000585,0.000617,3.874245,3.874354,3.873628,0.000108999999999693,3.8671,0.0270009044647215
"2026-05-21T16:00:04.781Z","run_bootstrap",135,"http://client3:8000","run","http://client3:8000/run",1,TRUE,200,1106,253,3.62965106964111,"2026-05-21T16:00:00.872566Z","2026-05-21T16:00:04.502217Z",1779379200.87257,1779379204.50222,0.000561,0.000673,0.000708,3.616071,3.616187,3.615363,0.000116000000000227,3.6007,0.0289510696411135
"2026-05-21T16:00:08.715Z","run_bootstrap",136,"http://client1:8000","run","http://client1:8000/run",1,TRUE,200,1106,254,3.91763257980347,"2026-05-21T16:00:04.792887Z","2026-05-21T16:00:08.710520Z",1779379204.79289,1779379208.71052,0.00062,0.000755,0.000795,3.902863,3.902999,3.902068,0.000135999999999914,3.8949,0.022732579803467
"2026-05-21T16:00:08.715Z","run_bootstrap",136,"http://client2:8000","run","http://client2:8000/run",1,TRUE,200,1106,251,3.60612869262695,"2026-05-21T16:00:04.794241Z","2026-05-21T16:00:08.400370Z",1779379204.79424,1779379208.40037,0.000803,0.000887,0.000912,3.591734,3.592036,3.590822,0.00030199999999958,3.5842,0.0219286926269531
"2026-05-21T16:00:08.715Z","run_bootstrap",136,"http://client3:8000","run","http://client3:8000/run",1,TRUE,200,1106,253,3.67290329933167,"2026-05-21T16:00:04.794924Z","2026-05-21T16:00:08.467827Z",1779379204.79492,1779379208.46783,0.000529,0.000605,0.000639,3.657992,3.658132,3.657353,0.000140000000000029,3.6473,0.0256032993316651
"2026-05-21T16:00:12.664Z","run_bootstrap",137,"http://client1:8000","run","http://client1:8000/run",1,TRUE,200,1107,254,3.92873239517212,"2026-05-21T16:00:08.727999Z","2026-05-21T16:00:12.656732Z",1779379208.728,1779379212.65673,0.000557,0.000687,0.00073,3.91182,3.911935,3.91109,0.000115000000000087,3.9041,0.024632395172119
"2026-05-21T16:00:12.664Z","run_bootstrap",137,"http://client2:8000","run","http://client2:8000/run",1,TRUE,200,1107,254,3.73974061012268,"2026-05-21T16:00:08.728789Z","2026-05-21T16:00:12.468530Z",1779379208.72879,1779379212.46853,0.000615,0.000716,0.000768,3.723043,3.723182,3.722275,0.000138999999999889,3.7158,0.0239406101226805
"2026-05-21T16:00:12.664Z","run_bootstrap",137,"http://client3:8000","run","http://client3:8000/run",1,TRUE,200,1107,253,3.48636651039124,"2026-05-21T16:00:08.729382Z","2026-05-21T16:00:12.215748Z",1779379208.72938,1779379212.21575,0.000694,0.000776,0.000812,3.470757,3.470857,3.469945,0.000100000000000211,3.4598,0.0265665103912354
"2026-05-21T16:00:16.597Z","run_bootstrap",138,"http://client1:8000","run","http://client1:8000/run",1,TRUE,200,1107,254,3.5377197265625,"2026-05-21T16:00:12.683880Z","2026-05-21T16:00:16.221599Z",1779379212.68388,1779379216.2216,0.000544,0.000667,0.000706,3.516246,3.516321,3.51554,7.49999999998252e-05,3.5086,0.0291197265625001
"2026-05-21T16:00:16.597Z","run_bootstrap",138,"http://client2:8000","run","http://client2:8000/run",1,TRUE,200,1107,254,3.90858435630798,"2026-05-21T16:00:12.684400Z","2026-05-21T16:00:16.592984Z",1779379212.6844,1779379216.59298,0.000532,0.000621,0.00065,3.88403,3.884062,3.88338,3.2000000000032e-05,3.8753,0.0332843563079832
"2026-05-21T16:00:16.597Z","run_bootstrap",138,"http://client3:8000","run","http://client3:8000/run",1,TRUE,200,1107,253,3.71145486831665,"2026-05-21T16:00:12.684997Z","2026-05-21T16:00:16.396452Z",1779379212.685,1779379216.39645,0.000575,0.000662,0.000704,3.686783,3.686818,3.686079,3.50000000000072e-05,3.6786,0.0328548683166505
"2026-05-21T16:00:20.486Z","run_bootstrap",139,"http://client1:8000","run","http://client1:8000/run",1,TRUE,200,1108,255,3.66135239601135,"2026-05-21T16:00:16.611287Z","2026-05-21T16:00:20.272639Z",1779379216.61129,1779379220.27264,0.000562,0.00068,0.000721,3.643092,3.643242,3.642371,0.00014999999999965,3.6352,0.0261523960113523
"2026-05-21T16:00:20.486Z","run_bootstrap",139,"http://client2:8000","run","http://client2:8000/run",1,TRUE,200,1108,252,3.62318444252014,"2026-05-21T16:00:16.611986Z","2026-05-21T16:00:20.235171Z",1779379216.61199,1779379220.23517,0.000527,0.000663,0.000706,3.605256,3.605358,3.60455,0.000102000000000046,3.598,0.0251844425201417
"2026-05-21T16:00:20.486Z","run_bootstrap",139,"http://client3:8000","run","http://client3:8000/run",1,TRUE,200,1108,253,3.86611413955688,"2026-05-21T16:00:16.612674Z","2026-05-21T16:00:20.478788Z",1779379216.61267,1779379220.47879,0.000541,0.000662,0.000703,3.848919,3.849074,3.848216,0.000154999999999905,3.8406,0.025514139556885
"2026-05-21T16:00:24.643Z","run_bootstrap",140,"http://client1:8000","run","http://client1:8000/run",1,TRUE,200,1108,255,4.14069247245789,"2026-05-21T16:00:20.498533Z","2026-05-21T16:00:24.639226Z",1779379220.49853,1779379224.63923,0.000694,0.000812,0.00085,4.127619,4.127762,4.126769,0.00014299999999956,3.9616,0.179092472457886
"2026-05-21T16:00:24.643Z","run_bootstrap",140,"http://client2:8000","run","http://client2:8000/run",1,TRUE,200,1108,252,3.80457973480225,"2026-05-21T16:00:20.499295Z","2026-05-21T16:00:24.303875Z",1779379220.4993,1779379224.30388,0.000686,0.000817,0.000864,3.783817,3.783966,3.782953,0.000148999999999955,3.608,0.196579734802246
"2026-05-21T16:00:24.643Z","run_bootstrap",140,"http://client3:8000","run","http://client3:8000/run",1,TRUE,200,1108,253,3.81737279891968,"2026-05-21T16:00:20.499815Z","2026-05-21T16:00:24.317188Z",1779379220.49982,1779379224.31719,0.000594,0.000714,0.000755,3.799304,3.799415,3.798549,0.000111000000000416,3.6337,0.183672798919678
"2026-05-21T16:00:28.369Z","run_bootstrap",141,"http://client1:8000","run","http://client1:8000/run",1,TRUE,200,1105,254,3.45867705345154,"2026-05-21T16:00:24.655758Z","2026-05-21T16:00:28.114435Z",1779379224.65576,1779379228.11444,0.000683,0.000824,0.000865,3.436508,3.436655,3.435643,0.000147000000000119,3.429,0.0296770534515383
"2026-05-21T16:00:28.369Z","run_bootstrap",141,"http://client2:8000","run","http://client2:8000/run",1,TRUE,200,1105,253,3.52079319953918,"2026-05-21T16:00:24.656317Z","2026-05-21T16:00:28.177110Z",1779379224.65632,1779379228.17711,0.000525,0.000597,0.000653,3.498718,3.498879,3.498065,0.000160999999999856,3.4919,0.0288931995391848
"2026-05-21T16:00:28.369Z","run_bootstrap",141,"http://client3:8000","run","http://client3:8000/run",1,TRUE,200,1105,253,3.70512628555298,"2026-05-21T16:00:24.656878Z","2026-05-21T16:00:28.362004Z",1779379224.65688,1779379228.362,0.000351,0.000448,0.000481,3.68379,3.683929,3.683309,0.000138999999999889,3.6769,0.0282262855529787
"2026-05-21T16:00:32.131Z","run_bootstrap",142,"http://client1:8000","run","http://client1:8000/run",1,TRUE,200,1105,255,3.48631358146667,"2026-05-21T16:00:28.388253Z","2026-05-21T16:00:31.874567Z",1779379228.38825,1779379231.87457,0.000516,0.000597,0.000631,3.463865,3.463962,3.463234,9.69999999997917e-05,3.4561,0.0302135814666746
"2026-05-21T16:00:32.131Z","run_bootstrap",142,"http://client2:8000","run","http://client2:8000/run",1,TRUE,200,1105,253,3.61111211776733,"2026-05-21T16:00:28.387870Z","2026-05-21T16:00:31.998982Z",1779379228.38787,1779379231.99898,0.000574,0.000654,0.000681,3.596447,3.596663,3.595766,0.000215999999999994,3.5892,0.021912117767334
"2026-05-21T16:00:32.131Z","run_bootstrap",142,"http://client3:8000","run","http://client3:8000/run",1,TRUE,200,1105,253,3.73894286155701,"2026-05-21T16:00:28.387841Z","2026-05-21T16:00:32.126784Z",1779379228.38784,1779379232.12678,0.000619,0.000674,0.000693,3.724296,3.72442,3.723603,0.000124000000000013,3.7174,0.0215428615570068
"2026-05-21T16:00:35.903Z","run_bootstrap",143,"http://client1:8000","run","http://client1:8000/run",1,TRUE,200,1108,255,3.47740387916565,"2026-05-21T16:00:32.146517Z","2026-05-21T16:00:35.623921Z",1779379232.14652,1779379235.62392,0.00045,0.000529,0.000552,3.462171,3.462267,3.461619,9.6000000000096e-05,3.4551,0.0223038791656496
"2026-05-21T16:00:35.903Z","run_bootstrap",143,"http://client2:8000","run","http://client2:8000/run",1,TRUE,200,1108,253,3.58080673217773,"2026-05-21T16:00:32.147181Z","2026-05-21T16:00:35.727988Z",1779379232.14718,1779379235.72799,0.000496,0.000548,0.00058,3.566075,3.566234,3.565495,0.00015900000000002,3.5575,0.0233067321777343
"2026-05-21T16:00:35.903Z","run_bootstrap",143,"http://client3:8000","run","http://client3:8000/run",1,TRUE,200,1108,253,3.75027942657471,"2026-05-21T16:00:32.147778Z","2026-05-21T16:00:35.898057Z",1779379232.14778,1779379235.89806,0.000782,0.000843,0.000863,3.729207,3.729362,3.728344,0.000154999999999905,3.7221,0.0281794265747068
"2026-05-21T16:00:39.506Z","run_bootstrap",144,"http://client1:8000","run","http://client1:8000/run",1,TRUE,200,1108,255,3.57472348213196,"2026-05-21T16:00:35.915730Z","2026-05-21T16:00:39.490454Z",1779379235.91573,1779379239.49045,0.000595,0.00067,0.000693,3.553859,3.553883,3.553166,2.3999999999802e-05,3.5466,0.0281234821319578
"2026-05-21T16:00:39.506Z","run_bootstrap",144,"http://client2:8000","run","http://client2:8000/run",1,TRUE,200,1108,253,3.58612370491028,"2026-05-21T16:00:35.916397Z","2026-05-21T16:00:39.502521Z",1779379235.9164,1779379239.50252,0.000682,0.000763,0.000799,3.565407,3.56544,3.564608,3.30000000001718e-05,3.5581,0.0280237049102783
"2026-05-21T16:00:39.506Z","run_bootstrap",144,"http://client3:8000","run","http://client3:8000/run",1,TRUE,200,1108,253,3.58141160011292,"2026-05-21T16:00:35.917017Z","2026-05-21T16:00:39.498429Z",1779379235.91702,1779379239.49843,0.000675,0.000733,0.000754,3.561814,3.561846,3.56106,3.2000000000032e-05,3.5548,0.0266116001129149
"2026-05-21T16:00:43.322Z","run_bootstrap",145,"http://client1:8000","run","http://client1:8000/run",1,TRUE,200,1108,255,3.79506373405457,"2026-05-21T16:00:39.521557Z","2026-05-21T16:00:43.316620Z",1779379239.52156,1779379243.31662,0.000686,0.000795,0.000829,3.780807,3.780921,3.779978,0.000114000000000392,3.7734,0.0216637340545653
"2026-05-21T16:00:43.322Z","run_bootstrap",145,"http://client2:8000","run","http://client2:8000/run",1,TRUE,200,1108,253,3.48257255554199,"2026-05-21T16:00:39.522214Z","2026-05-21T16:00:43.004786Z",1779379239.52221,1779379243.00479,0.000636,0.000756,0.000809,3.46709,3.467185,3.466281,9.50000000004003e-05,3.4601,0.022472555541992
"2026-05-21T16:00:43.322Z","run_bootstrap",145,"http://client3:8000","run","http://client3:8000/run",1,TRUE,200,1108,253,3.78848743438721,"2026-05-21T16:00:39.522961Z","2026-05-21T16:00:43.311448Z",1779379239.52296,1779379243.31145,0.000553,0.000671,0.000707,3.769604,3.769706,3.768897,0.000101999999999602,3.7619,0.0265874343872072
"2026-05-21T16:00:46.967Z","run_bootstrap",146,"http://client1:8000","run","http://client1:8000/run",1,TRUE,200,1108,255,3.57084274291992,"2026-05-21T16:00:43.334254Z","2026-05-21T16:00:46.905097Z",1779379243.33425,1779379246.9051,0.000807,0.000888,0.000925,3.549817,3.550004,3.548892,0.000186999999999937,3.5368,0.0340427429199219
"2026-05-21T16:00:46.967Z","run_bootstrap",146,"http://client2:8000","run","http://client2:8000/run",1,TRUE,200,1108,253,3.60985565185547,"2026-05-21T16:00:43.333851Z","2026-05-21T16:00:46.943706Z",1779379243.33385,1779379246.94371,0.000683,0.000783,0.000823,3.596058,3.596196,3.595235,0.000137999999999749,3.5892,0.0206556518554688
"2026-05-21T16:00:46.967Z","run_bootstrap",146,"http://client3:8000","run","http://client3:8000/run",1,TRUE,200,1108,253,3.62483906745911,"2026-05-21T16:00:43.335198Z","2026-05-21T16:00:46.960037Z",1779379243.3352,1779379246.96004,0.000525,0.000611,0.000647,3.604093,3.604238,3.603446,0.00014499999999984,3.5955,0.0293390674591065
"2026-05-21T16:00:50.633Z","run_bootstrap",147,"http://client1:8000","run","http://client1:8000/run",1,TRUE,200,1108,255,3.58731293678284,"2026-05-21T16:00:46.979188Z","2026-05-21T16:00:50.566501Z",1779379246.97919,1779379250.5665,7e-04,0.000759,0.000783,3.573346,3.573485,3.572563,0.000138999999999889,3.5661,0.0212129367828369
"2026-05-21T16:00:50.633Z","run_bootstrap",147,"http://client2:8000","run","http://client2:8000/run",1,TRUE,200,1108,253,3.64918398857117,"2026-05-21T16:00:46.979513Z","2026-05-21T16:00:50.628697Z",1779379246.97951,1779379250.6287,0.000457,0.000558,0.000599,3.635328,3.635475,3.634729,0.000147000000000119,3.6284,0.0207839885711669
"2026-05-21T16:00:50.633Z","run_bootstrap",147,"http://client3:8000","run","http://client3:8000/run",1,TRUE,200,1108,253,3.55793833732605,"2026-05-21T16:00:46.978633Z","2026-05-21T16:00:50.536572Z",1779379246.97863,1779379250.53657,0.000732,0.000855,0.000906,3.544057,3.544194,3.543151,0.000137000000000054,3.5366,0.0213383373260498
"2026-05-21T16:00:54.293Z","run_bootstrap",148,"http://client1:8000","run","http://client1:8000/run",1,TRUE,200,1108,255,3.5408308506012,"2026-05-21T16:00:50.646927Z","2026-05-21T16:00:54.187758Z",1779379250.64693,1779379254.18776,0.000676,0.000744,0.000766,3.522866,3.523017,3.5221,0.00015099999999979,3.5141,0.0267308506011963
"2026-05-21T16:00:54.293Z","run_bootstrap",148,"http://client2:8000","run","http://client2:8000/run",1,TRUE,200,1108,253,3.478440284729,"2026-05-21T16:00:50.647348Z","2026-05-21T16:00:54.125789Z",1779379250.64735,1779379254.12579,0.000736,0.000854,0.000896,3.4601,3.460264,3.459204,0.000163999999999831,3.4517,0.0267402847290037
"2026-05-21T16:00:54.293Z","run_bootstrap",148,"http://client3:8000","run","http://client3:8000/run",1,TRUE,200,1108,253,3.64229083061218,"2026-05-21T16:00:50.646663Z","2026-05-21T16:00:54.288954Z",1779379250.64666,1779379254.28895,0.000616,0.000728,0.000788,3.627858,3.628008,3.62707,0.000150000000000095,3.6206,0.0216908306121826
"2026-05-21T16:00:57.981Z","run_bootstrap",149,"http://client1:8000","run","http://client1:8000/run",1,TRUE,200,1108,255,3.64476919174194,"2026-05-21T16:00:54.306204Z","2026-05-21T16:00:57.950973Z",1779379254.3062,1779379257.95097,0.000588,0.000648,0.000671,3.629399,3.629557,3.628728,0.000158000000000325,3.6211,0.0236691917419432
"2026-05-21T16:00:57.981Z","run_bootstrap",149,"http://client2:8000","run","http://client2:8000/run",1,TRUE,200,1108,253,3.49425601959229,"2026-05-21T16:00:54.306762Z","2026-05-21T16:00:57.801018Z",1779379254.30676,1779379257.80102,0.000556,0.000633,0.000668,3.473758,3.473896,3.47309,0.000137999999999749,3.4657,0.0285560195922852
"2026-05-21T16:00:57.981Z","run_bootstrap",149,"http://client3:8000","run","http://client3:8000/run",1,TRUE,200,1108,253,3.66501927375793,"2026-05-21T16:00:54.307296Z","2026-05-21T16:00:57.972315Z",1779379254.3073,1779379257.97232,0.000523,0.000599,0.000625,3.6508,3.650919,3.650175,0.000119000000000202,3.6433,0.0217192737579346
"2026-05-21T16:01:01.810Z","run_bootstrap",150,"http://client1:8000","run","http://client1:8000/run",1,TRUE,200,1108,255,3.80848383903503,"2026-05-21T16:00:57.994810Z","2026-05-21T16:01:01.803293Z",1779379257.99481,1779379261.80329,0.000706,0.000809,0.000844,3.794769,3.794902,3.793925,0.000132999999999939,3.7872,0.0212838390350343
"2026-05-21T16:01:01.810Z","run_bootstrap",150,"http://client2:8000","run","http://client2:8000/run",1,TRUE,200,1108,253,3.51600694656372,"2026-05-21T16:00:57.996499Z","2026-05-21T16:01:01.512506Z",1779379257.9965,1779379261.51251,0.000723,0.000835,0.000871,3.500305,3.500452,3.499434,0.000147000000000119,3.4932,0.0228069465637208
"2026-05-21T16:01:01.810Z","run_bootstrap",150,"http://client3:8000","run","http://client3:8000/run",1,TRUE,200,1108,253,3.53224205970764,"2026-05-21T16:00:57.996038Z","2026-05-21T16:01:01.528280Z",1779379257.99604,1779379261.52828,0.000703,0.000818,0.000854,3.518717,3.518845,3.517863,0.000127999999999684,3.5113,0.0209420597076417
"2026-05-21T16:01:05.499Z","run_bootstrap",151,"http://client1:8000","run","http://client1:8000/run",1,TRUE,200,1108,255,3.67385053634644,"2026-05-21T16:01:01.820791Z","2026-05-21T16:01:05.494642Z",1779379261.82079,1779379265.49464,0.00068,0.000806,0.000842,3.660443,3.660591,3.659601,0.000148000000000259,3.6529,0.0209505363464357
"2026-05-21T16:01:05.499Z","run_bootstrap",151,"http://client2:8000","run","http://client2:8000/run",1,TRUE,200,1108,253,3.55956768989563,"2026-05-21T16:01:01.822315Z","2026-05-21T16:01:05.381883Z",1779379261.82232,1779379265.38188,0.000807,0.000873,0.000894,3.537538,3.537707,3.536644,0.000169000000000086,3.5303,0.0292676898956299
"2026-05-21T16:01:05.499Z","run_bootstrap",151,"http://client3:8000","run","http://client3:8000/run",1,TRUE,200,1108,253,3.63336038589478,"2026-05-21T16:01:01.822755Z","2026-05-21T16:01:05.456115Z",1779379261.82276,1779379265.45612,0.000667,0.000761,0.000796,3.611621,3.611779,3.610825,0.00015799999999988,3.6044,0.0289603858947753
"2026-05-21T16:01:09.499Z","run_bootstrap",152,"http://client1:8000","run","http://client1:8000/run",1,TRUE,200,1108,255,3.95442414283752,"2026-05-21T16:01:05.511280Z","2026-05-21T16:01:09.465704Z",1779379265.51128,1779379269.4657,0.000514,0.000624,0.000664,3.934558,3.934698,3.933894,0.000140000000000029,3.9263,0.0281241428375245
"2026-05-21T16:01:09.499Z","run_bootstrap",152,"http://client2:8000","run","http://client2:8000/run",1,TRUE,200,1108,252,3.52305006980896,"2026-05-21T16:01:05.512106Z","2026-05-21T16:01:09.035156Z",1779379265.51211,1779379269.03516,0.000685,0.000797,0.000839,3.505235,3.505342,3.504396,0.000107000000000301,3.496,0.02705006980896
"2026-05-21T16:01:09.499Z","run_bootstrap",152,"http://client3:8000","run","http://client3:8000/run",1,TRUE,200,1108,252,3.98175930976868,"2026-05-21T16:01:05.512684Z","2026-05-21T16:01:09.494443Z",1779379265.51268,1779379269.49444,0.000497,0.00061,0.00065,3.964172,3.964291,3.963522,0.000118999999999758,3.957,0.0247593097686769
"2026-05-21T16:01:13.389Z","run_bootstrap",153,"http://client1:8000","run","http://client1:8000/run",1,TRUE,200,1107,255,3.87261176109314,"2026-05-21T16:01:09.512201Z","2026-05-21T16:01:13.384812Z",1779379269.5122,1779379273.38481,0.000538,0.000643,0.00068,3.854302,3.854436,3.853622,0.000134000000000079,3.8472,0.0254117610931397
"2026-05-21T16:01:13.389Z","run_bootstrap",153,"http://client2:8000","run","http://client2:8000/run",1,TRUE,200,1107,252,3.52603387832642,"2026-05-21T16:01:09.512920Z","2026-05-21T16:01:13.038954Z",1779379269.51292,1779379273.03895,0.000538,0.00063,0.000662,3.503409,3.50356,3.502747,0.00015099999999979,3.493,0.0330338783264161
"2026-05-21T16:01:13.389Z","run_bootstrap",153,"http://client3:8000","run","http://client3:8000/run",1,TRUE,200,1107,253,3.83216977119446,"2026-05-21T16:01:09.513462Z","2026-05-21T16:01:13.345631Z",1779379269.51346,1779379273.34563,0.000434,0.000503,0.000534,3.810167,3.810361,3.809633,0.000194000000000027,3.8023,0.0298697711944582
"2026-05-21T16:01:17.358Z","run_bootstrap",154,"http://client1:8000","run","http://client1:8000/run",1,TRUE,200,1107,255,3.84873914718628,"2026-05-21T16:01:13.402930Z","2026-05-21T16:01:17.251669Z",1779379273.40293,1779379277.25167,0.000418,0.00051,0.000548,3.830601,3.830747,3.830053,0.000145999999999979,3.8222,0.0265391471862793
"2026-05-21T16:01:17.358Z","run_bootstrap",154,"http://client2:8000","run","http://client2:8000/run",1,TRUE,200,1107,253,3.74789714813232,"2026-05-21T16:01:13.403797Z","2026-05-21T16:01:17.151694Z",1779379273.4038,1779379277.15169,0.000406,0.000505,0.000546,3.730645,3.730779,3.730099,0.000134000000000079,3.7215,0.0263971481323244
"2026-05-21T16:01:17.358Z","run_bootstrap",154,"http://client3:8000","run","http://client3:8000/run",1,TRUE,200,1107,253,3.94587969779968,"2026-05-21T16:01:13.404334Z","2026-05-21T16:01:17.350214Z",1779379273.40433,1779379277.35021,0.000779,0.000894,0.000932,3.930098,3.930249,3.929166,0.00015099999999979,3.9102,0.0356796977996825
"2026-05-21T16:01:21.393Z","run_bootstrap",155,"http://client1:8000","run","http://client1:8000/run",1,TRUE,200,1106,255,4.01449203491211,"2026-05-21T16:01:17.374532Z","2026-05-21T16:01:21.389024Z",1779379277.37453,1779379281.38902,0.000629,0.000737,0.000772,3.996399,3.996427,3.995627,2.80000000003611e-05,3.9887,0.0257920349121092
"2026-05-21T16:01:21.393Z","run_bootstrap",155,"http://client2:8000","run","http://client2:8000/run",1,TRUE,200,1106,253,3.94263195991516,"2026-05-21T16:01:17.376977Z","2026-05-21T16:01:21.319609Z",1779379277.37698,1779379281.31961,0.000548,0.000634,0.00067,3.926365,3.926397,3.925695,3.2000000000032e-05,3.9191,0.0235319599151613
"2026-05-21T16:01:21.393Z","run_bootstrap",155,"http://client3:8000","run","http://client3:8000/run",1,TRUE,200,1106,253,3.88666439056396,"2026-05-21T16:01:17.376147Z","2026-05-21T16:01:21.262811Z",1779379277.37615,1779379281.26281,0.000545,0.000636,0.000672,3.86904,3.869072,3.868368,3.2000000000032e-05,3.8605,0.0261643905639648
"2026-05-21T16:01:25.306Z","run_bootstrap",156,"http://client1:8000","run","http://client1:8000/run",1,TRUE,200,1106,253,3.81405091285706,"2026-05-21T16:01:21.407901Z","2026-05-21T16:01:25.221952Z",1779379281.4079,1779379285.22195,0.000486,0.000564,0.000597,3.798201,3.798322,3.797604,0.000121000000000038,3.79,0.0240509128570556
"2026-05-21T16:01:25.306Z","run_bootstrap",156,"http://client2:8000","run","http://client2:8000/run",1,TRUE,200,1106,253,3.64025974273682,"2026-05-21T16:01:21.408243Z","2026-05-21T16:01:25.048503Z",1779379281.40824,1779379285.0485,0.000825,0.000954,0.000992,3.626642,3.626786,3.62565,0.000144000000000144,3.6156,0.0246597427368163
"2026-05-21T16:01:25.306Z","run_bootstrap",156,"http://client3:8000","run","http://client3:8000/run",1,TRUE,200,1106,253,3.89083123207092,"2026-05-21T16:01:21.407896Z","2026-05-21T16:01:25.298727Z",1779379281.4079,1779379285.29873,0.000835,0.000942,0.000981,3.876708,3.876846,3.875727,0.000138000000000194,3.8691,0.0217312320709229
"2026-05-21T16:01:29.120Z","run_bootstrap",157,"http://client1:8000","run","http://client1:8000/run",1,TRUE,200,1108,255,3.56109809875488,"2026-05-21T16:01:25.317536Z","2026-05-21T16:01:28.878634Z",1779379285.31754,1779379288.87863,0.000512,0.000615,0.000649,3.541479,3.541609,3.54083,0.000129999999999963,3.5341,0.0269980987548828
"2026-05-21T16:01:29.120Z","run_bootstrap",157,"http://client2:8000","run","http://client2:8000/run",1,TRUE,200,1108,253,3.7951123714447,"2026-05-21T16:01:25.317994Z","2026-05-21T16:01:29.113106Z",1779379285.31799,1779379289.11311,0.00059,0.000671,0.000703,3.776542,3.776674,3.775839,0.000131999999999799,3.7684,0.026712371444702
"2026-05-21T16:01:29.120Z","run_bootstrap",157,"http://client3:8000","run","http://client3:8000/run",1,TRUE,200,1108,253,3.68749785423279,"2026-05-21T16:01:25.317229Z","2026-05-21T16:01:29.004727Z",1779379285.31723,1779379289.00473,0.000822,0.000908,0.000931,3.673597,3.673698,3.672666,0.000100999999999907,3.6657,0.0217978542327879
"2026-05-21T16:01:32.868Z","run_bootstrap",158,"http://client1:8000","run","http://client1:8000/run",1,TRUE,200,1108,255,3.51391077041626,"2026-05-21T16:01:29.134157Z","2026-05-21T16:01:32.648068Z",1779379289.13416,1779379292.64807,0.00068,0.000784,0.000825,3.499309,3.499412,3.498484,0.000103000000000186,3.4916,0.0223107704162597
"2026-05-21T16:01:32.868Z","run_bootstrap",158,"http://client2:8000","run","http://client2:8000/run",1,TRUE,200,1108,253,3.64993643760681,"2026-05-21T16:01:29.134485Z","2026-05-21T16:01:32.784421Z",1779379289.13449,1779379292.78442,0.000493,0.000603,0.000653,3.632038,3.632178,3.631385,0.000140000000000029,3.6253,0.0246364376068113
"2026-05-21T16:01:32.868Z","run_bootstrap",158,"http://client3:8000","run","http://client3:8000/run",1,TRUE,200,1108,253,3.7287323474884,"2026-05-21T16:01:29.135041Z","2026-05-21T16:01:32.863773Z",1779379289.13504,1779379292.86377,0.000679,0.000796,0.000839,3.712611,3.71276,3.711772,0.000148999999999955,3.7056,0.0231323474884033
"2026-05-21T16:01:36.597Z","run_bootstrap",159,"http://client1:8000","run","http://client1:8000/run",1,TRUE,200,1108,255,3.29308557510376,"2026-05-21T16:01:32.881096Z","2026-05-21T16:01:36.174182Z",1779379292.8811,1779379296.17418,0.000552,0.000663,7e-04,3.273516,3.273649,3.272816,0.000132999999999939,3.2654,0.0276855751037597
"2026-05-21T16:01:36.597Z","run_bootstrap",159,"http://client2:8000","run","http://client2:8000/run",1,TRUE,200,1108,253,3.50204253196716,"2026-05-21T16:01:32.880563Z","2026-05-21T16:01:36.382606Z",1779379292.88056,1779379296.38261,0.000682,0.000789,0.000822,3.488019,3.488167,3.487197,0.000147999999999815,3.4808,0.0212425319671632
"2026-05-21T16:01:36.597Z","run_bootstrap",159,"http://client3:8000","run","http://client3:8000/run",1,TRUE,200,1108,253,3.70711755752563,"2026-05-21T16:01:32.882524Z","2026-05-21T16:01:36.589642Z",1779379292.88252,1779379296.58964,0.000612,0.000753,0.000788,3.689703,3.68986,3.688915,0.000156999999999741,3.6826,0.0245175575256349
"2026-05-21T16:01:40.343Z","run_bootstrap",160,"http://client1:8000","run","http://client1:8000/run",1,TRUE,200,1108,255,3.71905922889709,"2026-05-21T16:01:36.616500Z","2026-05-21T16:01:40.335559Z",1779379296.6165,1779379300.33556,0.000712,0.000768,0.000792,3.700245,3.700368,3.699453,0.000123000000000317,3.5491,0.169959228897095
"2026-05-21T16:01:40.343Z","run_bootstrap",160,"http://client2:8000","run","http://client2:8000/run",1,TRUE,200,1108,253,3.70360088348389,"2026-05-21T16:01:36.617009Z","2026-05-21T16:01:40.320610Z",1779379296.61701,1779379300.32061,0.00051,0.000597,0.000633,3.682262,3.682392,3.681629,0.000129999999999963,3.5255,0.178100883483887
"2026-05-21T16:01:40.343Z","run_bootstrap",160,"http://client3:8000","run","http://client3:8000/run",1,TRUE,200,1108,253,3.57673835754395,"2026-05-21T16:01:36.617364Z","2026-05-21T16:01:40.194102Z",1779379296.61736,1779379300.1941,0.000639,0.000728,0.000757,3.558749,3.558868,3.557992,0.000118999999999758,3.4014,0.175338357543945
"2026-05-21T16:01:44.094Z","run_bootstrap",161,"http://client1:8000","run","http://client1:8000/run",1,TRUE,200,1107,258,3.68685865402222,"2026-05-21T16:01:40.403257Z","2026-05-21T16:01:44.090116Z",1779379300.40326,1779379304.09012,0.000579,0.000646,0.000665,3.673803,3.673926,3.673138,0.000122999999999873,3.6666,0.0202586540222169
"2026-05-21T16:01:44.094Z","run_bootstrap",161,"http://client2:8000","run","http://client2:8000/run",1,TRUE,200,1107,258,3.60938215255737,"2026-05-21T16:01:40.404284Z","2026-05-21T16:01:44.013666Z",1779379300.40428,1779379304.01367,0.000496,0.000583,0.000608,3.596763,3.596876,3.596155,0.000112999999999808,3.5892,0.0201821525573731
"2026-05-21T16:01:44.094Z","run_bootstrap",161,"http://client3:8000","run","http://client3:8000/run",1,TRUE,200,1107,252,3.41795349121094,"2026-05-21T16:01:40.405166Z","2026-05-21T16:01:43.823120Z",1779379300.40517,1779379303.82312,0.000625,0.000709,0.000739,3.405965,3.406101,3.405226,0.000135999999999914,3.399,0.0189534912109375
"2026-05-21T16:01:47.643Z","run_bootstrap",162,"http://client1:8000","run","http://client1:8000/run",1,TRUE,200,1107,258,3.53047370910645,"2026-05-21T16:01:44.105848Z","2026-05-21T16:01:47.636322Z",1779379304.10585,1779379307.63632,0.000694,0.000801,0.000837,3.516192,3.516334,3.515355,0.000141999999999864,3.5085,0.0219737091064451
"2026-05-21T16:01:47.643Z","run_bootstrap",162,"http://client2:8000","run","http://client2:8000/run",1,TRUE,200,1107,258,3.31961727142334,"2026-05-21T16:01:44.106831Z","2026-05-21T16:01:47.426448Z",1779379304.10683,1779379307.42645,0.00077,0.000876,0.000912,3.306421,3.30657,3.305509,0.000148999999999955,3.2967,0.0229172714233399
"2026-05-21T16:01:47.643Z","run_bootstrap",162,"http://client3:8000","run","http://client3:8000/run",1,TRUE,200,1107,253,3.51005458831787,"2026-05-21T16:01:44.108552Z","2026-05-21T16:01:47.618607Z",1779379304.10855,1779379307.61861,0.000716,0.000832,0.000868,3.496711,3.496849,3.495843,0.000138000000000194,3.4896,0.0204545883178713
"2026-05-21T16:01:51.498Z","run_bootstrap",163,"http://client1:8000","run","http://client1:8000/run",1,TRUE,200,1109,264,3.83479428291321,"2026-05-21T16:01:47.655920Z","2026-05-21T16:01:51.490715Z",1779379307.65592,1779379311.49072,0.000573,0.000649,0.000679,3.816659,3.816762,3.81598,0.000103000000000186,3.8096,0.0251942829132079
"2026-05-21T16:01:51.498Z","run_bootstrap",163,"http://client2:8000","run","http://client2:8000/run",1,TRUE,200,1109,262,3.52671241760254,"2026-05-21T16:01:47.656462Z","2026-05-21T16:01:51.183174Z",1779379307.65646,1779379311.18317,0.000521,0.000626,0.000664,3.506398,3.506538,3.505734,0.000140000000000029,3.4993,0.0274124176025392
"2026-05-21T16:01:51.498Z","run_bootstrap",163,"http://client3:8000","run","http://client3:8000/run",1,TRUE,200,1109,262,3.83260560035706,"2026-05-21T16:01:47.656827Z","2026-05-21T16:01:51.489433Z",1779379307.65683,1779379311.48943,0.000692,0.000776,0.000798,3.818943,3.819066,3.818145,0.000122999999999873,3.812,0.0206056003570558
"2026-05-21T16:01:55.382Z","run_bootstrap",164,"http://client1:8000","run","http://client1:8000/run",1,TRUE,200,1109,264,3.86485028266907,"2026-05-21T16:01:51.512699Z","2026-05-21T16:01:55.377549Z",1779379311.5127,1779379315.37755,0.000518,0.000596,0.000628,3.849433,3.849545,3.848805,0.000112000000000112,3.8419,0.0229502826690675
"2026-05-21T16:01:55.382Z","run_bootstrap",164,"http://client2:8000","run","http://client2:8000/run",1,TRUE,200,1109,262,3.66151833534241,"2026-05-21T16:01:51.512486Z","2026-05-21T16:01:55.174005Z",1779379311.51249,1779379315.17401,0.000526,0.000599,0.000621,3.64712,3.647261,3.646499,0.000140999999999725,3.6399,0.0216183353424073
"2026-05-21T16:01:55.382Z","run_bootstrap",164,"http://client3:8000","run","http://client3:8000/run",1,TRUE,200,1109,263,3.6013777256012,"2026-05-21T16:01:51.513190Z","2026-05-21T16:01:55.114567Z",1779379311.51319,1779379315.11457,0.000596,0.000706,0.000744,3.587813,3.587959,3.587069,0.000145999999999979,3.5807,0.0206777256011961
"2026-05-21T16:01:59.142Z","run_bootstrap",165,"http://client1:8000","run","http://client1:8000/run",1,TRUE,200,1107,254,3.5424485206604,"2026-05-21T16:01:55.393613Z","2026-05-21T16:01:58.936062Z",1779379315.39361,1779379318.93606,0.000603,0.000711,0.000747,3.526032,3.526145,3.525285,0.000113000000000252,3.5186,0.0238485206604002
"2026-05-21T16:01:59.142Z","run_bootstrap",165,"http://client2:8000","run","http://client2:8000/run",1,TRUE,200,1107,254,3.74078631401062,"2026-05-21T16:01:55.394346Z","2026-05-21T16:01:59.135132Z",1779379315.39435,1779379319.13513,0.000654,0.000735,0.000765,3.719877,3.720022,3.719112,0.000145000000000284,3.7125,0.0282863140106202
"2026-05-21T16:01:59.142Z","run_bootstrap",165,"http://client3:8000","run","http://client3:8000/run",1,TRUE,200,1107,256,3.55178546905518,"2026-05-21T16:01:55.394799Z","2026-05-21T16:01:58.946584Z",1779379315.3948,1779379318.94658,0.000661,0.00073,0.000752,3.537167,3.537299,3.536415,0.000131999999999799,3.5302,0.021585469055176
"2026-05-21T16:02:02.959Z","run_bootstrap",166,"http://client1:8000","run","http://client1:8000/run",1,TRUE,200,1107,253,3.79916739463806,"2026-05-21T16:01:59.154682Z","2026-05-21T16:02:02.953850Z",1779379319.15468,1779379322.95385,0.000686,0.000923,0.00097,3.779517,3.779551,3.778547,3.40000000003116e-05,3.772,0.0271673946380617
"2026-05-21T16:02:02.959Z","run_bootstrap",166,"http://client2:8000","run","http://client2:8000/run",1,TRUE,200,1107,254,3.50952959060669,"2026-05-21T16:01:59.156174Z","2026-05-21T16:02:02.665704Z",1779379319.15617,1779379322.6657,0.000634,0.000704,0.000738,3.490498,3.490532,3.48976,3.39999999998675e-05,3.4837,0.0258295906066897
"2026-05-21T16:02:02.959Z","run_bootstrap",166,"http://client3:8000","run","http://client3:8000/run",1,TRUE,200,1107,255,3.790696144104,"2026-05-21T16:01:59.156549Z","2026-05-21T16:02:02.947245Z",1779379319.15655,1779379322.94725,0.00069,0.000771,0.000802,3.772267,3.772299,3.771465,3.2000000000032e-05,3.764,0.0266961441040041
"2026-05-21T16:02:06.779Z","run_bootstrap",167,"http://client1:8000","run","http://client1:8000/run",1,TRUE,200,1107,254,3.5376718044281,"2026-05-21T16:02:02.972548Z","2026-05-21T16:02:06.510220Z",1779379322.97255,1779379326.51022,0.000698,0.000812,0.000847,3.523923,3.52404,3.523076,0.000116999999999923,3.5163,0.0213718044281004
"2026-05-21T16:02:06.779Z","run_bootstrap",167,"http://client2:8000","run","http://client2:8000/run",1,TRUE,200,1107,250,3.52888298034668,"2026-05-21T16:02:02.974646Z","2026-05-21T16:02:06.503529Z",1779379322.97465,1779379326.50353,0.000609,0.000736,0.000773,3.515493,3.515655,3.51472,0.000161999999999995,3.5072,0.0216829803466796
"2026-05-21T16:02:06.779Z","run_bootstrap",167,"http://client3:8000","run","http://client3:8000/run",1,TRUE,200,1107,255,3.80094051361084,"2026-05-21T16:02:02.974475Z","2026-05-21T16:02:06.775415Z",1779379322.97448,1779379326.77542,0.000602,0.000727,0.000764,3.787836,3.78796,3.787072,0.000124000000000013,3.7808,0.0201405136108397
"2026-05-21T16:02:10.470Z","run_bootstrap",168,"http://client1:8000","run","http://client1:8000/run",1,TRUE,200,1107,254,3.38934063911438,"2026-05-21T16:02:06.792371Z","2026-05-21T16:02:10.181711Z",1779379326.79237,1779379330.18171,0.000489,0.000578,0.00061,3.370596,3.370732,3.369986,0.000135999999999914,3.3627,0.0266406391143801
"2026-05-21T16:02:10.470Z","run_bootstrap",168,"http://client2:8000","run","http://client2:8000/run",1,TRUE,200,1107,250,3.60363602638245,"2026-05-21T16:02:06.792089Z","2026-05-21T16:02:10.395725Z",1779379326.79209,1779379330.39573,0.000696,0.000813,0.000847,3.589764,3.589912,3.588917,0.000147999999999815,3.5825,0.0211360263824463
"2026-05-21T16:02:10.470Z","run_bootstrap",168,"http://client3:8000","run","http://client3:8000/run",1,TRUE,200,1107,255,3.67216491699219,"2026-05-21T16:02:06.793590Z","2026-05-21T16:02:10.465755Z",1779379326.79359,1779379330.46576,0.000637,0.000746,0.00078,3.65609,3.656215,3.65531,0.000125000000000153,3.6481,0.0240649169921876
"2026-05-21T16:02:14.173Z","run_bootstrap",169,"http://client1:8000","run","http://client1:8000/run",1,TRUE,200,1108,251,3.68713450431824,"2026-05-21T16:02:10.482264Z","2026-05-21T16:02:14.169399Z",1779379330.48226,1779379334.1694,0.000718,0.000794,0.000817,3.671845,3.67192,3.671028,7.50000000002693e-05,3.6623,0.0248345043182372
"2026-05-21T16:02:14.173Z","run_bootstrap",169,"http://client2:8000","run","http://client2:8000/run",1,TRUE,200,1108,252,3.4357738494873,"2026-05-21T16:02:10.482904Z","2026-05-21T16:02:13.918678Z",1779379330.4829,1779379333.91868,0.000828,0.000861,0.000873,3.420674,3.42083,3.419801,0.000156000000000045,3.4132,0.0225738494873049
"2026-05-21T16:02:14.173Z","run_bootstrap",169,"http://client3:8000","run","http://client3:8000/run",1,TRUE,200,1108,256,3.66487812995911,"2026-05-21T16:02:10.483640Z","2026-05-21T16:02:14.148518Z",1779379330.48364,1779379334.14852,0.000471,0.000523,0.000547,3.649285,3.64942,3.648738,0.000135000000000218,3.6399,0.0249781299591065
"2026-05-21T16:02:18.006Z","run_bootstrap",170,"http://client1:8000","run","http://client1:8000/run",1,TRUE,200,1108,250,3.5840208530426,"2026-05-21T16:02:14.185613Z","2026-05-21T16:02:17.769634Z",1779379334.18561,1779379337.76963,0.000349,0.000421,0.000444,3.570481,3.570613,3.570037,0.000131999999999799,3.563,0.0210208530426024
"2026-05-21T16:02:18.006Z","run_bootstrap",170,"http://client2:8000","run","http://client2:8000/run",1,TRUE,200,1108,252,3.55605697631836,"2026-05-21T16:02:14.186940Z","2026-05-21T16:02:17.742997Z",1779379334.18694,1779379337.743,0.000535,0.00069,0.000726,3.543015,3.543181,3.542289,0.000166000000000111,3.5345,0.0215569763183594
"2026-05-21T16:02:18.006Z","run_bootstrap",170,"http://client3:8000","run","http://client3:8000/run",1,TRUE,200,1108,255,3.81584978103638,"2026-05-21T16:02:14.186122Z","2026-05-21T16:02:18.001972Z",1779379334.18612,1779379338.00197,0.000457,0.000561,0.000592,3.802819,3.802973,3.802227,0.00015400000000021,3.796,0.0198497810363771
"2026-05-21T16:02:21.866Z","run_bootstrap",171,"http://client1:8000","run","http://client1:8000/run",1,TRUE,200,1108,251,3.83962869644165,"2026-05-21T16:02:18.018864Z","2026-05-21T16:02:21.858493Z",1779379338.01886,1779379341.85849,0.000662,0.000763,0.000796,3.820482,3.820598,3.819686,0.000115999999999783,3.8129,0.0267286964416504
"2026-05-21T16:02:21.866Z","run_bootstrap",171,"http://client2:8000","run","http://client2:8000/run",1,TRUE,200,1108,251,3.65686750411987,"2026-05-21T16:02:18.019707Z","2026-05-21T16:02:21.676575Z",1779379338.01971,1779379341.67658,0.000745,0.000853,0.000879,3.635613,3.635752,3.634734,0.000138999999999889,3.6279,0.0289675041198731
"2026-05-21T16:02:21.866Z","run_bootstrap",171,"http://client3:8000","run","http://client3:8000/run",1,TRUE,200,1108,256,3.63545799255371,"2026-05-21T16:02:18.020386Z","2026-05-21T16:02:21.655844Z",1779379338.02039,1779379341.65584,0.000666,0.000791,0.00083,3.614056,3.614192,3.613226,0.000135999999999914,3.6059,0.0295579925537108
"2026-05-21T16:02:25.722Z","run_bootstrap",172,"http://client1:8000","run","http://client1:8000/run",1,TRUE,200,1108,251,3.8263943195343,"2026-05-21T16:02:21.889384Z","2026-05-21T16:02:25.715778Z",1779379341.88938,1779379345.71578,0.000698,0.000793,0.000828,3.814632,3.814666,3.813804,3.39999999998675e-05,3.8063,0.020094319534302
"2026-05-21T16:02:25.722Z","run_bootstrap",172,"http://client2:8000","run","http://client2:8000/run",1,TRUE,200,1108,250,3.55534720420837,"2026-05-21T16:02:21.889383Z","2026-05-21T16:02:25.444730Z",1779379341.88938,1779379345.44473,0.000647,0.000767,0.000806,3.543549,3.543584,3.542743,3.50000000000072e-05,3.536,0.019347204208374
"2026-05-21T16:02:25.722Z","run_bootstrap",172,"http://client3:8000","run","http://client3:8000/run",1,TRUE,200,1108,256,3.57951784133911,"2026-05-21T16:02:21.889383Z","2026-05-21T16:02:25.468900Z",1779379341.88938,1779379345.4689,0.000693,0.000769,0.000798,3.567699,3.567732,3.566901,3.29999999997277e-05,3.5595,0.0200178413391114
"2026-05-21T16:02:29.551Z","run_bootstrap",173,"http://client1:8000","run","http://client1:8000/run",1,TRUE,200,1108,251,3.63146281242371,"2026-05-21T16:02:25.744271Z","2026-05-21T16:02:29.375734Z",1779379345.74427,1779379349.37573,0.00073,0.000854,0.00089,3.614367,3.614515,3.613477,0.000147999999999815,3.605,0.0264628124237061
"2026-05-21T16:02:29.551Z","run_bootstrap",173,"http://client2:8000","run","http://client2:8000/run",1,TRUE,200,1108,252,3.37649083137512,"2026-05-21T16:02:25.745218Z","2026-05-21T16:02:29.121709Z",1779379345.74522,1779379349.12171,0.00055,0.000622,0.000654,3.356026,3.356165,3.355372,0.000138999999999889,3.3449,0.0315908313751221
"2026-05-21T16:02:29.551Z","run_bootstrap",173,"http://client3:8000","run","http://client3:8000/run",1,TRUE,200,1108,256,3.79798173904419,"2026-05-21T16:02:25.745757Z","2026-05-21T16:02:29.543739Z",1779379345.74576,1779379349.54374,0.00049,0.000577,0.000612,3.778015,3.778154,3.777403,0.000138999999999889,3.7707,0.0272817390441893
"2026-05-21T16:02:33.424Z","run_bootstrap",174,"http://client1:8000","run","http://client1:8000/run",1,TRUE,200,1108,252,3.55990624427795,"2026-05-21T16:02:29.569373Z","2026-05-21T16:02:33.129279Z",1779379349.56937,1779379353.12928,0.000436,0.000536,0.00057,3.541253,3.541396,3.540683,0.000143000000000004,3.5322,0.0277062442779541
"2026-05-21T16:02:33.424Z","run_bootstrap",174,"http://client2:8000","run","http://client2:8000/run",1,TRUE,200,1108,252,3.8469557762146,"2026-05-21T16:02:29.569745Z","2026-05-21T16:02:33.416701Z",1779379349.56975,1779379353.4167,0.000371,0.000447,0.000485,3.825735,3.825877,3.82525,0.000142000000000309,3.8171,0.0298557762145997
"2026-05-21T16:02:33.424Z","run_bootstrap",174,"http://client3:8000","run","http://client3:8000/run",1,TRUE,200,1108,256,3.53102922439575,"2026-05-21T16:02:29.568884Z","2026-05-21T16:02:33.099913Z",1779379349.56888,1779379353.09991,0.000619,0.000727,0.00076,3.517185,3.517328,3.516425,0.000143000000000004,3.5084,0.022629224395752
"2026-05-21T16:02:37.320Z","run_bootstrap",175,"http://client1:8000","run","http://client1:8000/run",1,TRUE,200,1109,251,3.82003355026245,"2026-05-21T16:02:33.441784Z","2026-05-21T16:02:37.261817Z",1779379353.44178,1779379357.26182,0.000585,0.000676,0.000717,3.797607,3.797749,3.79689,0.000141999999999864,3.7812,0.0388335502624511
"2026-05-21T16:02:37.320Z","run_bootstrap",175,"http://client2:8000","run","http://client2:8000/run",1,TRUE,200,1109,252,3.87227845191956,"2026-05-21T16:02:33.442435Z","2026-05-21T16:02:37.314713Z",1779379353.44244,1779379357.31471,0.000515,0.000631,0.000669,3.849908,3.850073,3.849239,0.000164999999999971,3.8425,0.0297784519195559
"2026-05-21T16:02:37.320Z","run_bootstrap",175,"http://client3:8000","run","http://client3:8000/run",1,TRUE,200,1109,256,3.60838961601257,"2026-05-21T16:02:33.442934Z","2026-05-21T16:02:37.051324Z",1779379353.44293,1779379357.05132,0.000627,0.000728,0.000762,3.590151,3.590247,3.589389,9.6000000000096e-05,3.5795,0.0288896160125733
"2026-05-21T16:02:41.227Z","run_bootstrap",176,"http://client1:8000","run","http://client1:8000/run",1,TRUE,200,1109,251,3.63962388038635,"2026-05-21T16:02:37.333537Z","2026-05-21T16:02:40.973160Z",1779379357.33354,1779379360.97316,0.000434,0.00051,0.000533,3.625051,3.625195,3.624518,0.000144000000000144,3.6168,0.0228238803863525
"2026-05-21T16:02:41.227Z","run_bootstrap",176,"http://client2:8000","run","http://client2:8000/run",1,TRUE,200,1109,252,3.88690400123596,"2026-05-21T16:02:37.332973Z","2026-05-21T16:02:41.219877Z",1779379357.33297,1779379361.21988,0.000528,0.000612,0.00065,3.872056,3.872198,3.871406,0.000141999999999864,3.8646,0.0223040012359621
"2026-05-21T16:02:41.227Z","run_bootstrap",176,"http://client3:8000","run","http://client3:8000/run",1,TRUE,200,1109,256,3.71086120605469,"2026-05-21T16:02:37.333878Z","2026-05-21T16:02:41.044740Z",1779379357.33388,1779379361.04474,0.000497,0.000598,0.000631,3.697437,3.697592,3.696806,0.000155000000000349,3.6753,0.0355612060546875
"2026-05-21T16:02:45.184Z","run_bootstrap",177,"http://client1:8000","run","http://client1:8000/run",1,TRUE,200,1108,249,3.75123190879822,"2026-05-21T16:02:41.245966Z","2026-05-21T16:02:44.997198Z",1779379361.24597,1779379364.9972,0.000706,0.000765,0.000797,3.727938,3.727971,3.727141,3.30000000001718e-05,3.7199,0.0313319087982178
"2026-05-21T16:02:45.184Z","run_bootstrap",177,"http://client2:8000","run","http://client2:8000/run",1,TRUE,200,1108,249,3.933513879776,"2026-05-21T16:02:41.246509Z","2026-05-21T16:02:45.180023Z",1779379361.24651,1779379365.18002,0.000577,0.000685,0.000711,3.910729,3.910762,3.910018,3.30000000001718e-05,3.9034,0.030113879776001
"2026-05-21T16:02:45.184Z","run_bootstrap",177,"http://client3:8000","run","http://client3:8000/run",1,TRUE,200,1108,257,3.52811908721924,"2026-05-21T16:02:41.247027Z","2026-05-21T16:02:44.775146Z",1779379361.24703,1779379364.77515,0.000564,0.000637,0.000668,3.504301,3.504345,3.503633,4.3999999999933e-05,3.4965,0.0316190872192381
"2026-05-21T16:02:49.153Z","run_bootstrap",178,"http://client1:8000","run","http://client1:8000/run",1,TRUE,200,1108,249,3.73345732688904,"2026-05-21T16:02:45.199441Z","2026-05-21T16:02:48.932898Z",1779379365.19944,1779379368.9329,0.000563,0.000671,0.000713,3.71818,3.718224,3.717467,4.40000000003771e-05,3.7104,0.0230573268890382
"2026-05-21T16:02:49.153Z","run_bootstrap",178,"http://client2:8000","run","http://client2:8000/run",1,TRUE,200,1108,249,3.94869565963745,"2026-05-21T16:02:45.199931Z","2026-05-21T16:02:49.148627Z",1779379365.19993,1779379369.14863,0.000633,0.000735,0.000768,3.934558,3.934592,3.93379,3.39999999998675e-05,3.9273,0.0213956596374514
"2026-05-21T16:02:49.153Z","run_bootstrap",178,"http://client3:8000","run","http://client3:8000/run",1,TRUE,200,1108,257,3.69033288955688,"2026-05-21T16:02:45.200514Z","2026-05-21T16:02:48.890847Z",1779379365.20051,1779379368.89085,0.000594,0.000674,0.000705,3.675456,3.675514,3.674751,5.80000000001135e-05,3.6677,0.0226328895568848
"2026-05-21T16:02:53.165Z","run_bootstrap",179,"http://client1:8000","run","http://client1:8000/run",1,TRUE,200,1109,251,3.68559384346008,"2026-05-21T16:02:49.165159Z","2026-05-21T16:02:52.850753Z",1779379369.16516,1779379372.85075,0.000819,0.000922,0.000958,3.66957,3.669616,3.668612,4.59999999997684e-05,3.6607,0.0248938434600832
"2026-05-21T16:02:53.165Z","run_bootstrap",179,"http://client2:8000","run","http://client2:8000/run",1,TRUE,200,1109,251,3.69049835205078,"2026-05-21T16:02:49.165626Z","2026-05-21T16:02:52.856125Z",1779379369.16563,1779379372.85613,0.000563,0.000648,0.000679,3.673902,3.673943,3.673223,4.09999999999577e-05,3.6668,0.0236983520507814
"2026-05-21T16:02:53.165Z","run_bootstrap",179,"http://client3:8000","run","http://client3:8000/run",1,TRUE,200,1109,257,3.99600696563721,"2026-05-21T16:02:49.165007Z","2026-05-21T16:02:53.161014Z",1779379369.16501,1779379373.16101,0.00066,0.000806,0.000842,3.982707,3.982926,3.981865,0.000218999999999969,3.9741,0.0219069656372071
"2026-05-21T16:02:57.193Z","run_bootstrap",180,"http://client1:8000","run","http://client1:8000/run",1,TRUE,200,1109,251,3.94867777824402,"2026-05-21T16:02:53.177344Z","2026-05-21T16:02:57.126022Z",1779379373.17734,1779379377.12602,0.000614,0.00072,0.000755,3.933971,3.934123,3.933216,0.00015199999999993,3.7731,0.175577778244019
"2026-05-21T16:02:57.193Z","run_bootstrap",180,"http://client2:8000","run","http://client2:8000/run",1,TRUE,200,1109,251,3.95847368240356,"2026-05-21T16:02:53.179472Z","2026-05-21T16:02:57.137945Z",1779379373.17947,1779379377.13795,0.000528,0.00064,0.000673,3.94179,3.941929,3.941117,0.000138999999999889,3.7736,0.184873682403564
"2026-05-21T16:02:57.193Z","run_bootstrap",180,"http://client3:8000","run","http://client3:8000/run",1,TRUE,200,1109,257,4.00748634338379,"2026-05-21T16:02:53.179698Z","2026-05-21T16:02:57.187184Z",1779379373.1797,1779379377.18718,0.000409,0.000495,0.000527,3.990799,3.990943,3.990272,0.000144000000000144,3.8147,0.192786343383789
"2026-05-21T16:03:00.913Z","run_bootstrap",181,"http://client1:8000","run","http://client1:8000/run",1,TRUE,200,1108,250,3.47913098335266,"2026-05-21T16:02:57.204919Z","2026-05-21T16:03:00.684050Z",1779379377.20492,1779379380.68405,0.000706,0.000817,0.000852,3.462599,3.462689,3.461747,9.00000000001455e-05,3.4555,0.0236309833526613
"2026-05-21T16:03:00.913Z","run_bootstrap",181,"http://client2:8000","run","http://client2:8000/run",1,TRUE,200,1108,252,3.50214171409607,"2026-05-21T16:02:57.206720Z","2026-05-21T16:03:00.708862Z",1779379377.20672,1779379380.70886,0.00089,0.000987,0.001024,3.485772,3.485905,3.484748,0.000132999999999939,3.4791,0.0230417140960695
"2026-05-21T16:03:00.913Z","run_bootstrap",181,"http://client3:8000","run","http://client3:8000/run",1,TRUE,200,1108,253,3.70122790336609,"2026-05-21T16:02:57.207365Z","2026-05-21T16:03:00.908593Z",1779379377.20737,1779379380.90859,0.000506,0.000625,0.000663,3.684952,3.685093,3.684289,0.000141000000000169,3.6784,0.022827903366089
"2026-05-21T16:03:04.642Z","run_bootstrap",182,"http://client1:8000","run","http://client1:8000/run",1,TRUE,200,1108,250,3.54381823539734,"2026-05-21T16:03:00.926097Z","2026-05-21T16:03:04.469915Z",1779379380.9261,1779379384.46992,0.00074,0.000844,0.000879,3.530179,3.530302,3.5293,0.000122999999999873,3.5227,0.0211182353973389
"2026-05-21T16:03:04.642Z","run_bootstrap",182,"http://client2:8000","run","http://client2:8000/run",1,TRUE,200,1108,252,3.52030801773071,"2026-05-21T16:03:00.928238Z","2026-05-21T16:03:04.448546Z",1779379380.92824,1779379384.44855,0.000798,0.000893,0.000929,3.505145,3.505284,3.504216,0.000138999999999889,3.4969,0.0234080177307128
"2026-05-21T16:03:04.642Z","run_bootstrap",182,"http://client3:8000","run","http://client3:8000/run",1,TRUE,200,1108,253,3.70685601234436,"2026-05-21T16:03:00.928471Z","2026-05-21T16:03:04.635327Z",1779379380.92847,1779379384.63533,0.000678,0.000802,0.000844,3.691932,3.692068,3.691088,0.000135999999999914,3.6851,0.0217560123443605
"2026-05-21T16:03:08.278Z","run_bootstrap",183,"http://client1:8000","run","http://client1:8000/run",1,TRUE,200,1104,251,3.61410689353943,"2026-05-21T16:03:04.660368Z","2026-05-21T16:03:08.274475Z",1779379384.66037,1779379388.27448,0.000558,0.000616,0.000647,3.587369,3.587395,3.586722,2.60000000000815e-05,3.5796,0.0345068935394286
"2026-05-21T16:03:08.278Z","run_bootstrap",183,"http://client2:8000","run","http://client2:8000/run",1,TRUE,200,1104,253,3.53417348861694,"2026-05-21T16:03:04.661047Z","2026-05-21T16:03:08.195220Z",1779379384.66105,1779379388.19522,0.000432,0.000524,0.000561,3.508146,3.50817,3.507585,2.3999999999802e-05,3.5009,0.0332734886169432
"2026-05-21T16:03:08.278Z","run_bootstrap",183,"http://client3:8000","run","http://client3:8000/run",1,TRUE,200,1104,255,3.58903694152832,"2026-05-21T16:03:04.661813Z","2026-05-21T16:03:08.250850Z",1779379384.66181,1779379388.25085,0.000583,0.000691,0.000721,3.563107,3.563139,3.562386,3.2000000000032e-05,3.5557,0.0333369415283205
"2026-05-21T16:03:12.002Z","run_bootstrap",184,"http://client1:8000","run","http://client1:8000/run",1,TRUE,200,1104,251,3.48866605758667,"2026-05-21T16:03:08.292235Z","2026-05-21T16:03:11.780901Z",1779379388.29224,1779379391.7809,0.00071,0.000829,0.000867,3.474599,3.474648,3.473732,4.90000000001878e-05,3.4672,0.0214660575866699
"2026-05-21T16:03:12.002Z","run_bootstrap",184,"http://client2:8000","run","http://client2:8000/run",1,TRUE,200,1104,253,3.46580982208252,"2026-05-21T16:03:08.293104Z","2026-05-21T16:03:11.758914Z",1779379388.2931,1779379391.75891,0.000782,0.000886,0.000925,3.452774,3.452824,3.451849,5.00000000003276e-05,3.4456,0.0202098220825193
"2026-05-21T16:03:12.002Z","run_bootstrap",184,"http://client3:8000","run","http://client3:8000/run",1,TRUE,200,1104,255,3.70301413536072,"2026-05-21T16:03:08.294773Z","2026-05-21T16:03:11.997787Z",1779379388.29477,1779379391.99779,0.000532,0.000625,0.000657,3.690423,3.690466,3.689766,4.29999999997932e-05,3.6836,0.0194141353607176
"2026-05-21T16:03:15.704Z","run_bootstrap",185,"http://client1:8000","run","http://client1:8000/run",1,TRUE,200,1108,250,3.57590508460999,"2026-05-21T16:03:12.013510Z","2026-05-21T16:03:15.589415Z",1779379392.01351,1779379395.58942,0.000727,0.000839,0.000878,3.561422,3.561462,3.560544,4.0000000000262e-05,3.5539,0.0220050846099853
"2026-05-21T16:03:15.704Z","run_bootstrap",185,"http://client2:8000","run","http://client2:8000/run",1,TRUE,200,1108,251,3.68180418014526,"2026-05-21T16:03:12.014733Z","2026-05-21T16:03:15.696537Z",1779379392.01473,1779379395.69654,0.000615,0.000707,0.00074,3.668178,3.668223,3.667438,4.49999999996287e-05,3.6608,0.0210041801452636
"2026-05-21T16:03:15.704Z","run_bootstrap",185,"http://client3:8000","run","http://client3:8000/run",1,TRUE,200,1108,255,3.49655342102051,"2026-05-21T16:03:12.015899Z","2026-05-21T16:03:15.512452Z",1779379392.0159,1779379395.51245,0.000466,0.000562,0.000601,3.48141,3.481453,3.480809,4.30000000002373e-05,3.474,0.0225534210205076
"2026-05-21T16:03:19.513Z","run_bootstrap",186,"http://client1:8000","run","http://client1:8000/run",1,TRUE,200,1108,250,3.78857278823853,"2026-05-21T16:03:15.716785Z","2026-05-21T16:03:19.505358Z",1779379395.71679,1779379399.50536,0.000534,0.00065,0.000688,3.765589,3.765633,3.764901,4.3999999999933e-05,3.7582,0.0303727882385254
"2026-05-21T16:03:19.513Z","run_bootstrap",186,"http://client2:8000","run","http://client2:8000/run",1,TRUE,200,1108,251,3.51928377151489,"2026-05-21T16:03:15.716996Z","2026-05-21T16:03:19.236280Z",1779379395.717,1779379399.23628,0.000586,0.000702,0.000737,3.498175,3.498218,3.497438,4.30000000002373e-05,3.4912,0.0280837715148925
"2026-05-21T16:03:19.513Z","run_bootstrap",186,"http://client3:8000","run","http://client3:8000/run",1,TRUE,200,1108,256,3.65949535369873,"2026-05-21T16:03:15.717362Z","2026-05-21T16:03:19.376858Z",1779379395.71736,1779379399.37686,0.000613,0.000713,0.000747,3.644589,3.644634,3.643842,4.50000000000728e-05,3.6373,0.0221953536987303
"2026-05-21T16:03:23.286Z","run_bootstrap",187,"http://client1:8000","run","http://client1:8000/run",1,TRUE,200,1108,250,3.74874377250671,"2026-05-21T16:03:19.529941Z","2026-05-21T16:03:23.278685Z",1779379399.52994,1779379403.27869,0.000704,0.000818,0.000854,3.733754,3.733798,3.7329,4.40000000003771e-05,3.7265,0.0222437725067137
"2026-05-21T16:03:23.286Z","run_bootstrap",187,"http://client2:8000","run","http://client2:8000/run",1,TRUE,200,1108,253,3.54748034477234,"2026-05-21T16:03:19.532181Z","2026-05-21T16:03:23.079661Z",1779379399.53218,1779379403.07966,0.000552,0.000665,7e-04,3.528102,3.528149,3.527402,4.69999999999082e-05,3.5212,0.026280344772339
"2026-05-21T16:03:23.286Z","run_bootstrap",187,"http://client3:8000","run","http://client3:8000/run",1,TRUE,200,1108,255,3.60272312164307,"2026-05-21T16:03:19.532731Z","2026-05-21T16:03:23.135454Z",1779379399.53273,1779379403.13545,0.000562,0.000669,0.000703,3.58009,3.580133,3.579387,4.29999999997932e-05,3.5733,0.0294231216430663
"2026-05-21T16:03:27.135Z","run_bootstrap",188,"http://client1:8000","run","http://client1:8000/run",1,TRUE,200,1108,250,3.82723188400269,"2026-05-21T16:03:23.301006Z","2026-05-21T16:03:27.128238Z",1779379403.30101,1779379407.12824,0.000732,0.000805,0.00084,3.800868,3.800996,3.800028,0.000128000000000128,3.7934,0.0338318840026854
"2026-05-21T16:03:27.135Z","run_bootstrap",188,"http://client2:8000","run","http://client2:8000/run",1,TRUE,200,1108,253,3.57139587402344,"2026-05-21T16:03:23.301515Z","2026-05-21T16:03:26.872911Z",1779379403.30152,1779379406.87291,0.000448,0.00054,0.000576,3.545335,3.545456,3.544759,0.000121000000000038,3.5384,0.0329958740234373
"2026-05-21T16:03:27.135Z","run_bootstrap",188,"http://client3:8000","run","http://client3:8000/run",1,TRUE,200,1108,255,3.55607724189758,"2026-05-21T16:03:23.302026Z","2026-05-21T16:03:26.858103Z",1779379403.30203,1779379406.8581,0.000622,0.000736,0.000777,3.530726,3.530843,3.529949,0.000116999999999923,3.5236,0.0324772418975829
"2026-05-21T16:03:30.986Z","run_bootstrap",189,"http://client1:8000","run","http://client1:8000/run",1,TRUE,200,1108,251,3.57953238487244,"2026-05-21T16:03:27.150643Z","2026-05-21T16:03:30.730176Z",1779379407.15064,1779379410.73018,0.000537,0.000633,0.000665,3.559392,3.559505,3.558727,0.000113000000000252,3.5522,0.0273323848724365
"2026-05-21T16:03:30.986Z","run_bootstrap",189,"http://client2:8000","run","http://client2:8000/run",1,TRUE,200,1108,251,3.82821249961853,"2026-05-21T16:03:27.151109Z","2026-05-21T16:03:30.979321Z",1779379407.15111,1779379410.97932,0.000439,0.000549,0.000587,3.808081,3.808245,3.807494,0.000163999999999831,3.801,0.0272124996185301
"2026-05-21T16:03:30.986Z","run_bootstrap",189,"http://client3:8000","run","http://client3:8000/run",1,TRUE,200,1108,257,3.65870213508606,"2026-05-21T16:03:27.150285Z","2026-05-21T16:03:30.808987Z",1779379407.15029,1779379410.80899,0.000674,0.000797,0.000833,3.644957,3.64509,3.644124,0.000133000000000383,3.6348,0.0239021350860598
"2026-05-21T16:03:34.741Z","run_bootstrap",190,"http://client1:8000","run","http://client1:8000/run",1,TRUE,200,1108,251,3.59414887428284,"2026-05-21T16:03:31.001914Z","2026-05-21T16:03:34.596063Z",1779379411.00191,1779379414.59606,0.000525,0.000631,0.000672,3.580315,3.580429,3.579643,0.000113999999999947,3.5729,0.0212488742828367
"2026-05-21T16:03:34.741Z","run_bootstrap",190,"http://client2:8000","run","http://client2:8000/run",1,TRUE,200,1108,252,3.73405265808105,"2026-05-21T16:03:31.002232Z","2026-05-21T16:03:34.736285Z",1779379411.00223,1779379414.73629,0.000614,0.000694,0.000729,3.720561,3.720691,3.719832,0.000129999999999963,3.7016,0.0324526580810547
"2026-05-21T16:03:34.741Z","run_bootstrap",190,"http://client3:8000","run","http://client3:8000/run",1,TRUE,200,1108,257,3.56479477882385,"2026-05-21T16:03:31.001649Z","2026-05-21T16:03:34.566444Z",1779379411.00165,1779379414.56644,0.000602,0.000695,0.000745,3.550848,3.550996,3.550103,0.000148000000000259,3.5426,0.0221947788238523
"2026-05-21T16:03:38.659Z","run_bootstrap",191,"http://client1:8000","run","http://client1:8000/run",1,TRUE,200,1108,250,3.64147329330444,"2026-05-21T16:03:34.752423Z","2026-05-21T16:03:38.393897Z",1779379414.75242,1779379418.3939,0.000684,0.000791,0.000829,3.627166,3.627251,3.626337,8.49999999998907e-05,3.6195,0.0219732933044434
"2026-05-21T16:03:38.659Z","run_bootstrap",191,"http://client2:8000","run","http://client2:8000/run",1,TRUE,200,1108,252,3.57421112060547,"2026-05-21T16:03:34.754067Z","2026-05-21T16:03:38.328278Z",1779379414.75407,1779379418.32828,0.000553,0.000663,0.000699,3.559062,3.559196,3.558363,0.000134000000000079,3.552,0.0222111206054687
"2026-05-21T16:03:38.659Z","run_bootstrap",191,"http://client3:8000","run","http://client3:8000/run",1,TRUE,200,1108,255,3.89659833908081,"2026-05-21T16:03:34.754545Z","2026-05-21T16:03:38.651144Z",1779379414.75455,1779379418.65114,0.000713,0.000824,0.00086,3.882815,3.882923,3.881955,0.000107999999999997,3.8756,0.0209983390808106
"2026-05-21T16:03:42.575Z","run_bootstrap",192,"http://client1:8000","run","http://client1:8000/run",1,TRUE,200,1108,250,3.68505191802979,"2026-05-21T16:03:38.673579Z","2026-05-21T16:03:42.358631Z",1779379418.67358,1779379422.35863,0.000608,0.00068,0.000703,3.670446,3.670569,3.669743,0.000122999999999873,3.6608,0.0242519180297851
"2026-05-21T16:03:42.575Z","run_bootstrap",192,"http://client2:8000","run","http://client2:8000/run",1,TRUE,200,1108,253,3.89684987068176,"2026-05-21T16:03:38.673771Z","2026-05-21T16:03:42.570621Z",1779379418.67377,1779379422.57062,0.000584,0.00069,0.000722,3.882786,3.882926,3.882064,0.000140000000000029,3.8754,0.0214498706817627
"2026-05-21T16:03:42.575Z","run_bootstrap",192,"http://client3:8000","run","http://client3:8000/run",1,TRUE,200,1108,255,3.48939514160156,"2026-05-21T16:03:38.675047Z","2026-05-21T16:03:42.164442Z",1779379418.67505,1779379422.16444,0.00085,0.000922,0.000943,3.468112,3.468258,3.467169,0.000145999999999979,3.4593,0.0300951416015627
"2026-05-21T16:03:46.528Z","run_bootstrap",193,"http://client1:8000","run","http://client1:8000/run",1,TRUE,200,1108,251,3.80176663398743,"2026-05-21T16:03:42.588347Z","2026-05-21T16:03:46.390113Z",1779379422.58835,1779379426.39011,0.000543,0.000628,0.000661,3.78524,3.785377,3.784579,0.000137000000000054,3.7775,0.0242666339874269
"2026-05-21T16:03:46.528Z","run_bootstrap",193,"http://client2:8000","run","http://client2:8000/run",1,TRUE,200,1108,251,3.931476354599,"2026-05-21T16:03:42.589100Z","2026-05-21T16:03:46.520576Z",1779379422.5891,1779379426.52058,0.000443,0.000518,0.000548,3.913836,3.913981,3.913288,0.000145000000000284,3.9069,0.0245763545989992
"2026-05-21T16:03:46.528Z","run_bootstrap",193,"http://client3:8000","run","http://client3:8000/run",1,TRUE,200,1108,256,3.60726857185364,"2026-05-21T16:03:42.589768Z","2026-05-21T16:03:46.197036Z",1779379422.58977,1779379426.19704,0.000365,0.000442,0.000464,3.592147,3.592237,3.591683,8.99999999997014e-05,3.5829,0.0243685718536377
"2026-05-21T16:03:50.453Z","run_bootstrap",194,"http://client1:8000","run","http://client1:8000/run",1,TRUE,200,1108,251,3.69434928894043,"2026-05-21T16:03:46.542138Z","2026-05-21T16:03:50.236487Z",1779379426.54214,1779379430.23649,0.000603,0.000683,0.000705,3.676249,3.676283,3.675544,3.40000000003116e-05,3.6688,0.0255492889404296
"2026-05-21T16:03:50.453Z","run_bootstrap",194,"http://client2:8000","run","http://client2:8000/run",1,TRUE,200,1108,251,3.63973474502563,"2026-05-21T16:03:46.542959Z","2026-05-21T16:03:50.182693Z",1779379426.54296,1779379430.18269,0.000595,0.000675,0.000705,3.617882,3.617915,3.617177,3.30000000001718e-05,3.6104,0.0293347450256349
"2026-05-21T16:03:50.453Z","run_bootstrap",194,"http://client3:8000","run","http://client3:8000/run",1,TRUE,200,1108,256,3.90610337257385,"2026-05-21T16:03:46.543135Z","2026-05-21T16:03:50.449238Z",1779379426.54314,1779379430.44924,0.000607,0.000679,0.000701,3.889443,3.889479,3.888742,3.6000000000147e-05,3.8823,0.0238033725738527
"2026-05-21T16:03:54.395Z","run_bootstrap",195,"http://client1:8000","run","http://client1:8000/run",1,TRUE,200,1108,251,3.92335939407349,"2026-05-21T16:03:50.467784Z","2026-05-21T16:03:54.391144Z",1779379430.46778,1779379434.39114,0.000552,0.00064,0.000665,3.908272,3.908374,3.907607,0.000101999999999602,3.9007,0.0226593940734863
"2026-05-21T16:03:54.395Z","run_bootstrap",195,"http://client2:8000","run","http://client2:8000/run",1,TRUE,200,1108,252,3.90025877952576,"2026-05-21T16:03:50.468682Z","2026-05-21T16:03:54.368940Z",1779379430.46868,1779379434.36894,0.000628,0.000685,0.000706,3.886749,3.88687,3.886043,0.000121000000000038,3.8794,0.0208587795257569
"2026-05-21T16:03:54.395Z","run_bootstrap",195,"http://client3:8000","run","http://client3:8000/run",1,TRUE,200,1108,256,3.44937014579773,"2026-05-21T16:03:50.469301Z","2026-05-21T16:03:53.918671Z",1779379430.4693,1779379433.91867,0.000578,0.000661,0.000696,3.428803,3.428862,3.428107,5.90000000002533e-05,3.4187,0.0306701457977296
"2026-05-21T16:03:58.281Z","run_bootstrap",196,"http://client1:8000","run","http://client1:8000/run",1,TRUE,200,1108,250,3.55369353294373,"2026-05-21T16:03:54.408381Z","2026-05-21T16:03:57.962075Z",1779379434.40838,1779379437.96208,0.000549,0.000624,0.000655,3.537659,3.537801,3.537004,0.000141999999999864,3.529,0.0246935329437257
"2026-05-21T16:03:58.281Z","run_bootstrap",196,"http://client2:8000","run","http://client2:8000/run",1,TRUE,200,1108,252,3.59315848350525,"2026-05-21T16:03:54.409095Z","2026-05-21T16:03:58.002253Z",1779379434.4091,1779379438.00225,0.000581,0.000675,0.00071,3.57788,3.57803,3.57717,0.000150000000000095,3.5692,0.0239584835052491
"2026-05-21T16:03:58.281Z","run_bootstrap",196,"http://client3:8000","run","http://client3:8000/run",1,TRUE,200,1108,256,3.8647027015686,"2026-05-21T16:03:54.409518Z","2026-05-21T16:03:58.274220Z",1779379434.40952,1779379438.27422,0.000741,0.000847,0.000885,3.850076,3.850232,3.849191,0.000156000000000045,3.8421,0.0226027015686037
"2026-05-21T16:04:02.075Z","run_bootstrap",197,"http://client1:8000","run","http://client1:8000/run",1,TRUE,200,1108,251,3.64681768417358,"2026-05-21T16:03:58.296173Z","2026-05-21T16:04:01.942991Z",1779379438.29617,1779379441.94299,0.000725,0.000865,0.000901,3.631128,3.631272,3.630227,0.000144000000000144,3.6229,0.023917684173584
"2026-05-21T16:04:02.075Z","run_bootstrap",197,"http://client2:8000","run","http://client2:8000/run",1,TRUE,200,1108,253,3.72937965393066,"2026-05-21T16:03:58.296873Z","2026-05-21T16:04:02.026252Z",1779379438.29687,1779379442.02625,0.000503,0.000606,0.000641,3.711508,3.711647,3.710867,0.000139000000000333,3.6951,0.034279653930664
"2026-05-21T16:04:02.075Z","run_bootstrap",197,"http://client3:8000","run","http://client3:8000/run",1,TRUE,200,1108,257,3.77192282676697,"2026-05-21T16:03:58.297980Z","2026-05-21T16:04:02.069903Z",1779379438.29798,1779379442.0699,0.000432,0.000517,0.000551,3.752934,3.75307,3.752383,0.000135999999999914,3.7447,0.0272228267669679
"2026-05-21T16:04:06.024Z","run_bootstrap",198,"http://client1:8000","run","http://client1:8000/run",1,TRUE,200,1108,251,3.82867860794067,"2026-05-21T16:04:02.088741Z","2026-05-21T16:04:05.917419Z",1779379442.08874,1779379445.91742,0.00058,0.000654,0.000684,3.809708,3.809825,3.809024,0.000116999999999923,3.8002,0.028478607940674
"2026-05-21T16:04:06.024Z","run_bootstrap",198,"http://client2:8000","run","http://client2:8000/run",1,TRUE,200,1108,253,3.6556670665741,"2026-05-21T16:04:02.089201Z","2026-05-21T16:04:05.744868Z",1779379442.0892,1779379445.74487,0.000705,0.000789,0.000814,3.639281,3.639415,3.638467,0.000134000000000079,3.6306,0.0250670665740969
"2026-05-21T16:04:06.024Z","run_bootstrap",198,"http://client3:8000","run","http://client3:8000/run",1,TRUE,200,1108,257,3.92843294143677,"2026-05-21T16:04:02.089864Z","2026-05-21T16:04:06.018297Z",1779379442.08986,1779379446.0183,0.00064,0.000742,0.000775,3.909313,3.909459,3.908538,0.000145999999999979,3.8946,0.0338329414367675
"2026-05-21T16:04:10.008Z","run_bootstrap",199,"http://client1:8000","run","http://client1:8000/run",1,TRUE,200,1107,249,3.95761632919312,"2026-05-21T16:04:06.037504Z","2026-05-21T16:04:09.995121Z",1779379446.0375,1779379449.99512,0.000818,0.000888,0.000919,3.943841,3.94398,3.942922,0.000138999999999889,3.935,0.0226163291931152
"2026-05-21T16:04:10.008Z","run_bootstrap",199,"http://client2:8000","run","http://client2:8000/run",1,TRUE,200,1107,248,3.72263932228088,"2026-05-21T16:04:06.037938Z","2026-05-21T16:04:09.760577Z",1779379446.03794,1779379449.76058,0.000673,0.000756,0.000792,3.710031,3.710155,3.709239,0.000124000000000013,3.7026,0.0200393222808839
"2026-05-21T16:04:10.008Z","run_bootstrap",199,"http://client3:8000","run","http://client3:8000/run",1,TRUE,200,1107,256,3.80819582939148,"2026-05-21T16:04:06.037195Z","2026-05-21T16:04:09.845391Z",1779379446.0372,1779379449.84539,0.00065,0.000756,0.000792,3.794002,3.794151,3.79321,0.000148999999999955,3.7728,0.0353958293914793
"2026-05-21T16:04:14.079Z","run_bootstrap",200,"http://client1:8000","run","http://client1:8000/run",1,TRUE,200,1107,250,3.96522784233093,"2026-05-21T16:04:10.027130Z","2026-05-21T16:04:13.992358Z",1779379450.02713,1779379453.99236,0.00049,0.000564,0.000599,3.944597,3.944749,3.943998,0.00015199999999993,3.7775,0.187727842330933
"2026-05-21T16:04:14.079Z","run_bootstrap",200,"http://client2:8000","run","http://client2:8000/run",1,TRUE,200,1107,248,4.04657411575317,"2026-05-21T16:04:10.027931Z","2026-05-21T16:04:14.074505Z",1779379450.02793,1779379454.07451,0.000525,0.000609,0.000642,4.027545,4.027677,4.026903,0.000131999999999799,3.8579,0.188674115753174
"2026-05-21T16:04:14.079Z","run_bootstrap",200,"http://client3:8000","run","http://client3:8000/run",1,TRUE,200,1107,256,4.0056517124176,"2026-05-21T16:04:10.028478Z","2026-05-21T16:04:14.034129Z",1779379450.02848,1779379454.03413,0.000718,0.000805,0.000829,3.991194,3.991306,3.990365,0.000111999999999668,3.8107,0.194951712417602
"2026-05-21T16:04:17.858Z","run_bootstrap",201,"http://client1:8000","run","http://client1:8000/run",1,TRUE,200,1107,257,3.44225716590881,"2026-05-21T16:04:14.139247Z","2026-05-21T16:04:17.581504Z",1779379454.13925,1779379457.5815,0.000502,0.000614,0.000649,3.428674,3.428818,3.428025,0.000144000000000144,3.4143,0.0279571659088136
"2026-05-21T16:04:17.858Z","run_bootstrap",201,"http://client2:8000","run","http://client2:8000/run",1,TRUE,200,1107,255,3.71261525154114,"2026-05-21T16:04:14.141210Z","2026-05-21T16:04:17.853825Z",1779379454.14121,1779379457.85383,0.000612,0.000704,0.000739,3.694044,3.69421,3.693305,0.000166000000000111,3.6859,0.0267152515411375
"2026-05-21T16:04:17.858Z","run_bootstrap",201,"http://client3:8000","run","http://client3:8000/run",1,TRUE,200,1107,255,3.64024543762207,"2026-05-21T16:04:14.140289Z","2026-05-21T16:04:17.780534Z",1779379454.14029,1779379457.78053,0.000716,0.000782,0.000806,3.628269,3.628396,3.627463,0.000126999999999988,3.6209,0.0193454376220705
"2026-05-21T16:04:21.637Z","run_bootstrap",202,"http://client1:8000","run","http://client1:8000/run",1,TRUE,200,1107,257,3.41998481750488,"2026-05-21T16:04:17.869837Z","2026-05-21T16:04:21.289822Z",1779379457.86984,1779379461.28982,0.000682,0.000793,0.00083,3.406838,3.407094,3.406008,0.000255999999999812,3.3981,0.0218848175048829
"2026-05-21T16:04:21.637Z","run_bootstrap",202,"http://client2:8000","run","http://client2:8000/run",1,TRUE,200,1107,255,3.28748297691345,"2026-05-21T16:04:17.871771Z","2026-05-21T16:04:21.159254Z",1779379457.87177,1779379461.15925,0.000659,0.000745,0.000778,3.271929,3.272046,3.271151,0.000116999999999923,3.2625,0.024982976913452
"2026-05-21T16:04:21.637Z","run_bootstrap",202,"http://client3:8000","run","http://client3:8000/run",1,TRUE,200,1107,255,3.76126623153687,"2026-05-21T16:04:17.871032Z","2026-05-21T16:04:21.632298Z",1779379457.87103,1779379461.6323,0.000453,0.000542,0.000576,3.747514,3.747633,3.746938,0.000119000000000202,3.7408,0.0204662315368651
"2026-05-21T16:04:25.233Z","run_bootstrap",203,"http://client1:8000","run","http://client1:8000/run",1,TRUE,200,1108,260,3.57889771461487,"2026-05-21T16:04:21.650275Z","2026-05-21T16:04:25.229172Z",1779379461.65028,1779379465.22917,0.000654,0.000716,0.000736,3.565463,3.565594,3.564727,0.000131000000000103,3.5582,0.0206977146148684
"2026-05-21T16:04:25.233Z","run_bootstrap",203,"http://client2:8000","run","http://client2:8000/run",1,TRUE,200,1108,257,3.43489217758179,"2026-05-21T16:04:21.651698Z","2026-05-21T16:04:25.086591Z",1779379461.6517,1779379465.08659,0.000515,0.000593,0.000626,3.41908,3.419216,3.418454,0.000135999999999914,3.4117,0.0231921775817869
"2026-05-21T16:04:25.233Z","run_bootstrap",203,"http://client3:8000","run","http://client3:8000/run",1,TRUE,200,1108,252,3.55932450294495,"2026-05-21T16:04:21.650914Z","2026-05-21T16:04:25.210239Z",1779379461.65091,1779379465.21024,0.000611,0.000689,0.000711,3.546479,3.546608,3.545768,0.000128999999999824,3.5396,0.0197245029449462
"2026-05-21T16:04:28.875Z","run_bootstrap",204,"http://client1:8000","run","http://client1:8000/run",1,TRUE,200,1108,260,3.37658143043518,"2026-05-21T16:04:25.244786Z","2026-05-21T16:04:28.621367Z",1779379465.24479,1779379468.62137,0.000604,0.000711,0.000746,3.362594,3.36273,3.361848,0.000135999999999914,3.3403,0.0362814304351806
"2026-05-21T16:04:28.875Z","run_bootstrap",204,"http://client2:8000","run","http://client2:8000/run",1,TRUE,200,1108,257,3.57658410072327,"2026-05-21T16:04:25.247014Z","2026-05-21T16:04:28.823598Z",1779379465.24701,1779379468.8236,0.000581,0.000656,0.000688,3.554935,3.555068,3.554247,0.000132999999999939,3.5482,0.0283841007232666
"2026-05-21T16:04:28.875Z","run_bootstrap",204,"http://client3:8000","run","http://client3:8000/run",1,TRUE,200,1108,250,3.62358784675598,"2026-05-21T16:04:25.247456Z","2026-05-21T16:04:28.871044Z",1779379465.24746,1779379468.87104,0.000437,0.000523,0.000554,3.602384,3.60251,3.60183,0.000126000000000293,3.59,0.0335878467559816
"2026-05-21T16:04:32.544Z","run_bootstrap",205,"http://client1:8000","run","http://client1:8000/run",1,TRUE,200,1108,254,3.60507297515869,"2026-05-21T16:04:28.887285Z","2026-05-21T16:04:32.492358Z",1779379468.88729,1779379472.49236,0.000522,6e-04,0.000623,3.589494,3.589627,3.588871,0.000132999999999939,3.5816,0.0234729751586915
"2026-05-21T16:04:32.544Z","run_bootstrap",205,"http://client2:8000","run","http://client2:8000/run",1,TRUE,200,1108,256,3.64961457252502,"2026-05-21T16:04:28.887942Z","2026-05-21T16:04:32.537556Z",1779379468.88794,1779379472.53756,0.000577,0.000658,0.000692,3.632371,3.632487,3.631679,0.000115999999999783,3.625,0.0246145725250244
"2026-05-21T16:04:32.544Z","run_bootstrap",205,"http://client3:8000","run","http://client3:8000/run",1,TRUE,200,1108,255,3.64294695854187,"2026-05-21T16:04:28.888588Z","2026-05-21T16:04:32.531535Z",1779379468.88859,1779379472.53154,0.000584,0.000635,0.000653,3.629441,3.629592,3.628788,0.000151000000000234,3.6224,0.0205469585418703
"2026-05-21T16:04:36.228Z","run_bootstrap",206,"http://client1:8000","run","http://client1:8000/run",1,TRUE,200,1108,254,3.6665096282959,"2026-05-21T16:04:32.558144Z","2026-05-21T16:04:36.224653Z",1779379472.55814,1779379476.22465,0.000628,0.000698,0.000719,3.645238,3.645274,3.644519,3.6000000000147e-05,3.6369,0.0296096282958986
"2026-05-21T16:04:36.228Z","run_bootstrap",206,"http://client2:8000","run","http://client2:8000/run",1,TRUE,200,1108,257,3.49762725830078,"2026-05-21T16:04:32.558666Z","2026-05-21T16:04:36.056293Z",1779379472.55867,1779379476.05629,0.000653,0.000715,0.000736,3.476228,3.476275,3.475492,4.69999999999082e-05,3.4681,0.0295272583007811
"2026-05-21T16:04:36.228Z","run_bootstrap",206,"http://client3:8000","run","http://client3:8000/run",1,TRUE,200,1108,255,3.56147432327271,"2026-05-21T16:04:32.559200Z","2026-05-21T16:04:36.120675Z",1779379472.5592,1779379476.12068,0.000519,0.000598,0.00062,3.540681,3.540714,3.540061,3.29999999997277e-05,3.5334,0.0280743232727052
"2026-05-21T16:04:39.977Z","run_bootstrap",207,"http://client1:8000","run","http://client1:8000/run",1,TRUE,200,1108,257,3.62519812583923,"2026-05-21T16:04:36.243686Z","2026-05-21T16:04:39.868884Z",1779379476.24369,1779379479.86888,0.000614,0.000729,0.000768,3.608319,3.608432,3.607551,0.000113000000000252,3.6011,0.0240981258392332
"2026-05-21T16:04:39.977Z","run_bootstrap",207,"http://client2:8000","run","http://client2:8000/run",1,TRUE,200,1108,255,3.56302523612976,"2026-05-21T16:04:36.244532Z","2026-05-21T16:04:39.807557Z",1779379476.24453,1779379479.80756,0.000581,0.000714,0.000755,3.546886,3.54702,3.546131,0.000133999999999634,3.5397,0.0233252361297609
"2026-05-21T16:04:39.977Z","run_bootstrap",207,"http://client3:8000","run","http://client3:8000/run",1,TRUE,200,1108,254,3.72502851486206,"2026-05-21T16:04:36.245047Z","2026-05-21T16:04:39.970076Z",1779379476.24505,1779379479.97008,0.000532,0.000624,0.000659,3.705749,3.70588,3.70509,0.000131000000000103,3.6979,0.0271285148620604
"2026-05-21T16:04:43.767Z","run_bootstrap",208,"http://client1:8000","run","http://client1:8000/run",1,TRUE,200,1108,257,3.49307513237,"2026-05-21T16:04:39.990258Z","2026-05-21T16:04:43.483333Z",1779379479.99026,1779379483.48333,0.000706,0.000755,0.000774,3.478886,3.478985,3.478112,9.90000000000713e-05,3.4714,0.0216751323699951
"2026-05-21T16:04:43.767Z","run_bootstrap",208,"http://client2:8000","run","http://client2:8000/run",1,TRUE,200,1108,255,3.62309098243713,"2026-05-21T16:04:39.991775Z","2026-05-21T16:04:43.614866Z",1779379479.99178,1779379483.61487,0.00075,0.000831,0.000862,3.610461,3.610545,3.609599,8.4000000000195e-05,3.6032,0.0198909824371336
"2026-05-21T16:04:43.767Z","run_bootstrap",208,"http://client3:8000","run","http://client3:8000/run",1,TRUE,200,1108,254,3.76910018920898,"2026-05-21T16:04:39.991098Z","2026-05-21T16:04:43.760198Z",1779379479.9911,1779379483.7602,0.000615,0.000695,0.000717,3.755848,3.755977,3.755131,0.000129000000000268,3.7488,0.0203001892089842
"2026-05-21T16:04:47.416Z","run_bootstrap",209,"http://client1:8000","run","http://client1:8000/run",1,TRUE,200,1105,256,3.54576635360718,"2026-05-21T16:04:43.784594Z","2026-05-21T16:04:47.330360Z",1779379483.78459,1779379487.33036,0.000806,0.00089,0.00092,3.523711,3.523849,3.522791,0.000137999999999749,3.5151,0.0306663536071778
"2026-05-21T16:04:47.416Z","run_bootstrap",209,"http://client2:8000","run","http://client2:8000/run",1,TRUE,200,1105,256,3.62702775001526,"2026-05-21T16:04:43.785221Z","2026-05-21T16:04:47.412248Z",1779379483.78522,1779379487.41225,0.000776,0.000858,0.000881,3.605953,3.60609,3.605072,0.000137000000000054,3.5986,0.028427750015259
"2026-05-21T16:04:47.416Z","run_bootstrap",209,"http://client3:8000","run","http://client3:8000/run",1,TRUE,200,1105,255,3.59344482421875,"2026-05-21T16:04:43.785841Z","2026-05-21T16:04:47.379286Z",1779379483.78584,1779379487.37929,0.000812,0.000866,0.000886,3.572205,3.572353,3.571319,0.000148000000000259,3.5649,0.0285448242187498
"2026-05-21T16:04:51.114Z","run_bootstrap",210,"http://client1:8000","run","http://client1:8000/run",1,TRUE,200,1105,256,3.67770028114319,"2026-05-21T16:04:47.430810Z","2026-05-21T16:04:51.108510Z",1779379487.43081,1779379491.10851,0.000613,0.000731,0.000767,3.657257,3.657428,3.65649,0.000170999999999921,3.6488,0.0289002811431884
"2026-05-21T16:04:51.114Z","run_bootstrap",210,"http://client2:8000","run","http://client2:8000/run",1,TRUE,200,1105,256,3.53330016136169,"2026-05-21T16:04:47.430716Z","2026-05-21T16:04:50.964016Z",1779379487.43072,1779379490.96402,0.00083,0.000952,0.000989,3.519048,3.519188,3.518059,0.000140000000000029,3.5118,0.0215001613616943
"2026-05-21T16:04:51.114Z","run_bootstrap",210,"http://client3:8000","run","http://client3:8000/run",1,TRUE,200,1105,255,3.61723852157593,"2026-05-21T16:04:47.432124Z","2026-05-21T16:04:51.049362Z",1779379487.43212,1779379491.04936,0.000609,0.000694,0.000726,3.601858,3.601987,3.601132,0.000128999999999824,3.5833,0.0339385215759278
"2026-05-21T16:04:54.990Z","run_bootstrap",211,"http://client1:8000","run","http://client1:8000/run",1,TRUE,200,1107,254,3.85915160179138,"2026-05-21T16:04:51.126416Z","2026-05-21T16:04:54.985568Z",1779379491.12642,1779379494.98557,0.000822,0.000897,0.000919,3.845247,3.845379,3.844328,0.000131999999999799,3.8374,0.0217516017913817
"2026-05-21T16:04:54.990Z","run_bootstrap",211,"http://client2:8000","run","http://client2:8000/run",1,TRUE,200,1107,256,3.58035039901733,"2026-05-21T16:04:51.127013Z","2026-05-21T16:04:54.707363Z",1779379491.12701,1779379494.70736,0.000827,0.000897,0.00092,3.566251,3.566387,3.565331,0.000136000000000358,3.5589,0.021450399017334
"2026-05-21T16:04:54.990Z","run_bootstrap",211,"http://client3:8000","run","http://client3:8000/run",1,TRUE,200,1107,254,3.46712708473206,"2026-05-21T16:04:51.126485Z","2026-05-21T16:04:54.593612Z",1779379491.12649,1779379494.59361,0.000819,0.000891,0.000915,3.452455,3.452603,3.45154,0.000147999999999815,3.444,0.0231270847320557
"2026-05-21T16:04:58.921Z","run_bootstrap",212,"http://client1:8000","run","http://client1:8000/run",1,TRUE,200,1107,254,3.9074649810791,"2026-05-21T16:04:55.009597Z","2026-05-21T16:04:58.917062Z",1779379495.0096,1779379498.91706,0.000694,8e-04,0.000839,3.895201,3.89532,3.894362,0.000118999999999758,3.8867,0.0207649810791017
"2026-05-21T16:04:58.921Z","run_bootstrap",212,"http://client2:8000","run","http://client2:8000/run",1,TRUE,200,1107,256,3.6978976726532,"2026-05-21T16:04:55.010871Z","2026-05-21T16:04:58.708769Z",1779379495.01087,1779379498.70877,0.000658,0.000715,0.000736,3.687168,3.687282,3.686432,0.000114000000000392,3.6791,0.0187976726531982
"2026-05-21T16:04:58.921Z","run_bootstrap",212,"http://client3:8000","run","http://client3:8000/run",1,TRUE,200,1107,255,3.62336945533752,"2026-05-21T16:04:55.010889Z","2026-05-21T16:04:58.634258Z",1779379495.01089,1779379498.63426,0.000608,0.000695,0.000731,3.611771,3.611895,3.61104,0.000124000000000013,3.6026,0.0207694553375246
"2026-05-21T16:05:02.865Z","run_bootstrap",213,"http://client1:8000","run","http://client1:8000/run",1,TRUE,200,1107,255,3.76195073127747,"2026-05-21T16:04:58.934890Z","2026-05-21T16:05:02.696841Z",1779379498.93489,1779379502.69684,0.000727,0.000845,0.000884,3.748047,3.748161,3.747163,0.000113999999999947,3.7405,0.0214507312774659
"2026-05-21T16:05:02.865Z","run_bootstrap",213,"http://client2:8000","run","http://client2:8000/run",1,TRUE,200,1107,254,3.68270516395569,"2026-05-21T16:04:58.935589Z","2026-05-21T16:05:02.618294Z",1779379498.93559,1779379502.61829,0.000663,0.000781,0.000817,3.669372,3.669529,3.668555,0.000156999999999741,3.6611,0.0216051639556887
"2026-05-21T16:05:02.865Z","run_bootstrap",213,"http://client3:8000","run","http://client3:8000/run",1,TRUE,200,1107,256,3.92407274246216,"2026-05-21T16:04:58.937148Z","2026-05-21T16:05:02.861220Z",1779379498.93715,1779379502.86122,0.000637,0.000692,0.000711,3.910366,3.910503,3.909655,0.000137000000000054,3.9026,0.0214727424621581
"2026-05-21T16:05:06.658Z","run_bootstrap",214,"http://client1:8000","run","http://client1:8000/run",1,TRUE,200,1107,254,3.76586723327637,"2026-05-21T16:05:02.878414Z","2026-05-21T16:05:06.644281Z",1779379502.87841,1779379506.64428,0.000675,0.000781,0.000817,3.752398,3.752523,3.751581,0.000125000000000153,3.737,0.0288672332763671
"2026-05-21T16:05:06.658Z","run_bootstrap",214,"http://client2:8000","run","http://client2:8000/run",1,TRUE,200,1107,254,3.68025469779968,"2026-05-21T16:05:02.879337Z","2026-05-21T16:05:06.559591Z",1779379502.87934,1779379506.55959,0.00079,0.000907,0.000944,3.665449,3.66559,3.664505,0.000140999999999725,3.6581,0.0221546977996825
"2026-05-21T16:05:06.658Z","run_bootstrap",214,"http://client3:8000","run","http://client3:8000/run",1,TRUE,200,1107,256,3.77393579483032,"2026-05-21T16:05:02.879851Z","2026-05-21T16:05:06.653787Z",1779379502.87985,1779379506.65379,0.000781,0.000897,0.000934,3.760341,3.760609,3.759407,0.000268000000000157,3.7528,0.0211357948303221
"2026-05-21T16:05:10.435Z","run_bootstrap",215,"http://client1:8000","run","http://client1:8000/run",1,TRUE,200,1106,253,3.75943350791931,"2026-05-21T16:05:06.668637Z","2026-05-21T16:05:10.428070Z",1779379506.66864,1779379510.42807,0.00067,0.000795,0.000831,3.745167,3.745296,3.744336,0.000129000000000268,3.7366,0.0228335079193114
"2026-05-21T16:05:10.435Z","run_bootstrap",215,"http://client2:8000","run","http://client2:8000/run",1,TRUE,200,1106,254,3.72083210945129,"2026-05-21T16:05:06.671287Z","2026-05-21T16:05:10.392119Z",1779379506.67129,1779379510.39212,0.000583,0.000694,0.000731,3.705857,3.705975,3.705126,0.000118000000000062,3.6978,0.023032109451294
"2026-05-21T16:05:10.435Z","run_bootstrap",215,"http://client3:8000","run","http://client3:8000/run",1,TRUE,200,1106,256,3.65078473091125,"2026-05-21T16:05:06.671509Z","2026-05-21T16:05:10.322293Z",1779379506.67151,1779379510.32229,0.000653,0.00078,0.000821,3.636815,3.636915,3.635994,0.000100000000000211,3.6222,0.028584730911255
"2026-05-21T16:05:14.389Z","run_bootstrap",216,"http://client1:8000","run","http://client1:8000/run",1,TRUE,200,1106,253,3.92841291427612,"2026-05-21T16:05:10.448691Z","2026-05-21T16:05:14.377104Z",1779379510.44869,1779379514.3771,0.000549,0.000635,0.000667,3.910785,3.910926,3.910118,0.000140999999999725,3.9024,0.026012914276123
"2026-05-21T16:05:14.389Z","run_bootstrap",216,"http://client2:8000","run","http://client2:8000/run",1,TRUE,200,1106,254,3.6786093711853,"2026-05-21T16:05:10.449193Z","2026-05-21T16:05:14.127802Z",1779379510.44919,1779379514.1278,0.000476,0.000562,0.000585,3.66202,3.662161,3.661435,0.000141000000000169,3.6553,0.0233093711853027
"2026-05-21T16:05:14.389Z","run_bootstrap",216,"http://client3:8000","run","http://client3:8000/run",1,TRUE,200,1106,256,3.93603539466858,"2026-05-21T16:05:10.448824Z","2026-05-21T16:05:14.384859Z",1779379510.44882,1779379514.38486,0.000621,0.00073,0.000765,3.922006,3.922239,3.921241,0.000232999999999706,3.9145,0.0215353946685792
"2026-05-21T16:05:18.178Z","run_bootstrap",217,"http://client1:8000","run","http://client1:8000/run",1,TRUE,200,1108,255,3.77270483970642,"2026-05-21T16:05:14.401930Z","2026-05-21T16:05:18.174635Z",1779379514.40193,1779379518.17464,0.000451,0.000535,0.000558,3.749994,3.750025,3.749436,3.09999999998922e-05,3.7423,0.0304048397064207
"2026-05-21T16:05:18.178Z","run_bootstrap",217,"http://client2:8000","run","http://client2:8000/run",1,TRUE,200,1108,254,3.74860620498657,"2026-05-21T16:05:14.401342Z","2026-05-21T16:05:18.149948Z",1779379514.40134,1779379518.14995,0.000682,0.000797,0.000835,3.728812,3.728843,3.727977,3.09999999998922e-05,3.7199,0.0287062049865723
"2026-05-21T16:05:18.178Z","run_bootstrap",217,"http://client3:8000","run","http://client3:8000/run",1,TRUE,200,1108,256,3.74092078208923,"2026-05-21T16:05:14.403111Z","2026-05-21T16:05:18.144032Z",1779379514.40311,1779379518.14403,0.000489,0.000573,0.000604,3.7192,3.719232,3.718596,3.2000000000032e-05,3.7122,0.0287207820892332
"2026-05-21T16:05:22.132Z","run_bootstrap",218,"http://client1:8000","run","http://client1:8000/run",1,TRUE,200,1108,255,3.67116808891296,"2026-05-21T16:05:18.193507Z","2026-05-21T16:05:21.864675Z",1779379518.19351,1779379521.86468,0.000625,0.000713,0.000738,3.658226,3.658353,3.657488,0.000126999999999988,3.6505,0.0206680889129638
"2026-05-21T16:05:22.132Z","run_bootstrap",218,"http://client2:8000","run","http://client2:8000/run",1,TRUE,200,1108,253,3.93201899528503,"2026-05-21T16:05:18.194888Z","2026-05-21T16:05:22.126907Z",1779379518.19489,1779379522.12691,0.000528,0.000653,0.000691,3.91092,3.91105,3.910229,0.000129999999999963,3.896,0.0360189952850343
"2026-05-21T16:05:22.132Z","run_bootstrap",218,"http://client3:8000","run","http://client3:8000/run",1,TRUE,200,1108,256,3.79463577270508,"2026-05-21T16:05:18.195391Z","2026-05-21T16:05:21.990027Z",1779379518.19539,1779379521.99003,0.000469,0.000556,0.000591,3.777016,3.777147,3.776425,0.000130999999999659,3.7688,0.025835772705078
"2026-05-21T16:05:26.100Z","run_bootstrap",219,"http://client1:8000","run","http://client1:8000/run",1,TRUE,200,1108,254,3.71567463874817,"2026-05-21T16:05:22.143405Z","2026-05-21T16:05:25.859079Z",1779379522.14341,1779379525.85908,0.000622,0.000707,0.000731,3.701624,3.701769,3.700893,0.000145000000000284,3.6923,0.023374638748169
"2026-05-21T16:05:26.100Z","run_bootstrap",219,"http://client2:8000","run","http://client2:8000/run",1,TRUE,200,1108,255,3.66451978683472,"2026-05-21T16:05:22.145230Z","2026-05-21T16:05:25.809750Z",1779379522.14523,1779379525.80975,0.000523,0.000583,0.000602,3.649982,3.650155,3.64938,0.000172999999999757,3.6411,0.023419786834717
"2026-05-21T16:05:26.100Z","run_bootstrap",219,"http://client3:8000","run","http://client3:8000/run",1,TRUE,200,1108,253,3.94972896575928,"2026-05-21T16:05:22.145669Z","2026-05-21T16:05:26.095398Z",1779379522.14567,1779379526.0954,0.000606,0.000689,0.00072,3.929918,3.930048,3.929198,0.000130000000000408,3.9144,0.0353289657592772
"2026-05-21T16:05:30.246Z","run_bootstrap",220,"http://client1:8000","run","http://client1:8000/run",1,TRUE,200,1108,254,4.07657313346863,"2026-05-21T16:05:26.112238Z","2026-05-21T16:05:30.188812Z",1779379526.11224,1779379530.18881,0.000532,0.000652,0.000792,4.062366,4.0625,4.061574,0.000134000000000079,3.8988,0.177773133468628
"2026-05-21T16:05:30.246Z","run_bootstrap",220,"http://client2:8000","run","http://client2:8000/run",1,TRUE,200,1108,255,4.12892413139343,"2026-05-21T16:05:26.113379Z","2026-05-21T16:05:30.242303Z",1779379526.11338,1779379530.2423,0.000518,0.000595,0.000626,4.111661,4.11179,4.111035,0.000129000000000268,3.9486,0.180324131393433
"2026-05-21T16:05:30.246Z","run_bootstrap",220,"http://client3:8000","run","http://client3:8000/run",1,TRUE,200,1108,253,3.76844048500061,"2026-05-21T16:05:26.113294Z","2026-05-21T16:05:29.881735Z",1779379526.11329,1779379529.88174,0.000677,0.000798,0.000834,3.754885,3.755059,3.754051,0.000174000000000341,3.5858,0.18264048500061
"2026-05-21T16:05:33.909Z","run_bootstrap",221,"http://client1:8000","run","http://client1:8000/run",1,TRUE,200,1107,255,3.64461064338684,"2026-05-21T16:05:30.258699Z","2026-05-21T16:05:33.903310Z",1779379530.2587,1779379533.90331,0.00078,0.000855,0.000888,3.629402,3.629546,3.628514,0.000144000000000144,3.6224,0.022210643386841
"2026-05-21T16:05:33.909Z","run_bootstrap",221,"http://client2:8000","run","http://client2:8000/run",1,TRUE,200,1107,256,3.55105304718018,"2026-05-21T16:05:30.259169Z","2026-05-21T16:05:33.810222Z",1779379530.25917,1779379533.81022,0.000737,0.000846,0.000885,3.536308,3.536452,3.535423,0.000144000000000144,3.5298,0.021253047180176
"2026-05-21T16:05:33.909Z","run_bootstrap",221,"http://client3:8000","run","http://client3:8000/run",1,TRUE,200,1107,256,3.57615303993225,"2026-05-21T16:05:30.260353Z","2026-05-21T16:05:33.836506Z",1779379530.26035,1779379533.83651,0.000488,0.000607,0.000647,3.559847,3.559979,3.5592,0.000131999999999799,3.5535,0.0226530399322509
"2026-05-21T16:05:37.764Z","run_bootstrap",222,"http://client1:8000","run","http://client1:8000/run",1,TRUE,200,1107,255,3.83562588691711,"2026-05-21T16:05:33.920561Z","2026-05-21T16:05:37.756187Z",1779379533.92056,1779379537.75619,0.000741,0.00082,0.000843,3.820838,3.820958,3.819995,0.000119999999999898,3.8127,0.0229258869171143
"2026-05-21T16:05:37.764Z","run_bootstrap",222,"http://client2:8000","run","http://client2:8000/run",1,TRUE,200,1107,256,3.45454692840576,"2026-05-21T16:05:33.923069Z","2026-05-21T16:05:37.377616Z",1779379533.92307,1779379537.37762,0.00063,0.000709,0.00074,3.439185,3.439331,3.438445,0.000145999999999979,3.4309,0.0236469284057619
"2026-05-21T16:05:37.764Z","run_bootstrap",222,"http://client3:8000","run","http://client3:8000/run",1,TRUE,200,1107,256,3.81138443946838,"2026-05-21T16:05:33.923482Z","2026-05-21T16:05:37.734866Z",1779379533.92348,1779379537.73487,0.000591,0.000696,0.00073,3.791288,3.791411,3.790558,0.000122999999999873,3.7837,0.0276844394683837
"2026-05-21T16:05:41.763Z","run_bootstrap",223,"http://client1:8000","run","http://client1:8000/run",1,TRUE,200,1108,255,3.98111343383789,"2026-05-21T16:05:37.775832Z","2026-05-21T16:05:41.756945Z",1779379537.77583,1779379541.75695,0.000644,0.000746,0.000779,3.962578,3.962689,3.961799,0.000110999999999972,3.9551,0.0260134338378908
"2026-05-21T16:05:41.763Z","run_bootstrap",223,"http://client2:8000","run","http://client2:8000/run",1,TRUE,200,1108,256,3.62702441215515,"2026-05-21T16:05:37.778493Z","2026-05-21T16:05:41.405518Z",1779379537.77849,1779379541.40552,0.000539,0.000621,0.000653,3.606301,3.606421,3.605648,0.000119999999999898,3.5995,0.0275244121551514
"2026-05-21T16:05:41.763Z","run_bootstrap",223,"http://client3:8000","run","http://client3:8000/run",1,TRUE,200,1108,254,3.64284658432007,"2026-05-21T16:05:37.778679Z","2026-05-21T16:05:41.421525Z",1779379537.77868,1779379541.42153,0.000733,0.000816,0.000839,3.626161,3.626235,3.625322,7.39999999996854e-05,3.6194,0.0234465843200682
"2026-05-21T16:05:45.811Z","run_bootstrap",224,"http://client1:8000","run","http://client1:8000/run",1,TRUE,200,1108,255,3.71126818656921,"2026-05-21T16:05:41.779757Z","2026-05-21T16:05:45.491025Z",1779379541.77976,1779379545.49103,0.000539,0.000613,0.000635,3.697187,3.697288,3.696552,0.000100999999999907,3.6897,0.0215681865692137
"2026-05-21T16:05:45.811Z","run_bootstrap",224,"http://client2:8000","run","http://client2:8000/run",1,TRUE,200,1108,256,4.02715754508972,"2026-05-21T16:05:41.780105Z","2026-05-21T16:05:45.807262Z",1779379541.78011,1779379545.80726,0.00064,0.000712,0.000731,4.014239,4.014369,4.013508,0.000130000000000408,4.0063,0.0208575450897213
"2026-05-21T16:05:45.811Z","run_bootstrap",224,"http://client3:8000","run","http://client3:8000/run",1,TRUE,200,1108,254,3.95727634429932,"2026-05-21T16:05:41.780451Z","2026-05-21T16:05:45.737727Z",1779379541.78045,1779379545.73773,0.000688,0.000767,0.000809,3.944011,3.94415,3.943202,0.000138999999999889,3.9371,0.0201763442993164
"2026-05-21T16:05:49.907Z","run_bootstrap",225,"http://client1:8000","run","http://client1:8000/run",1,TRUE,200,1108,253,4.00551819801331,"2026-05-21T16:05:45.822626Z","2026-05-21T16:05:49.828145Z",1779379545.82263,1779379549.82815,0.000837,0.000916,0.000939,3.991984,3.992118,3.991045,0.000134000000000079,3.8296,0.175918198013306
"2026-05-21T16:05:49.907Z","run_bootstrap",225,"http://client2:8000","run","http://client2:8000/run",1,TRUE,200,1108,255,4.07904267311096,"2026-05-21T16:05:45.824176Z","2026-05-21T16:05:49.903218Z",1779379545.82418,1779379549.90322,0.000566,0.000606,0.000621,4.066118,4.066247,4.065497,0.00012899999999938,4.0574,0.0216426731109616
"2026-05-21T16:05:49.907Z","run_bootstrap",225,"http://client3:8000","run","http://client3:8000/run",1,TRUE,200,1108,256,3.85518383979797,"2026-05-21T16:05:45.824981Z","2026-05-21T16:05:49.680165Z",1779379545.82498,1779379549.68017,0.000563,0.000645,0.000677,3.837842,3.837982,3.837165,0.000139999999999585,3.8304,0.0247838397979736
"2026-05-21T16:05:53.898Z","run_bootstrap",226,"http://client1:8000","run","http://client1:8000/run",1,TRUE,200,1108,253,3.64395904541016,"2026-05-21T16:05:49.920162Z","2026-05-21T16:05:53.564121Z",1779379549.92016,1779379553.56412,0.000778,0.000867,0.000891,3.630468,3.630589,3.629577,0.000121000000000038,3.6234,0.0205590454101561
"2026-05-21T16:05:53.898Z","run_bootstrap",226,"http://client2:8000","run","http://client2:8000/run",1,TRUE,200,1108,255,3.97170996665955,"2026-05-21T16:05:49.922080Z","2026-05-21T16:05:53.893790Z",1779379549.92208,1779379553.89379,0.000645,0.000709,0.000734,3.958569,3.958728,3.957835,0.00015900000000002,3.9519,0.0198099666595457
"2026-05-21T16:05:53.898Z","run_bootstrap",226,"http://client3:8000","run","http://client3:8000/run",1,TRUE,200,1108,255,3.68856596946716,"2026-05-21T16:05:49.922468Z","2026-05-21T16:05:53.611034Z",1779379549.92247,1779379553.61103,0.000571,0.000658,0.00069,3.674115,3.674241,3.673425,0.000125999999999848,3.657,0.0315659694671631
"2026-05-21T16:05:57.835Z","run_bootstrap",227,"http://client1:8000","run","http://client1:8000/run",1,TRUE,200,1107,255,3.75122332572937,"2026-05-21T16:05:53.909661Z","2026-05-21T16:05:57.660885Z",1779379553.90966,1779379557.66089,0.000774,0.000896,0.000932,3.736597,3.736692,3.735665,9.49999999999562e-05,3.7289,0.0223233257293702
"2026-05-21T16:05:57.835Z","run_bootstrap",227,"http://client2:8000","run","http://client2:8000/run",1,TRUE,200,1107,254,3.91695046424866,"2026-05-21T16:05:53.911096Z","2026-05-21T16:05:57.828046Z",1779379553.9111,1779379557.82805,0.000542,0.000658,0.000694,3.900635,3.900768,3.899941,0.000132999999999939,3.8938,0.0231504642486571
"2026-05-21T16:05:57.835Z","run_bootstrap",227,"http://client3:8000","run","http://client3:8000/run",1,TRUE,200,1107,255,3.69832944869995,"2026-05-21T16:05:53.911570Z","2026-05-21T16:05:57.609899Z",1779379553.91157,1779379557.6099,0.000551,0.000643,0.000679,3.682315,3.682452,3.681636,0.000137000000000054,3.675,0.0233294486999513
"2026-05-21T16:06:01.645Z","run_bootstrap",228,"http://client1:8000","run","http://client1:8000/run",1,TRUE,200,1107,255,3.5577027797699,"2026-05-21T16:05:57.848269Z","2026-05-21T16:06:01.405972Z",1779379557.84827,1779379561.40597,0.000661,0.000774,0.00081,3.529933,3.530012,3.529123,7.89999999999402e-05,3.5215,0.0362027797698974
"2026-05-21T16:06:01.645Z","run_bootstrap",228,"http://client2:8000","run","http://client2:8000/run",1,TRUE,200,1107,254,3.79142117500305,"2026-05-21T16:05:57.848982Z","2026-05-21T16:06:01.640403Z",1779379557.84898,1779379561.6404,0.000607,0.000694,0.000725,3.762562,3.762686,3.761837,0.000124000000000013,3.7555,0.0359211750030517
"2026-05-21T16:06:01.645Z","run_bootstrap",228,"http://client3:8000","run","http://client3:8000/run",1,TRUE,200,1107,256,3.59637999534607,"2026-05-21T16:05:57.849246Z","2026-05-21T16:06:01.445626Z",1779379557.84925,1779379561.44563,0.000647,0.000758,0.000793,3.57626,3.576381,3.575467,0.000121000000000038,3.5693,0.0270799953460692
"2026-05-21T16:06:05.267Z","run_bootstrap",229,"http://client1:8000","run","http://client1:8000/run",1,TRUE,200,1107,255,3.60153102874756,"2026-05-21T16:06:01.659709Z","2026-05-21T16:06:05.261240Z",1779379561.65971,1779379565.26124,0.000672,0.000785,0.000823,3.587849,3.587943,3.587026,9.40000000002605e-05,3.5802,0.0213310287475585
"2026-05-21T16:06:05.267Z","run_bootstrap",229,"http://client2:8000","run","http://client2:8000/run",1,TRUE,200,1107,255,3.57288599014282,"2026-05-21T16:06:01.662104Z","2026-05-21T16:06:05.234990Z",1779379561.6621,1779379565.23499,0.000569,0.000726,0.000769,3.554102,3.554217,3.553333,0.000115000000000087,3.5468,0.0260859901428221
"2026-05-21T16:06:05.267Z","run_bootstrap",229,"http://client3:8000","run","http://client3:8000/run",1,TRUE,200,1107,254,3.44002437591553,"2026-05-21T16:06:01.662537Z","2026-05-21T16:06:05.102561Z",1779379561.66254,1779379565.10256,0.000689,0.000807,0.000844,3.420996,3.421119,3.420152,0.000122999999999873,3.4136,0.0264243759155272
"2026-05-21T16:06:08.956Z","run_bootstrap",230,"http://client1:8000","run","http://client1:8000/run",1,TRUE,200,1107,254,3.56588864326477,"2026-05-21T16:06:05.280415Z","2026-05-21T16:06:08.846304Z",1779379565.28042,1779379568.8463,0.000611,0.000692,0.000725,3.546202,3.54635,3.545477,0.000147999999999815,3.539,0.0268886432647704
"2026-05-21T16:06:08.956Z","run_bootstrap",230,"http://client2:8000","run","http://client2:8000/run",1,TRUE,200,1107,255,3.41153359413147,"2026-05-21T16:06:05.281041Z","2026-05-21T16:06:08.692574Z",1779379565.28104,1779379568.69257,0.000516,0.000605,0.000639,3.396576,3.396753,3.395937,0.000176999999999872,3.3897,0.0218335941314698
"2026-05-21T16:06:08.956Z","run_bootstrap",230,"http://client3:8000","run","http://client3:8000/run",1,TRUE,200,1107,254,3.66874718666077,"2026-05-21T16:06:05.280651Z","2026-05-21T16:06:08.949398Z",1779379565.28065,1779379568.9494,0.000749,0.000854,0.000892,3.654896,3.65504,3.654004,0.000144000000000144,3.6467,0.0220471866607665
"2026-05-21T16:06:12.584Z","run_bootstrap",231,"http://client1:8000","run","http://client1:8000/run",1,TRUE,200,1108,254,3.61126279830933,"2026-05-21T16:06:08.967869Z","2026-05-21T16:06:12.579131Z",1779379568.96787,1779379572.57913,0.000481,0.000554,0.000585,3.596363,3.596505,3.595778,0.000141999999999864,3.5887,0.0225627983093264
"2026-05-21T16:06:12.584Z","run_bootstrap",231,"http://client2:8000","run","http://client2:8000/run",1,TRUE,200,1108,256,3.48906683921814,"2026-05-21T16:06:08.967218Z","2026-05-21T16:06:12.456284Z",1779379568.96722,1779379572.45628,0.000704,0.000812,0.000847,3.474948,3.475042,3.474101,9.40000000002605e-05,3.4678,0.0212668392181397
"2026-05-21T16:06:12.584Z","run_bootstrap",231,"http://client3:8000","run","http://client3:8000/run",1,TRUE,200,1108,253,3.59017395973206,"2026-05-21T16:06:08.968364Z","2026-05-21T16:06:12.558538Z",1779379568.96836,1779379572.55854,0.000586,0.000667,0.000698,3.577464,3.577583,3.576766,0.000119000000000202,3.5698,0.0203739597320558
"2026-05-21T16:06:16.391Z","run_bootstrap",232,"http://client1:8000","run","http://client1:8000/run",1,TRUE,200,1108,254,3.78655219078064,"2026-05-21T16:06:12.597453Z","2026-05-21T16:06:16.384005Z",1779379572.59745,1779379576.38401,0.00076,0.000872,0.000908,3.770789,3.770935,3.769881,0.000145999999999979,3.7631,0.0234521907806395
"2026-05-21T16:06:16.391Z","run_bootstrap",232,"http://client2:8000","run","http://client2:8000/run",1,TRUE,200,1108,256,3.58156967163086,"2026-05-21T16:06:12.598362Z","2026-05-21T16:06:16.179932Z",1779379572.59836,1779379576.17993,0.000396,0.000477,0.000509,3.566111,3.566201,3.565602,9.00000000001455e-05,3.5593,0.0222696716308595
"2026-05-21T16:06:16.391Z","run_bootstrap",232,"http://client3:8000","run","http://client3:8000/run",1,TRUE,200,1108,251,3.54150223731995,"2026-05-21T16:06:12.598962Z","2026-05-21T16:06:16.140464Z",1779379572.59896,1779379576.14046,0.000586,7e-04,0.000736,3.526988,3.527144,3.526252,0.000156000000000045,3.52,0.0215022373199463
"2026-05-21T16:06:20.195Z","run_bootstrap",233,"http://client1:8000","run","http://client1:8000/run",1,TRUE,200,1107,254,3.61211776733398,"2026-05-21T16:06:16.406433Z","2026-05-21T16:06:20.018551Z",1779379576.40643,1779379580.01855,0.000728,0.000813,0.000836,3.598305,3.598425,3.597469,0.000120000000000342,3.5906,0.0215177673339846
"2026-05-21T16:06:20.195Z","run_bootstrap",233,"http://client2:8000","run","http://client2:8000/run",1,TRUE,200,1107,256,3.49604201316833,"2026-05-21T16:06:16.408417Z","2026-05-21T16:06:19.904459Z",1779379576.40842,1779379579.90446,0.000556,0.000742,0.000765,3.473802,3.473979,3.473037,0.000176999999999872,3.4655,0.0305420131683349
"2026-05-21T16:06:20.195Z","run_bootstrap",233,"http://client3:8000","run","http://client3:8000/run",1,TRUE,200,1107,254,3.78120088577271,"2026-05-21T16:06:16.408818Z","2026-05-21T16:06:20.190019Z",1779379576.40882,1779379580.19002,0.000696,0.000753,0.000772,3.758766,3.758915,3.757994,0.000148999999999955,3.7515,0.029700885772705
"2026-05-21T16:06:23.979Z","run_bootstrap",234,"http://client1:8000","run","http://client1:8000/run",1,TRUE,200,1107,254,3.59132814407349,"2026-05-21T16:06:20.209286Z","2026-05-21T16:06:23.800614Z",1779379580.20929,1779379583.80061,0.00049,0.000568,0.000602,3.57401,3.574121,3.573408,0.000110999999999972,3.5668,0.0245281440734861
"2026-05-21T16:06:23.979Z","run_bootstrap",234,"http://client2:8000","run","http://client2:8000/run",1,TRUE,200,1107,256,3.76505613327026,"2026-05-21T16:06:20.209898Z","2026-05-21T16:06:23.974954Z",1779379580.2099,1779379583.97495,0.00058,0.000646,0.000666,3.74833,3.748451,3.747664,0.000121000000000038,3.7401,0.0249561332702637
"2026-05-21T16:06:23.979Z","run_bootstrap",234,"http://client3:8000","run","http://client3:8000/run",1,TRUE,200,1107,254,3.55854654312134,"2026-05-21T16:06:20.208736Z","2026-05-21T16:06:23.767283Z",1779379580.20874,1779379583.76728,0.000723,0.000796,0.000816,3.540879,3.541004,3.540063,0.000125000000000153,3.5323,0.0262465431213377
"2026-05-21T16:06:27.685Z","run_bootstrap",235,"http://client1:8000","run","http://client1:8000/run",1,TRUE,200,1108,255,3.68673348426819,"2026-05-21T16:06:23.994064Z","2026-05-21T16:06:27.680798Z",1779379583.99406,1779379587.6808,0.00065,0.000709,0.000744,3.671724,3.671874,3.67098,0.00014999999999965,3.6642,0.0225334842681884
"2026-05-21T16:06:27.685Z","run_bootstrap",235,"http://client2:8000","run","http://client2:8000/run",1,TRUE,200,1108,256,3.65264940261841,"2026-05-21T16:06:23.994928Z","2026-05-21T16:06:27.647577Z",1779379583.99493,1779379587.64758,0.000528,0.000609,0.000632,3.638436,3.638584,3.637804,0.000147999999999815,3.6309,0.0217494026184082
"2026-05-21T16:06:27.685Z","run_bootstrap",235,"http://client3:8000","run","http://client3:8000/run",1,TRUE,200,1108,255,3.66692495346069,"2026-05-21T16:06:23.995518Z","2026-05-21T16:06:27.662443Z",1779379583.99552,1779379587.66244,0.000694,0.000799,0.000934,3.653331,3.653461,3.652397,0.000129999999999963,3.6445,0.0224249534606935
"2026-05-21T16:06:31.582Z","run_bootstrap",236,"http://client1:8000","run","http://client1:8000/run",1,TRUE,200,1108,255,3.88003516197205,"2026-05-21T16:06:27.698088Z","2026-05-21T16:06:31.578123Z",1779379587.69809,1779379591.57812,0.000791,0.000877,9e-04,3.86493,3.865055,3.86403,0.000124999999999709,3.8522,0.0278351619720461
"2026-05-21T16:06:31.582Z","run_bootstrap",236,"http://client2:8000","run","http://client2:8000/run",1,TRUE,200,1108,256,3.68773865699768,"2026-05-21T16:06:27.698835Z","2026-05-21T16:06:31.386574Z",1779379587.69884,1779379591.38657,0.000643,0.000703,0.000722,3.672539,3.672744,3.671817,0.000204999999999789,3.6656,0.0221386569976807
"2026-05-21T16:06:31.582Z","run_bootstrap",236,"http://client3:8000","run","http://client3:8000/run",1,TRUE,200,1108,255,3.59948635101318,"2026-05-21T16:06:27.699456Z","2026-05-21T16:06:31.298943Z",1779379587.69946,1779379591.29894,0.000495,0.000547,0.000564,3.58209,3.582359,3.581526,0.000268999999999853,3.5722,0.0272863510131836
"2026-05-21T16:06:35.317Z","run_bootstrap",237,"http://client1:8000","run","http://client1:8000/run",1,TRUE,200,1108,255,3.63221907615662,"2026-05-21T16:06:31.593369Z","2026-05-21T16:06:35.225588Z",1779379591.59337,1779379595.22559,0.000729,0.000836,0.000873,3.618771,3.618916,3.617898,0.00014499999999984,3.6103,0.0219190761566161
"2026-05-21T16:06:35.317Z","run_bootstrap",237,"http://client2:8000","run","http://client2:8000/run",1,TRUE,200,1108,256,3.66809773445129,"2026-05-21T16:06:31.595710Z","2026-05-21T16:06:35.263808Z",1779379591.59571,1779379595.26381,0.000868,0.001013,0.001059,3.649696,3.649838,3.648637,0.000141999999999864,3.6417,0.0263977344512938
"2026-05-21T16:06:35.317Z","run_bootstrap",237,"http://client3:8000","run","http://client3:8000/run",1,TRUE,200,1108,254,3.71561598777771,"2026-05-21T16:06:31.596091Z","2026-05-21T16:06:35.311707Z",1779379591.59609,1779379595.31171,0.000814,0.00098,0.001034,3.695108,3.69521,3.694074,0.000102000000000046,3.6858,0.02981598777771
"2026-05-21T16:06:39.262Z","run_bootstrap",238,"http://client1:8000","run","http://client1:8000/run",1,TRUE,200,1108,255,3.91876459121704,"2026-05-21T16:06:35.336188Z","2026-05-21T16:06:39.254952Z",1779379595.33619,1779379599.25495,0.000484,0.000603,0.000666,3.898015,3.898151,3.897349,0.000135999999999914,3.8904,0.0283645912170409
"2026-05-21T16:06:39.262Z","run_bootstrap",238,"http://client2:8000","run","http://client2:8000/run",1,TRUE,200,1108,256,3.4788715839386,"2026-05-21T16:06:35.337050Z","2026-05-21T16:06:38.815922Z",1779379595.33705,1779379598.81592,0.000695,0.000839,0.000876,3.463767,3.463977,3.462891,0.000210000000000043,3.4534,0.0254715839385988
"2026-05-21T16:06:39.262Z","run_bootstrap",238,"http://client3:8000","run","http://client3:8000/run",1,TRUE,200,1108,254,3.65245032310486,"2026-05-21T16:06:35.337707Z","2026-05-21T16:06:38.990157Z",1779379595.33771,1779379598.99016,0.000542,0.000652,0.000689,3.63432,3.634456,3.633631,0.000135999999999914,3.6271,0.0253503231048584
"2026-05-21T16:06:43.129Z","run_bootstrap",239,"http://client1:8000","run","http://client1:8000/run",1,TRUE,200,1107,254,3.67809867858887,"2026-05-21T16:06:39.275945Z","2026-05-21T16:06:42.954043Z",1779379599.27595,1779379602.95404,0.000771,0.000854,0.000885,3.664042,3.664167,3.663157,0.000125000000000153,3.6563,0.0217986785888673
"2026-05-21T16:06:43.129Z","run_bootstrap",239,"http://client2:8000","run","http://client2:8000/run",1,TRUE,200,1107,256,3.7613160610199,"2026-05-21T16:06:39.276027Z","2026-05-21T16:06:43.037343Z",1779379599.27603,1779379603.03734,0.000534,0.000622,0.000652,3.739432,3.739565,3.73878,0.000132999999999939,3.7313,0.0300160610198974
"2026-05-21T16:06:43.129Z","run_bootstrap",239,"http://client3:8000","run","http://client3:8000/run",1,TRUE,200,1107,253,3.84576869010925,"2026-05-21T16:06:39.275187Z","2026-05-21T16:06:43.120956Z",1779379599.27519,1779379603.12096,0.000689,0.000772,0.000795,3.831345,3.831466,3.83055,0.000121000000000038,3.824,0.0217686901092531
"2026-05-21T16:06:47.065Z","run_bootstrap",240,"http://client1:8000","run","http://client1:8000/run",1,TRUE,200,1107,252,3.79451608657837,"2026-05-21T16:06:43.144593Z","2026-05-21T16:06:46.939109Z",1779379603.14459,1779379606.93911,0.000824,0.000918,0.001042,3.781294,3.781381,3.780252,8.70000000001703e-05,3.61,0.184516086578369
"2026-05-21T16:06:47.065Z","run_bootstrap",240,"http://client2:8000","run","http://client2:8000/run",1,TRUE,200,1107,256,3.91483902931213,"2026-05-21T16:06:43.145997Z","2026-05-21T16:06:47.060836Z",1779379603.146,1779379607.06084,0.000581,0.000662,0.000698,3.901696,3.901827,3.900998,0.000131000000000103,3.7364,0.178439029312134
"2026-05-21T16:06:47.065Z","run_bootstrap",240,"http://client3:8000","run","http://client3:8000/run",1,TRUE,200,1107,254,3.85241198539734,"2026-05-21T16:06:43.146669Z","2026-05-21T16:06:46.999081Z",1779379603.14667,1779379606.99908,0.000487,0.000597,0.000637,3.838796,3.838956,3.838159,0.00016000000000016,3.6718,0.180611985397339
"2026-05-21T16:06:50.777Z","run_bootstrap",241,"http://client1:8000","run","http://client1:8000/run",1,TRUE,200,1108,254,3.52310180664062,"2026-05-21T16:06:47.077326Z","2026-05-21T16:06:50.600428Z",1779379607.07733,1779379610.60043,0.000483,0.000595,0.000632,3.502604,3.502742,3.501972,0.000138000000000194,3.4958,0.027301806640625
"2026-05-21T16:06:50.777Z","run_bootstrap",241,"http://client2:8000","run","http://client2:8000/run",1,TRUE,200,1108,255,3.69527292251587,"2026-05-21T16:06:47.076871Z","2026-05-21T16:06:50.772144Z",1779379607.07687,1779379610.77214,0.000819,0.000908,0.00093,3.681111,3.681218,3.680181,0.000106999999999857,3.6743,0.020972922515869
"2026-05-21T16:06:50.777Z","run_bootstrap",241,"http://client3:8000","run","http://client3:8000/run",1,TRUE,200,1108,255,3.41686081886292,"2026-05-21T16:06:47.078428Z","2026-05-21T16:06:50.495288Z",1779379607.07843,1779379610.49529,0.000573,0.000649,0.00068,3.400992,3.401079,3.400312,8.70000000001703e-05,3.3926,0.0242608188629152
"2026-05-21T16:06:54.445Z","run_bootstrap",242,"http://client1:8000","run","http://client1:8000/run",1,TRUE,200,1108,254,3.6502628326416,"2026-05-21T16:06:50.790419Z","2026-05-21T16:06:54.440682Z",1779379610.79042,1779379614.44068,0.000679,0.000755,0.000777,3.631346,3.631475,3.630569,0.000128999999999824,3.6242,0.0260628326416015
"2026-05-21T16:06:54.445Z","run_bootstrap",242,"http://client2:8000","run","http://client2:8000/run",1,TRUE,200,1108,255,3.60134625434875,"2026-05-21T16:06:50.791038Z","2026-05-21T16:06:54.392384Z",1779379610.79104,1779379614.39238,0.000711,0.000789,0.00082,3.582225,3.582365,3.581405,0.000139999999999585,3.5751,0.0262462543487549
"2026-05-21T16:06:54.445Z","run_bootstrap",242,"http://client3:8000","run","http://client3:8000/run",1,TRUE,200,1108,255,3.5594334602356,"2026-05-21T16:06:50.791742Z","2026-05-21T16:06:54.351176Z",1779379610.79174,1779379614.35118,0.000694,0.000755,0.000778,3.541807,3.541926,3.541029,0.000119000000000202,3.5345,0.0249334602355957
"2026-05-21T16:06:58.199Z","run_bootstrap",243,"http://client1:8000","run","http://client1:8000/run",1,TRUE,200,1108,254,3.73607063293457,"2026-05-21T16:06:54.456755Z","2026-05-21T16:06:58.192826Z",1779379614.45676,1779379618.19283,0.000655,0.000731,0.000767,3.720262,3.720405,3.719495,0.000143000000000004,3.7131,0.0229706329345705
"2026-05-21T16:06:58.199Z","run_bootstrap",243,"http://client2:8000","run","http://client2:8000/run",1,TRUE,200,1108,252,3.32173109054565,"2026-05-21T16:06:54.457359Z","2026-05-21T16:06:57.779090Z",1779379614.45736,1779379617.77909,0.00046,0.000569,0.000607,3.307023,3.307165,3.306416,0.000141999999999864,3.2993,0.0224310905456542
"2026-05-21T16:06:58.199Z","run_bootstrap",243,"http://client3:8000","run","http://client3:8000/run",1,TRUE,200,1108,255,3.67760181427002,"2026-05-21T16:06:54.458103Z","2026-05-21T16:06:58.135705Z",1779379614.4581,1779379618.13571,0.000508,0.000605,0.000639,3.662078,3.662198,3.661439,0.000119999999999898,3.6552,0.0224018142700197
"2026-05-21T16:07:01.831Z","run_bootstrap",244,"http://client1:8000","run","http://client1:8000/run",1,TRUE,200,1108,254,3.61450171470642,"2026-05-21T16:06:58.211890Z","2026-05-21T16:07:01.826391Z",1779379618.21189,1779379621.82639,0.000794,0.000905,0.000941,3.598007,3.59816,3.597066,0.00015300000000007,3.5902,0.0243017147064211
"2026-05-21T16:07:01.831Z","run_bootstrap",244,"http://client2:8000","run","http://client2:8000/run",1,TRUE,200,1108,252,3.41680788993835,"2026-05-21T16:06:58.212700Z","2026-05-21T16:07:01.629508Z",1779379618.2127,1779379621.62951,0.000554,0.000695,0.00075,3.397787,3.397925,3.397037,0.000137999999999749,3.3898,0.0270078899383543
"2026-05-21T16:07:01.831Z","run_bootstrap",244,"http://client3:8000","run","http://client3:8000/run",1,TRUE,200,1108,255,3.5453724861145,"2026-05-21T16:06:58.213271Z","2026-05-21T16:07:01.758643Z",1779379618.21327,1779379621.75864,0.000509,0.000593,0.000624,3.525133,3.525255,3.524509,0.000122000000000178,3.5173,0.0280724861145019
"2026-05-21T16:07:05.617Z","run_bootstrap",245,"http://client1:8000","run","http://client1:8000/run",1,TRUE,200,1107,255,3.57512354850769,"2026-05-21T16:07:01.843496Z","2026-05-21T16:07:05.418619Z",1779379621.8435,1779379625.41862,0.000677,0.000781,0.000816,3.556067,3.556174,3.555251,0.000106999999999857,3.5477,0.0274235485076906
"2026-05-21T16:07:05.617Z","run_bootstrap",245,"http://client2:8000","run","http://client2:8000/run",1,TRUE,200,1107,256,3.76647233963013,"2026-05-21T16:07:01.845892Z","2026-05-21T16:07:05.612364Z",1779379621.84589,1779379625.61236,0.000507,0.000597,0.000631,3.745562,3.74571,3.744931,0.000147999999999815,3.7282,0.0382723396301268
"2026-05-21T16:07:05.617Z","run_bootstrap",245,"http://client3:8000","run","http://client3:8000/run",1,TRUE,200,1107,254,3.3890814781189,"2026-05-21T16:07:01.846065Z","2026-05-21T16:07:05.235146Z",1779379621.84607,1779379625.23515,0.000518,0.000625,0.000663,3.368303,3.368411,3.36764,0.000107999999999997,3.3616,0.0274814781188963
"2026-05-21T16:07:09.263Z","run_bootstrap",246,"http://client1:8000","run","http://client1:8000/run",1,TRUE,200,1107,255,3.42228364944458,"2026-05-21T16:07:05.633145Z","2026-05-21T16:07:09.055429Z",1779379625.63315,1779379629.05543,0.000663,0.000771,0.000804,3.404385,3.40453,3.403581,0.00014499999999984,3.3968,0.0254836494445803
"2026-05-21T16:07:09.263Z","run_bootstrap",246,"http://client2:8000","run","http://client2:8000/run",1,TRUE,200,1107,256,3.61727356910706,"2026-05-21T16:07:05.633751Z","2026-05-21T16:07:09.251025Z",1779379625.63375,1779379629.25103,0.000619,0.000761,0.000799,3.596192,3.596329,3.595393,0.000137000000000054,3.5884,0.0288735691070556
"2026-05-21T16:07:09.263Z","run_bootstrap",246,"http://client3:8000","run","http://client3:8000/run",1,TRUE,200,1107,253,3.62365913391113,"2026-05-21T16:07:05.634272Z","2026-05-21T16:07:09.257931Z",1779379625.63427,1779379629.25793,0.000598,0.000713,0.000751,3.603135,3.603254,3.602384,0.000119000000000202,3.596,0.0276591339111327
"2026-05-21T16:07:13.120Z","run_bootstrap",247,"http://client1:8000","run","http://client1:8000/run",1,TRUE,200,1108,255,3.58700346946716,"2026-05-21T16:07:09.274731Z","2026-05-21T16:07:12.861734Z",1779379629.27473,1779379632.86173,0.000543,0.000624,0.000655,3.565656,3.565774,3.565001,0.000118000000000062,3.5562,0.0308034694671631
"2026-05-21T16:07:13.120Z","run_bootstrap",247,"http://client2:8000","run","http://client2:8000/run",1,TRUE,200,1108,256,3.40725111961365,"2026-05-21T16:07:09.275141Z","2026-05-21T16:07:12.682393Z",1779379629.27514,1779379632.68239,0.000627,0.000738,0.000761,3.389626,3.389691,3.388865,6.50000000002038e-05,3.3793,0.0279511196136473
"2026-05-21T16:07:13.120Z","run_bootstrap",247,"http://client3:8000","run","http://client3:8000/run",1,TRUE,200,1108,255,3.84044122695923,"2026-05-21T16:07:09.275616Z","2026-05-21T16:07:13.116057Z",1779379629.27562,1779379633.11606,0.000522,0.000581,0.000611,3.822688,3.822846,3.822077,0.000158000000000325,3.8153,0.0251412269592284
"2026-05-21T16:07:16.973Z","run_bootstrap",248,"http://client1:8000","run","http://client1:8000/run",1,TRUE,200,1108,254,3.57037591934204,"2026-05-21T16:07:13.133409Z","2026-05-21T16:07:16.703784Z",1779379633.13341,1779379636.70378,0.00044,0.000522,0.000555,3.554714,3.554862,3.554159,0.000147999999999815,3.547,0.0233759193420409
"2026-05-21T16:07:16.973Z","run_bootstrap",248,"http://client2:8000","run","http://client2:8000/run",1,TRUE,200,1108,256,3.83246231079102,"2026-05-21T16:07:13.134084Z","2026-05-21T16:07:16.966547Z",1779379633.13408,1779379636.96655,0.000419,0.000505,0.000538,3.812228,3.812404,3.81169,0.000175999999999732,3.8041,0.0283623107910156
"2026-05-21T16:07:16.973Z","run_bootstrap",248,"http://client3:8000","run","http://client3:8000/run",1,TRUE,200,1108,255,3.58626198768616,"2026-05-21T16:07:13.133396Z","2026-05-21T16:07:16.719658Z",1779379633.1334,1779379636.71966,0.000652,0.000756,0.000789,3.571899,3.572051,3.57111,0.00015199999999993,3.5635,0.0227619876861573
"2026-05-21T16:07:20.866Z","run_bootstrap",249,"http://client1:8000","run","http://client1:8000/run",1,TRUE,200,1107,254,3.64310169219971,"2026-05-21T16:07:16.987615Z","2026-05-21T16:07:20.630716Z",1779379636.98762,1779379640.63072,0.000644,0.000716,0.000749,3.620141,3.620286,3.619392,0.000145000000000284,3.6126,0.030501692199707
"2026-05-21T16:07:20.866Z","run_bootstrap",249,"http://client2:8000","run","http://client2:8000/run",1,TRUE,200,1107,255,3.8738420009613,"2026-05-21T16:07:16.988128Z","2026-05-21T16:07:20.861970Z",1779379636.98813,1779379640.86197,0.000362,0.000431,0.000462,3.851442,3.85158,3.85098,0.000137999999999749,3.8444,0.0294420009613039
"2026-05-21T16:07:20.866Z","run_bootstrap",249,"http://client3:8000","run","http://client3:8000/run",1,TRUE,200,1107,255,3.6503632068634,"2026-05-21T16:07:16.988518Z","2026-05-21T16:07:20.638881Z",1779379636.98852,1779379640.63888,0.000484,0.000597,0.000634,3.628864,3.628999,3.62823,0.000134999999999774,3.6212,0.0291632068634033
"2026-05-21T16:07:24.606Z","run_bootstrap",250,"http://client1:8000","run","http://client1:8000/run",1,TRUE,200,1107,254,3.47011780738831,"2026-05-21T16:07:20.880097Z","2026-05-21T16:07:24.350215Z",1779379640.8801,1779379644.35022,0.000529,0.000619,0.000652,3.442343,3.442427,3.441691,8.39999999997509e-05,3.4313,0.0388178073883059
"2026-05-21T16:07:24.606Z","run_bootstrap",250,"http://client2:8000","run","http://client2:8000/run",1,TRUE,200,1107,255,3.68413066864014,"2026-05-21T16:07:20.880925Z","2026-05-21T16:07:24.565056Z",1779379640.88093,1779379644.56506,0.000746,0.00087,0.000906,3.658997,3.659142,3.658091,0.000145000000000284,3.6515,0.0326306686401368
"2026-05-21T16:07:24.606Z","run_bootstrap",250,"http://client3:8000","run","http://client3:8000/run",1,TRUE,200,1107,255,3.72088956832886,"2026-05-21T16:07:20.881558Z","2026-05-21T16:07:24.602447Z",1779379640.88156,1779379644.60245,0.000612,0.000715,0.000751,3.693402,3.693541,3.692651,0.000139000000000333,3.6844,0.0364895683288573
"2026-05-21T16:07:28.428Z","run_bootstrap",251,"http://client1:8000","run","http://client1:8000/run",1,TRUE,200,1107,254,3.68336820602417,"2026-05-21T16:07:24.621359Z","2026-05-21T16:07:28.304728Z",1779379644.62136,1779379648.30473,0.000729,0.000848,0.000889,3.669484,3.669575,3.668595,9.09999999998412e-05,3.6603,0.02306820602417
"2026-05-21T16:07:28.428Z","run_bootstrap",251,"http://client2:8000","run","http://client2:8000/run",1,TRUE,200,1107,255,3.79882788658142,"2026-05-21T16:07:24.622632Z","2026-05-21T16:07:28.421460Z",1779379644.62263,1779379648.42146,0.000509,0.000598,0.000636,3.782599,3.782733,3.781963,0.000134000000000079,3.7755,0.0233278865814208
"2026-05-21T16:07:28.428Z","run_bootstrap",251,"http://client3:8000","run","http://client3:8000/run",1,TRUE,200,1107,255,3.62901043891907,"2026-05-21T16:07:24.623306Z","2026-05-21T16:07:28.252317Z",1779379644.62331,1779379648.25232,0.000563,0.00068,0.000721,3.612996,3.613131,3.612275,0.000135000000000218,3.6058,0.0232104389190675
"2026-05-21T16:07:32.337Z","run_bootstrap",252,"http://client1:8000","run","http://client1:8000/run",1,TRUE,200,1107,254,3.89148378372192,"2026-05-21T16:07:28.440927Z","2026-05-21T16:07:32.332411Z",1779379648.44093,1779379652.33241,0.000688,0.000792,0.000825,3.877015,3.877158,3.87619,0.000143000000000004,3.8681,0.0233837837219237
"2026-05-21T16:07:32.337Z","run_bootstrap",252,"http://client2:8000","run","http://client2:8000/run",1,TRUE,200,1107,255,3.64698481559753,"2026-05-21T16:07:28.441704Z","2026-05-21T16:07:32.088688Z",1779379648.4417,1779379652.08869,0.000605,0.000713,0.00075,3.628349,3.6284,3.627599,5.10000000000232e-05,3.6211,0.025884815597534
"2026-05-21T16:07:32.337Z","run_bootstrap",252,"http://client3:8000","run","http://client3:8000/run",1,TRUE,200,1107,255,3.72573280334473,"2026-05-21T16:07:28.442407Z","2026-05-21T16:07:32.168140Z",1779379648.44241,1779379652.16814,0.00055,0.000669,0.000705,3.706006,3.706139,3.705301,0.000132999999999939,3.6974,0.0283328033447265
