"timestamp","phase","round_id","client","endpoint","url","attempt","ok","status","request_bytes","response_bytes","elapsed_sec","request_start_ts_utc","request_end_ts_utc","request_start_epoch_sec","request_end_epoch_sec","curl_namelookup_sec","curl_connect_sec","curl_pretransfer_sec","curl_starttransfer_sec","curl_total_sec","curl_ttfb_sec","curl_response_transfer_sec","client_compute_sec","net_overhead_sec"
"2026-05-21T18:04:41.706Z","init",1,"http://client1:8000","init","http://client1:8000/init",1,TRUE,200,2713,387,0.386690855026245,"2026-05-21T18:04:41.271085Z","2026-05-21T18:04:41.657776Z",1779386681.27109,1779386681.65778,0.000668,0.000791,0.000833,0.34949,0.349535,0.348657,4.49999999999617e-05,NA,NA
"2026-05-21T18:04:41.706Z","init",1,"http://client2:8000","init","http://client2:8000/init",1,TRUE,200,2713,387,0.393886089324951,"2026-05-21T18:04:41.274953Z","2026-05-21T18:04:41.668839Z",1779386681.27495,1779386681.66884,0.000849,0.000962,0.000991,0.355413,0.355453,0.354422,4.000000000004e-05,NA,NA
"2026-05-21T18:04:41.706Z","init",1,"http://client3:8000","init","http://client3:8000/init",1,TRUE,200,2713,387,0.392392158508301,"2026-05-21T18:04:41.275218Z","2026-05-21T18:04:41.667610Z",1779386681.27522,1779386681.66761,0.000518,0.000605,0.000637,0.353582,0.353625,0.352945,4.30000000000152e-05,NA,NA
"2026-05-21T18:04:47.632Z","run_bootstrap",1,"http://client1:8000","run","http://client1:8000/run",1,TRUE,200,1107,259,5.42975568771362,"2026-05-21T18:04:41.920295Z","2026-05-21T18:04:47.350050Z",1779386681.9203,1779386687.35005,0.00077,0.000854,0.000879,5.416664,5.416696,5.415785,3.2000000000032e-05,5.3599,0.0698556877136234
"2026-05-21T18:04:47.632Z","run_bootstrap",1,"http://client2:8000","run","http://client2:8000/run",1,TRUE,200,1107,253,5.54338502883911,"2026-05-21T18:04:41.921931Z","2026-05-21T18:04:47.465317Z",1779386681.92193,1779386687.46532,0.000601,0.000764,0.000797,5.530366,5.530409,5.529569,4.29999999997932e-05,5.4748,0.0685850288391112
"2026-05-21T18:04:47.632Z","run_bootstrap",1,"http://client3:8000","run","http://client3:8000/run",1,TRUE,200,1107,254,5.7028501033783,"2026-05-21T18:04:41.922455Z","2026-05-21T18:04:47.625305Z",1779386681.92246,1779386687.62531,0.000731,0.000814,0.000845,5.688138,5.688181,5.687293,4.29999999997932e-05,5.6323,0.070550103378296
"2026-05-21T18:04:51.474Z","run_bootstrap",2,"http://client1:8000","run","http://client1:8000/run",1,TRUE,200,1107,259,3.57057166099548,"2026-05-21T18:04:47.691624Z","2026-05-21T18:04:51.262196Z",1779386687.69162,1779386691.2622,0.000674,0.000785,0.000823,3.556959,3.557007,3.556136,4.8000000000048e-05,3.4461,0.124471660995483
"2026-05-21T18:04:51.474Z","run_bootstrap",2,"http://client2:8000","run","http://client2:8000/run",1,TRUE,200,1107,253,3.76073122024536,"2026-05-21T18:04:47.692667Z","2026-05-21T18:04:51.453398Z",1779386687.69267,1779386691.4534,0.000512,0.000601,0.000636,3.740075,3.74012,3.739439,4.50000000000728e-05,3.6313,0.129431220245361
"2026-05-21T18:04:51.474Z","run_bootstrap",2,"http://client3:8000","run","http://client3:8000/run",1,TRUE,200,1107,254,3.77710676193237,"2026-05-21T18:04:47.693069Z","2026-05-21T18:04:51.470176Z",1779386687.69307,1779386691.47018,0.000525,0.000638,0.000678,3.760698,3.760743,3.76002,4.50000000000728e-05,3.6496,0.127506761932373
"2026-05-21T18:04:55.017Z","run_bootstrap",3,"http://client1:8000","run","http://client1:8000/run",1,TRUE,200,1109,256,3.49767684936523,"2026-05-21T18:04:51.489969Z","2026-05-21T18:04:54.987646Z",1779386691.48997,1779386694.98765,0.000539,0.000631,0.000663,3.477889,3.477933,3.477226,4.40000000003771e-05,3.4708,0.0268768493652343
"2026-05-21T18:04:55.017Z","run_bootstrap",3,"http://client2:8000","run","http://client2:8000/run",1,TRUE,200,1109,260,3.5211136341095,"2026-05-21T18:04:51.490421Z","2026-05-21T18:04:55.011535Z",1779386691.49042,1779386695.01154,0.000636,0.000755,0.00079,3.502321,3.502383,3.501531,6.20000000002285e-05,3.4955,0.0256136341094972
"2026-05-21T18:04:55.017Z","run_bootstrap",3,"http://client3:8000","run","http://client3:8000/run",1,TRUE,200,1109,259,3.40913248062134,"2026-05-21T18:04:51.490004Z","2026-05-21T18:04:54.899137Z",1779386691.49,1779386694.89914,0.000653,0.000764,8e-04,3.395625,3.395679,3.394825,5.39999999999985e-05,3.3888,0.0203324806213381
"2026-05-21T18:04:58.548Z","run_bootstrap",4,"http://client1:8000","run","http://client1:8000/run",1,TRUE,200,1109,256,3.47910809516907,"2026-05-21T18:04:55.032327Z","2026-05-21T18:04:58.511435Z",1779386695.03233,1779386698.51144,0.000689,0.000801,0.00084,3.462179,3.462227,3.461339,4.8000000000048e-05,3.4553,0.0238080951690676
"2026-05-21T18:04:58.548Z","run_bootstrap",4,"http://client2:8000","run","http://client2:8000/run",1,TRUE,200,1109,260,3.50955605506897,"2026-05-21T18:04:55.031784Z","2026-05-21T18:04:58.541340Z",1779386695.03178,1779386698.54134,0.000604,0.000715,0.00075,3.496485,3.49653,3.495735,4.50000000000728e-05,3.4898,0.0197560550689699
"2026-05-21T18:04:58.548Z","run_bootstrap",4,"http://client3:8000","run","http://client3:8000/run",1,TRUE,200,1109,259,3.428058385849,"2026-05-21T18:04:55.033501Z","2026-05-21T18:04:58.461560Z",1779386695.0335,1779386698.46156,0.000593,0.000683,0.000717,3.411602,3.411649,3.410885,4.70000000003523e-05,3.4039,0.0241583858489989
"2026-05-21T18:05:02.145Z","run_bootstrap",5,"http://client1:8000","run","http://client1:8000/run",1,TRUE,200,1107,256,3.47078013420105,"2026-05-21T18:04:58.558944Z","2026-05-21T18:05:02.029724Z",1779386698.55894,1779386702.02972,0.000637,0.000817,0.000894,3.448738,3.44877,3.447844,3.2000000000032e-05,3.4414,0.02938013420105
"2026-05-21T18:05:02.145Z","run_bootstrap",5,"http://client2:8000","run","http://client2:8000/run",1,TRUE,200,1107,252,3.53058981895447,"2026-05-21T18:04:58.559742Z","2026-05-21T18:05:02.090332Z",1779386698.55974,1779386702.09033,0.000605,0.000665,0.000685,3.507927,3.507957,3.507242,3.00000000001965e-05,3.5008,0.0297898189544679
"2026-05-21T18:05:02.145Z","run_bootstrap",5,"http://client3:8000","run","http://client3:8000/run",1,TRUE,200,1107,253,3.58036994934082,"2026-05-21T18:04:58.560316Z","2026-05-21T18:05:02.140686Z",1779386698.56032,1779386702.14069,0.000575,0.000666,0.000697,3.55888,3.558909,3.558183,2.90000000000568e-05,3.5512,0.0291699493408202
"2026-05-21T18:05:05.854Z","run_bootstrap",6,"http://client1:8000","run","http://client1:8000/run",1,TRUE,200,1107,256,3.68687796592712,"2026-05-21T18:05:02.161290Z","2026-05-21T18:05:05.848168Z",1779386702.16129,1779386705.84817,0.000595,0.000739,0.000778,3.67023,3.670274,3.669452,4.3999999999933e-05,3.6628,0.0240779659271242
"2026-05-21T18:05:05.854Z","run_bootstrap",6,"http://client2:8000","run","http://client2:8000/run",1,TRUE,200,1107,252,3.43901085853577,"2026-05-21T18:05:02.161962Z","2026-05-21T18:05:05.600973Z",1779386702.16196,1779386705.60097,0.00067,0.000779,0.000815,3.421543,3.42159,3.420728,4.70000000003523e-05,3.4142,0.0248108585357665
"2026-05-21T18:05:05.854Z","run_bootstrap",6,"http://client3:8000","run","http://client3:8000/run",1,TRUE,200,1107,253,3.51998353004456,"2026-05-21T18:05:02.160989Z","2026-05-21T18:05:05.680973Z",1779386702.16099,1779386705.68097,0.000665,0.000774,0.000808,3.506536,3.506571,3.505728,3.50000000000072e-05,3.4995,0.0204835300445558
"2026-05-21T18:05:09.410Z","run_bootstrap",7,"http://client1:8000","run","http://client1:8000/run",1,TRUE,200,1107,256,3.41848134994507,"2026-05-21T18:05:05.865810Z","2026-05-21T18:05:09.284292Z",1779386705.86581,1779386709.28429,0.000784,0.000907,0.000943,3.405018,3.405064,3.404075,4.59999999997684e-05,3.398,0.0204813499450682
"2026-05-21T18:05:09.410Z","run_bootstrap",7,"http://client2:8000","run","http://client2:8000/run",1,TRUE,200,1107,252,3.50744676589966,"2026-05-21T18:05:05.867470Z","2026-05-21T18:05:09.374917Z",1779386705.86747,1779386709.37492,0.000711,0.000786,0.000808,3.48714,3.487202,3.486332,6.19999999997844e-05,3.4802,0.0272467658996582
"2026-05-21T18:05:09.410Z","run_bootstrap",7,"http://client3:8000","run","http://client3:8000/run",1,TRUE,200,1107,255,3.5352098941803,"2026-05-21T18:05:05.867923Z","2026-05-21T18:05:09.403133Z",1779386705.86792,1779386709.40313,0.000551,0.000654,0.000694,3.514679,3.514721,3.513985,4.20000000000975e-05,3.5076,0.0276098941802978
"2026-05-21T18:05:13.193Z","run_bootstrap",8,"http://client1:8000","run","http://client1:8000/run",1,TRUE,200,1107,257,3.76612639427185,"2026-05-21T18:05:09.422242Z","2026-05-21T18:05:13.188368Z",1779386709.42224,1779386713.18837,0.000638,0.000743,0.000783,3.75243,3.752485,3.751647,5.50000000001383e-05,3.7454,0.0207263942718505
"2026-05-21T18:05:13.193Z","run_bootstrap",8,"http://client2:8000","run","http://client2:8000/run",1,TRUE,200,1107,252,3.55473875999451,"2026-05-21T18:05:09.423392Z","2026-05-21T18:05:12.978131Z",1779386709.42339,1779386712.97813,0.000562,0.000713,0.000887,3.539168,3.539224,3.538281,5.5999999999834e-05,3.5322,0.0225387599945068
"2026-05-21T18:05:13.193Z","run_bootstrap",8,"http://client3:8000","run","http://client3:8000/run",1,TRUE,200,1107,255,3.55435490608215,"2026-05-21T18:05:09.423867Z","2026-05-21T18:05:12.978222Z",1779386709.42387,1779386712.97822,0.000374,0.000461,0.000499,3.535083,3.535115,3.534584,3.19999999995879e-05,3.5284,0.0259549060821533
"2026-05-21T18:05:17.066Z","run_bootstrap",9,"http://client1:8000","run","http://client1:8000/run",1,TRUE,200,1105,258,3.85702729225159,"2026-05-21T18:05:13.205018Z","2026-05-21T18:05:17.062045Z",1779386713.20502,1779386717.06205,0.000611,0.000688,0.000709,3.839639,3.83967,3.83893,3.09999999998922e-05,3.8324,0.0246272922515871
"2026-05-21T18:05:17.066Z","run_bootstrap",9,"http://client2:8000","run","http://client2:8000/run",1,TRUE,200,1105,251,3.80961918830872,"2026-05-21T18:05:13.205625Z","2026-05-21T18:05:17.015244Z",1779386713.20563,1779386717.01524,0.000655,0.000741,0.000772,3.791931,3.791971,3.791159,4.0000000000262e-05,3.7836,0.026019188308716
"2026-05-21T18:05:17.066Z","run_bootstrap",9,"http://client3:8000","run","http://client3:8000/run",1,TRUE,200,1105,251,3.71637582778931,"2026-05-21T18:05:13.205031Z","2026-05-21T18:05:16.921407Z",1779386713.20503,1779386716.92141,0.000672,0.000785,0.000825,3.702846,3.702888,3.702021,4.20000000000975e-05,3.6952,0.0211758277893068
"2026-05-21T18:05:20.995Z","run_bootstrap",10,"http://client1:8000","run","http://client1:8000/run",1,TRUE,200,1105,258,3.76260876655579,"2026-05-21T18:05:17.077822Z","2026-05-21T18:05:20.840431Z",1779386717.07782,1779386720.84043,0.000505,0.000587,0.000619,3.745131,3.745183,3.744512,5.19999999997189e-05,3.7372,0.0254087665557861
"2026-05-21T18:05:20.995Z","run_bootstrap",10,"http://client2:8000","run","http://client2:8000/run",1,TRUE,200,1105,251,3.90433192253113,"2026-05-21T18:05:17.078393Z","2026-05-21T18:05:20.982725Z",1779386717.07839,1779386720.98273,0.000469,0.000574,0.000606,3.884841,3.884892,3.884235,5.09999999995792e-05,3.8684,0.0359319225311281
"2026-05-21T18:05:20.995Z","run_bootstrap",10,"http://client3:8000","run","http://client3:8000/run",1,TRUE,200,1105,251,3.81131196022034,"2026-05-21T18:05:17.077751Z","2026-05-21T18:05:20.889063Z",1779386717.07775,1779386720.88906,0.000688,0.000797,0.000834,3.797887,3.797933,3.797053,4.60000000002125e-05,3.7865,0.0248119602203367
"2026-05-21T18:05:25.006Z","run_bootstrap",11,"http://client1:8000","run","http://client1:8000/run",1,TRUE,200,1108,258,3.92082524299622,"2026-05-21T18:05:21.010095Z","2026-05-21T18:05:24.930921Z",1779386721.0101,1779386724.93092,0.000634,0.000746,0.000782,3.904945,3.904989,3.904163,4.3999999999933e-05,3.8973,0.0235252429962158
"2026-05-21T18:05:25.006Z","run_bootstrap",11,"http://client2:8000","run","http://client2:8000/run",1,TRUE,200,1108,251,3.68618559837341,"2026-05-21T18:05:21.013293Z","2026-05-21T18:05:24.699478Z",1779386721.01329,1779386724.69948,0.000555,0.000643,0.000666,3.667643,3.667691,3.666977,4.8000000000048e-05,3.6613,0.0248855983734129
"2026-05-21T18:05:25.006Z","run_bootstrap",11,"http://client3:8000","run","http://client3:8000/run",1,TRUE,200,1108,251,3.98710250854492,"2026-05-21T18:05:21.013905Z","2026-05-21T18:05:25.001007Z",1779386721.01391,1779386725.00101,0.00065,0.000727,0.000759,3.968839,3.968884,3.96808,4.50000000000728e-05,3.9614,0.0257025085449221
"2026-05-21T18:05:28.980Z","run_bootstrap",12,"http://client1:8000","run","http://client1:8000/run",1,TRUE,200,1108,258,3.95562386512756,"2026-05-21T18:05:25.020355Z","2026-05-21T18:05:28.975979Z",1779386725.02036,1779386728.97598,0.000711,0.00079,0.000826,3.941667,3.941704,3.940841,3.70000000002868e-05,3.9348,0.0208238651275634
"2026-05-21T18:05:28.980Z","run_bootstrap",12,"http://client2:8000","run","http://client2:8000/run",1,TRUE,200,1108,251,3.75190448760986,"2026-05-21T18:05:25.020814Z","2026-05-21T18:05:28.772718Z",1779386725.02081,1779386728.77272,0.000464,0.000537,0.000562,3.738333,3.738377,3.737771,4.3999999999933e-05,3.7318,0.0201044876098635
"2026-05-21T18:05:28.980Z","run_bootstrap",12,"http://client3:8000","run","http://client3:8000/run",1,TRUE,200,1108,251,3.95527601242065,"2026-05-21T18:05:25.019993Z","2026-05-21T18:05:28.975269Z",1779386725.01999,1779386728.97527,0.000677,0.000737,0.00076,3.941124,3.941167,3.940364,4.30000000002373e-05,3.9346,0.0206760124206542
"2026-05-21T18:05:32.594Z","run_bootstrap",13,"http://client1:8000","run","http://client1:8000/run",1,TRUE,200,1107,258,3.53570818901062,"2026-05-21T18:05:28.991644Z","2026-05-21T18:05:32.527352Z",1779386728.99164,1779386732.52735,0.000554,0.000658,0.000698,3.517663,3.517707,3.516965,4.3999999999933e-05,3.5105,0.0252081890106202
"2026-05-21T18:05:32.594Z","run_bootstrap",13,"http://client2:8000","run","http://client2:8000/run",1,TRUE,200,1107,250,3.59819293022156,"2026-05-21T18:05:28.992005Z","2026-05-21T18:05:32.590198Z",1779386728.99201,1779386732.5902,0.000528,0.00065,0.000694,3.577679,3.577723,3.576985,4.40000000003771e-05,3.5699,0.0282929302215575
"2026-05-21T18:05:32.594Z","run_bootstrap",13,"http://client3:8000","run","http://client3:8000/run",1,TRUE,200,1107,250,3.58884930610657,"2026-05-21T18:05:28.992264Z","2026-05-21T18:05:32.581113Z",1779386728.99226,1779386732.58111,0.000641,0.000753,0.000796,3.574625,3.574669,3.573829,4.3999999999933e-05,3.5678,0.0210493061065673
"2026-05-21T18:05:36.240Z","run_bootstrap",14,"http://client1:8000","run","http://client1:8000/run",1,TRUE,200,1107,257,3.26162672042847,"2026-05-21T18:05:32.605444Z","2026-05-21T18:05:35.867071Z",1779386732.60544,1779386735.86707,0.000611,0.000759,0.000785,3.248096,3.248147,3.247311,5.10000000000232e-05,3.241,0.0206267204284667
"2026-05-21T18:05:36.240Z","run_bootstrap",14,"http://client2:8000","run","http://client2:8000/run",1,TRUE,200,1107,250,3.6281476020813,"2026-05-21T18:05:32.607448Z","2026-05-21T18:05:36.235595Z",1779386732.60745,1779386736.2356,0.000542,0.000624,0.000654,3.61349,3.613534,3.612836,4.3999999999933e-05,3.6068,0.021347602081299
"2026-05-21T18:05:36.240Z","run_bootstrap",14,"http://client3:8000","run","http://client3:8000/run",1,TRUE,200,1107,250,3.44778060913086,"2026-05-21T18:05:32.607820Z","2026-05-21T18:05:36.055601Z",1779386732.60782,1779386736.0556,0.00057,0.000679,0.000714,3.429396,3.429438,3.428682,4.20000000000975e-05,3.4228,0.0249806091308593
"2026-05-21T18:05:39.748Z","run_bootstrap",15,"http://client1:8000","run","http://client1:8000/run",1,TRUE,200,1108,257,3.38597631454468,"2026-05-21T18:05:36.250046Z","2026-05-21T18:05:39.636023Z",1779386736.25005,1779386739.63602,0.000603,0.000713,0.000763,3.373017,3.373056,3.372254,3.90000000001223e-05,3.3654,0.0205763145446776
"2026-05-21T18:05:39.748Z","run_bootstrap",15,"http://client2:8000","run","http://client2:8000/run",1,TRUE,200,1108,251,3.4583535194397,"2026-05-21T18:05:36.252145Z","2026-05-21T18:05:39.710499Z",1779386736.25215,1779386739.7105,0.000451,0.000542,0.000572,3.445563,3.445619,3.444991,5.6000000000278e-05,3.4388,0.0195535194396972
"2026-05-21T18:05:39.748Z","run_bootstrap",15,"http://client3:8000","run","http://client3:8000/run",1,TRUE,200,1108,253,3.49227213859558,"2026-05-21T18:05:36.251449Z","2026-05-21T18:05:39.743721Z",1779386736.25145,1779386739.74372,0.00067,0.000779,0.000823,3.479126,3.479168,3.478303,4.20000000000975e-05,3.4721,0.0201721385955809
"2026-05-21T18:05:43.251Z","run_bootstrap",16,"http://client1:8000","run","http://client1:8000/run",1,TRUE,200,1108,257,3.31125807762146,"2026-05-21T18:05:39.760360Z","2026-05-21T18:05:43.071619Z",1779386739.76036,1779386743.07162,0.000706,0.000801,0.000835,3.286754,3.286804,3.285919,4.99999999998835e-05,3.2764,0.0348580776214598
"2026-05-21T18:05:43.251Z","run_bootstrap",16,"http://client2:8000","run","http://client2:8000/run",1,TRUE,200,1108,251,3.48691010475159,"2026-05-21T18:05:39.760917Z","2026-05-21T18:05:43.247827Z",1779386739.76092,1779386743.24783,0.000632,0.000753,0.000794,3.464049,3.464091,3.463255,4.19999999996534e-05,3.4572,0.0297101047515871
"2026-05-21T18:05:43.251Z","run_bootstrap",16,"http://client3:8000","run","http://client3:8000/run",1,TRUE,200,1108,253,3.47467184066772,"2026-05-21T18:05:39.761571Z","2026-05-21T18:05:43.236243Z",1779386739.76157,1779386743.23624,0.000578,0.000683,0.000718,3.452479,3.452528,3.451761,4.90000000001878e-05,3.4456,0.0290718406677244
"2026-05-21T18:05:46.764Z","run_bootstrap",17,"http://client1:8000","run","http://client1:8000/run",1,TRUE,200,1108,257,3.37481260299683,"2026-05-21T18:05:43.266392Z","2026-05-21T18:05:46.641205Z",1779386743.26639,1779386746.64121,0.000573,0.00065,0.000671,3.361787,3.361827,3.361116,3.9999999999818e-05,3.3523,0.0225126029968261
"2026-05-21T18:05:46.764Z","run_bootstrap",17,"http://client2:8000","run","http://client2:8000/run",1,TRUE,200,1108,252,3.49173092842102,"2026-05-21T18:05:43.267667Z","2026-05-21T18:05:46.759398Z",1779386743.26767,1779386746.7594,0.000621,0.000697,0.000729,3.479301,3.479351,3.478572,4.99999999998835e-05,3.4727,0.0190309284210204
"2026-05-21T18:05:46.764Z","run_bootstrap",17,"http://client3:8000","run","http://client3:8000/run",1,TRUE,200,1108,252,3.48821234703064,"2026-05-21T18:05:43.267135Z","2026-05-21T18:05:46.755347Z",1779386743.26714,1779386746.75535,0.000575,0.000637,0.000659,3.475362,3.475405,3.474703,4.29999999997932e-05,3.4688,0.0194123470306398
"2026-05-21T18:05:50.252Z","run_bootstrap",18,"http://client1:8000","run","http://client1:8000/run",1,TRUE,200,1108,256,3.37242698669434,"2026-05-21T18:05:46.777476Z","2026-05-21T18:05:50.149903Z",1779386746.77748,1779386750.1499,6e-04,0.000718,0.000754,3.357928,3.357969,3.357174,4.10000000004018e-05,3.351,0.021426986694336
"2026-05-21T18:05:50.252Z","run_bootstrap",18,"http://client2:8000","run","http://client2:8000/run",1,TRUE,200,1108,252,3.463942527771,"2026-05-21T18:05:46.777900Z","2026-05-21T18:05:50.241843Z",1779386746.7779,1779386750.24184,0.000606,0.000693,0.000725,3.449631,3.449679,3.448906,4.8000000000048e-05,3.4426,0.021342527770996
"2026-05-21T18:05:50.252Z","run_bootstrap",18,"http://client3:8000","run","http://client3:8000/run",1,TRUE,200,1108,252,3.46936440467834,"2026-05-21T18:05:46.777673Z","2026-05-21T18:05:50.247038Z",1779386746.77767,1779386750.24704,0.000648,0.000766,0.000801,3.455565,3.455603,3.454764,3.79999999999825e-05,3.4485,0.0208644046783446
"2026-05-21T18:05:53.903Z","run_bootstrap",19,"http://client1:8000","run","http://client1:8000/run",1,TRUE,200,1108,255,3.26932263374329,"2026-05-21T18:05:50.263292Z","2026-05-21T18:05:53.532615Z",1779386750.26329,1779386753.53262,0.000453,0.000534,0.000567,3.253168,3.253209,3.252601,4.09999999999577e-05,3.2438,0.0255226337432863
"2026-05-21T18:05:53.903Z","run_bootstrap",19,"http://client2:8000","run","http://client2:8000/run",1,TRUE,200,1108,255,3.63219881057739,"2026-05-21T18:05:50.263672Z","2026-05-21T18:05:53.895871Z",1779386750.26367,1779386753.89587,0.000594,0.000709,0.000744,3.618448,3.618489,3.617704,4.09999999999577e-05,3.6105,0.0216988105773925
"2026-05-21T18:05:53.903Z","run_bootstrap",19,"http://client3:8000","run","http://client3:8000/run",1,TRUE,200,1108,253,3.37531280517578,"2026-05-21T18:05:50.262955Z","2026-05-21T18:05:53.638268Z",1779386750.26296,1779386753.63827,0.00062,0.000728,0.000763,3.361636,3.361681,3.360873,4.50000000000728e-05,3.3532,0.0221128051757811
"2026-05-21T18:05:57.679Z","run_bootstrap",20,"http://client1:8000","run","http://client1:8000/run",1,TRUE,200,1108,255,3.69141459465027,"2026-05-21T18:05:53.920958Z","2026-05-21T18:05:57.612372Z",1779386753.92096,1779386757.61237,0.000641,0.000704,0.000723,3.678627,3.678661,3.677904,3.39999999998675e-05,3.5185,0.172914594650269
"2026-05-21T18:05:57.679Z","run_bootstrap",20,"http://client2:8000","run","http://client2:8000/run",1,TRUE,200,1108,254,3.63198232650757,"2026-05-21T18:05:53.920520Z","2026-05-21T18:05:57.552502Z",1779386753.92052,1779386757.5525,0.000684,0.000742,0.000759,3.618655,3.618692,3.617896,3.69999999998427e-05,3.472,0.159982326507568
"2026-05-21T18:05:57.679Z","run_bootstrap",20,"http://client3:8000","run","http://client3:8000/run",1,TRUE,200,1108,253,3.75414490699768,"2026-05-21T18:05:53.920993Z","2026-05-21T18:05:57.675138Z",1779386753.92099,1779386757.67514,0.000582,0.000666,0.000688,3.741354,3.741395,3.740666,4.09999999999577e-05,3.5811,0.17304490699768
"2026-05-21T18:06:01.348Z","run_bootstrap",21,"http://client1:8000","run","http://client1:8000/run",1,TRUE,200,1107,256,3.5047013759613,"2026-05-21T18:05:57.691127Z","2026-05-21T18:06:01.195828Z",1779386757.69113,1779386761.19583,0.000683,0.000806,0.000842,3.491033,3.49108,3.490191,4.70000000003523e-05,3.484,0.0207013759613037
"2026-05-21T18:06:01.348Z","run_bootstrap",21,"http://client2:8000","run","http://client2:8000/run",1,TRUE,200,1107,251,3.64519476890564,"2026-05-21T18:05:57.692699Z","2026-05-21T18:06:01.337893Z",1779386757.6927,1779386761.33789,0.000693,0.000783,0.00082,3.631885,3.631934,3.631065,4.90000000001878e-05,3.6254,0.0197947689056397
"2026-05-21T18:06:01.348Z","run_bootstrap",21,"http://client3:8000","run","http://client3:8000/run",1,TRUE,200,1107,253,3.392733335495,"2026-05-21T18:05:57.693195Z","2026-05-21T18:06:01.085928Z",1779386757.6932,1779386761.08593,0.000645,0.000764,0.000801,3.379848,3.379897,3.379047,4.90000000001878e-05,3.3734,0.0193333354949949
"2026-05-21T18:06:04.894Z","run_bootstrap",22,"http://client1:8000","run","http://client1:8000/run",1,TRUE,200,1107,257,3.52807855606079,"2026-05-21T18:06:01.362489Z","2026-05-21T18:06:04.890567Z",1779386761.36249,1779386764.89057,0.000564,0.000646,0.000674,3.513968,3.514006,3.513294,3.79999999999825e-05,3.5065,0.0215785560607911
"2026-05-21T18:06:04.894Z","run_bootstrap",22,"http://client2:8000","run","http://client2:8000/run",1,TRUE,200,1107,251,3.41507720947266,"2026-05-21T18:06:01.363876Z","2026-05-21T18:06:04.778954Z",1779386761.36388,1779386764.77895,0.000415,0.000503,0.000537,3.400921,3.40096,3.400384,3.90000000001223e-05,3.3928,0.0222772094726564
"2026-05-21T18:06:04.894Z","run_bootstrap",22,"http://client3:8000","run","http://client3:8000/run",1,TRUE,200,1107,253,3.41027331352234,"2026-05-21T18:06:01.364541Z","2026-05-21T18:06:04.774814Z",1779386761.36454,1779386764.77481,0.000536,0.000605,0.000641,3.396528,3.396576,3.395887,4.8000000000048e-05,3.3896,0.0206733135223387
"2026-05-21T18:06:08.509Z","run_bootstrap",23,"http://client1:8000","run","http://client1:8000/run",1,TRUE,200,1109,256,3.54233646392822,"2026-05-21T18:06:04.906614Z","2026-05-21T18:06:08.448950Z",1779386764.90661,1779386768.44895,0.000648,0.000752,0.000787,3.528432,3.528475,3.527645,4.29999999997932e-05,3.5211,0.0212364639282225
"2026-05-21T18:06:08.509Z","run_bootstrap",23,"http://client2:8000","run","http://client2:8000/run",1,TRUE,200,1109,252,3.59604692459106,"2026-05-21T18:06:04.908604Z","2026-05-21T18:06:08.504651Z",1779386764.9086,1779386768.50465,0.000323,0.00041,0.000433,3.581457,3.581496,3.581024,3.90000000001223e-05,3.5749,0.0211469245910645
"2026-05-21T18:06:08.509Z","run_bootstrap",23,"http://client3:8000","run","http://client3:8000/run",1,TRUE,200,1109,251,3.5812463760376,"2026-05-21T18:06:04.909070Z","2026-05-21T18:06:08.490317Z",1779386764.90907,1779386768.49032,0.00041,0.000503,0.000539,3.566338,3.566381,3.565799,4.29999999997932e-05,3.5597,0.0215463760375978
"2026-05-21T18:06:12.267Z","run_bootstrap",24,"http://client1:8000","run","http://client1:8000/run",1,TRUE,200,1109,256,3.61643099784851,"2026-05-21T18:06:08.521579Z","2026-05-21T18:06:12.138010Z",1779386768.52158,1779386772.13801,0.000594,0.000676,0.000699,3.601472,3.601514,3.600773,4.20000000000975e-05,3.5942,0.0222309978485109
"2026-05-21T18:06:12.267Z","run_bootstrap",24,"http://client2:8000","run","http://client2:8000/run",1,TRUE,200,1109,252,3.73773622512817,"2026-05-21T18:06:08.522242Z","2026-05-21T18:06:12.259978Z",1779386768.52224,1779386772.25998,0.000676,0.000784,0.000819,3.723601,3.723644,3.722782,4.30000000002373e-05,3.7167,0.0210362251281739
"2026-05-21T18:06:12.267Z","run_bootstrap",24,"http://client3:8000","run","http://client3:8000/run",1,TRUE,200,1109,251,3.43322491645813,"2026-05-21T18:06:08.522925Z","2026-05-21T18:06:11.956150Z",1779386768.52293,1779386771.95615,4e-04,0.000476,0.000508,3.414286,3.414335,3.413778,4.89999999997437e-05,3.4076,0.0256249164581299
"2026-05-21T18:06:15.969Z","run_bootstrap",25,"http://client1:8000","run","http://client1:8000/run",1,TRUE,200,1108,255,3.68154335021973,"2026-05-21T18:06:12.283561Z","2026-05-21T18:06:15.965105Z",1779386772.28356,1779386775.96511,0.000602,0.000721,0.000757,3.662414,3.662467,3.661657,5.29999999998587e-05,3.6551,0.0264433502197265
"2026-05-21T18:06:15.969Z","run_bootstrap",25,"http://client2:8000","run","http://client2:8000/run",1,TRUE,200,1108,250,3.43960189819336,"2026-05-21T18:06:12.283975Z","2026-05-21T18:06:15.723577Z",1779386772.28398,1779386775.72358,0.000683,0.000748,0.000768,3.418826,3.418862,3.418058,3.59999999997029e-05,3.412,0.0276018981933595
"2026-05-21T18:06:15.969Z","run_bootstrap",25,"http://client3:8000","run","http://client3:8000/run",1,TRUE,200,1108,253,3.5899875164032,"2026-05-21T18:06:12.284509Z","2026-05-21T18:06:15.874497Z",1779386772.28451,1779386775.8745,0.00071,0.000778,0.000799,3.569552,3.569591,3.568753,3.90000000001223e-05,3.5624,0.0275875164031985
"2026-05-21T18:06:19.751Z","run_bootstrap",26,"http://client1:8000","run","http://client1:8000/run",1,TRUE,200,1108,255,3.76526427268982,"2026-05-21T18:06:15.980744Z","2026-05-21T18:06:19.746008Z",1779386775.98074,1779386779.74601,0.000801,0.000917,0.000952,3.752025,3.752067,3.751073,4.19999999996534e-05,3.7435,0.0217642726898193
"2026-05-21T18:06:19.751Z","run_bootstrap",26,"http://client2:8000","run","http://client2:8000/run",1,TRUE,200,1108,251,3.47149085998535,"2026-05-21T18:06:15.982413Z","2026-05-21T18:06:19.453903Z",1779386775.98241,1779386779.4539,0.000624,0.000735,0.000768,3.457218,3.457287,3.45645,6.89999999998747e-05,3.4486,0.0228908599853517
"2026-05-21T18:06:19.751Z","run_bootstrap",26,"http://client3:8000","run","http://client3:8000/run",1,TRUE,200,1108,253,3.47668409347534,"2026-05-21T18:06:15.982711Z","2026-05-21T18:06:19.459395Z",1779386775.98271,1779386779.4594,0.000543,0.000628,0.00066,3.461542,3.461584,3.460882,4.20000000000975e-05,3.4523,0.0243840934753417
"2026-05-21T18:06:23.525Z","run_bootstrap",27,"http://client1:8000","run","http://client1:8000/run",1,TRUE,200,1107,255,3.59743547439575,"2026-05-21T18:06:19.762655Z","2026-05-21T18:06:23.360090Z",1779386779.76266,1779386783.36009,0.000627,0.000744,0.000778,3.577319,3.57736,3.576541,4.09999999999577e-05,3.5702,0.0272354743957521
"2026-05-21T18:06:23.525Z","run_bootstrap",27,"http://client2:8000","run","http://client2:8000/run",1,TRUE,200,1107,249,3.75478625297546,"2026-05-21T18:06:19.763476Z","2026-05-21T18:06:23.518262Z",1779386779.76348,1779386783.51826,0.000641,0.000748,0.000783,3.731294,3.731334,3.730511,3.9999999999818e-05,3.7233,0.0314862529754638
"2026-05-21T18:06:23.525Z","run_bootstrap",27,"http://client3:8000","run","http://client3:8000/run",1,TRUE,200,1107,247,3.48401021957397,"2026-05-21T18:06:19.764013Z","2026-05-21T18:06:23.248023Z",1779386779.76401,1779386783.24802,0.000451,0.000539,0.000574,3.457222,3.457265,3.456648,4.30000000002373e-05,3.45,0.0340102195739744
"2026-05-21T18:06:27.304Z","run_bootstrap",28,"http://client1:8000","run","http://client1:8000/run",1,TRUE,200,1107,255,3.75732946395874,"2026-05-21T18:06:23.540711Z","2026-05-21T18:06:27.298040Z",1779386783.54071,1779386787.29804,0.000583,0.000692,0.00073,3.742906,3.74295,3.742176,4.3999999999933e-05,3.7355,0.0218294639587402
"2026-05-21T18:06:27.304Z","run_bootstrap",28,"http://client2:8000","run","http://client2:8000/run",1,TRUE,200,1107,249,3.48916459083557,"2026-05-21T18:06:23.541754Z","2026-05-21T18:06:27.030919Z",1779386783.54175,1779386787.03092,0.00075,0.000866,0.000904,3.475961,3.476004,3.475057,4.30000000002373e-05,3.4688,0.0203645908355714
"2026-05-21T18:06:27.304Z","run_bootstrap",28,"http://client3:8000","run","http://client3:8000/run",1,TRUE,200,1107,249,3.45514225959778,"2026-05-21T18:06:23.542983Z","2026-05-21T18:06:26.998126Z",1779386783.54298,1779386786.99813,0.000574,0.000658,0.000689,3.438038,3.438082,3.437349,4.3999999999933e-05,3.4309,0.0242422595977785
"2026-05-21T18:06:31.084Z","run_bootstrap",29,"http://client1:8000","run","http://client1:8000/run",1,TRUE,200,1109,255,3.76387310028076,"2026-05-21T18:06:27.315880Z","2026-05-21T18:06:31.079753Z",1779386787.31588,1779386791.07975,0.000526,0.000599,0.00062,3.749346,3.749387,3.748726,4.09999999999577e-05,3.7421,0.0217731002807615
"2026-05-21T18:06:31.084Z","run_bootstrap",29,"http://client2:8000","run","http://client2:8000/run",1,TRUE,200,1109,249,3.67342591285706,"2026-05-21T18:06:27.316592Z","2026-05-21T18:06:30.990018Z",1779386787.31659,1779386790.99002,0.000602,0.000683,0.000714,3.658988,3.659029,3.658274,4.09999999999577e-05,3.6499,0.0235259128570555
"2026-05-21T18:06:31.084Z","run_bootstrap",29,"http://client3:8000","run","http://client3:8000/run",1,TRUE,200,1109,249,3.45745086669922,"2026-05-21T18:06:27.317106Z","2026-05-21T18:06:30.774557Z",1779386787.31711,1779386790.77456,0.000508,0.000607,0.000638,3.443416,3.443462,3.442778,4.59999999997684e-05,3.4346,0.0228508666992187
"2026-05-21T18:06:34.868Z","run_bootstrap",30,"http://client1:8000","run","http://client1:8000/run",1,TRUE,200,1109,255,3.38879799842834,"2026-05-21T18:06:31.096495Z","2026-05-21T18:06:34.485293Z",1779386791.0965,1779386794.48529,0.000567,0.000624,0.000647,3.37127,3.371322,3.370623,5.2000000000163e-05,3.3645,0.0242979984283447
"2026-05-21T18:06:34.868Z","run_bootstrap",30,"http://client2:8000","run","http://client2:8000/run",1,TRUE,200,1109,248,3.54251623153687,"2026-05-21T18:06:31.097183Z","2026-05-21T18:06:34.639699Z",1779386791.09718,1779386794.6397,0.000472,0.000545,0.00058,3.522364,3.522409,3.521784,4.50000000000728e-05,3.516,0.0265162315368652
"2026-05-21T18:06:34.868Z","run_bootstrap",30,"http://client3:8000","run","http://client3:8000/run",1,TRUE,200,1109,249,3.76313710212708,"2026-05-21T18:06:31.097719Z","2026-05-21T18:06:34.860856Z",1779386791.09772,1779386794.86086,0.000516,0.000593,0.000628,3.746599,3.746646,3.745971,4.70000000003523e-05,3.7394,0.0237371021270754
"2026-05-21T18:06:38.623Z","run_bootstrap",31,"http://client1:8000","run","http://client1:8000/run",1,TRUE,200,1109,255,3.56070852279663,"2026-05-21T18:06:34.880403Z","2026-05-21T18:06:38.441111Z",1779386794.8804,1779386798.44111,0.000424,0.00053,0.000564,3.54013,3.540173,3.539566,4.29999999997932e-05,3.533,0.0277085227966309
"2026-05-21T18:06:38.623Z","run_bootstrap",31,"http://client2:8000","run","http://client2:8000/run",1,TRUE,200,1109,250,3.59973978996277,"2026-05-21T18:06:34.880915Z","2026-05-21T18:06:38.480654Z",1779386794.88092,1779386798.48065,0.000524,0.000616,0.000649,3.579455,3.579507,3.578806,5.2000000000163e-05,3.5722,0.0275397899627685
"2026-05-21T18:06:38.623Z","run_bootstrap",31,"http://client3:8000","run","http://client3:8000/run",1,TRUE,200,1109,251,3.73684644699097,"2026-05-21T18:06:34.880219Z","2026-05-21T18:06:38.617066Z",1779386794.88022,1779386798.61707,0.000734,0.000864,0.000902,3.72329,3.723335,3.722388,4.50000000000728e-05,3.7162,0.0206464469909666
"2026-05-21T18:06:42.395Z","run_bootstrap",32,"http://client1:8000","run","http://client1:8000/run",1,TRUE,200,1109,256,3.38944983482361,"2026-05-21T18:06:38.635180Z","2026-05-21T18:06:42.024630Z",1779386798.63518,1779386802.02463,0.000602,0.000716,0.000754,3.369161,3.369193,3.368407,3.2000000000032e-05,3.3617,0.0277498348236085
"2026-05-21T18:06:42.395Z","run_bootstrap",32,"http://client2:8000","run","http://client2:8000/run",1,TRUE,200,1109,250,3.75311851501465,"2026-05-21T18:06:38.635968Z","2026-05-21T18:06:42.389087Z",1779386798.63597,1779386802.38909,0.000614,0.000728,0.000766,3.72898,3.729014,3.728214,3.39999999998675e-05,3.7216,0.0315185150146484
"2026-05-21T18:06:42.395Z","run_bootstrap",32,"http://client3:8000","run","http://client3:8000/run",1,TRUE,200,1109,251,3.47253489494324,"2026-05-21T18:06:38.636666Z","2026-05-21T18:06:42.109200Z",1779386798.63667,1779386802.1092,0.000629,0.000745,0.000785,3.446566,3.4466,3.445781,3.40000000003116e-05,3.4383,0.0342348949432374
"2026-05-21T18:06:46.271Z","run_bootstrap",33,"http://client1:8000","run","http://client1:8000/run",1,TRUE,200,1108,255,3.85637021064758,"2026-05-21T18:06:42.410845Z","2026-05-21T18:06:46.267215Z",1779386802.41085,1779386806.26722,0.000696,0.000795,0.000818,3.837252,3.837298,3.836434,4.60000000002125e-05,3.8295,0.0268702106475831
"2026-05-21T18:06:46.271Z","run_bootstrap",33,"http://client2:8000","run","http://client2:8000/run",1,TRUE,200,1108,251,3.83425569534302,"2026-05-21T18:06:42.411325Z","2026-05-21T18:06:46.245581Z",1779386802.41133,1779386806.24558,0.000735,0.000797,0.000818,3.816093,3.81613,3.815275,3.69999999998427e-05,3.8089,0.0253556953430176
"2026-05-21T18:06:46.271Z","run_bootstrap",33,"http://client3:8000","run","http://client3:8000/run",1,TRUE,200,1108,251,3.5594048500061,"2026-05-21T18:06:42.411796Z","2026-05-21T18:06:45.971200Z",1779386802.4118,1779386805.9712,0.000723,0.000808,0.000842,3.540921,3.540973,3.540079,5.2000000000163e-05,3.5337,0.0257048500061035
"2026-05-21T18:06:50.030Z","run_bootstrap",34,"http://client1:8000","run","http://client1:8000/run",1,TRUE,200,1108,255,3.13963460922241,"2026-05-21T18:06:46.284968Z","2026-05-21T18:06:49.424603Z",1779386806.28497,1779386809.4246,0.000488,0.000589,0.000624,3.122133,3.122215,3.121509,8.20000000003596e-05,3.1111,0.0285346092224121
"2026-05-21T18:06:50.030Z","run_bootstrap",34,"http://client2:8000","run","http://client2:8000/run",1,TRUE,200,1108,249,3.57497429847717,"2026-05-21T18:06:46.285422Z","2026-05-21T18:06:49.860396Z",1779386806.28542,1779386809.8604,0.000471,0.000711,0.000774,3.556758,3.556812,3.555984,5.39999999999985e-05,3.55,0.024974298477173
"2026-05-21T18:06:50.030Z","run_bootstrap",34,"http://client3:8000","run","http://client3:8000/run",1,TRUE,200,1108,250,3.73960876464844,"2026-05-21T18:06:46.285872Z","2026-05-21T18:06:50.025481Z",1779386806.28587,1779386810.02548,0.000488,0.000584,0.000619,3.723724,3.723769,3.723105,4.50000000000728e-05,3.717,0.0226087646484374
"2026-05-21T18:06:53.738Z","run_bootstrap",35,"http://client1:8000","run","http://client1:8000/run",1,TRUE,200,1107,255,3.65560698509216,"2026-05-21T18:06:50.041349Z","2026-05-21T18:06:53.696956Z",1779386810.04135,1779386813.69696,0.000601,0.000677,0.000706,3.639486,3.639523,3.63878,3.69999999998427e-05,3.6312,0.0244069850921629
"2026-05-21T18:06:53.738Z","run_bootstrap",35,"http://client2:8000","run","http://client2:8000/run",1,TRUE,200,1107,250,3.61059355735779,"2026-05-21T18:06:50.042029Z","2026-05-21T18:06:53.652623Z",1779386810.04203,1779386813.65262,0.000429,0.000502,0.000542,3.590855,3.590904,3.590313,4.90000000001878e-05,3.5842,0.026393557357788
"2026-05-21T18:06:53.738Z","run_bootstrap",35,"http://client3:8000","run","http://client3:8000/run",1,TRUE,200,1107,252,3.69150280952454,"2026-05-21T18:06:50.042658Z","2026-05-21T18:06:53.734161Z",1779386810.04266,1779386813.73416,0.000692,0.000747,0.00077,3.676722,3.67677,3.675952,4.8000000000048e-05,3.6698,0.0217028095245362
"2026-05-21T18:06:57.641Z","run_bootstrap",36,"http://client1:8000","run","http://client1:8000/run",1,TRUE,200,1107,255,3.88608407974243,"2026-05-21T18:06:53.749381Z","2026-05-21T18:06:57.635465Z",1779386813.74938,1779386817.63547,0.000569,0.000673,0.000711,3.872837,3.872894,3.872126,5.69999999999737e-05,3.8656,0.0204840797424315
"2026-05-21T18:06:57.641Z","run_bootstrap",36,"http://client2:8000","run","http://client2:8000/run",1,TRUE,200,1107,250,3.62318062782288,"2026-05-21T18:06:53.750774Z","2026-05-21T18:06:57.373955Z",1779386813.75077,1779386817.37396,0.000657,0.000788,0.000824,3.610164,3.610218,3.60934,5.39999999999985e-05,3.6031,0.020080627822876
"2026-05-21T18:06:57.641Z","run_bootstrap",36,"http://client3:8000","run","http://client3:8000/run",1,TRUE,200,1107,252,3.620197057724,"2026-05-21T18:06:53.752112Z","2026-05-21T18:06:57.372309Z",1779386813.75211,1779386817.37231,0.000572,0.000721,0.000758,3.607644,3.607698,3.606886,5.39999999999985e-05,3.6006,0.019597057723999
"2026-05-21T18:07:01.385Z","run_bootstrap",37,"http://client1:8000","run","http://client1:8000/run",1,TRUE,200,1108,256,3.72584986686707,"2026-05-21T18:06:57.652738Z","2026-05-21T18:07:01.378588Z",1779386817.65274,1779386821.37859,0.000635,0.000748,0.00079,3.706331,3.706379,3.705541,4.8000000000048e-05,3.6991,0.0267498668670654
"2026-05-21T18:07:01.385Z","run_bootstrap",37,"http://client2:8000","run","http://client2:8000/run",1,TRUE,200,1108,248,3.44599413871765,"2026-05-21T18:06:57.653576Z","2026-05-21T18:07:01.099570Z",1779386817.65358,1779386821.09957,0.000367,0.000458,5e-04,3.426458,3.426506,3.425958,4.8000000000048e-05,3.4195,0.0264941387176512
"2026-05-21T18:07:01.385Z","run_bootstrap",37,"http://client3:8000","run","http://client3:8000/run",1,TRUE,200,1108,251,3.72531461715698,"2026-05-21T18:06:57.654124Z","2026-05-21T18:07:01.379439Z",1779386817.65412,1779386821.37944,0.000638,0.000742,0.000782,3.711673,3.711713,3.710891,4.0000000000262e-05,3.7044,0.0209146171569823
"2026-05-21T18:07:05.316Z","run_bootstrap",38,"http://client1:8000","run","http://client1:8000/run",1,TRUE,200,1108,256,3.90256023406982,"2026-05-21T18:07:01.405341Z","2026-05-21T18:07:05.307901Z",1779386821.40534,1779386825.3079,0.00047,0.000585,0.000622,3.886813,3.886855,3.886191,4.20000000000975e-05,3.8792,0.0233602340698242
"2026-05-21T18:07:05.316Z","run_bootstrap",38,"http://client2:8000","run","http://client2:8000/run",1,TRUE,200,1108,248,3.57744121551514,"2026-05-21T18:07:01.405256Z","2026-05-21T18:07:04.982697Z",1779386821.40526,1779386824.9827,0.000697,0.000809,0.000847,3.562693,3.562743,3.561846,5.00000000003276e-05,3.5549,0.0225412155151368
"2026-05-21T18:07:05.316Z","run_bootstrap",38,"http://client3:8000","run","http://client3:8000/run",1,TRUE,200,1108,251,3.67924237251282,"2026-05-21T18:07:01.402540Z","2026-05-21T18:07:05.081783Z",1779386821.40254,1779386825.08178,0.000668,0.000775,0.00081,3.664453,3.664517,3.663643,6.4000000000064e-05,3.6569,0.0223423725128176
"2026-05-21T18:07:09.199Z","run_bootstrap",39,"http://client1:8000","run","http://client1:8000/run",1,TRUE,200,1107,256,3.86606192588806,"2026-05-21T18:07:05.329341Z","2026-05-21T18:07:09.195403Z",1779386825.32934,1779386829.1954,0.000477,0.000544,0.000565,3.848154,3.848186,3.847589,3.2000000000032e-05,3.8396,0.0264619258880616
"2026-05-21T18:07:09.199Z","run_bootstrap",39,"http://client2:8000","run","http://client2:8000/run",1,TRUE,200,1107,249,3.63699126243591,"2026-05-21T18:07:05.329425Z","2026-05-21T18:07:08.966416Z",1779386825.32943,1779386828.96642,0.000564,0.000669,0.000704,3.623035,3.623079,3.622331,4.40000000003771e-05,3.6148,0.0221912624359133
"2026-05-21T18:07:09.199Z","run_bootstrap",39,"http://client3:8000","run","http://client3:8000/run",1,TRUE,200,1107,252,3.67095685005188,"2026-05-21T18:07:05.330536Z","2026-05-21T18:07:09.001493Z",1779386825.33054,1779386829.00149,0.000666,0.000782,0.000821,3.6543,3.654345,3.653479,4.50000000000728e-05,3.6472,0.0237568500518797
"2026-05-21T18:07:13.091Z","run_bootstrap",40,"http://client1:8000","run","http://client1:8000/run",1,TRUE,200,1107,256,3.70111632347107,"2026-05-21T18:07:09.211075Z","2026-05-21T18:07:12.912191Z",1779386829.21108,1779386832.91219,0.00073,0.000845,0.00088,3.687845,3.68809,3.686965,0.000245000000000051,3.5425,0.158616323471069
"2026-05-21T18:07:13.091Z","run_bootstrap",40,"http://client2:8000","run","http://client2:8000/run",1,TRUE,200,1107,249,3.8744969367981,"2026-05-21T18:07:09.212761Z","2026-05-21T18:07:13.087258Z",1779386829.21276,1779386833.08726,0.000737,0.000856,0.000892,3.854928,3.854963,3.854036,3.50000000000072e-05,3.7029,0.171596936798096
"2026-05-21T18:07:13.091Z","run_bootstrap",40,"http://client3:8000","run","http://client3:8000/run",1,TRUE,200,1107,252,3.78981018066406,"2026-05-21T18:07:09.213146Z","2026-05-21T18:07:13.002956Z",1779386829.21315,1779386833.00296,0.000492,0.000576,0.000607,3.775277,3.775326,3.77467,4.90000000001878e-05,3.6293,0.160510180664062
"2026-05-21T18:07:16.767Z","run_bootstrap",41,"http://client1:8000","run","http://client1:8000/run",1,TRUE,200,1108,256,3.48534631729126,"2026-05-21T18:07:13.103107Z","2026-05-21T18:07:16.588453Z",1779386833.10311,1779386836.58845,0.000525,0.000632,0.00067,3.463548,3.463598,3.462878,5.00000000003276e-05,3.4569,0.0284463172912597
"2026-05-21T18:07:16.767Z","run_bootstrap",41,"http://client2:8000","run","http://client2:8000/run",1,TRUE,200,1108,249,3.35133934020996,"2026-05-21T18:07:13.103951Z","2026-05-21T18:07:16.455291Z",1779386833.10395,1779386836.45529,0.000673,0.00077,0.000803,3.333761,3.333806,3.332958,4.50000000000728e-05,3.3253,0.026039340209961
"2026-05-21T18:07:16.767Z","run_bootstrap",41,"http://client3:8000","run","http://client3:8000/run",1,TRUE,200,1108,251,3.657799243927,"2026-05-21T18:07:13.104862Z","2026-05-21T18:07:16.762662Z",1779386833.10486,1779386836.76266,0.000566,0.000654,0.000686,3.63797,3.638012,3.637284,4.19999999996534e-05,3.6312,0.0265992439270017
"2026-05-21T18:07:20.428Z","run_bootstrap",42,"http://client1:8000","run","http://client1:8000/run",1,TRUE,200,1108,256,3.45764684677124,"2026-05-21T18:07:16.778309Z","2026-05-21T18:07:20.235956Z",1779386836.77831,1779386840.23596,0.000774,0.000858,0.000894,3.444735,3.444766,3.443841,3.09999999998922e-05,3.4375,0.0201468467712402
"2026-05-21T18:07:20.428Z","run_bootstrap",42,"http://client2:8000","run","http://client2:8000/run",1,TRUE,200,1108,249,3.5071234703064,"2026-05-21T18:07:16.780032Z","2026-05-21T18:07:20.287156Z",1779386836.78003,1779386840.28716,0.000556,0.000625,0.000648,3.490652,3.490682,3.490004,3.00000000001965e-05,3.4839,0.0232234703063963
"2026-05-21T18:07:20.428Z","run_bootstrap",42,"http://client3:8000","run","http://client3:8000/run",1,TRUE,200,1108,251,3.64424872398376,"2026-05-21T18:07:16.780372Z","2026-05-21T18:07:20.424620Z",1779386836.78037,1779386840.42462,0.000593,0.00065,0.000681,3.627959,3.627992,3.627278,3.29999999997277e-05,3.6214,0.0228487239837647
"2026-05-21T18:07:24.152Z","run_bootstrap",43,"http://client1:8000","run","http://client1:8000/run",1,TRUE,200,1107,256,3.7073540687561,"2026-05-21T18:07:20.439997Z","2026-05-21T18:07:24.147351Z",1779386840.44,1779386844.14735,0.000659,0.00086,0.000908,3.685232,3.685256,3.684324,2.3999999999802e-05,3.6679,0.0394540687561036
"2026-05-21T18:07:24.152Z","run_bootstrap",43,"http://client2:8000","run","http://client2:8000/run",1,TRUE,200,1107,253,3.41439843177795,"2026-05-21T18:07:20.440753Z","2026-05-21T18:07:23.855152Z",1779386840.44075,1779386843.85515,0.000574,0.000662,0.000695,3.387297,3.387327,3.386602,3.00000000001965e-05,3.3689,0.0454984317779541
"2026-05-21T18:07:24.152Z","run_bootstrap",43,"http://client3:8000","run","http://client3:8000/run",1,TRUE,200,1107,252,3.51931858062744,"2026-05-21T18:07:20.441402Z","2026-05-21T18:07:23.960721Z",1779386840.4414,1779386843.96072,0.000479,0.000574,0.000609,3.492603,3.492636,3.491994,3.30000000001718e-05,3.4748,0.0445185806274413
"2026-05-21T18:07:27.832Z","run_bootstrap",44,"http://client1:8000","run","http://client1:8000/run",1,TRUE,200,1107,256,3.50080108642578,"2026-05-21T18:07:24.167161Z","2026-05-21T18:07:27.667962Z",1779386844.16716,1779386847.66796,0.000619,0.00072,0.000755,3.486572,3.486613,3.485817,4.10000000004018e-05,3.4796,0.0212010864257812
"2026-05-21T18:07:27.832Z","run_bootstrap",44,"http://client2:8000","run","http://client2:8000/run",1,TRUE,200,1107,253,3.44433188438416,"2026-05-21T18:07:24.169485Z","2026-05-21T18:07:27.613817Z",1779386844.16949,1779386847.61382,0.00064,0.000752,0.00079,3.423299,3.423342,3.422509,4.29999999997932e-05,3.4166,0.0277318843841554
"2026-05-21T18:07:27.832Z","run_bootstrap",44,"http://client3:8000","run","http://client3:8000/run",1,TRUE,200,1107,252,3.65594911575317,"2026-05-21T18:07:24.169649Z","2026-05-21T18:07:27.825598Z",1779386844.16965,1779386847.8256,0.000463,0.000567,0.000599,3.634455,3.6345,3.633856,4.50000000000728e-05,3.6268,0.029149115753174
"2026-05-21T18:07:31.524Z","run_bootstrap",45,"http://client1:8000","run","http://client1:8000/run",1,TRUE,200,1108,256,3.34812831878662,"2026-05-21T18:07:27.843738Z","2026-05-21T18:07:31.191866Z",1779386847.84374,1779386851.19187,0.000675,0.000781,0.000815,3.334392,3.334436,3.333577,4.40000000003771e-05,3.3269,0.0212283187866209
"2026-05-21T18:07:31.524Z","run_bootstrap",45,"http://client2:8000","run","http://client2:8000/run",1,TRUE,200,1108,250,3.49067783355713,"2026-05-21T18:07:27.845476Z","2026-05-21T18:07:31.336153Z",1779386847.84548,1779386851.33615,0.000725,0.000838,0.000879,3.476782,3.47683,3.475903,4.8000000000048e-05,3.4692,0.0214778335571291
"2026-05-21T18:07:31.524Z","run_bootstrap",45,"http://client3:8000","run","http://client3:8000/run",1,TRUE,200,1108,252,3.67346549034119,"2026-05-21T18:07:27.845973Z","2026-05-21T18:07:31.519438Z",1779386847.84597,1779386851.51944,0.000803,0.000901,0.000933,3.660132,3.66018,3.659199,4.8000000000048e-05,3.6532,0.0202654903411865
"2026-05-21T18:07:35.308Z","run_bootstrap",46,"http://client1:8000","run","http://client1:8000/run",1,TRUE,200,1108,256,3.76782298088074,"2026-05-21T18:07:31.535656Z","2026-05-21T18:07:35.303479Z",1779386851.53566,1779386855.30348,0.000649,0.000729,0.000751,3.754922,3.754953,3.754171,3.09999999998922e-05,3.7476,0.0202229808807375
"2026-05-21T18:07:35.308Z","run_bootstrap",46,"http://client2:8000","run","http://client2:8000/run",1,TRUE,200,1108,250,3.75028514862061,"2026-05-21T18:07:31.537465Z","2026-05-21T18:07:35.287750Z",1779386851.53747,1779386855.28775,0.000561,0.000642,0.000672,3.731413,3.731459,3.730741,4.60000000002125e-05,3.7248,0.0254851486206054
"2026-05-21T18:07:35.308Z","run_bootstrap",46,"http://client3:8000","run","http://client3:8000/run",1,TRUE,200,1108,252,3.45338797569275,"2026-05-21T18:07:31.536686Z","2026-05-21T18:07:34.990074Z",1779386851.53669,1779386854.99007,0.000547,0.000625,0.000656,3.440447,3.440488,3.439791,4.10000000004018e-05,3.4338,0.0195879756927488
"2026-05-21T18:07:39.098Z","run_bootstrap",47,"http://client1:8000","run","http://client1:8000/run",1,TRUE,200,1107,254,3.49211668968201,"2026-05-21T18:07:35.319316Z","2026-05-21T18:07:38.811433Z",1779386855.31932,1779386858.81143,0.000556,0.000658,0.000706,3.474306,3.474347,3.4736,4.09999999999577e-05,3.4573,0.0348166896820068
"2026-05-21T18:07:39.098Z","run_bootstrap",47,"http://client2:8000","run","http://client2:8000/run",1,TRUE,200,1107,250,3.77137541770935,"2026-05-21T18:07:35.319982Z","2026-05-21T18:07:39.091357Z",1779386855.31998,1779386859.09136,0.000517,0.000634,0.000678,3.750884,3.750942,3.750206,5.80000000001135e-05,3.7441,0.0272754177093506
"2026-05-21T18:07:39.098Z","run_bootstrap",47,"http://client3:8000","run","http://client3:8000/run",1,TRUE,200,1107,252,3.60867071151733,"2026-05-21T18:07:35.320595Z","2026-05-21T18:07:38.929265Z",1779386855.3206,1779386858.92927,0.000545,0.000644,0.000686,3.588746,3.588791,3.58806,4.50000000000728e-05,3.5816,0.0270707115173341
"2026-05-21T18:07:42.938Z","run_bootstrap",48,"http://client1:8000","run","http://client1:8000/run",1,TRUE,200,1107,254,3.814133644104,"2026-05-21T18:07:39.113533Z","2026-05-21T18:07:42.927667Z",1779386859.11353,1779386862.92767,0.000541,0.000612,0.000665,3.79226,3.792332,3.791595,7.199999999985e-05,3.7842,0.0299336441040041
"2026-05-21T18:07:42.938Z","run_bootstrap",48,"http://client2:8000","run","http://client2:8000/run",1,TRUE,200,1107,250,3.72772407531738,"2026-05-21T18:07:39.114072Z","2026-05-21T18:07:42.841796Z",1779386859.11407,1779386862.8418,0.000574,0.000661,0.000681,3.707083,3.707142,3.706402,5.90000000002533e-05,3.7003,0.0274240753173829
"2026-05-21T18:07:42.938Z","run_bootstrap",48,"http://client3:8000","run","http://client3:8000/run",1,TRUE,200,1107,252,3.5279848575592,"2026-05-21T18:07:39.114502Z","2026-05-21T18:07:42.642487Z",1779386859.1145,1779386862.64249,0.000495,0.000608,0.000655,3.507202,3.507395,3.506547,0.000192999999999888,3.5002,0.0277848575592041
"2026-05-21T18:07:46.781Z","run_bootstrap",49,"http://client1:8000","run","http://client1:8000/run",1,TRUE,200,1107,256,3.54614591598511,"2026-05-21T18:07:42.952777Z","2026-05-21T18:07:46.498923Z",1779386862.95278,1779386866.49892,0.000697,0.000799,0.00084,3.530838,3.530884,3.529998,4.59999999997684e-05,3.5232,0.0229459159851073
"2026-05-21T18:07:46.781Z","run_bootstrap",49,"http://client2:8000","run","http://client2:8000/run",1,TRUE,200,1107,251,3.62394309043884,"2026-05-21T18:07:42.953600Z","2026-05-21T18:07:46.577543Z",1779386862.9536,1779386866.57754,0.000575,0.000697,0.000739,3.60591,3.605957,3.605171,4.69999999999082e-05,3.5991,0.0248430904388428
"2026-05-21T18:07:46.781Z","run_bootstrap",49,"http://client3:8000","run","http://client3:8000/run",1,TRUE,200,1107,250,3.8224720954895,"2026-05-21T18:07:42.954126Z","2026-05-21T18:07:46.776598Z",1779386862.95413,1779386866.7766,0.000476,0.000562,0.000602,3.799977,3.800023,3.799375,4.59999999997684e-05,3.793,0.0294720954895018
"2026-05-21T18:07:50.624Z","run_bootstrap",50,"http://client1:8000","run","http://client1:8000/run",1,TRUE,200,1107,256,3.82416892051697,"2026-05-21T18:07:46.795267Z","2026-05-21T18:07:50.619436Z",1779386866.79527,1779386870.61944,0.000537,0.000615,0.000642,3.806251,3.806287,3.805609,3.6000000000147e-05,3.7986,0.0255689205169678
"2026-05-21T18:07:50.624Z","run_bootstrap",50,"http://client2:8000","run","http://client2:8000/run",1,TRUE,200,1107,250,3.64346647262573,"2026-05-21T18:07:46.795944Z","2026-05-21T18:07:50.439411Z",1779386866.79594,1779386870.43941,0.000555,0.000639,0.000675,3.625292,3.62534,3.624617,4.8000000000048e-05,3.618,0.0254664726257325
"2026-05-21T18:07:50.624Z","run_bootstrap",50,"http://client3:8000","run","http://client3:8000/run",1,TRUE,200,1107,251,3.3975043296814,"2026-05-21T18:07:46.796377Z","2026-05-21T18:07:50.193881Z",1779386866.79638,1779386870.19388,0.000498,0.000624,0.000662,3.379808,3.379868,3.379146,5.9999999999949e-05,3.3722,0.0253043296813966
"2026-05-21T18:07:54.373Z","run_bootstrap",51,"http://client1:8000","run","http://client1:8000/run",1,TRUE,200,1109,254,3.33507013320923,"2026-05-21T18:07:50.635878Z","2026-05-21T18:07:53.970948Z",1779386870.63588,1779386873.97095,0.000558,0.000665,0.000703,3.313066,3.313116,3.312363,4.99999999998835e-05,3.3023,0.0327701332092287
"2026-05-21T18:07:54.373Z","run_bootstrap",51,"http://client2:8000","run","http://client2:8000/run",1,TRUE,200,1109,251,3.73127603530884,"2026-05-21T18:07:50.636456Z","2026-05-21T18:07:54.367732Z",1779386870.63646,1779386874.36773,0.000595,0.000668,0.000701,3.70993,3.709971,3.709229,4.09999999999577e-05,3.7009,0.030376035308838
"2026-05-21T18:07:54.373Z","run_bootstrap",51,"http://client3:8000","run","http://client3:8000/run",1,TRUE,200,1109,252,3.54832530021667,"2026-05-21T18:07:50.636969Z","2026-05-21T18:07:54.185294Z",1779386870.63697,1779386874.18529,0.000672,0.000774,0.000807,3.534493,3.534529,3.533686,3.6000000000147e-05,3.5257,0.0226253002166747
"2026-05-21T18:07:58.100Z","run_bootstrap",52,"http://client1:8000","run","http://client1:8000/run",1,TRUE,200,1109,254,3.70970892906189,"2026-05-21T18:07:54.385904Z","2026-05-21T18:07:58.095613Z",1779386874.3859,1779386878.09561,0.000861,0.000973,0.001008,3.695434,3.695475,3.694426,4.09999999999577e-05,3.6877,0.0220089290618897
"2026-05-21T18:07:58.100Z","run_bootstrap",52,"http://client2:8000","run","http://client2:8000/run",1,TRUE,200,1109,251,3.54560089111328,"2026-05-21T18:07:54.386548Z","2026-05-21T18:07:57.932149Z",1779386874.38655,1779386877.93215,0.000655,0.000944,0.000998,3.530237,3.530268,3.529239,3.09999999998922e-05,3.5232,0.0224008911132811
"2026-05-21T18:07:58.100Z","run_bootstrap",52,"http://client3:8000","run","http://client3:8000/run",1,TRUE,200,1109,251,3.5285165309906,"2026-05-21T18:07:54.385908Z","2026-05-21T18:07:57.914424Z",1779386874.38591,1779386877.91442,0.000645,0.000756,0.000792,3.515474,3.515515,3.514682,4.09999999999577e-05,3.508,0.0205165309906006
"2026-05-21T18:08:01.975Z","run_bootstrap",53,"http://client1:8000","run","http://client1:8000/run",1,TRUE,200,1107,253,3.6330041885376,"2026-05-21T18:07:58.165886Z","2026-05-21T18:08:01.798891Z",1779386878.16589,1779386881.79889,0.000664,0.000775,0.000811,3.619093,3.619193,3.618282,0.000100000000000211,3.6097,0.0233041885375975
"2026-05-21T18:08:01.975Z","run_bootstrap",53,"http://client2:8000","run","http://client2:8000/run",1,TRUE,200,1107,251,3.3801896572113,"2026-05-21T18:07:58.167448Z","2026-05-21T18:08:01.547638Z",1779386878.16745,1779386881.54764,0.000515,0.00064,0.000679,3.366825,3.366965,3.366146,0.000140000000000029,3.3586,0.0215896572113037
"2026-05-21T18:08:01.975Z","run_bootstrap",53,"http://client3:8000","run","http://client3:8000/run",1,TRUE,200,1107,255,3.79999542236328,"2026-05-21T18:07:58.168519Z","2026-05-21T18:08:01.968515Z",1779386878.16852,1779386881.96852,0.000611,0.000722,0.000758,3.784782,3.784945,3.784024,0.000163000000000135,3.7767,0.0232954223632813
"2026-05-21T18:08:05.780Z","run_bootstrap",54,"http://client1:8000","run","http://client1:8000/run",1,TRUE,200,1107,253,3.54097199440002,"2026-05-21T18:08:01.987383Z","2026-05-21T18:08:05.528355Z",1779386881.98738,1779386885.52836,0.000605,0.000693,0.000716,3.526472,3.526591,3.525756,0.000118999999999758,3.5182,0.0227719944000242
"2026-05-21T18:08:05.780Z","run_bootstrap",54,"http://client2:8000","run","http://client2:8000/run",1,TRUE,200,1107,251,3.78830647468567,"2026-05-21T18:08:01.988058Z","2026-05-21T18:08:05.776365Z",1779386881.98806,1779386885.77637,0.000648,0.000711,0.000742,3.774619,3.774757,3.773877,0.000138000000000194,3.7673,0.0210064746856689
"2026-05-21T18:08:05.780Z","run_bootstrap",54,"http://client3:8000","run","http://client3:8000/run",1,TRUE,200,1107,255,3.55653285980225,"2026-05-21T18:08:01.988699Z","2026-05-21T18:08:05.545232Z",1779386881.9887,1779386885.54523,0.000696,0.000749,0.000769,3.54188,3.542022,3.541111,0.000141999999999864,3.5348,0.0217328598022459
"2026-05-21T18:08:09.688Z","run_bootstrap",55,"http://client1:8000","run","http://client1:8000/run",1,TRUE,200,1108,266,3.89235854148865,"2026-05-21T18:08:05.791113Z","2026-05-21T18:08:09.683472Z",1779386885.79111,1779386889.68347,0.000692,0.000807,0.000846,3.878131,3.878288,3.877285,0.000156999999999741,3.8662,0.0261585414886474
"2026-05-21T18:08:09.688Z","run_bootstrap",55,"http://client2:8000","run","http://client2:8000/run",1,TRUE,200,1108,264,3.65868735313416,"2026-05-21T18:08:05.793297Z","2026-05-21T18:08:09.451984Z",1779386885.7933,1779386889.45198,0.000583,0.000672,0.000701,3.640011,3.640177,3.63931,0.000166000000000111,3.6332,0.0254873531341553
"2026-05-21T18:08:09.688Z","run_bootstrap",55,"http://client3:8000","run","http://client3:8000/run",1,TRUE,200,1108,264,3.74925374984741,"2026-05-21T18:08:05.793327Z","2026-05-21T18:08:09.542580Z",1779386885.79333,1779386889.54258,0.000532,0.000614,0.00064,3.731137,3.731251,3.730497,0.000113999999999947,3.7241,0.0251537498474121
"2026-05-21T18:08:13.678Z","run_bootstrap",56,"http://client1:8000","run","http://client1:8000/run",1,TRUE,200,1108,266,3.69993829727173,"2026-05-21T18:08:09.700880Z","2026-05-21T18:08:13.400818Z",1779386889.70088,1779386893.40082,0.000719,0.000813,0.000841,3.677731,3.677874,3.67689,0.000143000000000004,3.6705,0.0294382972717284
"2026-05-21T18:08:13.678Z","run_bootstrap",56,"http://client2:8000","run","http://client2:8000/run",1,TRUE,200,1108,264,3.72321391105652,"2026-05-21T18:08:09.701490Z","2026-05-21T18:08:13.424704Z",1779386889.70149,1779386893.4247,0.000574,0.000655,0.000695,3.700846,3.700951,3.700151,0.000105000000000022,3.6942,0.0290139110565186
"2026-05-21T18:08:13.678Z","run_bootstrap",56,"http://client3:8000","run","http://client3:8000/run",1,TRUE,200,1108,264,3.97163867950439,"2026-05-21T18:08:09.701991Z","2026-05-21T18:08:13.673630Z",1779386889.70199,1779386893.67363,0.000418,0.000491,0.000526,3.949794,3.949938,3.949268,0.000144000000000144,3.9431,0.0285386795043947
"2026-05-21T18:08:17.562Z","run_bootstrap",57,"http://client1:8000","run","http://client1:8000/run",1,TRUE,200,1107,255,3.86437892913818,"2026-05-21T18:08:13.690957Z","2026-05-21T18:08:17.555335Z",1779386893.69096,1779386897.55534,0.000659,0.00077,0.000815,3.84373,3.843862,3.842915,0.000132000000000243,3.8365,0.0278789291381836
"2026-05-21T18:08:17.562Z","run_bootstrap",57,"http://client2:8000","run","http://client2:8000/run",1,TRUE,200,1107,253,3.56107974052429,"2026-05-21T18:08:13.691740Z","2026-05-21T18:08:17.252819Z",1779386893.69174,1779386897.25282,0.00049,0.000577,0.000616,3.539004,3.539168,3.538388,0.000164000000000275,3.5313,0.0297797405242921
"2026-05-21T18:08:17.562Z","run_bootstrap",57,"http://client3:8000","run","http://client3:8000/run",1,TRUE,200,1107,253,3.65300631523132,"2026-05-21T18:08:13.692155Z","2026-05-21T18:08:17.345161Z",1779386893.69216,1779386897.34516,0.000549,0.000651,0.000695,3.635252,3.635414,3.634557,0.000161999999999995,3.628,0.0250063152313231
"2026-05-21T18:08:21.304Z","run_bootstrap",58,"http://client1:8000","run","http://client1:8000/run",1,TRUE,200,1107,255,3.63651061058044,"2026-05-21T18:08:17.575757Z","2026-05-21T18:08:21.212267Z",1779386897.57576,1779386901.21227,0.000551,0.000645,0.000668,3.618722,3.618877,3.618054,0.000154999999999905,3.6113,0.0252106105804444
"2026-05-21T18:08:21.304Z","run_bootstrap",58,"http://client2:8000","run","http://client2:8000/run",1,TRUE,200,1107,253,3.723637342453,"2026-05-21T18:08:17.576310Z","2026-05-21T18:08:21.299948Z",1779386897.57631,1779386901.29995,0.000539,0.000633,0.000669,3.702023,3.702165,3.701354,0.000141999999999864,3.6936,0.0300373424530029
"2026-05-21T18:08:21.304Z","run_bootstrap",58,"http://client3:8000","run","http://client3:8000/run",1,TRUE,200,1107,253,3.59706974029541,"2026-05-21T18:08:17.576867Z","2026-05-21T18:08:21.173936Z",1779386897.57687,1779386901.17394,0.000666,0.000717,0.000735,3.580393,3.580534,3.579658,0.000141000000000169,3.572,0.0250697402954101
"2026-05-21T18:08:25.249Z","run_bootstrap",59,"http://client1:8000","run","http://client1:8000/run",1,TRUE,200,1107,253,3.75182390213013,"2026-05-21T18:08:21.318917Z","2026-05-21T18:08:25.070741Z",1779386901.31892,1779386905.07074,0.000528,0.000608,0.000639,3.731386,3.731485,3.730747,9.90000000000713e-05,3.724,0.0278239021301268
"2026-05-21T18:08:25.249Z","run_bootstrap",59,"http://client2:8000","run","http://client2:8000/run",1,TRUE,200,1107,251,3.63829612731934,"2026-05-21T18:08:21.319517Z","2026-05-21T18:08:24.957813Z",1779386901.31952,1779386904.95781,0.00064,0.000749,0.000787,3.620851,3.621036,3.620064,0.000185000000000102,3.6134,0.024896127319336
"2026-05-21T18:08:25.249Z","run_bootstrap",59,"http://client3:8000","run","http://client3:8000/run",1,TRUE,200,1107,254,3.92440414428711,"2026-05-21T18:08:21.320041Z","2026-05-21T18:08:25.244446Z",1779386901.32004,1779386905.24445,0.000692,0.000811,0.000835,3.907272,3.907398,3.906437,0.000126000000000293,3.8998,0.0246041442871094
"2026-05-21T18:08:29.350Z","run_bootstrap",60,"http://client1:8000","run","http://client1:8000/run",1,TRUE,200,1107,254,4.08507752418518,"2026-05-21T18:08:25.261067Z","2026-05-21T18:08:29.346145Z",1779386905.26107,1779386909.34615,0.000712,0.000832,0.000868,4.069854,4.069991,4.068986,0.00013699999999961,3.9195,0.16557752418518
"2026-05-21T18:08:29.350Z","run_bootstrap",60,"http://client2:8000","run","http://client2:8000/run",1,TRUE,200,1107,251,3.765625,"2026-05-21T18:08:25.261576Z","2026-05-21T18:08:29.027201Z",1779386905.26158,1779386909.0272,0.000512,0.00062,0.000655,3.746947,3.747078,3.746292,0.000131000000000103,3.5947,0.170925
"2026-05-21T18:08:29.350Z","run_bootstrap",60,"http://client3:8000","run","http://client3:8000/run",1,TRUE,200,1107,254,3.89227223396301,"2026-05-21T18:08:25.261985Z","2026-05-21T18:08:29.154257Z",1779386905.26199,1779386909.15426,0.00056,0.000643,0.000674,3.872578,3.872698,3.871904,0.000120000000000342,3.7257,0.166572233963013
"2026-05-21T18:08:32.911Z","run_bootstrap",61,"http://client1:8000","run","http://client1:8000/run",1,TRUE,200,1108,253,3.54552412033081,"2026-05-21T18:08:29.360871Z","2026-05-21T18:08:32.906395Z",1779386909.36087,1779386912.9064,0.000712,0.000818,0.000853,3.531352,3.531488,3.530499,0.000135999999999914,3.5242,0.0213241203308105
"2026-05-21T18:08:32.911Z","run_bootstrap",61,"http://client2:8000","run","http://client2:8000/run",1,TRUE,200,1108,251,3.48274993896484,"2026-05-21T18:08:29.362594Z","2026-05-21T18:08:32.845344Z",1779386909.36259,1779386912.84534,0.000659,0.000734,0.000763,3.466764,3.466899,3.466001,0.000135000000000218,3.4602,0.0225499389648438
"2026-05-21T18:08:32.911Z","run_bootstrap",61,"http://client3:8000","run","http://client3:8000/run",1,TRUE,200,1108,254,3.51491904258728,"2026-05-21T18:08:29.362782Z","2026-05-21T18:08:32.877701Z",1779386909.36278,1779386912.8777,0.00076,0.000874,0.000909,3.4998,3.49994,3.498891,0.000140000000000029,3.4929,0.0220190425872802
"2026-05-21T18:08:36.473Z","run_bootstrap",62,"http://client1:8000","run","http://client1:8000/run",1,TRUE,200,1108,253,3.54454779624939,"2026-05-21T18:08:32.923091Z","2026-05-21T18:08:36.467639Z",1779386912.92309,1779386916.46764,0.000664,0.000744,0.000766,3.529863,3.529992,3.529097,0.000128999999999824,3.5227,0.0218477962493897
"2026-05-21T18:08:36.473Z","run_bootstrap",62,"http://client2:8000","run","http://client2:8000/run",1,TRUE,200,1108,251,3.27759790420532,"2026-05-21T18:08:32.923997Z","2026-05-21T18:08:36.201595Z",1779386912.924,1779386916.2016,0.000718,0.000778,0.000797,3.263656,3.263861,3.262859,0.000204999999999789,3.2555,0.0220979042053222
"2026-05-21T18:08:36.473Z","run_bootstrap",62,"http://client3:8000","run","http://client3:8000/run",1,TRUE,200,1108,254,3.50521445274353,"2026-05-21T18:08:32.925427Z","2026-05-21T18:08:36.430642Z",1779386912.92543,1779386916.43064,0.000627,0.000714,0.000746,3.485068,3.485231,3.484322,0.000163000000000135,3.4783,0.0269144527435303
"2026-05-21T18:08:40.036Z","run_bootstrap",63,"http://client1:8000","run","http://client1:8000/run",1,TRUE,200,1104,257,3.45448732376099,"2026-05-21T18:08:36.485529Z","2026-05-21T18:08:39.940016Z",1779386916.48553,1779386919.94002,0.000657,0.000761,0.000805,3.434662,3.434793,3.433857,0.000131000000000103,3.4144,0.0400873237609862
"2026-05-21T18:08:40.036Z","run_bootstrap",63,"http://client2:8000","run","http://client2:8000/run",1,TRUE,200,1104,250,3.50828719139099,"2026-05-21T18:08:36.486143Z","2026-05-21T18:08:39.994431Z",1779386916.48614,1779386919.99443,0.000345,0.000421,0.000465,3.487021,3.487145,3.486556,0.000124000000000013,3.4709,0.0373871913909913
"2026-05-21T18:08:40.036Z","run_bootstrap",63,"http://client3:8000","run","http://client3:8000/run",1,TRUE,200,1104,251,3.54558157920837,"2026-05-21T18:08:36.486541Z","2026-05-21T18:08:40.032122Z",1779386916.48654,1779386920.03212,0.000402,0.000499,0.000541,3.524729,3.524866,3.524188,0.000137000000000054,3.5083,0.0372815792083738
"2026-05-21T18:08:43.601Z","run_bootstrap",64,"http://client1:8000","run","http://client1:8000/run",1,TRUE,200,1104,256,3.50203323364258,"2026-05-21T18:08:40.052920Z","2026-05-21T18:08:43.554953Z",1779386920.05292,1779386923.55495,0.00034,0.000427,0.00045,3.490626,3.490765,3.490176,0.000139000000000333,3.483,0.019033233642578
"2026-05-21T18:08:43.601Z","run_bootstrap",64,"http://client2:8000","run","http://client2:8000/run",1,TRUE,200,1104,250,3.54344129562378,"2026-05-21T18:08:40.052931Z","2026-05-21T18:08:43.596372Z",1779386920.05293,1779386923.59637,0.000405,0.000455,0.000474,3.53129,3.531425,3.530816,0.000135000000000218,3.5237,0.0197412956237795
"2026-05-21T18:08:43.601Z","run_bootstrap",64,"http://client3:8000","run","http://client3:8000/run",1,TRUE,200,1104,251,3.27677965164185,"2026-05-21T18:08:40.054579Z","2026-05-21T18:08:43.331359Z",1779386920.05458,1779386923.33136,0.000546,0.00062,0.000651,3.264102,3.264207,3.263451,0.000105000000000022,3.2559,0.0208796516418457
"2026-05-21T18:08:47.343Z","run_bootstrap",65,"http://client1:8000","run","http://client1:8000/run",1,TRUE,200,1108,257,3.72408032417297,"2026-05-21T18:08:43.614949Z","2026-05-21T18:08:47.339029Z",1779386923.61495,1779386927.33903,0.000721,0.00079,0.00083,3.71034,3.710466,3.70951,0.000125999999999848,3.7028,0.0212803241729738
"2026-05-21T18:08:47.343Z","run_bootstrap",65,"http://client2:8000","run","http://client2:8000/run",1,TRUE,200,1108,248,3.41546392440796,"2026-05-21T18:08:43.615557Z","2026-05-21T18:08:47.031021Z",1779386923.61556,1779386927.03102,0.000555,0.000621,0.000642,3.402563,3.402693,3.401921,0.000130000000000408,3.3957,0.0197639244079588
"2026-05-21T18:08:47.343Z","run_bootstrap",65,"http://client3:8000","run","http://client3:8000/run",1,TRUE,200,1108,253,3.69409489631653,"2026-05-21T18:08:43.615013Z","2026-05-21T18:08:47.309108Z",1779386923.61501,1779386927.30911,0.000662,0.000771,0.000808,3.680166,3.680311,3.679358,0.000145000000000284,3.6731,0.0209948963165285
"2026-05-21T18:08:51.015Z","run_bootstrap",66,"http://client1:8000","run","http://client1:8000/run",1,TRUE,200,1108,257,3.26402759552002,"2026-05-21T18:08:47.354524Z","2026-05-21T18:08:50.618551Z",1779386927.35452,1779386930.61855,0.000722,0.000829,0.000864,3.250445,3.25054,3.249581,9.49999999999562e-05,3.2428,0.0212275955200196
"2026-05-21T18:08:51.015Z","run_bootstrap",66,"http://client2:8000","run","http://client2:8000/run",1,TRUE,200,1108,248,3.65443730354309,"2026-05-21T18:08:47.356175Z","2026-05-21T18:08:51.010612Z",1779386927.35618,1779386931.01061,0.000499,0.000614,0.000652,3.640624,3.640747,3.639972,0.000123000000000317,3.6331,0.0213373035430906
"2026-05-21T18:08:51.015Z","run_bootstrap",66,"http://client3:8000","run","http://client3:8000/run",1,TRUE,200,1108,253,3.52472877502441,"2026-05-21T18:08:47.356429Z","2026-05-21T18:08:50.881158Z",1779386927.35643,1779386930.88116,0.000477,0.000562,0.000594,3.510877,3.511013,3.510283,0.000136000000000358,3.5043,0.0204287750244139
"2026-05-21T18:08:54.628Z","run_bootstrap",67,"http://client1:8000","run","http://client1:8000/run",1,TRUE,200,1107,253,3.59622287750244,"2026-05-21T18:08:51.027816Z","2026-05-21T18:08:54.624039Z",1779386931.02782,1779386934.62404,0.000581,0.000643,0.000665,3.5803,3.580433,3.579635,0.000133000000000383,3.5733,0.0229228775024413
"2026-05-21T18:08:54.628Z","run_bootstrap",67,"http://client2:8000","run","http://client2:8000/run",1,TRUE,200,1107,249,3.48817491531372,"2026-05-21T18:08:51.028530Z","2026-05-21T18:08:54.516705Z",1779386931.02853,1779386934.51671,0.000733,0.00081,0.000843,3.471945,3.472327,3.471102,0.000382000000000104,3.4646,0.0235749153137208
"2026-05-21T18:08:54.628Z","run_bootstrap",67,"http://client3:8000","run","http://client3:8000/run",1,TRUE,200,1107,251,3.51599168777466,"2026-05-21T18:08:51.029084Z","2026-05-21T18:08:54.545076Z",1779386931.02908,1779386934.54508,0.00056,0.000639,0.00066,3.500773,3.500881,3.500113,0.000107999999999997,3.4941,0.0218916877746582
"2026-05-21T18:08:58.392Z","run_bootstrap",68,"http://client1:8000","run","http://client1:8000/run",1,TRUE,200,1107,253,3.55532097816467,"2026-05-21T18:08:54.641264Z","2026-05-21T18:08:58.196585Z",1779386934.64126,1779386938.19659,0.000704,0.000808,0.000855,3.540305,3.540422,3.53945,0.000116999999999923,3.5329,0.0224209781646727
"2026-05-21T18:08:58.392Z","run_bootstrap",68,"http://client2:8000","run","http://client2:8000/run",1,TRUE,200,1107,249,3.42302656173706,"2026-05-21T18:08:54.642413Z","2026-05-21T18:08:58.065439Z",1779386934.64241,1779386938.06544,0.000593,7e-04,0.000745,3.407195,3.407302,3.40645,0.000106999999999857,3.4002,0.0228265617370607
"2026-05-21T18:08:58.392Z","run_bootstrap",68,"http://client3:8000","run","http://client3:8000/run",1,TRUE,200,1107,251,3.74202966690063,"2026-05-21T18:08:54.642986Z","2026-05-21T18:08:58.385016Z",1779386934.64299,1779386938.38502,0.000743,0.000856,0.000902,3.721464,3.721595,3.720562,0.000131000000000103,3.7141,0.0279296669006346
"2026-05-21T18:09:02.169Z","run_bootstrap",69,"http://client1:8000","run","http://client1:8000/run",1,TRUE,200,1108,253,3.57209253311157,"2026-05-21T18:08:58.409528Z","2026-05-21T18:09:01.981621Z",1779386938.40953,1779386941.98162,0.000682,0.00082,0.000855,3.554617,3.554843,3.553762,0.000226000000000059,3.547,0.0250925331115721
"2026-05-21T18:09:02.169Z","run_bootstrap",69,"http://client2:8000","run","http://client2:8000/run",1,TRUE,200,1108,247,3.49716424942017,"2026-05-21T18:08:58.411381Z","2026-05-21T18:09:01.908545Z",1779386938.41138,1779386941.90855,0.000784,0.000876,0.000911,3.479521,3.479656,3.47861,0.000134999999999774,3.4721,0.0250642494201658
"2026-05-21T18:09:02.169Z","run_bootstrap",69,"http://client3:8000","run","http://client3:8000/run",1,TRUE,200,1108,253,3.75403022766113,"2026-05-21T18:08:58.411629Z","2026-05-21T18:09:02.165659Z",1779386938.41163,1779386942.16566,7e-04,0.000821,0.000862,3.737265,3.737401,3.736403,0.000136000000000358,3.7299,0.0241302276611326
"2026-05-21T18:09:05.991Z","run_bootstrap",70,"http://client1:8000","run","http://client1:8000/run",1,TRUE,200,1108,254,3.61024832725525,"2026-05-21T18:09:02.184283Z","2026-05-21T18:09:05.794532Z",1779386942.18428,1779386945.79453,0.00072,0.000833,0.000868,3.593548,3.593676,3.59268,0.000127999999999684,3.5863,0.023948327255249
"2026-05-21T18:09:05.991Z","run_bootstrap",70,"http://client2:8000","run","http://client2:8000/run",1,TRUE,200,1108,247,3.66242957115173,"2026-05-21T18:09:02.183778Z","2026-05-21T18:09:05.846207Z",1779386942.18378,1779386945.84621,0.00061,0.000713,0.000748,3.648697,3.648868,3.647949,0.000170999999999921,3.6416,0.0208295711517335
"2026-05-21T18:09:05.991Z","run_bootstrap",70,"http://client3:8000","run","http://client3:8000/run",1,TRUE,200,1108,253,3.79840588569641,"2026-05-21T18:09:02.185555Z","2026-05-21T18:09:05.983961Z",1779386942.18556,1779386945.98396,0.000439,0.000551,0.000587,3.779276,3.779384,3.778689,0.000107999999999997,3.7723,0.0261058856964111
"2026-05-21T18:09:09.779Z","run_bootstrap",71,"http://client1:8000","run","http://client1:8000/run",1,TRUE,200,1107,255,3.76759672164917,"2026-05-21T18:09:06.007577Z","2026-05-21T18:09:09.775174Z",1779386946.00758,1779386949.77517,0.000507,0.000581,0.000621,3.754013,3.754137,3.753392,0.000124000000000013,3.7463,0.0212967216491697
"2026-05-21T18:09:09.779Z","run_bootstrap",71,"http://client2:8000","run","http://client2:8000/run",1,TRUE,200,1107,249,3.5961754322052,"2026-05-21T18:09:06.007858Z","2026-05-21T18:09:09.604033Z",1779386946.00786,1779386949.60403,0.000627,0.000682,0.000704,3.582166,3.582304,3.581462,0.000138000000000194,3.575,0.0211754322052
"2026-05-21T18:09:09.779Z","run_bootstrap",71,"http://client3:8000","run","http://client3:8000/run",1,TRUE,200,1107,253,3.69187688827515,"2026-05-21T18:09:06.008518Z","2026-05-21T18:09:09.700395Z",1779386946.00852,1779386949.7004,0.000578,0.000646,0.000667,3.67921,3.679331,3.678543,0.000121000000000038,3.6718,0.0200768882751463
"2026-05-21T18:09:13.452Z","run_bootstrap",72,"http://client1:8000","run","http://client1:8000/run",1,TRUE,200,1107,255,3.6411120891571,"2026-05-21T18:09:09.791935Z","2026-05-21T18:09:13.433047Z",1779386949.79194,1779386953.43305,0.000645,0.000732,0.000764,3.619695,3.619802,3.618931,0.000106999999999857,3.6089,0.0322120891571043
"2026-05-21T18:09:13.452Z","run_bootstrap",72,"http://client2:8000","run","http://client2:8000/run",1,TRUE,200,1107,250,3.62888813018799,"2026-05-21T18:09:09.792665Z","2026-05-21T18:09:13.421553Z",1779386949.79267,1779386953.42155,0.000477,0.000604,0.000643,3.607347,3.607483,3.606704,0.000136000000000358,3.6004,0.0284881301879882
"2026-05-21T18:09:13.452Z","run_bootstrap",72,"http://client3:8000","run","http://client3:8000/run",1,TRUE,200,1107,253,3.65228056907654,"2026-05-21T18:09:09.793183Z","2026-05-21T18:09:13.445463Z",1779386949.79318,1779386953.44546,0.00064,0.000745,0.000782,3.632808,3.632946,3.632026,0.000138000000000194,3.6258,0.0264805690765382
"2026-05-21T18:09:17.261Z","run_bootstrap",73,"http://client1:8000","run","http://client1:8000/run",1,TRUE,200,1105,255,3.73126888275146,"2026-05-21T18:09:13.462643Z","2026-05-21T18:09:17.193912Z",1779386953.46264,1779386957.19391,0.00065,0.000757,0.000794,3.716705,3.716842,3.715911,0.000137000000000054,3.7086,0.0226688827514647
"2026-05-21T18:09:17.261Z","run_bootstrap",73,"http://client2:8000","run","http://client2:8000/run",1,TRUE,200,1105,250,3.78850650787354,"2026-05-21T18:09:13.464463Z","2026-05-21T18:09:17.252970Z",1779386953.46446,1779386957.25297,0.000619,0.000732,0.000772,3.77428,3.774391,3.773508,0.000110999999999972,3.767,0.0215065078735353
"2026-05-21T18:09:17.261Z","run_bootstrap",73,"http://client3:8000","run","http://client3:8000/run",1,TRUE,200,1105,250,3.591059923172,"2026-05-21T18:09:13.465253Z","2026-05-21T18:09:17.056313Z",1779386953.46525,1779386957.05631,0.000596,0.000705,0.000755,3.576412,3.57658,3.575657,0.000167999999999946,3.5594,0.031659923171997
"2026-05-21T18:09:21.022Z","run_bootstrap",74,"http://client1:8000","run","http://client1:8000/run",1,TRUE,200,1105,255,3.69233202934265,"2026-05-21T18:09:17.276421Z","2026-05-21T18:09:20.968753Z",1779386957.27642,1779386960.96875,0.000568,0.000661,0.000691,3.678116,3.678249,3.677425,0.000132999999999939,3.6695,0.0228320293426512
"2026-05-21T18:09:21.022Z","run_bootstrap",74,"http://client2:8000","run","http://client2:8000/run",1,TRUE,200,1105,251,3.47353053092957,"2026-05-21T18:09:17.275668Z","2026-05-21T18:09:20.749199Z",1779386957.27567,1779386960.7492,0.000678,0.000732,0.000759,3.458932,3.459033,3.458173,0.000100999999999907,3.4411,0.0324305309295654
"2026-05-21T18:09:21.022Z","run_bootstrap",74,"http://client3:8000","run","http://client3:8000/run",1,TRUE,200,1105,250,3.7418110370636,"2026-05-21T18:09:17.276180Z","2026-05-21T18:09:21.017991Z",1779386957.27618,1779386961.01799,0.000601,0.000681,0.000727,3.727393,3.727537,3.726666,0.0001439999999997,3.7189,0.0229110370635985
"2026-05-21T18:09:24.872Z","run_bootstrap",75,"http://client1:8000","run","http://client1:8000/run",1,TRUE,200,1107,255,3.72228980064392,"2026-05-21T18:09:21.034918Z","2026-05-21T18:09:24.757208Z",1779386961.03492,1779386964.75721,0.000544,0.000627,0.000663,3.702576,3.70272,3.701913,0.0001439999999997,3.6952,0.0270898006439211
"2026-05-21T18:09:24.872Z","run_bootstrap",75,"http://client2:8000","run","http://client2:8000/run",1,TRUE,200,1107,251,3.66280221939087,"2026-05-21T18:09:21.035242Z","2026-05-21T18:09:24.698044Z",1779386961.03524,1779386964.69804,0.000516,0.000607,0.000643,3.643581,3.643723,3.642938,0.000141999999999864,3.6365,0.0263022193908693
"2026-05-21T18:09:24.872Z","run_bootstrap",75,"http://client3:8000","run","http://client3:8000/run",1,TRUE,200,1107,253,3.83196020126343,"2026-05-21T18:09:21.035756Z","2026-05-21T18:09:24.867716Z",1779386961.03576,1779386964.86772,0.000668,0.000791,0.000828,3.815379,3.815528,3.814551,0.000148999999999955,3.8071,0.0248602012634276
"2026-05-21T18:09:28.775Z","run_bootstrap",76,"http://client1:8000","run","http://client1:8000/run",1,TRUE,200,1107,255,3.72851085662842,"2026-05-21T18:09:24.886156Z","2026-05-21T18:09:28.614667Z",1779386964.88616,1779386968.61467,0.000465,0.000574,0.000617,3.71466,3.714756,3.714043,9.6000000000096e-05,3.7072,0.0213108566284181
"2026-05-21T18:09:28.775Z","run_bootstrap",76,"http://client2:8000","run","http://client2:8000/run",1,TRUE,200,1107,251,3.88460612297058,"2026-05-21T18:09:24.886859Z","2026-05-21T18:09:28.771465Z",1779386964.88686,1779386968.77147,0.000524,0.000612,0.000655,3.872299,3.872435,3.871644,0.000135999999999914,3.8632,0.0214061229705811
"2026-05-21T18:09:28.775Z","run_bootstrap",76,"http://client3:8000","run","http://client3:8000/run",1,TRUE,200,1107,253,3.50172924995422,"2026-05-21T18:09:24.886158Z","2026-05-21T18:09:28.387888Z",1779386964.88616,1779386968.38789,0.000756,0.000849,0.00088,3.487803,3.487958,3.486923,0.000154999999999905,3.4787,0.0230292499542237
"2026-05-21T18:09:32.581Z","run_bootstrap",77,"http://client1:8000","run","http://client1:8000/run",1,TRUE,200,1107,254,3.789963722229,"2026-05-21T18:09:28.787560Z","2026-05-21T18:09:32.577524Z",1779386968.78756,1779386972.57752,0.000667,0.000771,0.000806,3.77466,3.774798,3.773854,0.000138000000000194,3.7597,0.0302637222290039
"2026-05-21T18:09:32.581Z","run_bootstrap",77,"http://client2:8000","run","http://client2:8000/run",1,TRUE,200,1107,250,3.60225248336792,"2026-05-21T18:09:28.788106Z","2026-05-21T18:09:32.390358Z",1779386968.78811,1779386972.39036,0.000577,0.00069,0.000723,3.580952,3.581192,3.580229,0.00024000000000024,3.5726,0.0296524833679199
"2026-05-21T18:09:32.581Z","run_bootstrap",77,"http://client3:8000","run","http://client3:8000/run",1,TRUE,200,1107,250,3.66215682029724,"2026-05-21T18:09:28.788646Z","2026-05-21T18:09:32.450803Z",1779386968.78865,1779386972.4508,0.000627,0.000693,0.000715,3.642187,3.642311,3.641472,0.000124000000000013,3.6353,0.0268568202972412
"2026-05-21T18:09:36.311Z","run_bootstrap",78,"http://client1:8000","run","http://client1:8000/run",1,TRUE,200,1107,254,3.71402359008789,"2026-05-21T18:09:32.593175Z","2026-05-21T18:09:36.307199Z",1779386972.59318,1779386976.3072,0.000645,0.000765,0.000796,3.699456,3.699606,3.69866,0.000150000000000095,3.6913,0.0227235900878906
"2026-05-21T18:09:36.311Z","run_bootstrap",78,"http://client2:8000","run","http://client2:8000/run",1,TRUE,200,1107,250,3.6464512348175,"2026-05-21T18:09:32.593298Z","2026-05-21T18:09:36.239749Z",1779386972.5933,1779386976.23975,0.00058,0.000706,0.000743,3.631772,3.631915,3.631029,0.000143000000000004,3.6247,0.0217512348175051
"2026-05-21T18:09:36.311Z","run_bootstrap",78,"http://client3:8000","run","http://client3:8000/run",1,TRUE,200,1107,250,3.61472272872925,"2026-05-21T18:09:32.593719Z","2026-05-21T18:09:36.208442Z",1779386972.59372,1779386976.20844,0.000655,0.000751,0.000786,3.600259,3.600429,3.599473,0.000170000000000226,3.5931,0.0216227287292479
"2026-05-21T18:09:40.188Z","run_bootstrap",79,"http://client1:8000","run","http://client1:8000/run",1,TRUE,200,1108,255,3.69675183296204,"2026-05-21T18:09:36.325691Z","2026-05-21T18:09:40.022443Z",1779386976.32569,1779386980.02244,0.000547,0.000616,0.000654,3.681227,3.681382,3.680573,0.000155000000000349,3.6725,0.0242518329620363
"2026-05-21T18:09:40.188Z","run_bootstrap",79,"http://client2:8000","run","http://client2:8000/run",1,TRUE,200,1108,251,3.59888958930969,"2026-05-21T18:09:36.326120Z","2026-05-21T18:09:39.925009Z",1779386976.32612,1779386979.92501,0.000506,0.000587,0.000626,3.583734,3.583868,3.583108,0.000133999999999634,3.5766,0.0222895893096924
"2026-05-21T18:09:40.188Z","run_bootstrap",79,"http://client3:8000","run","http://client3:8000/run",1,TRUE,200,1108,253,3.85827684402466,"2026-05-21T18:09:36.325409Z","2026-05-21T18:09:40.183686Z",1779386976.32541,1779386980.18369,0.000787,0.000886,0.000915,3.844321,3.844453,3.843406,0.000132000000000243,3.8359,0.0223768440246581
"2026-05-21T18:09:44.238Z","run_bootstrap",80,"http://client1:8000","run","http://client1:8000/run",1,TRUE,200,1108,254,4.03393745422363,"2026-05-21T18:09:40.200920Z","2026-05-21T18:09:44.234857Z",1779386980.20092,1779386984.23486,0.00083,0.000894,0.000914,4.016454,4.016608,4.01554,0.000153999999999321,3.855,0.178937454223633
"2026-05-21T18:09:44.238Z","run_bootstrap",80,"http://client2:8000","run","http://client2:8000/run",1,TRUE,200,1108,251,3.82504677772522,"2026-05-21T18:09:40.201085Z","2026-05-21T18:09:44.026132Z",1779386980.20109,1779386984.02613,0.000719,0.000823,0.000859,3.807354,3.80756,3.806495,0.000205999999999928,3.6455,0.17954677772522
"2026-05-21T18:09:44.238Z","run_bootstrap",80,"http://client3:8000","run","http://client3:8000/run",1,TRUE,200,1108,253,3.86032176017761,"2026-05-21T18:09:40.202938Z","2026-05-21T18:09:44.063260Z",1779386980.20294,1779386984.06326,0.000556,0.000634,0.000665,3.844067,3.84421,3.843402,0.000143000000000004,3.6798,0.180521760177612
"2026-05-21T18:09:48.092Z","run_bootstrap",81,"http://client1:8000","run","http://client1:8000/run",1,TRUE,200,1105,253,3.8329758644104,"2026-05-21T18:09:44.252445Z","2026-05-21T18:09:48.085421Z",1779386984.25245,1779386988.08542,0.000603,0.000714,0.000753,3.811767,3.811917,3.811014,0.000150000000000095,3.8021,0.0308758644104006
"2026-05-21T18:09:48.092Z","run_bootstrap",81,"http://client2:8000","run","http://client2:8000/run",1,TRUE,200,1105,251,3.53465867042542,"2026-05-21T18:09:44.253243Z","2026-05-21T18:09:47.787901Z",1779386984.25324,1779386987.7879,0.000647,0.00072,0.000752,3.514221,3.514369,3.513469,0.000147999999999815,3.5072,0.0274586704254149
"2026-05-21T18:09:48.092Z","run_bootstrap",81,"http://client3:8000","run","http://client3:8000/run",1,TRUE,200,1105,253,3.66917181015015,"2026-05-21T18:09:44.253878Z","2026-05-21T18:09:47.923049Z",1779386984.25388,1779386987.92305,0.000765,0.000883,0.000917,3.654983,3.655113,3.654066,0.000129999999999963,3.6481,0.0210718101501466
"2026-05-21T18:09:52.097Z","run_bootstrap",82,"http://client1:8000","run","http://client1:8000/run",1,TRUE,200,1105,253,3.9861626625061,"2026-05-21T18:09:48.104696Z","2026-05-21T18:09:52.090859Z",1779386988.1047,1779386992.09086,0.000515,0.000636,0.00067,3.965722,3.965844,3.965052,0.000122000000000178,3.9586,0.0275626625061034
"2026-05-21T18:09:52.097Z","run_bootstrap",82,"http://client2:8000","run","http://client2:8000/run",1,TRUE,200,1105,251,3.741042137146,"2026-05-21T18:09:48.104877Z","2026-05-21T18:09:51.845920Z",1779386988.10488,1779386991.84592,0.000517,0.000606,0.000638,3.722329,3.72247,3.721691,0.000140999999999725,3.7157,0.0253421371459961
"2026-05-21T18:09:52.097Z","run_bootstrap",82,"http://client3:8000","run","http://client3:8000/run",1,TRUE,200,1105,252,3.82402801513672,"2026-05-21T18:09:48.104416Z","2026-05-21T18:09:51.928444Z",1779386988.10442,1779386991.92844,0.000754,0.000881,0.000918,3.810165,3.810313,3.809247,0.000147999999999815,3.802,0.0220280151367187
"2026-05-21T18:09:56.045Z","run_bootstrap",83,"http://client1:8000","run","http://client1:8000/run",1,TRUE,200,1108,254,3.86510229110718,"2026-05-21T18:09:52.109110Z","2026-05-21T18:09:55.974212Z",1779386992.10911,1779386995.97421,0.00073,0.000808,0.000833,3.850324,3.850431,3.849491,0.000106999999999857,3.8429,0.0222022911071775
"2026-05-21T18:09:56.045Z","run_bootstrap",83,"http://client2:8000","run","http://client2:8000/run",1,TRUE,200,1108,251,3.93057370185852,"2026-05-21T18:09:52.109668Z","2026-05-21T18:09:56.040241Z",1779386992.10967,1779386996.04024,0.000787,0.000838,0.000857,3.91631,3.916442,3.915453,0.000131999999999799,3.9094,0.0211737018585203
"2026-05-21T18:09:56.045Z","run_bootstrap",83,"http://client3:8000","run","http://client3:8000/run",1,TRUE,200,1108,251,3.79285597801208,"2026-05-21T18:09:52.110386Z","2026-05-21T18:09:55.903242Z",1779386992.11039,1779386995.90324,0.000721,0.000797,0.000822,3.779219,3.779342,3.778397,0.000123000000000317,3.7721,0.020755978012085
"2026-05-21T18:10:00.131Z","run_bootstrap",84,"http://client1:8000","run","http://client1:8000/run",1,TRUE,200,1108,253,4.06851100921631,"2026-05-21T18:09:56.057626Z","2026-05-21T18:10:00.126137Z",1779386996.05763,1779387000.12614,0.000735,0.000841,0.000876,4.054007,4.054482,4.053131,0.000474999999999781,4.046,0.0225110092163083
"2026-05-21T18:10:00.131Z","run_bootstrap",84,"http://client2:8000","run","http://client2:8000/run",1,TRUE,200,1108,251,3.81628966331482,"2026-05-21T18:09:56.058346Z","2026-05-21T18:09:59.874635Z",1779386996.05835,1779386999.87464,5e-04,0.000586,0.000618,3.802075,3.802232,3.801457,0.000157000000000185,3.7949,0.0213896633148192
"2026-05-21T18:10:00.131Z","run_bootstrap",84,"http://client3:8000","run","http://client3:8000/run",1,TRUE,200,1108,251,3.73456740379333,"2026-05-21T18:09:56.059288Z","2026-05-21T18:09:59.793855Z",1779386996.05929,1779386999.79386,0.000613,0.000709,0.000747,3.716377,3.716478,3.71563,0.000100999999999907,3.7091,0.0254674037933351
"2026-05-21T18:10:04.211Z","run_bootstrap",85,"http://client1:8000","run","http://client1:8000/run",1,TRUE,200,1108,255,3.91163039207458,"2026-05-21T18:10:00.143844Z","2026-05-21T18:10:04.055474Z",1779387000.14384,1779387004.05547,0.000575,0.000703,0.000742,3.895475,3.895649,3.894733,0.000174000000000341,3.8877,0.0239303920745848
"2026-05-21T18:10:04.211Z","run_bootstrap",85,"http://client2:8000","run","http://client2:8000/run",1,TRUE,200,1108,251,3.78482913970947,"2026-05-21T18:10:00.144464Z","2026-05-21T18:10:03.929293Z",1779387000.14446,1779387003.92929,0.000651,0.00076,0.000794,3.766932,3.76712,3.766138,0.000187999999999633,3.7577,0.0271291397094728
"2026-05-21T18:10:04.211Z","run_bootstrap",85,"http://client3:8000","run","http://client3:8000/run",1,TRUE,200,1108,253,4.06180715560913,"2026-05-21T18:10:00.144987Z","2026-05-21T18:10:04.206794Z",1779387000.14499,1779387004.20679,0.000665,0.000796,0.00083,4.041275,4.041422,4.040445,0.000147000000000119,4.0342,0.0276071556091306
"2026-05-21T18:10:08.028Z","run_bootstrap",86,"http://client1:8000","run","http://client1:8000/run",1,TRUE,200,1108,255,3.36491012573242,"2026-05-21T18:10:04.223462Z","2026-05-21T18:10:07.588372Z",1779387004.22346,1779387007.58837,0.000778,0.00086,0.000923,3.347521,3.347659,3.346598,0.000138000000000194,3.3369,0.0280101257324219
"2026-05-21T18:10:08.028Z","run_bootstrap",86,"http://client2:8000","run","http://client2:8000/run",1,TRUE,200,1108,250,3.54933738708496,"2026-05-21T18:10:04.225139Z","2026-05-21T18:10:07.774476Z",1779387004.22514,1779387007.77448,0.000464,0.000541,0.000572,3.531229,3.531378,3.530657,0.000148999999999955,3.522,0.0273373870849611
"2026-05-21T18:10:08.028Z","run_bootstrap",86,"http://client3:8000","run","http://client3:8000/run",1,TRUE,200,1108,253,3.79558992385864,"2026-05-21T18:10:04.225521Z","2026-05-21T18:10:08.021111Z",1779387004.22552,1779387008.02111,0.000643,0.000742,0.000777,3.776828,3.776977,3.776051,0.000148999999999955,3.7693,0.0262899238586427
"2026-05-21T18:10:11.762Z","run_bootstrap",87,"http://client1:8000","run","http://client1:8000/run",1,TRUE,200,1108,255,3.7087094783783,"2026-05-21T18:10:08.046693Z","2026-05-21T18:10:11.755402Z",1779387008.04669,1779387011.7554,0.000664,0.000777,0.000812,3.694557,3.694713,3.693745,0.000156000000000045,3.6772,0.0315094783782959
"2026-05-21T18:10:11.762Z","run_bootstrap",87,"http://client2:8000","run","http://client2:8000/run",1,TRUE,200,1108,251,3.46173691749573,"2026-05-21T18:10:08.048369Z","2026-05-21T18:10:11.510106Z",1779387008.04837,1779387011.51011,0.00046,0.000576,0.00062,3.444343,3.444474,3.443723,0.000131000000000103,3.4369,0.0248369174957275
"2026-05-21T18:10:11.762Z","run_bootstrap",87,"http://client3:8000","run","http://client3:8000/run",1,TRUE,200,1108,252,3.5651376247406,"2026-05-21T18:10:08.048649Z","2026-05-21T18:10:11.613787Z",1779387008.04865,1779387011.61379,0.000501,0.000583,0.000616,3.544632,3.544765,3.544016,0.000132999999999939,3.5365,0.0286376247406004
"2026-05-21T18:10:15.270Z","run_bootstrap",88,"http://client1:8000","run","http://client1:8000/run",1,TRUE,200,1108,255,3.48895001411438,"2026-05-21T18:10:11.776672Z","2026-05-21T18:10:15.265622Z",1779387011.77667,1779387015.26562,0.000607,0.00072,0.000755,3.475159,3.475312,3.474404,0.00015300000000007,3.4682,0.0207500141143799
"2026-05-21T18:10:15.270Z","run_bootstrap",88,"http://client2:8000","run","http://client2:8000/run",1,TRUE,200,1108,251,3.39288592338562,"2026-05-21T18:10:11.778392Z","2026-05-21T18:10:15.171278Z",1779387011.77839,1779387015.17128,0.000721,0.000827,0.000864,3.371887,3.372024,3.371023,0.000137000000000054,3.3645,0.0283859233856201
"2026-05-21T18:10:15.270Z","run_bootstrap",88,"http://client3:8000","run","http://client3:8000/run",1,TRUE,200,1108,252,3.47646284103394,"2026-05-21T18:10:11.778507Z","2026-05-21T18:10:15.254970Z",1779387011.77851,1779387015.25497,0.000749,0.000817,0.000838,3.456349,3.456473,3.455511,0.000124000000000013,3.4494,0.0270628410339357
"2026-05-21T18:10:18.992Z","run_bootstrap",89,"http://client1:8000","run","http://client1:8000/run",1,TRUE,200,1104,252,3.70590496063232,"2026-05-21T18:10:15.281609Z","2026-05-21T18:10:18.987514Z",1779387015.28161,1779387018.98751,0.000392,0.000497,0.000535,3.686838,3.686982,3.686303,0.000144000000000144,3.6799,0.0260049606323243
"2026-05-21T18:10:18.992Z","run_bootstrap",89,"http://client2:8000","run","http://client2:8000/run",1,TRUE,200,1104,250,3.51932263374329,"2026-05-21T18:10:15.282181Z","2026-05-21T18:10:18.801504Z",1779387015.28218,1779387018.8015,0.000371,0.000481,0.000519,3.500638,3.500777,3.500119,0.000138999999999889,3.494,0.0253226337432859
"2026-05-21T18:10:18.992Z","run_bootstrap",89,"http://client3:8000","run","http://client3:8000/run",1,TRUE,200,1104,252,3.26839137077332,"2026-05-21T18:10:15.282290Z","2026-05-21T18:10:18.550682Z",1779387015.28229,1779387018.55068,0.000629,0.000765,8e-04,3.253648,3.253758,3.252848,0.000109999999999832,3.2464,0.0219913707733155
"2026-05-21T18:10:22.714Z","run_bootstrap",90,"http://client1:8000","run","http://client1:8000/run",1,TRUE,200,1104,252,3.70073461532593,"2026-05-21T18:10:19.005984Z","2026-05-21T18:10:22.706719Z",1779387019.00598,1779387022.70672,0.000669,0.000785,0.00082,3.678468,3.678579,3.677648,0.000110999999999972,3.6713,0.0294346153259277
"2026-05-21T18:10:22.714Z","run_bootstrap",90,"http://client2:8000","run","http://client2:8000/run",1,TRUE,200,1104,251,3.46289968490601,"2026-05-21T18:10:19.005439Z","2026-05-21T18:10:22.468339Z",1779387019.00544,1779387022.46834,0.000686,0.000799,0.000834,3.448165,3.448309,3.447331,0.000144000000000144,3.4413,0.0215996849060058
"2026-05-21T18:10:22.714Z","run_bootstrap",90,"http://client3:8000","run","http://client3:8000/run",1,TRUE,200,1104,252,3.46049547195435,"2026-05-21T18:10:19.007466Z","2026-05-21T18:10:22.467961Z",1779387019.00747,1779387022.46796,0.00054,0.000635,0.000672,3.438804,3.43891,3.438132,0.000105999999999717,3.4315,0.0289954719543455
"2026-05-21T18:10:26.449Z","run_bootstrap",91,"http://client1:8000","run","http://client1:8000/run",1,TRUE,200,1107,255,3.70608568191528,"2026-05-21T18:10:22.732542Z","2026-05-21T18:10:26.438628Z",1779387022.73254,1779387026.43863,0.000578,0.000688,0.000731,3.687734,3.687825,3.687003,9.10000000002853e-05,3.6802,0.0258856819152831
"2026-05-21T18:10:26.449Z","run_bootstrap",91,"http://client2:8000","run","http://client2:8000/run",1,TRUE,200,1107,251,3.41078591346741,"2026-05-21T18:10:22.732995Z","2026-05-21T18:10:26.143781Z",1779387022.733,1779387026.14378,0.000526,0.000642,0.000679,3.388496,3.388657,3.387817,0.000160999999999856,3.3814,0.029385913467407
"2026-05-21T18:10:26.449Z","run_bootstrap",91,"http://client3:8000","run","http://client3:8000/run",1,TRUE,200,1107,253,3.70800733566284,"2026-05-21T18:10:22.733364Z","2026-05-21T18:10:26.441371Z",1779387022.73336,1779387026.44137,0.000667,0.000783,0.000821,3.686691,3.686831,3.68587,0.000140000000000029,3.6795,0.0285073356628418
"2026-05-21T18:10:30.170Z","run_bootstrap",92,"http://client1:8000","run","http://client1:8000/run",1,TRUE,200,1107,255,3.69911193847656,"2026-05-21T18:10:26.463733Z","2026-05-21T18:10:30.162845Z",1779387026.46373,1779387030.16285,0.000535,0.000612,0.000642,3.68499,3.685133,3.684348,0.000143000000000004,3.6767,0.0224119384765626
"2026-05-21T18:10:30.170Z","run_bootstrap",92,"http://client2:8000","run","http://client2:8000/run",1,TRUE,200,1107,251,3.48677611351013,"2026-05-21T18:10:26.464207Z","2026-05-21T18:10:29.950983Z",1779387026.46421,1779387029.95098,0.000697,0.000784,0.000816,3.473121,3.473261,3.472305,0.000140000000000029,3.4659,0.0208761135101319
"2026-05-21T18:10:30.170Z","run_bootstrap",92,"http://client3:8000","run","http://client3:8000/run",1,TRUE,200,1107,253,3.26321339607239,"2026-05-21T18:10:26.463502Z","2026-05-21T18:10:29.726716Z",1779387026.4635,1779387029.72672,0.000525,0.000604,0.000628,3.249848,3.249964,3.24922,0.000115999999999783,3.2397,0.0235133960723877
"2026-05-21T18:10:33.745Z","run_bootstrap",93,"http://client1:8000","run","http://client1:8000/run",1,TRUE,200,1108,254,3.55983138084412,"2026-05-21T18:10:30.181314Z","2026-05-21T18:10:33.741145Z",1779387030.18131,1779387033.74115,0.000477,0.000567,0.000601,3.544556,3.54469,3.543955,0.000134000000000079,3.5364,0.0234313808441162
"2026-05-21T18:10:33.745Z","run_bootstrap",93,"http://client2:8000","run","http://client2:8000/run",1,TRUE,200,1108,250,3.53118634223938,"2026-05-21T18:10:30.181555Z","2026-05-21T18:10:33.712741Z",1779387030.18156,1779387033.71274,0.000727,0.00086,0.000896,3.517897,3.518033,3.517001,0.000135999999999914,3.5108,0.0203863422393797
"2026-05-21T18:10:33.745Z","run_bootstrap",93,"http://client3:8000","run","http://client3:8000/run",1,TRUE,200,1108,253,3.52750396728516,"2026-05-21T18:10:30.182046Z","2026-05-21T18:10:33.709550Z",1779387030.18205,1779387033.70955,0.000623,0.000733,0.000771,3.513133,3.513266,3.512362,0.000132999999999939,3.5054,0.0221039672851564
"2026-05-21T18:10:37.376Z","run_bootstrap",94,"http://client1:8000","run","http://client1:8000/run",1,TRUE,200,1108,254,3.61527132987976,"2026-05-21T18:10:33.756838Z","2026-05-21T18:10:37.372109Z",1779387033.75684,1779387037.37211,0.00059,0.000704,0.000742,3.601451,3.60159,3.600709,0.000138999999999889,3.5942,0.0210713298797609
"2026-05-21T18:10:37.376Z","run_bootstrap",94,"http://client2:8000","run","http://client2:8000/run",1,TRUE,200,1108,250,3.40217423439026,"2026-05-21T18:10:33.758466Z","2026-05-21T18:10:37.160641Z",1779387033.75847,1779387037.16064,0.000445,0.000552,0.000587,3.38876,3.388897,3.388173,0.000137000000000054,3.3798,0.0223742343902589
"2026-05-21T18:10:37.376Z","run_bootstrap",94,"http://client3:8000","run","http://client3:8000/run",1,TRUE,200,1108,253,3.57192468643188,"2026-05-21T18:10:33.758892Z","2026-05-21T18:10:37.330817Z",1779387033.75889,1779387037.33082,0.000502,0.000573,0.000603,3.558356,3.558494,3.557753,0.000138000000000194,3.5515,0.0204246864318849
"2026-05-21T18:10:41.097Z","run_bootstrap",95,"http://client1:8000","run","http://client1:8000/run",1,TRUE,200,1107,255,3.64990925788879,"2026-05-21T18:10:37.439651Z","2026-05-21T18:10:41.089560Z",1779387037.43965,1779387041.08956,0.000553,0.000632,0.000655,3.637166,3.637317,3.636511,0.00015099999999979,3.628,0.0219092578887938
"2026-05-21T18:10:41.097Z","run_bootstrap",95,"http://client2:8000","run","http://client2:8000/run",1,TRUE,200,1107,255,3.42056965827942,"2026-05-21T18:10:37.441845Z","2026-05-21T18:10:40.862415Z",1779387037.44185,1779387040.86242,0.000505,0.000581,0.000612,3.406764,3.406915,3.406152,0.000151000000000234,3.3989,0.0216696582794191
"2026-05-21T18:10:41.097Z","run_bootstrap",95,"http://client3:8000","run","http://client3:8000/run",1,TRUE,200,1107,254,3.65260148048401,"2026-05-21T18:10:37.440177Z","2026-05-21T18:10:41.092778Z",1779387037.44018,1779387041.09278,0.000587,0.000648,0.000666,3.640538,3.640659,3.639872,0.000121000000000038,3.633,0.0196014804840088
"2026-05-21T18:10:44.974Z","run_bootstrap",96,"http://client1:8000","run","http://client1:8000/run",1,TRUE,200,1107,256,3.86127281188965,"2026-05-21T18:10:41.108968Z","2026-05-21T18:10:44.970240Z",1779387041.10897,1779387044.97024,0.000755,0.000841,0.000863,3.847766,3.8479,3.846903,0.000134000000000079,3.8404,0.0208728118896486
"2026-05-21T18:10:44.974Z","run_bootstrap",96,"http://client2:8000","run","http://client2:8000/run",1,TRUE,200,1107,255,3.53919386863708,"2026-05-21T18:10:41.110601Z","2026-05-21T18:10:44.649795Z",1779387041.1106,1779387044.6498,0.00056,0.000643,0.000677,3.523884,3.524024,3.523207,0.000140000000000029,3.5156,0.0235938686370849
"2026-05-21T18:10:44.974Z","run_bootstrap",96,"http://client3:8000","run","http://client3:8000/run",1,TRUE,200,1107,255,3.57670617103577,"2026-05-21T18:10:41.111074Z","2026-05-21T18:10:44.687780Z",1779387041.11107,1779387044.68778,0.000525,0.000579,0.000597,3.562668,3.562808,3.562071,0.000140000000000029,3.5562,0.0205061710357666
"2026-05-21T18:10:48.860Z","run_bootstrap",97,"http://client1:8000","run","http://client1:8000/run",1,TRUE,200,1109,255,3.61654996871948,"2026-05-21T18:10:44.986526Z","2026-05-21T18:10:48.603075Z",1779387044.98653,1779387048.60308,0.000499,0.000585,0.000618,3.597222,3.597365,3.596604,0.000143000000000004,3.5891,0.0274499687194822
"2026-05-21T18:10:48.860Z","run_bootstrap",97,"http://client2:8000","run","http://client2:8000/run",1,TRUE,200,1109,259,3.48823666572571,"2026-05-21T18:10:44.987184Z","2026-05-21T18:10:48.475420Z",1779387044.98718,1779387048.47542,0.00063,0.000734,0.000771,3.4689,3.469006,3.468129,0.000105999999999717,3.4614,0.0268366657257082
"2026-05-21T18:10:48.860Z","run_bootstrap",97,"http://client3:8000","run","http://client3:8000/run",1,TRUE,200,1109,256,3.86875605583191,"2026-05-21T18:10:44.986550Z","2026-05-21T18:10:48.855306Z",1779387044.98655,1779387048.85531,0.000667,0.000748,0.000771,3.855555,3.85571,3.854784,0.000155000000000349,3.839,0.0297560558319092
"2026-05-21T18:10:52.661Z","run_bootstrap",98,"http://client1:8000","run","http://client1:8000/run",1,TRUE,200,1109,255,3.78302025794983,"2026-05-21T18:10:48.871371Z","2026-05-21T18:10:52.654392Z",1779387048.87137,1779387052.65439,0.000753,0.000864,0.000899,3.768083,3.768185,3.767184,0.000102000000000046,3.7603,0.0227202579498291
"2026-05-21T18:10:52.661Z","run_bootstrap",98,"http://client2:8000","run","http://client2:8000/run",1,TRUE,200,1109,259,3.73683834075928,"2026-05-21T18:10:48.873353Z","2026-05-21T18:10:52.610192Z",1779387048.87335,1779387052.61019,0.00058,0.000677,0.00071,3.716044,3.716196,3.715334,0.00015199999999993,3.6994,0.0374383407592775
"2026-05-21T18:10:52.661Z","run_bootstrap",98,"http://client3:8000","run","http://client3:8000/run",1,TRUE,200,1109,257,3.60416769981384,"2026-05-21T18:10:48.872665Z","2026-05-21T18:10:52.476833Z",1779387048.87267,1779387052.47683,0.000533,0.00062,0.000652,3.589774,3.589933,3.589122,0.00015900000000002,3.5826,0.021567699813843
"2026-05-21T18:10:56.532Z","run_bootstrap",99,"http://client1:8000","run","http://client1:8000/run",1,TRUE,200,1107,253,3.82174134254456,"2026-05-21T18:10:52.674849Z","2026-05-21T18:10:56.496591Z",1779387052.67485,1779387056.49659,0.000434,0.000517,0.000541,3.806813,3.806941,3.806272,0.000128000000000128,3.799,0.0227413425445557
"2026-05-21T18:10:56.532Z","run_bootstrap",99,"http://client2:8000","run","http://client2:8000/run",1,TRUE,200,1107,253,3.85203313827515,"2026-05-21T18:10:52.675407Z","2026-05-21T18:10:56.527440Z",1779387052.67541,1779387056.52744,0.000593,0.000677,0.000712,3.834431,3.834541,3.833719,0.000110000000000277,3.827,0.0250331382751465
"2026-05-21T18:10:56.532Z","run_bootstrap",99,"http://client3:8000","run","http://client3:8000/run",1,TRUE,200,1107,252,3.63203263282776,"2026-05-21T18:10:52.676011Z","2026-05-21T18:10:56.308044Z",1779387052.67601,1779387056.30804,0.000527,0.000611,0.000642,3.617452,3.617602,3.61681,0.000150000000000095,3.6104,0.021632632827759
"2026-05-21T18:11:00.419Z","run_bootstrap",100,"http://client1:8000","run","http://client1:8000/run",1,TRUE,200,1107,254,3.86945414543152,"2026-05-21T18:10:56.545683Z","2026-05-21T18:11:00.415137Z",1779387056.54568,1779387060.41514,0.000648,0.000733,0.000766,3.852381,3.852511,3.851615,0.000129999999999963,3.6961,0.173354145431519
"2026-05-21T18:11:00.419Z","run_bootstrap",100,"http://client2:8000","run","http://client2:8000/run",1,TRUE,200,1107,254,3.71598315238953,"2026-05-21T18:10:56.545221Z","2026-05-21T18:11:00.261204Z",1779387056.54522,1779387060.2612,0.000584,0.000666,0.000689,3.698477,3.698609,3.697788,0.000131999999999799,3.5499,0.166083152389526
"2026-05-21T18:11:00.419Z","run_bootstrap",100,"http://client3:8000","run","http://client3:8000/run",1,TRUE,200,1107,252,3.79168772697449,"2026-05-21T18:10:56.546877Z","2026-05-21T18:11:00.338565Z",1779387056.54688,1779387060.33857,0.000462,0.000631,0.000652,3.77533,3.775462,3.774678,0.000132000000000243,3.6221,0.169587726974487
"2026-05-21T18:11:03.982Z","run_bootstrap",101,"http://client1:8000","run","http://client1:8000/run",1,TRUE,200,1108,253,3.40063786506653,"2026-05-21T18:11:00.433333Z","2026-05-21T18:11:03.833971Z",1779387060.43333,1779387063.83397,0.00068,0.000776,0.000817,3.379482,3.379636,3.378665,0.00015400000000021,3.3725,0.0281378650665283
"2026-05-21T18:11:03.982Z","run_bootstrap",101,"http://client2:8000","run","http://client2:8000/run",1,TRUE,200,1108,254,3.39150023460388,"2026-05-21T18:11:00.433828Z","2026-05-21T18:11:03.825329Z",1779387060.43383,1779387063.82533,0.000603,0.000706,0.000746,3.374434,3.374567,3.373688,0.000132999999999939,3.3664,0.0251002346038818
"2026-05-21T18:11:03.982Z","run_bootstrap",101,"http://client3:8000","run","http://client3:8000/run",1,TRUE,200,1108,252,3.54080271720886,"2026-05-21T18:11:00.434222Z","2026-05-21T18:11:03.975024Z",1779387060.43422,1779387063.97502,0.000437,0.000551,0.000592,3.520401,3.520534,3.519809,0.000132999999999939,3.5137,0.0271027172088623
"2026-05-21T18:11:07.662Z","run_bootstrap",102,"http://client1:8000","run","http://client1:8000/run",1,TRUE,200,1108,251,3.66211891174316,"2026-05-21T18:11:03.992516Z","2026-05-21T18:11:07.654635Z",1779387063.99252,1779387067.65464,0.000727,0.000836,0.000872,3.647639,3.647769,3.646767,0.000129999999999963,3.64,0.0221189117431639
"2026-05-21T18:11:07.662Z","run_bootstrap",102,"http://client2:8000","run","http://client2:8000/run",1,TRUE,200,1108,254,3.39254689216614,"2026-05-21T18:11:03.994288Z","2026-05-21T18:11:07.386835Z",1779387063.99429,1779387067.38684,0.000516,0.000588,0.000608,3.37783,3.377922,3.377222,9.1999999999981e-05,3.3687,0.0238468921661377
"2026-05-21T18:11:07.662Z","run_bootstrap",102,"http://client3:8000","run","http://client3:8000/run",1,TRUE,200,1108,252,3.62954139709473,"2026-05-21T18:11:03.994529Z","2026-05-21T18:11:07.624071Z",1779387063.99453,1779387067.62407,0.000432,0.000535,0.00057,3.6159,3.616032,3.61533,0.000132000000000243,3.6083,0.0212413970947267
"2026-05-21T18:11:11.380Z","run_bootstrap",103,"http://client1:8000","run","http://client1:8000/run",1,TRUE,200,1107,253,3.70037603378296,"2026-05-21T18:11:07.672908Z","2026-05-21T18:11:11.373284Z",1779387067.67291,1779387071.37328,0.000481,0.000582,0.000622,3.679344,3.679468,3.678722,0.000124000000000013,3.6722,0.0281760337829589
"2026-05-21T18:11:11.380Z","run_bootstrap",103,"http://client2:8000","run","http://client2:8000/run",1,TRUE,200,1107,255,3.49942445755005,"2026-05-21T18:11:07.673337Z","2026-05-21T18:11:11.172761Z",1779387067.67334,1779387071.17276,0.000593,0.000706,0.000752,3.478115,3.478249,3.477363,0.000134000000000079,3.4711,0.028324457550049
"2026-05-21T18:11:11.380Z","run_bootstrap",103,"http://client3:8000","run","http://client3:8000/run",1,TRUE,200,1107,251,3.48456001281738,"2026-05-21T18:11:07.673292Z","2026-05-21T18:11:11.157852Z",1779387067.67329,1779387071.15785,0.000744,0.000866,0.00091,3.470983,3.471126,3.470073,0.000143000000000004,3.4639,0.0206600128173826
"2026-05-21T18:11:15.063Z","run_bootstrap",104,"http://client1:8000","run","http://client1:8000/run",1,TRUE,200,1107,253,3.66321158409119,"2026-05-21T18:11:11.393611Z","2026-05-21T18:11:15.056823Z",1779387071.39361,1779387075.05682,0.000634,0.000726,0.000758,3.639283,3.639423,3.638525,0.000140000000000029,3.6319,0.0313115840911866
"2026-05-21T18:11:15.063Z","run_bootstrap",104,"http://client2:8000","run","http://client2:8000/run",1,TRUE,200,1107,255,3.53836941719055,"2026-05-21T18:11:11.394259Z","2026-05-21T18:11:14.932629Z",1779387071.39426,1779387074.93263,0.000702,0.00079,0.000821,3.515146,3.515295,3.514325,0.000148999999999955,3.5081,0.0302694171905515
"2026-05-21T18:11:15.063Z","run_bootstrap",104,"http://client3:8000","run","http://client3:8000/run",1,TRUE,200,1107,251,3.48781800270081,"2026-05-21T18:11:11.394650Z","2026-05-21T18:11:14.882468Z",1779387071.39465,1779387074.88247,0.000604,0.000728,0.00095,3.468115,3.468238,3.467165,0.000122999999999873,3.4609,0.0269180027008056
"2026-05-21T18:11:18.811Z","run_bootstrap",105,"http://client1:8000","run","http://client1:8000/run",1,TRUE,200,1109,255,3.46379089355469,"2026-05-21T18:11:15.074576Z","2026-05-21T18:11:18.538367Z",1779387075.07458,1779387078.53837,0.000743,0.000855,0.000891,3.449372,3.44949,3.448481,0.000118000000000062,3.4421,0.0216908935546876
"2026-05-21T18:11:18.811Z","run_bootstrap",105,"http://client2:8000","run","http://client2:8000/run",1,TRUE,200,1109,253,3.45801973342896,"2026-05-21T18:11:15.075553Z","2026-05-21T18:11:18.533573Z",1779387075.07555,1779387078.53357,0.000467,0.000554,6e-04,3.443619,3.44376,3.443019,0.000141000000000169,3.4367,0.021319733428955
"2026-05-21T18:11:18.811Z","run_bootstrap",105,"http://client3:8000","run","http://client3:8000/run",1,TRUE,200,1109,251,3.72696185112,"2026-05-21T18:11:15.077375Z","2026-05-21T18:11:18.804337Z",1779387075.07738,1779387078.80434,0.000538,0.000624,0.000656,3.707651,3.707759,3.706995,0.000107999999999997,3.6997,0.0272618511199951
"2026-05-21T18:11:22.454Z","run_bootstrap",106,"http://client1:8000","run","http://client1:8000/run",1,TRUE,200,1109,255,3.61376333236694,"2026-05-21T18:11:18.836646Z","2026-05-21T18:11:22.450410Z",1779387078.83665,1779387082.45041,0.000647,0.000754,0.000789,3.598332,3.5985,3.597543,0.000167999999999946,3.5907,0.0230633323669434
"2026-05-21T18:11:22.454Z","run_bootstrap",106,"http://client2:8000","run","http://client2:8000/run",1,TRUE,200,1109,253,3.50921392440796,"2026-05-21T18:11:18.836647Z","2026-05-21T18:11:22.345861Z",1779387078.83665,1779387082.34586,0.000742,0.000807,0.000827,3.489787,3.489926,3.48896,0.000138999999999889,3.4817,0.027513924407959
"2026-05-21T18:11:22.454Z","run_bootstrap",106,"http://client3:8000","run","http://client3:8000/run",1,TRUE,200,1109,251,3.59022212028503,"2026-05-21T18:11:18.836649Z","2026-05-21T18:11:22.426872Z",1779387078.83665,1779387082.42687,0.000657,0.000773,0.00081,3.570768,3.570906,3.569958,0.000137999999999749,3.5639,0.0263221202850343
"2026-05-21T18:11:26.267Z","run_bootstrap",107,"http://client1:8000","run","http://client1:8000/run",1,TRUE,200,1108,251,3.79498338699341,"2026-05-21T18:11:22.468013Z","2026-05-21T18:11:26.262996Z",1779387082.46801,1779387086.263,0.000415,0.000499,0.000537,3.781403,3.781525,3.780866,0.000121999999999733,3.7735,0.0214833869934083
"2026-05-21T18:11:26.267Z","run_bootstrap",107,"http://client2:8000","run","http://client2:8000/run",1,TRUE,200,1108,254,3.53301453590393,"2026-05-21T18:11:22.468585Z","2026-05-21T18:11:26.001600Z",1779387082.46859,1779387086.0016,0.000521,0.000598,0.000631,3.517239,3.517345,3.516608,0.000106000000000162,3.5102,0.0228145359039305
"2026-05-21T18:11:26.267Z","run_bootstrap",107,"http://client3:8000","run","http://client3:8000/run",1,TRUE,200,1108,250,3.63134694099426,"2026-05-21T18:11:22.467814Z","2026-05-21T18:11:26.099161Z",1779387082.46781,1779387086.09916,0.000745,0.000873,0.000911,3.618144,3.618275,3.617233,0.000131000000000103,3.6109,0.0204469409942627
"2026-05-21T18:11:29.985Z","run_bootstrap",108,"http://client1:8000","run","http://client1:8000/run",1,TRUE,200,1108,251,3.60274934768677,"2026-05-21T18:11:26.279836Z","2026-05-21T18:11:29.882586Z",1779387086.27984,1779387089.88259,0.000413,0.000505,0.000554,3.580619,3.580751,3.580065,0.000131999999999799,3.5728,0.0299493476867676
"2026-05-21T18:11:29.985Z","run_bootstrap",108,"http://client2:8000","run","http://client2:8000/run",1,TRUE,200,1108,254,3.70079851150513,"2026-05-21T18:11:26.280482Z","2026-05-21T18:11:29.981281Z",1779387086.28048,1779387089.98128,0.000391,0.000494,0.00053,3.679377,3.679527,3.678847,0.000150000000000095,3.6719,0.028898511505127
"2026-05-21T18:11:29.985Z","run_bootstrap",108,"http://client3:8000","run","http://client3:8000/run",1,TRUE,200,1108,249,3.63783669471741,"2026-05-21T18:11:26.280979Z","2026-05-21T18:11:29.918816Z",1779387086.28098,1779387089.91882,0.000732,0.000848,0.000883,3.620184,3.620407,3.619301,0.000223000000000084,3.613,0.0248366947174072
"2026-05-21T18:11:33.827Z","run_bootstrap",109,"http://client1:8000","run","http://client1:8000/run",1,TRUE,200,1107,254,3.6081485748291,"2026-05-21T18:11:29.997562Z","2026-05-21T18:11:33.605710Z",1779387089.99756,1779387093.60571,0.000684,0.000796,0.00083,3.593596,3.593679,3.592766,8.30000000000553e-05,3.5859,0.0222485748291015
"2026-05-21T18:11:33.827Z","run_bootstrap",109,"http://client2:8000","run","http://client2:8000/run",1,TRUE,200,1107,256,3.82424831390381,"2026-05-21T18:11:29.998522Z","2026-05-21T18:11:33.822771Z",1779387089.99852,1779387093.82277,0.00065,0.000783,0.000823,3.809284,3.809418,3.808461,0.000134000000000079,3.8014,0.0228483139038085
"2026-05-21T18:11:33.827Z","run_bootstrap",109,"http://client3:8000","run","http://client3:8000/run",1,TRUE,200,1107,251,3.65606927871704,"2026-05-21T18:11:29.999064Z","2026-05-21T18:11:33.655133Z",1779387089.99906,1779387093.65513,0.000714,0.00082,0.000854,3.640995,3.64115,3.640141,0.000154999999999905,3.6337,0.0223692787170409
"2026-05-21T18:11:37.675Z","run_bootstrap",110,"http://client1:8000","run","http://client1:8000/run",1,TRUE,200,1107,253,3.71791458129883,"2026-05-21T18:11:33.840829Z","2026-05-21T18:11:37.558743Z",1779387093.84083,1779387097.55874,0.000534,0.000623,0.000658,3.69689,3.697015,3.696232,0.000125000000000153,3.689,0.0289145812988281
"2026-05-21T18:11:37.675Z","run_bootstrap",110,"http://client2:8000","run","http://client2:8000/run",1,TRUE,200,1107,256,3.68589425086975,"2026-05-21T18:11:33.841554Z","2026-05-21T18:11:37.527448Z",1779387093.84155,1779387097.52745,0.000767,0.000887,0.000927,3.670169,3.670306,3.669242,0.000137000000000054,3.6623,0.0235942508697509
"2026-05-21T18:11:37.675Z","run_bootstrap",110,"http://client3:8000","run","http://client3:8000/run",1,TRUE,200,1107,251,3.82538795471191,"2026-05-21T18:11:33.842139Z","2026-05-21T18:11:37.667527Z",1779387093.84214,1779387097.66753,0.000598,0.000709,0.000749,3.804268,3.80442,3.803519,0.00015199999999993,3.7964,0.0289879547119138
"2026-05-21T18:11:41.358Z","run_bootstrap",111,"http://client1:8000","run","http://client1:8000/run",1,TRUE,200,1108,255,3.66369485855103,"2026-05-21T18:11:37.687239Z","2026-05-21T18:11:41.350934Z",1779387097.68724,1779387101.35093,0.000702,0.000794,0.000824,3.644881,3.644915,3.644057,3.40000000003116e-05,3.6373,0.0263948585510252
"2026-05-21T18:11:41.358Z","run_bootstrap",111,"http://client2:8000","run","http://client2:8000/run",1,TRUE,200,1108,253,3.66663098335266,"2026-05-21T18:11:37.687811Z","2026-05-21T18:11:41.354442Z",1779387097.68781,1779387101.35444,0.000532,0.00063,0.000653,3.649174,3.649208,3.648521,3.39999999998675e-05,3.6417,0.024930983352661
"2026-05-21T18:11:41.358Z","run_bootstrap",111,"http://client3:8000","run","http://client3:8000/run",1,TRUE,200,1108,253,3.53858685493469,"2026-05-21T18:11:37.688403Z","2026-05-21T18:11:41.226990Z",1779387097.6884,1779387101.22699,0.000808,0.000892,0.000924,3.520977,3.52101,3.520053,3.30000000001718e-05,3.5135,0.0250868549346923
"2026-05-21T18:11:45.090Z","run_bootstrap",112,"http://client1:8000","run","http://client1:8000/run",1,TRUE,200,1108,255,3.711266040802,"2026-05-21T18:11:41.372472Z","2026-05-21T18:11:45.083738Z",1779387101.37247,1779387105.08374,0.000745,0.000842,0.000875,3.695848,3.695971,3.694973,0.000123000000000317,3.6877,0.023566040802002
"2026-05-21T18:11:45.090Z","run_bootstrap",112,"http://client2:8000","run","http://client2:8000/run",1,TRUE,200,1108,253,3.52178382873535,"2026-05-21T18:11:41.373058Z","2026-05-21T18:11:44.894842Z",1779387101.37306,1779387104.89484,0.000593,0.000696,0.000731,3.507461,3.507723,3.50673,0.000261999999999762,3.4986,0.0231838287353514
"2026-05-21T18:11:45.090Z","run_bootstrap",112,"http://client3:8000","run","http://client3:8000/run",1,TRUE,200,1108,253,3.65445494651794,"2026-05-21T18:11:41.373471Z","2026-05-21T18:11:45.027926Z",1779387101.37347,1779387105.02793,0.000592,0.000696,0.000731,3.639934,3.640098,3.639203,0.000164000000000275,3.6313,0.0231549465179444
"2026-05-21T18:11:48.760Z","run_bootstrap",113,"http://client1:8000","run","http://client1:8000/run",1,TRUE,200,1107,252,3.62880611419678,"2026-05-21T18:11:45.101746Z","2026-05-21T18:11:48.730552Z",1779387105.10175,1779387108.73055,0.000776,0.00086,0.000882,3.615197,3.615337,3.614315,0.000139999999999585,3.5967,0.0321061141967776
"2026-05-21T18:11:48.760Z","run_bootstrap",113,"http://client2:8000","run","http://client2:8000/run",1,TRUE,200,1107,257,3.65206408500671,"2026-05-21T18:11:45.103926Z","2026-05-21T18:11:48.755990Z",1779387105.10393,1779387108.75599,0.00059,0.000648,0.000678,3.638955,3.639097,3.638277,0.000141999999999864,3.6315,0.0205640850067139
"2026-05-21T18:11:48.760Z","run_bootstrap",113,"http://client3:8000","run","http://client3:8000/run",1,TRUE,200,1107,251,3.60014486312866,"2026-05-21T18:11:45.104041Z","2026-05-21T18:11:48.704186Z",1779387105.10404,1779387108.70419,0.000561,0.000639,0.000681,3.586308,3.586427,3.585627,0.000119000000000202,3.5791,0.0210448631286622
"2026-05-21T18:11:52.510Z","run_bootstrap",114,"http://client1:8000","run","http://client1:8000/run",1,TRUE,200,1107,252,3.66681146621704,"2026-05-21T18:11:48.771430Z","2026-05-21T18:11:52.438241Z",1779387108.77143,1779387112.43824,0.000684,0.000791,0.000834,3.652669,3.652817,3.651835,0.000148000000000259,3.6435,0.0233114662170411
"2026-05-21T18:11:52.510Z","run_bootstrap",114,"http://client2:8000","run","http://client2:8000/run",1,TRUE,200,1107,257,3.73001050949097,"2026-05-21T18:11:48.773100Z","2026-05-21T18:11:52.503111Z",1779387108.7731,1779387112.50311,0.000836,0.00095,0.000998,3.710396,3.710537,3.709398,0.000141000000000169,3.7031,0.0269105094909667
"2026-05-21T18:11:52.510Z","run_bootstrap",114,"http://client3:8000","run","http://client3:8000/run",1,TRUE,200,1107,251,3.54792189598083,"2026-05-21T18:11:48.773569Z","2026-05-21T18:11:52.321491Z",1779387108.77357,1779387112.32149,0.000578,0.00067,0.000707,3.526531,3.526676,3.525824,0.000145000000000284,3.5195,0.0284218959808351
"2026-05-21T18:11:56.183Z","run_bootstrap",115,"http://client1:8000","run","http://client1:8000/run",1,TRUE,200,1108,253,3.64140725135803,"2026-05-21T18:11:52.520887Z","2026-05-21T18:11:56.162294Z",1779387112.52089,1779387116.16229,0.000651,0.000759,0.000794,3.625851,3.625976,3.625057,0.000125000000000153,3.6181,0.0233072513580321
"2026-05-21T18:11:56.183Z","run_bootstrap",115,"http://client2:8000","run","http://client2:8000/run",1,TRUE,200,1108,255,3.51519799232483,"2026-05-21T18:11:52.523181Z","2026-05-21T18:11:56.038379Z",1779387112.52318,1779387116.03838,0.000599,0.000729,0.000766,3.499115,3.499248,3.498349,0.000132999999999939,3.4918,0.0233979923248291
"2026-05-21T18:11:56.183Z","run_bootstrap",115,"http://client3:8000","run","http://client3:8000/run",1,TRUE,200,1108,251,3.65509271621704,"2026-05-21T18:11:52.523781Z","2026-05-21T18:11:56.178874Z",1779387112.52378,1779387116.17887,0.000722,0.000833,0.000869,3.637166,3.637272,3.636297,0.000105999999999717,3.6287,0.0263927162170412
"2026-05-21T18:12:00.043Z","run_bootstrap",116,"http://client1:8000","run","http://client1:8000/run",1,TRUE,200,1108,253,3.56301975250244,"2026-05-21T18:11:56.195651Z","2026-05-21T18:11:59.758671Z",1779387116.19565,1779387119.75867,0.00075,0.00088,0.000922,3.547846,3.547994,3.546924,0.000148000000000259,3.5401,0.0229197525024416
"2026-05-21T18:12:00.043Z","run_bootstrap",116,"http://client2:8000","run","http://client2:8000/run",1,TRUE,200,1108,255,3.83749008178711,"2026-05-21T18:11:56.197993Z","2026-05-21T18:12:00.035484Z",1779387116.19799,1779387120.03548,0.000439,0.000532,0.000571,3.822528,3.822634,3.821957,0.000105999999999717,3.8152,0.0222900817871095
"2026-05-21T18:12:00.043Z","run_bootstrap",116,"http://client3:8000","run","http://client3:8000/run",1,TRUE,200,1108,251,3.82556772232056,"2026-05-21T18:11:56.198046Z","2026-05-21T18:12:00.023613Z",1779387116.19805,1779387120.02361,0.000537,0.000622,0.000676,3.811423,3.811549,3.810747,0.000125999999999848,3.8042,0.0213677223205568
"2026-05-21T18:12:03.975Z","run_bootstrap",117,"http://client1:8000","run","http://client1:8000/run",1,TRUE,200,1106,251,3.70061564445496,"2026-05-21T18:12:00.058144Z","2026-05-21T18:12:03.758760Z",1779387120.05814,1779387123.75876,8e-04,0.00088,0.000911,3.683499,3.68353,3.682588,3.10000000003363e-05,3.6755,0.0251156444549561
"2026-05-21T18:12:03.975Z","run_bootstrap",117,"http://client2:8000","run","http://client2:8000/run",1,TRUE,200,1106,257,3.71426796913147,"2026-05-21T18:12:00.058172Z","2026-05-21T18:12:03.772440Z",1779387120.05817,1779387123.77244,0.000794,0.000853,0.000872,3.697917,3.697955,3.697045,3.79999999999825e-05,3.6893,0.0249679691314699
"2026-05-21T18:12:03.975Z","run_bootstrap",117,"http://client3:8000","run","http://client3:8000/run",1,TRUE,200,1106,250,3.9130597114563,"2026-05-21T18:12:00.057806Z","2026-05-21T18:12:03.970866Z",1779387120.05781,1779387123.97087,0.000604,0.000695,0.000717,3.896392,3.896415,3.895675,2.30000000001063e-05,3.8877,0.0253597114562987
"2026-05-21T18:12:07.946Z","run_bootstrap",118,"http://client1:8000","run","http://client1:8000/run",1,TRUE,200,1106,251,3.84490156173706,"2026-05-21T18:12:03.988779Z","2026-05-21T18:12:07.833680Z",1779387123.98878,1779387127.83368,0.000475,0.000544,0.000568,3.831003,3.831143,3.830435,0.000140000000000029,3.8225,0.0224015617370608
"2026-05-21T18:12:07.946Z","run_bootstrap",118,"http://client2:8000","run","http://client2:8000/run",1,TRUE,200,1106,257,3.7236225605011,"2026-05-21T18:12:03.990079Z","2026-05-21T18:12:07.713702Z",1779387123.99008,1779387127.7137,0.000496,0.000557,0.000576,3.711767,3.711912,3.711191,0.00014499999999984,3.6882,0.0354225605010985
"2026-05-21T18:12:07.946Z","run_bootstrap",118,"http://client3:8000","run","http://client3:8000/run",1,TRUE,200,1106,250,3.95289850234985,"2026-05-21T18:12:03.989411Z","2026-05-21T18:12:07.942310Z",1779387123.98941,1779387127.94231,0.000561,0.000614,0.000638,3.940301,3.940427,3.939663,0.000126000000000293,3.9177,0.0351985023498536
"2026-05-21T18:12:11.929Z","run_bootstrap",119,"http://client1:8000","run","http://client1:8000/run",1,TRUE,200,1108,253,3.81195521354675,"2026-05-21T18:12:07.957628Z","2026-05-21T18:12:11.769584Z",1779387127.95763,1779387131.76958,0.000725,0.000825,0.000863,3.798617,3.798703,3.797754,8.60000000000305e-05,3.7897,0.0222552135467531
"2026-05-21T18:12:11.929Z","run_bootstrap",119,"http://client2:8000","run","http://client2:8000/run",1,TRUE,200,1108,256,3.96577763557434,"2026-05-21T18:12:07.959348Z","2026-05-21T18:12:11.925126Z",1779387127.95935,1779387131.92513,0.000478,0.00054,0.000562,3.944873,3.945022,3.944311,0.000148999999999955,3.9365,0.0292776355743407
"2026-05-21T18:12:11.929Z","run_bootstrap",119,"http://client3:8000","run","http://client3:8000/run",1,TRUE,200,1108,249,3.74746513366699,"2026-05-21T18:12:07.959908Z","2026-05-21T18:12:11.707373Z",1779387127.95991,1779387131.70737,0.000548,0.000628,0.000653,3.726887,3.727027,3.726234,0.000140000000000029,3.719,0.0284651336669923
"2026-05-21T18:12:16.079Z","run_bootstrap",120,"http://client1:8000","run","http://client1:8000/run",1,TRUE,200,1108,253,3.87523102760315,"2026-05-21T18:12:11.942645Z","2026-05-21T18:12:15.817876Z",1779387131.94265,1779387135.81788,0.000675,0.000791,0.000835,3.859449,3.859587,3.858614,0.000137999999999749,3.6958,0.179431027603149
"2026-05-21T18:12:16.079Z","run_bootstrap",120,"http://client2:8000","run","http://client2:8000/run",1,TRUE,200,1108,256,3.85872983932495,"2026-05-21T18:12:11.943260Z","2026-05-21T18:12:15.801990Z",1779387131.94326,1779387135.80199,0.000361,0.000439,0.000474,3.838622,3.838821,3.838148,0.000198999999999838,3.6772,0.181529839324951
"2026-05-21T18:12:16.079Z","run_bootstrap",120,"http://client3:8000","run","http://client3:8000/run",1,TRUE,200,1108,250,4.13095641136169,"2026-05-21T18:12:11.943789Z","2026-05-21T18:12:16.074746Z",1779387131.94379,1779387136.07475,0.000498,0.000601,0.000645,4.116218,4.116349,4.115573,0.000130999999999659,3.9593,0.171656411361695
"2026-05-21T18:12:19.813Z","run_bootstrap",121,"http://client1:8000","run","http://client1:8000/run",1,TRUE,200,1106,253,3.71621179580688,"2026-05-21T18:12:16.092370Z","2026-05-21T18:12:19.808582Z",1779387136.09237,1779387139.80858,0.000648,0.000764,0.000804,3.702382,3.702506,3.701578,0.000124000000000013,3.6951,0.0211117958068847
"2026-05-21T18:12:19.813Z","run_bootstrap",121,"http://client2:8000","run","http://client2:8000/run",1,TRUE,200,1106,255,3.4308454990387,"2026-05-21T18:12:16.092816Z","2026-05-21T18:12:19.523662Z",1779387136.09282,1779387139.52366,0.000509,0.000589,0.000624,3.412658,3.412751,3.412034,9.30000000001208e-05,3.4063,0.0245454990386964
"2026-05-21T18:12:19.813Z","run_bootstrap",121,"http://client3:8000","run","http://client3:8000/run",1,TRUE,200,1106,251,3.71065855026245,"2026-05-21T18:12:16.091981Z","2026-05-21T18:12:19.802640Z",1779387136.09198,1779387139.80264,0.000568,0.000773,0.00082,3.696347,3.696466,3.695527,0.000119000000000202,3.6898,0.0208585502624512
"2026-05-21T18:12:23.573Z","run_bootstrap",122,"http://client1:8000","run","http://client1:8000/run",1,TRUE,200,1106,252,3.74290323257446,"2026-05-21T18:12:19.826542Z","2026-05-21T18:12:23.569446Z",1779387139.82654,1779387143.56945,0.000642,0.000749,0.000786,3.723546,3.723578,3.72276,3.2000000000032e-05,3.716,0.0269032325744627
"2026-05-21T18:12:23.573Z","run_bootstrap",122,"http://client2:8000","run","http://client2:8000/run",1,TRUE,200,1106,255,3.71834969520569,"2026-05-21T18:12:19.827147Z","2026-05-21T18:12:23.545496Z",1779387139.82715,1779387143.5455,0.00083,0.000892,0.000917,3.69798,3.698006,3.697063,2.60000000000815e-05,3.6911,0.0272496952056884
"2026-05-21T18:12:23.573Z","run_bootstrap",122,"http://client3:8000","run","http://client3:8000/run",1,TRUE,200,1106,251,3.45586729049683,"2026-05-21T18:12:19.827607Z","2026-05-21T18:12:23.283474Z",1779387139.82761,1779387143.28347,0.000773,0.000861,0.000886,3.435795,3.435828,3.434909,3.29999999997277e-05,3.4289,0.0269672904968261
"2026-05-21T18:12:27.311Z","run_bootstrap",123,"http://client1:8000","run","http://client1:8000/run",1,TRUE,200,1107,249,3.45474767684937,"2026-05-21T18:12:23.587675Z","2026-05-21T18:12:27.042423Z",1779387143.58768,1779387147.04242,0.000433,0.000508,0.00053,3.440953,3.441087,3.440423,0.000134000000000079,3.434,0.0207476768493651
"2026-05-21T18:12:27.311Z","run_bootstrap",123,"http://client2:8000","run","http://client2:8000/run",1,TRUE,200,1107,256,3.49180889129639,"2026-05-21T18:12:23.588398Z","2026-05-21T18:12:27.080207Z",1779387143.5884,1779387147.08021,0.000569,0.000643,0.000675,3.478598,3.47874,3.477923,0.000142000000000309,3.4718,0.0200088912963867
"2026-05-21T18:12:27.311Z","run_bootstrap",123,"http://client3:8000","run","http://client3:8000/run",1,TRUE,200,1107,251,3.71893095970154,"2026-05-21T18:12:23.587746Z","2026-05-21T18:12:27.306677Z",1779387143.58775,1779387147.30668,0.000566,0.000624,0.000644,3.705987,3.706119,3.705343,0.000132000000000243,3.6991,0.019830959701538
"2026-05-21T18:12:31.037Z","run_bootstrap",124,"http://client1:8000","run","http://client1:8000/run",1,TRUE,200,1107,250,3.5375394821167,"2026-05-21T18:12:27.323685Z","2026-05-21T18:12:30.861224Z",1779387147.32369,1779387150.86122,0.000687,0.000786,0.000841,3.515638,3.515779,3.514797,0.000141000000000169,3.5072,0.0303394821166991
"2026-05-21T18:12:31.037Z","run_bootstrap",124,"http://client2:8000","run","http://client2:8000/run",1,TRUE,200,1107,256,3.70809578895569,"2026-05-21T18:12:27.324529Z","2026-05-21T18:12:31.032624Z",1779387147.32453,1779387151.03262,0.000605,0.000713,0.000757,3.686913,3.687059,3.686156,0.000145999999999979,3.6798,0.0282957889556883
"2026-05-21T18:12:31.037Z","run_bootstrap",124,"http://client3:8000","run","http://client3:8000/run",1,TRUE,200,1107,251,3.47086095809937,"2026-05-21T18:12:27.325172Z","2026-05-21T18:12:30.796033Z",1779387147.32517,1779387150.79603,0.000433,0.00051,0.000554,3.450162,3.450299,3.449608,0.00013699999999961,3.4434,0.0274609580993652
"2026-05-21T18:12:34.649Z","run_bootstrap",125,"http://client1:8000","run","http://client1:8000/run",1,TRUE,200,1106,252,3.46409773826599,"2026-05-21T18:12:31.050251Z","2026-05-21T18:12:34.514349Z",1779387151.05025,1779387154.51435,0.000639,0.00075,0.00079,3.449194,3.449333,3.448404,0.000139000000000333,3.4415,0.0225977382659912
"2026-05-21T18:12:34.649Z","run_bootstrap",125,"http://client2:8000","run","http://client2:8000/run",1,TRUE,200,1106,255,3.59181618690491,"2026-05-21T18:12:31.050941Z","2026-05-21T18:12:34.642758Z",1779387151.05094,1779387154.64276,0.000713,0.000866,0.000913,3.574939,3.575087,3.574026,0.000147999999999815,3.5677,0.0241161869049074
"2026-05-21T18:12:34.649Z","run_bootstrap",125,"http://client3:8000","run","http://client3:8000/run",1,TRUE,200,1106,253,3.52878093719482,"2026-05-21T18:12:31.051494Z","2026-05-21T18:12:34.580275Z",1779387151.05149,1779387154.58028,0.000689,0.000804,0.000844,3.513827,3.513981,3.512983,0.000153999999999765,3.5065,0.0222809371948243
"2026-05-21T18:12:38.364Z","run_bootstrap",126,"http://client1:8000","run","http://client1:8000/run",1,TRUE,200,1106,252,3.52955484390259,"2026-05-21T18:12:34.661515Z","2026-05-21T18:12:38.191070Z",1779387154.66152,1779387158.19107,0.000699,0.000792,0.000821,3.512683,3.512831,3.511862,0.000147999999999815,3.5051,0.0244548439025878
"2026-05-21T18:12:38.364Z","run_bootstrap",126,"http://client2:8000","run","http://client2:8000/run",1,TRUE,200,1106,255,3.52326321601868,"2026-05-21T18:12:34.661847Z","2026-05-21T18:12:38.185110Z",1779387154.66185,1779387158.18511,0.000551,0.00063,0.000662,3.505053,3.505186,3.504391,0.000132999999999939,3.4976,0.0256632160186769
"2026-05-21T18:12:38.364Z","run_bootstrap",126,"http://client3:8000","run","http://client3:8000/run",1,TRUE,200,1106,253,3.69360709190369,"2026-05-21T18:12:34.662252Z","2026-05-21T18:12:38.355859Z",1779387154.66225,1779387158.35586,0.000676,0.000751,0.000781,3.675398,3.675556,3.674617,0.00015799999999988,3.6684,0.0252070919036864
"2026-05-21T18:12:42.171Z","run_bootstrap",127,"http://client1:8000","run","http://client1:8000/run",1,TRUE,200,1107,258,3.74280977249146,"2026-05-21T18:12:38.424013Z","2026-05-21T18:12:42.166823Z",1779387158.42401,1779387162.16682,0.000582,0.000684,0.000711,3.729653,3.729792,3.728942,0.000139000000000333,3.7214,0.021409772491455
"2026-05-21T18:12:42.171Z","run_bootstrap",127,"http://client2:8000","run","http://client2:8000/run",1,TRUE,200,1107,259,3.5134391784668,"2026-05-21T18:12:38.424957Z","2026-05-21T18:12:41.938396Z",1779387158.42496,1779387161.9384,0.000652,0.000736,0.000771,3.500417,3.50056,3.499646,0.000143000000000004,3.4921,0.0213391784667967
"2026-05-21T18:12:42.171Z","run_bootstrap",127,"http://client3:8000","run","http://client3:8000/run",1,TRUE,200,1107,254,3.55828762054443,"2026-05-21T18:12:38.426829Z","2026-05-21T18:12:41.985116Z",1779387158.42683,1779387161.98512,0.000612,0.000688,0.000722,3.544917,3.545035,3.544195,0.000118000000000062,3.5371,0.0211876205444335
"2026-05-21T18:12:45.973Z","run_bootstrap",128,"http://client1:8000","run","http://client1:8000/run",1,TRUE,200,1107,258,3.78663897514343,"2026-05-21T18:12:42.182529Z","2026-05-21T18:12:45.969168Z",1779387162.18253,1779387165.96917,0.000616,0.000726,0.000762,3.772966,3.77311,3.772204,0.000144000000000144,3.7652,0.0214389751434325
"2026-05-21T18:12:45.973Z","run_bootstrap",128,"http://client2:8000","run","http://client2:8000/run",1,TRUE,200,1107,258,3.32136273384094,"2026-05-21T18:12:42.183416Z","2026-05-21T18:12:45.504778Z",1779387162.18342,1779387165.50478,0.000705,0.000796,0.000834,3.308215,3.30834,3.307381,0.000124999999999709,3.301,0.0203627338409422
"2026-05-21T18:12:45.973Z","run_bootstrap",128,"http://client3:8000","run","http://client3:8000/run",1,TRUE,200,1107,254,3.57445168495178,"2026-05-21T18:12:42.185147Z","2026-05-21T18:12:45.759598Z",1779387162.18515,1779387165.7596,0.00062,7e-04,0.000732,3.560708,3.560828,3.559976,0.000119999999999898,3.5538,0.0206516849517824
"2026-05-21T18:12:49.854Z","run_bootstrap",129,"http://client1:8000","run","http://client1:8000/run",1,TRUE,200,1106,261,3.86465191841125,"2026-05-21T18:12:45.985529Z","2026-05-21T18:12:49.850181Z",1779387165.98553,1779387169.85018,0.000838,0.000896,0.000918,3.843615,3.843754,3.842697,0.000139000000000333,3.8363,0.0283519184112548
"2026-05-21T18:12:49.854Z","run_bootstrap",129,"http://client2:8000","run","http://client2:8000/run",1,TRUE,200,1106,263,3.82266402244568,"2026-05-21T18:12:45.986374Z","2026-05-21T18:12:49.809038Z",1779387165.98637,1779387169.80904,0.000689,0.00076,0.000785,3.802318,3.802433,3.801533,0.000115000000000087,3.7954,0.0272640224456788
"2026-05-21T18:12:49.854Z","run_bootstrap",129,"http://client3:8000","run","http://client3:8000/run",1,TRUE,200,1106,262,3.40135383605957,"2026-05-21T18:12:45.986781Z","2026-05-21T18:12:49.388134Z",1779387165.98678,1779387169.38813,0.000728,0.000844,0.000886,3.382934,3.383057,3.382048,0.000122999999999873,3.3748,0.0265538360595703
"2026-05-21T18:12:53.857Z","run_bootstrap",130,"http://client1:8000","run","http://client1:8000/run",1,TRUE,200,1106,261,3.8338348865509,"2026-05-21T18:12:49.866875Z","2026-05-21T18:12:53.700710Z",1779387169.86688,1779387173.70071,0.000616,0.000712,0.000754,3.816234,3.816369,3.81548,0.000134999999999774,3.8088,0.0250348865509031
"2026-05-21T18:12:53.857Z","run_bootstrap",130,"http://client2:8000","run","http://client2:8000/run",1,TRUE,200,1106,263,3.98575019836426,"2026-05-21T18:12:49.867584Z","2026-05-21T18:12:53.853334Z",1779387169.86758,1779387173.85333,0.000576,0.000658,0.000708,3.969614,3.969744,3.968906,0.000129999999999963,3.9622,0.0235501983642576
"2026-05-21T18:12:53.857Z","run_bootstrap",130,"http://client3:8000","run","http://client3:8000/run",1,TRUE,200,1106,262,3.78482174873352,"2026-05-21T18:12:49.868278Z","2026-05-21T18:12:53.653100Z",1779387169.86828,1779387173.6531,0.00059,0.000641,0.000665,3.768489,3.768622,3.767824,0.000132999999999939,3.7588,0.0260217487335206
"2026-05-21T18:12:57.585Z","run_bootstrap",131,"http://client1:8000","run","http://client1:8000/run",1,TRUE,200,1108,255,3.71139287948608,"2026-05-21T18:12:53.869478Z","2026-05-21T18:12:57.580871Z",1779387173.86948,1779387177.58087,0.000684,0.000796,0.000835,3.694205,3.694336,3.69337,0.000130999999999659,3.6861,0.0252928794860838
"2026-05-21T18:12:57.585Z","run_bootstrap",131,"http://client2:8000","run","http://client2:8000/run",1,TRUE,200,1108,256,3.5633647441864,"2026-05-21T18:12:53.870293Z","2026-05-21T18:12:57.433658Z",1779387173.87029,1779387177.43366,0.000465,0.000616,0.00066,3.545559,3.545734,3.544899,0.000175000000000036,3.5346,0.0287647441864012
"2026-05-21T18:12:57.585Z","run_bootstrap",131,"http://client3:8000","run","http://client3:8000/run",1,TRUE,200,1108,255,3.69215488433838,"2026-05-21T18:12:53.870929Z","2026-05-21T18:12:57.563083Z",1779387173.87093,1779387177.56308,0.000436,0.000545,0.000585,3.673969,3.674095,3.673384,0.000125999999999848,3.6658,0.026354884338379
"2026-05-21T18:13:01.396Z","run_bootstrap",132,"http://client1:8000","run","http://client1:8000/run",1,TRUE,200,1108,255,3.79306125640869,"2026-05-21T18:12:57.599151Z","2026-05-21T18:13:01.392213Z",1779387177.59915,1779387181.39221,0.00057,0.000683,0.000719,3.77139,3.771422,3.770671,3.2000000000032e-05,3.7635,0.0295612564086913
"2026-05-21T18:13:01.396Z","run_bootstrap",132,"http://client2:8000","run","http://client2:8000/run",1,TRUE,200,1108,256,3.66919445991516,"2026-05-21T18:12:57.599576Z","2026-05-21T18:13:01.268770Z",1779387177.59958,1779387181.26877,0.000501,0.000596,0.000629,3.647237,3.64727,3.646608,3.29999999997277e-05,3.6393,0.0298944599151612
"2026-05-21T18:13:01.396Z","run_bootstrap",132,"http://client3:8000","run","http://client3:8000/run",1,TRUE,200,1108,255,3.71752166748047,"2026-05-21T18:12:57.599025Z","2026-05-21T18:13:01.316547Z",1779387177.59903,1779387181.31655,0.000745,0.000865,0.000901,3.698613,3.698644,3.697712,3.09999999998922e-05,3.6904,0.0271216674804688
"2026-05-21T18:13:05.152Z","run_bootstrap",133,"http://client1:8000","run","http://client1:8000/run",1,TRUE,200,1107,254,3.68212008476257,"2026-05-21T18:13:01.410633Z","2026-05-21T18:13:05.092753Z",1779387181.41063,1779387185.09275,0.000702,0.00085,0.00089,3.660961,3.661095,3.660071,0.000134000000000079,3.6526,0.0295200847625732
"2026-05-21T18:13:05.152Z","run_bootstrap",133,"http://client2:8000","run","http://client2:8000/run",1,TRUE,200,1107,256,3.68422937393188,"2026-05-21T18:13:01.411187Z","2026-05-21T18:13:05.095417Z",1779387181.41119,1779387185.09542,0.000653,0.000756,0.000793,3.670262,3.670397,3.669469,0.000134999999999774,3.6633,0.0209293739318848
"2026-05-21T18:13:05.152Z","run_bootstrap",133,"http://client3:8000","run","http://client3:8000/run",1,TRUE,200,1107,256,3.73671412467957,"2026-05-21T18:13:01.411729Z","2026-05-21T18:13:05.148443Z",1779387181.41173,1779387185.14844,0.000448,0.000535,0.000568,3.716561,3.716696,3.715993,0.000135000000000218,3.7092,0.0275141246795654
"2026-05-21T18:13:08.911Z","run_bootstrap",134,"http://client1:8000","run","http://client1:8000/run",1,TRUE,200,1107,254,3.74162244796753,"2026-05-21T18:13:05.165046Z","2026-05-21T18:13:08.906668Z",1779387185.16505,1779387188.90667,0.000756,0.000824,0.000848,3.724065,3.724118,3.723217,5.29999999998587e-05,3.7164,0.0252224479675291
"2026-05-21T18:13:08.911Z","run_bootstrap",134,"http://client2:8000","run","http://client2:8000/run",1,TRUE,200,1107,255,3.64412188529968,"2026-05-21T18:13:05.165850Z","2026-05-21T18:13:08.809972Z",1779387185.16585,1779387188.80997,0.000439,0.000489,0.000507,3.626031,3.626168,3.625524,0.000137000000000054,3.616,0.0281218852996825
"2026-05-21T18:13:08.911Z","run_bootstrap",134,"http://client3:8000","run","http://client3:8000/run",1,TRUE,200,1107,255,3.60287475585938,"2026-05-21T18:13:05.166309Z","2026-05-21T18:13:08.769184Z",1779387185.16631,1779387188.76918,0.00052,0.000629,0.000661,3.58548,3.585615,3.584819,0.000135000000000218,3.577,0.025874755859375
"2026-05-21T18:13:12.861Z","run_bootstrap",135,"http://client1:8000","run","http://client1:8000/run",1,TRUE,200,1107,250,3.93544888496399,"2026-05-21T18:13:08.921732Z","2026-05-21T18:13:12.857181Z",1779387188.92173,1779387192.85718,0.000498,0.000549,0.00057,3.92198,3.922132,3.92141,0.00015199999999993,3.9129,0.0225488849639892
"2026-05-21T18:13:12.861Z","run_bootstrap",135,"http://client2:8000","run","http://client2:8000/run",1,TRUE,200,1107,256,3.63488030433655,"2026-05-21T18:13:08.922427Z","2026-05-21T18:13:12.557307Z",1779387188.92243,1779387192.55731,0.000425,0.000503,0.000529,3.62142,3.621512,3.620891,9.1999999999981e-05,3.5971,0.0377803043365477
"2026-05-21T18:13:12.861Z","run_bootstrap",135,"http://client3:8000","run","http://client3:8000/run",1,TRUE,200,1107,252,3.71381831169128,"2026-05-21T18:13:08.924194Z","2026-05-21T18:13:12.638012Z",1779387188.92419,1779387192.63801,0.00055,0.000629,0.000665,3.701132,3.701264,3.700467,0.000132000000000243,3.686,0.0278183116912842
"2026-05-21T18:13:16.783Z","run_bootstrap",136,"http://client1:8000","run","http://client1:8000/run",1,TRUE,200,1107,250,3.64399647712708,"2026-05-21T18:13:12.874196Z","2026-05-21T18:13:16.518193Z",1779387192.8742,1779387196.51819,0.000697,0.000805,0.000844,3.628673,3.628812,3.627829,0.000138999999999889,3.6212,0.0227964771270752
"2026-05-21T18:13:16.783Z","run_bootstrap",136,"http://client2:8000","run","http://client2:8000/run",1,TRUE,200,1107,256,3.9036328792572,"2026-05-21T18:13:12.874727Z","2026-05-21T18:13:16.778360Z",1779387192.87473,1779387196.77836,0.000721,0.000812,0.000851,3.881831,3.881976,3.88098,0.00014499999999984,3.8693,0.0343328792572022
"2026-05-21T18:13:16.783Z","run_bootstrap",136,"http://client3:8000","run","http://client3:8000/run",1,TRUE,200,1107,253,3.89212417602539,"2026-05-21T18:13:12.875267Z","2026-05-21T18:13:16.767391Z",1779387192.87527,1779387196.76739,0.000681,0.000792,0.000834,3.870796,3.870929,3.869962,0.000132999999999939,3.8605,0.0316241760253906
"2026-05-21T18:13:20.716Z","run_bootstrap",137,"http://client1:8000","run","http://client1:8000/run",1,TRUE,200,1105,252,3.63146901130676,"2026-05-21T18:13:16.794282Z","2026-05-21T18:13:20.425751Z",1779387196.79428,1779387200.42575,0.000695,0.000803,0.000857,3.61729,3.617428,3.616433,0.000137999999999749,3.6093,0.0221690113067625
"2026-05-21T18:13:20.716Z","run_bootstrap",137,"http://client2:8000","run","http://client2:8000/run",1,TRUE,200,1105,257,3.91201543807983,"2026-05-21T18:13:16.796118Z","2026-05-21T18:13:20.708134Z",1779387196.79612,1779387200.70813,0.000519,0.000594,0.000646,3.89803,3.898162,3.897384,0.000132000000000243,3.8909,0.0211154380798342
"2026-05-21T18:13:20.716Z","run_bootstrap",137,"http://client3:8000","run","http://client3:8000/run",1,TRUE,200,1105,252,3.77111959457397,"2026-05-21T18:13:16.795332Z","2026-05-21T18:13:20.566452Z",1779387196.79533,1779387200.56645,0.000673,0.00076,0.000798,3.757599,3.757723,3.756801,0.000124000000000013,3.7507,0.0204195945739745
"2026-05-21T18:13:24.571Z","run_bootstrap",138,"http://client1:8000","run","http://client1:8000/run",1,TRUE,200,1105,252,3.68220329284668,"2026-05-21T18:13:20.733168Z","2026-05-21T18:13:24.415372Z",1779387200.73317,1779387204.41537,0.000784,0.000869,0.000901,3.670421,3.670453,3.66952,3.2000000000032e-05,3.6625,0.0197032928466796
"2026-05-21T18:13:24.571Z","run_bootstrap",138,"http://client2:8000","run","http://client2:8000/run",1,TRUE,200,1105,257,3.83369708061218,"2026-05-21T18:13:20.733181Z","2026-05-21T18:13:24.566878Z",1779387200.73318,1779387204.56688,0.000759,0.00086,0.000884,3.822351,3.822375,3.821467,2.4000000000246e-05,3.8153,0.0183970806121825
"2026-05-21T18:13:24.571Z","run_bootstrap",138,"http://client3:8000","run","http://client3:8000/run",1,TRUE,200,1105,252,3.71181750297546,"2026-05-21T18:13:20.733183Z","2026-05-21T18:13:24.445000Z",1779387200.73318,1779387204.445,0.000803,0.000886,0.000917,3.699705,3.699736,3.698788,3.10000000003363e-05,3.6922,0.0196175029754637
"2026-05-21T18:13:28.499Z","run_bootstrap",139,"http://client1:8000","run","http://client1:8000/run",1,TRUE,200,1108,249,3.90884876251221,"2026-05-21T18:13:24.585103Z","2026-05-21T18:13:28.493952Z",1779387204.5851,1779387208.49395,0.000646,0.000759,0.000797,3.894011,3.89414,3.893214,0.000129000000000268,3.8864,0.022448762512207
"2026-05-21T18:13:28.499Z","run_bootstrap",139,"http://client2:8000","run","http://client2:8000/run",1,TRUE,200,1108,256,3.67796683311462,"2026-05-21T18:13:24.585660Z","2026-05-21T18:13:28.263627Z",1779387204.58566,1779387208.26363,0.000623,0.000756,0.000794,3.664402,3.664538,3.663608,0.000135999999999914,3.656,0.0219668331146239
"2026-05-21T18:13:28.499Z","run_bootstrap",139,"http://client3:8000","run","http://client3:8000/run",1,TRUE,200,1108,252,3.73128128051758,"2026-05-21T18:13:24.584955Z","2026-05-21T18:13:28.316236Z",1779387204.58496,1779387208.31624,0.000584,0.000716,0.000753,3.717335,3.717426,3.716582,9.10000000002853e-05,3.7085,0.0227812805175782
"2026-05-21T18:13:32.657Z","run_bootstrap",140,"http://client1:8000","run","http://client1:8000/run",1,TRUE,200,1108,249,3.91558766365051,"2026-05-21T18:13:28.511657Z","2026-05-21T18:13:32.427245Z",1779387208.51166,1779387212.42725,0.000577,0.000663,0.000697,3.894516,3.894657,3.893819,0.000141000000000169,3.7316,0.183987663650513
"2026-05-21T18:13:32.657Z","run_bootstrap",140,"http://client2:8000","run","http://client2:8000/run",1,TRUE,200,1108,256,3.9240255355835,"2026-05-21T18:13:28.512312Z","2026-05-21T18:13:32.436337Z",1779387208.51231,1779387212.43634,0.000441,0.000525,0.000562,3.903474,3.903576,3.902912,0.000102000000000046,3.739,0.185025535583496
"2026-05-21T18:13:32.657Z","run_bootstrap",140,"http://client3:8000","run","http://client3:8000/run",1,TRUE,200,1108,252,4.14031338691711,"2026-05-21T18:13:28.512947Z","2026-05-21T18:13:32.653260Z",1779387208.51295,1779387212.65326,0.000701,0.000813,0.000848,4.123349,4.123487,4.122501,0.000137999999999749,3.9594,0.180913386917114
"2026-05-21T18:13:36.372Z","run_bootstrap",141,"http://client1:8000","run","http://client1:8000/run",1,TRUE,200,1108,251,3.54732847213745,"2026-05-21T18:13:32.669230Z","2026-05-21T18:13:36.216558Z",1779387212.66923,1779387216.21656,0.00065,0.000733,0.000756,3.529102,3.529227,3.528346,0.000125000000000153,3.522,0.0253284721374514
"2026-05-21T18:13:36.372Z","run_bootstrap",141,"http://client2:8000","run","http://client2:8000/run",1,TRUE,200,1108,255,3.69773387908936,"2026-05-21T18:13:32.670037Z","2026-05-21T18:13:36.367770Z",1779387212.67004,1779387216.36777,0.000508,0.000561,0.00058,3.676681,3.676834,3.676101,0.00015300000000007,3.67,0.0277338790893555
"2026-05-21T18:13:36.372Z","run_bootstrap",141,"http://client3:8000","run","http://client3:8000/run",1,TRUE,200,1108,251,3.50462245941162,"2026-05-21T18:13:32.670833Z","2026-05-21T18:13:36.175455Z",1779387212.67083,1779387216.17546,0.000446,0.000527,0.000561,3.483593,3.483747,3.483032,0.00015400000000021,3.4742,0.0304224594116209
"2026-05-21T18:13:39.954Z","run_bootstrap",142,"http://client1:8000","run","http://client1:8000/run",1,TRUE,200,1108,252,3.47009181976318,"2026-05-21T18:13:36.384760Z","2026-05-21T18:13:39.854852Z",1779387216.38476,1779387219.85485,0.000596,0.000673,0.000705,3.448006,3.448091,3.447301,8.49999999998907e-05,3.4407,0.0293918197631835
"2026-05-21T18:13:39.954Z","run_bootstrap",142,"http://client2:8000","run","http://client2:8000/run",1,TRUE,200,1108,257,3.56105422973633,"2026-05-21T18:13:36.385396Z","2026-05-21T18:13:39.946450Z",1779387216.3854,1779387219.94645,0.000543,0.000655,0.000689,3.539535,3.539672,3.538846,0.000137000000000054,3.5328,0.0282542297363282
"2026-05-21T18:13:39.954Z","run_bootstrap",142,"http://client3:8000","run","http://client3:8000/run",1,TRUE,200,1108,251,3.48645520210266,"2026-05-21T18:13:36.384613Z","2026-05-21T18:13:39.871069Z",1779387216.38461,1779387219.87107,0.000651,0.00078,0.000828,3.472192,3.472278,3.471364,8.60000000000305e-05,3.4653,0.0211552021026611
"2026-05-21T18:13:43.724Z","run_bootstrap",143,"http://client1:8000","run","http://client1:8000/run",1,TRUE,200,1109,251,3.61182689666748,"2026-05-21T18:13:39.965660Z","2026-05-21T18:13:43.577487Z",1779387219.96566,1779387223.57749,0.000554,0.000646,0.000681,3.593142,3.593175,3.592461,3.30000000001718e-05,3.5861,0.0257268966674804
"2026-05-21T18:13:43.724Z","run_bootstrap",143,"http://client2:8000","run","http://client2:8000/run",1,TRUE,200,1109,256,3.4622175693512,"2026-05-21T18:13:39.966278Z","2026-05-21T18:13:43.428496Z",1779387219.96628,1779387223.4285,0.00047,0.000525,0.000545,3.444738,3.444773,3.444193,3.50000000000072e-05,3.4381,0.0241175693511964
"2026-05-21T18:13:43.724Z","run_bootstrap",143,"http://client3:8000","run","http://client3:8000/run",1,TRUE,200,1109,251,3.75400543212891,"2026-05-21T18:13:39.966387Z","2026-05-21T18:13:43.720393Z",1779387219.96639,1779387223.72039,0.000365,0.000436,0.00046,3.736508,3.736537,3.736048,2.90000000000568e-05,3.7297,0.0243054321289065
"2026-05-21T18:13:47.336Z","run_bootstrap",144,"http://client1:8000","run","http://client1:8000/run",1,TRUE,200,1109,251,3.59290885925293,"2026-05-21T18:13:43.738757Z","2026-05-21T18:13:47.331666Z",1779387223.73876,1779387227.33167,0.000592,0.000704,0.000749,3.579415,3.579576,3.578666,0.000160999999999856,3.5716,0.0213088592529296
"2026-05-21T18:13:47.336Z","run_bootstrap",144,"http://client2:8000","run","http://client2:8000/run",1,TRUE,200,1109,256,3.57586693763733,"2026-05-21T18:13:43.740644Z","2026-05-21T18:13:47.316511Z",1779387223.74064,1779387227.31651,0.000556,0.000644,0.000682,3.56212,3.562212,3.561438,9.1999999999981e-05,3.5554,0.020466937637329
"2026-05-21T18:13:47.336Z","run_bootstrap",144,"http://client3:8000","run","http://client3:8000/run",1,TRUE,200,1109,251,3.54359531402588,"2026-05-21T18:13:43.740976Z","2026-05-21T18:13:47.284572Z",1779387223.74098,1779387227.28457,0.000611,0.000706,0.000745,3.528039,3.528146,3.527294,0.000106999999999857,3.5212,0.022395314025879
"2026-05-21T18:13:51.085Z","run_bootstrap",145,"http://client1:8000","run","http://client1:8000/run",1,TRUE,200,1109,253,3.50026440620422,"2026-05-21T18:13:47.347905Z","2026-05-21T18:13:50.848170Z",1779387227.34791,1779387230.84817,0.000604,0.000722,0.000763,3.485552,3.485711,3.484789,0.000158999999999576,3.4774,0.0228644062042238
"2026-05-21T18:13:51.085Z","run_bootstrap",145,"http://client2:8000","run","http://client2:8000/run",1,TRUE,200,1109,255,3.30325436592102,"2026-05-21T18:13:47.348469Z","2026-05-21T18:13:50.651724Z",1779387227.34847,1779387230.65172,0.000552,0.000632,0.000664,3.28711,3.287235,3.286446,0.000124999999999709,3.2773,0.0259543659210206
"2026-05-21T18:13:51.085Z","run_bootstrap",145,"http://client3:8000","run","http://client3:8000/run",1,TRUE,200,1109,251,3.73047232627869,"2026-05-21T18:13:47.348074Z","2026-05-21T18:13:51.078546Z",1779387227.34807,1779387231.07855,0.000753,0.000869,0.00091,3.715906,3.71605,3.714996,0.000144000000000144,3.7073,0.0231723262786865
"2026-05-21T18:13:54.703Z","run_bootstrap",146,"http://client1:8000","run","http://client1:8000/run",1,TRUE,200,1109,252,3.59807991981506,"2026-05-21T18:13:51.098145Z","2026-05-21T18:13:54.696225Z",1779387231.09815,1779387234.69623,0.000413,0.000495,0.000518,3.5843,3.584404,3.583782,0.000104000000000326,3.576,0.0220799198150634
"2026-05-21T18:13:54.703Z","run_bootstrap",146,"http://client2:8000","run","http://client2:8000/run",1,TRUE,200,1109,255,3.57785439491272,"2026-05-21T18:13:51.097689Z","2026-05-21T18:13:54.675543Z",1779387231.09769,1779387234.67554,0.000507,0.000559,0.000578,3.563741,3.563827,3.563163,8.60000000000305e-05,3.5566,0.0212543949127197
"2026-05-21T18:13:54.703Z","run_bootstrap",146,"http://client3:8000","run","http://client3:8000/run",1,TRUE,200,1109,251,3.49004220962524,"2026-05-21T18:13:51.099307Z","2026-05-21T18:13:54.589349Z",1779387231.09931,1779387234.58935,0.000467,0.00054,0.000571,3.474349,3.47449,3.473778,0.000140999999999725,3.4672,0.0228422096252441
"2026-05-21T18:13:58.519Z","run_bootstrap",147,"http://client1:8000","run","http://client1:8000/run",1,TRUE,200,1109,252,3.79754734039307,"2026-05-21T18:13:54.716166Z","2026-05-21T18:13:58.513714Z",1779387234.71617,1779387238.51371,0.000532,0.000638,0.000679,3.780235,3.780359,3.779556,0.000124000000000013,3.7731,0.0244473403930665
"2026-05-21T18:13:58.519Z","run_bootstrap",147,"http://client2:8000","run","http://client2:8000/run",1,TRUE,200,1109,257,3.57674741744995,"2026-05-21T18:13:54.716887Z","2026-05-21T18:13:58.293635Z",1779387234.71689,1779387238.29364,0.000551,0.000665,0.000707,3.556582,3.556715,3.555875,0.000132999999999939,3.5487,0.028047417449951
"2026-05-21T18:13:58.519Z","run_bootstrap",147,"http://client3:8000","run","http://client3:8000/run",1,TRUE,200,1109,251,3.48322439193726,"2026-05-21T18:13:54.716233Z","2026-05-21T18:13:58.199458Z",1779387234.71623,1779387238.19946,0.000685,0.000791,0.000831,3.469365,3.469483,3.468534,0.000118000000000062,3.4598,0.0234243919372559
"2026-05-21T18:14:02.320Z","run_bootstrap",148,"http://client1:8000","run","http://client1:8000/run",1,TRUE,200,1109,252,3.52100157737732,"2026-05-21T18:13:58.531857Z","2026-05-21T18:14:02.052858Z",1779387238.53186,1779387242.05286,0.000669,0.00073,0.00075,3.506875,3.507,3.506125,0.000125000000000153,3.4985,0.0225015773773194
"2026-05-21T18:14:02.320Z","run_bootstrap",148,"http://client2:8000","run","http://client2:8000/run",1,TRUE,200,1109,257,3.58997392654419,"2026-05-21T18:13:58.533255Z","2026-05-21T18:14:02.123229Z",1779387238.53326,1779387242.12323,0.000519,0.000606,0.000628,3.577083,3.577445,3.576455,0.000361999999999973,3.5704,0.0195739265441897
"2026-05-21T18:14:02.320Z","run_bootstrap",148,"http://client3:8000","run","http://client3:8000/run",1,TRUE,200,1109,251,3.78039693832397,"2026-05-21T18:13:58.532565Z","2026-05-21T18:14:02.312962Z",1779387238.53257,1779387242.31296,0.00068,0.00074,0.000758,3.766192,3.76633,3.765434,0.000137999999999749,3.7592,0.0211969383239747
"2026-05-21T18:14:06.122Z","run_bootstrap",149,"http://client1:8000","run","http://client1:8000/run",1,TRUE,200,1108,252,3.52490258216858,"2026-05-21T18:14:02.338370Z","2026-05-21T18:14:05.863273Z",1779387242.33837,1779387245.86327,0.000662,0.000768,0.000802,3.505899,3.505933,3.505097,3.40000000003116e-05,3.4976,0.0273025821685793
"2026-05-21T18:14:06.122Z","run_bootstrap",149,"http://client2:8000","run","http://client2:8000/run",1,TRUE,200,1108,256,3.77443099021912,"2026-05-21T18:14:02.340596Z","2026-05-21T18:14:06.115027Z",1779387242.3406,1779387246.11503,0.000384,0.000452,0.000481,3.756855,3.756889,3.756374,3.40000000003116e-05,3.7495,0.0249309902191164
"2026-05-21T18:14:06.122Z","run_bootstrap",149,"http://client3:8000","run","http://client3:8000/run",1,TRUE,200,1108,251,3.5078113079071,"2026-05-21T18:14:02.341094Z","2026-05-21T18:14:05.848905Z",1779387242.34109,1779387245.84891,0.000633,0.000748,0.000783,3.483872,3.483906,3.483089,3.40000000003116e-05,3.4762,0.0316113079071045
"2026-05-21T18:14:09.782Z","run_bootstrap",150,"http://client1:8000","run","http://client1:8000/run",1,TRUE,200,1108,252,3.64096570014954,"2026-05-21T18:14:06.137307Z","2026-05-21T18:14:09.778273Z",1779387246.13731,1779387249.77827,0.000759,0.000888,0.000931,3.627154,3.627271,3.626223,0.000116999999999923,3.6196,0.021365700149536
"2026-05-21T18:14:09.782Z","run_bootstrap",150,"http://client2:8000","run","http://client2:8000/run",1,TRUE,200,1108,256,3.61014103889465,"2026-05-21T18:14:06.137945Z","2026-05-21T18:14:09.748086Z",1779387246.13795,1779387249.74809,0.000653,0.000747,0.000789,3.58878,3.588914,3.587991,0.000134000000000079,3.5809,0.0292410388946531
"2026-05-21T18:14:09.782Z","run_bootstrap",150,"http://client3:8000","run","http://client3:8000/run",1,TRUE,200,1108,251,3.59937214851379,"2026-05-21T18:14:06.138244Z","2026-05-21T18:14:09.737616Z",1779387246.13824,1779387249.73762,0.000752,0.00082,0.000843,3.579037,3.579168,3.578194,0.000131000000000103,3.5721,0.0272721485137941
"2026-05-21T18:14:13.738Z","run_bootstrap",151,"http://client1:8000","run","http://client1:8000/run",1,TRUE,200,1107,253,3.93726444244385,"2026-05-21T18:14:09.794314Z","2026-05-21T18:14:13.731578Z",1779387249.79431,1779387253.73158,0.000527,0.000613,0.000647,3.919144,3.919301,3.918497,0.000156999999999741,3.9121,0.0251644424438475
"2026-05-21T18:14:13.738Z","run_bootstrap",151,"http://client2:8000","run","http://client2:8000/run",1,TRUE,200,1107,257,3.61578845977783,"2026-05-21T18:14:09.793904Z","2026-05-21T18:14:13.409692Z",1779387249.7939,1779387253.40969,0.000666,0.000759,0.000783,3.601604,3.60174,3.600821,0.000135999999999914,3.5948,0.0209884597778318
"2026-05-21T18:14:13.738Z","run_bootstrap",151,"http://client3:8000","run","http://client3:8000/run",1,TRUE,200,1107,251,3.56877303123474,"2026-05-21T18:14:09.795717Z","2026-05-21T18:14:13.364490Z",1779387249.79572,1779387253.36449,0.000485,0.000561,0.000593,3.551619,3.55176,3.551026,0.000140999999999725,3.5448,0.0239730312347413
"2026-05-21T18:14:17.726Z","run_bootstrap",152,"http://client1:8000","run","http://client1:8000/run",1,TRUE,200,1107,253,3.72473478317261,"2026-05-21T18:14:13.752483Z","2026-05-21T18:14:17.477217Z",1779387253.75248,1779387257.47722,0.000462,0.000519,0.000545,3.710383,3.710449,3.709838,6.59999999998995e-05,3.7033,0.0214347831726074
"2026-05-21T18:14:17.726Z","run_bootstrap",152,"http://client2:8000","run","http://client2:8000/run",1,TRUE,200,1107,257,3.96916532516479,"2026-05-21T18:14:13.752764Z","2026-05-21T18:14:17.721930Z",1779387253.75276,1779387257.72193,6e-04,0.000656,0.000675,3.950062,3.950205,3.949387,0.000143000000000004,3.9432,0.0259653251647949
"2026-05-21T18:14:17.726Z","run_bootstrap",152,"http://client3:8000","run","http://client3:8000/run",1,TRUE,200,1107,251,3.83760356903076,"2026-05-21T18:14:13.752935Z","2026-05-21T18:14:17.590538Z",1779387253.75294,1779387257.59054,0.000438,0.000517,0.000543,3.823671,3.82383,3.823128,0.00015900000000002,3.8169,0.0207035690307618
"2026-05-21T18:14:21.843Z","run_bootstrap",153,"http://client1:8000","run","http://client1:8000/run",1,TRUE,200,1106,251,4.09593653678894,"2026-05-21T18:14:17.742444Z","2026-05-21T18:14:21.838380Z",1779387257.74244,1779387261.83838,0.000537,0.00064,0.000675,4.082287,4.08242,4.081612,0.000132999999999939,4.0746,0.0213365367889402
"2026-05-21T18:14:21.843Z","run_bootstrap",153,"http://client2:8000","run","http://client2:8000/run",1,TRUE,200,1106,255,3.92103219032288,"2026-05-21T18:14:17.743721Z","2026-05-21T18:14:21.664753Z",1779387257.74372,1779387261.66475,0.000491,0.000574,0.000608,3.900488,3.900644,3.89988,0.000155999999999601,3.8935,0.027532190322876
"2026-05-21T18:14:21.843Z","run_bootstrap",153,"http://client3:8000","run","http://client3:8000/run",1,TRUE,200,1106,252,4.06923818588257,"2026-05-21T18:14:17.744150Z","2026-05-21T18:14:21.813388Z",1779387257.74415,1779387261.81339,0.000491,6e-04,0.000635,4.055294,4.055392,4.054659,9.80000000003756e-05,4.0482,0.0210381858825688
"2026-05-21T18:14:25.856Z","run_bootstrap",154,"http://client1:8000","run","http://client1:8000/run",1,TRUE,200,1106,251,3.82681941986084,"2026-05-21T18:14:21.854578Z","2026-05-21T18:14:25.681397Z",1779387261.85458,1779387265.6814,0.000505,0.00059,0.000635,3.807968,3.808003,3.807333,3.50000000000072e-05,3.8007,0.0261194198608399
"2026-05-21T18:14:25.856Z","run_bootstrap",154,"http://client2:8000","run","http://client2:8000/run",1,TRUE,200,1106,255,3.80494618415833,"2026-05-21T18:14:21.855540Z","2026-05-21T18:14:25.660486Z",1779387261.85554,1779387265.66049,0.000431,0.000512,0.000546,3.78715,3.787187,3.786604,3.69999999998427e-05,3.7718,0.0331461841583254
"2026-05-21T18:14:25.856Z","run_bootstrap",154,"http://client3:8000","run","http://client3:8000/run",1,TRUE,200,1106,251,3.99698305130005,"2026-05-21T18:14:21.855769Z","2026-05-21T18:14:25.852752Z",1779387261.85577,1779387265.85275,0.000521,0.000578,0.000598,3.979547,3.979579,3.978949,3.2000000000032e-05,3.965,0.031983051300049
"2026-05-21T18:14:29.803Z","run_bootstrap",155,"http://client1:8000","run","http://client1:8000/run",1,TRUE,200,1108,251,3.92828369140625,"2026-05-21T18:14:25.870472Z","2026-05-21T18:14:29.798756Z",1779387265.87047,1779387269.79876,0.000715,0.000818,0.000852,3.914999,3.915133,3.914147,0.000134000000000079,3.9072,0.02108369140625
"2026-05-21T18:14:29.803Z","run_bootstrap",155,"http://client2:8000","run","http://client2:8000/run",1,TRUE,200,1108,255,3.89787173271179,"2026-05-21T18:14:25.871717Z","2026-05-21T18:14:29.769589Z",1779387265.87172,1779387269.76959,0.00061,0.000715,0.00075,3.884702,3.884843,3.883952,0.000141000000000169,3.8776,0.0202717327117918
"2026-05-21T18:14:29.803Z","run_bootstrap",155,"http://client3:8000","run","http://client3:8000/run",1,TRUE,200,1108,252,3.86864328384399,"2026-05-21T18:14:25.873039Z","2026-05-21T18:14:29.741682Z",1779387265.87304,1779387269.74168,0.000743,0.000813,0.000848,3.8549,3.855022,3.854052,0.000121999999999733,3.8464,0.0222432838439941
"2026-05-21T18:14:33.750Z","run_bootstrap",156,"http://client1:8000","run","http://client1:8000/run",1,TRUE,200,1108,251,3.80551743507385,"2026-05-21T18:14:29.814528Z","2026-05-21T18:14:33.620046Z",1779387269.81453,1779387273.62005,0.000647,0.000752,0.000787,3.791782,3.791923,3.790995,0.000141000000000169,3.7846,0.0209174350738524
"2026-05-21T18:14:33.750Z","run_bootstrap",156,"http://client2:8000","run","http://client2:8000/run",1,TRUE,200,1108,255,3.83265352249146,"2026-05-21T18:14:29.816879Z","2026-05-21T18:14:33.649532Z",1779387269.81688,1779387273.64953,0.000735,0.000846,0.000888,3.815703,3.815841,3.814815,0.000137999999999749,3.8086,0.0240535224914549
"2026-05-21T18:14:33.750Z","run_bootstrap",156,"http://client3:8000","run","http://client3:8000/run",1,TRUE,200,1108,252,3.92617702484131,"2026-05-21T18:14:29.817251Z","2026-05-21T18:14:33.743428Z",1779387269.81725,1779387273.74343,0.000596,0.000706,0.000741,3.905994,3.906126,3.905253,0.000131999999999799,3.8989,0.0272770248413088
"2026-05-21T18:14:37.450Z","run_bootstrap",157,"http://client1:8000","run","http://client1:8000/run",1,TRUE,200,1109,253,2.69455218315125,"2026-05-21T18:14:33.767227Z","2026-05-21T18:14:36.461780Z",1779387273.76723,1779387276.46178,0.000766,0.000861,0.000894,2.680713,2.680839,2.679819,0.000126000000000293,2.6733,0.0212521831512453
"2026-05-21T18:14:37.450Z","run_bootstrap",157,"http://client2:8000","run","http://client2:8000/run",1,TRUE,200,1109,257,3.60118889808655,"2026-05-21T18:14:33.767457Z","2026-05-21T18:14:37.368646Z",1779387273.76746,1779387277.36865,0.000684,0.000789,0.000828,3.587554,3.587703,3.586726,0.000148999999999955,3.5802,0.0209888980865478
"2026-05-21T18:14:37.450Z","run_bootstrap",157,"http://client3:8000","run","http://client3:8000/run",1,TRUE,200,1109,250,3.6734185218811,"2026-05-21T18:14:33.769130Z","2026-05-21T18:14:37.442548Z",1779387273.76913,1779387277.44255,0.000597,0.000684,0.000719,3.652984,3.653121,3.652265,0.000137000000000054,3.645,0.0284185218811035
"2026-05-21T18:14:41.159Z","run_bootstrap",158,"http://client1:8000","run","http://client1:8000/run",1,TRUE,200,1109,253,3.54796504974365,"2026-05-21T18:14:37.461536Z","2026-05-21T18:14:41.009501Z",1779387277.46154,1779387281.0095,0.000747,0.000864,0.000903,3.53356,3.533703,3.532657,0.000143000000000004,3.5262,0.0217650497436526
"2026-05-21T18:14:41.159Z","run_bootstrap",158,"http://client2:8000","run","http://client2:8000/run",1,TRUE,200,1109,257,3.69108700752258,"2026-05-21T18:14:37.463206Z","2026-05-21T18:14:41.154293Z",1779387277.46321,1779387281.15429,0.000456,0.000572,0.00061,3.671444,3.671568,3.670834,0.000124000000000013,3.6644,0.0266870075225829
"2026-05-21T18:14:41.159Z","run_bootstrap",158,"http://client3:8000","run","http://client3:8000/run",1,TRUE,200,1109,251,3.37271308898926,"2026-05-21T18:14:37.463559Z","2026-05-21T18:14:40.836272Z",1779387277.46356,1779387280.83627,0.00055,0.000666,0.000707,3.35665,3.356778,3.355943,0.000127999999999684,3.3497,0.0230130889892579
"2026-05-21T18:14:44.898Z","run_bootstrap",159,"http://client1:8000","run","http://client1:8000/run",1,TRUE,200,1109,250,3.47296261787415,"2026-05-21T18:14:41.171871Z","2026-05-21T18:14:44.644834Z",1779387281.17187,1779387284.64483,0.000474,0.00056,0.000597,3.456758,3.456894,3.456161,0.000135999999999914,3.4497,0.0232626178741455
"2026-05-21T18:14:44.898Z","run_bootstrap",159,"http://client2:8000","run","http://client2:8000/run",1,TRUE,200,1109,255,3.46817398071289,"2026-05-21T18:14:41.171288Z","2026-05-21T18:14:44.639462Z",1779387281.17129,1779387284.63946,0.000648,0.000753,0.000794,3.454419,3.454536,3.453625,0.000116999999999923,3.4466,0.0215739807128905
"2026-05-21T18:14:44.898Z","run_bootstrap",159,"http://client3:8000","run","http://client3:8000/run",1,TRUE,200,1109,252,3.71722793579102,"2026-05-21T18:14:41.173101Z","2026-05-21T18:14:44.890329Z",1779387281.1731,1779387284.89033,0.000528,0.00063,0.000674,3.696414,3.696545,3.69574,0.000131000000000103,3.6896,0.0276279357910156
"2026-05-21T18:14:48.799Z","run_bootstrap",160,"http://client1:8000","run","http://client1:8000/run",1,TRUE,200,1109,250,3.87754893302917,"2026-05-21T18:14:44.917212Z","2026-05-21T18:14:48.794761Z",1779387284.91721,1779387288.79476,0.000737,0.000868,0.000902,3.860256,3.860292,3.859354,3.59999999997029e-05,3.7057,0.171848933029175
"2026-05-21T18:14:48.799Z","run_bootstrap",160,"http://client2:8000","run","http://client2:8000/run",1,TRUE,200,1109,255,3.56676888465881,"2026-05-21T18:14:44.919130Z","2026-05-21T18:14:48.485899Z",1779387284.91913,1779387288.4859,0.000495,0.000588,0.000621,3.545258,3.54529,3.544637,3.2000000000032e-05,3.3986,0.168168884658813
"2026-05-21T18:14:48.799Z","run_bootstrap",160,"http://client3:8000","run","http://client3:8000/run",1,TRUE,200,1109,252,3.69624876976013,"2026-05-21T18:14:44.919363Z","2026-05-21T18:14:48.615612Z",1779387284.91936,1779387288.61561,0.000471,0.000588,0.000624,3.67932,3.679352,3.678696,3.2000000000032e-05,3.5309,0.165348769760132
"2026-05-21T18:14:52.423Z","run_bootstrap",161,"http://client1:8000","run","http://client1:8000/run",1,TRUE,200,1108,253,3.60268044471741,"2026-05-21T18:14:48.813739Z","2026-05-21T18:14:52.416419Z",1779387288.81374,1779387292.41642,0.000505,0.000588,0.000619,3.583269,3.583407,3.58265,0.000137999999999749,3.5764,0.0262804447174072
"2026-05-21T18:14:52.423Z","run_bootstrap",161,"http://client2:8000","run","http://client2:8000/run",1,TRUE,200,1108,257,3.52765297889709,"2026-05-21T18:14:48.813672Z","2026-05-21T18:14:52.341325Z",1779387288.81367,1779387292.34133,0.000744,0.000859,0.000896,3.51371,3.513825,3.512814,0.000115000000000087,3.5064,0.0212529788970945
"2026-05-21T18:14:52.423Z","run_bootstrap",161,"http://client3:8000","run","http://client3:8000/run",1,TRUE,200,1108,252,3.48720860481262,"2026-05-21T18:14:48.815042Z","2026-05-21T18:14:52.302251Z",1779387288.81504,1779387292.30225,0.000488,0.000574,0.000606,3.472304,3.472404,3.471698,0.000100000000000211,3.4654,0.0218086048126223
"2026-05-21T18:14:56.161Z","run_bootstrap",162,"http://client1:8000","run","http://client1:8000/run",1,TRUE,200,1108,253,3.7172589302063,"2026-05-21T18:14:52.438344Z","2026-05-21T18:14:56.155603Z",1779387292.43834,1779387296.1556,0.000577,0.000666,0.000698,3.69606,3.696168,3.695362,0.000107999999999997,3.6887,0.028558930206299
"2026-05-21T18:14:56.161Z","run_bootstrap",162,"http://client2:8000","run","http://client2:8000/run",1,TRUE,200,1108,257,3.33891677856445,"2026-05-21T18:14:52.438643Z","2026-05-21T18:14:55.777560Z",1779387292.43864,1779387295.77756,0.000486,0.000559,0.000594,3.317912,3.318056,3.317318,0.0001439999999997,3.3111,0.027816778564453
"2026-05-21T18:14:56.161Z","run_bootstrap",162,"http://client3:8000","run","http://client3:8000/run",1,TRUE,200,1108,251,3.53884696960449,"2026-05-21T18:14:52.439055Z","2026-05-21T18:14:55.977902Z",1779387292.43906,1779387295.9779,0.000487,0.000599,0.000636,3.524138,3.524229,3.523502,9.09999999998412e-05,3.516,0.0228469696044922
"2026-05-21T18:14:59.727Z","run_bootstrap",163,"http://client1:8000","run","http://client1:8000/run",1,TRUE,200,1108,253,3.48451519012451,"2026-05-21T18:14:56.173272Z","2026-05-21T18:14:59.657787Z",1779387296.17327,1779387299.65779,0.000692,0.000813,0.000853,3.4643,3.464451,3.463447,0.00015099999999979,3.4569,0.0276151901245116
"2026-05-21T18:14:59.727Z","run_bootstrap",163,"http://client2:8000","run","http://client2:8000/run",1,TRUE,200,1108,256,3.54647827148438,"2026-05-21T18:14:56.174095Z","2026-05-21T18:14:59.720573Z",1779387296.1741,1779387299.72057,0.000473,0.000575,0.000619,3.52498,3.52512,3.524361,0.000140000000000029,3.518,0.0284782714843752
"2026-05-21T18:14:59.727Z","run_bootstrap",163,"http://client3:8000","run","http://client3:8000/run",1,TRUE,200,1108,251,3.54135084152222,"2026-05-21T18:14:56.174464Z","2026-05-21T18:14:59.715815Z",1779387296.17446,1779387299.71582,0.000578,0.000668,0.000703,3.521529,3.521644,3.520826,0.000115000000000087,3.5146,0.0267508415222166
"2026-05-21T18:15:03.549Z","run_bootstrap",164,"http://client1:8000","run","http://client1:8000/run",1,TRUE,200,1108,253,3.80288863182068,"2026-05-21T18:14:59.739242Z","2026-05-21T18:15:03.542131Z",1779387299.73924,1779387303.54213,0.000649,0.000754,0.000794,3.787797,3.787914,3.787003,0.000116999999999923,3.7707,0.0321886318206785
"2026-05-21T18:15:03.549Z","run_bootstrap",164,"http://client2:8000","run","http://client2:8000/run",1,TRUE,200,1108,257,3.60168361663818,"2026-05-21T18:14:59.739560Z","2026-05-21T18:15:03.341243Z",1779387299.73956,1779387303.34124,0.000556,0.000648,0.000687,3.581521,3.581674,3.580834,0.00015300000000007,3.5738,0.0278836166381837
"2026-05-21T18:15:03.549Z","run_bootstrap",164,"http://client3:8000","run","http://client3:8000/run",1,TRUE,200,1108,251,3.50355243682861,"2026-05-21T18:14:59.740137Z","2026-05-21T18:15:03.243690Z",1779387299.74014,1779387303.24369,0.000499,0.000551,0.000575,3.482957,3.483104,3.482382,0.000147000000000119,3.4749,0.0286524368286134
"2026-05-21T18:15:07.209Z","run_bootstrap",165,"http://client1:8000","run","http://client1:8000/run",1,TRUE,200,1109,251,3.60322499275208,"2026-05-21T18:15:03.567394Z","2026-05-21T18:15:07.170619Z",1779387303.56739,1779387307.17062,0.000472,0.000553,0.00059,3.580281,3.580411,3.579691,0.000129999999999963,3.5704,0.0328249927520754
"2026-05-21T18:15:07.209Z","run_bootstrap",165,"http://client2:8000","run","http://client2:8000/run",1,TRUE,200,1109,255,3.61767601966858,"2026-05-21T18:15:03.568288Z","2026-05-21T18:15:07.185964Z",1779387303.56829,1779387307.18596,0.000502,0.000599,0.000624,3.597488,3.597675,3.596864,0.000187000000000381,3.5876,0.030076019668579
"2026-05-21T18:15:07.209Z","run_bootstrap",165,"http://client3:8000","run","http://client3:8000/run",1,TRUE,200,1109,252,3.63236331939697,"2026-05-21T18:15:03.568445Z","2026-05-21T18:15:07.200808Z",1779387303.56845,1779387307.20081,0.00058,0.000661,0.000697,3.611924,3.612025,3.611227,0.000100999999999907,3.6035,0.0288633193969727
"2026-05-21T18:15:11.032Z","run_bootstrap",166,"http://client1:8000","run","http://client1:8000/run",1,TRUE,200,1109,251,3.66708779335022,"2026-05-21T18:15:07.224756Z","2026-05-21T18:15:10.891844Z",1779387307.22476,1779387310.89184,0.000682,0.000796,0.000831,3.651984,3.652085,3.651153,0.000100999999999907,3.6448,0.0222877933502197
"2026-05-21T18:15:11.032Z","run_bootstrap",166,"http://client2:8000","run","http://client2:8000/run",1,TRUE,200,1109,255,3.80267310142517,"2026-05-21T18:15:07.225417Z","2026-05-21T18:15:11.028090Z",1779387307.22542,1779387311.02809,0.000552,0.000652,0.000685,3.787897,3.788037,3.787212,0.000140000000000029,3.7811,0.021573101425171
"2026-05-21T18:15:11.032Z","run_bootstrap",166,"http://client3:8000","run","http://client3:8000/run",1,TRUE,200,1109,252,3.5207347869873,"2026-05-21T18:15:07.225840Z","2026-05-21T18:15:10.746575Z",1779387307.22584,1779387310.74658,0.000696,0.000814,0.000855,3.506055,3.50622,3.5052,0.000164999999999971,3.4991,0.0216347869873048
"2026-05-21T18:15:14.710Z","run_bootstrap",167,"http://client1:8000","run","http://client1:8000/run",1,TRUE,200,1108,250,3.65885806083679,"2026-05-21T18:15:11.047021Z","2026-05-21T18:15:14.705879Z",1779387311.04702,1779387314.70588,0.000629,0.000734,0.000769,3.64549,3.645628,3.644721,0.000137999999999749,3.637,0.021858060836792
"2026-05-21T18:15:14.710Z","run_bootstrap",167,"http://client2:8000","run","http://client2:8000/run",1,TRUE,200,1108,256,3.59654879570007,"2026-05-21T18:15:11.048840Z","2026-05-21T18:15:14.645389Z",1779387311.04884,1779387314.64539,0.000603,0.000693,0.000728,3.581865,3.582011,3.581137,0.000145999999999979,3.575,0.0215487957000731
"2026-05-21T18:15:14.710Z","run_bootstrap",167,"http://client3:8000","run","http://client3:8000/run",1,TRUE,200,1108,251,3.63148498535156,"2026-05-21T18:15:11.049302Z","2026-05-21T18:15:14.680787Z",1779387311.0493,1779387314.68079,0.000629,0.000718,0.000752,3.617842,3.617994,3.61709,0.00015199999999993,3.6108,0.0206849853515627
"2026-05-21T18:15:18.427Z","run_bootstrap",168,"http://client1:8000","run","http://client1:8000/run",1,TRUE,200,1108,251,3.70002889633179,"2026-05-21T18:15:14.722595Z","2026-05-21T18:15:18.422624Z",1779387314.7226,1779387318.42262,0.000601,0.000707,0.000747,3.68598,3.68613,3.685233,0.000150000000000095,3.6785,0.021528896331787
"2026-05-21T18:15:18.427Z","run_bootstrap",168,"http://client2:8000","run","http://client2:8000/run",1,TRUE,200,1108,257,3.62286901473999,"2026-05-21T18:15:14.724716Z","2026-05-21T18:15:18.347585Z",1779387314.72472,1779387318.34759,0.000784,0.000878,0.000918,3.606582,3.606732,3.605664,0.000150000000000095,3.5992,0.0236690147399901
"2026-05-21T18:15:18.427Z","run_bootstrap",168,"http://client3:8000","run","http://client3:8000/run",1,TRUE,200,1108,251,3.46032285690308,"2026-05-21T18:15:14.724945Z","2026-05-21T18:15:18.185268Z",1779387314.72495,1779387318.18527,0.000613,0.000863,0.000894,3.445987,3.446135,3.445093,0.000147999999999815,3.4378,0.022522856903076
"2026-05-21T18:15:22.246Z","run_bootstrap",169,"http://client1:8000","run","http://client1:8000/run",1,TRUE,200,1109,253,3.67522406578064,"2026-05-21T18:15:18.438610Z","2026-05-21T18:15:22.113834Z",1779387318.43861,1779387322.11383,0.000691,0.000765,0.000822,3.661121,3.661261,3.660299,0.000140000000000029,3.6521,0.0231240657806397
"2026-05-21T18:15:22.246Z","run_bootstrap",169,"http://client2:8000","run","http://client2:8000/run",1,TRUE,200,1109,255,3.80195069313049,"2026-05-21T18:15:18.440009Z","2026-05-21T18:15:22.241960Z",1779387318.44001,1779387322.24196,0.000681,0.00074,0.000762,3.790022,3.790145,3.78926,0.000122999999999873,3.7816,0.0203506931304931
"2026-05-21T18:15:22.246Z","run_bootstrap",169,"http://client3:8000","run","http://client3:8000/run",1,TRUE,200,1109,252,3.62516117095947,"2026-05-21T18:15:18.439286Z","2026-05-21T18:15:22.064447Z",1779387318.43929,1779387322.06445,0.000596,0.00068,0.000704,3.612517,3.612627,3.611813,0.000109999999999832,3.6043,0.0208611709594728
"2026-05-21T18:15:25.961Z","run_bootstrap",170,"http://client1:8000","run","http://client1:8000/run",1,TRUE,200,1109,253,3.69693303108215,"2026-05-21T18:15:22.259660Z","2026-05-21T18:15:25.956593Z",1779387322.25966,1779387325.95659,0.000619,0.000735,0.000773,3.673954,3.674083,3.673181,0.000128999999999824,3.6662,0.0307330310821534
"2026-05-21T18:15:25.961Z","run_bootstrap",170,"http://client2:8000","run","http://client2:8000/run",1,TRUE,200,1109,255,3.52947664260864,"2026-05-21T18:15:22.260424Z","2026-05-21T18:15:25.789901Z",1779387322.26042,1779387325.7899,0.000568,0.000673,0.000711,3.507344,3.507487,3.506633,0.000143000000000004,3.4992,0.0302766426086425
"2026-05-21T18:15:25.961Z","run_bootstrap",170,"http://client3:8000","run","http://client3:8000/run",1,TRUE,200,1109,252,3.55902290344238,"2026-05-21T18:15:22.260818Z","2026-05-21T18:15:25.819841Z",1779387322.26082,1779387325.81984,0.000591,0.00072,0.000758,3.537707,3.537818,3.536949,0.000110999999999972,3.5303,0.0287229034423828
"2026-05-21T18:15:29.715Z","run_bootstrap",171,"http://client1:8000","run","http://client1:8000/run",1,TRUE,200,1109,251,3.61292743682861,"2026-05-21T18:15:25.974311Z","2026-05-21T18:15:29.587238Z",1779387325.97431,1779387329.58724,0.000356,0.000444,0.000466,3.584626,3.584721,3.58416,9.49999999999562e-05,3.577,0.0359274368286133
"2026-05-21T18:15:29.715Z","run_bootstrap",171,"http://client2:8000","run","http://client2:8000/run",1,TRUE,200,1109,257,3.66366028785706,"2026-05-21T18:15:25.974837Z","2026-05-21T18:15:29.638497Z",1779387325.97484,1779387329.6385,0.000572,0.000684,0.000716,3.636603,3.636722,3.635887,0.000118999999999758,3.6291,0.0345602878570554
"2026-05-21T18:15:29.715Z","run_bootstrap",171,"http://client3:8000","run","http://client3:8000/run",1,TRUE,200,1109,250,3.73614382743835,"2026-05-21T18:15:25.975317Z","2026-05-21T18:15:29.711461Z",1779387325.97532,1779387329.71146,0.000599,0.000634,0.000648,3.709582,3.70971,3.708934,0.000127999999999684,3.702,0.0341438274383545
"2026-05-21T18:15:33.568Z","run_bootstrap",172,"http://client1:8000","run","http://client1:8000/run",1,TRUE,200,1109,252,3.64390563964844,"2026-05-21T18:15:29.733589Z","2026-05-21T18:15:33.377495Z",1779387329.73359,1779387333.3775,0.000629,0.000737,0.000775,3.630286,3.630433,3.629511,0.000147000000000119,3.6228,0.0211056396484377
"2026-05-21T18:15:33.568Z","run_bootstrap",172,"http://client2:8000","run","http://client2:8000/run",1,TRUE,200,1109,257,3.54932332038879,"2026-05-21T18:15:29.734061Z","2026-05-21T18:15:33.283385Z",1779387329.73406,1779387333.28339,0.000425,0.000498,0.000543,3.533283,3.533421,3.53274,0.000138000000000194,3.5255,0.0238233203887939
"2026-05-21T18:15:33.568Z","run_bootstrap",172,"http://client3:8000","run","http://client3:8000/run",1,TRUE,200,1109,251,3.83052158355713,"2026-05-21T18:15:29.733302Z","2026-05-21T18:15:33.563823Z",1779387329.7333,1779387333.56382,0.000707,0.000775,0.000796,3.817373,3.817471,3.816577,9.79999999999315e-05,3.8101,0.0204215835571291
"2026-05-21T18:15:37.409Z","run_bootstrap",173,"http://client1:8000","run","http://client1:8000/run",1,TRUE,200,1108,253,3.66876173019409,"2026-05-21T18:15:33.580104Z","2026-05-21T18:15:37.248866Z",1779387333.5801,1779387337.24887,0.000339,0.000424,0.000452,3.655499,3.655651,3.655047,0.000152000000000374,3.6479,0.0208617301940919
"2026-05-21T18:15:37.409Z","run_bootstrap",173,"http://client2:8000","run","http://client2:8000/run",1,TRUE,200,1108,255,3.55151867866516,"2026-05-21T18:15:33.580822Z","2026-05-21T18:15:37.132341Z",1779387333.58082,1779387337.13234,0.00051,0.000602,0.000634,3.532462,3.53262,3.531828,0.00015799999999988,3.5244,0.0271186786651612
"2026-05-21T18:15:37.409Z","run_bootstrap",173,"http://client3:8000","run","http://client3:8000/run",1,TRUE,200,1108,250,3.82474541664124,"2026-05-21T18:15:33.580196Z","2026-05-21T18:15:37.404941Z",1779387333.5802,1779387337.40494,6e-04,0.000651,0.000669,3.81151,3.81166,3.810841,0.00014999999999965,3.8045,0.0202454166412354
"2026-05-21T18:15:41.269Z","run_bootstrap",174,"http://client1:8000","run","http://client1:8000/run",1,TRUE,200,1108,253,3.84251809120178,"2026-05-21T18:15:37.422278Z","2026-05-21T18:15:41.264796Z",1779387337.42228,1779387341.2648,0.000598,0.000703,0.000738,3.826702,3.826855,3.825964,0.00015300000000007,3.8185,0.0240180912017824
"2026-05-21T18:15:41.269Z","run_bootstrap",174,"http://client2:8000","run","http://client2:8000/run",1,TRUE,200,1108,255,3.81082034111023,"2026-05-21T18:15:37.422859Z","2026-05-21T18:15:41.233680Z",1779387337.42286,1779387341.23368,0.000529,0.000617,0.000656,3.795262,3.7954,3.794606,0.000137999999999749,3.7869,0.0239203411102293
"2026-05-21T18:15:41.269Z","run_bootstrap",174,"http://client3:8000","run","http://client3:8000/run",1,TRUE,200,1108,250,3.5311861038208,"2026-05-21T18:15:37.423410Z","2026-05-21T18:15:40.954596Z",1779387337.42341,1779387340.9546,0.000473,0.000568,0.000589,3.514354,3.514517,3.513765,0.000163000000000135,3.5059,0.0252861038208008
"2026-05-21T18:15:45.166Z","run_bootstrap",175,"http://client1:8000","run","http://client1:8000/run",1,TRUE,200,1109,253,3.62604284286499,"2026-05-21T18:15:41.281926Z","2026-05-21T18:15:44.907969Z",1779387341.28193,1779387344.90797,0.000562,0.000639,0.000669,3.608428,3.608552,3.607759,0.000124000000000013,3.5984,0.0276428428649904
"2026-05-21T18:15:45.166Z","run_bootstrap",175,"http://client2:8000","run","http://client2:8000/run",1,TRUE,200,1109,255,3.87913107872009,"2026-05-21T18:15:41.282571Z","2026-05-21T18:15:45.161702Z",1779387341.28257,1779387345.1617,0.000412,0.000484,0.000505,3.865401,3.865532,3.864896,0.000131000000000103,3.8586,0.0205310787200927
"2026-05-21T18:15:45.166Z","run_bootstrap",175,"http://client3:8000","run","http://client3:8000/run",1,TRUE,200,1109,252,3.58176064491272,"2026-05-21T18:15:41.281744Z","2026-05-21T18:15:44.863504Z",1779387341.28174,1779387344.8635,0.000459,0.00052,0.000542,3.566535,3.56664,3.565993,0.000105000000000022,3.5594,0.0223606449127196
"2026-05-21T18:15:49.095Z","run_bootstrap",176,"http://client1:8000","run","http://client1:8000/run",1,TRUE,200,1109,253,3.8209593296051,"2026-05-21T18:15:45.180028Z","2026-05-21T18:15:49.000988Z",1779387345.18003,1779387349.00099,0.000651,0.000762,0.000796,3.805538,3.805658,3.804742,0.000120000000000342,3.7832,0.0377593296051026
"2026-05-21T18:15:49.095Z","run_bootstrap",176,"http://client2:8000","run","http://client2:8000/run",1,TRUE,200,1109,255,3.52103495597839,"2026-05-21T18:15:45.180736Z","2026-05-21T18:15:48.701771Z",1779387345.18074,1779387348.70177,0.000334,0.000407,0.000437,3.500138,3.50029,3.499701,0.00015199999999993,3.4834,0.0376349559783935
"2026-05-21T18:15:49.095Z","run_bootstrap",176,"http://client3:8000","run","http://client3:8000/run",1,TRUE,200,1109,252,3.90444898605347,"2026-05-21T18:15:45.181216Z","2026-05-21T18:15:49.085665Z",1779387345.18122,1779387349.08567,0.000565,0.000698,0.000736,3.888545,3.888695,3.887809,0.00014999999999965,3.8813,0.0231489860534668
"2026-05-21T18:15:52.901Z","run_bootstrap",177,"http://client1:8000","run","http://client1:8000/run",1,TRUE,200,1109,253,3.4765625,"2026-05-21T18:15:49.109713Z","2026-05-21T18:15:52.586275Z",1779387349.10971,1779387352.58628,0.000588,0.000698,0.000739,3.462794,3.4629,3.462055,0.000105999999999717,3.4521,0.0244624999999998
"2026-05-21T18:15:52.901Z","run_bootstrap",177,"http://client2:8000","run","http://client2:8000/run",1,TRUE,200,1109,255,3.66490054130554,"2026-05-21T18:15:49.110641Z","2026-05-21T18:15:52.775542Z",1779387349.11064,1779387352.77554,0.000747,0.000874,0.000915,3.651718,3.651862,3.650803,0.000144000000000144,3.6435,0.021400541305542
"2026-05-21T18:15:52.901Z","run_bootstrap",177,"http://client3:8000","run","http://client3:8000/run",1,TRUE,200,1109,252,3.78456592559814,"2026-05-21T18:15:49.112410Z","2026-05-21T18:15:52.896976Z",1779387349.11241,1779387352.89698,0.000749,0.00084,0.000876,3.771499,3.77163,3.770623,0.000131000000000103,3.7617,0.0228659255981447
"2026-05-21T18:15:56.735Z","run_bootstrap",178,"http://client1:8000","run","http://client1:8000/run",1,TRUE,200,1109,253,3.81576299667358,"2026-05-21T18:15:52.914562Z","2026-05-21T18:15:56.730325Z",1779387352.91456,1779387356.73033,0.000467,0.000544,0.000566,3.802702,3.802742,3.802136,3.9999999999818e-05,3.7952,0.0205629966735841
"2026-05-21T18:15:56.735Z","run_bootstrap",178,"http://client2:8000","run","http://client2:8000/run",1,TRUE,200,1109,255,3.78735876083374,"2026-05-21T18:15:52.915554Z","2026-05-21T18:15:56.702913Z",1779387352.91555,1779387356.70291,0.000548,0.000627,0.000663,3.774402,3.774547,3.773739,0.000145000000000284,3.7657,0.0216587608337404
"2026-05-21T18:15:56.735Z","run_bootstrap",178,"http://client3:8000","run","http://client3:8000/run",1,TRUE,200,1109,250,3.69023275375366,"2026-05-21T18:15:52.915341Z","2026-05-21T18:15:56.605573Z",1779387352.91534,1779387356.60557,0.000673,0.000756,0.000786,3.677731,3.677875,3.676945,0.0001439999999997,3.67,0.0202327537536622
"2026-05-21T18:16:00.775Z","run_bootstrap",179,"http://client1:8000","run","http://client1:8000/run",1,TRUE,200,1108,253,4.02218532562256,"2026-05-21T18:15:56.745800Z","2026-05-21T18:16:00.767986Z",1779387356.7458,1779387360.76799,0.000658,0.000777,0.000814,4.00806,4.008204,4.007246,0.0001439999999997,4.0003,0.0218853256225584
"2026-05-21T18:16:00.775Z","run_bootstrap",179,"http://client2:8000","run","http://client2:8000/run",1,TRUE,200,1108,255,3.83503890037537,"2026-05-21T18:15:56.747591Z","2026-05-21T18:16:00.582630Z",1779387356.74759,1779387360.58263,0.000541,0.00066,0.000712,3.813794,3.813929,3.813082,0.000134999999999774,3.8055,0.0295389003753663
"2026-05-21T18:16:00.775Z","run_bootstrap",179,"http://client3:8000","run","http://client3:8000/run",1,TRUE,200,1108,252,3.69608998298645,"2026-05-21T18:15:56.748009Z","2026-05-21T18:16:00.444099Z",1779387356.74801,1779387360.4441,0.000686,0.000778,0.000811,3.679701,3.679848,3.67889,0.000146999999999675,3.6713,0.0247899829864502
"2026-05-21T18:16:04.819Z","run_bootstrap",180,"http://client1:8000","run","http://client1:8000/run",1,TRUE,200,1108,253,3.95267271995544,"2026-05-21T18:16:00.789229Z","2026-05-21T18:16:04.741902Z",1779387360.78923,1779387364.7419,0.000638,0.000723,0.000757,3.930488,3.930615,3.929731,0.000126999999999988,3.7764,0.176272719955444
"2026-05-21T18:16:04.819Z","run_bootstrap",180,"http://client2:8000","run","http://client2:8000/run",1,TRUE,200,1108,255,4.02507591247559,"2026-05-21T18:16:00.789436Z","2026-05-21T18:16:04.814512Z",1779387360.78944,1779387364.81451,0.000488,6e-04,0.000637,4.003837,4.003965,4.0032,0.000128000000000128,3.8378,0.187275912475586
"2026-05-21T18:16:04.819Z","run_bootstrap",180,"http://client3:8000","run","http://client3:8000/run",1,TRUE,200,1108,252,3.99514269828796,"2026-05-21T18:16:00.790020Z","2026-05-21T18:16:04.785163Z",1779387360.79002,1779387364.78516,0.000481,0.000591,0.000638,3.973685,3.973842,3.973047,0.000156999999999741,3.8068,0.188342698287964
"2026-05-21T18:16:08.465Z","run_bootstrap",181,"http://client1:8000","run","http://client1:8000/run",1,TRUE,200,1108,252,3.62831687927246,"2026-05-21T18:16:04.832631Z","2026-05-21T18:16:08.460948Z",1779387364.83263,1779387368.46095,0.000569,0.000681,0.000719,3.612121,3.612424,3.611402,0.00030299999999972,3.605,0.023316879272461
"2026-05-21T18:16:08.465Z","run_bootstrap",181,"http://client2:8000","run","http://client2:8000/run",1,TRUE,200,1108,255,3.52726554870605,"2026-05-21T18:16:04.832250Z","2026-05-21T18:16:08.359515Z",1779387364.83225,1779387368.35952,0.000656,0.00076,0.000795,3.512167,3.512327,3.511372,0.00016000000000016,3.5057,0.0215655487060546
"2026-05-21T18:16:08.465Z","run_bootstrap",181,"http://client3:8000","run","http://client3:8000/run",1,TRUE,200,1108,252,3.44307065010071,"2026-05-21T18:16:04.834017Z","2026-05-21T18:16:08.277087Z",1779387364.83402,1779387368.27709,0.000567,0.000692,0.000756,3.428021,3.428158,3.427265,0.00013699999999961,3.4214,0.0216706501007078
"2026-05-21T18:16:12.217Z","run_bootstrap",182,"http://client1:8000","run","http://client1:8000/run",1,TRUE,200,1108,253,3.73501586914062,"2026-05-21T18:16:08.478662Z","2026-05-21T18:16:12.213678Z",1779387368.47866,1779387372.21368,0.000776,0.000892,0.00093,3.713606,3.713682,3.712676,7.5999999999965e-05,3.7062,0.0288158691406251
"2026-05-21T18:16:12.217Z","run_bootstrap",182,"http://client2:8000","run","http://client2:8000/run",1,TRUE,200,1108,255,3.41065526008606,"2026-05-21T18:16:08.479699Z","2026-05-21T18:16:11.890354Z",1779387368.4797,1779387371.89035,0.000553,0.000641,0.000675,3.388967,3.389009,3.388292,4.20000000000975e-05,3.3822,0.0284552600860595
"2026-05-21T18:16:12.217Z","run_bootstrap",182,"http://client3:8000","run","http://client3:8000/run",1,TRUE,200,1108,252,3.44932818412781,"2026-05-21T18:16:08.480115Z","2026-05-21T18:16:11.929443Z",1779387368.48012,1779387371.92944,0.000372,0.000459,0.000493,3.427639,3.427681,3.427146,4.20000000000975e-05,3.4207,0.0286281841278075
"2026-05-21T18:16:15.917Z","run_bootstrap",183,"http://client1:8000","run","http://client1:8000/run",1,TRUE,200,1108,253,3.48703503608704,"2026-05-21T18:16:12.232442Z","2026-05-21T18:16:15.719477Z",1779387372.23244,1779387375.71948,0.000603,0.000715,0.000754,3.466219,3.466355,3.465465,0.000135999999999914,3.4588,0.028235036087036
"2026-05-21T18:16:15.917Z","run_bootstrap",183,"http://client2:8000","run","http://client2:8000/run",1,TRUE,200,1108,255,3.49123287200928,"2026-05-21T18:16:12.233132Z","2026-05-21T18:16:15.724365Z",1779387372.23313,1779387375.72437,0.000583,0.000679,0.000716,3.470657,3.470763,3.469941,0.000105999999999717,3.4637,0.0275328720092776
"2026-05-21T18:16:15.917Z","run_bootstrap",183,"http://client3:8000","run","http://client3:8000/run",1,TRUE,200,1108,251,3.67646622657776,"2026-05-21T18:16:12.233623Z","2026-05-21T18:16:15.910090Z",1779387372.23362,1779387375.91009,0.000602,0.000711,0.000746,3.660469,3.660592,3.659723,0.000122999999999873,3.653,0.0234662265777588
"2026-05-21T18:16:19.663Z","run_bootstrap",184,"http://client1:8000","run","http://client1:8000/run",1,TRUE,200,1108,253,3.72564935684204,"2026-05-21T18:16:15.931076Z","2026-05-21T18:16:19.656725Z",1779387375.93108,1779387379.65673,0.000413,0.000509,0.00053,3.712007,3.712147,3.711477,0.000140000000000029,3.7048,0.0208493568420409
"2026-05-21T18:16:19.663Z","run_bootstrap",184,"http://client2:8000","run","http://client2:8000/run",1,TRUE,200,1108,255,3.71986556053162,"2026-05-21T18:16:15.931501Z","2026-05-21T18:16:19.651366Z",1779387375.9315,1779387379.65137,0.000606,0.00066,0.000683,3.707014,3.707152,3.706331,0.000137999999999749,3.7001,0.0197655605316163
"2026-05-21T18:16:19.663Z","run_bootstrap",184,"http://client3:8000","run","http://client3:8000/run",1,TRUE,200,1108,252,3.42481231689453,"2026-05-21T18:16:15.930783Z","2026-05-21T18:16:19.355596Z",1779387375.93078,1779387379.3556,0.000647,0.000717,0.000862,3.411009,3.411136,3.410147,0.000126999999999988,3.4036,0.0212123168945313
"2026-05-21T18:16:23.236Z","run_bootstrap",185,"http://client1:8000","run","http://client1:8000/run",1,TRUE,200,1109,253,3.53935575485229,"2026-05-21T18:16:19.676185Z","2026-05-21T18:16:23.215541Z",1779387379.67619,1779387383.21554,0.000769,0.000836,0.000858,3.525076,3.525155,3.524218,7.89999999999402e-05,3.5178,0.0215557548522951
"2026-05-21T18:16:23.236Z","run_bootstrap",185,"http://client2:8000","run","http://client2:8000/run",1,TRUE,200,1109,255,3.55370330810547,"2026-05-21T18:16:19.677033Z","2026-05-21T18:16:23.230736Z",1779387379.67703,1779387383.23074,0.000441,0.000544,0.00058,3.539358,3.539465,3.538778,0.000106999999999857,3.5325,0.0212033081054686
"2026-05-21T18:16:23.236Z","run_bootstrap",185,"http://client3:8000","run","http://client3:8000/run",1,TRUE,200,1109,252,3.53179240226746,"2026-05-21T18:16:19.677507Z","2026-05-21T18:16:23.209300Z",1779387379.67751,1779387383.2093,0.000417,0.000496,0.000527,3.511232,3.511386,3.510705,0.000153999999999765,3.5042,0.0275924022674561
"2026-05-21T18:16:27.030Z","run_bootstrap",186,"http://client1:8000","run","http://client1:8000/run",1,TRUE,200,1109,253,3.77642440795898,"2026-05-21T18:16:23.249215Z","2026-05-21T18:16:27.025640Z",1779387383.24922,1779387387.02564,0.000348,0.000425,0.000451,3.762282,3.762398,3.761831,0.000116000000000227,3.7541,0.0223244079589842
"2026-05-21T18:16:27.030Z","run_bootstrap",186,"http://client2:8000","run","http://client2:8000/run",1,TRUE,200,1109,255,3.50924015045166,"2026-05-21T18:16:23.249799Z","2026-05-21T18:16:26.759039Z",1779387383.2498,1779387386.75904,0.000604,0.000677,0.000711,3.492749,3.492889,3.492038,0.000140000000000029,3.4858,0.0234401504516604
"2026-05-21T18:16:27.030Z","run_bootstrap",186,"http://client3:8000","run","http://client3:8000/run",1,TRUE,200,1109,252,3.33509254455566,"2026-05-21T18:16:23.249113Z","2026-05-21T18:16:26.584206Z",1779387383.24911,1779387386.58421,0.000517,0.000571,0.000589,3.319991,3.320137,3.319402,0.000145999999999979,3.3096,0.025492544555664
"2026-05-21T18:16:30.709Z","run_bootstrap",187,"http://client1:8000","run","http://client1:8000/run",1,TRUE,200,1107,253,3.60596823692322,"2026-05-21T18:16:27.042063Z","2026-05-21T18:16:30.648031Z",1779387387.04206,1779387390.64803,0.000672,0.000778,0.000812,3.591474,3.591518,3.590662,4.40000000003771e-05,3.5837,0.0222682369232179
"2026-05-21T18:16:30.709Z","run_bootstrap",187,"http://client2:8000","run","http://client2:8000/run",1,TRUE,200,1107,255,3.66149711608887,"2026-05-21T18:16:27.043827Z","2026-05-21T18:16:30.705324Z",1779387387.04383,1779387390.70532,0.000751,0.000942,0.001,3.648385,3.648431,3.647385,4.59999999997684e-05,3.6406,0.0208971160888671
"2026-05-21T18:16:30.709Z","run_bootstrap",187,"http://client3:8000","run","http://client3:8000/run",1,TRUE,200,1107,252,3.55970907211304,"2026-05-21T18:16:27.044266Z","2026-05-21T18:16:30.603975Z",1779387387.04427,1779387390.60398,0.000555,0.000642,0.000672,3.544672,3.544715,3.544,4.30000000002373e-05,3.5374,0.0223090721130372
"2026-05-21T18:16:34.556Z","run_bootstrap",188,"http://client1:8000","run","http://client1:8000/run",1,TRUE,200,1107,253,3.44736003875732,"2026-05-21T18:16:30.727962Z","2026-05-21T18:16:34.175322Z",1779387390.72796,1779387394.17532,0.000476,0.000554,0.000589,3.431414,3.431564,3.430825,0.00014999999999965,3.4204,0.0269600387573243
"2026-05-21T18:16:34.556Z","run_bootstrap",188,"http://client2:8000","run","http://client2:8000/run",1,TRUE,200,1107,255,3.64379167556763,"2026-05-21T18:16:30.728463Z","2026-05-21T18:16:34.372255Z",1779387390.72846,1779387394.37226,0.000758,0.000846,0.000881,3.631055,3.631183,3.630174,0.000128000000000128,3.6239,0.0198916755676271
"2026-05-21T18:16:34.556Z","run_bootstrap",188,"http://client3:8000","run","http://client3:8000/run",1,TRUE,200,1107,252,3.82034945487976,"2026-05-21T18:16:30.728990Z","2026-05-21T18:16:34.549340Z",1779387390.72899,1779387394.54934,0.000578,0.000681,0.000719,3.804172,3.804306,3.803453,0.000134000000000079,3.7963,0.0240494548797607
"2026-05-21T18:16:38.418Z","run_bootstrap",189,"http://client1:8000","run","http://client1:8000/run",1,TRUE,200,1109,253,3.59774804115295,"2026-05-21T18:16:34.569483Z","2026-05-21T18:16:38.167231Z",1779387394.56948,1779387398.16723,0.000648,0.000759,0.000795,3.575653,3.575756,3.574858,0.000103000000000186,3.5677,0.0300480411529542
"2026-05-21T18:16:38.418Z","run_bootstrap",189,"http://client2:8000","run","http://client2:8000/run",1,TRUE,200,1109,255,3.84434747695923,"2026-05-21T18:16:34.569778Z","2026-05-21T18:16:38.414126Z",1779387394.56978,1779387398.41413,0.000624,0.00069,0.000714,3.823371,3.823504,3.822657,0.000132999999999939,3.8166,0.0277474769592283
"2026-05-21T18:16:38.418Z","run_bootstrap",189,"http://client3:8000","run","http://client3:8000/run",1,TRUE,200,1109,252,3.84073758125305,"2026-05-21T18:16:34.570333Z","2026-05-21T18:16:38.411070Z",1779387394.57033,1779387398.41107,0.000458,0.000549,0.000585,3.819325,3.819454,3.81874,0.000128999999999824,3.8125,0.0282375812530518
"2026-05-21T18:16:42.113Z","run_bootstrap",190,"http://client1:8000","run","http://client1:8000/run",1,TRUE,200,1109,253,3.66296601295471,"2026-05-21T18:16:38.429580Z","2026-05-21T18:16:42.092546Z",1779387398.42958,1779387402.09255,0.000834,0.000961,0.000998,3.648921,3.64908,3.647923,0.00015900000000002,3.6414,0.0215660129547119
"2026-05-21T18:16:42.113Z","run_bootstrap",190,"http://client2:8000","run","http://client2:8000/run",1,TRUE,200,1109,255,3.67803716659546,"2026-05-21T18:16:38.431274Z","2026-05-21T18:16:42.109312Z",1779387398.43127,1779387402.10931,0.000615,0.000669,0.000688,3.665721,3.665849,3.665033,0.000128000000000128,3.6589,0.0191371665954589
"2026-05-21T18:16:42.113Z","run_bootstrap",190,"http://client3:8000","run","http://client3:8000/run",1,TRUE,200,1109,252,3.5861349105835,"2026-05-21T18:16:38.430845Z","2026-05-21T18:16:42.016980Z",1779387398.43085,1779387402.01698,0.000568,0.000632,0.000653,3.572435,3.572568,3.571782,0.000132999999999939,3.5656,0.0205349105834962
"2026-05-21T18:16:46.024Z","run_bootstrap",191,"http://client1:8000","run","http://client1:8000/run",1,TRUE,200,1108,253,3.62857222557068,"2026-05-21T18:16:42.124694Z","2026-05-21T18:16:45.753266Z",1779387402.12469,1779387405.75327,0.000764,0.000859,0.000895,3.613616,3.613762,3.612721,0.000145999999999979,3.6059,0.0226722255706786
"2026-05-21T18:16:46.024Z","run_bootstrap",191,"http://client2:8000","run","http://client2:8000/run",1,TRUE,200,1108,255,3.75675368309021,"2026-05-21T18:16:42.125603Z","2026-05-21T18:16:45.882357Z",1779387402.1256,1779387405.88236,0.000769,0.000878,0.000918,3.742803,3.742936,3.741885,0.000132999999999939,3.7346,0.02215368309021
"2026-05-21T18:16:46.024Z","run_bootstrap",191,"http://client3:8000","run","http://client3:8000/run",1,TRUE,200,1108,252,3.88877010345459,"2026-05-21T18:16:42.127282Z","2026-05-21T18:16:46.016052Z",1779387402.12728,1779387406.01605,0.00054,0.000619,0.000651,3.871355,3.871494,3.870704,0.000139000000000333,3.8642,0.02457010345459
"2026-05-21T18:16:49.782Z","run_bootstrap",192,"http://client1:8000","run","http://client1:8000/run",1,TRUE,200,1108,253,3.73422002792358,"2026-05-21T18:16:46.043195Z","2026-05-21T18:16:49.777415Z",1779387406.0432,1779387409.77742,0.000773,0.000893,0.00093,3.719828,3.719933,3.718898,0.000105000000000022,3.7096,0.024620027923584
"2026-05-21T18:16:49.782Z","run_bootstrap",192,"http://client2:8000","run","http://client2:8000/run",1,TRUE,200,1108,255,3.55438446998596,"2026-05-21T18:16:46.045650Z","2026-05-21T18:16:49.600034Z",1779387406.04565,1779387409.60003,0.000611,0.000686,0.000729,3.531695,3.531835,3.530966,0.000140000000000029,3.5233,0.031084469985962
"2026-05-21T18:16:49.782Z","run_bootstrap",192,"http://client3:8000","run","http://client3:8000/run",1,TRUE,200,1108,252,3.61210083961487,"2026-05-21T18:16:46.045914Z","2026-05-21T18:16:49.658015Z",1779387406.04591,1779387409.65802,0.000406,0.000495,0.000519,3.589713,3.589864,3.589194,0.00015099999999979,3.5814,0.0307008396148682
"2026-05-21T18:16:53.670Z","run_bootstrap",193,"http://client1:8000","run","http://client1:8000/run",1,TRUE,200,1109,253,3.65689015388489,"2026-05-21T18:16:49.794677Z","2026-05-21T18:16:53.451568Z",1779387409.79468,1779387413.45157,0.000648,0.000911,0.000998,3.637601,3.637635,3.636603,3.39999999998675e-05,3.6297,0.0271901538848875
"2026-05-21T18:16:53.670Z","run_bootstrap",193,"http://client2:8000","run","http://client2:8000/run",1,TRUE,200,1109,254,3.6293568611145,"2026-05-21T18:16:49.795605Z","2026-05-21T18:16:53.424962Z",1779387409.79561,1779387413.42496,0.000666,0.000735,0.000755,3.606727,3.606759,3.605972,3.2000000000032e-05,3.599,0.0303568611145018
"2026-05-21T18:16:53.670Z","run_bootstrap",193,"http://client3:8000","run","http://client3:8000/run",1,TRUE,200,1109,252,3.87003564834595,"2026-05-21T18:16:49.796067Z","2026-05-21T18:16:53.666102Z",1779387409.79607,1779387413.6661,0.000587,0.000674,0.000708,3.848542,3.84858,3.847834,3.79999999999825e-05,3.8403,0.0297356483459472
"2026-05-21T18:16:57.535Z","run_bootstrap",194,"http://client1:8000","run","http://client1:8000/run",1,TRUE,200,1109,252,3.70235514640808,"2026-05-21T18:16:53.685410Z","2026-05-21T18:16:57.387765Z",1779387413.68541,1779387417.38777,0.000609,0.000694,0.00073,3.68059,3.680741,3.67986,0.00015099999999979,3.671,0.0313551464080812
"2026-05-21T18:16:57.535Z","run_bootstrap",194,"http://client2:8000","run","http://client2:8000/run",1,TRUE,200,1109,255,3.84221172332764,"2026-05-21T18:16:53.686209Z","2026-05-21T18:16:57.528421Z",1779387413.68621,1779387417.52842,0.000333,0.000409,0.000445,3.821144,3.821288,3.820699,0.000144000000000144,3.8134,0.0288117233276366
"2026-05-21T18:16:57.535Z","run_bootstrap",194,"http://client3:8000","run","http://client3:8000/run",1,TRUE,200,1109,252,3.72782707214355,"2026-05-21T18:16:53.686763Z","2026-05-21T18:16:57.414590Z",1779387413.68676,1779387417.41459,0.00066,0.000759,0.000796,3.708273,3.70841,3.707477,0.000137000000000054,3.6988,0.0290270721435548
"2026-05-21T18:17:01.438Z","run_bootstrap",195,"http://client1:8000","run","http://client1:8000/run",1,TRUE,200,1108,253,3.76593041419983,"2026-05-21T18:16:57.552744Z","2026-05-21T18:17:01.318675Z",1779387417.55274,1779387421.31868,0.000545,0.00064,0.000676,3.744765,3.744897,3.744089,0.000131999999999799,3.7374,0.028530414199829
"2026-05-21T18:17:01.438Z","run_bootstrap",195,"http://client2:8000","run","http://client2:8000/run",1,TRUE,200,1108,255,3.58148980140686,"2026-05-21T18:16:57.552279Z","2026-05-21T18:17:01.133769Z",1779387417.55228,1779387421.13377,7e-04,0.000806,0.000838,3.567542,3.567687,3.566704,0.00014499999999984,3.5604,0.0210898014068603
"2026-05-21T18:17:01.438Z","run_bootstrap",195,"http://client3:8000","run","http://client3:8000/run",1,TRUE,200,1108,252,3.87989139556885,"2026-05-21T18:16:57.553775Z","2026-05-21T18:17:01.433667Z",1779387417.55378,1779387421.43367,0.000699,0.000819,0.000856,3.861954,3.862073,3.861098,0.000119000000000202,3.8538,0.0260913955688475
"2026-05-21T18:17:05.270Z","run_bootstrap",196,"http://client1:8000","run","http://client1:8000/run",1,TRUE,200,1108,252,3.65002655982971,"2026-05-21T18:17:01.450567Z","2026-05-21T18:17:05.100594Z",1779387421.45057,1779387425.10059,0.000631,0.000714,0.000749,3.630411,3.630569,3.629662,0.00015799999999988,3.623,0.0270265598297117
"2026-05-21T18:17:05.270Z","run_bootstrap",196,"http://client2:8000","run","http://client2:8000/run",1,TRUE,200,1108,255,3.81571769714355,"2026-05-21T18:17:01.450355Z","2026-05-21T18:17:05.266073Z",1779387421.45036,1779387425.26607,0.000685,0.000783,0.000817,3.80163,3.801766,3.800813,0.000136000000000358,3.7934,0.0223176971435546
"2026-05-21T18:17:05.270Z","run_bootstrap",196,"http://client3:8000","run","http://client3:8000/run",1,TRUE,200,1108,252,3.61684274673462,"2026-05-21T18:17:01.450626Z","2026-05-21T18:17:05.067469Z",1779387421.45063,1779387425.06747,0.000582,0.00069,0.00073,3.603048,3.603183,3.602318,0.000135000000000218,3.5957,0.0211427467346192
"2026-05-21T18:17:09.147Z","run_bootstrap",197,"http://client1:8000","run","http://client1:8000/run",1,TRUE,200,1109,253,3.69029355049133,"2026-05-21T18:17:05.282981Z","2026-05-21T18:17:08.973274Z",1779387425.28298,1779387428.97327,5e-04,0.000619,0.000659,3.66613,3.666279,3.665471,0.000148999999999955,3.6585,0.0317935504913329
"2026-05-21T18:17:09.147Z","run_bootstrap",197,"http://client2:8000","run","http://client2:8000/run",1,TRUE,200,1109,255,3.60736393928528,"2026-05-21T18:17:05.283690Z","2026-05-21T18:17:08.891054Z",1779387425.28369,1779387428.89105,0.000665,0.000773,0.000809,3.586107,3.586244,3.585298,0.000137000000000054,3.5741,0.0332639392852783
"2026-05-21T18:17:09.147Z","run_bootstrap",197,"http://client3:8000","run","http://client3:8000/run",1,TRUE,200,1109,252,3.85549211502075,"2026-05-21T18:17:05.284210Z","2026-05-21T18:17:09.139703Z",1779387425.28421,1779387429.1397,0.000693,0.000763,8e-04,3.832771,3.832855,3.831971,8.39999999997509e-05,3.8246,0.0308921150207517
"2026-05-21T18:17:13.005Z","run_bootstrap",198,"http://client1:8000","run","http://client1:8000/run",1,TRUE,200,1109,253,3.49869728088379,"2026-05-21T18:17:09.159488Z","2026-05-21T18:17:12.658185Z",1779387429.15949,1779387432.65819,0.000754,0.000839,0.000861,3.483992,3.484081,3.483131,8.90000000000057e-05,3.4749,0.0237972808837892
"2026-05-21T18:17:13.005Z","run_bootstrap",198,"http://client2:8000","run","http://client2:8000/run",1,TRUE,200,1109,255,3.68041253089905,"2026-05-21T18:17:09.160651Z","2026-05-21T18:17:12.841063Z",1779387429.16065,1779387432.84106,0.000507,0.00058,0.000614,3.666239,3.66637,3.665625,0.000131000000000103,3.6534,0.0270125308990479
"2026-05-21T18:17:13.005Z","run_bootstrap",198,"http://client3:8000","run","http://client3:8000/run",1,TRUE,200,1109,252,3.83759188652039,"2026-05-21T18:17:09.160760Z","2026-05-21T18:17:12.998352Z",1779387429.16076,1779387432.99835,0.000459,0.000543,0.000578,3.823553,3.823729,3.822975,0.000176000000000176,3.8107,0.0268918865203855
"2026-05-21T18:17:16.899Z","run_bootstrap",199,"http://client1:8000","run","http://client1:8000/run",1,TRUE,200,1109,253,3.86170935630798,"2026-05-21T18:17:13.032228Z","2026-05-21T18:17:16.893937Z",1779387433.03223,1779387436.89394,0.00064,0.000725,0.000756,3.845062,3.845177,3.844306,0.000115000000000087,3.8362,0.0255093563079836
"2026-05-21T18:17:16.899Z","run_bootstrap",199,"http://client2:8000","run","http://client2:8000/run",1,TRUE,200,1109,255,3.78355765342712,"2026-05-21T18:17:13.032228Z","2026-05-21T18:17:16.815785Z",1779387433.03223,1779387436.81579,0.000376,0.000482,0.000511,3.766718,3.766848,3.766207,0.000129999999999963,3.7453,0.0382576534271242
"2026-05-21T18:17:16.899Z","run_bootstrap",199,"http://client3:8000","run","http://client3:8000/run",1,TRUE,200,1109,251,3.71789240837097,"2026-05-21T18:17:13.032249Z","2026-05-21T18:17:16.750142Z",1779387433.03225,1779387436.75014,0.000765,0.000835,0.000869,3.701281,3.701401,3.700412,0.000120000000000342,3.679,0.0388924083709719
"2026-05-21T18:17:20.961Z","run_bootstrap",200,"http://client1:8000","run","http://client1:8000/run",1,TRUE,200,1109,253,3.9910774230957,"2026-05-21T18:17:16.913961Z","2026-05-21T18:17:20.905038Z",1779387436.91396,1779387440.90504,0.000712,0.000799,0.000821,3.977689,3.977773,3.976868,8.4000000000195e-05,3.7984,0.192677423095703
"2026-05-21T18:17:20.961Z","run_bootstrap",200,"http://client2:8000","run","http://client2:8000/run",1,TRUE,200,1109,255,3.99010753631592,"2026-05-21T18:17:16.915724Z","2026-05-21T18:17:20.905831Z",1779387436.91572,1779387440.90583,0.00063,0.00071,0.000741,3.976182,3.976347,3.975441,0.000164999999999971,3.8014,0.188707536315918
"2026-05-21T18:17:20.961Z","run_bootstrap",200,"http://client3:8000","run","http://client3:8000/run",1,TRUE,200,1109,250,4.04061484336853,"2026-05-21T18:17:16.916258Z","2026-05-21T18:17:20.956873Z",1779387436.91626,1779387440.95687,0.000493,0.000579,0.00061,4.024791,4.024936,4.024181,0.000145000000000728,3.85,0.19061484336853
"2026-05-21T18:17:24.535Z","run_bootstrap",201,"http://client1:8000","run","http://client1:8000/run",1,TRUE,200,1108,253,3.52938103675842,"2026-05-21T18:17:20.973232Z","2026-05-21T18:17:24.502613Z",1779387440.97323,1779387444.50261,0.000606,0.000713,0.000747,3.516556,3.516685,3.515809,0.000128999999999824,3.5097,0.0196810367584228
"2026-05-21T18:17:24.535Z","run_bootstrap",201,"http://client2:8000","run","http://client2:8000/run",1,TRUE,200,1108,255,3.55599617958069,"2026-05-21T18:17:20.972719Z","2026-05-21T18:17:24.528716Z",1779387440.97272,1779387444.52872,0.000737,0.000835,0.000869,3.542035,3.542162,3.541166,0.000126999999999988,3.5351,0.0208961795806886
"2026-05-21T18:17:24.535Z","run_bootstrap",201,"http://client3:8000","run","http://client3:8000/run",1,TRUE,200,1108,252,3.53336095809937,"2026-05-21T18:17:20.974555Z","2026-05-21T18:17:24.507916Z",1779387440.97456,1779387444.50792,0.00054,0.000616,0.000648,3.5209,3.521042,3.520252,0.000141999999999864,3.5145,0.0188609580993653
"2026-05-21T18:17:28.143Z","run_bootstrap",202,"http://client1:8000","run","http://client1:8000/run",1,TRUE,200,1108,253,3.59010124206543,"2026-05-21T18:17:24.548839Z","2026-05-21T18:17:28.138940Z",1779387444.54884,1779387448.13894,0.000613,0.000719,0.000754,3.574852,3.574985,3.574098,0.000132999999999939,3.5675,0.0226012420654298
"2026-05-21T18:17:28.143Z","run_bootstrap",202,"http://client2:8000","run","http://client2:8000/run",1,TRUE,200,1108,255,3.57712650299072,"2026-05-21T18:17:24.550642Z","2026-05-21T18:17:28.127769Z",1779387444.55064,1779387448.12777,0.000578,0.000697,0.000736,3.562161,3.562269,3.561425,0.000107999999999997,3.5552,0.0219265029907225
"2026-05-21T18:17:28.143Z","run_bootstrap",202,"http://client3:8000","run","http://client3:8000/run",1,TRUE,200,1108,252,3.54656028747559,"2026-05-21T18:17:24.551198Z","2026-05-21T18:17:28.097759Z",1779387444.5512,1779387448.09776,0.000769,0.000885,0.00092,3.530459,3.530606,3.529539,0.000147000000000119,3.5234,0.0231602874755859
"2026-05-21T18:17:31.821Z","run_bootstrap",203,"http://client1:8000","run","http://client1:8000/run",1,TRUE,200,1109,253,3.66088151931763,"2026-05-21T18:17:28.156143Z","2026-05-21T18:17:31.817024Z",1779387448.15614,1779387451.81702,0.000732,0.000835,0.000869,3.64477,3.644898,3.643901,0.000128000000000128,3.6374,0.023481519317627
"2026-05-21T18:17:31.821Z","run_bootstrap",203,"http://client2:8000","run","http://client2:8000/run",1,TRUE,200,1109,254,3.55276703834534,"2026-05-21T18:17:28.156706Z","2026-05-21T18:17:31.709473Z",1779387448.15671,1779387451.70947,0.000889,0.000921,0.000933,3.536203,3.536321,3.53527,0.000118000000000062,3.529,0.023767038345337
"2026-05-21T18:17:31.821Z","run_bootstrap",203,"http://client3:8000","run","http://client3:8000/run",1,TRUE,200,1109,252,3.59276938438416,"2026-05-21T18:17:28.157254Z","2026-05-21T18:17:31.750024Z",1779387448.15725,1779387451.75002,0.000721,0.000809,0.000857,3.575985,3.576118,3.575128,0.000132999999999939,3.5686,0.0241693843841553
"2026-05-21T18:17:35.631Z","run_bootstrap",204,"http://client1:8000","run","http://client1:8000/run",1,TRUE,200,1109,253,3.52363061904907,"2026-05-21T18:17:31.834779Z","2026-05-21T18:17:35.358410Z",1779387451.83478,1779387455.35841,0.000588,0.000669,0.000717,3.504357,3.504391,3.50364,3.39999999998675e-05,3.4938,0.0298306190490725
"2026-05-21T18:17:35.631Z","run_bootstrap",204,"http://client2:8000","run","http://client2:8000/run",1,TRUE,200,1109,255,3.60434103012085,"2026-05-21T18:17:31.834407Z","2026-05-21T18:17:35.438748Z",1779387451.83441,1779387455.43875,0.000521,0.000582,0.000619,3.585335,3.585363,3.584716,2.7999999999917e-05,3.5763,0.0280410301208498
"2026-05-21T18:17:35.631Z","run_bootstrap",204,"http://client3:8000","run","http://client3:8000/run",1,TRUE,200,1109,252,3.79276871681213,"2026-05-21T18:17:31.835066Z","2026-05-21T18:17:35.627835Z",1779387451.83507,1779387455.62784,0.000563,0.000641,0.000664,3.774543,3.774569,3.773879,2.60000000000815e-05,3.7655,0.0272687168121339
"2026-05-21T18:17:39.396Z","run_bootstrap",205,"http://client1:8000","run","http://client1:8000/run",1,TRUE,200,1108,252,3.55889177322388,"2026-05-21T18:17:35.646501Z","2026-05-21T18:17:39.205393Z",1779387455.6465,1779387459.20539,0.000659,0.000766,0.000804,3.544147,3.544291,3.543343,0.0001439999999997,3.536,0.0228917732238769
"2026-05-21T18:17:39.396Z","run_bootstrap",205,"http://client2:8000","run","http://client2:8000/run",1,TRUE,200,1108,255,3.65701484680176,"2026-05-21T18:17:35.647344Z","2026-05-21T18:17:39.304359Z",1779387455.64734,1779387459.30436,0.000426,0.000513,0.000559,3.638427,3.638577,3.637868,0.000150000000000095,3.6312,0.0258148468017576
"2026-05-21T18:17:39.396Z","run_bootstrap",205,"http://client3:8000","run","http://client3:8000/run",1,TRUE,200,1108,250,3.74413585662842,"2026-05-21T18:17:35.647958Z","2026-05-21T18:17:39.392094Z",1779387455.64796,1779387459.39209,0.000701,0.000813,0.000851,3.727562,3.727715,3.726711,0.00015300000000007,3.72,0.0241358566284178
"2026-05-21T18:17:43.190Z","run_bootstrap",206,"http://client1:8000","run","http://client1:8000/run",1,TRUE,200,1108,253,3.5921733379364,"2026-05-21T18:17:39.409266Z","2026-05-21T18:17:43.001439Z",1779387459.40927,1779387463.00144,0.000487,0.000602,0.00064,3.571468,3.571606,3.570828,0.000138000000000194,3.5631,0.0290733379364014
"2026-05-21T18:17:43.190Z","run_bootstrap",206,"http://client2:8000","run","http://client2:8000/run",1,TRUE,200,1108,255,3.48988723754883,"2026-05-21T18:17:39.409948Z","2026-05-21T18:17:42.899835Z",1779387459.40995,1779387462.89984,0.000701,0.000811,0.000851,3.475052,3.475171,3.474201,0.000119000000000202,3.4644,0.0254872375488282
"2026-05-21T18:17:43.190Z","run_bootstrap",206,"http://client3:8000","run","http://client3:8000/run",1,TRUE,200,1108,252,3.77404308319092,"2026-05-21T18:17:39.409199Z","2026-05-21T18:17:43.183242Z",1779387459.4092,1779387463.18324,0.000697,0.000802,0.000837,3.760125,3.760264,3.759288,0.000138999999999889,3.7531,0.0209430831909181
"2026-05-21T18:17:46.977Z","run_bootstrap",207,"http://client1:8000","run","http://client1:8000/run",1,TRUE,200,1109,253,3.51037621498108,"2026-05-21T18:17:43.202380Z","2026-05-21T18:17:46.712757Z",1779387463.20238,1779387466.71276,0.000616,0.000732,0.00077,3.495779,3.495875,3.495009,9.59999999996519e-05,3.4857,0.0246762149810791
"2026-05-21T18:17:46.977Z","run_bootstrap",207,"http://client2:8000","run","http://client2:8000/run",1,TRUE,200,1109,254,3.48451089859009,"2026-05-21T18:17:43.203689Z","2026-05-21T18:17:46.688199Z",1779387463.20369,1779387466.6882,0.000559,0.000651,0.00068,3.47019,3.470312,3.46951,0.000121999999999733,3.463,0.0215108985900878
"2026-05-21T18:17:46.977Z","run_bootstrap",207,"http://client3:8000","run","http://client3:8000/run",1,TRUE,200,1109,252,3.76621103286743,"2026-05-21T18:17:43.203963Z","2026-05-21T18:17:46.970174Z",1779387463.20396,1779387466.97017,0.000624,0.000812,0.000846,3.752072,3.752217,3.751226,0.00014499999999984,3.7449,0.0213110328674317
"2026-05-21T18:17:50.706Z","run_bootstrap",208,"http://client1:8000","run","http://client1:8000/run",1,TRUE,200,1109,253,3.56423354148865,"2026-05-21T18:17:46.989644Z","2026-05-21T18:17:50.553877Z",1779387466.98964,1779387470.55388,0.000657,0.00087,0.000946,3.548615,3.548761,3.547669,0.000145999999999979,3.5396,0.0246335414886474
"2026-05-21T18:17:50.706Z","run_bootstrap",208,"http://client2:8000","run","http://client2:8000/run",1,TRUE,200,1109,255,3.65459728240967,"2026-05-21T18:17:46.991207Z","2026-05-21T18:17:50.645805Z",1779387466.99121,1779387470.64581,0.000561,0.000658,0.000691,3.638794,3.638929,3.638103,0.000135000000000218,3.6319,0.0226972824096681
"2026-05-21T18:17:50.706Z","run_bootstrap",208,"http://client3:8000","run","http://client3:8000/run",1,TRUE,200,1109,252,3.70712733268738,"2026-05-21T18:17:46.991518Z","2026-05-21T18:17:50.698645Z",1779387466.99152,1779387470.69865,0.000456,0.000539,0.000571,3.691519,3.691667,3.690948,0.000147999999999815,3.6849,0.0222273326873781
"2026-05-21T18:17:54.448Z","run_bootstrap",209,"http://client1:8000","run","http://client1:8000/run",1,TRUE,200,1108,252,3.72332644462585,"2026-05-21T18:17:50.720526Z","2026-05-21T18:17:54.443852Z",1779387470.72053,1779387474.44385,0.00043,0.000503,0.000525,3.709828,3.709947,3.709303,0.000119000000000202,3.703,0.0203264446258546
"2026-05-21T18:17:54.448Z","run_bootstrap",209,"http://client2:8000","run","http://client2:8000/run",1,TRUE,200,1108,253,3.6820707321167,"2026-05-21T18:17:50.720833Z","2026-05-21T18:17:54.402904Z",1779387470.72083,1779387474.4029,0.000436,0.000503,0.000525,3.66796,3.668098,3.667435,0.000138000000000194,3.66,0.0220707321166991
"2026-05-21T18:17:54.448Z","run_bootstrap",209,"http://client3:8000","run","http://client3:8000/run",1,TRUE,200,1108,252,3.5155336856842,"2026-05-21T18:17:50.720692Z","2026-05-21T18:17:54.236225Z",1779387470.72069,1779387474.23623,0.000587,0.000668,0.000701,3.501279,3.501414,3.500578,0.000135000000000218,3.4934,0.0221336856842043
"2026-05-21T18:17:58.310Z","run_bootstrap",210,"http://client1:8000","run","http://client1:8000/run",1,TRUE,200,1108,253,3.65152072906494,"2026-05-21T18:17:54.467240Z","2026-05-21T18:17:58.118760Z",1779387474.46724,1779387478.11876,0.000648,0.000754,0.000791,3.638692,3.638793,3.637901,0.000101000000000351,3.6303,0.0212207290649413
"2026-05-21T18:17:58.310Z","run_bootstrap",210,"http://client2:8000","run","http://client2:8000/run",1,TRUE,200,1108,255,3.55326008796692,"2026-05-21T18:17:54.470033Z","2026-05-21T18:17:58.023293Z",1779387474.47003,1779387478.02329,0.000583,0.000672,0.000704,3.541189,3.541279,3.540485,8.99999999997014e-05,3.5193,0.0339600879669191
"2026-05-21T18:17:58.310Z","run_bootstrap",210,"http://client3:8000","run","http://client3:8000/run",1,TRUE,200,1108,252,3.83422255516052,"2026-05-21T18:17:54.470106Z","2026-05-21T18:17:58.304329Z",1779387474.47011,1779387478.30433,0.00048,0.000548,0.000578,3.821806,3.82195,3.821228,0.000144000000000144,3.8005,0.0337225551605225
"2026-05-21T18:18:02.035Z","run_bootstrap",211,"http://client1:8000","run","http://client1:8000/run",1,TRUE,200,1108,254,3.70628523826599,"2026-05-21T18:17:58.324475Z","2026-05-21T18:18:02.030761Z",1779387478.32448,1779387482.03076,0.000733,0.00084,0.000875,3.690237,3.690369,3.689362,0.000131999999999799,3.6826,0.0236852382659913
"2026-05-21T18:18:02.035Z","run_bootstrap",211,"http://client2:8000","run","http://client2:8000/run",1,TRUE,200,1108,258,3.6770122051239,"2026-05-21T18:17:58.325264Z","2026-05-21T18:18:02.002276Z",1779387478.32526,1779387482.00228,0.000619,0.000736,0.000775,3.659323,3.659483,3.658548,0.000159999999999716,3.6523,0.0247122051239015
"2026-05-21T18:18:02.035Z","run_bootstrap",211,"http://client3:8000","run","http://client3:8000/run",1,TRUE,200,1108,252,3.60566401481628,"2026-05-21T18:17:58.325936Z","2026-05-21T18:18:01.931600Z",1779387478.32594,1779387481.9316,0.000612,0.000729,0.000768,3.588891,3.589026,3.588123,0.000135000000000218,3.579,0.026664014816284
"2026-05-21T18:18:05.967Z","run_bootstrap",212,"http://client1:8000","run","http://client1:8000/run",1,TRUE,200,1108,254,3.69683837890625,"2026-05-21T18:18:02.047913Z","2026-05-21T18:18:05.744751Z",1779387482.04791,1779387485.74475,0.000499,0.000531,0.000543,3.684007,3.684115,3.683464,0.000107999999999997,3.6772,0.01963837890625
"2026-05-21T18:18:05.967Z","run_bootstrap",212,"http://client2:8000","run","http://client2:8000/run",1,TRUE,200,1108,258,3.91515040397644,"2026-05-21T18:18:02.047447Z","2026-05-21T18:18:05.962598Z",1779387482.04745,1779387485.9626,0.000545,0.000627,0.000659,3.901203,3.901342,3.900544,0.000138999999999889,3.8937,0.0214504039764405
"2026-05-21T18:18:05.967Z","run_bootstrap",212,"http://client3:8000","run","http://client3:8000/run",1,TRUE,200,1108,253,3.64386916160583,"2026-05-21T18:18:02.047790Z","2026-05-21T18:18:05.691659Z",1779387482.04779,1779387485.69166,0.00046,0.000536,0.000559,3.630224,3.630325,3.629665,0.000100999999999907,3.6223,0.0215691616058349
"2026-05-21T18:18:09.758Z","run_bootstrap",213,"http://client1:8000","run","http://client1:8000/run",1,TRUE,200,1109,252,3.77021622657776,"2026-05-21T18:18:05.977953Z","2026-05-21T18:18:09.748169Z",1779387485.97795,1779387489.74817,0.00075,0.000872,0.000907,3.75529,3.755425,3.754383,0.000134999999999774,3.7476,0.022616226577759
"2026-05-21T18:18:09.758Z","run_bootstrap",213,"http://client2:8000","run","http://client2:8000/run",1,TRUE,200,1109,256,3.71907377243042,"2026-05-21T18:18:05.979978Z","2026-05-21T18:18:09.699052Z",1779387485.97998,1779387489.69905,0.000562,0.00064,0.000693,3.70501,3.705143,3.704317,0.000132999999999939,3.6961,0.02297377243042
"2026-05-21T18:18:09.758Z","run_bootstrap",213,"http://client3:8000","run","http://client3:8000/run",1,TRUE,200,1109,250,3.77210211753845,"2026-05-21T18:18:05.979314Z","2026-05-21T18:18:09.751416Z",1779387485.97931,1779387489.75142,0.000605,0.000688,0.000773,3.757602,3.757749,3.756829,0.000147000000000119,3.7461,0.0260021175384519
"2026-05-21T18:18:13.757Z","run_bootstrap",214,"http://client1:8000","run","http://client1:8000/run",1,TRUE,200,1109,252,3.98072123527527,"2026-05-21T18:18:09.771547Z","2026-05-21T18:18:13.752268Z",1779387489.77155,1779387493.75227,0.000505,0.000585,0.000616,3.964263,3.964393,3.963647,0.000129999999999963,3.9503,0.0304212352752686
"2026-05-21T18:18:13.757Z","run_bootstrap",214,"http://client2:8000","run","http://client2:8000/run",1,TRUE,200,1109,256,3.76129865646362,"2026-05-21T18:18:09.770831Z","2026-05-21T18:18:13.532130Z",1779387489.77083,1779387493.53213,0.000842,0.000932,0.000955,3.746141,3.746275,3.745186,0.000133999999999634,3.7386,0.0226986564636231
"2026-05-21T18:18:13.757Z","run_bootstrap",214,"http://client3:8000","run","http://client3:8000/run",1,TRUE,200,1109,250,3.56482005119324,"2026-05-21T18:18:09.772430Z","2026-05-21T18:18:13.337250Z",1779387489.77243,1779387493.33725,0.000478,0.000579,0.000614,3.547743,3.547896,3.547129,0.00015300000000007,3.5396,0.0252200511932372
"2026-05-21T18:18:17.552Z","run_bootstrap",215,"http://client1:8000","run","http://client1:8000/run",1,TRUE,200,1109,250,3.77885842323303,"2026-05-21T18:18:13.769544Z","2026-05-21T18:18:17.548402Z",1779387493.76954,1779387497.5484,0.000627,0.000695,0.000715,3.75273,3.752821,3.752015,9.09999999998412e-05,3.745,0.0338584232330321
"2026-05-21T18:18:17.552Z","run_bootstrap",215,"http://client2:8000","run","http://client2:8000/run",1,TRUE,200,1109,256,3.72068619728088,"2026-05-21T18:18:13.770068Z","2026-05-21T18:18:17.490755Z",1779387493.77007,1779387497.49076,0.000592,0.000669,0.000703,3.694276,3.694396,3.693573,0.000119999999999898,3.6853,0.035386197280884
"2026-05-21T18:18:17.552Z","run_bootstrap",215,"http://client3:8000","run","http://client3:8000/run",1,TRUE,200,1109,251,3.74881196022034,"2026-05-21T18:18:13.770758Z","2026-05-21T18:18:17.519570Z",1779387493.77076,1779387497.51957,0.000657,0.000746,0.00078,3.723029,3.723161,3.722249,0.000132000000000243,3.715,0.0338119602203371
"2026-05-21T18:18:21.513Z","run_bootstrap",216,"http://client1:8000","run","http://client1:8000/run",1,TRUE,200,1109,251,3.79220867156982,"2026-05-21T18:18:17.566393Z","2026-05-21T18:18:21.358602Z",1779387497.56639,1779387501.3586,0.000569,0.000626,0.000647,3.77885,3.77905,3.778203,0.000199999999999978,3.7714,0.0208086715698244
"2026-05-21T18:18:21.513Z","run_bootstrap",216,"http://client2:8000","run","http://client2:8000/run",1,TRUE,200,1109,256,3.61760497093201,"2026-05-21T18:18:17.567183Z","2026-05-21T18:18:21.184788Z",1779387497.56718,1779387501.18479,0.000574,0.000652,0.000688,3.605088,3.605226,3.6044,0.000138000000000194,3.5981,0.0195049709320068
"2026-05-21T18:18:21.513Z","run_bootstrap",216,"http://client3:8000","run","http://client3:8000/run",1,TRUE,200,1109,252,3.94119596481323,"2026-05-21T18:18:17.567425Z","2026-05-21T18:18:21.508620Z",1779387497.56743,1779387501.50862,0.000491,0.000565,0.00059,3.929068,3.929202,3.928478,0.000134000000000079,3.9222,0.0189959648132323
"2026-05-21T18:18:25.451Z","run_bootstrap",217,"http://client1:8000","run","http://client1:8000/run",1,TRUE,200,1108,252,3.64570665359497,"2026-05-21T18:18:21.527691Z","2026-05-21T18:18:25.173398Z",1779387501.52769,1779387505.1734,0.000653,0.000757,0.000792,3.632179,3.632315,3.631387,0.000136000000000358,3.6243,0.0214066535949708
"2026-05-21T18:18:25.451Z","run_bootstrap",217,"http://client2:8000","run","http://client2:8000/run",1,TRUE,200,1108,255,3.91439509391785,"2026-05-21T18:18:21.529615Z","2026-05-21T18:18:25.444010Z",1779387501.52962,1779387505.44401,0.000502,0.000595,0.000644,3.90007,3.900207,3.899426,0.000137000000000054,3.893,0.0213950939178469
"2026-05-21T18:18:25.451Z","run_bootstrap",217,"http://client3:8000","run","http://client3:8000/run",1,TRUE,200,1108,248,3.64843964576721,"2026-05-21T18:18:21.529900Z","2026-05-21T18:18:25.178340Z",1779387501.5299,1779387505.17834,0.000466,0.00055,0.000585,3.62855,3.628709,3.627965,0.00015900000000002,3.6215,0.0269396457672118
"2026-05-21T18:18:29.228Z","run_bootstrap",218,"http://client1:8000","run","http://client1:8000/run",1,TRUE,200,1108,252,3.72094678878784,"2026-05-21T18:18:25.465869Z","2026-05-21T18:18:29.186816Z",1779387505.46587,1779387509.18682,0.000611,0.000705,0.000741,3.706928,3.707066,3.706187,0.000138000000000194,3.6982,0.0227467887878419
"2026-05-21T18:18:29.228Z","run_bootstrap",218,"http://client2:8000","run","http://client2:8000/run",1,TRUE,200,1108,256,3.75537490844727,"2026-05-21T18:18:25.466074Z","2026-05-21T18:18:29.221449Z",1779387505.46607,1779387509.22145,0.000794,0.000907,0.000943,3.741034,3.741165,3.740091,0.000131000000000103,3.7323,0.0230749084472657
"2026-05-21T18:18:29.228Z","run_bootstrap",218,"http://client3:8000","run","http://client3:8000/run",1,TRUE,200,1108,248,3.68251967430115,"2026-05-21T18:18:25.465730Z","2026-05-21T18:18:29.148250Z",1779387505.46573,1779387509.14825,0.000861,0.000936,0.000967,3.667754,3.667902,3.666787,0.000148000000000259,3.6589,0.0236196743011474
"2026-05-21T18:18:33.197Z","run_bootstrap",219,"http://client1:8000","run","http://client1:8000/run",1,TRUE,200,1108,253,3.86219000816345,"2026-05-21T18:18:29.241613Z","2026-05-21T18:18:33.103803Z",1779387509.24161,1779387513.1038,0.000654,0.000766,0.000804,3.847405,3.847562,3.846601,0.000156999999999741,3.8352,0.0269900081634522
"2026-05-21T18:18:33.197Z","run_bootstrap",219,"http://client2:8000","run","http://client2:8000/run",1,TRUE,200,1108,255,3.83287143707275,"2026-05-21T18:18:29.241039Z","2026-05-21T18:18:33.073910Z",1779387509.24104,1779387513.07391,0.00076,0.000859,0.000898,3.8184,3.818523,3.817502,0.000122999999999873,3.8035,0.0293714370727538
"2026-05-21T18:18:33.197Z","run_bootstrap",219,"http://client3:8000","run","http://client3:8000/run",1,TRUE,200,1108,252,3.9505934715271,"2026-05-21T18:18:29.242110Z","2026-05-21T18:18:33.192703Z",1779387509.24211,1779387513.1927,0.000646,0.000757,0.000796,3.936738,3.936866,3.935942,0.000128000000000128,3.9217,0.0288934715270996
"2026-05-21T18:18:37.491Z","run_bootstrap",220,"http://client1:8000","run","http://client1:8000/run",1,TRUE,200,1108,253,4.27620768547058,"2026-05-21T18:18:33.211061Z","2026-05-21T18:18:37.487269Z",1779387513.21106,1779387517.48727,0.000458,0.000539,0.00057,4.257908,4.258038,4.257338,0.000130000000000408,4.0926,0.183607685470581
"2026-05-21T18:18:37.491Z","run_bootstrap",220,"http://client2:8000","run","http://client2:8000/run",1,TRUE,200,1108,255,4.13012957572937,"2026-05-21T18:18:33.211634Z","2026-05-21T18:18:37.341763Z",1779387513.21163,1779387517.34176,0.000524,0.000719,0.000754,4.112519,4.11267,4.111765,0.00015099999999979,3.9483,0.18182957572937
"2026-05-21T18:18:37.491Z","run_bootstrap",220,"http://client3:8000","run","http://client3:8000/run",1,TRUE,200,1108,252,3.98101305961609,"2026-05-21T18:18:33.212091Z","2026-05-21T18:18:37.193104Z",1779387513.21209,1779387517.1931,0.000502,0.000586,0.000618,3.961943,3.962061,3.961325,0.000117999999999618,3.8021,0.178913059616089
"2026-05-21T18:18:41.387Z","run_bootstrap",221,"http://client1:8000","run","http://client1:8000/run",1,TRUE,200,1109,253,3.87379574775696,"2026-05-21T18:18:37.509795Z","2026-05-21T18:18:41.383591Z",1779387517.5098,1779387521.38359,0.000691,0.000795,0.000836,3.86167,3.861772,3.860834,0.000102000000000046,3.8547,0.0190957477569582
"2026-05-21T18:18:41.387Z","run_bootstrap",221,"http://client2:8000","run","http://client2:8000/run",1,TRUE,200,1109,255,3.32073569297791,"2026-05-21T18:18:37.510002Z","2026-05-21T18:18:40.830738Z",1779387517.51,1779387520.83074,0.000734,0.000805,0.000838,3.308264,3.308391,3.307426,0.000126999999999988,3.3014,0.0193356929779052
"2026-05-21T18:18:41.387Z","run_bootstrap",221,"http://client3:8000","run","http://client3:8000/run",1,TRUE,200,1109,252,3.48440504074097,"2026-05-21T18:18:37.511323Z","2026-05-21T18:18:40.995728Z",1779387517.51132,1779387520.99573,0.000589,0.00072,0.00076,3.471856,3.471936,3.471096,8.000000000008e-05,3.4652,0.019205040740967
"2026-05-21T18:18:45.320Z","run_bootstrap",222,"http://client1:8000","run","http://client1:8000/run",1,TRUE,200,1109,253,3.71261119842529,"2026-05-21T18:18:41.402094Z","2026-05-21T18:18:45.114705Z",1779387521.40209,1779387525.11471,0.000614,0.000697,0.000725,3.698657,3.698809,3.697932,0.00015199999999993,3.6911,0.0215111984252929
"2026-05-21T18:18:45.320Z","run_bootstrap",222,"http://client2:8000","run","http://client2:8000/run",1,TRUE,200,1109,255,3.91173911094666,"2026-05-21T18:18:41.403889Z","2026-05-21T18:18:45.315629Z",1779387521.40389,1779387525.31563,0.000599,0.000705,0.000746,3.898313,3.898546,3.897567,0.00023300000000015,3.8914,0.0203391109466553
"2026-05-21T18:18:45.320Z","run_bootstrap",222,"http://client3:8000","run","http://client3:8000/run",1,TRUE,200,1109,252,3.90850043296814,"2026-05-21T18:18:41.403064Z","2026-05-21T18:18:45.311565Z",1779387521.40306,1779387525.31157,0.000667,0.000744,0.000779,3.895222,3.8955,3.894443,0.000278000000000223,3.8883,0.0202004329681396
"2026-05-21T18:18:49.244Z","run_bootstrap",223,"http://client1:8000","run","http://client1:8000/run",1,TRUE,200,1108,253,3.9082887172699,"2026-05-21T18:18:45.330646Z","2026-05-21T18:18:49.238935Z",1779387525.33065,1779387529.23894,0.000725,0.000831,0.00087,3.893644,3.893727,3.892774,8.30000000000553e-05,3.8863,0.0219887172698976
"2026-05-21T18:18:49.244Z","run_bootstrap",223,"http://client2:8000","run","http://client2:8000/run",1,TRUE,200,1108,255,3.87582230567932,"2026-05-21T18:18:45.331918Z","2026-05-21T18:18:49.207740Z",1779387525.33192,1779387529.20774,0.000476,0.000569,0.000608,3.861733,3.861828,3.861125,9.49999999999562e-05,3.8539,0.0219223056793214
"2026-05-21T18:18:49.244Z","run_bootstrap",223,"http://client3:8000","run","http://client3:8000/run",1,TRUE,200,1108,252,3.86142420768738,"2026-05-21T18:18:45.333429Z","2026-05-21T18:18:49.194853Z",1779387525.33343,1779387529.19485,0.000475,0.000585,0.000628,3.846179,3.846292,3.845551,0.000113000000000252,3.8393,0.0221242076873778
"2026-05-21T18:18:53.146Z","run_bootstrap",224,"http://client1:8000","run","http://client1:8000/run",1,TRUE,200,1108,253,3.83296656608582,"2026-05-21T18:18:49.257618Z","2026-05-21T18:18:53.090584Z",1779387529.25762,1779387533.09058,0.000887,0.000972,0.000994,3.815107,3.815215,3.814113,0.000107999999999997,3.8076,0.0253665660858156
"2026-05-21T18:18:53.146Z","run_bootstrap",224,"http://client2:8000","run","http://client2:8000/run",1,TRUE,200,1108,255,3.82423830032349,"2026-05-21T18:18:49.258367Z","2026-05-21T18:18:53.082605Z",1779387529.25837,1779387533.08261,0.000521,0.000599,0.000632,3.805409,3.805557,3.804777,0.000147999999999815,3.7987,0.0255383003234861
"2026-05-21T18:18:53.146Z","run_bootstrap",224,"http://client3:8000","run","http://client3:8000/run",1,TRUE,200,1108,252,3.88220810890198,"2026-05-21T18:18:49.259076Z","2026-05-21T18:18:53.141284Z",1779387529.25908,1779387533.14128,0.000582,0.000668,0.000701,3.864718,3.864889,3.864017,0.000170999999999921,3.8582,0.0240081089019775
"2026-05-21T18:18:57.266Z","run_bootstrap",225,"http://client1:8000","run","http://client1:8000/run",1,TRUE,200,1109,253,4.09582710266113,"2026-05-21T18:18:53.158301Z","2026-05-21T18:18:57.254128Z",1779387533.1583,1779387537.25413,0.00078,0.000894,0.000932,4.081293,4.081541,4.080361,0.000248000000000026,3.9202,0.175627102661133
"2026-05-21T18:18:57.266Z","run_bootstrap",225,"http://client2:8000","run","http://client2:8000/run",1,TRUE,200,1109,254,3.81674218177795,"2026-05-21T18:18:53.159555Z","2026-05-21T18:18:56.976297Z",1779387533.15956,1779387536.9763,0.00051,0.000625,0.000666,3.798467,3.798559,3.797801,9.1999999999981e-05,3.788,0.0287421817779543
"2026-05-21T18:18:57.266Z","run_bootstrap",225,"http://client3:8000","run","http://client3:8000/run",1,TRUE,200,1109,252,4.10054898262024,"2026-05-21T18:18:53.160021Z","2026-05-21T18:18:57.260570Z",1779387533.16002,1779387537.26057,0.000485,0.00056,0.00059,4.078898,4.079061,4.078308,0.000163000000000579,4.0713,0.0292489826202393
"2026-05-21T18:19:01.137Z","run_bootstrap",226,"http://client1:8000","run","http://client1:8000/run",1,TRUE,200,1109,253,3.66519093513489,"2026-05-21T18:18:57.279505Z","2026-05-21T18:19:00.944696Z",1779387537.27951,1779387540.9447,0.000475,0.000581,0.000614,3.64288,3.643004,3.642266,0.000124000000000013,3.6359,0.0292909351348878
"2026-05-21T18:19:01.137Z","run_bootstrap",226,"http://client2:8000","run","http://client2:8000/run",1,TRUE,200,1109,255,3.85345125198364,"2026-05-21T18:18:57.279959Z","2026-05-21T18:19:01.133410Z",1779387537.27996,1779387541.13341,0.000445,0.000526,0.000557,3.834339,3.834453,3.833782,0.000113999999999947,3.8169,0.0365512519836426
"2026-05-21T18:19:01.137Z","run_bootstrap",226,"http://client3:8000","run","http://client3:8000/run",1,TRUE,200,1109,252,3.60025382041931,"2026-05-21T18:18:57.280589Z","2026-05-21T18:19:00.880843Z",1779387537.28059,1779387540.88084,0.000543,0.000603,0.000623,3.581221,3.581274,3.580598,5.29999999998587e-05,3.5642,0.0360538204193115
"2026-05-21T18:19:05.033Z","run_bootstrap",227,"http://client1:8000","run","http://client1:8000/run",1,TRUE,200,1109,253,2.95757007598877,"2026-05-21T18:19:01.152500Z","2026-05-21T18:19:04.110070Z",1779387541.1525,1779387544.11007,0.000519,0.000593,0.000622,2.935938,2.936028,2.935316,8.99999999997014e-05,2.9244,0.0331700759887696
"2026-05-21T18:19:05.033Z","run_bootstrap",227,"http://client2:8000","run","http://client2:8000/run",1,TRUE,200,1109,255,3.66813063621521,"2026-05-21T18:19:01.152145Z","2026-05-21T18:19:04.820275Z",1779387541.15215,1779387544.82028,0.000699,0.000808,0.000843,3.654117,3.654205,3.653274,8.80000000003101e-05,3.6469,0.0212306362152099
"2026-05-21T18:19:05.033Z","run_bootstrap",227,"http://client3:8000","run","http://client3:8000/run",1,TRUE,200,1109,252,3.87228178977966,"2026-05-21T18:19:01.153835Z","2026-05-21T18:19:05.026117Z",1779387541.15384,1779387545.02612,0.000684,0.000791,0.000826,3.852831,3.852971,3.852005,0.000140000000000029,3.8444,0.0278817897796633
"2026-05-21T18:19:08.579Z","run_bootstrap",228,"http://client1:8000","run","http://client1:8000/run",1,TRUE,200,1109,253,3.46412992477417,"2026-05-21T18:19:05.046104Z","2026-05-21T18:19:08.510234Z",1779387545.0461,1779387548.51023,0.000625,0.000731,0.000765,3.448753,3.448892,3.447988,0.000138999999999889,3.4404,0.02372992477417
"2026-05-21T18:19:08.579Z","run_bootstrap",228,"http://client2:8000","run","http://client2:8000/run",1,TRUE,200,1109,254,3.47059440612793,"2026-05-21T18:19:05.046697Z","2026-05-21T18:19:08.517292Z",1779387545.0467,1779387548.51729,0.000582,0.000666,0.000699,3.449039,3.449179,3.44834,0.000140000000000029,3.442,0.0285944061279295
"2026-05-21T18:19:08.579Z","run_bootstrap",228,"http://client3:8000","run","http://client3:8000/run",1,TRUE,200,1109,252,3.52450132369995,"2026-05-21T18:19:05.047052Z","2026-05-21T18:19:08.571553Z",1779387545.04705,1779387548.57155,0.000738,0.000851,0.000886,3.505432,3.505564,3.504546,0.000132000000000243,3.4987,0.0258013236999513
"2026-05-21T18:19:12.304Z","run_bootstrap",229,"http://client1:8000","run","http://client1:8000/run",1,TRUE,200,1109,253,3.48603296279907,"2026-05-21T18:19:08.591990Z","2026-05-21T18:19:12.078023Z",1779387548.59199,1779387552.07802,0.000514,0.000589,0.00062,3.468867,3.468981,3.468247,0.000113999999999947,3.4617,0.0243329627990723
"2026-05-21T18:19:12.304Z","run_bootstrap",229,"http://client2:8000","run","http://client2:8000/run",1,TRUE,200,1109,255,3.70756816864014,"2026-05-21T18:19:08.592375Z","2026-05-21T18:19:12.299943Z",1779387548.59238,1779387552.29994,0.000479,0.000554,0.000578,3.694163,3.694296,3.693585,0.000132999999999939,3.6876,0.0199681686401365
"2026-05-21T18:19:12.304Z","run_bootstrap",229,"http://client3:8000","run","http://client3:8000/run",1,TRUE,200,1109,252,3.43485975265503,"2026-05-21T18:19:08.592383Z","2026-05-21T18:19:12.027243Z",1779387548.59238,1779387552.02724,0.00054,0.000597,0.000616,3.420708,3.42084,3.420092,0.000132000000000243,3.4133,0.0215597526550293
"2026-05-21T18:19:15.943Z","run_bootstrap",230,"http://client1:8000","run","http://client1:8000/run",1,TRUE,200,1109,253,3.62048053741455,"2026-05-21T18:19:12.318089Z","2026-05-21T18:19:15.938570Z",1779387552.31809,1779387555.93857,0.000687,0.000753,0.000774,3.602845,3.602953,3.602071,0.000107999999999997,3.5958,0.0246805374145507
"2026-05-21T18:19:15.943Z","run_bootstrap",230,"http://client2:8000","run","http://client2:8000/run",1,TRUE,200,1109,255,3.54842901229858,"2026-05-21T18:19:12.318620Z","2026-05-21T18:19:15.867049Z",1779387552.31862,1779387555.86705,0.000543,0.00062,0.00065,3.526147,3.526278,3.525497,0.000131000000000103,3.5188,0.0296290122985838
"2026-05-21T18:19:15.943Z","run_bootstrap",230,"http://client3:8000","run","http://client3:8000/run",1,TRUE,200,1109,252,3.28299403190613,"2026-05-21T18:19:12.319042Z","2026-05-21T18:19:15.602036Z",1779387552.31904,1779387555.60204,0.000654,0.000758,0.000793,3.266449,3.266547,3.265656,9.79999999999315e-05,3.2573,0.0256940319061281
"2026-05-21T18:19:19.688Z","run_bootstrap",231,"http://client1:8000","run","http://client1:8000/run",1,TRUE,200,1109,253,3.72790265083313,"2026-05-21T18:19:15.955821Z","2026-05-21T18:19:19.683723Z",1779387555.95582,1779387559.68372,0.000478,0.00059,0.000623,3.711386,3.711614,3.710763,0.000227999999999895,3.7042,0.0237026508331297
"2026-05-21T18:19:19.688Z","run_bootstrap",231,"http://client2:8000","run","http://client2:8000/run",1,TRUE,200,1109,255,3.58912062644958,"2026-05-21T18:19:15.955307Z","2026-05-21T18:19:19.544428Z",1779387555.95531,1779387559.54443,0.00063,0.00075,0.000915,3.57491,3.575054,3.573995,0.000144000000000144,3.5663,0.0228206264495849
"2026-05-21T18:19:19.688Z","run_bootstrap",231,"http://client3:8000","run","http://client3:8000/run",1,TRUE,200,1109,252,3.52579212188721,"2026-05-21T18:19:15.957099Z","2026-05-21T18:19:19.482892Z",1779387555.9571,1779387559.48289,0.00048,0.000584,0.000626,3.507979,3.508134,3.507353,0.000154999999999905,3.5003,0.0254921218872068
"2026-05-21T18:19:23.509Z","run_bootstrap",232,"http://client1:8000","run","http://client1:8000/run",1,TRUE,200,1109,253,3.79670357704163,"2026-05-21T18:19:19.708245Z","2026-05-21T18:19:23.504949Z",1779387559.70825,1779387563.50495,0.000456,0.000547,0.000569,3.785328,3.785443,3.784759,0.000115000000000087,3.7778,0.0189035770416259
"2026-05-21T18:19:23.509Z","run_bootstrap",232,"http://client2:8000","run","http://client2:8000/run",1,TRUE,200,1109,255,3.47577548027039,"2026-05-21T18:19:19.709729Z","2026-05-21T18:19:23.185504Z",1779387559.70973,1779387563.1855,0.000565,0.000643,0.000676,3.458316,3.458393,3.45764,7.70000000001048e-05,3.4507,0.0250754802703859
"2026-05-21T18:19:23.509Z","run_bootstrap",232,"http://client3:8000","run","http://client3:8000/run",1,TRUE,200,1109,250,3.74802947044373,"2026-05-21T18:19:19.708276Z","2026-05-21T18:19:23.456306Z",1779387559.70828,1779387563.45631,0.000581,0.000635,0.000654,3.736659,3.736777,3.736005,0.000118000000000062,3.73,0.0180294704437256
"2026-05-21T18:19:27.208Z","run_bootstrap",233,"http://client1:8000","run","http://client1:8000/run",1,TRUE,200,1109,253,3.68028092384338,"2026-05-21T18:19:23.523431Z","2026-05-21T18:19:27.203711Z",1779387563.52343,1779387567.20371,0.000489,0.000565,0.000595,3.662555,3.662682,3.66196,0.000127000000000432,3.6553,0.0249809238433838
"2026-05-21T18:19:27.208Z","run_bootstrap",233,"http://client2:8000","run","http://client2:8000/run",1,TRUE,200,1109,255,3.52166533470154,"2026-05-21T18:19:23.523208Z","2026-05-21T18:19:27.044873Z",1779387563.52321,1779387567.04487,0.000661,0.000759,0.000793,3.507652,3.507749,3.506859,9.69999999997917e-05,3.5002,0.0214653347015381
"2026-05-21T18:19:27.208Z","run_bootstrap",233,"http://client3:8000","run","http://client3:8000/run",1,TRUE,200,1109,252,3.51330351829529,"2026-05-21T18:19:23.524735Z","2026-05-21T18:19:27.038039Z",1779387563.52474,1779387567.03804,0.000627,0.000694,0.000714,3.500345,3.500433,3.499631,8.80000000003101e-05,3.4933,0.020003518295288
"2026-05-21T18:19:30.991Z","run_bootstrap",234,"http://client1:8000","run","http://client1:8000/run",1,TRUE,200,1109,253,3.65991544723511,"2026-05-21T18:19:27.220994Z","2026-05-21T18:19:30.880909Z",1779387567.22099,1779387570.88091,0.000752,0.00083,0.000853,3.642306,3.64245,3.641453,0.000144000000000144,3.6348,0.0251154472351076
"2026-05-21T18:19:30.991Z","run_bootstrap",234,"http://client2:8000","run","http://client2:8000/run",1,TRUE,200,1109,255,3.54511427879333,"2026-05-21T18:19:27.221788Z","2026-05-21T18:19:30.766902Z",1779387567.22179,1779387570.7669,0.00055,0.000623,0.000652,3.526162,3.526293,3.52551,0.000131000000000103,3.5188,0.0263142787933348
"2026-05-21T18:19:30.991Z","run_bootstrap",234,"http://client3:8000","run","http://client3:8000/run",1,TRUE,200,1109,252,3.7620632648468,"2026-05-21T18:19:27.222462Z","2026-05-21T18:19:30.984525Z",1779387567.22246,1779387570.98453,0.000512,0.000595,0.000627,3.744723,3.744872,3.744096,0.000148999999999955,3.7376,0.0244632648468017
"2026-05-21T18:19:34.835Z","run_bootstrap",235,"http://client1:8000","run","http://client1:8000/run",1,TRUE,200,1106,253,3.63700485229492,"2026-05-21T18:19:31.004382Z","2026-05-21T18:19:34.641387Z",1779387571.00438,1779387574.64139,0.000405,0.00047,0.000495,3.622986,3.623121,3.622491,0.000134999999999774,3.6157,0.021304852294922
"2026-05-21T18:19:34.835Z","run_bootstrap",235,"http://client2:8000","run","http://client2:8000/run",1,TRUE,200,1106,255,3.82621431350708,"2026-05-21T18:19:31.004920Z","2026-05-21T18:19:34.831135Z",1779387571.00492,1779387574.83114,0.00039,0.00047,0.000495,3.812706,3.81282,3.812211,0.000113999999999947,3.8061,0.0201143135070803
"2026-05-21T18:19:34.835Z","run_bootstrap",235,"http://client3:8000","run","http://client3:8000/run",1,TRUE,200,1106,252,3.56378531455994,"2026-05-21T18:19:31.005738Z","2026-05-21T18:19:34.569524Z",1779387571.00574,1779387574.56952,0.000638,0.000713,0.000749,3.550028,3.550165,3.549279,0.00013699999999961,3.5428,0.0209853145599364
"2026-05-21T18:19:38.719Z","run_bootstrap",236,"http://client1:8000","run","http://client1:8000/run",1,TRUE,200,1106,253,3.62527513504028,"2026-05-21T18:19:34.848676Z","2026-05-21T18:19:38.473951Z",1779387574.84868,1779387578.47395,0.000717,0.000825,0.000868,3.610936,3.611081,3.610068,0.00014499999999984,3.6025,0.0227751350402832
"2026-05-21T18:19:38.719Z","run_bootstrap",236,"http://client2:8000","run","http://client2:8000/run",1,TRUE,200,1106,255,3.83229207992554,"2026-05-21T18:19:34.849383Z","2026-05-21T18:19:38.681675Z",1779387574.84938,1779387578.68168,0.000709,0.000793,0.000834,3.818507,3.818626,3.817673,0.000119000000000202,3.8115,0.020792079925537
"2026-05-21T18:19:38.719Z","run_bootstrap",236,"http://client3:8000","run","http://client3:8000/run",1,TRUE,200,1106,252,3.86037135124207,"2026-05-21T18:19:34.851202Z","2026-05-21T18:19:38.711574Z",1779387574.8512,1779387578.71157,0.000466,0.00058,0.000619,3.841771,3.841916,3.841152,0.00014499999999984,3.8347,0.0256713512420652
"2026-05-21T18:19:42.523Z","run_bootstrap",237,"http://client1:8000","run","http://client1:8000/run",1,TRUE,200,1107,254,3.7243480682373,"2026-05-21T18:19:38.792241Z","2026-05-21T18:19:42.516589Z",1779387578.79224,1779387582.51659,0.000714,0.000828,0.000867,3.711221,3.711326,3.710354,0.000105000000000022,3.7015,0.0228480682373049
"2026-05-21T18:19:42.523Z","run_bootstrap",237,"http://client2:8000","run","http://client2:8000/run",1,TRUE,200,1107,251,3.68574166297913,"2026-05-21T18:19:38.793944Z","2026-05-21T18:19:42.479686Z",1779387578.79394,1779387582.47969,0.000598,0.000715,0.000759,3.672986,3.673141,3.672227,0.000155000000000349,3.6651,0.0206416629791262
"2026-05-21T18:19:42.523Z","run_bootstrap",237,"http://client3:8000","run","http://client3:8000/run",1,TRUE,200,1107,255,3.71847414970398,"2026-05-21T18:19:38.795443Z","2026-05-21T18:19:42.513917Z",1779387578.79544,1779387582.51392,0.000557,0.000702,0.000742,3.702869,3.703035,3.702127,0.000165999999999666,3.6951,0.0233741497039794
"2026-05-21T18:19:46.316Z","run_bootstrap",238,"http://client1:8000","run","http://client1:8000/run",1,TRUE,200,1107,254,3.7331326007843,"2026-05-21T18:19:42.535794Z","2026-05-21T18:19:46.268927Z",1779387582.53579,1779387586.26893,0.000425,5e-04,0.000521,3.719865,3.72,3.719344,0.000135000000000218,3.7125,0.0206326007843018
"2026-05-21T18:19:46.316Z","run_bootstrap",238,"http://client2:8000","run","http://client2:8000/run",1,TRUE,200,1107,251,3.77284073829651,"2026-05-21T18:19:42.536302Z","2026-05-21T18:19:46.309143Z",1779387582.5363,1779387586.30914,0.000398,0.000473,0.000503,3.75638,3.756513,3.755877,0.000132999999999939,3.7493,0.0235407382965089
"2026-05-21T18:19:46.316Z","run_bootstrap",238,"http://client3:8000","run","http://client3:8000/run",1,TRUE,200,1107,255,3.50178003311157,"2026-05-21T18:19:42.535586Z","2026-05-21T18:19:46.037366Z",1779387582.53559,1779387586.03737,0.000616,0.000696,0.000728,3.48793,3.488025,3.487202,9.49999999999562e-05,3.4774,0.0243800331115724
"2026-05-21T18:19:50.439Z","run_bootstrap",239,"http://client1:8000","run","http://client1:8000/run",1,TRUE,200,1109,262,3.95152688026428,"2026-05-21T18:19:46.329772Z","2026-05-21T18:19:50.281299Z",1779387586.32977,1779387590.2813,0.000476,0.000565,0.000599,3.936166,3.936289,3.935567,0.000122999999999873,3.9283,0.0232268802642821
"2026-05-21T18:19:50.439Z","run_bootstrap",239,"http://client2:8000","run","http://client2:8000/run",1,TRUE,200,1109,261,4.10155415534973,"2026-05-21T18:19:46.330304Z","2026-05-21T18:19:50.431858Z",1779387586.3303,1779387590.43186,0.000567,0.000639,0.000662,4.085981,4.086112,4.085319,0.000130999999999659,4.0779,0.0236541553497318
"2026-05-21T18:19:50.439Z","run_bootstrap",239,"http://client3:8000","run","http://client3:8000/run",1,TRUE,200,1109,258,3.94112849235535,"2026-05-21T18:19:46.329572Z","2026-05-21T18:19:50.270701Z",1779387586.32957,1779387590.2707,0.000697,0.000811,0.000846,3.927189,3.927324,3.926343,0.000135000000000218,3.9189,0.0222284923553469
"2026-05-21T18:19:54.442Z","run_bootstrap",240,"http://client1:8000","run","http://client1:8000/run",1,TRUE,200,1109,262,3.92507338523865,"2026-05-21T18:19:50.457288Z","2026-05-21T18:19:54.382361Z",1779387590.45729,1779387594.38236,0.000648,0.00075,0.000783,3.906573,3.90671,3.90579,0.000137000000000054,3.7433,0.181773385238647
"2026-05-21T18:19:54.442Z","run_bootstrap",240,"http://client2:8000","run","http://client2:8000/run",1,TRUE,200,1109,261,3.70239973068237,"2026-05-21T18:19:50.457813Z","2026-05-21T18:19:54.160212Z",1779387590.45781,1779387594.16021,0.000666,0.000784,0.00082,3.680526,3.680618,3.679706,9.1999999999981e-05,3.5132,0.189199730682373
"2026-05-21T18:19:54.442Z","run_bootstrap",240,"http://client3:8000","run","http://client3:8000/run",1,TRUE,200,1109,257,3.98000621795654,"2026-05-21T18:19:50.458359Z","2026-05-21T18:19:54.438365Z",1779387590.45836,1779387594.43837,0.000592,0.000699,0.000735,3.959257,3.959421,3.958522,0.000163999999999831,3.796,0.184006217956543
"2026-05-21T18:19:58.162Z","run_bootstrap",241,"http://client1:8000","run","http://client1:8000/run",1,TRUE,200,1108,254,3.51721692085266,"2026-05-21T18:19:54.454038Z","2026-05-21T18:19:57.971255Z",1779387594.45404,1779387597.97126,0.000677,0.000806,0.000841,3.502868,3.502988,3.502027,0.000120000000000342,3.4953,0.0219169208526613
"2026-05-21T18:19:58.162Z","run_bootstrap",241,"http://client2:8000","run","http://client2:8000/run",1,TRUE,200,1108,254,3.70171165466309,"2026-05-21T18:19:54.455301Z","2026-05-21T18:19:58.157013Z",1779387594.4553,1779387598.15701,0.000564,0.000648,0.00068,3.68716,3.687314,3.68648,0.00015400000000021,3.6806,0.0211116546630858
"2026-05-21T18:19:58.162Z","run_bootstrap",241,"http://client3:8000","run","http://client3:8000/run",1,TRUE,200,1108,254,3.41237092018127,"2026-05-21T18:19:54.456142Z","2026-05-21T18:19:57.868513Z",1779387594.45614,1779387597.86851,0.000448,0.000541,0.000575,3.390584,3.390724,3.390009,0.000140000000000029,3.3843,0.0280709201812743
"2026-05-21T18:20:01.922Z","run_bootstrap",242,"http://client1:8000","run","http://client1:8000/run",1,TRUE,200,1108,254,3.74242281913757,"2026-05-21T18:19:58.175937Z","2026-05-21T18:20:01.918360Z",1779387598.17594,1779387601.91836,0.000677,0.000783,0.000818,3.723105,3.72324,3.722287,0.000135000000000218,3.7157,0.0267228191375732
"2026-05-21T18:20:01.922Z","run_bootstrap",242,"http://client2:8000","run","http://client2:8000/run",1,TRUE,200,1108,254,3.51948118209839,"2026-05-21T18:19:58.176961Z","2026-05-21T18:20:01.696442Z",1779387598.17696,1779387601.69644,0.000664,0.000776,0.000812,3.499585,3.499656,3.498773,7.09999999997102e-05,3.4921,0.0273811820983885
"2026-05-21T18:20:01.922Z","run_bootstrap",242,"http://client3:8000","run","http://client3:8000/run",1,TRUE,200,1108,254,3.66163325309753,"2026-05-21T18:19:58.177538Z","2026-05-21T18:20:01.839171Z",1779387598.17754,1779387601.83917,0.000549,0.000653,0.000688,3.635927,3.636052,3.635239,0.000124999999999709,3.6291,0.032533253097534
"2026-05-21T18:20:05.515Z","run_bootstrap",243,"http://client1:8000","run","http://client1:8000/run",1,TRUE,200,1107,250,3.54191827774048,"2026-05-21T18:20:01.937439Z","2026-05-21T18:20:05.479357Z",1779387601.93744,1779387605.47936,0.000356,0.000449,0.000472,3.529097,3.529197,3.528625,9.99999999997669e-05,3.5222,0.0197182777404783
"2026-05-21T18:20:05.515Z","run_bootstrap",243,"http://client2:8000","run","http://client2:8000/run",1,TRUE,200,1107,255,3.57203817367554,"2026-05-21T18:20:01.938759Z","2026-05-21T18:20:05.510797Z",1779387601.93876,1779387605.5108,0.000611,0.000702,0.000737,3.552317,3.552461,3.55158,0.000144000000000144,3.5448,0.0272381736755372
"2026-05-21T18:20:05.515Z","run_bootstrap",243,"http://client3:8000","run","http://client3:8000/run",1,TRUE,200,1107,253,3.55545902252197,"2026-05-21T18:20:01.938042Z","2026-05-21T18:20:05.493501Z",1779387601.93804,1779387605.4935,0.000521,0.000569,0.000582,3.543242,3.54337,3.54266,0.000128000000000128,3.5359,0.0195590225219728
"2026-05-21T18:20:09.273Z","run_bootstrap",244,"http://client1:8000","run","http://client1:8000/run",1,TRUE,200,1107,250,3.51118135452271,"2026-05-21T18:20:05.527408Z","2026-05-21T18:20:09.038590Z",1779387605.52741,1779387609.03859,0.000476,0.000553,0.000574,3.49696,3.497102,3.496386,0.000141999999999864,3.4899,0.0212813545227051
"2026-05-21T18:20:09.273Z","run_bootstrap",244,"http://client2:8000","run","http://client2:8000/run",1,TRUE,200,1107,255,3.737056016922,"2026-05-21T18:20:05.528806Z","2026-05-21T18:20:09.265862Z",1779387605.52881,1779387609.26586,0.000487,0.000577,0.00061,3.72285,3.722982,3.72224,0.000131999999999799,3.7162,0.0208560169219969
"2026-05-21T18:20:09.273Z","run_bootstrap",244,"http://client3:8000","run","http://client3:8000/run",1,TRUE,200,1107,253,3.50217938423157,"2026-05-21T18:20:05.528306Z","2026-05-21T18:20:09.030486Z",1779387605.52831,1779387609.03049,0.000515,0.000575,0.000594,3.489718,3.489855,3.489124,0.000137000000000054,3.4809,0.0212793842315673
"2026-05-21T18:20:12.899Z","run_bootstrap",245,"http://client1:8000","run","http://client1:8000/run",1,TRUE,200,1108,251,3.60856962203979,"2026-05-21T18:20:09.286313Z","2026-05-21T18:20:12.894883Z",1779387609.28631,1779387612.89488,0.000584,0.00066,0.00069,3.595543,3.59571,3.594853,0.000166999999999806,3.5883,0.0202696220397951
"2026-05-21T18:20:12.899Z","run_bootstrap",245,"http://client2:8000","run","http://client2:8000/run",1,TRUE,200,1108,253,3.49909806251526,"2026-05-21T18:20:09.286844Z","2026-05-21T18:20:12.785942Z",1779387609.28684,1779387612.78594,0.000519,0.000609,0.000655,3.479549,3.479868,3.478894,0.00031900000000018,3.4693,0.0297980625152587
"2026-05-21T18:20:12.899Z","run_bootstrap",245,"http://client3:8000","run","http://client3:8000/run",1,TRUE,200,1108,255,3.48448276519775,"2026-05-21T18:20:09.286028Z","2026-05-21T18:20:12.770511Z",1779387609.28603,1779387612.77051,0.000612,0.000728,0.000766,3.470479,3.470631,3.469713,0.00015199999999993,3.4636,0.0208827651977539
"2026-05-21T18:20:16.734Z","run_bootstrap",246,"http://client1:8000","run","http://client1:8000/run",1,TRUE,200,1108,250,3.36929392814636,"2026-05-21T18:20:12.912177Z","2026-05-21T18:20:16.281471Z",1779387612.91218,1779387616.28147,0.000343,0.000395,0.000413,3.355132,3.355254,3.354719,0.000122000000000178,3.348,0.0212939281463624
"2026-05-21T18:20:16.734Z","run_bootstrap",246,"http://client2:8000","run","http://client2:8000/run",1,TRUE,200,1108,253,3.81408476829529,"2026-05-21T18:20:12.912772Z","2026-05-21T18:20:16.726857Z",1779387612.91277,1779387616.72686,0.000404,0.000476,0.000519,3.798732,3.798864,3.798213,0.000131999999999799,3.7906,0.0234847682952881
"2026-05-21T18:20:16.734Z","run_bootstrap",246,"http://client3:8000","run","http://client3:8000/run",1,TRUE,200,1108,255,3.58979511260986,"2026-05-21T18:20:12.912056Z","2026-05-21T18:20:16.501851Z",1779387612.91206,1779387616.50185,0.000659,0.000733,0.000756,3.576134,3.576254,3.575378,0.000119999999999898,3.5665,0.0232951126098633
"2026-05-21T18:20:20.606Z","run_bootstrap",247,"http://client1:8000","run","http://client1:8000/run",1,TRUE,200,1107,252,3.58347868919373,"2026-05-21T18:20:16.746896Z","2026-05-21T18:20:20.330374Z",1779387616.7469,1779387620.33037,0.000595,0.000677,0.00071,3.567626,3.567766,3.566916,0.000140000000000029,3.5581,0.0253786891937255
"2026-05-21T18:20:20.606Z","run_bootstrap",247,"http://client2:8000","run","http://client2:8000/run",1,TRUE,200,1107,253,3.85300159454346,"2026-05-21T18:20:16.747426Z","2026-05-21T18:20:20.600427Z",1779387616.74743,1779387620.60043,0.000502,0.000579,6e-04,3.837773,3.837937,3.837173,0.000164000000000275,3.8307,0.0223015945434568
"2026-05-21T18:20:20.606Z","run_bootstrap",247,"http://client3:8000","run","http://client3:8000/run",1,TRUE,200,1107,256,3.64477300643921,"2026-05-21T18:20:16.747944Z","2026-05-21T18:20:20.392717Z",1779387616.74794,1779387620.39272,0.000513,0.000578,0.000599,3.63062,3.630747,3.630021,0.000126999999999988,3.6212,0.023573006439209
"2026-05-21T18:20:24.488Z","run_bootstrap",248,"http://client1:8000","run","http://client1:8000/run",1,TRUE,200,1107,252,3.65930962562561,"2026-05-21T18:20:20.628195Z","2026-05-21T18:20:24.287504Z",1779387620.6282,1779387624.2875,0.000693,0.000772,0.000796,3.646947,3.647068,3.646151,0.000121000000000038,3.6386,0.0207096256256105
"2026-05-21T18:20:24.488Z","run_bootstrap",248,"http://client2:8000","run","http://client2:8000/run",1,TRUE,200,1107,253,3.85345458984375,"2026-05-21T18:20:20.628293Z","2026-05-21T18:20:24.481747Z",1779387620.62829,1779387624.48175,0.000476,0.000557,0.000589,3.839053,3.839136,3.838464,8.30000000000553e-05,3.8319,0.0215545898437499
"2026-05-21T18:20:24.488Z","run_bootstrap",248,"http://client3:8000","run","http://client3:8000/run",1,TRUE,200,1107,256,3.39443373680115,"2026-05-21T18:20:20.628198Z","2026-05-21T18:20:24.022631Z",1779387620.6282,1779387624.02263,0.000807,0.000839,0.000852,3.381785,3.381922,3.380933,0.000137000000000054,3.3721,0.0223337368011474
"2026-05-21T18:20:28.378Z","run_bootstrap",249,"http://client1:8000","run","http://client1:8000/run",1,TRUE,200,1107,251,3.70767188072205,"2026-05-21T18:20:24.502676Z","2026-05-21T18:20:28.210348Z",1779387624.50268,1779387628.21035,0.000661,0.000774,0.000809,3.693951,3.694072,3.693142,0.000120999999999594,3.6863,0.0213718807220458
"2026-05-21T18:20:28.378Z","run_bootstrap",249,"http://client2:8000","run","http://client2:8000/run",1,TRUE,200,1107,250,3.61869215965271,"2026-05-21T18:20:24.503946Z","2026-05-21T18:20:28.122638Z",1779387624.50395,1779387628.12264,0.000642,0.000761,0.000795,3.605057,3.605155,3.604262,9.79999999999315e-05,3.598,0.0206921596527101
"2026-05-21T18:20:28.378Z","run_bootstrap",249,"http://client3:8000","run","http://client3:8000/run",1,TRUE,200,1107,257,3.86668086051941,"2026-05-21T18:20:24.504513Z","2026-05-21T18:20:28.371194Z",1779387624.50451,1779387628.37119,0.000565,0.000709,0.000745,3.846316,3.846472,3.845571,0.000156000000000045,3.8394,0.0272808605194093
"2026-05-21T18:20:32.288Z","run_bootstrap",250,"http://client1:8000","run","http://client1:8000/run",1,TRUE,200,1107,251,3.66190195083618,"2026-05-21T18:20:28.396562Z","2026-05-21T18:20:32.058464Z",1779387628.39656,1779387632.05846,0.000691,0.000809,0.000864,3.640159,3.640308,3.639295,0.000148999999999955,3.6324,0.0295019508361816
"2026-05-21T18:20:32.288Z","run_bootstrap",250,"http://client2:8000","run","http://client2:8000/run",1,TRUE,200,1107,251,3.88468146324158,"2026-05-21T18:20:28.396890Z","2026-05-21T18:20:32.281571Z",1779387628.39689,1779387632.28157,0.000689,0.000809,0.000864,3.862924,3.863067,3.86206,0.000143000000000004,3.8555,0.029181463241577
"2026-05-21T18:20:32.288Z","run_bootstrap",250,"http://client3:8000","run","http://client3:8000/run",1,TRUE,200,1107,257,3.69990873336792,"2026-05-21T18:20:28.397404Z","2026-05-21T18:20:32.097313Z",1779387628.3974,1779387632.09731,0.000727,0.000808,0.000866,3.678661,3.678795,3.677795,0.000134000000000079,3.6712,0.0287087333679201
"2026-05-21T18:20:36.116Z","run_bootstrap",251,"http://client1:8000","run","http://client1:8000/run",1,TRUE,200,1106,252,3.56469893455505,"2026-05-21T18:20:32.302611Z","2026-05-21T18:20:35.867310Z",1779387632.30261,1779387635.86731,0.000717,0.000796,0.000817,3.550156,3.55028,3.549339,0.000124000000000013,3.5422,0.0224989345550539
"2026-05-21T18:20:36.116Z","run_bootstrap",251,"http://client2:8000","run","http://client2:8000/run",1,TRUE,200,1106,251,3.65909481048584,"2026-05-21T18:20:32.303136Z","2026-05-21T18:20:35.962231Z",1779387632.30314,1779387635.96223,0.000617,0.000682,0.000703,3.638888,3.639038,3.638185,0.000150000000000095,3.6319,0.0271948104858399
"2026-05-21T18:20:36.116Z","run_bootstrap",251,"http://client3:8000","run","http://client3:8000/run",1,TRUE,200,1106,255,3.80900359153748,"2026-05-21T18:20:32.303230Z","2026-05-21T18:20:36.112234Z",1779387632.30323,1779387636.11223,0.000734,0.000797,0.000817,3.795875,3.795996,3.795058,0.000121000000000038,3.7885,0.0205035915374756
"2026-05-21T18:20:39.997Z","run_bootstrap",252,"http://client1:8000","run","http://client1:8000/run",1,TRUE,200,1106,251,3.58578896522522,"2026-05-21T18:20:36.129851Z","2026-05-21T18:20:39.715640Z",1779387636.12985,1779387639.71564,0.00063,0.000732,0.000763,3.56976,3.569911,3.568997,0.00015099999999979,3.561,0.0247889652252198
"2026-05-21T18:20:39.997Z","run_bootstrap",252,"http://client2:8000","run","http://client2:8000/run",1,TRUE,200,1106,251,3.86247444152832,"2026-05-21T18:20:36.130338Z","2026-05-21T18:20:39.992813Z",1779387636.13034,1779387639.99281,0.000552,0.000623,0.000646,3.846387,3.846521,3.845741,0.000134000000000079,3.8372,0.0252744415283201
"2026-05-21T18:20:39.997Z","run_bootstrap",252,"http://client3:8000","run","http://client3:8000/run",1,TRUE,200,1106,255,3.66290283203125,"2026-05-21T18:20:36.130976Z","2026-05-21T18:20:39.793879Z",1779387636.13098,1779387639.79388,0.000503,0.000609,0.000638,3.642754,3.642888,3.642116,0.000134000000000079,3.6346,0.0283028320312502
"2026-05-21T18:20:43.867Z","run_bootstrap",253,"http://client1:8000","run","http://client1:8000/run",1,TRUE,200,1109,252,3.60782122612,"2026-05-21T18:20:40.010729Z","2026-05-21T18:20:43.618550Z",1779387640.01073,1779387643.61855,0.000474,0.000552,0.000604,3.58777,3.587904,3.587166,0.000134000000000079,3.5649,0.0429212261199949
"2026-05-21T18:20:43.867Z","run_bootstrap",253,"http://client2:8000","run","http://client2:8000/run",1,TRUE,200,1109,251,3.74726414680481,"2026-05-21T18:20:40.011430Z","2026-05-21T18:20:43.758695Z",1779387640.01143,1779387643.7587,0.000557,0.00062,0.000639,3.72795,3.728076,3.727311,0.000126000000000293,3.7131,0.0341641468048097
"2026-05-21T18:20:43.867Z","run_bootstrap",253,"http://client3:8000","run","http://client3:8000/run",1,TRUE,200,1109,255,3.85112190246582,"2026-05-21T18:20:40.010474Z","2026-05-21T18:20:43.861596Z",1779387640.01047,1779387643.8616,0.000536,0.000623,0.000671,3.83084,3.830966,3.830169,0.000126000000000293,3.817,0.0341219024658201
"2026-05-21T18:20:47.689Z","run_bootstrap",254,"http://client1:8000","run","http://client1:8000/run",1,TRUE,200,1109,252,3.71443319320679,"2026-05-21T18:20:43.883180Z","2026-05-21T18:20:47.597613Z",1779387643.88318,1779387647.59761,0.000412,0.000501,0.000534,3.693202,3.693345,3.692668,0.000143000000000004,3.6834,0.0310331932067873
"2026-05-21T18:20:47.689Z","run_bootstrap",254,"http://client2:8000","run","http://client2:8000/run",1,TRUE,200,1109,251,3.51553392410278,"2026-05-21T18:20:43.883584Z","2026-05-21T18:20:47.399118Z",1779387643.88358,1779387647.39912,0.000553,0.000658,0.000693,3.497265,3.497428,3.496572,0.000163000000000135,3.4887,0.0268339241027831
"2026-05-21T18:20:47.689Z","run_bootstrap",254,"http://client3:8000","run","http://client3:8000/run",1,TRUE,200,1109,256,3.79833674430847,"2026-05-21T18:20:43.884147Z","2026-05-21T18:20:47.682484Z",1779387643.88415,1779387647.68248,0.000673,0.000789,0.000833,3.777958,3.778114,3.777125,0.000156000000000045,3.7699,0.0284367443084719
"2026-05-21T18:20:51.463Z","run_bootstrap",255,"http://client1:8000","run","http://client1:8000/run",1,TRUE,200,1104,252,3.7556254863739,"2026-05-21T18:20:47.702951Z","2026-05-21T18:20:51.458577Z",1779387647.70295,1779387651.45858,0.000593,0.000694,0.000728,3.742586,3.742732,3.741858,0.000145999999999979,3.7342,0.0214254863739014
"2026-05-21T18:20:51.463Z","run_bootstrap",255,"http://client2:8000","run","http://client2:8000/run",1,TRUE,200,1104,253,3.68467307090759,"2026-05-21T18:20:47.703611Z","2026-05-21T18:20:51.388284Z",1779387647.70361,1779387651.38828,0.000592,0.00068,0.000711,3.664936,3.665085,3.664225,0.000148999999999955,3.6574,0.0272730709075928
"2026-05-21T18:20:51.463Z","run_bootstrap",255,"http://client3:8000","run","http://client3:8000/run",1,TRUE,200,1104,257,3.64719319343567,"2026-05-21T18:20:47.702815Z","2026-05-21T18:20:51.350008Z",1779387647.70282,1779387651.35001,0.000566,0.000682,0.000723,3.63344,3.63353,3.632717,9.00000000001455e-05,3.6262,0.0209931934356691
"2026-05-21T18:20:55.453Z","run_bootstrap",256,"http://client1:8000","run","http://client1:8000/run",1,TRUE,200,1104,252,3.67739248275757,"2026-05-21T18:20:51.478527Z","2026-05-21T18:20:55.155920Z",1779387651.47853,1779387655.15592,0.000418,0.000511,0.000533,3.662222,3.662356,3.661689,0.000134000000000079,3.6539,0.0234924827575682
"2026-05-21T18:20:55.453Z","run_bootstrap",256,"http://client2:8000","run","http://client2:8000/run",1,TRUE,200,1104,253,3.96984076499939,"2026-05-21T18:20:51.479345Z","2026-05-21T18:20:55.449186Z",1779387651.47935,1779387655.44919,0.00069,0.000772,0.000803,3.956216,3.956343,3.955413,0.000126999999999988,3.9474,0.0224407649993896
"2026-05-21T18:20:55.453Z","run_bootstrap",256,"http://client3:8000","run","http://client3:8000/run",1,TRUE,200,1104,257,3.74533939361572,"2026-05-21T18:20:51.479971Z","2026-05-21T18:20:55.225311Z",1779387651.47997,1779387655.22531,0.000568,0.000654,0.000689,3.731819,3.731956,3.73113,0.00013699999999961,3.7243,0.0210393936157227
"2026-05-21T18:20:59.476Z","run_bootstrap",257,"http://client1:8000","run","http://client1:8000/run",1,TRUE,200,1108,250,3.74668073654175,"2026-05-21T18:20:55.470031Z","2026-05-21T18:20:59.216712Z",1779387655.47003,1779387659.21671,0.000369,0.00047,0.000511,3.725595,3.725741,3.725084,0.000145999999999979,3.7175,0.0291807365417482
"2026-05-21T18:20:59.476Z","run_bootstrap",257,"http://client2:8000","run","http://client2:8000/run",1,TRUE,200,1108,249,3.82357788085938,"2026-05-21T18:20:55.470626Z","2026-05-21T18:20:59.294204Z",1779387655.47063,1779387659.2942,0.000514,0.000584,0.000613,3.809748,3.809889,3.809135,0.000141000000000169,3.8028,0.020777880859375
"2026-05-21T18:20:59.476Z","run_bootstrap",257,"http://client3:8000","run","http://client3:8000/run",1,TRUE,200,1108,256,3.99933815002441,"2026-05-21T18:20:55.469875Z","2026-05-21T18:20:59.469213Z",1779387655.46988,1779387659.46921,0.000624,0.000744,0.000785,3.985281,3.985423,3.984496,0.000141999999999864,3.9779,0.0214381500244141
"2026-05-21T18:21:03.526Z","run_bootstrap",258,"http://client1:8000","run","http://client1:8000/run",1,TRUE,200,1108,249,4.02479243278503,"2026-05-21T18:20:59.495044Z","2026-05-21T18:21:03.519837Z",1779387659.49504,1779387663.51984,0.000789,0.000907,0.000943,4.009599,4.009738,4.008656,0.000138999999999889,3.986,0.038792432785034
"2026-05-21T18:21:03.526Z","run_bootstrap",258,"http://client2:8000","run","http://client2:8000/run",1,TRUE,200,1108,248,3.88826274871826,"2026-05-21T18:20:59.496811Z","2026-05-21T18:21:03.385074Z",1779387659.49681,1779387663.38507,0.000545,0.000629,0.000663,3.866045,3.866182,3.865382,0.00013699999999961,3.859,0.0292627487182617
"2026-05-21T18:21:03.526Z","run_bootstrap",258,"http://client3:8000","run","http://client3:8000/run",1,TRUE,200,1108,255,3.838627576828,"2026-05-21T18:20:59.497065Z","2026-05-21T18:21:03.335692Z",1779387659.49707,1779387663.33569,0.000574,0.000664,0.000699,3.821916,3.822058,3.821217,0.000142000000000309,3.815,0.023627576828003
"2026-05-21T18:21:07.441Z","run_bootstrap",259,"http://client1:8000","run","http://client1:8000/run",1,TRUE,200,1108,247,3.84819054603577,"2026-05-21T18:21:03.540807Z","2026-05-21T18:21:07.388998Z",1779387663.54081,1779387667.389,0.000684,0.000774,0.000793,3.826366,3.826516,3.825573,0.00014999999999965,3.8181,0.0300905460357668
"2026-05-21T18:21:07.441Z","run_bootstrap",259,"http://client2:8000","run","http://client2:8000/run",1,TRUE,200,1108,250,3.76328325271606,"2026-05-21T18:21:03.541528Z","2026-05-21T18:21:07.304811Z",1779387663.54153,1779387667.30481,0.000604,0.000686,0.000704,3.742068,3.742192,3.741364,0.000124000000000013,3.7346,0.0286832527160645
"2026-05-21T18:21:07.441Z","run_bootstrap",259,"http://client3:8000","run","http://client3:8000/run",1,TRUE,200,1108,257,3.89476776123047,"2026-05-21T18:21:03.542380Z","2026-05-21T18:21:07.437148Z",1779387663.54238,1779387667.43715,0.000584,0.000674,0.00071,3.875225,3.875342,3.874515,0.000116999999999923,3.8679,0.0268677612304686
"2026-05-21T18:21:11.538Z","run_bootstrap",260,"http://client1:8000","run","http://client1:8000/run",1,TRUE,200,1108,247,4.01858258247375,"2026-05-21T18:21:07.456827Z","2026-05-21T18:21:11.475410Z",1779387667.45683,1779387671.47541,0.000699,0.000782,0.000814,4.004591,4.004724,4.003777,0.000133000000000827,3.8437,0.174882582473755
"2026-05-21T18:21:11.538Z","run_bootstrap",260,"http://client2:8000","run","http://client2:8000/run",1,TRUE,200,1108,250,3.83760738372803,"2026-05-21T18:21:07.457489Z","2026-05-21T18:21:11.295096Z",1779387667.45749,1779387671.2951,0.000563,0.000641,0.000672,3.821804,3.821926,3.821132,0.000121999999999733,3.6355,0.202107383728027
"2026-05-21T18:21:11.538Z","run_bootstrap",260,"http://client3:8000","run","http://client3:8000/run",1,TRUE,200,1108,257,4.07679486274719,"2026-05-21T18:21:07.457439Z","2026-05-21T18:21:11.534234Z",1779387667.45744,1779387671.53423,0.000639,0.000716,0.000739,4.063456,4.063576,4.062717,0.000119999999999898,3.8819,0.194894862747192
"2026-05-21T18:21:15.257Z","run_bootstrap",261,"http://client1:8000","run","http://client1:8000/run",1,TRUE,200,1107,251,3.45224547386169,"2026-05-21T18:21:11.550731Z","2026-05-21T18:21:15.002977Z",1779387671.55073,1779387675.00298,0.000789,0.00085,0.00087,3.438234,3.438417,3.437364,0.000182999999999822,3.4306,0.0216454738616942
"2026-05-21T18:21:15.257Z","run_bootstrap",261,"http://client2:8000","run","http://client2:8000/run",1,TRUE,200,1107,252,3.69134402275085,"2026-05-21T18:21:11.551259Z","2026-05-21T18:21:15.242604Z",1779387671.55126,1779387675.2426,0.000522,0.000614,0.000667,3.675949,3.676041,3.675282,9.1999999999981e-05,3.6696,0.0217440227508545
"2026-05-21T18:21:15.257Z","run_bootstrap",261,"http://client3:8000","run","http://client3:8000/run",1,TRUE,200,1107,257,3.70061421394348,"2026-05-21T18:21:11.550687Z","2026-05-21T18:21:15.251301Z",1779387671.55069,1779387675.2513,0.000599,0.000721,0.000743,3.685961,3.686112,3.685218,0.000151000000000234,3.6794,0.0212142139434817
"2026-05-21T18:21:18.939Z","run_bootstrap",262,"http://client1:8000","run","http://client1:8000/run",1,TRUE,200,1107,251,3.66298532485962,"2026-05-21T18:21:15.269678Z","2026-05-21T18:21:18.932664Z",1779387675.26968,1779387678.93266,0.000616,0.000727,0.000764,3.649323,3.64947,3.648559,0.000147000000000119,3.6421,0.020885324859619
"2026-05-21T18:21:18.939Z","run_bootstrap",262,"http://client2:8000","run","http://client2:8000/run",1,TRUE,200,1107,252,3.35705327987671,"2026-05-21T18:21:15.270987Z","2026-05-21T18:21:18.628041Z",1779387675.27099,1779387678.62804,0.000587,0.000678,0.00072,3.343206,3.34337,3.342486,0.000164000000000275,3.3363,0.0207532798767089
"2026-05-21T18:21:18.939Z","run_bootstrap",262,"http://client3:8000","run","http://client3:8000/run",1,TRUE,200,1107,256,3.47162342071533,"2026-05-21T18:21:15.271691Z","2026-05-21T18:21:18.743314Z",1779387675.27169,1779387678.74331,0.00055,0.000664,0.000702,3.458419,3.458543,3.457717,0.000124000000000013,3.451,0.020623420715332
"2026-05-21T18:21:22.676Z","run_bootstrap",263,"http://client1:8000","run","http://client1:8000/run",1,TRUE,200,1107,249,3.45359563827515,"2026-05-21T18:21:18.952940Z","2026-05-21T18:21:22.406536Z",1779387678.95294,1779387682.40654,0.000577,0.000637,0.000657,3.439546,3.439668,3.438889,0.000122000000000178,3.4321,0.0214956382751463
"2026-05-21T18:21:22.676Z","run_bootstrap",263,"http://client2:8000","run","http://client2:8000/run",1,TRUE,200,1107,250,3.71767449378967,"2026-05-21T18:21:18.953852Z","2026-05-21T18:21:22.671526Z",1779387678.95385,1779387682.67153,0.000562,0.000637,0.000657,3.704449,3.704573,3.703792,0.000124000000000013,3.6966,0.0210744937896727
"2026-05-21T18:21:22.676Z","run_bootstrap",263,"http://client3:8000","run","http://client3:8000/run",1,TRUE,200,1107,257,3.48570370674133,"2026-05-21T18:21:18.953919Z","2026-05-21T18:21:22.439623Z",1779387678.95392,1779387682.43962,0.000434,0.00051,0.000542,3.472112,3.472246,3.47157,0.000134000000000079,3.4653,0.020403706741333
"2026-05-21T18:21:26.451Z","run_bootstrap",264,"http://client1:8000","run","http://client1:8000/run",1,TRUE,200,1107,249,3.58181715011597,"2026-05-21T18:21:22.688261Z","2026-05-21T18:21:26.270078Z",1779387682.68826,1779387686.27008,0.000646,0.000756,0.000793,3.561862,3.561934,3.561069,7.199999999985e-05,3.5543,0.0275171501159668
"2026-05-21T18:21:26.451Z","run_bootstrap",264,"http://client2:8000","run","http://client2:8000/run",1,TRUE,200,1107,250,3.47641372680664,"2026-05-21T18:21:22.690538Z","2026-05-21T18:21:26.166952Z",1779387682.69054,1779387686.16695,0.000701,0.000813,0.000849,3.455818,3.455905,3.454969,8.70000000001703e-05,3.4489,0.0275137268066405
"2026-05-21T18:21:26.451Z","run_bootstrap",264,"http://client3:8000","run","http://client3:8000/run",1,TRUE,200,1107,257,3.75348544120789,"2026-05-21T18:21:22.690944Z","2026-05-21T18:21:26.444430Z",1779387682.69094,1779387686.44443,0.000738,0.00085,0.000884,3.72596,3.726098,3.725076,0.000137999999999749,3.7189,0.0345854412078856
"2026-05-21T18:21:30.122Z","run_bootstrap",265,"http://client1:8000","run","http://client1:8000/run",1,TRUE,200,1107,250,3.56816840171814,"2026-05-21T18:21:26.472307Z","2026-05-21T18:21:30.040475Z",1779387686.47231,1779387690.04048,0.000685,0.000766,0.000789,3.546526,3.546671,3.545737,0.00014499999999984,3.5389,0.0292684017181397
"2026-05-21T18:21:30.122Z","run_bootstrap",265,"http://client2:8000","run","http://client2:8000/run",1,TRUE,200,1107,252,3.6451404094696,"2026-05-21T18:21:26.473089Z","2026-05-21T18:21:30.118229Z",1779387686.47309,1779387690.11823,0.000694,0.000773,0.000804,3.624397,3.624504,3.623593,0.000106999999999857,3.6175,0.0276404094696043
"2026-05-21T18:21:30.122Z","run_bootstrap",265,"http://client3:8000","run","http://client3:8000/run",1,TRUE,200,1107,255,3.58683323860168,"2026-05-21T18:21:26.473440Z","2026-05-21T18:21:30.060273Z",1779387686.47344,1779387690.06027,0.000779,0.000848,0.000878,3.566239,3.566359,3.565361,0.000119999999999898,3.559,0.0278332386016844
"2026-05-21T18:21:33.827Z","run_bootstrap",266,"http://client1:8000","run","http://client1:8000/run",1,TRUE,200,1107,250,3.68549585342407,"2026-05-21T18:21:30.134422Z","2026-05-21T18:21:33.819918Z",1779387690.13442,1779387693.81992,0.000617,0.000726,0.000762,3.671242,3.671379,3.67048,0.000137000000000054,3.6639,0.0215958534240723
"2026-05-21T18:21:33.827Z","run_bootstrap",266,"http://client2:8000","run","http://client2:8000/run",1,TRUE,200,1107,252,3.56094741821289,"2026-05-21T18:21:30.136521Z","2026-05-21T18:21:33.697468Z",1779387690.13652,1779387693.69747,0.000501,0.000624,0.000661,3.543974,3.544142,3.543313,0.000167999999999946,3.5257,0.0352474182128906
"2026-05-21T18:21:33.827Z","run_bootstrap",266,"http://client3:8000","run","http://client3:8000/run",1,TRUE,200,1107,256,3.30753135681152,"2026-05-21T18:21:30.136880Z","2026-05-21T18:21:33.444411Z",1779387690.13688,1779387693.44441,0.000524,0.000638,0.000676,3.290934,3.291026,3.290258,9.1999999999981e-05,3.2665,0.0410313568115233
"2026-05-21T18:21:37.667Z","run_bootstrap",267,"http://client1:8000","run","http://client1:8000/run",1,TRUE,200,1107,250,3.67918920516968,"2026-05-21T18:21:33.840506Z","2026-05-21T18:21:37.519695Z",1779387693.84051,1779387697.5197,0.000765,0.000841,0.00087,3.661829,3.66196,3.660959,0.000131000000000103,3.6429,0.0362892051696777
"2026-05-21T18:21:37.667Z","run_bootstrap",267,"http://client2:8000","run","http://client2:8000/run",1,TRUE,200,1107,250,3.82223153114319,"2026-05-21T18:21:33.840426Z","2026-05-21T18:21:37.662657Z",1779387693.84043,1779387697.66266,0.000717,0.000828,0.000866,3.808597,3.808751,3.807731,0.00015400000000021,3.8014,0.0208315311431884
"2026-05-21T18:21:37.667Z","run_bootstrap",267,"http://client3:8000","run","http://client3:8000/run",1,TRUE,200,1107,252,3.42527723312378,"2026-05-21T18:21:33.841364Z","2026-05-21T18:21:37.266641Z",1779387693.84136,1779387697.26664,0.000567,0.000688,0.000735,3.407954,3.408129,3.407219,0.000175000000000036,3.4,0.0252772331237794
"2026-05-21T18:21:41.578Z","run_bootstrap",268,"http://client1:8000","run","http://client1:8000/run",1,TRUE,200,1107,250,3.89335656166077,"2026-05-21T18:21:37.680010Z","2026-05-21T18:21:41.573366Z",1779387697.68001,1779387701.57337,0.000575,0.000668,7e-04,3.876357,3.876499,3.875657,0.000141999999999864,3.8596,0.0337565616607667
"2026-05-21T18:21:41.578Z","run_bootstrap",268,"http://client2:8000","run","http://client2:8000/run",1,TRUE,200,1107,250,3.67367315292358,"2026-05-21T18:21:37.680772Z","2026-05-21T18:21:41.354445Z",1779387697.68077,1779387701.35445,0.000561,7e-04,0.000736,3.653286,3.653417,3.65255,0.000131000000000103,3.6453,0.0283731529235838
"2026-05-21T18:21:41.578Z","run_bootstrap",268,"http://client3:8000","run","http://client3:8000/run",1,TRUE,200,1107,255,3.5648512840271,"2026-05-21T18:21:37.680180Z","2026-05-21T18:21:41.245032Z",1779387697.68018,1779387701.24503,0.00066,0.000787,0.000824,3.550597,3.550743,3.549773,0.000146000000000424,3.5396,0.0252512840270995
"2026-05-21T18:21:45.488Z","run_bootstrap",269,"http://client1:8000","run","http://client1:8000/run",1,TRUE,200,1108,250,3.71798372268677,"2026-05-21T18:21:41.588801Z","2026-05-21T18:21:45.306785Z",1779387701.5888,1779387705.30679,0.000783,0.00087,0.000894,3.704243,3.70436,3.703349,0.000116999999999923,3.687,0.0309837226867677
"2026-05-21T18:21:45.488Z","run_bootstrap",269,"http://client2:8000","run","http://client2:8000/run",1,TRUE,200,1108,252,3.63510155677795,"2026-05-21T18:21:41.591157Z","2026-05-21T18:21:45.226259Z",1779387701.59116,1779387705.22626,0.000455,0.000519,0.000622,3.619793,3.619923,3.619171,0.000129999999999963,3.6119,0.0232015567779542
"2026-05-21T18:21:45.488Z","run_bootstrap",269,"http://client3:8000","run","http://client3:8000/run",1,TRUE,200,1108,256,3.89215397834778,"2026-05-21T18:21:41.591687Z","2026-05-21T18:21:45.483841Z",1779387701.59169,1779387705.48384,0.000657,0.000748,0.000781,3.870741,3.870874,3.86996,0.000132999999999939,3.8625,0.0296539783477785
"2026-05-21T18:21:49.430Z","run_bootstrap",270,"http://client1:8000","run","http://client1:8000/run",1,TRUE,200,1108,251,3.7465991973877,"2026-05-21T18:21:45.503273Z","2026-05-21T18:21:49.249873Z",1779387705.50327,1779387709.24987,0.000721,0.000768,0.000786,3.729828,3.729935,3.729042,0.000106999999999857,3.7153,0.0312991973876953
"2026-05-21T18:21:49.430Z","run_bootstrap",270,"http://client2:8000","run","http://client2:8000/run",1,TRUE,200,1108,252,3.68741416931152,"2026-05-21T18:21:45.503665Z","2026-05-21T18:21:49.191079Z",1779387705.50367,1779387709.19108,0.000605,0.00068,0.000711,3.66979,3.669893,3.669079,0.000103000000000186,3.6608,0.0266141693115234
"2026-05-21T18:21:49.430Z","run_bootstrap",270,"http://client3:8000","run","http://client3:8000/run",1,TRUE,200,1108,256,3.92030191421509,"2026-05-21T18:21:45.502714Z","2026-05-21T18:21:49.423016Z",1779387705.50271,1779387709.42302,0.000586,0.000662,0.000684,3.902172,3.902299,3.901488,0.000126999999999988,3.8946,0.0257019142150878
"2026-05-21T18:21:53.233Z","run_bootstrap",271,"http://client1:8000","run","http://client1:8000/run",1,TRUE,200,1107,250,3.74908924102783,"2026-05-21T18:21:49.449971Z","2026-05-21T18:21:53.199060Z",1779387709.44997,1779387713.19906,0.000704,0.000787,0.000809,3.731593,3.731745,3.730784,0.00015199999999993,3.7215,0.0275892410278322
"2026-05-21T18:21:53.233Z","run_bootstrap",271,"http://client2:8000","run","http://client2:8000/run",1,TRUE,200,1107,251,3.74974179267883,"2026-05-21T18:21:49.450665Z","2026-05-21T18:21:53.200407Z",1779387709.45067,1779387713.20041,0.000365,0.000447,0.000478,3.729478,3.72963,3.729,0.00015199999999993,3.7119,0.037841792678833
"2026-05-21T18:21:53.233Z","run_bootstrap",271,"http://client3:8000","run","http://client3:8000/run",1,TRUE,200,1107,255,3.77875185012817,"2026-05-21T18:21:49.449859Z","2026-05-21T18:21:53.228611Z",1779387709.44986,1779387713.22861,0.000662,0.000769,0.000804,3.765008,3.765132,3.764204,0.000124000000000013,3.747,0.0317518501281739
"2026-05-21T18:21:57.135Z","run_bootstrap",272,"http://client1:8000","run","http://client1:8000/run",1,TRUE,200,1107,250,3.78509926795959,"2026-05-21T18:21:53.246649Z","2026-05-21T18:21:57.031748Z",1779387713.24665,1779387717.03175,0.000445,0.000552,0.000594,3.765601,3.765749,3.765007,0.000147999999999815,3.7573,0.0277992679595949
"2026-05-21T18:21:57.135Z","run_bootstrap",272,"http://client2:8000","run","http://client2:8000/run",1,TRUE,200,1107,251,3.71437287330627,"2026-05-21T18:21:53.247212Z","2026-05-21T18:21:56.961585Z",1779387713.24721,1779387716.96159,0.000568,0.00067,0.000705,3.697824,3.697953,3.697119,0.000128999999999824,3.6907,0.0236728733062743
"2026-05-21T18:21:57.135Z","run_bootstrap",272,"http://client3:8000","run","http://client3:8000/run",1,TRUE,200,1107,256,3.88224697113037,"2026-05-21T18:21:53.247785Z","2026-05-21T18:21:57.130032Z",1779387713.24779,1779387717.13003,0.000513,0.000606,0.000643,3.863227,3.863362,3.862584,0.000134999999999774,3.8549,0.0273469711303709
"2026-05-21T18:22:01.071Z","run_bootstrap",273,"http://client1:8000","run","http://client1:8000/run",1,TRUE,200,1107,251,3.91787815093994,"2026-05-21T18:21:57.147790Z","2026-05-21T18:22:01.065669Z",1779387717.14779,1779387721.06567,0.000571,0.00064,0.000664,3.902208,3.902334,3.901544,0.000126000000000293,3.8947,0.0231781509399416
"2026-05-21T18:22:01.071Z","run_bootstrap",273,"http://client2:8000","run","http://client2:8000/run",1,TRUE,200,1107,250,3.69887638092041,"2026-05-21T18:21:57.147734Z","2026-05-21T18:22:00.846611Z",1779387717.14773,1779387720.84661,0.000687,0.000798,0.000837,3.684535,3.684703,3.683698,0.000167999999999946,3.6766,0.0222763809204101
"2026-05-21T18:22:01.071Z","run_bootstrap",273,"http://client3:8000","run","http://client3:8000/run",1,TRUE,200,1107,255,3.65077447891235,"2026-05-21T18:21:57.149082Z","2026-05-21T18:22:00.799857Z",1779387717.14908,1779387720.79986,0.000572,0.000686,0.000728,3.63641,3.636549,3.635682,0.000138999999999889,3.6288,0.0219744789123535
"2026-05-21T18:22:05.017Z","run_bootstrap",274,"http://client1:8000","run","http://client1:8000/run",1,TRUE,200,1107,250,3.76144433021545,"2026-05-21T18:22:01.084568Z","2026-05-21T18:22:04.846012Z",1779387721.08457,1779387724.84601,0.000664,0.000771,0.000805,3.746512,3.746652,3.745707,0.000140000000000029,3.738,0.0234443302154541
"2026-05-21T18:22:05.017Z","run_bootstrap",274,"http://client2:8000","run","http://client2:8000/run",1,TRUE,200,1107,250,3.69622015953064,"2026-05-21T18:22:01.085245Z","2026-05-21T18:22:04.781465Z",1779387721.08525,1779387724.78147,0.00066,0.000751,0.00079,3.673976,3.674147,3.673186,0.000170999999999921,3.6631,0.0331201595306396
"2026-05-21T18:22:05.017Z","run_bootstrap",274,"http://client3:8000","run","http://client3:8000/run",1,TRUE,200,1107,255,3.92415809631348,"2026-05-21T18:22:01.085840Z","2026-05-21T18:22:05.009998Z",1779387721.08584,1779387725.01,0.000472,0.000588,0.000628,3.90209,3.902227,3.901462,0.000137000000000054,3.8947,0.0294580963134767
"2026-05-21T18:22:08.963Z","run_bootstrap",275,"http://client1:8000","run","http://client1:8000/run",1,TRUE,200,1107,250,3.92911863327026,"2026-05-21T18:22:05.030018Z","2026-05-21T18:22:08.959136Z",1779387725.03002,1779387728.95914,0.000742,0.00084,0.00088,3.909056,3.909109,3.908176,5.29999999998587e-05,3.901,0.0281186332702639
"2026-05-21T18:22:08.963Z","run_bootstrap",275,"http://client2:8000","run","http://client2:8000/run",1,TRUE,200,1107,252,3.69520854949951,"2026-05-21T18:22:05.029772Z","2026-05-21T18:22:08.724981Z",1779387725.02977,1779387728.72498,0.000721,0.000845,0.00089,3.674774,3.674825,3.673884,5.09999999995792e-05,3.6665,0.0287085494995116
"2026-05-21T18:22:08.963Z","run_bootstrap",275,"http://client3:8000","run","http://client3:8000/run",1,TRUE,200,1107,256,3.75592684745789,"2026-05-21T18:22:05.029767Z","2026-05-21T18:22:08.785694Z",1779387725.02977,1779387728.78569,0.000754,0.000831,0.000871,3.73446,3.734511,3.733589,5.10000000000232e-05,3.7272,0.0287268474578859
"2026-05-21T18:22:12.901Z","run_bootstrap",276,"http://client1:8000","run","http://client1:8000/run",1,TRUE,200,1107,251,3.7330641746521,"2026-05-21T18:22:08.977643Z","2026-05-21T18:22:12.710707Z",1779387728.97764,1779387732.71071,0.000682,0.000794,0.000829,3.719841,3.719984,3.719012,0.000143000000000004,3.7121,0.0209641746520997
"2026-05-21T18:22:12.901Z","run_bootstrap",276,"http://client2:8000","run","http://client2:8000/run",1,TRUE,200,1107,252,3.65858316421509,"2026-05-21T18:22:08.979749Z","2026-05-21T18:22:12.638332Z",1779387728.97975,1779387732.63833,0.000695,0.000807,0.000843,3.638034,3.638165,3.637191,0.000130999999999659,3.6303,0.0282831642150878
"2026-05-21T18:22:12.901Z","run_bootstrap",276,"http://client3:8000","run","http://client3:8000/run",1,TRUE,200,1107,256,3.91709494590759,"2026-05-21T18:22:08.980150Z","2026-05-21T18:22:12.897245Z",1779387728.98015,1779387732.89725,0.00058,0.000669,0.000704,3.896531,3.896682,3.895827,0.000151000000000234,3.8891,0.0279949459075928
"2026-05-21T18:22:16.872Z","run_bootstrap",277,"http://client1:8000","run","http://client1:8000/run",1,TRUE,200,1108,251,3.82027053833008,"2026-05-21T18:22:12.912271Z","2026-05-21T18:22:16.732541Z",1779387732.91227,1779387736.73254,0.000778,0.000859,0.001171,3.806788,3.806944,3.805617,0.000156000000000045,3.7976,0.022670538330078
"2026-05-21T18:22:16.872Z","run_bootstrap",277,"http://client2:8000","run","http://client2:8000/run",1,TRUE,200,1108,252,3.72226238250732,"2026-05-21T18:22:12.914631Z","2026-05-21T18:22:16.636894Z",1779387732.91463,1779387736.63689,0.000604,0.000683,0.000716,3.704046,3.704187,3.70333,0.000141000000000169,3.6957,0.0265623825073242
"2026-05-21T18:22:16.872Z","run_bootstrap",277,"http://client3:8000","run","http://client3:8000/run",1,TRUE,200,1108,256,3.95271825790405,"2026-05-21T18:22:12.915082Z","2026-05-21T18:22:16.867800Z",1779387732.91508,1779387736.8678,0.000629,0.000724,0.000761,3.934495,3.934634,3.933734,0.000138999999999889,3.9259,0.0268182579040528
"2026-05-21T18:22:20.705Z","run_bootstrap",278,"http://client1:8000","run","http://client1:8000/run",1,TRUE,200,1108,251,3.71993851661682,"2026-05-21T18:22:16.885457Z","2026-05-21T18:22:20.605396Z",1779387736.88546,1779387740.6054,0.000522,0.000615,0.000648,3.703106,3.703251,3.702458,0.00014499999999984,3.6935,0.0264385166168215
"2026-05-21T18:22:20.705Z","run_bootstrap",278,"http://client2:8000","run","http://client2:8000/run",1,TRUE,200,1108,252,3.81047606468201,"2026-05-21T18:22:16.886313Z","2026-05-21T18:22:20.696789Z",1779387736.88631,1779387740.69679,5e-04,0.000577,0.000609,3.794002,3.794155,3.793393,0.00015300000000007,3.7856,0.0248760646820068
"2026-05-21T18:22:20.705Z","run_bootstrap",278,"http://client3:8000","run","http://client3:8000/run",1,TRUE,200,1108,256,3.81266856193542,"2026-05-21T18:22:16.885581Z","2026-05-21T18:22:20.698250Z",1779387736.88558,1779387740.69825,0.000631,0.000744,0.00078,3.798492,3.798595,3.797712,0.000103000000000186,3.7888,0.0238685619354246
"2026-05-21T18:22:24.550Z","run_bootstrap",279,"http://client1:8000","run","http://client1:8000/run",1,TRUE,200,1107,250,3.60573220252991,"2026-05-21T18:22:20.719376Z","2026-05-21T18:22:24.325109Z",1779387740.71938,1779387744.32511,0.000558,0.000715,0.000756,3.588982,3.589072,3.588226,8.99999999997014e-05,3.5808,0.0249322025299072
"2026-05-21T18:22:24.550Z","run_bootstrap",279,"http://client2:8000","run","http://client2:8000/run",1,TRUE,200,1107,251,3.82465147972107,"2026-05-21T18:22:20.719583Z","2026-05-21T18:22:24.544235Z",1779387740.71958,1779387744.54424,0.00084,0.000961,0.000996,3.810112,3.810251,3.809116,0.000138999999999889,3.8014,0.0232514797210692
"2026-05-21T18:22:24.550Z","run_bootstrap",279,"http://client3:8000","run","http://client3:8000/run",1,TRUE,200,1107,253,3.80165266990662,"2026-05-21T18:22:20.720368Z","2026-05-21T18:22:24.522021Z",1779387740.72037,1779387744.52202,0.000463,0.000553,0.000586,3.785997,3.786125,3.785411,0.000128000000000128,3.7771,0.0245526699066163
"2026-05-21T18:22:28.549Z","run_bootstrap",280,"http://client1:8000","run","http://client1:8000/run",1,TRUE,200,1107,250,3.9807391166687,"2026-05-21T18:22:24.563802Z","2026-05-21T18:22:28.544541Z",1779387744.5638,1779387748.54454,0.000743,0.000853,0.000893,3.96196,3.962047,3.961067,8.70000000001703e-05,3.7853,0.195439116668701
"2026-05-21T18:22:28.549Z","run_bootstrap",280,"http://client2:8000","run","http://client2:8000/run",1,TRUE,200,1107,250,3.74842381477356,"2026-05-21T18:22:24.564457Z","2026-05-21T18:22:28.312881Z",1779387744.56446,1779387748.31288,0.000375,0.000462,0.000495,3.729519,3.729673,3.729024,0.00015400000000021,3.545,0.20342381477356
"2026-05-21T18:22:28.549Z","run_bootstrap",280,"http://client3:8000","run","http://client3:8000/run",1,TRUE,200,1107,253,3.97952127456665,"2026-05-21T18:22:24.565063Z","2026-05-21T18:22:28.544584Z",1779387744.56506,1779387748.54458,0.000664,0.000768,0.000804,3.9648,3.964955,3.963996,0.000154999999999905,3.7991,0.18042127456665
"2026-05-21T18:22:32.323Z","run_bootstrap",281,"http://client1:8000","run","http://client1:8000/run",1,TRUE,200,1104,250,3.75791049003601,"2026-05-21T18:22:28.561792Z","2026-05-21T18:22:32.319703Z",1779387748.56179,1779387752.3197,0.000532,0.000587,0.000607,3.740426,3.74059,3.739819,0.000164000000000275,3.7339,0.0240104900360105
"2026-05-21T18:22:32.323Z","run_bootstrap",281,"http://client2:8000","run","http://client2:8000/run",1,TRUE,200,1104,252,3.58316564559937,"2026-05-21T18:22:28.561380Z","2026-05-21T18:22:32.144546Z",1779387748.56138,1779387752.14455,0.00035,0.00043,0.000455,3.56456,3.564703,3.564105,0.000143000000000004,3.5585,0.0246656455993652
"2026-05-21T18:22:32.323Z","run_bootstrap",281,"http://client3:8000","run","http://client3:8000/run",1,TRUE,200,1104,256,3.54734563827515,"2026-05-21T18:22:28.561516Z","2026-05-21T18:22:32.108861Z",1779387748.56152,1779387752.10886,0.000377,0.000431,0.000454,3.529638,3.52975,3.529184,0.000112000000000112,3.5233,0.0240456382751466
"2026-05-21T18:22:36.108Z","run_bootstrap",282,"http://client1:8000","run","http://client1:8000/run",1,TRUE,200,1104,250,3.76599192619324,"2026-05-21T18:22:32.338266Z","2026-05-21T18:22:36.104258Z",1779387752.33827,1779387756.10426,0.000655,0.000758,0.000792,3.752448,3.752566,3.751656,0.000118000000000062,3.7452,0.0207919261932372
"2026-05-21T18:22:36.108Z","run_bootstrap",282,"http://client2:8000","run","http://client2:8000/run",1,TRUE,200,1104,252,3.42647361755371,"2026-05-21T18:22:32.340468Z","2026-05-21T18:22:35.766942Z",1779387752.34047,1779387755.76694,0.000769,0.000851,0.000873,3.41067,3.410787,3.409797,0.000116999999999923,3.4036,0.022873617553711
"2026-05-21T18:22:36.108Z","run_bootstrap",282,"http://client3:8000","run","http://client3:8000/run",1,TRUE,200,1104,256,3.37462615966797,"2026-05-21T18:22:32.340874Z","2026-05-21T18:22:35.715500Z",1779387752.34087,1779387755.7155,0.000593,0.000666,0.000697,3.354132,3.354272,3.353435,0.000140000000000029,3.3475,0.0271261596679686
