"timestamp","phase","round_id","client","endpoint","url","attempt","ok","status","request_bytes","response_bytes","elapsed_sec","request_start_ts_utc","request_end_ts_utc","request_start_epoch_sec","request_end_epoch_sec","curl_namelookup_sec","curl_connect_sec","curl_pretransfer_sec","curl_starttransfer_sec","curl_total_sec","curl_ttfb_sec","curl_response_transfer_sec","client_compute_sec","net_overhead_sec"
"2026-05-23T09:54:18.493Z","init",1,"http://client1:8000","init","http://client1:8000/init",1,TRUE,200,2713,387,0.373070955276489,"2026-05-23T09:54:18.063464Z","2026-05-23T09:54:18.436535Z",1779530058.06346,1779530058.43654,0.000725,0.000841,0.000878,0.354544,0.354598,0.353666,5.39999999999985e-05,NA,NA
"2026-05-23T09:54:18.493Z","init",1,"http://client2:8000","init","http://client2:8000/init",1,TRUE,200,2713,387,0.366778373718262,"2026-05-23T09:54:18.064747Z","2026-05-23T09:54:18.431526Z",1779530058.06475,1779530058.43153,0.000523,0.000625,0.000669,0.348793,0.34884,0.348124,4.69999999999637e-05,NA,NA
"2026-05-23T09:54:18.493Z","init",1,"http://client3:8000","init","http://client3:8000/init",1,TRUE,200,2713,387,0.372755765914917,"2026-05-23T09:54:18.065487Z","2026-05-23T09:54:18.438242Z",1779530058.06549,1779530058.43824,0.000478,0.000583,0.000629,0.352823,0.352867,0.352194,4.39999999999885e-05,NA,NA
"2026-05-23T09:54:24.327Z","run_bootstrap",1,"http://client1:8000","run","http://client1:8000/run",1,TRUE,200,1108,253,5.57321691513062,"2026-05-23T09:54:18.711712Z","2026-05-23T09:54:24.284929Z",1779530058.71171,1779530064.28493,0.000695,0.000802,0.000836,5.559744,5.559785,5.558908,4.09999999995136e-05,5.4969,0.0763169151306151
"2026-05-23T09:54:24.327Z","run_bootstrap",1,"http://client2:8000","run","http://client2:8000/run",1,TRUE,200,1108,257,5.60982775688171,"2026-05-23T09:54:18.713378Z","2026-05-23T09:54:24.323206Z",1779530058.71338,1779530064.32321,0.000611,0.000699,0.000722,5.597406,5.597451,5.596684,4.50000000000728e-05,5.5361,0.0737277568817136
"2026-05-23T09:54:24.327Z","run_bootstrap",1,"http://client3:8000","run","http://client3:8000/run",1,TRUE,200,1108,254,5.53546953201294,"2026-05-23T09:54:18.714368Z","2026-05-23T09:54:24.249838Z",1779530058.71437,1779530064.24984,0.000638,0.000725,0.000759,5.515421,5.515465,5.514662,4.3999999999933e-05,5.455,0.0804695320129394
"2026-05-23T09:54:27.996Z","run_bootstrap",2,"http://client1:8000","run","http://client1:8000/run",1,TRUE,200,1108,252,3.48189043998718,"2026-05-23T09:54:24.380722Z","2026-05-23T09:54:27.862612Z",1779530064.38072,1779530067.86261,0.000705,0.000819,0.000853,3.465652,3.465696,3.464799,4.3999999999933e-05,3.354,0.127890439987183
"2026-05-23T09:54:27.996Z","run_bootstrap",2,"http://client2:8000","run","http://client2:8000/run",1,TRUE,200,1108,257,3.59825325012207,"2026-05-23T09:54:24.381479Z","2026-05-23T09:54:27.979732Z",1779530064.38148,1779530067.97973,0.000529,0.000648,0.000685,3.578537,3.578586,3.577852,4.90000000001878e-05,3.4678,0.13045325012207
"2026-05-23T09:54:27.996Z","run_bootstrap",2,"http://client3:8000","run","http://client3:8000/run",1,TRUE,200,1108,255,3.60935544967651,"2026-05-23T09:54:24.380549Z","2026-05-23T09:54:27.989905Z",1779530064.38055,1779530067.98991,0.000657,0.000764,0.000797,3.594861,3.594913,3.594064,5.2000000000163e-05,3.4855,0.123855449676514
"2026-05-23T09:54:31.752Z","run_bootstrap",3,"http://client1:8000","run","http://client1:8000/run",1,TRUE,200,1110,264,3.62287569046021,"2026-05-23T09:54:28.012552Z","2026-05-23T09:54:31.635428Z",1779530068.01255,1779530071.63543,0.000664,0.000776,0.00081,3.607559,3.607601,3.606749,4.19999999996534e-05,3.6004,0.022475690460205
"2026-05-23T09:54:31.752Z","run_bootstrap",3,"http://client2:8000","run","http://client2:8000/run",1,TRUE,200,1110,264,3.60593509674072,"2026-05-23T09:54:28.013031Z","2026-05-23T09:54:31.618966Z",1779530068.01303,1779530071.61897,0.000375,0.000462,0.000494,3.58677,3.586813,3.586276,4.29999999997932e-05,3.5793,0.0266350967407227
"2026-05-23T09:54:31.752Z","run_bootstrap",3,"http://client3:8000","run","http://client3:8000/run",1,TRUE,200,1110,263,3.73368692398071,"2026-05-23T09:54:28.013202Z","2026-05-23T09:54:31.746889Z",1779530068.0132,1779530071.74689,0.000588,0.000695,0.000729,3.715786,3.715829,3.715057,4.29999999997932e-05,3.7092,0.0244869239807128
"2026-05-23T09:54:35.600Z","run_bootstrap",4,"http://client1:8000","run","http://client1:8000/run",1,TRUE,200,1110,264,3.82769799232483,"2026-05-23T09:54:31.767470Z","2026-05-23T09:54:35.595168Z",1779530071.76747,1779530075.59517,0.000763,0.000883,0.000918,3.813361,3.813412,3.812443,5.10000000000232e-05,3.8058,0.021897992324829
"2026-05-23T09:54:35.600Z","run_bootstrap",4,"http://client2:8000","run","http://client2:8000/run",1,TRUE,200,1110,264,3.57487750053406,"2026-05-23T09:54:31.768149Z","2026-05-23T09:54:35.343027Z",1779530071.76815,1779530075.34303,0.000562,0.000675,0.00071,3.55829,3.558335,3.55758,4.50000000000728e-05,3.5513,0.0235775005340577
"2026-05-23T09:54:35.600Z","run_bootstrap",4,"http://client3:8000","run","http://client3:8000/run",1,TRUE,200,1110,262,3.80978608131409,"2026-05-23T09:54:31.768829Z","2026-05-23T09:54:35.578615Z",1779530071.76883,1779530075.57862,0.000527,0.000628,0.000655,3.791034,3.791091,3.790379,5.70000000004178e-05,3.783,0.026786081314087
"2026-05-23T09:54:39.283Z","run_bootstrap",5,"http://client1:8000","run","http://client1:8000/run",1,TRUE,200,1109,250,3.45427227020264,"2026-05-23T09:54:35.611101Z","2026-05-23T09:54:39.065374Z",1779530075.6111,1779530079.06537,0.00043,0.000505,0.000535,3.433165,3.433198,3.43263,3.30000000001718e-05,3.4257,0.0285722702026368
"2026-05-23T09:54:39.283Z","run_bootstrap",5,"http://client2:8000","run","http://client2:8000/run",1,TRUE,200,1109,254,3.6666898727417,"2026-05-23T09:54:35.611552Z","2026-05-23T09:54:39.278241Z",1779530075.61155,1779530079.27824,0.000553,0.000628,0.00065,3.648461,3.648483,3.647811,2.19999999999665e-05,3.6414,0.0252898727416992
"2026-05-23T09:54:39.283Z","run_bootstrap",5,"http://client3:8000","run","http://client3:8000/run",1,TRUE,200,1109,255,3.51634931564331,"2026-05-23T09:54:35.611537Z","2026-05-23T09:54:39.127886Z",1779530075.61154,1779530079.12789,0.000573,0.000657,7e-04,3.497297,3.497329,3.496597,3.2000000000032e-05,3.4903,0.0260493156433106
"2026-05-23T09:54:43.006Z","run_bootstrap",6,"http://client1:8000","run","http://client1:8000/run",1,TRUE,200,1109,250,3.40604448318481,"2026-05-23T09:54:39.297030Z","2026-05-23T09:54:42.703074Z",1779530079.29703,1779530082.70307,0.000583,0.000687,0.000721,3.391324,3.39141,3.390603,8.60000000000305e-05,3.3831,0.0229444831848142
"2026-05-23T09:54:43.006Z","run_bootstrap",6,"http://client2:8000","run","http://client2:8000/run",1,TRUE,200,1109,254,3.56420731544495,"2026-05-23T09:54:39.298099Z","2026-05-23T09:54:42.862306Z",1779530079.2981,1779530082.86231,0.000488,0.000577,0.00061,3.549466,3.549601,3.548856,0.000135000000000218,3.5418,0.0224073154449465
"2026-05-23T09:54:43.006Z","run_bootstrap",6,"http://client3:8000","run","http://client3:8000/run",1,TRUE,200,1109,255,3.69932198524475,"2026-05-23T09:54:39.299795Z","2026-05-23T09:54:42.999117Z",1779530079.2998,1779530082.99912,0.000513,0.000607,0.000637,3.68574,3.685863,3.685103,0.000122999999999873,3.6792,0.0201219852447512
"2026-05-23T09:54:46.750Z","run_bootstrap",7,"http://client1:8000","run","http://client1:8000/run",1,TRUE,200,1109,249,3.72258448600769,"2026-05-23T09:54:43.020108Z","2026-05-23T09:54:46.742692Z",1779530083.02011,1779530086.74269,0.000759,0.000834,0.000884,3.708875,3.709,3.707991,0.000125000000000153,3.7017,0.0208844860076902
"2026-05-23T09:54:46.750Z","run_bootstrap",7,"http://client2:8000","run","http://client2:8000/run",1,TRUE,200,1109,254,3.4854588508606,"2026-05-23T09:54:43.020898Z","2026-05-23T09:54:46.506357Z",1779530083.0209,1779530086.50636,0.00041,0.000602,0.000648,3.471056,3.471097,3.470408,4.09999999999577e-05,3.4641,0.0213588508605955
"2026-05-23T09:54:46.750Z","run_bootstrap",7,"http://client3:8000","run","http://client3:8000/run",1,TRUE,200,1109,253,3.42257523536682,"2026-05-23T09:54:43.020132Z","2026-05-23T09:54:46.442707Z",1779530083.02013,1779530086.44271,0.000663,0.000771,0.000808,3.408935,3.408989,3.408127,5.39999999999985e-05,3.4022,0.0203752353668212
"2026-05-23T09:54:50.658Z","run_bootstrap",8,"http://client1:8000","run","http://client1:8000/run",1,TRUE,200,1109,249,3.67701268196106,"2026-05-23T09:54:46.767016Z","2026-05-23T09:54:50.444028Z",1779530086.76702,1779530090.44403,0.000548,0.000645,0.000735,3.661914,3.661975,3.661179,6.10000000000888e-05,3.6549,0.0221126819610595
"2026-05-23T09:54:50.658Z","run_bootstrap",8,"http://client2:8000","run","http://client2:8000/run",1,TRUE,200,1109,254,3.61138582229614,"2026-05-23T09:54:46.768931Z","2026-05-23T09:54:50.380316Z",1779530086.76893,1779530090.38032,0.000556,0.000645,0.000679,3.589845,3.589891,3.589166,4.60000000002125e-05,3.5832,0.0281858222961424
"2026-05-23T09:54:50.658Z","run_bootstrap",8,"http://client3:8000","run","http://client3:8000/run",1,TRUE,200,1109,253,3.88309764862061,"2026-05-23T09:54:46.767874Z","2026-05-23T09:54:50.650972Z",1779530086.76787,1779530090.65097,0.000589,0.000672,0.000708,3.868907,3.86896,3.868199,5.29999999998587e-05,3.8611,0.0219976486206055
"2026-05-23T09:54:54.542Z","run_bootstrap",9,"http://client1:8000","run","http://client1:8000/run",1,TRUE,200,1108,247,3.73967719078064,"2026-05-23T09:54:50.667998Z","2026-05-23T09:54:54.407675Z",1779530090.668,1779530094.40768,0.000542,0.000618,0.00064,3.727178,3.727213,3.726538,3.50000000000072e-05,3.7196,0.0200771907806399
"2026-05-23T09:54:54.542Z","run_bootstrap",9,"http://client2:8000","run","http://client2:8000/run",1,TRUE,200,1108,253,3.8686625957489,"2026-05-23T09:54:50.669738Z","2026-05-23T09:54:54.538400Z",1779530090.66974,1779530094.5384,0.000486,0.000566,0.000596,3.848318,3.848366,3.847722,4.8000000000048e-05,3.8401,0.0285625957489013
"2026-05-23T09:54:54.542Z","run_bootstrap",9,"http://client3:8000","run","http://client3:8000/run",1,TRUE,200,1108,254,3.81721639633179,"2026-05-23T09:54:50.670170Z","2026-05-23T09:54:54.487386Z",1779530090.67017,1779530094.48739,0.000544,0.000639,0.000672,3.798057,3.798101,3.797385,4.3999999999933e-05,3.7908,0.0264163963317872
"2026-05-23T09:54:58.518Z","run_bootstrap",10,"http://client1:8000","run","http://client1:8000/run",1,TRUE,200,1108,247,3.82031035423279,"2026-05-23T09:54:54.554666Z","2026-05-23T09:54:58.374977Z",1779530094.55467,1779530098.37498,0.00073,0.000837,0.000872,3.802894,3.802941,3.802022,4.69999999999082e-05,3.7959,0.024410354232788
"2026-05-23T09:54:58.518Z","run_bootstrap",10,"http://client2:8000","run","http://client2:8000/run",1,TRUE,200,1108,253,3.95879626274109,"2026-05-23T09:54:54.555202Z","2026-05-23T09:54:58.513998Z",1779530094.5552,1779530098.514,0.000408,0.000527,0.000567,3.939156,3.939204,3.938589,4.8000000000048e-05,3.9226,0.0361962627410888
"2026-05-23T09:54:58.518Z","run_bootstrap",10,"http://client3:8000","run","http://client3:8000/run",1,TRUE,200,1108,254,3.80843806266785,"2026-05-23T09:54:54.555813Z","2026-05-23T09:54:58.364251Z",1779530094.55581,1779530098.36425,0.000642,0.000754,0.000789,3.795266,3.795319,3.794477,5.30000000003028e-05,3.7887,0.0197380626678467
"2026-05-23T09:55:02.448Z","run_bootstrap",11,"http://client1:8000","run","http://client1:8000/run",1,TRUE,200,1107,250,3.90658807754517,"2026-05-23T09:54:58.534232Z","2026-05-23T09:55:02.440820Z",1779530098.53423,1779530102.44082,0.00084,0.000916,0.000938,3.883584,3.883633,3.882646,4.90000000001878e-05,3.8612,0.0453880775451658
"2026-05-23T09:55:02.448Z","run_bootstrap",11,"http://client2:8000","run","http://client2:8000/run",1,TRUE,200,1107,254,3.73664951324463,"2026-05-23T09:54:58.534331Z","2026-05-23T09:55:02.270981Z",1779530098.53433,1779530102.27098,0.000634,0.000718,0.000753,3.713447,3.713494,3.712694,4.69999999999082e-05,3.705,0.0316495132446288
"2026-05-23T09:55:02.448Z","run_bootstrap",11,"http://client3:8000","run","http://client3:8000/run",1,TRUE,200,1107,253,3.83711290359497,"2026-05-23T09:54:58.534455Z","2026-05-23T09:55:02.371567Z",1779530098.53446,1779530102.37157,0.000738,0.000863,0.000899,3.819099,3.819146,3.8182,4.69999999999082e-05,3.8122,0.0249129035949709
"2026-05-23T09:55:06.379Z","run_bootstrap",12,"http://client1:8000","run","http://client1:8000/run",1,TRUE,200,1107,250,3.8500816822052,"2026-05-23T09:55:02.463839Z","2026-05-23T09:55:06.313920Z",1779530102.46384,1779530106.31392,0.000606,0.00069,0.000729,3.831636,3.831689,3.830907,5.29999999998587e-05,3.8234,0.0266816822052003
"2026-05-23T09:55:06.379Z","run_bootstrap",12,"http://client2:8000","run","http://client2:8000/run",1,TRUE,200,1107,255,3.72573471069336,"2026-05-23T09:55:02.464490Z","2026-05-23T09:55:06.190225Z",1779530102.46449,1779530106.19023,0.000556,0.000635,0.000659,3.708723,3.708761,3.708064,3.79999999999825e-05,3.7014,0.0243347106933594
"2026-05-23T09:55:06.379Z","run_bootstrap",12,"http://client3:8000","run","http://client3:8000/run",1,TRUE,200,1107,253,3.90963673591614,"2026-05-23T09:55:02.465055Z","2026-05-23T09:55:06.374692Z",1779530102.46506,1779530106.37469,0.00055,0.000677,0.000715,3.895552,3.895624,3.894837,7.20000000002941e-05,3.8888,0.0208367359161379
"2026-05-23T09:55:10.141Z","run_bootstrap",13,"http://client1:8000","run","http://client1:8000/run",1,TRUE,200,1109,251,3.52904987335205,"2026-05-23T09:55:06.390751Z","2026-05-23T09:55:09.919800Z",1779530106.39075,1779530109.9198,0.000478,0.000579,0.000613,3.514379,3.514424,3.513766,4.50000000000728e-05,3.5062,0.0228498733520506
"2026-05-23T09:55:10.141Z","run_bootstrap",13,"http://client2:8000","run","http://client2:8000/run",1,TRUE,200,1109,253,3.74315118789673,"2026-05-23T09:55:06.391227Z","2026-05-23T09:55:10.134378Z",1779530106.39123,1779530110.13438,0.000636,0.000756,0.000794,3.729174,3.729221,3.72838,4.69999999999082e-05,3.7222,0.0209511878967286
"2026-05-23T09:55:10.141Z","run_bootstrap",13,"http://client3:8000","run","http://client3:8000/run",1,TRUE,200,1109,254,3.5853328704834,"2026-05-23T09:55:06.391971Z","2026-05-23T09:55:09.977303Z",1779530106.39197,1779530109.9773,0.000517,0.000598,0.000629,3.571808,3.571851,3.571179,4.30000000002373e-05,3.5653,0.0200328704833983
"2026-05-23T09:55:13.655Z","run_bootstrap",14,"http://client1:8000","run","http://client1:8000/run",1,TRUE,200,1109,251,3.36075234413147,"2026-05-23T09:55:10.155902Z","2026-05-23T09:55:13.516654Z",1779530110.1559,1779530113.51665,0.000664,0.000772,0.000807,3.346445,3.346487,3.345638,4.20000000000975e-05,3.3392,0.0215523441314698
"2026-05-23T09:55:13.655Z","run_bootstrap",14,"http://client2:8000","run","http://client2:8000/run",1,TRUE,200,1109,253,3.44210457801819,"2026-05-23T09:55:10.156411Z","2026-05-23T09:55:13.598515Z",1779530110.15641,1779530113.59852,0.000691,0.000777,0.000815,3.421119,3.421167,3.420304,4.8000000000048e-05,3.4139,0.0282045780181885
"2026-05-23T09:55:13.655Z","run_bootstrap",14,"http://client3:8000","run","http://client3:8000/run",1,TRUE,200,1109,254,3.49174809455872,"2026-05-23T09:55:10.156723Z","2026-05-23T09:55:13.648471Z",1779530110.15672,1779530113.64847,0.000674,0.000777,0.000815,3.470955,3.471,3.47014,4.50000000000728e-05,3.4642,0.0275480945587159
"2026-05-23T09:55:17.194Z","run_bootstrap",15,"http://client1:8000","run","http://client1:8000/run",1,TRUE,200,1109,250,3.4401867389679,"2026-05-23T09:55:13.669795Z","2026-05-23T09:55:17.109982Z",1779530113.6698,1779530117.10998,0.000578,0.000655,0.000688,3.427664,3.427707,3.426976,4.29999999997932e-05,3.4206,0.0195867389678956
"2026-05-23T09:55:17.194Z","run_bootstrap",15,"http://client2:8000","run","http://client2:8000/run",1,TRUE,200,1109,255,3.51801729202271,"2026-05-23T09:55:13.671112Z","2026-05-23T09:55:17.189129Z",1779530113.67111,1779530117.18913,0.000576,0.000653,0.000683,3.50273,3.50277,3.502047,3.9999999999818e-05,3.4957,0.0223172920227053
"2026-05-23T09:55:17.194Z","run_bootstrap",15,"http://client3:8000","run","http://client3:8000/run",1,TRUE,200,1109,254,3.26808452606201,"2026-05-23T09:55:13.670287Z","2026-05-23T09:55:16.938371Z",1779530113.67029,1779530116.93837,6e-04,7e-04,0.000732,3.255378,3.255439,3.254646,6.10000000000888e-05,3.2488,0.0192845260620116
"2026-05-23T09:55:20.868Z","run_bootstrap",16,"http://client1:8000","run","http://client1:8000/run",1,TRUE,200,1109,249,3.41862559318542,"2026-05-23T09:55:17.204796Z","2026-05-23T09:55:20.623421Z",1779530117.2048,1779530120.62342,0.00063,0.000739,0.000782,3.40011,3.400142,3.399328,3.2000000000032e-05,3.393,0.025625593185425
"2026-05-23T09:55:20.868Z","run_bootstrap",16,"http://client2:8000","run","http://client2:8000/run",1,TRUE,200,1109,255,3.49539113044739,"2026-05-23T09:55:17.206534Z","2026-05-23T09:55:20.701925Z",1779530117.20653,1779530120.70193,0.000593,0.000677,0.000709,3.47244,3.472472,3.471731,3.19999999995879e-05,3.4657,0.0296911304473877
"2026-05-23T09:55:20.868Z","run_bootstrap",16,"http://client3:8000","run","http://client3:8000/run",1,TRUE,200,1109,254,3.65701675415039,"2026-05-23T09:55:17.206844Z","2026-05-23T09:55:20.863860Z",1779530117.20684,1779530120.86386,0.000553,0.00064,0.000672,3.638431,3.638508,3.637759,7.69999999996607e-05,3.6317,0.0253167541503907
"2026-05-23T09:55:24.384Z","run_bootstrap",17,"http://client1:8000","run","http://client1:8000/run",1,TRUE,200,1107,246,3.39002299308777,"2026-05-23T09:55:20.883281Z","2026-05-23T09:55:24.273304Z",1779530120.88328,1779530124.2733,0.000529,0.000605,0.000635,3.373296,3.373326,3.372661,3.00000000001965e-05,3.3663,0.0237229930877687
"2026-05-23T09:55:24.384Z","run_bootstrap",17,"http://client2:8000","run","http://client2:8000/run",1,TRUE,200,1107,255,3.41698884963989,"2026-05-23T09:55:20.884057Z","2026-05-23T09:55:24.301045Z",1779530120.88406,1779530124.30105,0.000577,0.000639,0.000671,3.401686,3.401722,3.401015,3.59999999997029e-05,3.3949,0.0220888496398928
"2026-05-23T09:55:24.384Z","run_bootstrap",17,"http://client3:8000","run","http://client3:8000/run",1,TRUE,200,1107,251,3.49258303642273,"2026-05-23T09:55:20.884377Z","2026-05-23T09:55:24.376960Z",1779530120.88438,1779530124.37696,0.000412,0.000503,0.000724,3.476765,3.476808,3.476041,4.30000000002373e-05,3.4697,0.0228830364227295
"2026-05-23T09:55:27.896Z","run_bootstrap",18,"http://client1:8000","run","http://client1:8000/run",1,TRUE,200,1107,246,3.47848749160767,"2026-05-23T09:55:24.396566Z","2026-05-23T09:55:27.875054Z",1779530124.39657,1779530127.87505,0.000633,0.000714,0.000737,3.46564,3.465674,3.464903,3.39999999998675e-05,3.4577,0.020787491607666
"2026-05-23T09:55:27.896Z","run_bootstrap",18,"http://client2:8000","run","http://client2:8000/run",1,TRUE,200,1107,255,3.36140060424805,"2026-05-23T09:55:24.397769Z","2026-05-23T09:55:27.759170Z",1779530124.39777,1779530127.75917,0.000677,0.000732,0.000751,3.349126,3.349172,3.348375,4.59999999997684e-05,3.3419,0.019500604248047
"2026-05-23T09:55:27.896Z","run_bootstrap",18,"http://client3:8000","run","http://client3:8000/run",1,TRUE,200,1107,251,3.49464559555054,"2026-05-23T09:55:24.397149Z","2026-05-23T09:55:27.891794Z",1779530124.39715,1779530127.89179,0.000656,0.00074,0.000771,3.482213,3.482255,3.481442,4.20000000000975e-05,3.4754,0.0192455955505371
"2026-05-23T09:55:31.587Z","run_bootstrap",19,"http://client1:8000","run","http://client1:8000/run",1,TRUE,200,1108,252,3.67549061775208,"2026-05-23T09:55:27.907314Z","2026-05-23T09:55:31.582804Z",1779530127.90731,1779530131.5828,0.000509,0.00058,0.000602,3.662432,3.66247,3.66183,3.79999999999825e-05,3.6549,0.0205906177520752
"2026-05-23T09:55:31.587Z","run_bootstrap",19,"http://client2:8000","run","http://client2:8000/run",1,TRUE,200,1108,254,3.43647241592407,"2026-05-23T09:55:27.908371Z","2026-05-23T09:55:31.344843Z",1779530127.90837,1779530131.34484,0.000693,0.000771,0.000801,3.423707,3.423749,3.422906,4.20000000000975e-05,3.4169,0.0195724159240722
"2026-05-23T09:55:31.587Z","run_bootstrap",19,"http://client3:8000","run","http://client3:8000/run",1,TRUE,200,1108,254,3.36922216415405,"2026-05-23T09:55:27.907703Z","2026-05-23T09:55:31.276925Z",1779530127.9077,1779530131.27693,0.000553,0.00062,0.000642,3.356574,3.356605,3.355932,3.09999999998922e-05,3.3495,0.0197221641540528
"2026-05-23T09:55:35.457Z","run_bootstrap",20,"http://client1:8000","run","http://client1:8000/run",1,TRUE,200,1108,252,3.65977716445923,"2026-05-23T09:55:31.599052Z","2026-05-23T09:55:35.258830Z",1779530131.59905,1779530135.25883,0.000596,0.000714,0.000761,3.645165,3.645195,3.644404,3.00000000001965e-05,3.4864,0.173377164459228
"2026-05-23T09:55:35.457Z","run_bootstrap",20,"http://client2:8000","run","http://client2:8000/run",1,TRUE,200,1108,254,3.85307860374451,"2026-05-23T09:55:31.599373Z","2026-05-23T09:55:35.452452Z",1779530131.59937,1779530135.45245,0.000651,0.00076,0.000799,3.840132,3.840165,3.839333,3.29999999997277e-05,3.6874,0.165678603744507
"2026-05-23T09:55:35.457Z","run_bootstrap",20,"http://client3:8000","run","http://client3:8000/run",1,TRUE,200,1108,254,3.6422233581543,"2026-05-23T09:55:31.600369Z","2026-05-23T09:55:35.242592Z",1779530131.60037,1779530135.24259,0.000511,0.000601,0.000636,3.622745,3.622782,3.622109,3.69999999998427e-05,3.4656,0.176623358154297
"2026-05-23T09:55:39.147Z","run_bootstrap",21,"http://client1:8000","run","http://client1:8000/run",1,TRUE,200,1108,248,3.39478135108948,"2026-05-23T09:55:35.467978Z","2026-05-23T09:55:38.862760Z",1779530135.46798,1779530138.86276,0.00093,0.001023,0.001048,3.375069,3.375115,3.374021,4.60000000002125e-05,3.368,0.0267813510894777
"2026-05-23T09:55:39.147Z","run_bootstrap",21,"http://client2:8000","run","http://client2:8000/run",1,TRUE,200,1108,255,3.67341780662537,"2026-05-23T09:55:35.468907Z","2026-05-23T09:55:39.142325Z",1779530135.46891,1779530139.14233,0.000555,0.000615,0.000632,3.653896,3.653939,3.653264,4.29999999997932e-05,3.6478,0.0256178066253661
"2026-05-23T09:55:39.147Z","run_bootstrap",21,"http://client3:8000","run","http://client3:8000/run",1,TRUE,200,1108,253,3.39400291442871,"2026-05-23T09:55:35.469660Z","2026-05-23T09:55:38.863663Z",1779530135.46966,1779530138.86366,0.000602,0.00072,0.000755,3.377816,3.377854,3.377061,3.79999999999825e-05,3.3711,0.0229029144287107
"2026-05-23T09:55:42.875Z","run_bootstrap",22,"http://client1:8000","run","http://client1:8000/run",1,TRUE,200,1108,249,3.59067153930664,"2026-05-23T09:55:39.163068Z","2026-05-23T09:55:42.753740Z",1779530139.16307,1779530142.75374,0.000665,0.000773,0.000808,3.575767,3.575809,3.574959,4.20000000000975e-05,3.5673,0.0233715393066407
"2026-05-23T09:55:42.875Z","run_bootstrap",22,"http://client2:8000","run","http://client2:8000/run",1,TRUE,200,1108,255,3.70151400566101,"2026-05-23T09:55:39.166709Z","2026-05-23T09:55:42.868223Z",1779530139.16671,1779530142.86822,0.000622,0.000732,0.000766,3.687234,3.687277,3.686468,4.29999999997932e-05,3.6801,0.0214140056610108
"2026-05-23T09:55:42.875Z","run_bootstrap",22,"http://client3:8000","run","http://client3:8000/run",1,TRUE,200,1108,253,3.35562086105347,"2026-05-23T09:55:39.166780Z","2026-05-23T09:55:42.522401Z",1779530139.16678,1779530142.5224,0.000601,0.000709,0.000746,3.341323,3.34137,3.340577,4.69999999999082e-05,3.3342,0.0214208610534667
"2026-05-23T09:55:46.430Z","run_bootstrap",23,"http://client1:8000","run","http://client1:8000/run",1,TRUE,200,1108,251,3.49394917488098,"2026-05-23T09:55:42.887726Z","2026-05-23T09:55:46.381675Z",1779530142.88773,1779530146.38168,0.000636,0.000771,0.000811,3.479862,3.479914,3.479051,5.2000000000163e-05,3.4727,0.0212491748809813
"2026-05-23T09:55:46.430Z","run_bootstrap",23,"http://client2:8000","run","http://client2:8000/run",1,TRUE,200,1108,255,3.53730869293213,"2026-05-23T09:55:42.888334Z","2026-05-23T09:55:46.425643Z",1779530142.88833,1779530146.42564,0.000555,0.000642,0.000686,3.523282,3.523324,3.522596,4.20000000000975e-05,3.5157,0.0216086929321291
"2026-05-23T09:55:46.430Z","run_bootstrap",23,"http://client3:8000","run","http://client3:8000/run",1,TRUE,200,1108,254,3.52051091194153,"2026-05-23T09:55:42.888762Z","2026-05-23T09:55:46.409273Z",1779530142.88876,1779530146.40927,0.000485,0.000566,0.000604,3.500725,3.500769,3.500121,4.3999999999933e-05,3.4943,0.0262109119415284
"2026-05-23T09:55:50.023Z","run_bootstrap",24,"http://client1:8000","run","http://client1:8000/run",1,TRUE,200,1108,251,3.56443905830383,"2026-05-23T09:55:46.442170Z","2026-05-23T09:55:50.006609Z",1779530146.44217,1779530150.00661,0.000584,0.000656,0.000692,3.551439,3.551485,3.550747,4.60000000002125e-05,3.5444,0.020039058303833
"2026-05-23T09:55:50.023Z","run_bootstrap",24,"http://client2:8000","run","http://client2:8000/run",1,TRUE,200,1108,255,3.46707963943481,"2026-05-23T09:55:46.442603Z","2026-05-23T09:55:49.909682Z",1779530146.4426,1779530149.90968,0.000538,0.000622,0.00066,3.454746,3.454789,3.454086,4.29999999997932e-05,3.4482,0.0188796394348145
"2026-05-23T09:55:50.023Z","run_bootstrap",24,"http://client3:8000","run","http://client3:8000/run",1,TRUE,200,1108,254,3.5756196975708,"2026-05-23T09:55:46.441863Z","2026-05-23T09:55:50.017482Z",1779530146.44186,1779530150.01748,0.00045,0.000525,0.000551,3.562026,3.562075,3.561475,4.90000000001878e-05,3.5555,0.0201196975708009
"2026-05-23T09:55:53.637Z","run_bootstrap",25,"http://client1:8000","run","http://client1:8000/run",1,TRUE,200,1108,250,3.5986852645874,"2026-05-23T09:55:50.034148Z","2026-05-23T09:55:53.632834Z",1779530150.03415,1779530153.63283,0.000436,0.000491,0.000515,3.58586,3.585994,3.585345,0.000134000000000079,3.5785,0.0201852645874023
"2026-05-23T09:55:53.637Z","run_bootstrap",25,"http://client2:8000","run","http://client2:8000/run",1,TRUE,200,1108,254,3.50947594642639,"2026-05-23T09:55:50.034445Z","2026-05-23T09:55:53.543921Z",1779530150.03445,1779530153.54392,0.000426,0.000504,0.000528,3.496973,3.497093,3.496445,0.000119999999999898,3.4902,0.0192759464263914
"2026-05-23T09:55:53.637Z","run_bootstrap",25,"http://client3:8000","run","http://client3:8000/run",1,TRUE,200,1108,254,3.57561039924622,"2026-05-23T09:55:50.034287Z","2026-05-23T09:55:53.609897Z",1779530150.03429,1779530153.6099,0.000651,0.000732,0.000768,3.562152,3.562288,3.561384,0.000135999999999914,3.5552,0.0204103992462157
"2026-05-23T09:55:57.336Z","run_bootstrap",26,"http://client1:8000","run","http://client1:8000/run",1,TRUE,200,1108,249,3.62300515174866,"2026-05-23T09:55:53.649293Z","2026-05-23T09:55:57.272298Z",1779530153.64929,1779530157.2723,0.000487,0.000554,0.000584,3.602359,3.602402,3.601775,4.30000000002373e-05,3.588,0.0350051517486571
"2026-05-23T09:55:57.336Z","run_bootstrap",26,"http://client2:8000","run","http://client2:8000/run",1,TRUE,200,1108,254,3.47529816627502,"2026-05-23T09:55:53.649938Z","2026-05-23T09:55:57.125236Z",1779530153.64994,1779530157.12524,0.000577,0.000694,0.00073,3.455213,3.455257,3.454483,4.3999999999933e-05,3.4463,0.0289981662750245
"2026-05-23T09:55:57.336Z","run_bootstrap",26,"http://client3:8000","run","http://client3:8000/run",1,TRUE,200,1108,254,3.6787703037262,"2026-05-23T09:55:53.650507Z","2026-05-23T09:55:57.329277Z",1779530153.65051,1779530157.32928,0.000505,0.000606,0.000641,3.660797,3.660842,3.660156,4.50000000000728e-05,3.6392,0.0395703037261961
"2026-05-23T09:56:01.111Z","run_bootstrap",27,"http://client1:8000","run","http://client1:8000/run",1,TRUE,200,1107,251,3.75237727165222,"2026-05-23T09:55:57.352447Z","2026-05-23T09:56:01.104824Z",1779530157.35245,1779530161.10482,0.000657,0.000738,0.000773,3.732727,3.732758,3.731954,3.09999999998922e-05,3.7255,0.0268772716522219
"2026-05-23T09:56:01.111Z","run_bootstrap",27,"http://client2:8000","run","http://client2:8000/run",1,TRUE,200,1107,255,3.45656943321228,"2026-05-23T09:55:57.352981Z","2026-05-23T09:56:00.809550Z",1779530157.35298,1779530160.80955,0.000622,0.000701,0.000723,3.438352,3.438375,3.437629,2.30000000001063e-05,3.4315,0.0250694332122801
"2026-05-23T09:56:01.111Z","run_bootstrap",27,"http://client3:8000","run","http://client3:8000/run",1,TRUE,200,1107,253,3.45479154586792,"2026-05-23T09:55:57.352779Z","2026-05-23T09:56:00.807571Z",1779530157.35278,1779530160.80757,0.000743,0.000807,0.000826,3.43548,3.435511,3.434654,3.09999999998922e-05,3.4275,0.0272915458679197
"2026-05-23T09:56:04.888Z","run_bootstrap",28,"http://client1:8000","run","http://client1:8000/run",1,TRUE,200,1107,251,3.47626304626465,"2026-05-23T09:56:01.128019Z","2026-05-23T09:56:04.604282Z",1779530161.12802,1779530164.60428,0.000648,0.000726,0.000757,3.461907,3.461955,3.46115,4.8000000000048e-05,3.4544,0.0218630462646483
"2026-05-23T09:56:04.888Z","run_bootstrap",28,"http://client2:8000","run","http://client2:8000/run",1,TRUE,200,1107,255,3.51530361175537,"2026-05-23T09:56:01.128681Z","2026-05-23T09:56:04.643984Z",1779530161.12868,1779530164.64398,0.000609,0.000665,0.000684,3.50245,3.502497,3.501766,4.69999999999082e-05,3.4956,0.0197036117553711
"2026-05-23T09:56:04.888Z","run_bootstrap",28,"http://client3:8000","run","http://client3:8000/run",1,TRUE,200,1107,253,3.75555372238159,"2026-05-23T09:56:01.128141Z","2026-05-23T09:56:04.883695Z",1779530161.12814,1779530164.8837,0.000502,0.000591,0.000615,3.742135,3.742167,3.74152,3.19999999995879e-05,3.7347,0.0208537223815917
"2026-05-23T09:56:08.664Z","run_bootstrap",29,"http://client1:8000","run","http://client1:8000/run",1,TRUE,200,1108,251,3.57641196250916,"2026-05-23T09:56:04.900530Z","2026-05-23T09:56:08.476942Z",1779530164.90053,1779530168.47694,0.000662,0.000749,0.00079,3.561278,3.561308,3.560488,2.99999999997524e-05,3.5533,0.0231119625091551
"2026-05-23T09:56:08.664Z","run_bootstrap",29,"http://client2:8000","run","http://client2:8000/run",1,TRUE,200,1108,254,3.45018649101257,"2026-05-23T09:56:04.900082Z","2026-05-23T09:56:08.350268Z",1779530164.90008,1779530168.35027,0.000666,0.000771,0.000814,3.436478,3.436523,3.435664,4.50000000000728e-05,3.4276,0.0225864910125733
"2026-05-23T09:56:08.664Z","run_bootstrap",29,"http://client3:8000","run","http://client3:8000/run",1,TRUE,200,1108,254,3.75788187980652,"2026-05-23T09:56:04.901756Z","2026-05-23T09:56:08.659638Z",1779530164.90176,1779530168.65964,0.000621,0.000729,0.000772,3.743575,3.743624,3.742803,4.90000000001878e-05,3.7306,0.0272818798065186
"2026-05-23T09:56:12.436Z","run_bootstrap",30,"http://client1:8000","run","http://client1:8000/run",1,TRUE,200,1108,251,3.59720969200134,"2026-05-23T09:56:08.676358Z","2026-05-23T09:56:12.273567Z",1779530168.67636,1779530172.27357,0.000556,0.000612,0.000635,3.578128,3.578164,3.577493,3.6000000000147e-05,3.5711,0.0261096920013428
"2026-05-23T09:56:12.436Z","run_bootstrap",30,"http://client2:8000","run","http://client2:8000/run",1,TRUE,200,1108,254,3.75441813468933,"2026-05-23T09:56:08.677060Z","2026-05-23T09:56:12.431478Z",1779530168.67706,1779530172.43148,0.000558,0.000635,0.000663,3.737803,3.737832,3.73714,2.90000000000568e-05,3.7311,0.023318134689331
"2026-05-23T09:56:12.436Z","run_bootstrap",30,"http://client3:8000","run","http://client3:8000/run",1,TRUE,200,1108,254,3.48288559913635,"2026-05-23T09:56:08.677627Z","2026-05-23T09:56:12.160513Z",1779530168.67763,1779530172.16051,0.000532,0.000606,0.000643,3.464033,3.464075,3.46339,4.19999999996534e-05,3.4552,0.0276855991363525
"2026-05-23T09:56:16.208Z","run_bootstrap",31,"http://client1:8000","run","http://client1:8000/run",1,TRUE,200,1109,250,3.57455229759216,"2026-05-23T09:56:12.447244Z","2026-05-23T09:56:16.021797Z",1779530172.44724,1779530176.0218,0.000566,0.000653,0.000684,3.55908,3.559121,3.558396,4.10000000004018e-05,3.5517,0.0228522975921632
"2026-05-23T09:56:16.208Z","run_bootstrap",31,"http://client2:8000","run","http://client2:8000/run",1,TRUE,200,1109,255,3.36884427070618,"2026-05-23T09:56:12.448035Z","2026-05-23T09:56:15.816880Z",1779530172.44804,1779530175.81688,0.000637,0.000755,0.000789,3.349297,3.349363,3.348508,6.59999999998995e-05,3.3415,0.0273442707061768
"2026-05-23T09:56:16.208Z","run_bootstrap",31,"http://client3:8000","run","http://client3:8000/run",1,TRUE,200,1109,253,3.75686573982239,"2026-05-23T09:56:12.447262Z","2026-05-23T09:56:16.204127Z",1779530172.44726,1779530176.20413,0.000732,0.000856,0.000892,3.744138,3.744173,3.743246,3.50000000000072e-05,3.7361,0.0207657398223877
"2026-05-23T09:56:19.999Z","run_bootstrap",32,"http://client1:8000","run","http://client1:8000/run",1,TRUE,200,1109,250,3.76535606384277,"2026-05-23T09:56:16.219521Z","2026-05-23T09:56:19.984877Z",1779530176.21952,1779530179.98488,0.000657,0.000762,0.000803,3.751864,3.751916,3.751061,5.2000000000163e-05,3.7442,0.0211560638427732
"2026-05-23T09:56:19.999Z","run_bootstrap",32,"http://client2:8000","run","http://client2:8000/run",1,TRUE,200,1109,255,3.49322485923767,"2026-05-23T09:56:16.221113Z","2026-05-23T09:56:19.714338Z",1779530176.22111,1779530179.71434,0.000589,0.000719,0.000764,3.478353,3.478401,3.477589,4.8000000000048e-05,3.4708,0.0224248592376708
"2026-05-23T09:56:19.999Z","run_bootstrap",32,"http://client3:8000","run","http://client3:8000/run",1,TRUE,200,1109,253,3.60309362411499,"2026-05-23T09:56:16.221593Z","2026-05-23T09:56:19.824687Z",1779530176.22159,1779530179.82469,0.000417,0.000504,0.000542,3.583791,3.583836,3.583249,4.49999999996287e-05,3.5769,0.02619362411499
"2026-05-23T09:56:23.864Z","run_bootstrap",33,"http://client1:8000","run","http://client1:8000/run",1,TRUE,200,1105,249,3.76671195030212,"2026-05-23T09:56:20.017146Z","2026-05-23T09:56:23.783858Z",1779530180.01715,1779530183.78386,0.000414,0.000491,0.000523,3.743845,3.743968,3.743322,0.000123000000000317,3.736,0.0307119503021238
"2026-05-23T09:56:23.864Z","run_bootstrap",33,"http://client2:8000","run","http://client2:8000/run",1,TRUE,200,1105,255,3.84293508529663,"2026-05-23T09:56:20.016154Z","2026-05-23T09:56:23.859089Z",1779530180.01615,1779530183.85909,0.000691,0.000811,0.000847,3.827957,3.828103,3.82711,0.000145999999999979,3.8206,0.0223350852966306
"2026-05-23T09:56:23.864Z","run_bootstrap",33,"http://client3:8000","run","http://client3:8000/run",1,TRUE,200,1105,255,3.59166550636292,"2026-05-23T09:56:20.017881Z","2026-05-23T09:56:23.609546Z",1779530180.01788,1779530183.60955,0.000583,0.000689,0.000723,3.569922,3.570074,3.569199,0.00015199999999993,3.5596,0.0320655063629149
"2026-05-23T09:56:27.746Z","run_bootstrap",34,"http://client1:8000","run","http://client1:8000/run",1,TRUE,200,1105,250,3.86374831199646,"2026-05-23T09:56:23.878135Z","2026-05-23T09:56:27.741883Z",1779530183.87814,1779530187.74188,0.000501,0.00058,0.000608,3.851053,3.851084,3.850445,3.10000000003363e-05,3.8441,0.0196483119964599
"2026-05-23T09:56:27.746Z","run_bootstrap",34,"http://client2:8000","run","http://client2:8000/run",1,TRUE,200,1105,255,3.63899040222168,"2026-05-23T09:56:23.877858Z","2026-05-23T09:56:27.516849Z",1779530183.87786,1779530187.51685,0.000597,0.000656,0.000679,3.62526,3.625308,3.624581,4.8000000000048e-05,3.6183,0.0206904022216796
"2026-05-23T09:56:27.746Z","run_bootstrap",34,"http://client3:8000","run","http://client3:8000/run",1,TRUE,200,1105,255,3.67120361328125,"2026-05-23T09:56:23.879704Z","2026-05-23T09:56:27.550908Z",1779530183.8797,1779530187.55091,0.000531,0.000605,0.000643,3.657776,3.65782,3.657133,4.3999999999933e-05,3.6509,0.02030361328125
"2026-05-23T09:56:31.739Z","run_bootstrap",35,"http://client1:8000","run","http://client1:8000/run",1,TRUE,200,1108,249,3.97448945045471,"2026-05-23T09:56:27.757755Z","2026-05-23T09:56:31.732244Z",1779530187.75776,1779530191.73224,0.000649,0.000751,0.000791,3.958293,3.958339,3.957502,4.60000000002125e-05,3.9512,0.0232894504547119
"2026-05-23T09:56:31.739Z","run_bootstrap",35,"http://client2:8000","run","http://client2:8000/run",1,TRUE,200,1108,254,3.75061440467834,"2026-05-23T09:56:27.758569Z","2026-05-23T09:56:31.509184Z",1779530187.75857,1779530191.50918,0.000616,0.000732,0.000779,3.72988,3.729926,3.729101,4.59999999997684e-05,3.7227,0.0279144046783446
"2026-05-23T09:56:31.739Z","run_bootstrap",35,"http://client3:8000","run","http://client3:8000/run",1,TRUE,200,1108,255,3.7783055305481,"2026-05-23T09:56:27.759245Z","2026-05-23T09:56:31.537551Z",1779530187.75925,1779530191.53755,0.000644,0.000739,0.000777,3.758571,3.758619,3.757794,4.8000000000048e-05,3.7516,0.0267055305480959
"2026-05-23T09:56:35.559Z","run_bootstrap",36,"http://client1:8000","run","http://client1:8000/run",1,TRUE,200,1108,249,3.61326336860657,"2026-05-23T09:56:31.751299Z","2026-05-23T09:56:35.364562Z",1779530191.7513,1779530195.36456,0.000664,0.00078,0.000826,3.600038,3.600089,3.599212,5.10000000000232e-05,3.5927,0.0205633686065676
"2026-05-23T09:56:35.559Z","run_bootstrap",36,"http://client2:8000","run","http://client2:8000/run",1,TRUE,200,1108,253,3.68773746490479,"2026-05-23T09:56:31.752291Z","2026-05-23T09:56:35.440028Z",1779530191.75229,1779530195.44003,0.000582,0.000654,0.000691,3.674902,3.674951,3.674211,4.90000000001878e-05,3.668,0.019737464904785
"2026-05-23T09:56:35.559Z","run_bootstrap",36,"http://client3:8000","run","http://client3:8000/run",1,TRUE,200,1108,255,3.79938054084778,"2026-05-23T09:56:31.752981Z","2026-05-23T09:56:35.552361Z",1779530191.75298,1779530195.55236,0.000487,0.000578,0.000626,3.779532,3.779583,3.778906,5.10000000000232e-05,3.7726,0.0267805408477781
"2026-05-23T09:56:39.490Z","run_bootstrap",37,"http://client1:8000","run","http://client1:8000/run",1,TRUE,200,1108,250,3.91352963447571,"2026-05-23T09:56:35.569659Z","2026-05-23T09:56:39.483189Z",1779530195.56966,1779530199.48319,0.000524,0.000611,0.000644,3.89874,3.89879,3.898096,4.99999999998835e-05,3.8916,0.0219296344757081
"2026-05-23T09:56:39.490Z","run_bootstrap",37,"http://client2:8000","run","http://client2:8000/run",1,TRUE,200,1108,255,3.60635280609131,"2026-05-23T09:56:35.570109Z","2026-05-23T09:56:39.176462Z",1779530195.57011,1779530199.17646,0.000464,0.000541,0.00057,3.586928,3.58697,3.586358,4.20000000000975e-05,3.5799,0.0264528060913087
"2026-05-23T09:56:39.490Z","run_bootstrap",37,"http://client3:8000","run","http://client3:8000/run",1,TRUE,200,1108,253,3.73613929748535,"2026-05-23T09:56:35.570559Z","2026-05-23T09:56:39.306698Z",1779530195.57056,1779530199.3067,0.000482,0.000564,0.000586,3.72296,3.722992,3.722374,3.2000000000032e-05,3.7155,0.0206392974853515
"2026-05-23T09:56:43.285Z","run_bootstrap",38,"http://client1:8000","run","http://client1:8000/run",1,TRUE,200,1108,250,3.77973747253418,"2026-05-23T09:56:39.501627Z","2026-05-23T09:56:43.281365Z",1779530199.50163,1779530203.28137,0.000529,0.00059,0.000609,3.759875,3.760011,3.759266,0.000135999999999914,3.7523,0.0274374725341797
"2026-05-23T09:56:43.285Z","run_bootstrap",38,"http://client2:8000","run","http://client2:8000/run",1,TRUE,200,1108,255,3.77767562866211,"2026-05-23T09:56:39.502140Z","2026-05-23T09:56:43.279815Z",1779530199.50214,1779530203.27982,0.000481,0.000557,0.000578,3.757657,3.757702,3.757079,4.50000000000728e-05,3.7504,0.0272756286621094
"2026-05-23T09:56:43.285Z","run_bootstrap",38,"http://client3:8000","run","http://client3:8000/run",1,TRUE,200,1108,253,3.56886696815491,"2026-05-23T09:56:39.502717Z","2026-05-23T09:56:43.071584Z",1779530199.50272,1779530203.07158,0.000534,0.00059,0.00061,3.549578,3.549621,3.548968,4.30000000002373e-05,3.5419,0.0269669681549072
"2026-05-23T09:56:47.119Z","run_bootstrap",39,"http://client1:8000","run","http://client1:8000/run",1,TRUE,200,1107,251,3.81377243995667,"2026-05-23T09:56:43.300938Z","2026-05-23T09:56:47.114711Z",1779530203.30094,1779530207.11471,0.000564,0.000618,0.000638,3.800679,3.800724,3.800041,4.50000000000728e-05,3.7759,0.037872439956665
"2026-05-23T09:56:47.119Z","run_bootstrap",39,"http://client2:8000","run","http://client2:8000/run",1,TRUE,200,1107,254,3.59154725074768,"2026-05-23T09:56:43.301599Z","2026-05-23T09:56:46.893146Z",1779530203.3016,1779530206.89315,0.000454,0.000528,0.000552,3.578391,3.578432,3.577839,4.09999999999577e-05,3.5716,0.0199472507476806
"2026-05-23T09:56:47.119Z","run_bootstrap",39,"http://client3:8000","run","http://client3:8000/run",1,TRUE,200,1107,255,3.60565042495728,"2026-05-23T09:56:43.300836Z","2026-05-23T09:56:46.906487Z",1779530203.30084,1779530206.90649,0.000464,0.000531,0.000554,3.591835,3.591876,3.591281,4.09999999999577e-05,3.5839,0.0217504249572755
"2026-05-23T09:56:51.053Z","run_bootstrap",40,"http://client1:8000","run","http://client1:8000/run",1,TRUE,200,1107,251,3.65866613388062,"2026-05-23T09:56:47.131910Z","2026-05-23T09:56:50.790576Z",1779530207.13191,1779530210.79058,0.000651,0.00068,0.000692,3.637705,3.637751,3.637013,4.60000000002125e-05,3.4931,0.165566133880615
"2026-05-23T09:56:51.053Z","run_bootstrap",40,"http://client2:8000","run","http://client2:8000/run",1,TRUE,200,1107,254,3.91620349884033,"2026-05-23T09:56:47.132683Z","2026-05-23T09:56:51.048887Z",1779530207.13268,1779530211.04889,0.000661,0.000741,0.000771,3.8961,3.896149,3.895329,4.89999999997437e-05,3.7502,0.166003498840332
"2026-05-23T09:56:51.053Z","run_bootstrap",40,"http://client3:8000","run","http://client3:8000/run",1,TRUE,200,1107,255,3.7362687587738,"2026-05-23T09:56:47.133686Z","2026-05-23T09:56:50.869955Z",1779530207.13369,1779530210.86996,0.000468,0.00056,0.000581,3.717423,3.717463,3.716842,3.9999999999818e-05,3.5647,0.171568758773804
"2026-05-23T09:56:54.773Z","run_bootstrap",41,"http://client1:8000","run","http://client1:8000/run",1,TRUE,200,1108,251,3.65199637413025,"2026-05-23T09:56:51.116686Z","2026-05-23T09:56:54.768683Z",1779530211.11669,1779530214.76868,0.000592,0.000702,0.000745,3.639,3.639106,3.638255,0.000106000000000162,3.6316,0.0203963741302489
"2026-05-23T09:56:54.773Z","run_bootstrap",41,"http://client2:8000","run","http://client2:8000/run",1,TRUE,200,1108,254,3.42913889884949,"2026-05-23T09:56:51.118454Z","2026-05-23T09:56:54.547593Z",1779530211.11845,1779530214.54759,0.000551,0.000658,7e-04,3.417498,3.417646,3.416798,0.000147999999999815,3.4106,0.0185388988494872
"2026-05-23T09:56:54.773Z","run_bootstrap",41,"http://client3:8000","run","http://client3:8000/run",1,TRUE,200,1108,252,3.49669671058655,"2026-05-23T09:56:51.120193Z","2026-05-23T09:56:54.616890Z",1779530211.12019,1779530214.61689,0.000693,0.000806,0.000845,3.478349,3.478486,3.477504,0.000137000000000054,3.4712,0.0254967105865478
"2026-05-23T09:56:58.293Z","run_bootstrap",42,"http://client1:8000","run","http://client1:8000/run",1,TRUE,200,1108,251,3.46845316886902,"2026-05-23T09:56:54.785628Z","2026-05-23T09:56:58.254081Z",1779530214.78563,1779530218.25408,0.00067,0.000776,0.000814,3.45262,3.452762,3.451806,0.000141999999999864,3.4455,0.0229531688690185
"2026-05-23T09:56:58.293Z","run_bootstrap",42,"http://client2:8000","run","http://client2:8000/run",1,TRUE,200,1108,254,3.50180625915527,"2026-05-23T09:56:54.786134Z","2026-05-23T09:56:58.287941Z",1779530214.78613,1779530218.28794,0.000619,0.000732,0.000771,3.48063,3.48078,3.479859,0.000150000000000095,3.4739,0.0279062591552734
"2026-05-23T09:56:58.293Z","run_bootstrap",42,"http://client3:8000","run","http://client3:8000/run",1,TRUE,200,1108,252,3.38189721107483,"2026-05-23T09:56:54.786565Z","2026-05-23T09:56:58.168462Z",1779530214.78657,1779530218.16846,0.000613,0.000726,0.000764,3.36408,3.364201,3.363316,0.000121000000000038,3.3571,0.0247972110748291
"2026-05-23T09:57:02.000Z","run_bootstrap",43,"http://client1:8000","run","http://client1:8000/run",1,TRUE,200,1110,260,3.44334888458252,"2026-05-23T09:56:58.303256Z","2026-05-23T09:57:01.746605Z",1779530218.30326,1779530221.74661,0.000678,0.000784,0.000817,3.428919,3.429064,3.428102,0.00014499999999984,3.4207,0.0226488845825195
"2026-05-23T09:57:02.000Z","run_bootstrap",43,"http://client2:8000","run","http://client2:8000/run",1,TRUE,200,1110,259,3.68791103363037,"2026-05-23T09:56:58.305461Z","2026-05-23T09:57:01.993372Z",1779530218.30546,1779530221.99337,0.000487,0.000592,0.000625,3.669765,3.6699,3.66914,0.000135000000000218,3.6622,0.0257110336303712
"2026-05-23T09:57:02.000Z","run_bootstrap",43,"http://client3:8000","run","http://client3:8000/run",1,TRUE,200,1110,260,3.3217670917511,"2026-05-23T09:56:58.305869Z","2026-05-23T09:57:01.627636Z",1779530218.30587,1779530221.62764,0.000512,0.000666,0.000709,3.307622,3.307792,3.306913,0.000170000000000226,3.2978,0.0239670917510986
"2026-05-23T09:57:05.554Z","run_bootstrap",44,"http://client1:8000","run","http://client1:8000/run",1,TRUE,200,1110,260,3.45581459999084,"2026-05-23T09:57:02.012322Z","2026-05-23T09:57:05.468137Z",1779530222.01232,1779530225.46814,0.000797,0.000903,0.000937,3.44109,3.441188,3.440153,9.79999999999315e-05,3.4331,0.0227145999908447
"2026-05-23T09:57:05.554Z","run_bootstrap",44,"http://client2:8000","run","http://client2:8000/run",1,TRUE,200,1110,259,3.51341915130615,"2026-05-23T09:57:02.013978Z","2026-05-23T09:57:05.527397Z",1779530222.01398,1779530225.5274,0.000708,0.000882,0.000902,3.498825,3.498981,3.497923,0.000156000000000045,3.4917,0.0217191513061525
"2026-05-23T09:57:05.554Z","run_bootstrap",44,"http://client3:8000","run","http://client3:8000/run",1,TRUE,200,1110,260,3.53423690795898,"2026-05-23T09:57:02.014680Z","2026-05-23T09:57:05.548917Z",1779530222.01468,1779530225.54892,0.000617,0.000717,0.000739,3.520401,3.520563,3.519662,0.000161999999999995,3.5115,0.0227369079589845
"2026-05-23T09:57:09.274Z","run_bootstrap",45,"http://client1:8000","run","http://client1:8000/run",1,TRUE,200,1107,252,3.33986353874207,"2026-05-23T09:57:05.566644Z","2026-05-23T09:57:08.906507Z",1779530225.56664,1779530228.90651,0.000784,0.000863,0.000899,3.325623,3.325762,3.324724,0.000138999999999889,3.3182,0.0216635387420654
"2026-05-23T09:57:09.274Z","run_bootstrap",45,"http://client2:8000","run","http://client2:8000/run",1,TRUE,200,1107,251,3.70185375213623,"2026-05-23T09:57:05.567610Z","2026-05-23T09:57:09.269464Z",1779530225.56761,1779530229.26946,0.000477,0.000569,0.000606,3.6828,3.682947,3.682194,0.000147000000000119,3.676,0.0258537521362303
"2026-05-23T09:57:09.274Z","run_bootstrap",45,"http://client3:8000","run","http://client3:8000/run",1,TRUE,200,1107,256,3.37611722946167,"2026-05-23T09:57:05.566637Z","2026-05-23T09:57:08.942754Z",1779530225.56664,1779530228.94275,0.000737,0.000817,0.000845,3.362311,3.362439,3.361466,0.000128000000000128,3.3541,0.0220172294616701
"2026-05-23T09:57:12.853Z","run_bootstrap",46,"http://client1:8000","run","http://client1:8000/run",1,TRUE,200,1107,252,3.56135559082031,"2026-05-23T09:57:09.287365Z","2026-05-23T09:57:12.848721Z",1779530229.28737,1779530232.84872,0.000602,0.000709,0.000744,3.538771,3.538939,3.538027,0.000167999999999946,3.5313,0.0300555908203126
"2026-05-23T09:57:12.853Z","run_bootstrap",46,"http://client2:8000","run","http://client2:8000/run",1,TRUE,200,1107,252,3.35292649269104,"2026-05-23T09:57:09.287876Z","2026-05-23T09:57:12.640803Z",1779530229.28788,1779530232.6408,0.000569,0.000681,0.000717,3.330245,3.330395,3.329528,0.000150000000000095,3.3229,0.0300264926910399
"2026-05-23T09:57:12.853Z","run_bootstrap",46,"http://client3:8000","run","http://client3:8000/run",1,TRUE,200,1107,256,3.5624372959137,"2026-05-23T09:57:09.287203Z","2026-05-23T09:57:12.849640Z",1779530229.2872,1779530232.84964,0.000756,0.000889,0.000931,3.545586,3.545733,3.544655,0.000146999999999675,3.5369,0.0255372959136961
"2026-05-23T09:57:16.640Z","run_bootstrap",47,"http://client1:8000","run","http://client1:8000/run",1,TRUE,200,1109,253,3.59913229942322,"2026-05-23T09:57:12.865540Z","2026-05-23T09:57:16.464673Z",1779530232.86554,1779530236.46467,0.000649,0.000753,0.000797,3.585039,3.58513,3.584242,9.09999999998412e-05,3.5769,0.0222322994232176
"2026-05-23T09:57:16.640Z","run_bootstrap",47,"http://client2:8000","run","http://client2:8000/run",1,TRUE,200,1109,254,3.76654148101807,"2026-05-23T09:57:12.866744Z","2026-05-23T09:57:16.633285Z",1779530232.86674,1779530236.63329,0.000579,0.000663,0.000703,3.75288,3.753011,3.752177,0.000130999999999659,3.7459,0.0206414810180666
"2026-05-23T09:57:16.640Z","run_bootstrap",47,"http://client3:8000","run","http://client3:8000/run",1,TRUE,200,1109,254,3.55229687690735,"2026-05-23T09:57:12.867463Z","2026-05-23T09:57:16.419760Z",1779530232.86746,1779530236.41976,0.000606,0.000678,0.000715,3.53935,3.539479,3.538635,0.000128999999999824,3.5324,0.0198968769073486
"2026-05-23T09:57:20.447Z","run_bootstrap",48,"http://client1:8000","run","http://client1:8000/run",1,TRUE,200,1109,252,3.59715032577515,"2026-05-23T09:57:16.652746Z","2026-05-23T09:57:20.249896Z",1779530236.65275,1779530240.2499,0.000541,0.000639,0.000673,3.578684,3.578805,3.578011,0.000121000000000038,3.571,0.0261503257751463
"2026-05-23T09:57:20.447Z","run_bootstrap",48,"http://client2:8000","run","http://client2:8000/run",1,TRUE,200,1109,253,3.64837050437927,"2026-05-23T09:57:16.653369Z","2026-05-23T09:57:20.301740Z",1779530236.65337,1779530240.30174,0.000786,0.000923,0.000968,3.63178,3.631958,3.630812,0.000178000000000011,3.624,0.0243705043792724
"2026-05-23T09:57:20.447Z","run_bootstrap",48,"http://client3:8000","run","http://client3:8000/run",1,TRUE,200,1109,254,3.78856873512268,"2026-05-23T09:57:16.654091Z","2026-05-23T09:57:20.442660Z",1779530236.65409,1779530240.44266,0.000607,0.000745,0.00079,3.772283,3.772417,3.771493,0.000134000000000079,3.7648,0.0237687351226805
"2026-05-23T09:57:24.124Z","run_bootstrap",49,"http://client1:8000","run","http://client1:8000/run",1,TRUE,200,1105,252,3.62477540969849,"2026-05-23T09:57:20.458840Z","2026-05-23T09:57:24.083616Z",1779530240.45884,1779530244.08362,0.000525,0.00061,0.000641,3.602302,3.602449,3.601661,0.000147000000000119,3.5943,0.0304754096984863
"2026-05-23T09:57:24.124Z","run_bootstrap",49,"http://client2:8000","run","http://client2:8000/run",1,TRUE,200,1105,252,3.45493173599243,"2026-05-23T09:57:20.459457Z","2026-05-23T09:57:23.914389Z",1779530240.45946,1779530243.91439,0.000597,0.000703,0.000738,3.436317,3.436453,3.435579,0.000136000000000358,3.4294,0.0255317359924319
"2026-05-23T09:57:24.124Z","run_bootstrap",49,"http://client3:8000","run","http://client3:8000/run",1,TRUE,200,1105,251,3.65989136695862,"2026-05-23T09:57:20.459996Z","2026-05-23T09:57:24.119888Z",1779530240.46,1779530244.11989,0.000367,0.000441,0.000471,3.641315,3.641445,3.640844,0.000129999999999963,3.6345,0.0253913669586181
"2026-05-23T09:57:27.947Z","run_bootstrap",50,"http://client1:8000","run","http://client1:8000/run",1,TRUE,200,1105,252,3.54063296318054,"2026-05-23T09:57:24.137156Z","2026-05-23T09:57:27.677789Z",1779530244.13716,1779530247.67779,0.000503,0.000624,0.000668,3.523566,3.5237,3.522898,0.000133999999999634,3.5146,0.0260329631805418
"2026-05-23T09:57:27.947Z","run_bootstrap",50,"http://client2:8000","run","http://client2:8000/run",1,TRUE,200,1105,252,3.80511164665222,"2026-05-23T09:57:24.137808Z","2026-05-23T09:57:27.942919Z",1779530244.13781,1779530247.94292,0.000718,0.000836,0.000878,3.790415,3.790566,3.789537,0.000151000000000234,3.7831,0.0220116466522216
"2026-05-23T09:57:27.947Z","run_bootstrap",50,"http://client3:8000","run","http://client3:8000/run",1,TRUE,200,1105,251,3.57779383659363,"2026-05-23T09:57:24.137001Z","2026-05-23T09:57:27.714795Z",1779530244.137,1779530247.7148,0.000649,0.000767,0.000808,3.562664,3.56275,3.561856,8.60000000000305e-05,3.5554,0.0223938365936278
"2026-05-23T09:57:31.821Z","run_bootstrap",51,"http://client1:8000","run","http://client1:8000/run",1,TRUE,200,1109,252,3.80948138237,"2026-05-23T09:57:27.960550Z","2026-05-23T09:57:31.770031Z",1779530247.96055,1779530251.77003,0.000805,0.000917,0.000957,3.792602,3.792729,3.791645,0.000126999999999988,3.7788,0.0306813823699952
"2026-05-23T09:57:31.821Z","run_bootstrap",51,"http://client2:8000","run","http://client2:8000/run",1,TRUE,200,1109,253,3.8562068939209,"2026-05-23T09:57:27.961187Z","2026-05-23T09:57:31.817394Z",1779530247.96119,1779530251.81739,0.00053,0.00062,0.000656,3.838963,3.83908,3.838307,0.000116999999999923,3.8267,0.0295068939208982
"2026-05-23T09:57:31.821Z","run_bootstrap",51,"http://client3:8000","run","http://client3:8000/run",1,TRUE,200,1109,250,3.67801809310913,"2026-05-23T09:57:27.961730Z","2026-05-23T09:57:31.639748Z",1779530247.96173,1779530251.63975,0.000528,0.000621,0.000658,3.657493,3.65764,3.656835,0.000146999999999675,3.6309,0.0471180931091308
"2026-05-23T09:57:35.633Z","run_bootstrap",52,"http://client1:8000","run","http://client1:8000/run",1,TRUE,200,1109,252,3.50623273849487,"2026-05-23T09:57:31.837463Z","2026-05-23T09:57:35.343696Z",1779530251.83746,1779530255.3437,0.000638,0.000744,0.000778,3.493211,3.493336,3.492433,0.000125000000000153,3.4845,0.0217327384948729
"2026-05-23T09:57:35.633Z","run_bootstrap",52,"http://client2:8000","run","http://client2:8000/run",1,TRUE,200,1109,253,3.56130266189575,"2026-05-23T09:57:31.840065Z","2026-05-23T09:57:35.401368Z",1779530251.84007,1779530255.40137,0.000825,0.000913,0.000936,3.54985,3.549933,3.548914,8.29999999996112e-05,3.5427,0.018602661895752
"2026-05-23T09:57:35.633Z","run_bootstrap",52,"http://client3:8000","run","http://client3:8000/run",1,TRUE,200,1109,250,3.78656339645386,"2026-05-23T09:57:31.840192Z","2026-05-23T09:57:35.626756Z",1779530251.84019,1779530255.62676,0.000605,0.000683,0.000714,3.772702,3.772819,3.771988,0.000116999999999923,3.7645,0.0220633964538575
"2026-05-23T09:57:39.376Z","run_bootstrap",53,"http://client1:8000","run","http://client1:8000/run",1,TRUE,200,1109,253,3.65826463699341,"2026-05-23T09:57:35.645826Z","2026-05-23T09:57:39.304091Z",1779530255.64583,1779530259.30409,0.000805,0.000927,0.000962,3.644681,3.644809,3.643719,0.000128000000000128,3.6332,0.0250646369934082
"2026-05-23T09:57:39.376Z","run_bootstrap",53,"http://client2:8000","run","http://client2:8000/run",1,TRUE,200,1109,250,3.72389459609985,"2026-05-23T09:57:35.647527Z","2026-05-23T09:57:39.371422Z",1779530255.64753,1779530259.37142,0.000545,0.000623,0.000654,3.710377,3.710549,3.709723,0.000172000000000061,3.7026,0.0212945960998536
"2026-05-23T09:57:39.376Z","run_bootstrap",53,"http://client3:8000","run","http://client3:8000/run",1,TRUE,200,1109,252,3.49688935279846,"2026-05-23T09:57:35.647718Z","2026-05-23T09:57:39.144608Z",1779530255.64772,1779530259.14461,0.000514,0.000604,0.000636,3.480628,3.480777,3.479992,0.000148999999999955,3.4735,0.0233893527984619
"2026-05-23T09:57:43.185Z","run_bootstrap",54,"http://client1:8000","run","http://client1:8000/run",1,TRUE,200,1109,253,3.5172655582428,"2026-05-23T09:57:39.388687Z","2026-05-23T09:57:42.905952Z",1779530259.38869,1779530262.90595,0.000536,0.000626,0.000655,3.501582,3.501698,3.500927,0.000116000000000227,3.4935,0.0237655582427978
"2026-05-23T09:57:43.185Z","run_bootstrap",54,"http://client2:8000","run","http://client2:8000/run",1,TRUE,200,1109,250,3.57939100265503,"2026-05-23T09:57:39.389178Z","2026-05-23T09:57:42.968569Z",1779530259.38918,1779530262.96857,0.00031,0.000422,0.000483,3.562814,3.56295,3.562331,0.000135999999999914,3.5549,0.0244910026550293
"2026-05-23T09:57:43.185Z","run_bootstrap",54,"http://client3:8000","run","http://client3:8000/run",1,TRUE,200,1109,252,3.78947305679321,"2026-05-23T09:57:39.388854Z","2026-05-23T09:57:43.178327Z",1779530259.38885,1779530263.17833,0.000644,0.000894,0.000967,3.775494,3.775629,3.774527,0.000134999999999774,3.7671,0.0223730567932128
"2026-05-23T09:57:46.921Z","run_bootstrap",55,"http://client1:8000","run","http://client1:8000/run",1,TRUE,200,1108,252,3.71683144569397,"2026-05-23T09:57:43.196201Z","2026-05-23T09:57:46.913033Z",1779530263.1962,1779530266.91303,0.000644,0.000761,0.000796,3.702592,3.702747,3.701796,0.000154999999999905,3.6953,0.0215314456939697
"2026-05-23T09:57:46.921Z","run_bootstrap",55,"http://client2:8000","run","http://client2:8000/run",1,TRUE,200,1108,252,3.63253569602966,"2026-05-23T09:57:43.198146Z","2026-05-23T09:57:46.830681Z",1779530263.19815,1779530266.83068,0.000435,0.000524,0.000555,3.612179,3.612258,3.611624,7.90000000003843e-05,3.6055,0.0270356960296629
"2026-05-23T09:57:46.921Z","run_bootstrap",55,"http://client3:8000","run","http://client3:8000/run",1,TRUE,200,1108,252,3.71788644790649,"2026-05-23T09:57:43.198509Z","2026-05-23T09:57:46.916395Z",1779530263.19851,1779530266.9164,0.000539,0.000632,0.000665,3.697797,3.697912,3.697132,0.000115000000000087,3.6893,0.0285864479064943
"2026-05-23T09:57:50.732Z","run_bootstrap",56,"http://client1:8000","run","http://client1:8000/run",1,TRUE,200,1108,252,3.6276319026947,"2026-05-23T09:57:46.933413Z","2026-05-23T09:57:50.561045Z",1779530266.93341,1779530270.56105,0.000615,0.000704,0.000728,3.612836,3.612964,3.612108,0.000127999999999684,3.6043,0.0233319026947023
"2026-05-23T09:57:50.732Z","run_bootstrap",56,"http://client2:8000","run","http://client2:8000/run",1,TRUE,200,1108,252,3.79272103309631,"2026-05-23T09:57:46.935039Z","2026-05-23T09:57:50.727760Z",1779530266.93504,1779530270.72776,6e-04,0.000683,0.000713,3.778679,3.778827,3.777966,0.000148000000000259,3.7718,0.0209210330963137
"2026-05-23T09:57:50.732Z","run_bootstrap",56,"http://client3:8000","run","http://client3:8000/run",1,TRUE,200,1108,252,3.571941614151,"2026-05-23T09:57:46.934900Z","2026-05-23T09:57:50.506841Z",1779530266.9349,1779530270.50684,0.000612,0.000682,0.000711,3.557779,3.557908,3.557068,0.000128999999999824,3.5509,0.021041614151001
"2026-05-23T09:57:54.575Z","run_bootstrap",57,"http://client1:8000","run","http://client1:8000/run",1,TRUE,200,1107,253,3.550053358078,"2026-05-23T09:57:50.744611Z","2026-05-23T09:57:54.294664Z",1779530270.74461,1779530274.29466,0.000698,0.000769,0.000808,3.528181,3.528307,3.527373,0.000125999999999848,3.5204,0.029653358078003
"2026-05-23T09:57:54.575Z","run_bootstrap",57,"http://client2:8000","run","http://client2:8000/run",1,TRUE,200,1107,251,3.62129259109497,"2026-05-23T09:57:50.745160Z","2026-05-23T09:57:54.366453Z",1779530270.74516,1779530274.36645,0.000545,0.000655,0.000696,3.600457,3.600591,3.599761,0.000134000000000079,3.5935,0.0277925910949706
"2026-05-23T09:57:54.575Z","run_bootstrap",57,"http://client3:8000","run","http://client3:8000/run",1,TRUE,200,1107,252,3.82562613487244,"2026-05-23T09:57:50.745733Z","2026-05-23T09:57:54.571360Z",1779530270.74573,1779530274.57136,0.000571,0.00066,0.000699,3.805499,3.805633,3.8048,0.000133999999999634,3.7979,0.0277261348724367
"2026-05-23T09:57:58.470Z","run_bootstrap",58,"http://client1:8000","run","http://client1:8000/run",1,TRUE,200,1107,252,3.59913516044617,"2026-05-23T09:57:54.589903Z","2026-05-23T09:57:58.189038Z",1779530274.5899,1779530278.18904,0.000675,0.000797,0.000834,3.584315,3.584456,3.583481,0.000140999999999725,3.576,0.0231351604461669
"2026-05-23T09:57:58.470Z","run_bootstrap",58,"http://client2:8000","run","http://client2:8000/run",1,TRUE,200,1107,251,3.67982006072998,"2026-05-23T09:57:54.590611Z","2026-05-23T09:57:58.270431Z",1779530274.59061,1779530278.27043,0.000704,0.000805,0.000839,3.666211,3.666329,3.665372,0.000118000000000062,3.6577,0.0221200607299803
"2026-05-23T09:57:58.470Z","run_bootstrap",58,"http://client3:8000","run","http://client3:8000/run",1,TRUE,200,1107,252,3.8760678768158,"2026-05-23T09:57:54.589894Z","2026-05-23T09:57:58.465962Z",1779530274.58989,1779530278.46596,0.000723,0.000859,0.000894,3.862787,3.862916,3.861893,0.000128999999999824,3.8552,0.0208678768157959
"2026-05-23T09:58:02.380Z","run_bootstrap",59,"http://client1:8000","run","http://client1:8000/run",1,TRUE,200,1108,253,3.5848913192749,"2026-05-23T09:57:58.481671Z","2026-05-23T09:58:02.066563Z",1779530278.48167,1779530282.06656,0.000642,0.000754,0.000795,3.562738,3.56287,3.561943,0.000132000000000243,3.5515,0.0333913192749025
"2026-05-23T09:58:02.380Z","run_bootstrap",59,"http://client2:8000","run","http://client2:8000/run",1,TRUE,200,1108,252,3.65477752685547,"2026-05-23T09:57:58.482360Z","2026-05-23T09:58:02.137138Z",1779530278.48236,1779530282.13714,0.000637,0.000754,0.000795,3.633351,3.633487,3.632556,0.000135999999999914,3.6226,0.0321775268554689
"2026-05-23T09:58:02.380Z","run_bootstrap",59,"http://client3:8000","run","http://client3:8000/run",1,TRUE,200,1108,252,3.89267301559448,"2026-05-23T09:57:58.482908Z","2026-05-23T09:58:02.375581Z",1779530278.48291,1779530282.37558,0.000636,0.000755,0.000795,3.872526,3.872675,3.871731,0.000148999999999955,3.8632,0.0294730155944825
"2026-05-23T09:58:06.490Z","run_bootstrap",60,"http://client1:8000","run","http://client1:8000/run",1,TRUE,200,1108,253,3.88134908676147,"2026-05-23T09:58:02.393332Z","2026-05-23T09:58:06.274682Z",1779530282.39333,1779530286.27468,0.000564,0.000612,0.00063,3.863717,3.863849,3.863087,0.000132000000000243,3.7056,0.175749086761475
"2026-05-23T09:58:06.490Z","run_bootstrap",60,"http://client2:8000","run","http://client2:8000/run",1,TRUE,200,1108,252,3.89329290390015,"2026-05-23T09:58:02.394005Z","2026-05-23T09:58:06.287298Z",1779530282.39401,1779530286.2873,0.000395,0.000466,0.000496,3.875101,3.875231,3.874605,0.000129999999999963,3.7215,0.171792903900147
"2026-05-23T09:58:06.490Z","run_bootstrap",60,"http://client3:8000","run","http://client3:8000/run",1,TRUE,200,1108,251,4.09108018875122,"2026-05-23T09:58:02.394611Z","2026-05-23T09:58:06.485691Z",1779530282.39461,1779530286.48569,0.000429,0.000506,0.000528,4.07473,4.074878,4.074202,0.000148000000000259,3.915,0.176080188751221
"2026-05-23T09:58:10.085Z","run_bootstrap",61,"http://client1:8000","run","http://client1:8000/run",1,TRUE,200,1108,253,3.57541632652283,"2026-05-23T09:58:06.502602Z","2026-05-23T09:58:10.078018Z",1779530286.5026,1779530290.07802,0.000777,0.000886,0.000923,3.553551,3.553712,3.552628,0.000160999999999856,3.5466,0.028816326522827
"2026-05-23T09:58:10.085Z","run_bootstrap",61,"http://client2:8000","run","http://client2:8000/run",1,TRUE,200,1108,253,3.50161147117615,"2026-05-23T09:58:06.503240Z","2026-05-23T09:58:10.004851Z",1779530286.50324,1779530290.00485,0.000545,0.000685,0.000726,3.479348,3.479483,3.478622,0.000135000000000218,3.4728,0.0288114711761476
"2026-05-23T09:58:10.085Z","run_bootstrap",61,"http://client3:8000","run","http://client3:8000/run",1,TRUE,200,1108,251,3.34393167495728,"2026-05-23T09:58:06.503833Z","2026-05-23T09:58:09.847764Z",1779530286.50383,1779530289.84776,0.000678,0.000784,0.00082,3.325138,3.325266,3.324318,0.000128000000000128,3.3187,0.0252316749572752
"2026-05-23T09:58:13.692Z","run_bootstrap",62,"http://client1:8000","run","http://client1:8000/run",1,TRUE,200,1108,253,3.5881040096283,"2026-05-23T09:58:10.097307Z","2026-05-23T09:58:13.685411Z",1779530290.09731,1779530293.68541,0.000653,0.000718,0.000748,3.573692,3.573826,3.572944,0.000134000000000079,3.5665,0.0216040096282959
"2026-05-23T09:58:13.692Z","run_bootstrap",62,"http://client2:8000","run","http://client2:8000/run",1,TRUE,200,1108,252,3.53806400299072,"2026-05-23T09:58:10.097159Z","2026-05-23T09:58:13.635223Z",1779530290.09716,1779530293.63522,0.000605,0.000725,0.000774,3.523705,3.52383,3.522931,0.000124999999999709,3.517,0.0210640029907228
"2026-05-23T09:58:13.692Z","run_bootstrap",62,"http://client3:8000","run","http://client3:8000/run",1,TRUE,200,1108,251,3.4631941318512,"2026-05-23T09:58:10.097888Z","2026-05-23T09:58:13.561082Z",1779530290.09789,1779530293.56108,0.000617,0.000719,0.000761,3.450262,3.450544,3.449501,0.000281999999999893,3.4424,0.0207941318511962
"2026-05-23T09:58:17.423Z","run_bootstrap",63,"http://client1:8000","run","http://client1:8000/run",1,TRUE,200,1105,253,3.53891158103943,"2026-05-23T09:58:13.704742Z","2026-05-23T09:58:17.243653Z",1779530293.70474,1779530297.24365,0.000731,0.00081,0.000861,3.521418,3.521567,3.520557,0.000148999999999955,3.5142,0.0247115810394285
"2026-05-23T09:58:17.423Z","run_bootstrap",63,"http://client2:8000","run","http://client2:8000/run",1,TRUE,200,1105,250,3.71324682235718,"2026-05-23T09:58:13.705517Z","2026-05-23T09:58:17.418763Z",1779530293.70552,1779530297.41876,0.000704,0.00081,0.000852,3.696643,3.696786,3.695791,0.000143000000000004,3.68,0.0332468223571776
"2026-05-23T09:58:17.423Z","run_bootstrap",63,"http://client3:8000","run","http://client3:8000/run",1,TRUE,200,1105,250,3.47271633148193,"2026-05-23T09:58:13.705217Z","2026-05-23T09:58:17.177933Z",1779530293.70522,1779530297.17793,0.000717,0.000816,0.000853,3.455192,3.45533,3.454339,0.000138000000000194,3.448,0.0247163314819336
"2026-05-23T09:58:21.170Z","run_bootstrap",64,"http://client1:8000","run","http://client1:8000/run",1,TRUE,200,1105,253,3.49924755096436,"2026-05-23T09:58:17.437067Z","2026-05-23T09:58:20.936314Z",1779530297.43707,1779530300.93631,0.000637,0.000757,0.000802,3.477855,3.477935,3.477053,8.000000000008e-05,3.4604,0.0388475509643555
"2026-05-23T09:58:21.170Z","run_bootstrap",64,"http://client2:8000","run","http://client2:8000/run",1,TRUE,200,1105,252,3.54065370559692,"2026-05-23T09:58:17.437757Z","2026-05-23T09:58:20.978411Z",1779530297.43776,1779530300.97841,0.00064,7e-04,0.000725,3.519657,3.519802,3.518932,0.00014499999999984,3.5118,0.0288537055969238
"2026-05-23T09:58:21.170Z","run_bootstrap",64,"http://client3:8000","run","http://client3:8000/run",1,TRUE,200,1105,251,3.72539258003235,"2026-05-23T09:58:17.438329Z","2026-05-23T09:58:21.163721Z",1779530297.43833,1779530301.16372,0.000544,0.000651,0.000703,3.704937,3.705071,3.704234,0.000133999999999634,3.6971,0.0282925800323488
"2026-05-23T09:58:24.901Z","run_bootstrap",65,"http://client1:8000","run","http://client1:8000/run",1,TRUE,200,1109,253,3.60440993309021,"2026-05-23T09:58:21.187054Z","2026-05-23T09:58:24.791464Z",1779530301.18705,1779530304.79146,0.000652,0.000765,0.000801,3.589746,3.589827,3.588945,8.10000000002198e-05,3.5822,0.0222099330902101
"2026-05-23T09:58:24.901Z","run_bootstrap",65,"http://client2:8000","run","http://client2:8000/run",1,TRUE,200,1109,252,3.40219807624817,"2026-05-23T09:58:21.188048Z","2026-05-23T09:58:24.590246Z",1779530301.18805,1779530304.59025,0.000584,0.000684,0.000719,3.388287,3.388424,3.387568,0.000137000000000054,3.3801,0.0220980762481688
"2026-05-23T09:58:24.901Z","run_bootstrap",65,"http://client3:8000","run","http://client3:8000/run",1,TRUE,200,1109,247,3.70669555664062,"2026-05-23T09:58:21.188617Z","2026-05-23T09:58:24.895313Z",1779530301.18862,1779530304.89531,0.000458,0.000528,0.000558,3.69275,3.692884,3.692192,0.000133999999999634,3.6859,0.0207955566406248
"2026-05-23T09:58:28.653Z","run_bootstrap",66,"http://client1:8000","run","http://client1:8000/run",1,TRUE,200,1109,253,3.73188161849976,"2026-05-23T09:58:24.913843Z","2026-05-23T09:58:28.645725Z",1779530304.91384,1779530308.64573,0.000617,0.000733,0.000769,3.712476,3.712618,3.711707,0.000141999999999864,3.7052,0.0266816184997558
"2026-05-23T09:58:28.653Z","run_bootstrap",66,"http://client2:8000","run","http://client2:8000/run",1,TRUE,200,1109,252,3.30593490600586,"2026-05-23T09:58:24.914350Z","2026-05-23T09:58:28.220285Z",1779530304.91435,1779530308.22029,0.000725,0.00083,0.000864,3.28871,3.288801,3.287846,9.09999999998412e-05,3.2813,0.0246349060058595
"2026-05-23T09:58:28.653Z","run_bootstrap",66,"http://client3:8000","run","http://client3:8000/run",1,TRUE,200,1109,247,3.51931285858154,"2026-05-23T09:58:24.914796Z","2026-05-23T09:58:28.434109Z",1779530304.9148,1779530308.43411,0.000617,0.000734,0.000772,3.500282,3.5004,3.49951,0.000118000000000062,3.4928,0.0265128585815431
"2026-05-23T09:58:32.388Z","run_bootstrap",67,"http://client1:8000","run","http://client1:8000/run",1,TRUE,200,1109,253,3.46570181846619,"2026-05-23T09:58:28.665055Z","2026-05-23T09:58:32.130757Z",1779530308.66506,1779530312.13076,0.000564,0.000647,0.000677,3.445065,3.445229,3.444388,0.000163999999999831,3.4379,0.0278018184661866
"2026-05-23T09:58:32.388Z","run_bootstrap",67,"http://client2:8000","run","http://client2:8000/run",1,TRUE,200,1109,251,3.7155647277832,"2026-05-23T09:58:28.665402Z","2026-05-23T09:58:32.380966Z",1779530308.6654,1779530312.38097,0.000453,0.000532,0.000573,3.693259,3.693383,3.692686,0.000124000000000013,3.6867,0.028864727783203
"2026-05-23T09:58:32.388Z","run_bootstrap",67,"http://client3:8000","run","http://client3:8000/run",1,TRUE,200,1109,249,3.71182370185852,"2026-05-23T09:58:28.666044Z","2026-05-23T09:58:32.377868Z",1779530308.66604,1779530312.37787,0.000645,0.000742,0.000783,3.691314,3.691457,3.690531,0.000143000000000004,3.6844,0.0274237018585204
"2026-05-23T09:58:36.120Z","run_bootstrap",68,"http://client1:8000","run","http://client1:8000/run",1,TRUE,200,1109,253,3.3584303855896,"2026-05-23T09:58:32.401344Z","2026-05-23T09:58:35.759775Z",1779530312.40134,1779530315.75978,0.000624,0.000713,0.000746,3.334732,3.334852,3.333986,0.000120000000000342,3.3272,0.0312303855895997
"2026-05-23T09:58:36.120Z","run_bootstrap",68,"http://client2:8000","run","http://client2:8000/run",1,TRUE,200,1109,251,3.52765560150146,"2026-05-23T09:58:32.401719Z","2026-05-23T09:58:35.929374Z",1779530312.40172,1779530315.92937,0.000588,0.000677,7e-04,3.502601,3.502727,3.501901,0.000126000000000293,3.4948,0.0328556015014647
"2026-05-23T09:58:36.120Z","run_bootstrap",68,"http://client3:8000","run","http://client3:8000/run",1,TRUE,200,1109,249,3.71447229385376,"2026-05-23T09:58:32.402165Z","2026-05-23T09:58:36.116638Z",1779530312.40217,1779530316.11664,0.000747,0.000863,0.000897,3.693685,3.69379,3.692788,0.000105000000000022,3.6866,0.0278722938537599
"2026-05-23T09:58:39.855Z","run_bootstrap",69,"http://client1:8000","run","http://client1:8000/run",1,TRUE,200,1108,251,3.71400189399719,"2026-05-23T09:58:36.133945Z","2026-05-23T09:58:39.847947Z",1779530316.13395,1779530319.84795,0.00061,0.000732,0.000772,3.694579,3.694657,3.693807,7.79999999998005e-05,3.687,0.0270018939971925
"2026-05-23T09:58:39.855Z","run_bootstrap",69,"http://client2:8000","run","http://client2:8000/run",1,TRUE,200,1108,251,3.44085383415222,"2026-05-23T09:58:36.134523Z","2026-05-23T09:58:39.575377Z",1779530316.13452,1779530319.57538,0.000691,0.00082,0.000861,3.42267,3.422808,3.421809,0.000137999999999749,3.415,0.0258538341522216
"2026-05-23T09:58:39.855Z","run_bootstrap",69,"http://client3:8000","run","http://client3:8000/run",1,TRUE,200,1108,251,3.46196508407593,"2026-05-23T09:58:36.135086Z","2026-05-23T09:58:39.597051Z",1779530316.13509,1779530319.59705,0.000454,0.000543,0.000579,3.443966,3.444064,3.443387,9.79999999999315e-05,3.4361,0.0258650840759276
"2026-05-23T09:58:43.671Z","run_bootstrap",70,"http://client1:8000","run","http://client1:8000/run",1,TRUE,200,1108,252,3.68437004089355,"2026-05-23T09:58:39.867912Z","2026-05-23T09:58:43.552282Z",1779530319.86791,1779530323.55228,0.000506,0.000591,0.000623,3.663383,3.663512,3.66276,0.000128999999999824,3.6564,0.0279700408935546
"2026-05-23T09:58:43.671Z","run_bootstrap",70,"http://client2:8000","run","http://client2:8000/run",1,TRUE,200,1108,252,3.79528975486755,"2026-05-23T09:58:39.868628Z","2026-05-23T09:58:43.663917Z",1779530319.86863,1779530323.66392,0.000699,0.000801,0.000835,3.780796,3.780927,3.779961,0.000131000000000103,3.7738,0.0214897548675537
"2026-05-23T09:58:43.671Z","run_bootstrap",70,"http://client3:8000","run","http://client3:8000/run",1,TRUE,200,1108,251,3.53967905044556,"2026-05-23T09:58:39.869254Z","2026-05-23T09:58:43.408933Z",1779530319.86925,1779530323.40893,0.000606,0.00072,0.000755,3.520968,3.521097,3.520213,0.000129000000000268,3.5132,0.0264790504455568
"2026-05-23T09:58:47.364Z","run_bootstrap",71,"http://client1:8000","run","http://client1:8000/run",1,TRUE,200,1109,252,3.63939189910889,"2026-05-23T09:58:43.681988Z","2026-05-23T09:58:47.321379Z",1779530323.68199,1779530327.32138,0.000564,0.000639,0.000669,3.61931,3.619422,3.618641,0.000112000000000112,3.6104,0.0289918991088869
"2026-05-23T09:58:47.364Z","run_bootstrap",71,"http://client2:8000","run","http://client2:8000/run",1,TRUE,200,1109,251,3.61076045036316,"2026-05-23T09:58:43.682332Z","2026-05-23T09:58:47.293093Z",1779530323.68233,1779530327.29309,0.000491,0.000569,0.000591,3.59456,3.594696,3.593969,0.000135999999999914,3.5877,0.0230604503631593
"2026-05-23T09:58:47.364Z","run_bootstrap",71,"http://client3:8000","run","http://client3:8000/run",1,TRUE,200,1109,251,3.67717480659485,"2026-05-23T09:58:43.682785Z","2026-05-23T09:58:47.359960Z",1779530323.68279,1779530327.35996,0.00058,0.000638,0.000656,3.662138,3.662262,3.661482,0.000124000000000013,3.6431,0.0340748065948486
"2026-05-23T09:58:51.083Z","run_bootstrap",72,"http://client1:8000","run","http://client1:8000/run",1,TRUE,200,1109,252,3.7005467414856,"2026-05-23T09:58:47.376892Z","2026-05-23T09:58:51.077439Z",1779530327.37689,1779530331.07744,0.00048,0.000581,0.000628,3.684705,3.684826,3.684077,0.000121000000000038,3.6756,0.0249467414855955
"2026-05-23T09:58:51.083Z","run_bootstrap",72,"http://client2:8000","run","http://client2:8000/run",1,TRUE,200,1109,251,3.61978435516357,"2026-05-23T09:58:47.377626Z","2026-05-23T09:58:50.997411Z",1779530327.37763,1779530330.99741,0.000458,0.00054,0.000583,3.597303,3.597423,3.59672,0.000119999999999898,3.5904,0.0293843551635744
"2026-05-23T09:58:51.083Z","run_bootstrap",72,"http://client3:8000","run","http://client3:8000/run",1,TRUE,200,1109,251,3.53665661811829,"2026-05-23T09:58:47.378172Z","2026-05-23T09:58:50.914828Z",1779530327.37817,1779530330.91483,0.000511,0.000623,0.000667,3.517432,3.517667,3.516765,0.000234999999999985,3.5105,0.0261566181182862
"2026-05-23T09:58:55.007Z","run_bootstrap",73,"http://client1:8000","run","http://client1:8000/run",1,TRUE,200,1108,253,3.90271401405334,"2026-05-23T09:58:51.096904Z","2026-05-23T09:58:54.999618Z",1779530331.0969,1779530334.99962,0.00073,0.000842,0.000876,3.886602,3.886746,3.885726,0.000144000000000144,3.8679,0.0348140140533446
"2026-05-23T09:58:55.007Z","run_bootstrap",73,"http://client2:8000","run","http://client2:8000/run",1,TRUE,200,1108,251,3.64670372009277,"2026-05-23T09:58:51.097619Z","2026-05-23T09:58:54.744323Z",1779530331.09762,1779530334.74432,0.000647,0.000789,0.000833,3.631449,3.631578,3.630616,0.000129000000000268,3.6237,0.0230037200927735
"2026-05-23T09:58:55.007Z","run_bootstrap",73,"http://client3:8000","run","http://client3:8000/run",1,TRUE,200,1108,250,3.59719467163086,"2026-05-23T09:58:51.096509Z","2026-05-23T09:58:54.693704Z",1779530331.09651,1779530334.6937,0.000667,0.000782,0.000817,3.582794,3.58289,3.581977,9.6000000000096e-05,3.573,0.0241946716308594
"2026-05-23T09:58:58.762Z","run_bootstrap",74,"http://client1:8000","run","http://client1:8000/run",1,TRUE,200,1108,253,3.7312593460083,"2026-05-23T09:58:55.026344Z","2026-05-23T09:58:58.757604Z",1779530335.02634,1779530338.7576,0.000964,0.001017,0.001035,3.710431,3.710541,3.709396,0.000110000000000277,3.7027,0.0285593460083007
"2026-05-23T09:58:58.762Z","run_bootstrap",74,"http://client2:8000","run","http://client2:8000/run",1,TRUE,200,1108,249,3.48108911514282,"2026-05-23T09:58:55.026635Z","2026-05-23T09:58:58.507724Z",1779530335.02664,1779530338.50772,0.000575,0.000672,0.000693,3.460256,3.460621,3.459563,0.000364999999999949,3.44,0.0410891151428223
"2026-05-23T09:58:58.762Z","run_bootstrap",74,"http://client3:8000","run","http://client3:8000/run",1,TRUE,200,1108,251,3.72468304634094,"2026-05-23T09:58:55.027162Z","2026-05-23T09:58:58.751845Z",1779530335.02716,1779530338.75185,0.000702,0.000756,0.000775,3.705386,3.705494,3.704611,0.000107999999999997,3.6984,0.0262830463409425
"2026-05-23T09:59:02.688Z","run_bootstrap",75,"http://client1:8000","run","http://client1:8000/run",1,TRUE,200,1108,253,3.90696239471436,"2026-05-23T09:58:58.775802Z","2026-05-23T09:59:02.682764Z",1779530338.7758,1779530342.68276,0.000508,0.000586,0.000621,3.890711,3.890809,3.89009,9.79999999999315e-05,3.8834,0.0235623947143555
"2026-05-23T09:59:02.688Z","run_bootstrap",75,"http://client2:8000","run","http://client2:8000/run",1,TRUE,200,1108,251,3.58054971694946,"2026-05-23T09:58:58.776194Z","2026-05-23T09:59:02.356744Z",1779530338.77619,1779530342.35674,0.000523,0.000599,0.000622,3.56545,3.565578,3.564828,0.000128000000000128,3.5577,0.0228497169494628
"2026-05-23T09:59:02.688Z","run_bootstrap",75,"http://client3:8000","run","http://client3:8000/run",1,TRUE,200,1108,249,3.90205550193787,"2026-05-23T09:58:58.776688Z","2026-05-23T09:59:02.678744Z",1779530338.77669,1779530342.67874,0.000478,0.000552,0.000586,3.885033,3.885168,3.884447,0.000135000000000218,3.878,0.0240555019378661
"2026-05-23T09:59:06.609Z","run_bootstrap",76,"http://client1:8000","run","http://client1:8000/run",1,TRUE,200,1108,253,3.90137648582458,"2026-05-23T09:59:02.700621Z","2026-05-23T09:59:06.601998Z",1779530342.70062,1779530346.602,0.000708,0.000818,0.000854,3.884941,3.885065,3.884087,0.000124000000000013,3.8756,0.025776485824585
"2026-05-23T09:59:06.609Z","run_bootstrap",76,"http://client2:8000","run","http://client2:8000/run",1,TRUE,200,1108,251,3.59567928314209,"2026-05-23T09:59:02.701126Z","2026-05-23T09:59:06.296805Z",1779530342.70113,1779530346.29681,0.000414,0.000607,0.000643,3.578691,3.578832,3.578048,0.000140999999999725,3.5706,0.0250792831420896
"2026-05-23T09:59:06.609Z","run_bootstrap",76,"http://client3:8000","run","http://client3:8000/run",1,TRUE,200,1108,250,3.70005679130554,"2026-05-23T09:59:02.701668Z","2026-05-23T09:59:06.401725Z",1779530342.70167,1779530346.40173,0.000359,0.000434,0.000476,3.684083,3.68421,3.683607,0.000126999999999988,3.6717,0.028356791305542
"2026-05-23T09:59:10.508Z","run_bootstrap",77,"http://client1:8000","run","http://client1:8000/run",1,TRUE,200,1108,251,3.87496519088745,"2026-05-23T09:59:06.626363Z","2026-05-23T09:59:10.501329Z",1779530346.62636,1779530350.50133,0.00056,0.00065,0.000688,3.852461,3.852598,3.851773,0.000137000000000054,3.845,0.029965190887451
"2026-05-23T09:59:10.508Z","run_bootstrap",77,"http://client2:8000","run","http://client2:8000/run",1,TRUE,200,1108,249,3.79767370223999,"2026-05-23T09:59:06.627295Z","2026-05-23T09:59:10.424968Z",1779530346.6273,1779530350.42497,0.000749,0.00086,0.000896,3.780224,3.780367,3.779328,0.000143000000000004,3.7725,0.0251737022399903
"2026-05-23T09:59:10.508Z","run_bootstrap",77,"http://client3:8000","run","http://client3:8000/run",1,TRUE,200,1108,250,3.68816757202148,"2026-05-23T09:59:06.628027Z","2026-05-23T09:59:10.316195Z",1779530346.62803,1779530350.3162,0.000519,0.000605,0.00064,3.667181,3.667345,3.666541,0.000164000000000275,3.66,0.0281675720214842
"2026-05-23T09:59:14.405Z","run_bootstrap",78,"http://client1:8000","run","http://client1:8000/run",1,TRUE,200,1108,252,3.87663102149963,"2026-05-23T09:59:10.521204Z","2026-05-23T09:59:14.397835Z",1779530350.5212,1779530354.39784,0.000515,0.000582,0.000624,3.861147,3.861277,3.860523,0.000129999999999963,3.8537,0.0229310214996339
"2026-05-23T09:59:14.405Z","run_bootstrap",78,"http://client2:8000","run","http://client2:8000/run",1,TRUE,200,1108,249,3.60489225387573,"2026-05-23T09:59:10.521597Z","2026-05-23T09:59:14.126490Z",1779530350.5216,1779530354.12649,0.000533,0.000601,0.000642,3.589704,3.589862,3.589062,0.000158000000000325,3.5818,0.0230922538757325
"2026-05-23T09:59:14.405Z","run_bootstrap",78,"http://client3:8000","run","http://client3:8000/run",1,TRUE,200,1108,252,3.55606985092163,"2026-05-23T09:59:10.520814Z","2026-05-23T09:59:14.076884Z",1779530350.52081,1779530354.07688,0.000711,0.000823,0.00087,3.541231,3.541315,3.540361,8.4000000000195e-05,3.5304,0.0256698509216307
"2026-05-23T09:59:18.339Z","run_bootstrap",79,"http://client1:8000","run","http://client1:8000/run",1,TRUE,200,1109,252,3.90729689598083,"2026-05-23T09:59:14.423689Z","2026-05-23T09:59:18.330986Z",1779530354.42369,1779530358.33099,0.000713,0.000792,0.000814,3.893548,3.893668,3.892734,0.000119999999999898,3.8859,0.0213968959808351
"2026-05-23T09:59:18.339Z","run_bootstrap",79,"http://client2:8000","run","http://client2:8000/run",1,TRUE,200,1109,249,3.69679093360901,"2026-05-23T09:59:14.423222Z","2026-05-23T09:59:18.120013Z",1779530354.42322,1779530358.12001,0.000739,0.00082,0.000852,3.681736,3.68188,3.680884,0.000144000000000144,3.6744,0.0223909336090089
"2026-05-23T09:59:18.339Z","run_bootstrap",79,"http://client3:8000","run","http://client3:8000/run",1,TRUE,200,1109,248,3.53510618209839,"2026-05-23T09:59:14.423748Z","2026-05-23T09:59:17.958854Z",1779530354.42375,1779530357.95885,0.000861,0.000911,0.000928,3.521362,3.521479,3.520434,0.000116999999999923,3.513,0.0221061820983888
"2026-05-23T09:59:22.404Z","run_bootstrap",80,"http://client1:8000","run","http://client1:8000/run",1,TRUE,200,1109,252,3.84778690338135,"2026-05-23T09:59:18.353524Z","2026-05-23T09:59:22.201311Z",1779530358.35352,1779530362.20131,0.000684,0.000794,0.000833,3.833663,3.833786,3.83283,0.000122999999999873,3.6735,0.174286903381347
"2026-05-23T09:59:22.404Z","run_bootstrap",80,"http://client2:8000","run","http://client2:8000/run",1,TRUE,200,1109,248,4.04565024375916,"2026-05-23T09:59:18.354452Z","2026-05-23T09:59:22.400102Z",1779530358.35445,1779530362.4001,0.000505,0.00058,0.000615,4.031922,4.032223,4.031307,0.000301000000000329,3.869,0.176650243759155
"2026-05-23T09:59:22.404Z","run_bootstrap",80,"http://client3:8000","run","http://client3:8000/run",1,TRUE,200,1109,249,3.97136187553406,"2026-05-23T09:59:18.355747Z","2026-05-23T09:59:22.327109Z",1779530358.35575,1779530362.32711,0.00059,0.000683,0.000718,3.950334,3.950459,3.949616,0.000125000000000153,3.7918,0.179561875534058
"2026-05-23T09:59:26.136Z","run_bootstrap",81,"http://client1:8000","run","http://client1:8000/run",1,TRUE,200,1109,253,3.6475396156311,"2026-05-23T09:59:22.416095Z","2026-05-23T09:59:26.063635Z",1779530362.4161,1779530366.06364,0.00067,0.000745,0.000767,3.629075,3.629208,3.628308,0.000133000000000383,3.6222,0.0253396156311037
"2026-05-23T09:59:26.136Z","run_bootstrap",81,"http://client2:8000","run","http://client2:8000/run",1,TRUE,200,1109,252,3.71212530136108,"2026-05-23T09:59:22.416951Z","2026-05-23T09:59:26.129076Z",1779530362.41695,1779530366.12908,0.000575,0.000648,0.000678,3.691952,3.692072,3.691274,0.000119999999999898,3.6856,0.026525301361084
"2026-05-23T09:59:26.136Z","run_bootstrap",81,"http://client3:8000","run","http://client3:8000/run",1,TRUE,200,1109,251,3.40417504310608,"2026-05-23T09:59:22.417919Z","2026-05-23T09:59:25.822094Z",1779530362.41792,1779530365.82209,0.000666,0.00075,0.000783,3.386438,3.386568,3.385655,0.000129999999999963,3.3796,0.0245750431060792
"2026-05-23T09:59:29.988Z","run_bootstrap",82,"http://client1:8000","run","http://client1:8000/run",1,TRUE,200,1109,253,3.83454465866089,"2026-05-23T09:59:26.149682Z","2026-05-23T09:59:29.984226Z",1779530366.14968,1779530369.98423,0.000759,0.000862,0.000897,3.82089,3.820988,3.819993,9.79999999999315e-05,3.8134,0.0211446586608885
"2026-05-23T09:59:29.988Z","run_bootstrap",82,"http://client2:8000","run","http://client2:8000/run",1,TRUE,200,1109,252,3.76767659187317,"2026-05-23T09:59:26.151269Z","2026-05-23T09:59:29.918946Z",1779530366.15127,1779530369.91895,0.000645,0.000767,0.000805,3.754994,3.75512,3.754189,0.000125999999999848,3.7476,0.0200765918731691
"2026-05-23T09:59:29.988Z","run_bootstrap",82,"http://client3:8000","run","http://client3:8000/run",1,TRUE,200,1109,251,3.78095817565918,"2026-05-23T09:59:26.151737Z","2026-05-23T09:59:29.932695Z",1779530366.15174,1779530369.9327,0.000574,0.000665,0.000697,3.76027,3.760419,3.759573,0.000149000000000399,3.7535,0.0274581756591799
"2026-05-23T09:59:33.966Z","run_bootstrap",83,"http://client1:8000","run","http://client1:8000/run",1,TRUE,200,1109,252,3.9585485458374,"2026-05-23T09:59:30.000344Z","2026-05-23T09:59:33.958893Z",1779530370.00034,1779530373.95889,0.000405,0.000482,0.000503,3.943717,3.943911,3.943214,0.000194000000000027,3.9366,0.0219485458374025
"2026-05-23T09:59:33.966Z","run_bootstrap",83,"http://client2:8000","run","http://client2:8000/run",1,TRUE,200,1109,252,3.86368322372437,"2026-05-23T09:59:30.000640Z","2026-05-23T09:59:33.864323Z",1779530370.00064,1779530373.86432,0.000439,0.000496,0.000515,3.849216,3.849347,3.848701,0.000130999999999659,3.8426,0.0210832237243652
"2026-05-23T09:59:33.966Z","run_bootstrap",83,"http://client3:8000","run","http://client3:8000/run",1,TRUE,200,1109,252,3.94401001930237,"2026-05-23T09:59:30.000628Z","2026-05-23T09:59:33.944638Z",1779530370.00063,1779530373.94464,0.00051,0.000555,0.000577,3.930028,3.930135,3.929451,0.000106999999999857,3.9233,0.0207100193023684
"2026-05-23T09:59:37.820Z","run_bootstrap",84,"http://client1:8000","run","http://client1:8000/run",1,TRUE,200,1109,251,3.70975852012634,"2026-05-23T09:59:33.981811Z","2026-05-23T09:59:37.691570Z",1779530373.98181,1779530377.69157,0.000774,0.000892,0.000933,3.69553,3.695669,3.694597,0.000138999999999889,3.686,0.0237585201263428
"2026-05-23T09:59:37.820Z","run_bootstrap",84,"http://client2:8000","run","http://client2:8000/run",1,TRUE,200,1109,252,3.83349227905273,"2026-05-23T09:59:33.981678Z","2026-05-23T09:59:37.815171Z",1779530373.98168,1779530377.81517,0.000796,0.000887,0.000929,3.819217,3.819367,3.818288,0.000150000000000095,3.8107,0.0227922790527342
"2026-05-23T09:59:37.820Z","run_bootstrap",84,"http://client3:8000","run","http://client3:8000/run",1,TRUE,200,1109,252,3.81414699554443,"2026-05-23T09:59:33.981397Z","2026-05-23T09:59:37.795544Z",1779530373.9814,1779530377.79554,0.000796,0.000872,9e-04,3.799565,3.799706,3.798665,0.000141000000000169,3.7914,0.0227469955444337
"2026-05-23T09:59:41.887Z","run_bootstrap",85,"http://client1:8000","run","http://client1:8000/run",1,TRUE,200,1108,253,4.04942846298218,"2026-05-23T09:59:37.834181Z","2026-05-23T09:59:41.883610Z",1779530377.83418,1779530381.88361,0.000637,0.00074,0.000781,4.031974,4.032182,4.031193,0.000207999999999764,4.0245,0.024928462982178
"2026-05-23T09:59:41.887Z","run_bootstrap",85,"http://client2:8000","run","http://client2:8000/run",1,TRUE,200,1108,251,3.59070944786072,"2026-05-23T09:59:37.836041Z","2026-05-23T09:59:41.426750Z",1779530377.83604,1779530381.42675,0.000486,0.000572,0.000607,3.572491,3.572585,3.571884,9.40000000002605e-05,3.5624,0.028309447860718
"2026-05-23T09:59:41.887Z","run_bootstrap",85,"http://client3:8000","run","http://client3:8000/run",1,TRUE,200,1108,251,4.01232552528381,"2026-05-23T09:59:37.835692Z","2026-05-23T09:59:41.848018Z",1779530377.83569,1779530381.84802,0.000595,0.00067,7e-04,3.995017,3.995148,3.994317,0.000131000000000103,3.9882,0.0241255252838135
"2026-05-23T09:59:45.746Z","run_bootstrap",86,"http://client1:8000","run","http://client1:8000/run",1,TRUE,200,1108,253,3.83939337730408,"2026-05-23T09:59:41.902692Z","2026-05-23T09:59:45.742085Z",1779530381.90269,1779530385.74209,0.000631,0.000701,0.00072,3.82426,3.824386,3.82354,0.000125999999999848,3.8173,0.0220933773040772
"2026-05-23T09:59:45.746Z","run_bootstrap",86,"http://client2:8000","run","http://client2:8000/run",1,TRUE,200,1108,251,3.64851713180542,"2026-05-23T09:59:41.903528Z","2026-05-23T09:59:45.552045Z",1779530381.90353,1779530385.55205,0.000271,0.000329,0.000349,3.632947,3.633123,3.632598,0.000175999999999732,3.6263,0.0222171318054198
"2026-05-23T09:59:45.746Z","run_bootstrap",86,"http://client3:8000","run","http://client3:8000/run",1,TRUE,200,1108,250,2.87527585029602,"2026-05-23T09:59:41.902735Z","2026-05-23T09:59:44.778011Z",1779530381.90274,1779530384.77801,0.000602,0.00078,0.000844,2.861172,2.86127,2.860328,9.80000000003756e-05,2.851,0.0242758502960205
"2026-05-23T09:59:49.470Z","run_bootstrap",87,"http://client1:8000","run","http://client1:8000/run",1,TRUE,200,1109,252,3.70512676239014,"2026-05-23T09:59:45.758219Z","2026-05-23T09:59:49.463346Z",1779530385.75822,1779530389.46335,0.000725,0.000843,0.000879,3.68294,3.683071,3.682061,0.000131000000000103,3.675,0.0301267623901369
"2026-05-23T09:59:49.470Z","run_bootstrap",87,"http://client2:8000","run","http://client2:8000/run",1,TRUE,200,1109,250,3.54543614387512,"2026-05-23T09:59:45.759137Z","2026-05-23T09:59:49.304574Z",1779530385.75914,1779530389.30457,0.000739,0.000842,0.000881,3.524639,3.524753,3.523758,0.000113999999999947,3.517,0.0284361438751222
"2026-05-23T09:59:49.470Z","run_bootstrap",87,"http://client3:8000","run","http://client3:8000/run",1,TRUE,200,1109,251,3.4666473865509,"2026-05-23T09:59:45.759488Z","2026-05-23T09:59:49.226135Z",1779530385.75949,1779530389.22614,0.000757,0.000842,0.00088,3.445669,3.445804,3.444789,0.000134999999999774,3.4371,0.0295473865509033
"2026-05-23T09:59:53.155Z","run_bootstrap",88,"http://client1:8000","run","http://client1:8000/run",1,TRUE,200,1109,253,3.41141986846924,"2026-05-23T09:59:49.482044Z","2026-05-23T09:59:52.893464Z",1779530389.48204,1779530392.89346,0.00069,0.000801,0.000836,3.397051,3.397146,3.396215,9.50000000004003e-05,3.3886,0.0228198684692384
"2026-05-23T09:59:53.155Z","run_bootstrap",88,"http://client2:8000","run","http://client2:8000/run",1,TRUE,200,1109,251,3.42350363731384,"2026-05-23T09:59:49.483723Z","2026-05-23T09:59:52.907227Z",1779530389.48372,1779530392.90723,0.000831,0.000924,0.000959,3.408995,3.409221,3.408036,0.000226000000000059,3.3975,0.0260036373138428
"2026-05-23T09:59:53.155Z","run_bootstrap",88,"http://client3:8000","run","http://client3:8000/run",1,TRUE,200,1109,251,3.66679310798645,"2026-05-23T09:59:49.484023Z","2026-05-23T09:59:53.150816Z",1779530389.48402,1779530393.15082,0.000773,0.000892,0.000932,3.653355,3.653491,3.652423,0.000135999999999914,3.6362,0.0305931079864501
"2026-05-23T09:59:56.725Z","run_bootstrap",89,"http://client1:8000","run","http://client1:8000/run",1,TRUE,200,1109,253,3.54986548423767,"2026-05-23T09:59:53.168038Z","2026-05-23T09:59:56.717903Z",1779530393.16804,1779530396.7179,0.000427,0.000509,0.000543,3.533357,3.533412,3.532814,5.50000000001383e-05,3.5248,0.025065484237671
"2026-05-23T09:59:56.725Z","run_bootstrap",89,"http://client2:8000","run","http://client2:8000/run",1,TRUE,200,1109,252,3.38192582130432,"2026-05-23T09:59:53.168735Z","2026-05-23T09:59:56.550661Z",1779530393.16874,1779530396.55066,0.000596,0.000678,0.000711,3.364407,3.364544,3.363696,0.000137000000000054,3.3566,0.0253258213043215
"2026-05-23T09:59:56.725Z","run_bootstrap",89,"http://client3:8000","run","http://client3:8000/run",1,TRUE,200,1109,251,3.43196249008179,"2026-05-23T09:59:53.167907Z","2026-05-23T09:59:56.599870Z",1779530393.16791,1779530396.59987,0.000723,0.000829,0.000864,3.416532,3.416669,3.415668,0.000137000000000054,3.4085,0.023462490081787
"2026-05-23T10:00:00.422Z","run_bootstrap",90,"http://client1:8000","run","http://client1:8000/run",1,TRUE,200,1109,251,3.48154497146606,"2026-05-23T09:59:56.744969Z","2026-05-23T10:00:00.226514Z",1779530396.74497,1779530400.22651,0.000515,0.000617,0.000651,3.466806,3.466929,3.466155,0.000122999999999873,3.46,0.0215449714660645
"2026-05-23T10:00:00.422Z","run_bootstrap",90,"http://client2:8000","run","http://client2:8000/run",1,TRUE,200,1109,251,3.23996448516846,"2026-05-23T09:59:56.745286Z","2026-05-23T09:59:59.985250Z",1779530396.74529,1779530399.98525,0.000564,0.000624,0.000644,3.225617,3.225771,3.224973,0.000153999999999765,3.216,0.0239644851684568
"2026-05-23T10:00:00.422Z","run_bootstrap",90,"http://client3:8000","run","http://client3:8000/run",1,TRUE,200,1109,251,3.66821789741516,"2026-05-23T09:59:56.746074Z","2026-05-23T10:00:00.414292Z",1779530396.74607,1779530400.41429,0.000595,0.000652,0.000672,3.6555,3.655622,3.654828,0.000122000000000178,3.6489,0.0193178974151613
"2026-05-23T10:00:04.064Z","run_bootstrap",91,"http://client1:8000","run","http://client1:8000/run",1,TRUE,200,1107,253,3.42809152603149,"2026-05-23T10:00:00.438026Z","2026-05-23T10:00:03.866118Z",1779530400.43803,1779530403.86612,0.000648,0.000765,0.000801,3.415365,3.415493,3.414564,0.000128000000000128,3.4071,0.0209915260314943
"2026-05-23T10:00:04.064Z","run_bootstrap",91,"http://client2:8000","run","http://client2:8000/run",1,TRUE,200,1107,252,3.61847019195557,"2026-05-23T10:00:00.439438Z","2026-05-23T10:00:04.057908Z",1779530400.43944,1779530404.05791,0.000564,0.00066,7e-04,3.606766,3.606904,3.606066,0.000138000000000194,3.5987,0.0197701919555664
"2026-05-23T10:00:04.064Z","run_bootstrap",91,"http://client3:8000","run","http://client3:8000/run",1,TRUE,200,1107,251,3.41712999343872,"2026-05-23T10:00:00.439888Z","2026-05-23T10:00:03.857018Z",1779530400.43989,1779530403.85702,0.000492,0.00061,0.000649,3.40592,3.406054,3.405271,0.000134000000000079,3.3986,0.0185299934387206
"2026-05-23T10:00:07.793Z","run_bootstrap",92,"http://client1:8000","run","http://client1:8000/run",1,TRUE,200,1107,253,3.71009254455566,"2026-05-23T10:00:04.076154Z","2026-05-23T10:00:07.786247Z",1779530404.07615,1779530407.78625,0.000693,0.000802,0.000837,3.696125,3.696215,3.695288,9.00000000001455e-05,3.6885,0.0215925445556642
"2026-05-23T10:00:07.793Z","run_bootstrap",92,"http://client2:8000","run","http://client2:8000/run",1,TRUE,200,1107,252,3.50847482681274,"2026-05-23T10:00:04.077903Z","2026-05-23T10:00:07.586378Z",1779530404.0779,1779530407.58638,0.000651,0.000764,0.000799,3.487919,3.488027,3.48712,0.000107999999999997,3.4809,0.027574826812744
"2026-05-23T10:00:07.793Z","run_bootstrap",92,"http://client3:8000","run","http://client3:8000/run",1,TRUE,200,1107,251,3.44656109809875,"2026-05-23T10:00:04.078292Z","2026-05-23T10:00:07.524853Z",1779530404.07829,1779530407.52485,0.000567,0.000712,0.000749,3.431979,3.432105,3.43123,0.000125999999999848,3.4251,0.0214610980987548
"2026-05-23T10:00:11.553Z","run_bootstrap",93,"http://client1:8000","run","http://client1:8000/run",1,TRUE,200,1108,253,3.73811388015747,"2026-05-23T10:00:07.810589Z","2026-05-23T10:00:11.548703Z",1779530407.81059,1779530411.5487,0.000572,0.000664,0.000699,3.716142,3.71628,3.715443,0.000137999999999749,3.7091,0.0290138801574709
"2026-05-23T10:00:11.553Z","run_bootstrap",93,"http://client2:8000","run","http://client2:8000/run",1,TRUE,200,1108,252,3.53715348243713,"2026-05-23T10:00:07.811152Z","2026-05-23T10:00:11.348305Z",1779530407.81115,1779530411.34831,0.000582,0.000697,0.000735,3.515606,3.515743,3.514871,0.000137000000000054,3.5086,0.0285534824371338
"2026-05-23T10:00:11.553Z","run_bootstrap",93,"http://client3:8000","run","http://client3:8000/run",1,TRUE,200,1108,251,3.42584252357483,"2026-05-23T10:00:07.811722Z","2026-05-23T10:00:11.237564Z",1779530407.81172,1779530411.23756,6e-04,0.000706,0.00074,3.408505,3.408652,3.407765,0.000147000000000119,3.4015,0.0243425235748291
"2026-05-23T10:00:15.357Z","run_bootstrap",94,"http://client1:8000","run","http://client1:8000/run",1,TRUE,200,1108,253,3.59993672370911,"2026-05-23T10:00:11.565880Z","2026-05-23T10:00:15.165817Z",1779530411.56588,1779530415.16582,0.000415,0.000507,0.000531,3.584688,3.584804,3.584157,0.000116000000000227,3.5776,0.0223367237091066
"2026-05-23T10:00:15.357Z","run_bootstrap",94,"http://client2:8000","run","http://client2:8000/run",1,TRUE,200,1108,252,3.49389410018921,"2026-05-23T10:00:11.566270Z","2026-05-23T10:00:15.060164Z",1779530411.56627,1779530415.06016,0.00047,0.00053,0.000553,3.478403,3.47855,3.47785,0.000146999999999675,3.4683,0.0255941001892088
"2026-05-23T10:00:15.357Z","run_bootstrap",94,"http://client3:8000","run","http://client3:8000/run",1,TRUE,200,1108,250,3.78298616409302,"2026-05-23T10:00:11.566858Z","2026-05-23T10:00:15.349844Z",1779530411.56686,1779530415.34984,0.00064,0.000717,0.000752,3.767799,3.767926,3.767047,0.000126999999999988,3.761,0.0219861640930175
"2026-05-23T10:00:19.209Z","run_bootstrap",95,"http://client1:8000","run","http://client1:8000/run",1,TRUE,200,1109,253,3.83461022377014,"2026-05-23T10:00:15.369490Z","2026-05-23T10:00:19.204100Z",1779530415.36949,1779530419.2041,0.000775,0.000893,0.000929,3.819765,3.819895,3.818836,0.000129999999999963,3.8122,0.0224102237701418
"2026-05-23T10:00:19.209Z","run_bootstrap",95,"http://client2:8000","run","http://client2:8000/run",1,TRUE,200,1109,252,3.8112621307373,"2026-05-23T10:00:15.369900Z","2026-05-23T10:00:19.181162Z",1779530415.3699,1779530419.18116,0.000625,0.000727,0.000764,3.787948,3.788073,3.787184,0.000124999999999709,3.7802,0.0310621307373049
"2026-05-23T10:00:19.209Z","run_bootstrap",95,"http://client3:8000","run","http://client3:8000/run",1,TRUE,200,1109,251,3.52901077270508,"2026-05-23T10:00:15.370389Z","2026-05-23T10:00:18.899400Z",1779530415.37039,1779530418.8994,0.000703,0.000801,0.000835,3.506416,3.506554,3.505581,0.000137999999999749,3.4997,0.0293107727050783
"2026-05-23T10:00:22.931Z","run_bootstrap",96,"http://client1:8000","run","http://client1:8000/run",1,TRUE,200,1109,253,3.63460326194763,"2026-05-23T10:00:19.221493Z","2026-05-23T10:00:22.856097Z",1779530419.22149,1779530422.8561,0.00066,0.000755,0.000778,3.617341,3.617461,3.616563,0.000119999999999898,3.6103,0.0243032619476318
"2026-05-23T10:00:22.931Z","run_bootstrap",96,"http://client2:8000","run","http://client2:8000/run",1,TRUE,200,1109,252,3.63971781730652,"2026-05-23T10:00:19.223052Z","2026-05-23T10:00:22.862770Z",1779530419.22305,1779530422.86277,0.000579,0.000659,0.00069,3.619241,3.619353,3.618551,0.000111999999999668,3.6115,0.0282178173065186
"2026-05-23T10:00:22.931Z","run_bootstrap",96,"http://client3:8000","run","http://client3:8000/run",1,TRUE,200,1109,251,3.70363831520081,"2026-05-23T10:00:19.223395Z","2026-05-23T10:00:22.927033Z",1779530419.2234,1779530422.92703,0.000486,0.00057,0.000588,3.686576,3.68671,3.685988,0.000134000000000079,3.6795,0.0241383152008057
"2026-05-23T10:00:26.656Z","run_bootstrap",97,"http://client1:8000","run","http://client1:8000/run",1,TRUE,200,1108,253,3.70846319198608,"2026-05-23T10:00:22.943741Z","2026-05-23T10:00:26.652204Z",1779530422.94374,1779530426.6522,0.00063,0.000734,0.000768,3.694952,3.695095,3.694184,0.000143000000000004,3.6776,0.030863191986084
"2026-05-23T10:00:26.656Z","run_bootstrap",97,"http://client2:8000","run","http://client2:8000/run",1,TRUE,200,1108,252,3.64285206794739,"2026-05-23T10:00:22.945832Z","2026-05-23T10:00:26.588684Z",1779530422.94583,1779530426.58868,0.000644,0.000777,0.000817,3.624925,3.625064,3.624108,0.000138999999999889,3.6075,0.0353520679473878
"2026-05-23T10:00:26.656Z","run_bootstrap",97,"http://client3:8000","run","http://client3:8000/run",1,TRUE,200,1108,251,3.40865015983582,"2026-05-23T10:00:22.946296Z","2026-05-23T10:00:26.354946Z",1779530422.9463,1779530426.35495,0.000553,0.000669,0.000719,3.392984,3.393127,3.392265,0.00014299999999956,3.3835,0.0251501598358153
"2026-05-23T10:00:30.528Z","run_bootstrap",98,"http://client1:8000","run","http://client1:8000/run",1,TRUE,200,1108,253,3.59493803977966,"2026-05-23T10:00:26.668434Z","2026-05-23T10:00:30.263372Z",1779530426.66843,1779530430.26337,0.000625,0.000743,0.000781,3.58058,3.580671,3.579799,9.10000000002853e-05,3.5729,0.0220380397796629
"2026-05-23T10:00:30.528Z","run_bootstrap",98,"http://client2:8000","run","http://client2:8000/run",1,TRUE,200,1108,252,3.85131096839905,"2026-05-23T10:00:26.669661Z","2026-05-23T10:00:30.520972Z",1779530426.66966,1779530430.52097,0.000612,0.000693,0.000725,3.837601,3.837728,3.836876,0.000126999999999988,3.8306,0.0207109683990478
"2026-05-23T10:00:30.528Z","run_bootstrap",98,"http://client3:8000","run","http://client3:8000/run",1,TRUE,200,1108,251,3.46725821495056,"2026-05-23T10:00:26.669576Z","2026-05-23T10:00:30.136835Z",1779530426.66958,1779530430.13684,0.000558,0.000646,0.000666,3.453943,3.454068,3.453277,0.000124999999999709,3.4469,0.0203582149505617
"2026-05-23T10:00:34.361Z","run_bootstrap",99,"http://client1:8000","run","http://client1:8000/run",1,TRUE,200,1108,253,3.81647610664368,"2026-05-23T10:00:30.539907Z","2026-05-23T10:00:34.356383Z",1779530430.53991,1779530434.35638,0.000801,0.000914,0.000955,3.802329,3.802458,3.801374,0.000129000000000268,3.7944,0.0220761066436768
"2026-05-23T10:00:34.361Z","run_bootstrap",99,"http://client2:8000","run","http://client2:8000/run",1,TRUE,200,1108,252,3.49683141708374,"2026-05-23T10:00:30.541463Z","2026-05-23T10:00:34.038295Z",1779530430.54146,1779530434.0383,0.000575,0.000659,0.000697,3.478896,3.479108,3.478199,0.000211999999999879,3.4716,0.0252314170837402
"2026-05-23T10:00:34.361Z","run_bootstrap",99,"http://client3:8000","run","http://client3:8000/run",1,TRUE,200,1108,251,3.68129539489746,"2026-05-23T10:00:30.541859Z","2026-05-23T10:00:34.223154Z",1779530430.54186,1779530434.22315,0.000636,0.000706,0.000731,3.66573,3.665876,3.664999,0.000145999999999979,3.6586,0.0226953948974611
"2026-05-23T10:00:38.376Z","run_bootstrap",100,"http://client1:8000","run","http://client1:8000/run",1,TRUE,200,1108,253,3.77812218666077,"2026-05-23T10:00:34.373996Z","2026-05-23T10:00:38.152118Z",1779530434.374,1779530438.15212,0.000737,0.000854,0.00089,3.762576,3.762713,3.761686,0.000137000000000054,3.6118,0.166322186660766
"2026-05-23T10:00:38.376Z","run_bootstrap",100,"http://client2:8000","run","http://client2:8000/run",1,TRUE,200,1108,252,3.70086240768433,"2026-05-23T10:00:34.373282Z","2026-05-23T10:00:38.074145Z",1779530434.37328,1779530438.07415,0.000709,0.000816,0.000851,3.685503,3.685637,3.684652,0.000133999999999634,3.5331,0.167762407684326
"2026-05-23T10:00:38.376Z","run_bootstrap",100,"http://client3:8000","run","http://client3:8000/run",1,TRUE,200,1108,251,3.99678301811218,"2026-05-23T10:00:34.375096Z","2026-05-23T10:00:38.371879Z",1779530434.3751,1779530438.37188,0.000506,0.000668,0.000707,3.979131,3.979252,3.978424,0.000120999999999594,3.8299,0.166883018112183
"2026-05-23T10:00:42.056Z","run_bootstrap",101,"http://client1:8000","run","http://client1:8000/run",1,TRUE,200,1109,253,3.48195576667786,"2026-05-23T10:00:38.387863Z","2026-05-23T10:00:41.869819Z",1779530438.38786,1779530441.86982,0.000765,0.000878,0.000913,3.467686,3.467935,3.466773,0.000249000000000166,3.4581,0.0238557666778565
"2026-05-23T10:00:42.056Z","run_bootstrap",101,"http://client2:8000","run","http://client2:8000/run",1,TRUE,200,1109,252,3.37760376930237,"2026-05-23T10:00:38.390434Z","2026-05-23T10:00:41.768038Z",1779530438.39043,1779530441.76804,0.000632,0.000721,0.000754,3.357627,3.357766,3.356873,0.000138999999999889,3.3512,0.0264037693023682
"2026-05-23T10:00:42.056Z","run_bootstrap",101,"http://client3:8000","run","http://client3:8000/run",1,TRUE,200,1109,251,3.66195511817932,"2026-05-23T10:00:38.389641Z","2026-05-23T10:00:42.051596Z",1779530438.38964,1779530442.0516,0.000579,0.000693,0.000729,3.647712,3.647834,3.646983,0.000122000000000178,3.6413,0.0206551181793211
"2026-05-23T10:00:45.786Z","run_bootstrap",102,"http://client1:8000","run","http://client1:8000/run",1,TRUE,200,1109,253,3.65455961227417,"2026-05-23T10:00:42.075135Z","2026-05-23T10:00:45.729694Z",1779530442.07514,1779530445.72969,0.000674,0.000787,0.000825,3.64225,3.64239,3.641425,0.000139999999999585,3.6338,0.02075961227417
"2026-05-23T10:00:45.786Z","run_bootstrap",102,"http://client2:8000","run","http://client2:8000/run",1,TRUE,200,1109,252,3.45486497879028,"2026-05-23T10:00:42.076125Z","2026-05-23T10:00:45.530990Z",1779530442.07613,1779530445.53099,0.000571,0.00072,0.000764,3.442815,3.442931,3.442051,0.000116000000000227,3.4358,0.0190649787902832
"2026-05-23T10:00:45.786Z","run_bootstrap",102,"http://client3:8000","run","http://client3:8000/run",1,TRUE,200,1109,251,3.70177292823792,"2026-05-23T10:00:42.076224Z","2026-05-23T10:00:45.777997Z",1779530442.07622,1779530445.778,0.000509,0.000631,0.000674,3.683554,3.683679,3.68288,0.000125000000000153,3.6769,0.0248729282379152
"2026-05-23T10:00:49.501Z","run_bootstrap",103,"http://client1:8000","run","http://client1:8000/run",1,TRUE,200,1108,253,3.6989061832428,"2026-05-23T10:00:45.797555Z","2026-05-23T10:00:49.496461Z",1779530445.79756,1779530449.49646,0.000498,0.000574,0.000607,3.680684,3.680828,3.680077,0.000144000000000144,3.6734,0.0255061832427979
"2026-05-23T10:00:49.501Z","run_bootstrap",103,"http://client2:8000","run","http://client2:8000/run",1,TRUE,200,1108,252,3.38262248039246,"2026-05-23T10:00:45.798026Z","2026-05-23T10:00:49.180649Z",1779530445.79803,1779530449.18065,0.000474,0.000552,0.000577,3.367648,3.367782,3.367071,0.000134000000000079,3.3608,0.0218224803924563
"2026-05-23T10:00:49.501Z","run_bootstrap",103,"http://client3:8000","run","http://client3:8000/run",1,TRUE,200,1108,251,3.67712640762329,"2026-05-23T10:00:45.798482Z","2026-05-23T10:00:49.475609Z",1779530445.79848,1779530449.47561,0.000567,0.000617,0.000636,3.663413,3.663534,3.662777,0.000121000000000038,3.6556,0.0215264076232908
"2026-05-23T10:00:53.037Z","run_bootstrap",104,"http://client1:8000","run","http://client1:8000/run",1,TRUE,200,1108,253,3.42991924285889,"2026-05-23T10:00:49.512662Z","2026-05-23T10:00:52.942581Z",1779530449.51266,1779530452.94258,0.000631,0.000747,0.000798,3.415875,3.415971,3.415077,9.59999999996519e-05,3.4067,0.0232192428588869
"2026-05-23T10:00:53.037Z","run_bootstrap",104,"http://client2:8000","run","http://client2:8000/run",1,TRUE,200,1108,251,3.51450085639954,"2026-05-23T10:00:49.514771Z","2026-05-23T10:00:53.029272Z",1779530449.51477,1779530453.02927,0.000579,0.000663,0.000695,3.497897,3.498005,3.497202,0.000107999999999997,3.491,0.023500856399536
"2026-05-23T10:00:53.037Z","run_bootstrap",104,"http://client3:8000","run","http://client3:8000/run",1,TRUE,200,1108,251,3.51800417900085,"2026-05-23T10:00:49.515130Z","2026-05-23T10:00:53.033135Z",1779530449.51513,1779530453.03314,0.000559,0.000649,0.00068,3.497949,3.497997,3.497269,4.79999999996039e-05,3.4902,0.0278041790008543
"2026-05-23T10:00:56.787Z","run_bootstrap",105,"http://client1:8000","run","http://client1:8000/run",1,TRUE,200,1108,253,3.7349100112915,"2026-05-23T10:00:53.048084Z","2026-05-23T10:00:56.782994Z",1779530453.04808,1779530456.78299,0.000793,0.000916,0.000956,3.72064,3.720915,3.719684,0.000275000000000247,3.7132,0.0217100112915039
"2026-05-23T10:00:56.787Z","run_bootstrap",105,"http://client2:8000","run","http://client2:8000/run",1,TRUE,200,1108,252,3.45731115341187,"2026-05-23T10:00:53.049678Z","2026-05-23T10:00:56.506989Z",1779530453.04968,1779530456.50699,0.000552,0.000679,0.00072,3.441798,3.441939,3.441078,0.000141000000000169,3.4348,0.0225111534118652
"2026-05-23T10:00:56.787Z","run_bootstrap",105,"http://client3:8000","run","http://client3:8000/run",1,TRUE,200,1108,251,3.29115128517151,"2026-05-23T10:00:53.050157Z","2026-05-23T10:00:56.341308Z",1779530453.05016,1779530456.34131,0.000612,0.000736,0.000776,3.274804,3.274921,3.274028,0.000116999999999923,3.2651,0.0260512851715089
"2026-05-23T10:01:00.579Z","run_bootstrap",106,"http://client1:8000","run","http://client1:8000/run",1,TRUE,200,1108,253,3.4893319606781,"2026-05-23T10:00:56.801409Z","2026-05-23T10:01:00.290740Z",1779530456.80141,1779530460.29074,0.000668,0.000771,0.00081,3.473061,3.473206,3.472251,0.00014499999999984,3.4659,0.0234319606781006
"2026-05-23T10:01:00.579Z","run_bootstrap",106,"http://client2:8000","run","http://client2:8000/run",1,TRUE,200,1108,252,3.7714991569519,"2026-05-23T10:00:56.802033Z","2026-05-23T10:01:00.573532Z",1779530456.80203,1779530460.57353,0.000662,0.00079,0.000831,3.753611,3.753756,3.75278,0.000145000000000284,3.7466,0.0248991569519044
"2026-05-23T10:01:00.579Z","run_bootstrap",106,"http://client3:8000","run","http://client3:8000/run",1,TRUE,200,1108,250,3.48930668830872,"2026-05-23T10:00:56.802554Z","2026-05-23T10:01:00.291861Z",1779530456.80255,1779530460.29186,0.000489,0.000577,0.000612,3.468066,3.468218,3.467454,0.00015199999999993,3.459,0.0303066883087157
"2026-05-23T10:01:04.241Z","run_bootstrap",107,"http://client1:8000","run","http://client1:8000/run",1,TRUE,200,1108,253,3.6458785533905,"2026-05-23T10:01:00.591514Z","2026-05-23T10:01:04.237393Z",1779530460.59151,1779530464.23739,0.000667,0.00077,0.000803,3.62374,3.623901,3.622937,0.000160999999999856,3.6165,0.0293785533905031
"2026-05-23T10:01:04.241Z","run_bootstrap",107,"http://client2:8000","run","http://client2:8000/run",1,TRUE,200,1108,252,3.54107403755188,"2026-05-23T10:01:00.590987Z","2026-05-23T10:01:04.132061Z",1779530460.59099,1779530464.13206,0.000797,0.000886,0.00092,3.523742,3.52383,3.522822,8.7999999999866e-05,3.5155,0.02557403755188
"2026-05-23T10:01:04.241Z","run_bootstrap",107,"http://client3:8000","run","http://client3:8000/run",1,TRUE,200,1108,251,3.63300848007202,"2026-05-23T10:01:00.592633Z","2026-05-23T10:01:04.225641Z",1779530460.59263,1779530464.22564,0.000571,0.000659,0.00069,3.610362,3.610482,3.609672,0.000120000000000342,3.6036,0.0294084800720213
"2026-05-23T10:01:08.051Z","run_bootstrap",108,"http://client1:8000","run","http://client1:8000/run",1,TRUE,200,1108,253,3.78247451782227,"2026-05-23T10:01:04.255877Z","2026-05-23T10:01:08.038351Z",1779530464.25588,1779530468.03835,0.000716,0.000821,0.000856,3.767369,3.767496,3.766513,0.000126999999999988,3.7602,0.0222745178222654
"2026-05-23T10:01:08.051Z","run_bootstrap",108,"http://client2:8000","run","http://client2:8000/run",1,TRUE,200,1108,252,3.53762221336365,"2026-05-23T10:01:04.256574Z","2026-05-23T10:01:07.794197Z",1779530464.25657,1779530467.7942,0.000648,0.000761,0.000796,3.522061,3.522219,3.521265,0.000158000000000325,3.5152,0.0224222133636474
"2026-05-23T10:01:08.051Z","run_bootstrap",108,"http://client3:8000","run","http://client3:8000/run",1,TRUE,200,1108,251,3.78856778144836,"2026-05-23T10:01:04.257108Z","2026-05-23T10:01:08.045676Z",1779530464.25711,1779530468.04568,0.000725,0.000839,0.000874,3.772702,3.772833,3.771828,0.000130999999999659,3.7654,0.0231677814483642
"2026-05-23T10:01:11.901Z","run_bootstrap",109,"http://client1:8000","run","http://client1:8000/run",1,TRUE,200,1108,255,3.7790412902832,"2026-05-23T10:01:08.116458Z","2026-05-23T10:01:11.895500Z",1779530468.11646,1779530471.8955,0.00068,0.000787,0.000823,3.765624,3.765777,3.764801,0.00015300000000007,3.7567,0.0223412902832032
"2026-05-23T10:01:11.901Z","run_bootstrap",109,"http://client2:8000","run","http://client2:8000/run",1,TRUE,200,1108,255,3.54504871368408,"2026-05-23T10:01:08.117758Z","2026-05-23T10:01:11.662807Z",1779530468.11776,1779530471.66281,0.000607,0.000729,0.000765,3.532219,3.53236,3.531454,0.000141000000000169,3.5226,0.0224487136840819
"2026-05-23T10:01:11.901Z","run_bootstrap",109,"http://client3:8000","run","http://client3:8000/run",1,TRUE,200,1108,254,3.37707924842834,"2026-05-23T10:01:08.119192Z","2026-05-23T10:01:11.496271Z",1779530468.11919,1779530471.49627,0.00052,0.000609,0.00064,3.364761,3.364862,3.364121,0.000100999999999907,3.3561,0.0209792484283446
"2026-05-23T10:01:15.753Z","run_bootstrap",110,"http://client1:8000","run","http://client1:8000/run",1,TRUE,200,1108,255,3.65709161758423,"2026-05-23T10:01:11.913305Z","2026-05-23T10:01:15.570397Z",1779530471.91331,1779530475.5704,0.000609,0.00073,0.000768,3.635604,3.635749,3.634836,0.000145000000000284,3.6276,0.0294916175842284
"2026-05-23T10:01:15.753Z","run_bootstrap",110,"http://client2:8000","run","http://client2:8000/run",1,TRUE,200,1108,255,3.83226037025452,"2026-05-23T10:01:11.914112Z","2026-05-23T10:01:15.746372Z",1779530471.91411,1779530475.74637,0.000666,0.000774,0.000812,3.813929,3.814057,3.813117,0.000128000000000128,3.8062,0.0260603702545166
"2026-05-23T10:01:15.753Z","run_bootstrap",110,"http://client3:8000","run","http://client3:8000/run",1,TRUE,200,1108,254,3.66297507286072,"2026-05-23T10:01:11.914616Z","2026-05-23T10:01:15.577591Z",1779530471.91462,1779530475.57759,0.000581,0.000704,0.000742,3.642466,3.642647,3.641724,0.000180999999999987,3.6353,0.0276750728607178
"2026-05-23T10:01:19.619Z","run_bootstrap",111,"http://client1:8000","run","http://client1:8000/run",1,TRUE,200,1109,259,3.73438906669617,"2026-05-23T10:01:15.771043Z","2026-05-23T10:01:19.505432Z",1779530475.77104,1779530479.50543,0.000473,0.000544,0.00058,3.716018,3.71616,3.715438,0.000141999999999864,3.7087,0.0256890666961671
"2026-05-23T10:01:19.619Z","run_bootstrap",111,"http://client2:8000","run","http://client2:8000/run",1,TRUE,200,1109,256,3.84283852577209,"2026-05-23T10:01:15.771563Z","2026-05-23T10:01:19.614401Z",1779530475.77156,1779530479.6144,0.000506,0.000568,0.00059,3.825684,3.825914,3.825094,0.000230000000000175,3.8138,0.0290385257720946
"2026-05-23T10:01:19.619Z","run_bootstrap",111,"http://client3:8000","run","http://client3:8000/run",1,TRUE,200,1109,257,3.47554802894592,"2026-05-23T10:01:15.770759Z","2026-05-23T10:01:19.246307Z",1779530475.77076,1779530479.24631,0.000616,0.000727,0.000771,3.46159,3.461743,3.460819,0.000152999999999626,3.4544,0.0211480289459227
"2026-05-23T10:01:23.366Z","run_bootstrap",112,"http://client1:8000","run","http://client1:8000/run",1,TRUE,200,1109,259,3.69072771072388,"2026-05-23T10:01:19.631041Z","2026-05-23T10:01:23.321769Z",1779530479.63104,1779530483.32177,0.000675,0.000759,0.000797,3.676155,3.676303,3.675358,0.000147999999999815,3.6674,0.0233277107238767
"2026-05-23T10:01:23.366Z","run_bootstrap",112,"http://client2:8000","run","http://client2:8000/run",1,TRUE,200,1109,256,3.6083722114563,"2026-05-23T10:01:19.631643Z","2026-05-23T10:01:23.240015Z",1779530479.63164,1779530483.24002,0.000693,0.000775,0.000809,3.594317,3.594458,3.593508,0.000140999999999725,3.5857,0.0226722114562987
"2026-05-23T10:01:23.366Z","run_bootstrap",112,"http://client3:8000","run","http://client3:8000/run",1,TRUE,200,1109,257,3.72983694076538,"2026-05-23T10:01:19.631550Z","2026-05-23T10:01:23.361387Z",1779530479.63155,1779530483.36139,0.000601,0.000683,0.000706,3.716642,3.7168,3.715936,0.000158000000000325,3.7078,0.0220369407653807
"2026-05-23T10:01:27.223Z","run_bootstrap",113,"http://client1:8000","run","http://client1:8000/run",1,TRUE,200,1109,254,3.84070086479187,"2026-05-23T10:01:23.377794Z","2026-05-23T10:01:27.218494Z",1779530483.37779,1779530487.21849,0.000698,0.000802,0.000836,3.826461,3.826609,3.825625,0.000147999999999815,3.8185,0.0222008647918703
"2026-05-23T10:01:27.223Z","run_bootstrap",113,"http://client2:8000","run","http://client2:8000/run",1,TRUE,200,1109,253,3.53292775154114,"2026-05-23T10:01:23.380147Z","2026-05-23T10:01:26.913075Z",1779530483.38015,1779530486.91308,0.000691,0.000805,0.000845,3.51667,3.516805,3.515825,0.000135000000000218,3.5086,0.0243277515411378
"2026-05-23T10:01:27.223Z","run_bootstrap",113,"http://client3:8000","run","http://client3:8000/run",1,TRUE,200,1109,250,3.82878136634827,"2026-05-23T10:01:23.380403Z","2026-05-23T10:01:27.209185Z",1779530483.3804,1779530487.20919,0.000516,0.000631,0.000668,3.812012,3.812136,3.811344,0.000124000000000013,3.8046,0.0241813663482664
"2026-05-23T10:01:30.957Z","run_bootstrap",114,"http://client1:8000","run","http://client1:8000/run",1,TRUE,200,1109,254,3.69758749008179,"2026-05-23T10:01:27.236751Z","2026-05-23T10:01:30.934339Z",1779530487.23675,1779530490.93434,0.000659,0.000733,0.000766,3.67588,3.676043,3.675114,0.000163000000000135,3.6683,0.0292874900817872
"2026-05-23T10:01:30.957Z","run_bootstrap",114,"http://client2:8000","run","http://client2:8000/run",1,TRUE,200,1109,253,3.71576738357544,"2026-05-23T10:01:27.237367Z","2026-05-23T10:01:30.953134Z",1779530487.23737,1779530490.95313,0.000557,0.000634,0.000657,3.694879,3.695034,3.694222,0.000155000000000349,3.6876,0.0281673835754392
"2026-05-23T10:01:30.957Z","run_bootstrap",114,"http://client3:8000","run","http://client3:8000/run",1,TRUE,200,1109,250,3.67222380638123,"2026-05-23T10:01:27.237822Z","2026-05-23T10:01:30.910046Z",1779530487.23782,1779530490.91005,0.000636,0.000721,0.000757,3.651834,3.651975,3.651077,0.000141000000000169,3.6435,0.0287238063812256
"2026-05-23T10:01:34.826Z","run_bootstrap",115,"http://client1:8000","run","http://client1:8000/run",1,TRUE,200,1110,254,3.84795236587524,"2026-05-23T10:01:30.971038Z","2026-05-23T10:01:34.818990Z",1779530490.97104,1779530494.81899,0.000442,0.000521,0.000545,3.832131,3.832259,3.831586,0.000128000000000128,3.8249,0.0230523658752442
"2026-05-23T10:01:34.826Z","run_bootstrap",115,"http://client2:8000","run","http://client2:8000/run",1,TRUE,200,1110,252,3.62319421768188,"2026-05-23T10:01:30.971846Z","2026-05-23T10:01:34.595040Z",1779530490.97185,1779530494.59504,0.00059,0.000664,0.000694,3.603748,3.603844,3.603054,9.6000000000096e-05,3.5966,0.0265942176818847
"2026-05-23T10:01:34.826Z","run_bootstrap",115,"http://client3:8000","run","http://client3:8000/run",1,TRUE,200,1110,252,3.60824012756348,"2026-05-23T10:01:30.972372Z","2026-05-23T10:01:34.580612Z",1779530490.97237,1779530494.58061,0.000455,0.000521,0.000543,3.594176,3.594307,3.593633,0.000131000000000103,3.5862,0.0220401275634767
"2026-05-23T10:01:38.701Z","run_bootstrap",116,"http://client1:8000","run","http://client1:8000/run",1,TRUE,200,1110,253,3.85348081588745,"2026-05-23T10:01:34.843680Z","2026-05-23T10:01:38.697161Z",1779530494.84368,1779530498.69716,0.000746,0.000827,0.000855,3.839407,3.839547,3.838552,0.000140000000000029,3.832,0.0214808158874513
"2026-05-23T10:01:38.701Z","run_bootstrap",116,"http://client2:8000","run","http://client2:8000/run",1,TRUE,200,1110,252,3.55516386032104,"2026-05-23T10:01:34.844024Z","2026-05-23T10:01:38.399188Z",1779530494.84402,1779530498.39919,0.000555,0.000653,0.000688,3.534495,3.534818,3.533807,0.000322999999999851,3.5272,0.0279638603210448
"2026-05-23T10:01:38.701Z","run_bootstrap",116,"http://client3:8000","run","http://client3:8000/run",1,TRUE,200,1110,251,3.62032103538513,"2026-05-23T10:01:34.844390Z","2026-05-23T10:01:38.464711Z",1779530494.84439,1779530498.46471,0.000597,0.000689,0.00072,3.60023,3.600376,3.59951,0.000145999999999979,3.591,0.0293210353851316
"2026-05-23T10:01:42.482Z","run_bootstrap",117,"http://client1:8000","run","http://client1:8000/run",1,TRUE,200,1110,252,3.76316070556641,"2026-05-23T10:01:38.714556Z","2026-05-23T10:01:42.477717Z",1779530498.71456,1779530502.47772,0.000625,0.000727,0.000764,3.747553,3.747714,3.746789,0.0001610000000003,3.7385,0.0246607055664061
"2026-05-23T10:01:42.482Z","run_bootstrap",117,"http://client2:8000","run","http://client2:8000/run",1,TRUE,200,1110,254,3.69492816925049,"2026-05-23T10:01:38.715197Z","2026-05-23T10:01:42.410125Z",1779530498.7152,1779530502.41013,0.000615,0.000707,0.000749,3.672912,3.673008,3.672163,9.59999999996519e-05,3.6644,0.0305281692504882
"2026-05-23T10:01:42.482Z","run_bootstrap",117,"http://client3:8000","run","http://client3:8000/run",1,TRUE,200,1110,249,3.72919654846191,"2026-05-23T10:01:38.715904Z","2026-05-23T10:01:42.445101Z",1779530498.7159,1779530502.4451,0.000534,0.000663,0.000705,3.708665,3.708793,3.70796,0.000128000000000128,3.6882,0.0409965484619139
"2026-05-23T10:01:46.288Z","run_bootstrap",118,"http://client1:8000","run","http://client1:8000/run",1,TRUE,200,1110,252,3.75049757957458,"2026-05-23T10:01:42.494887Z","2026-05-23T10:01:46.245384Z",1779530502.49489,1779530506.24538,0.000544,0.000636,0.000669,3.731776,3.731904,3.731107,0.000128000000000128,3.7113,0.0391975795745849
"2026-05-23T10:01:46.288Z","run_bootstrap",118,"http://client2:8000","run","http://client2:8000/run",1,TRUE,200,1110,253,3.78790497779846,"2026-05-23T10:01:42.495375Z","2026-05-23T10:01:46.283280Z",1779530502.49538,1779530506.28328,0.000467,0.000557,0.000588,3.768195,3.76834,3.767607,0.00014499999999984,3.747,0.040904977798462
"2026-05-23T10:01:46.288Z","run_bootstrap",118,"http://client3:8000","run","http://client3:8000/run",1,TRUE,200,1110,249,3.73656105995178,"2026-05-23T10:01:42.495833Z","2026-05-23T10:01:46.232394Z",1779530502.49583,1779530506.23239,0.000735,0.000855,0.00089,3.720302,3.720436,3.719412,0.000133999999999634,3.7118,0.024761059951782
"2026-05-23T10:01:50.250Z","run_bootstrap",119,"http://client1:8000","run","http://client1:8000/run",1,TRUE,200,1110,252,3.94640588760376,"2026-05-23T10:01:46.300077Z","2026-05-23T10:01:50.246483Z",1779530506.30008,1779530510.24648,0.000652,0.000771,0.000807,3.931792,3.931921,3.930985,0.000128999999999824,3.923,0.0234058876037597
"2026-05-23T10:01:50.250Z","run_bootstrap",119,"http://client2:8000","run","http://client2:8000/run",1,TRUE,200,1110,253,3.65268421173096,"2026-05-23T10:01:46.302222Z","2026-05-23T10:01:49.954906Z",1779530506.30222,1779530509.95491,0.000687,0.000781,0.000821,3.637856,3.637982,3.637035,0.000125999999999848,3.6299,0.0227842117309569
"2026-05-23T10:01:50.250Z","run_bootstrap",119,"http://client3:8000","run","http://client3:8000/run",1,TRUE,200,1110,250,3.93291139602661,"2026-05-23T10:01:46.301845Z","2026-05-23T10:01:50.234756Z",1779530506.30185,1779530510.23476,0.000654,0.000766,0.000801,3.918481,3.918616,3.91768,0.000135000000000218,3.9108,0.0221113960266113
"2026-05-23T10:01:54.355Z","run_bootstrap",120,"http://client1:8000","run","http://client1:8000/run",1,TRUE,200,1110,253,3.94969701766968,"2026-05-23T10:01:50.267283Z","2026-05-23T10:01:54.216980Z",1779530510.26728,1779530514.21698,0.000499,0.000598,0.000635,3.938093,3.938251,3.937458,0.000158000000000325,3.7764,0.173297017669678
"2026-05-23T10:01:54.355Z","run_bootstrap",120,"http://client2:8000","run","http://client2:8000/run",1,TRUE,200,1110,253,3.81921315193176,"2026-05-23T10:01:50.267283Z","2026-05-23T10:01:54.086497Z",1779530510.26728,1779530514.0865,0.000552,0.000626,0.000659,3.807642,3.807776,3.806983,0.000134000000000079,3.6537,0.165513151931763
"2026-05-23T10:01:54.355Z","run_bootstrap",120,"http://client3:8000","run","http://client3:8000/run",1,TRUE,200,1110,250,4.08400726318359,"2026-05-23T10:01:50.267283Z","2026-05-23T10:01:54.351290Z",1779530510.26728,1779530514.35129,0.000509,0.000584,0.000607,4.072336,4.072475,4.071729,0.000138999999999889,3.9074,0.176607263183594
"2026-05-23T10:01:58.080Z","run_bootstrap",121,"http://client1:8000","run","http://client1:8000/run",1,TRUE,200,1110,252,3.41235446929932,"2026-05-23T10:01:54.369374Z","2026-05-23T10:01:57.781729Z",1779530514.36937,1779530517.78173,0.000751,0.000823,0.000845,3.394984,3.395125,3.394139,0.000141000000000169,3.388,0.0243544692993165
"2026-05-23T10:01:58.080Z","run_bootstrap",121,"http://client2:8000","run","http://client2:8000/run",1,TRUE,200,1110,252,3.40488505363464,"2026-05-23T10:01:54.369980Z","2026-05-23T10:01:57.774865Z",1779530514.36998,1779530517.77487,0.000498,0.000577,0.000608,3.387167,3.387274,3.386559,0.000107000000000301,3.3809,0.0239850536346435
"2026-05-23T10:01:58.080Z","run_bootstrap",121,"http://client3:8000","run","http://client3:8000/run",1,TRUE,200,1110,251,3.7055652141571,"2026-05-23T10:01:54.370537Z","2026-05-23T10:01:58.076103Z",1779530514.37054,1779530518.0761,0.000709,0.000822,0.000857,3.689225,3.689361,3.688368,0.000135999999999914,3.6823,0.0232652141571044
"2026-05-23T10:02:01.704Z","run_bootstrap",122,"http://client1:8000","run","http://client1:8000/run",1,TRUE,200,1110,253,3.60476589202881,"2026-05-23T10:01:58.094971Z","2026-05-23T10:02:01.699737Z",1779530518.09497,1779530521.69974,0.000552,0.000623,0.000655,3.590141,3.590295,3.589486,0.000153999999999765,3.5831,0.0216658920288086
"2026-05-23T10:02:01.704Z","run_bootstrap",122,"http://client2:8000","run","http://client2:8000/run",1,TRUE,200,1110,252,3.56911969184875,"2026-05-23T10:01:58.095635Z","2026-05-23T10:02:01.664755Z",1779530518.09564,1779530521.66476,0.000561,0.000783,0.000844,3.550529,3.550678,3.549685,0.000148999999999955,3.5433,0.025819691848755
"2026-05-23T10:02:01.704Z","run_bootstrap",122,"http://client3:8000","run","http://client3:8000/run",1,TRUE,200,1110,251,3.4469051361084,"2026-05-23T10:01:58.094928Z","2026-05-23T10:02:01.541833Z",1779530518.09493,1779530521.54183,0.000706,0.000813,0.000852,3.432698,3.432839,3.431846,0.000141000000000169,3.4256,0.0213051361083982
"2026-05-23T10:02:05.455Z","run_bootstrap",123,"http://client1:8000","run","http://client1:8000/run",1,TRUE,200,1109,250,3.73185777664185,"2026-05-23T10:02:01.716002Z","2026-05-23T10:02:05.447860Z",1779530521.716,1779530525.44786,0.000713,0.000827,0.000871,3.712383,3.71252,3.711512,0.000137000000000054,3.7049,0.0269577766418458
"2026-05-23T10:02:05.455Z","run_bootstrap",123,"http://client2:8000","run","http://client2:8000/run",1,TRUE,200,1109,254,3.54121732711792,"2026-05-23T10:02:01.716581Z","2026-05-23T10:02:05.257798Z",1779530521.71658,1779530525.2578,0.000474,0.000555,0.000589,3.520641,3.520785,3.520052,0.000144000000000144,3.5138,0.0274173271179201
"2026-05-23T10:02:05.455Z","run_bootstrap",123,"http://client3:8000","run","http://client3:8000/run",1,TRUE,200,1109,250,3.49467802047729,"2026-05-23T10:02:01.717139Z","2026-05-23T10:02:05.211817Z",1779530521.71714,1779530525.21182,0.000467,0.000572,0.000615,3.476721,3.476893,3.476106,0.000172000000000061,3.4697,0.0249780204772949
"2026-05-23T10:02:09.041Z","run_bootstrap",124,"http://client1:8000","run","http://client1:8000/run",1,TRUE,200,1109,250,3.56685972213745,"2026-05-23T10:02:05.469693Z","2026-05-23T10:02:09.036552Z",1779530525.46969,1779530529.03655,0.000717,0.000837,0.000873,3.552235,3.552372,3.551362,0.000137000000000054,3.5449,0.021959722137451
"2026-05-23T10:02:09.041Z","run_bootstrap",124,"http://client2:8000","run","http://client2:8000/run",1,TRUE,200,1109,254,3.44022727012634,"2026-05-23T10:02:05.471189Z","2026-05-23T10:02:08.911416Z",1779530525.47119,1779530528.91142,0.00057,0.000644,0.000667,3.418967,3.419107,3.4183,0.000140000000000029,3.4086,0.0316272701263429
"2026-05-23T10:02:09.041Z","run_bootstrap",124,"http://client3:8000","run","http://client3:8000/run",1,TRUE,200,1109,250,3.492018699646,"2026-05-23T10:02:05.471605Z","2026-05-23T10:02:08.963624Z",1779530525.47161,1779530528.96362,0.000502,0.000582,0.000612,3.469454,3.469553,3.468842,9.90000000000713e-05,3.4627,0.0293186996459962
"2026-05-23T10:02:12.790Z","run_bootstrap",125,"http://client1:8000","run","http://client1:8000/run",1,TRUE,200,1108,253,3.73060178756714,"2026-05-23T10:02:09.053635Z","2026-05-23T10:02:12.784237Z",1779530529.05364,1779530532.78424,0.000676,0.000786,0.000823,3.71253,3.712565,3.711707,3.50000000000072e-05,3.7048,0.0258017875671386
"2026-05-23T10:02:12.790Z","run_bootstrap",125,"http://client2:8000","run","http://client2:8000/run",1,TRUE,200,1108,253,3.44945096969604,"2026-05-23T10:02:09.055120Z","2026-05-23T10:02:12.504571Z",1779530529.05512,1779530532.50457,0.00077,0.00086,0.000894,3.42989,3.429924,3.428996,3.40000000003116e-05,3.422,0.0274509696960448
"2026-05-23T10:02:12.790Z","run_bootstrap",125,"http://client3:8000","run","http://client3:8000/run",1,TRUE,200,1108,253,3.54506039619446,"2026-05-23T10:02:09.055518Z","2026-05-23T10:02:12.600579Z",1779530529.05552,1779530532.60058,0.000697,0.000817,0.000856,3.526448,3.526484,3.525592,3.6000000000147e-05,3.5193,0.0257603961944581
"2026-05-23T10:02:16.555Z","run_bootstrap",126,"http://client1:8000","run","http://client1:8000/run",1,TRUE,200,1108,253,3.73943614959717,"2026-05-23T10:02:12.811621Z","2026-05-23T10:02:16.551057Z",1779530532.81162,1779530536.55106,0.000516,0.000602,0.000636,3.718109,3.718235,3.717473,0.000125999999999848,3.7111,0.0283361495971679
"2026-05-23T10:02:16.555Z","run_bootstrap",126,"http://client2:8000","run","http://client2:8000/run",1,TRUE,200,1108,254,3.57444262504578,"2026-05-23T10:02:12.812247Z","2026-05-23T10:02:16.386690Z",1779530532.81225,1779530536.38669,0.000613,0.000683,0.000715,3.55353,3.553666,3.552815,0.000136000000000358,3.5467,0.0277426250457764
"2026-05-23T10:02:16.555Z","run_bootstrap",126,"http://client3:8000","run","http://client3:8000/run",1,TRUE,200,1108,253,3.46595215797424,"2026-05-23T10:02:12.812662Z","2026-05-23T10:02:16.278614Z",1779530532.81266,1779530536.27861,0.000752,0.000869,0.000907,3.448129,3.448278,3.447222,0.000148999999999955,3.4409,0.0250521579742431
"2026-05-23T10:02:20.303Z","run_bootstrap",127,"http://client1:8000","run","http://client1:8000/run",1,TRUE,200,1109,248,3.54999351501465,"2026-05-23T10:02:16.567064Z","2026-05-23T10:02:20.117058Z",1779530536.56706,1779530540.11706,0.000535,0.00063,0.000662,3.536256,3.536388,3.535594,0.000132000000000243,3.529,0.0209935150146485
"2026-05-23T10:02:20.303Z","run_bootstrap",127,"http://client2:8000","run","http://client2:8000/run",1,TRUE,200,1109,253,3.54797148704529,"2026-05-23T10:02:16.567562Z","2026-05-23T10:02:20.115533Z",1779530536.56756,1779530540.11553,0.000548,0.00062,0.000641,3.535096,3.535233,3.534455,0.000137000000000054,3.5276,0.020371487045288
"2026-05-23T10:02:20.303Z","run_bootstrap",127,"http://client3:8000","run","http://client3:8000/run",1,TRUE,200,1109,249,3.72885298728943,"2026-05-23T10:02:16.567560Z","2026-05-23T10:02:20.296413Z",1779530536.56756,1779530540.29641,0.000692,0.000766,0.000799,3.715366,3.715498,3.714567,0.000132000000000243,3.7076,0.0212529872894289
"2026-05-23T10:02:23.895Z","run_bootstrap",128,"http://client1:8000","run","http://client1:8000/run",1,TRUE,200,1109,249,3.5671718120575,"2026-05-23T10:02:20.320822Z","2026-05-23T10:02:23.887993Z",1779530540.32082,1779530543.88799,0.000729,0.000835,0.000875,3.547694,3.547838,3.546819,0.000144000000000144,3.5402,0.0269718120574951
"2026-05-23T10:02:23.895Z","run_bootstrap",128,"http://client2:8000","run","http://client2:8000/run",1,TRUE,200,1109,253,3.51286911964417,"2026-05-23T10:02:20.321404Z","2026-05-23T10:02:23.834273Z",1779530540.3214,1779530543.83427,0.000442,0.000541,0.000581,3.491656,3.491788,3.491075,0.000132000000000243,3.4849,0.0279691196441649
"2026-05-23T10:02:23.895Z","run_bootstrap",128,"http://client3:8000","run","http://client3:8000/run",1,TRUE,200,1109,249,3.46501994132996,"2026-05-23T10:02:20.321971Z","2026-05-23T10:02:23.786991Z",1779530540.32197,1779530543.78699,0.000421,0.000493,0.000527,3.443714,3.443851,3.443187,0.000137000000000054,3.4368,0.0282199413299562
"2026-05-23T10:02:27.595Z","run_bootstrap",129,"http://client1:8000","run","http://client1:8000/run",1,TRUE,200,1108,253,3.67950105667114,"2026-05-23T10:02:23.908171Z","2026-05-23T10:02:27.587672Z",1779530543.90817,1779530547.58767,0.000653,0.000721,0.000745,3.661166,3.661297,3.660421,0.000130999999999659,3.6401,0.0394010566711427
"2026-05-23T10:02:27.595Z","run_bootstrap",129,"http://client2:8000","run","http://client2:8000/run",1,TRUE,200,1108,252,3.65603709220886,"2026-05-23T10:02:23.908211Z","2026-05-23T10:02:27.564249Z",1779530543.90821,1779530547.56425,0.000642,0.000751,0.00079,3.640988,3.641123,3.640198,0.000134999999999774,3.6339,0.0221370922088622
"2026-05-23T10:02:27.595Z","run_bootstrap",129,"http://client3:8000","run","http://client3:8000/run",1,TRUE,200,1108,250,3.49184608459473,"2026-05-23T10:02:23.909003Z","2026-05-23T10:02:27.400849Z",1779530543.909,1779530547.40085,0.000729,0.000839,0.000885,3.474432,3.474571,3.473547,0.000138999999999889,3.4655,0.0263460845947265
"2026-05-23T10:02:31.265Z","run_bootstrap",130,"http://client1:8000","run","http://client1:8000/run",1,TRUE,200,1108,253,3.54888725280762,"2026-05-23T10:02:27.608675Z","2026-05-23T10:02:31.157562Z",1779530547.60868,1779530551.15756,0.000579,0.000688,0.000723,3.531572,3.531704,3.530849,0.000131999999999799,3.5237,0.0251872528076174
"2026-05-23T10:02:31.265Z","run_bootstrap",130,"http://client2:8000","run","http://client2:8000/run",1,TRUE,200,1108,252,3.6352641582489,"2026-05-23T10:02:27.608902Z","2026-05-23T10:02:31.244166Z",1779530547.6089,1779530551.24417,0.000694,0.000807,0.000844,3.612828,3.612962,3.611984,0.000134000000000079,3.6054,0.0298641582489014
"2026-05-23T10:02:31.265Z","run_bootstrap",130,"http://client3:8000","run","http://client3:8000/run",1,TRUE,200,1108,250,3.65148234367371,"2026-05-23T10:02:27.609133Z","2026-05-23T10:02:31.260616Z",1779530547.60913,1779530551.26062,0.000683,0.000795,0.00083,3.636089,3.636223,3.635259,0.000134000000000079,3.6287,0.0227823436737062
"2026-05-23T10:02:35.103Z","run_bootstrap",131,"http://client1:8000","run","http://client1:8000/run",1,TRUE,200,1109,253,3.82129955291748,"2026-05-23T10:02:31.277619Z","2026-05-23T10:02:35.098919Z",1779530551.27762,1779530555.09892,0.000676,0.000744,0.000764,3.803566,3.803591,3.802802,2.49999999999417e-05,3.796,0.0252995529174806
"2026-05-23T10:02:35.103Z","run_bootstrap",131,"http://client2:8000","run","http://client2:8000/run",1,TRUE,200,1109,253,3.63844227790833,"2026-05-23T10:02:31.278223Z","2026-05-23T10:02:34.916665Z",1779530551.27822,1779530554.91667,0.000752,0.00084,0.000877,3.620458,3.620572,3.619581,0.000113999999999947,3.6133,0.025142277908325
"2026-05-23T10:02:35.103Z","run_bootstrap",131,"http://client3:8000","run","http://client3:8000/run",1,TRUE,200,1109,253,3.64207148551941,"2026-05-23T10:02:31.278813Z","2026-05-23T10:02:34.920885Z",1779530551.27881,1779530554.92089,0.000711,0.000823,0.00086,3.624963,3.624995,3.624103,3.2000000000032e-05,3.6175,0.024571485519409
"2026-05-23T10:02:38.842Z","run_bootstrap",132,"http://client1:8000","run","http://client1:8000/run",1,TRUE,200,1109,254,3.71435475349426,"2026-05-23T10:02:35.120112Z","2026-05-23T10:02:38.834467Z",1779530555.12011,1779530558.83447,0.000697,0.000826,0.00087,3.700118,3.700261,3.699248,0.000143000000000004,3.6925,0.0218547534942628
"2026-05-23T10:02:38.842Z","run_bootstrap",132,"http://client2:8000","run","http://client2:8000/run",1,TRUE,200,1109,253,3.69424510002136,"2026-05-23T10:02:35.120930Z","2026-05-23T10:02:38.815176Z",1779530555.12093,1779530558.81518,0.000615,0.000691,0.000737,3.680534,3.680669,3.679797,0.000134999999999774,3.6735,0.0207451000213621
"2026-05-23T10:02:38.842Z","run_bootstrap",132,"http://client3:8000","run","http://client3:8000/run",1,TRUE,200,1109,253,3.65889883041382,"2026-05-23T10:02:35.121608Z","2026-05-23T10:02:38.780507Z",1779530555.12161,1779530558.78051,0.000536,0.000639,0.000674,3.645697,3.645827,3.645023,0.000129999999999963,3.6379,0.0209988304138182
"2026-05-23T10:02:42.762Z","run_bootstrap",133,"http://client1:8000","run","http://client1:8000/run",1,TRUE,200,1109,254,3.90368270874023,"2026-05-23T10:02:38.853871Z","2026-05-23T10:02:42.757554Z",1779530558.85387,1779530562.75755,0.000576,0.000663,0.000703,3.890023,3.890179,3.88932,0.000156000000000045,3.8828,0.0208827087402343
"2026-05-23T10:02:42.762Z","run_bootstrap",133,"http://client2:8000","run","http://client2:8000/run",1,TRUE,200,1109,254,3.81737852096558,"2026-05-23T10:02:38.855256Z","2026-05-23T10:02:42.672635Z",1779530558.85526,1779530562.67264,0.000565,0.000641,0.000676,3.804929,3.805035,3.804253,0.000106000000000162,3.7981,0.0192785209655764
"2026-05-23T10:02:42.762Z","run_bootstrap",133,"http://client3:8000","run","http://client3:8000/run",1,TRUE,200,1109,252,3.62054014205933,"2026-05-23T10:02:38.854368Z","2026-05-23T10:02:42.474908Z",1779530558.85437,1779530562.47491,0.000376,0.000463,0.00049,3.607083,3.607198,3.606593,0.000115000000000087,3.6004,0.0201401420593261
"2026-05-23T10:02:46.610Z","run_bootstrap",134,"http://client1:8000","run","http://client1:8000/run",1,TRUE,200,1109,254,3.82800698280334,"2026-05-23T10:02:42.774697Z","2026-05-23T10:02:46.602704Z",1779530562.7747,1779530566.6027,0.000715,0.00084,0.000882,3.811833,3.811945,3.810951,0.000112000000000112,3.8039,0.0241069828033447
"2026-05-23T10:02:46.610Z","run_bootstrap",134,"http://client2:8000","run","http://client2:8000/run",1,TRUE,200,1109,254,3.72024464607239,"2026-05-23T10:02:42.775530Z","2026-05-23T10:02:46.495774Z",1779530562.77553,1779530566.49577,0.000376,0.000466,0.000491,3.697773,3.697899,3.697282,0.000125999999999848,3.6909,0.0293446460723876
"2026-05-23T10:02:46.610Z","run_bootstrap",134,"http://client3:8000","run","http://client3:8000/run",1,TRUE,200,1109,252,3.65118074417114,"2026-05-23T10:02:42.776080Z","2026-05-23T10:02:46.427261Z",1779530562.77608,1779530566.42726,0.00059,0.000678,0.000719,3.633548,3.633661,3.632829,0.000113000000000252,3.6254,0.0257807441711426
"2026-05-23T10:02:50.415Z","run_bootstrap",135,"http://client1:8000","run","http://client1:8000/run",1,TRUE,200,1109,254,3.78075313568115,"2026-05-23T10:02:46.628800Z","2026-05-23T10:02:50.409553Z",1779530566.6288,1779530570.40955,0.00061,0.000721,0.000764,3.760829,3.760926,3.760065,9.69999999997917e-05,3.7462,0.0345531356811524
"2026-05-23T10:02:50.415Z","run_bootstrap",135,"http://client2:8000","run","http://client2:8000/run",1,TRUE,200,1109,253,3.62607455253601,"2026-05-23T10:02:46.629331Z","2026-05-23T10:02:50.255405Z",1779530566.62933,1779530570.25541,0.00083,0.000906,0.000933,3.603535,3.60367,3.602602,0.000135000000000218,3.5891,0.0369745525360106
"2026-05-23T10:02:50.415Z","run_bootstrap",135,"http://client3:8000","run","http://client3:8000/run",1,TRUE,200,1109,252,3.74295425415039,"2026-05-23T10:02:46.629832Z","2026-05-23T10:02:50.372786Z",1779530566.62983,1779530570.37279,0.000664,0.000781,0.000825,3.720512,3.720653,3.719687,0.000141000000000169,3.7131,0.0298542541503908
"2026-05-23T10:02:54.177Z","run_bootstrap",136,"http://client1:8000","run","http://client1:8000/run",1,TRUE,200,1109,254,3.63099241256714,"2026-05-23T10:02:50.429039Z","2026-05-23T10:02:54.060031Z",1779530570.42904,1779530574.06003,0.000521,0.000602,0.000624,3.609081,3.609123,3.608457,4.19999999996534e-05,3.6008,0.0301924125671387
"2026-05-23T10:02:54.177Z","run_bootstrap",136,"http://client2:8000","run","http://client2:8000/run",1,TRUE,200,1109,253,3.7440140247345,"2026-05-23T10:02:50.429661Z","2026-05-23T10:02:54.173675Z",1779530570.42966,1779530574.17368,0.000577,0.000681,0.000714,3.722525,3.72256,3.721811,3.50000000000072e-05,3.7134,0.030614024734497
"2026-05-23T10:02:54.177Z","run_bootstrap",136,"http://client3:8000","run","http://client3:8000/run",1,TRUE,200,1109,252,3.66153812408447,"2026-05-23T10:02:50.428853Z","2026-05-23T10:02:54.090391Z",1779530570.42885,1779530574.09039,0.000762,0.000878,0.000913,3.643814,3.643847,3.642901,3.30000000001718e-05,3.6363,0.0252381240844728
"2026-05-23T10:02:58.082Z","run_bootstrap",137,"http://client1:8000","run","http://client1:8000/run",1,TRUE,200,1108,254,3.6287260055542,"2026-05-23T10:02:54.191915Z","2026-05-23T10:02:57.820641Z",1779530574.19192,1779530577.82064,0.000715,0.000792,0.000822,3.613331,3.6136,3.612509,0.000268999999999853,3.6058,0.0229260055541993
"2026-05-23T10:02:58.082Z","run_bootstrap",137,"http://client2:8000","run","http://client2:8000/run",1,TRUE,200,1108,253,3.6907753944397,"2026-05-23T10:02:54.192692Z","2026-05-23T10:02:57.883467Z",1779530574.19269,1779530577.88347,0.000578,0.000686,0.000723,3.67729,3.677418,3.676567,0.000127999999999684,3.669,0.0217753944396972
"2026-05-23T10:02:58.082Z","run_bootstrap",137,"http://client3:8000","run","http://client3:8000/run",1,TRUE,200,1108,249,3.88512587547302,"2026-05-23T10:02:54.193296Z","2026-05-23T10:02:58.078422Z",1779530574.1933,1779530578.07842,0.000533,0.000619,0.000653,3.870208,3.870304,3.869555,9.6000000000096e-05,3.8628,0.0223258754730224
"2026-05-23T10:03:01.989Z","run_bootstrap",138,"http://client1:8000","run","http://client1:8000/run",1,TRUE,200,1108,254,3.8881049156189,"2026-05-23T10:02:58.096538Z","2026-05-23T10:03:01.984643Z",1779530578.09654,1779530581.98464,0.000568,0.000661,0.000694,3.873522,3.873664,3.872828,0.000142000000000309,3.8651,0.0230049156188965
"2026-05-23T10:03:01.989Z","run_bootstrap",138,"http://client2:8000","run","http://client2:8000/run",1,TRUE,200,1108,254,3.88830971717834,"2026-05-23T10:02:58.097156Z","2026-05-23T10:03:01.985465Z",1779530578.09716,1779530581.98547,0.000605,0.000683,0.000712,3.874827,3.874957,3.874115,0.000130000000000408,3.8678,0.0205097171783448
"2026-05-23T10:03:01.989Z","run_bootstrap",138,"http://client3:8000","run","http://client3:8000/run",1,TRUE,200,1108,249,3.70024347305298,"2026-05-23T10:02:58.096560Z","2026-05-23T10:03:01.796803Z",1779530578.09656,1779530581.7968,0.000674,0.000785,0.000822,3.686812,3.68698,3.68599,0.000167999999999946,3.6777,0.0225434730529783
"2026-05-23T10:03:05.930Z","run_bootstrap",139,"http://client1:8000","run","http://client1:8000/run",1,TRUE,200,1108,253,3.5564603805542,"2026-05-23T10:03:02.000071Z","2026-05-23T10:03:05.556531Z",1779530582.00007,1779530585.55653,0.000862,0.000959,0.000999,3.54217,3.542226,3.541171,5.5999999999834e-05,3.5293,0.0271603805541991
"2026-05-23T10:03:05.930Z","run_bootstrap",139,"http://client2:8000","run","http://client2:8000/run",1,TRUE,200,1108,251,3.92133736610413,"2026-05-23T10:03:02.001003Z","2026-05-23T10:03:05.922341Z",1779530582.001,1779530585.92234,0.000496,0.00058,0.000621,3.907251,3.907381,3.90663,0.000129999999999963,3.898,0.0233373661041258
"2026-05-23T10:03:05.930Z","run_bootstrap",139,"http://client3:8000","run","http://client3:8000/run",1,TRUE,200,1108,252,3.49401521682739,"2026-05-23T10:03:02.001172Z","2026-05-23T10:03:05.495187Z",1779530582.00117,1779530585.49519,0.000403,0.000484,0.00052,3.481165,3.481257,3.480645,9.1999999999981e-05,3.4742,0.0198152168273924
"2026-05-23T10:03:10.045Z","run_bootstrap",140,"http://client1:8000","run","http://client1:8000/run",1,TRUE,200,1108,253,3.9146523475647,"2026-05-23T10:03:05.941999Z","2026-05-23T10:03:09.856652Z",1779530585.942,1779530589.85665,0.000546,0.000622,0.000646,3.901212,3.901337,3.900566,0.000124999999999709,3.7384,0.176252347564697
"2026-05-23T10:03:10.045Z","run_bootstrap",140,"http://client2:8000","run","http://client2:8000/run",1,TRUE,200,1108,252,3.88425517082214,"2026-05-23T10:03:05.942528Z","2026-05-23T10:03:09.826784Z",1779530585.94253,1779530589.82678,0.000659,0.000762,0.000803,3.863288,3.863426,3.862485,0.000138000000000194,3.6957,0.188555170822144
"2026-05-23T10:03:10.045Z","run_bootstrap",140,"http://client3:8000","run","http://client3:8000/run",1,TRUE,200,1108,252,4.09787464141846,"2026-05-23T10:03:05.941728Z","2026-05-23T10:03:10.039603Z",1779530585.94173,1779530590.0396,0.000733,0.000815,0.00085,4.084303,4.08442,4.083453,0.000116999999999479,3.9129,0.184974641418457
"2026-05-23T10:03:13.746Z","run_bootstrap",141,"http://client1:8000","run","http://client1:8000/run",1,TRUE,200,1110,251,3.37692904472351,"2026-05-23T10:03:10.057940Z","2026-05-23T10:03:13.434869Z",1779530590.05794,1779530593.43487,0.00052,0.000596,0.000631,3.355114,3.355257,3.354483,0.000143000000000004,3.348,0.0289290447235109
"2026-05-23T10:03:13.746Z","run_bootstrap",141,"http://client2:8000","run","http://client2:8000/run",1,TRUE,200,1110,254,3.27330565452576,"2026-05-23T10:03:10.058679Z","2026-05-23T10:03:13.331985Z",1779530590.05868,1779530593.33199,0.000576,0.000655,0.00068,3.255413,3.255565,3.254733,0.00015199999999993,3.2486,0.0247056545257567
"2026-05-23T10:03:13.746Z","run_bootstrap",141,"http://client3:8000","run","http://client3:8000/run",1,TRUE,200,1110,253,3.68242335319519,"2026-05-23T10:03:10.059672Z","2026-05-23T10:03:13.742095Z",1779530590.05967,1779530593.7421,0.000647,0.000708,0.000729,3.666351,3.666494,3.665622,0.000143000000000004,3.6595,0.0229233531951905
"2026-05-23T10:03:17.491Z","run_bootstrap",142,"http://client1:8000","run","http://client1:8000/run",1,TRUE,200,1110,251,3.47213792800903,"2026-05-23T10:03:13.758484Z","2026-05-23T10:03:17.230622Z",1779530593.75848,1779530597.23062,0.000739,0.000848,0.000889,3.453766,3.453822,3.452877,5.6000000000278e-05,3.445,0.0271379280090334
"2026-05-23T10:03:17.491Z","run_bootstrap",142,"http://client2:8000","run","http://client2:8000/run",1,TRUE,200,1110,254,3.47310733795166,"2026-05-23T10:03:13.759761Z","2026-05-23T10:03:17.232869Z",1779530593.75976,1779530597.23287,0.000597,0.000728,0.000769,3.456137,3.456167,3.455368,3.00000000001965e-05,3.4471,0.0260073379516603
"2026-05-23T10:03:17.491Z","run_bootstrap",142,"http://client3:8000","run","http://client3:8000/run",1,TRUE,200,1110,253,3.72574734687805,"2026-05-23T10:03:13.761073Z","2026-05-23T10:03:17.486821Z",1779530593.76107,1779530597.48682,0.000639,0.000734,0.000753,3.710756,3.710805,3.710003,4.90000000001878e-05,3.7025,0.0232473468780516
"2026-05-23T10:03:21.279Z","run_bootstrap",143,"http://client1:8000","run","http://client1:8000/run",1,TRUE,200,1109,254,3.76992321014404,"2026-05-23T10:03:17.505136Z","2026-05-23T10:03:21.275060Z",1779530597.50514,1779530601.27506,0.000679,0.000801,0.000852,3.754247,3.754362,3.753395,0.000115000000000087,3.7467,0.0232232101440428
"2026-05-23T10:03:21.279Z","run_bootstrap",143,"http://client2:8000","run","http://client2:8000/run",1,TRUE,200,1109,254,3.75468254089355,"2026-05-23T10:03:17.506114Z","2026-05-23T10:03:21.260796Z",1779530597.50611,1779530601.2608,0.000618,0.00069,0.000722,3.73345,3.733581,3.732728,0.000131000000000103,3.7267,0.0279825408935546
"2026-05-23T10:03:21.279Z","run_bootstrap",143,"http://client3:8000","run","http://client3:8000/run",1,TRUE,200,1109,252,3.53599286079407,"2026-05-23T10:03:17.506716Z","2026-05-23T10:03:21.042708Z",1779530597.50672,1779530601.04271,0.000534,0.000625,0.000659,3.515369,3.515509,3.51471,0.000140000000000029,3.5085,0.0274928607940672
"2026-05-23T10:03:25.080Z","run_bootstrap",144,"http://client1:8000","run","http://client1:8000/run",1,TRUE,200,1109,254,3.77928924560547,"2026-05-23T10:03:21.293489Z","2026-05-23T10:03:25.072778Z",1779530601.29349,1779530605.07278,0.000627,0.000731,0.000773,3.764361,3.764493,3.763588,0.000131999999999799,3.7564,0.0228892456054686
"2026-05-23T10:03:25.080Z","run_bootstrap",144,"http://client2:8000","run","http://client2:8000/run",1,TRUE,200,1109,254,3.58024716377258,"2026-05-23T10:03:21.294111Z","2026-05-23T10:03:24.874359Z",1779530601.29411,1779530604.87436,0.000581,0.000684,0.000736,3.564384,3.564473,3.563648,8.90000000000057e-05,3.5577,0.0225471637725829
"2026-05-23T10:03:25.080Z","run_bootstrap",144,"http://client3:8000","run","http://client3:8000/run",1,TRUE,200,1109,252,3.54638242721558,"2026-05-23T10:03:21.294756Z","2026-05-23T10:03:24.841138Z",1779530601.29476,1779530604.84114,0.000391,0.000493,0.000534,3.531239,3.53137,3.530705,0.000131000000000103,3.5233,0.0230824272155763
"2026-05-23T10:03:28.890Z","run_bootstrap",145,"http://client1:8000","run","http://client1:8000/run",1,TRUE,200,1108,253,3.72273397445679,"2026-05-23T10:03:25.092948Z","2026-05-23T10:03:28.815682Z",1779530605.09295,1779530608.81568,0.000849,0.000935,0.000968,3.707112,3.707257,3.706144,0.00014499999999984,3.6992,0.0235339744567873
"2026-05-23T10:03:28.890Z","run_bootstrap",145,"http://client2:8000","run","http://client2:8000/run",1,TRUE,200,1108,254,3.79197144508362,"2026-05-23T10:03:25.093308Z","2026-05-23T10:03:28.885280Z",1779530605.09331,1779530608.88528,0.000758,0.000888,0.000927,3.776273,3.776425,3.775346,0.00015199999999993,3.7683,0.0236714450836182
"2026-05-23T10:03:28.890Z","run_bootstrap",145,"http://client3:8000","run","http://client3:8000/run",1,TRUE,200,1108,253,3.51247406005859,"2026-05-23T10:03:25.093565Z","2026-05-23T10:03:28.606040Z",1779530605.09357,1779530608.60604,0.000851,0.00095,0.000988,3.49782,3.497946,3.496832,0.000126000000000293,3.4901,0.0223740600585938
"2026-05-23T10:03:32.615Z","run_bootstrap",146,"http://client1:8000","run","http://client1:8000/run",1,TRUE,200,1108,253,3.65345001220703,"2026-05-23T10:03:28.902325Z","2026-05-23T10:03:32.555775Z",1779530608.90233,1779530612.55578,0.000629,0.000724,0.000761,3.638397,3.638531,3.637636,0.000134000000000079,3.6282,0.0252500122070312
"2026-05-23T10:03:32.615Z","run_bootstrap",146,"http://client2:8000","run","http://client2:8000/run",1,TRUE,200,1108,254,3.70429873466492,"2026-05-23T10:03:28.903227Z","2026-05-23T10:03:32.607526Z",1779530608.90323,1779530612.60753,0.000723,0.000798,0.000826,3.690163,3.69026,3.689337,9.69999999997917e-05,3.6826,0.0216987346649171
"2026-05-23T10:03:32.615Z","run_bootstrap",146,"http://client3:8000","run","http://client3:8000/run",1,TRUE,200,1108,253,3.59469842910767,"2026-05-23T10:03:28.905117Z","2026-05-23T10:03:32.499816Z",1779530608.90512,1779530612.49982,0.00043,0.000511,0.000547,3.577544,3.577636,3.576997,9.1999999999981e-05,3.5698,0.0248984291076662
"2026-05-23T10:03:36.450Z","run_bootstrap",147,"http://client1:8000","run","http://client1:8000/run",1,TRUE,200,1110,251,3.59029173851013,"2026-05-23T10:03:32.631900Z","2026-05-23T10:03:36.222192Z",1779530612.6319,1779530616.22219,0.000681,0.000789,0.000824,3.575765,3.575901,3.574941,0.000135999999999914,3.5676,0.0226917385101317
"2026-05-23T10:03:36.450Z","run_bootstrap",147,"http://client2:8000","run","http://client2:8000/run",1,TRUE,200,1110,252,3.60912346839905,"2026-05-23T10:03:32.633421Z","2026-05-23T10:03:36.242544Z",1779530612.63342,1779530616.24254,0.000501,0.000586,0.000617,3.591106,3.591206,3.590489,0.000100000000000211,3.584,0.0251234683990478
"2026-05-23T10:03:36.450Z","run_bootstrap",147,"http://client3:8000","run","http://client3:8000/run",1,TRUE,200,1110,251,3.80490016937256,"2026-05-23T10:03:32.633871Z","2026-05-23T10:03:36.438771Z",1779530612.63387,1779530616.43877,0.00062,0.000738,0.000775,3.789135,3.789253,3.78836,0.000118000000000062,3.781,0.0239001693725585
"2026-05-23T10:03:40.282Z","run_bootstrap",148,"http://client1:8000","run","http://client1:8000/run",1,TRUE,200,1110,251,3.55463981628418,"2026-05-23T10:03:36.464957Z","2026-05-23T10:03:40.019597Z",1779530616.46496,1779530620.0196,0.000645,0.00078,0.000816,3.535738,3.535854,3.534922,0.000116000000000227,3.5281,0.0265398162841799
"2026-05-23T10:03:40.282Z","run_bootstrap",148,"http://client2:8000","run","http://client2:8000/run",1,TRUE,200,1110,253,3.65486359596252,"2026-05-23T10:03:36.465633Z","2026-05-23T10:03:40.120496Z",1779530616.46563,1779530620.1205,0.000484,0.000576,0.000615,3.633539,3.633689,3.632924,0.000150000000000095,3.6266,0.0282635959625246
"2026-05-23T10:03:40.282Z","run_bootstrap",148,"http://client3:8000","run","http://client3:8000/run",1,TRUE,200,1110,252,3.81160616874695,"2026-05-23T10:03:36.466097Z","2026-05-23T10:03:40.277703Z",1779530616.4661,1779530620.2777,0.000403,0.000477,0.000507,3.791308,3.791444,3.790801,0.000135999999999914,3.7847,0.0269061687469483
"2026-05-23T10:03:44.077Z","run_bootstrap",149,"http://client1:8000","run","http://client1:8000/run",1,TRUE,200,1110,254,3.37267637252808,"2026-05-23T10:03:40.293979Z","2026-05-23T10:03:43.666656Z",1779530620.29398,1779530623.66666,0.000574,0.000667,0.000697,3.354783,3.355028,3.354086,0.000245000000000051,3.3446,0.0280763725280764
"2026-05-23T10:03:44.077Z","run_bootstrap",149,"http://client2:8000","run","http://client2:8000/run",1,TRUE,200,1110,254,3.77846717834473,"2026-05-23T10:03:40.294820Z","2026-05-23T10:03:44.073287Z",1779530620.29482,1779530624.07329,0.000579,0.000698,0.000734,3.758809,3.758944,3.758075,0.000135000000000218,3.7514,0.0270671783447267
"2026-05-23T10:03:44.077Z","run_bootstrap",149,"http://client3:8000","run","http://client3:8000/run",1,TRUE,200,1110,251,3.50692129135132,"2026-05-23T10:03:40.294003Z","2026-05-23T10:03:43.800925Z",1779530620.294,1779530623.80093,0.000719,0.000847,0.000884,3.493083,3.493225,3.492199,0.000141999999999864,3.4848,0.0221212913513185
"2026-05-23T10:03:47.896Z","run_bootstrap",150,"http://client1:8000","run","http://client1:8000/run",1,TRUE,200,1110,254,3.58984208106995,"2026-05-23T10:03:44.089711Z","2026-05-23T10:03:47.679553Z",1779530624.08971,1779530627.67955,0.000479,0.000553,0.000575,3.576381,3.576511,3.575806,0.000129999999999963,3.5692,0.0206420810699464
"2026-05-23T10:03:47.896Z","run_bootstrap",150,"http://client2:8000","run","http://client2:8000/run",1,TRUE,200,1110,254,3.51515603065491,"2026-05-23T10:03:44.091083Z","2026-05-23T10:03:47.606239Z",1779530624.09108,1779530627.60624,0.000412,0.000501,0.000532,3.502169,3.502323,3.501637,0.00015400000000021,3.4943,0.0208560306549073
"2026-05-23T10:03:47.896Z","run_bootstrap",150,"http://client3:8000","run","http://client3:8000/run",1,TRUE,200,1110,251,3.80196213722229,"2026-05-23T10:03:44.090288Z","2026-05-23T10:03:47.892250Z",1779530624.09029,1779530627.89225,0.000459,0.000559,0.000592,3.789091,3.789231,3.788499,0.000140000000000029,3.7816,0.02036213722229
"2026-05-23T10:03:51.719Z","run_bootstrap",151,"http://client1:8000","run","http://client1:8000/run",1,TRUE,200,1109,253,3.72358822822571,"2026-05-23T10:03:47.908503Z","2026-05-23T10:03:51.632091Z",1779530627.9085,1779530631.63209,0.000753,0.00087,0.000912,3.70982,3.710021,3.708908,0.000200999999999674,3.6992,0.0243882282257082
"2026-05-23T10:03:51.719Z","run_bootstrap",151,"http://client2:8000","run","http://client2:8000/run",1,TRUE,200,1109,254,3.80409407615662,"2026-05-23T10:03:47.910326Z","2026-05-23T10:03:51.714420Z",1779530627.91033,1779530631.71442,0.000583,0.000667,0.000703,3.787758,3.787879,3.787055,0.000121000000000038,3.7808,0.0232940761566161
"2026-05-23T10:03:51.719Z","run_bootstrap",151,"http://client3:8000","run","http://client3:8000/run",1,TRUE,200,1109,253,3.52260446548462,"2026-05-23T10:03:47.910645Z","2026-05-23T10:03:51.433250Z",1779530627.91065,1779530631.43325,0.000563,0.000673,0.000712,3.500877,3.501017,3.500165,0.000140000000000029,3.4933,0.0293044654846191
"2026-05-23T10:03:55.559Z","run_bootstrap",152,"http://client1:8000","run","http://client1:8000/run",1,TRUE,200,1109,252,3.70642423629761,"2026-05-23T10:03:51.731608Z","2026-05-23T10:03:55.438033Z",1779530631.73161,1779530635.43803,0.000731,0.000847,0.000882,3.691735,3.691873,3.690853,0.000138000000000194,3.684,0.0224242362976073
"2026-05-23T10:03:55.559Z","run_bootstrap",152,"http://client2:8000","run","http://client2:8000/run",1,TRUE,200,1109,254,3.75040650367737,"2026-05-23T10:03:51.733623Z","2026-05-23T10:03:55.484029Z",1779530631.73362,1779530635.48403,0.000448,0.000559,0.000596,3.732867,3.732966,3.732271,9.89999999996272e-05,3.7253,0.0251065036773683
"2026-05-23T10:03:55.559Z","run_bootstrap",152,"http://client3:8000","run","http://client3:8000/run",1,TRUE,200,1109,253,3.82081508636475,"2026-05-23T10:03:51.733845Z","2026-05-23T10:03:55.554661Z",1779530631.73385,1779530635.55466,0.000552,0.000804,0.000843,3.804474,3.804597,3.803631,0.000122999999999873,3.7956,0.0252150863647462
"2026-05-23T10:03:59.542Z","run_bootstrap",153,"http://client1:8000","run","http://client1:8000/run",1,TRUE,200,1110,253,3.88178968429565,"2026-05-23T10:03:55.571512Z","2026-05-23T10:03:59.453302Z",1779530635.57151,1779530639.4533,0.000607,0.000694,0.000727,3.863277,3.863312,3.86255,3.50000000000072e-05,3.8532,0.0285896842956541
"2026-05-23T10:03:59.542Z","run_bootstrap",153,"http://client2:8000","run","http://client2:8000/run",1,TRUE,200,1110,254,3.75017523765564,"2026-05-23T10:03:55.572194Z","2026-05-23T10:03:59.322369Z",1779530635.57219,1779530639.32237,0.000628,0.000717,0.00075,3.726006,3.726043,3.725256,3.70000000002868e-05,3.7188,0.0313752376556398
"2026-05-23T10:03:59.542Z","run_bootstrap",153,"http://client3:8000","run","http://client3:8000/run",1,TRUE,200,1110,252,3.96410918235779,"2026-05-23T10:03:55.571425Z","2026-05-23T10:03:59.535534Z",1779530635.57143,1779530639.53553,0.000697,0.000817,0.000854,3.945999,3.946037,3.945145,3.79999999999825e-05,3.938,0.0261091823577879
"2026-05-23T10:04:03.518Z","run_bootstrap",154,"http://client1:8000","run","http://client1:8000/run",1,TRUE,200,1110,253,3.84139657020569,"2026-05-23T10:03:59.559610Z","2026-05-23T10:04:03.401006Z",1779530639.55961,1779530643.40101,0.000485,0.000563,0.000597,3.826986,3.827122,3.826389,0.000135999999999914,3.8172,0.0241965702056883
"2026-05-23T10:04:03.518Z","run_bootstrap",154,"http://client2:8000","run","http://client2:8000/run",1,TRUE,200,1110,254,3.85771012306213,"2026-05-23T10:03:59.559918Z","2026-05-23T10:04:03.417628Z",1779530639.55992,1779530643.41763,0.000364,0.000454,0.000475,3.844448,3.844593,3.843973,0.000145000000000284,3.8303,0.027410123062134
"2026-05-23T10:04:03.518Z","run_bootstrap",154,"http://client3:8000","run","http://client3:8000/run",1,TRUE,200,1110,253,3.95355248451233,"2026-05-23T10:03:59.559918Z","2026-05-23T10:04:03.513471Z",1779530639.55992,1779530643.51347,0.000402,0.000494,0.000528,3.940388,3.940519,3.93986,0.000131000000000103,3.9338,0.0197524845123289
"2026-05-23T10:04:07.561Z","run_bootstrap",155,"http://client1:8000","run","http://client1:8000/run",1,TRUE,200,1110,252,4.02457237243652,"2026-05-23T10:04:03.529606Z","2026-05-23T10:04:07.554178Z",1779530643.52961,1779530647.55418,0.000741,0.000838,0.000876,4.010827,4.010988,4.009951,0.0001610000000003,3.9928,0.0317723724365235
"2026-05-23T10:04:07.561Z","run_bootstrap",155,"http://client2:8000","run","http://client2:8000/run",1,TRUE,200,1110,254,4.02343559265137,"2026-05-23T10:04:03.530190Z","2026-05-23T10:04:07.553626Z",1779530643.53019,1779530647.55363,0.000855,0.000941,0.000989,4.009583,4.009735,4.008594,0.00015199999999993,4.0015,0.0219355926513671
"2026-05-23T10:04:07.561Z","run_bootstrap",155,"http://client3:8000","run","http://client3:8000/run",1,TRUE,200,1110,253,3.7690258026123,"2026-05-23T10:04:03.529953Z","2026-05-23T10:04:07.298979Z",1779530643.52995,1779530647.29898,0.000718,0.000839,0.000878,3.755554,3.75569,3.754676,0.000135999999999914,3.7484,0.0206258026123045
"2026-05-23T10:04:11.620Z","run_bootstrap",156,"http://client1:8000","run","http://client1:8000/run",1,TRUE,200,1110,252,3.86782836914062,"2026-05-23T10:04:07.573839Z","2026-05-23T10:04:11.441667Z",1779530647.57384,1779530651.44167,0.00056,0.000632,0.00066,3.853632,3.853752,3.852972,0.000119999999999898,3.8462,0.0216283691406249
"2026-05-23T10:04:11.620Z","run_bootstrap",156,"http://client2:8000","run","http://client2:8000/run",1,TRUE,200,1110,254,4.04127526283264,"2026-05-23T10:04:07.574358Z","2026-05-23T10:04:11.615633Z",1779530647.57436,1779530651.61563,0.000557,0.000632,0.00066,4.027636,4.027759,4.026976,0.000122999999999429,4.0208,0.0204752628326412
"2026-05-23T10:04:11.620Z","run_bootstrap",156,"http://client3:8000","run","http://client3:8000/run",1,TRUE,200,1110,253,3.95858645439148,"2026-05-23T10:04:07.575013Z","2026-05-23T10:04:11.533600Z",1779530647.57501,1779530651.5336,0.000618,0.000696,0.000735,3.945476,3.945593,3.944741,0.000116999999999923,3.9382,0.0203864543914793
"2026-05-23T10:04:15.536Z","run_bootstrap",157,"http://client1:8000","run","http://client1:8000/run",1,TRUE,200,1110,253,3.72102069854736,"2026-05-23T10:04:11.631677Z","2026-05-23T10:04:15.352697Z",1779530651.63168,1779530655.3527,0.000634,0.00074,0.000783,3.705965,3.706069,3.705182,0.000103999999999882,3.6968,0.0242206985473632
"2026-05-23T10:04:15.536Z","run_bootstrap",157,"http://client2:8000","run","http://client2:8000/run",1,TRUE,200,1110,254,3.89492607116699,"2026-05-23T10:04:11.633559Z","2026-05-23T10:04:15.528485Z",1779530651.63356,1779530655.52849,0.000735,0.000854,0.000893,3.880361,3.880508,3.879468,0.000146999999999675,3.8721,0.0228260711669921
"2026-05-23T10:04:15.536Z","run_bootstrap",157,"http://client3:8000","run","http://client3:8000/run",1,TRUE,200,1110,253,3.30532813072205,"2026-05-23T10:04:11.634500Z","2026-05-23T10:04:14.939828Z",1779530651.6345,1779530654.93983,0.000572,0.000659,0.000695,3.290502,3.290587,3.289807,8.49999999998907e-05,3.2815,0.023828130722046
"2026-05-23T10:04:19.320Z","run_bootstrap",158,"http://client1:8000","run","http://client1:8000/run",1,TRUE,200,1110,253,3.75657987594604,"2026-05-23T10:04:15.555484Z","2026-05-23T10:04:19.312064Z",1779530655.55548,1779530659.31206,0.00069,8e-04,0.000836,3.734421,3.73472,3.733585,0.000298999999999605,3.7271,0.0294798759460448
"2026-05-23T10:04:19.320Z","run_bootstrap",158,"http://client2:8000","run","http://client2:8000/run",1,TRUE,200,1110,254,3.51063251495361,"2026-05-23T10:04:15.556078Z","2026-05-23T10:04:19.066711Z",1779530655.55608,1779530659.06671,0.000699,8e-04,0.000836,3.488497,3.488608,3.487661,0.000110999999999972,3.4781,0.0325325149536133
"2026-05-23T10:04:19.320Z","run_bootstrap",158,"http://client3:8000","run","http://client3:8000/run",1,TRUE,200,1110,253,3.62381625175476,"2026-05-23T10:04:15.556411Z","2026-05-23T10:04:19.180228Z",1779530655.55641,1779530659.18023,0.000812,0.00091,0.000943,3.60205,3.602193,3.601107,0.000143000000000004,3.5949,0.0289162517547608
"2026-05-23T10:04:23.063Z","run_bootstrap",159,"http://client1:8000","run","http://client1:8000/run",1,TRUE,200,1110,253,3.72499132156372,"2026-05-23T10:04:19.334412Z","2026-05-23T10:04:23.059403Z",1779530659.33441,1779530663.0594,0.000681,0.000785,0.000819,3.71135,3.71152,3.710531,0.000170000000000226,3.7038,0.0211913215637205
"2026-05-23T10:04:23.063Z","run_bootstrap",159,"http://client2:8000","run","http://client2:8000/run",1,TRUE,200,1110,254,3.24170351028442,"2026-05-23T10:04:19.335851Z","2026-05-23T10:04:22.577554Z",1779530659.33585,1779530662.57755,0.00062,0.000688,0.00071,3.221298,3.221394,3.220588,9.6000000000096e-05,3.2102,0.0315035102844239
"2026-05-23T10:04:23.063Z","run_bootstrap",159,"http://client3:8000","run","http://client3:8000/run",1,TRUE,200,1110,253,3.48645806312561,"2026-05-23T10:04:19.336408Z","2026-05-23T10:04:22.822866Z",1779530659.33641,1779530662.82287,0.00058,0.000687,0.000719,3.466536,3.466687,3.465817,0.00015099999999979,3.4595,0.0269580631256106
"2026-05-23T10:04:26.959Z","run_bootstrap",160,"http://client1:8000","run","http://client1:8000/run",1,TRUE,200,1110,253,3.74334383010864,"2026-05-23T10:04:23.075669Z","2026-05-23T10:04:26.819013Z",1779530663.07567,1779530666.81901,0.000668,0.000773,0.000808,3.730033,3.730307,3.729225,0.000273999999999663,3.5754,0.167943830108642
"2026-05-23T10:04:26.959Z","run_bootstrap",160,"http://client2:8000","run","http://client2:8000/run",1,TRUE,200,1110,254,3.57445383071899,"2026-05-23T10:04:23.076903Z","2026-05-23T10:04:26.651357Z",1779530663.0769,1779530666.65136,0.000554,0.000646,0.00068,3.560949,3.561093,3.560269,0.000144000000000144,3.4162,0.158253830718994
"2026-05-23T10:04:26.959Z","run_bootstrap",160,"http://client3:8000","run","http://client3:8000/run",1,TRUE,200,1110,253,3.87689423561096,"2026-05-23T10:04:23.078471Z","2026-05-23T10:04:26.955365Z",1779530663.07847,1779530666.95537,0.000473,0.000558,0.000592,3.863926,3.864056,3.863334,0.000129999999999963,3.7109,0.165994235610962
"2026-05-23T10:04:30.659Z","run_bootstrap",161,"http://client1:8000","run","http://client1:8000/run",1,TRUE,200,1108,252,3.68275427818298,"2026-05-23T10:04:26.972000Z","2026-05-23T10:04:30.654755Z",1779530666.972,1779530670.65476,0.000446,0.000517,0.000541,3.664497,3.664629,3.663956,0.000132000000000243,3.658,0.0247542781829835
"2026-05-23T10:04:30.659Z","run_bootstrap",161,"http://client2:8000","run","http://client2:8000/run",1,TRUE,200,1108,254,3.41349673271179,"2026-05-23T10:04:26.972826Z","2026-05-23T10:04:30.386322Z",1779530666.97283,1779530670.38632,0.000598,0.000657,0.000675,3.395354,3.395497,3.394679,0.000143000000000004,3.3887,0.0247967327117919
"2026-05-23T10:04:30.659Z","run_bootstrap",161,"http://client3:8000","run","http://client3:8000/run",1,TRUE,200,1108,252,3.45601487159729,"2026-05-23T10:04:26.973627Z","2026-05-23T10:04:30.429642Z",1779530666.97363,1779530670.42964,0.000606,0.000685,0.000715,3.438716,3.438855,3.438001,0.000139000000000333,3.432,0.0240148715972901
"2026-05-23T10:04:34.337Z","run_bootstrap",162,"http://client1:8000","run","http://client1:8000/run",1,TRUE,200,1108,253,3.56578588485718,"2026-05-23T10:04:30.675772Z","2026-05-23T10:04:34.241558Z",1779530670.67577,1779530674.24156,0.000607,0.000724,0.000764,3.550729,3.550762,3.549965,3.30000000001718e-05,3.5434,0.0223858848571776
"2026-05-23T10:04:34.337Z","run_bootstrap",162,"http://client2:8000","run","http://client2:8000/run",1,TRUE,200,1108,254,3.52463054656982,"2026-05-23T10:04:30.676442Z","2026-05-23T10:04:34.201073Z",1779530670.67644,1779530674.20107,0.000492,0.000576,0.000607,3.503138,3.503173,3.502531,3.50000000000072e-05,3.4962,0.0284305465698242
"2026-05-23T10:04:34.337Z","run_bootstrap",162,"http://client3:8000","run","http://client3:8000/run",1,TRUE,200,1108,253,3.65579032897949,"2026-05-23T10:04:30.676786Z","2026-05-23T10:04:34.332576Z",1779530670.67679,1779530674.33258,0.000644,0.000758,0.000795,3.641782,3.641816,3.640987,3.39999999998675e-05,3.6348,0.0209903289794924
"2026-05-23T10:04:37.918Z","run_bootstrap",163,"http://client1:8000","run","http://client1:8000/run",1,TRUE,200,1110,253,3.52070546150208,"2026-05-23T10:04:34.350470Z","2026-05-23T10:04:37.871175Z",1779530674.35047,1779530677.87118,0.000577,0.000683,0.000722,3.502488,3.502595,3.501766,0.000106999999999857,3.4953,0.0254054615020753
"2026-05-23T10:04:37.918Z","run_bootstrap",163,"http://client2:8000","run","http://client2:8000/run",1,TRUE,200,1110,254,3.55138325691223,"2026-05-23T10:04:34.351197Z","2026-05-23T10:04:37.902580Z",1779530674.3512,1779530677.90258,0.000552,0.000658,0.000699,3.536333,3.536433,3.535634,0.000100000000000211,3.5291,0.0222832569122313
"2026-05-23T10:04:37.918Z","run_bootstrap",163,"http://client3:8000","run","http://client3:8000/run",1,TRUE,200,1110,252,3.56186747550964,"2026-05-23T10:04:34.352011Z","2026-05-23T10:04:37.913878Z",1779530674.35201,1779530677.91388,0.000586,0.000701,0.000744,3.540959,3.541089,3.540215,0.000129999999999963,3.534,0.0278674755096437
"2026-05-23T10:04:41.698Z","run_bootstrap",164,"http://client1:8000","run","http://client1:8000/run",1,TRUE,200,1110,253,3.76134586334229,"2026-05-23T10:04:37.931165Z","2026-05-23T10:04:41.692511Z",1779530677.93117,1779530681.69251,0.000318,0.000393,0.000426,3.740704,3.740739,3.740278,3.50000000000072e-05,3.7336,0.0277458633422851
"2026-05-23T10:04:41.698Z","run_bootstrap",164,"http://client2:8000","run","http://client2:8000/run",1,TRUE,200,1110,254,3.74128222465515,"2026-05-23T10:04:37.930463Z","2026-05-23T10:04:41.671745Z",1779530677.93046,1779530681.67175,0.000652,0.000764,0.000805,3.722951,3.722988,3.722146,3.69999999998427e-05,3.7157,0.0255822246551514
"2026-05-23T10:04:41.698Z","run_bootstrap",164,"http://client3:8000","run","http://client3:8000/run",1,TRUE,200,1110,253,3.34483289718628,"2026-05-23T10:04:37.931888Z","2026-05-23T10:04:41.276721Z",1779530677.93189,1779530681.27672,0.000493,0.000556,0.000577,3.328345,3.328376,3.327768,3.09999999998922e-05,3.3217,0.0231328971862794
"2026-05-23T10:04:45.475Z","run_bootstrap",165,"http://client1:8000","run","http://client1:8000/run",1,TRUE,200,1108,253,3.5260226726532,"2026-05-23T10:04:41.712560Z","2026-05-23T10:04:45.238583Z",1779530681.71256,1779530685.23858,0.000532,0.000582,0.000602,3.507522,3.507639,3.50692,0.000117000000000367,3.4996,0.0264226726531982
"2026-05-23T10:04:45.475Z","run_bootstrap",165,"http://client2:8000","run","http://client2:8000/run",1,TRUE,200,1108,254,3.60898613929749,"2026-05-23T10:04:41.713190Z","2026-05-23T10:04:45.322176Z",1779530681.71319,1779530685.32218,0.000519,0.000594,0.000624,3.587669,3.587798,3.587045,0.000128999999999824,3.5809,0.0280861392974852
"2026-05-23T10:04:45.475Z","run_bootstrap",165,"http://client3:8000","run","http://client3:8000/run",1,TRUE,200,1108,253,3.75701546669006,"2026-05-23T10:04:41.713549Z","2026-05-23T10:04:45.470565Z",1779530681.71355,1779530685.47057,0.000402,0.000478,0.000499,3.739537,3.73967,3.739038,0.000132999999999939,3.7329,0.0241154666900636
"2026-05-23T10:04:49.229Z","run_bootstrap",166,"http://client1:8000","run","http://client1:8000/run",1,TRUE,200,1108,253,3.51720070838928,"2026-05-23T10:04:45.487561Z","2026-05-23T10:04:49.004761Z",1779530685.48756,1779530689.00476,0.000594,0.000654,0.000672,3.498517,3.498644,3.497845,0.000126999999999988,3.4914,0.0258007083892822
"2026-05-23T10:04:49.229Z","run_bootstrap",166,"http://client2:8000","run","http://client2:8000/run",1,TRUE,200,1108,254,3.55461764335632,"2026-05-23T10:04:45.488333Z","2026-05-23T10:04:49.042951Z",1779530685.48833,1779530689.04295,0.000475,0.000572,0.000595,3.535966,3.5361,3.535371,0.000133999999999634,3.5293,0.0253176433563231
"2026-05-23T10:04:49.229Z","run_bootstrap",166,"http://client3:8000","run","http://client3:8000/run",1,TRUE,200,1108,253,3.73586225509644,"2026-05-23T10:04:45.488791Z","2026-05-23T10:04:49.224653Z",1779530685.48879,1779530689.22465,0.000555,0.000627,0.000657,3.715768,3.715915,3.715111,0.000146999999999675,3.7089,0.0269622550964357
"2026-05-23T10:04:53.054Z","run_bootstrap",167,"http://client1:8000","run","http://client1:8000/run",1,TRUE,200,1109,253,3.68340349197388,"2026-05-23T10:04:49.240903Z","2026-05-23T10:04:52.924306Z",1779530689.2409,1779530692.92431,0.000671,0.000775,0.000809,3.665874,3.665986,3.665065,0.000112000000000112,3.6578,0.025603491973877
"2026-05-23T10:04:53.054Z","run_bootstrap",167,"http://client2:8000","run","http://client2:8000/run",1,TRUE,200,1109,254,3.54105758666992,"2026-05-23T10:04:49.241691Z","2026-05-23T10:04:52.782749Z",1779530689.24169,1779530692.78275,0.000479,0.000572,0.000605,3.523372,3.523515,3.522767,0.000143000000000004,3.5165,0.0245575866699217
"2026-05-23T10:04:53.054Z","run_bootstrap",167,"http://client3:8000","run","http://client3:8000/run",1,TRUE,200,1109,253,3.80724692344666,"2026-05-23T10:04:49.242286Z","2026-05-23T10:04:53.049533Z",1779530689.24229,1779530693.04953,0.000671,0.000763,0.000787,3.790473,3.790606,3.789686,0.000132999999999939,3.7835,0.0237469234466552
"2026-05-23T10:04:56.746Z","run_bootstrap",168,"http://client1:8000","run","http://client1:8000/run",1,TRUE,200,1109,253,3.67135214805603,"2026-05-23T10:04:53.067489Z","2026-05-23T10:04:56.738841Z",1779530693.06749,1779530696.73884,0.000502,0.000617,0.000657,3.65597,3.656077,3.655313,0.000106999999999857,3.6482,0.0231521480560302
"2026-05-23T10:04:56.746Z","run_bootstrap",168,"http://client2:8000","run","http://client2:8000/run",1,TRUE,200,1109,254,3.5971896648407,"2026-05-23T10:04:53.068115Z","2026-05-23T10:04:56.665304Z",1779530693.06812,1779530696.6653,0.000581,0.000673,0.000714,3.575775,3.575902,3.575061,0.000126999999999988,3.5679,0.0292896648406984
"2026-05-23T10:04:56.746Z","run_bootstrap",168,"http://client3:8000","run","http://client3:8000/run",1,TRUE,200,1109,253,3.66941571235657,"2026-05-23T10:04:53.067158Z","2026-05-23T10:04:56.736574Z",1779530693.06716,1779530696.73657,0.000731,0.000839,0.000876,3.654962,3.655074,3.654086,0.000112000000000112,3.6468,0.0226157123565676
"2026-05-23T10:05:00.620Z","run_bootstrap",169,"http://client1:8000","run","http://client1:8000/run",1,TRUE,200,1110,253,3.57775592803955,"2026-05-23T10:04:56.759296Z","2026-05-23T10:05:00.337052Z",1779530696.7593,1779530700.33705,0.000689,0.000779,0.000803,3.563889,3.563933,3.563086,4.3999999999933e-05,3.5539,0.0238559280395507
"2026-05-23T10:05:00.620Z","run_bootstrap",169,"http://client2:8000","run","http://client2:8000/run",1,TRUE,200,1110,254,3.84779262542725,"2026-05-23T10:04:56.759723Z","2026-05-23T10:05:00.607516Z",1779530696.75972,1779530700.60752,0.000547,0.000622,0.000658,3.832385,3.83244,3.831727,5.50000000001383e-05,3.8242,0.0235926254272463
"2026-05-23T10:05:00.620Z","run_bootstrap",169,"http://client3:8000","run","http://client3:8000/run",1,TRUE,200,1110,253,3.44840455055237,"2026-05-23T10:04:56.760201Z","2026-05-23T10:05:00.208606Z",1779530696.7602,1779530700.20861,0.000586,0.000657,0.000692,3.434079,3.434125,3.433387,4.59999999997684e-05,3.4273,0.0211045505523684
"2026-05-23T10:05:04.466Z","run_bootstrap",170,"http://client1:8000","run","http://client1:8000/run",1,TRUE,200,1110,253,3.81991934776306,"2026-05-23T10:05:00.639416Z","2026-05-23T10:05:04.459335Z",1779530700.63942,1779530704.45934,0.000565,0.000667,0.000704,3.798923,3.799056,3.798219,0.000133000000000383,3.7914,0.0285193477630616
"2026-05-23T10:05:04.466Z","run_bootstrap",170,"http://client2:8000","run","http://client2:8000/run",1,TRUE,200,1110,254,3.61032509803772,"2026-05-23T10:05:00.640310Z","2026-05-23T10:05:04.250635Z",1779530700.64031,1779530704.25064,0.000636,0.00071,0.00074,3.588303,3.588435,3.587563,0.000132000000000243,3.5814,0.0289250980377198
"2026-05-23T10:05:04.466Z","run_bootstrap",170,"http://client3:8000","run","http://client3:8000/run",1,TRUE,200,1110,253,3.45846390724182,"2026-05-23T10:05:00.640993Z","2026-05-23T10:05:04.099457Z",1779530700.64099,1779530704.09946,0.000551,0.000667,0.000704,3.438967,3.439113,3.438263,0.000145999999999979,3.4306,0.0278639072418212
"2026-05-23T10:05:08.295Z","run_bootstrap",171,"http://client1:8000","run","http://client1:8000/run",1,TRUE,200,1110,253,3.67067885398865,"2026-05-23T10:05:04.481562Z","2026-05-23T10:05:08.152241Z",1779530704.48156,1779530708.15224,0.000497,0.000601,0.000645,3.648234,3.648367,3.647589,0.000132999999999939,3.6405,0.0301788539886476
"2026-05-23T10:05:08.295Z","run_bootstrap",171,"http://client2:8000","run","http://client2:8000/run",1,TRUE,200,1110,253,3.62426447868347,"2026-05-23T10:05:04.482106Z","2026-05-23T10:05:08.106371Z",1779530704.48211,1779530708.10637,0.000725,0.000818,0.000851,3.602645,3.602801,3.601794,0.000156000000000045,3.594,0.0302644786834718
"2026-05-23T10:05:08.295Z","run_bootstrap",171,"http://client3:8000","run","http://client3:8000/run",1,TRUE,200,1110,253,3.80586910247803,"2026-05-23T10:05:04.482619Z","2026-05-23T10:05:08.288488Z",1779530704.48262,1779530708.28849,0.000594,0.000676,0.000712,3.784526,3.78468,3.783814,0.000153999999999765,3.7773,0.0285691024780275
"2026-05-23T10:05:12.162Z","run_bootstrap",172,"http://client1:8000","run","http://client1:8000/run",1,TRUE,200,1110,253,3.52664709091187,"2026-05-23T10:05:08.312810Z","2026-05-23T10:05:11.839457Z",1779530708.31281,1779530711.83946,0.00064,0.000732,0.000755,3.512391,3.512527,3.511636,0.000135999999999914,3.4978,0.0288470909118654
"2026-05-23T10:05:12.162Z","run_bootstrap",172,"http://client2:8000","run","http://client2:8000/run",1,TRUE,200,1110,254,3.6658296585083,"2026-05-23T10:05:08.314743Z","2026-05-23T10:05:11.980572Z",1779530708.31474,1779530711.98057,0.000372,0.000444,0.000465,3.647479,3.647587,3.647014,0.000107999999999997,3.6397,0.0261296585083008
"2026-05-23T10:05:12.162Z","run_bootstrap",172,"http://client3:8000","run","http://client3:8000/run",1,TRUE,200,1110,253,3.8427939414978,"2026-05-23T10:05:08.315202Z","2026-05-23T10:05:12.157996Z",1779530708.3152,1779530712.158,0.000525,0.000606,0.000637,3.824268,3.824419,3.823631,0.00015099999999979,3.8172,0.0255939414978026
"2026-05-23T10:05:16.028Z","run_bootstrap",173,"http://client1:8000","run","http://client1:8000/run",1,TRUE,200,1108,253,3.56013011932373,"2026-05-23T10:05:12.174783Z","2026-05-23T10:05:15.734913Z",1779530712.17478,1779530715.73491,0.000642,0.000719,0.000751,3.537633,3.537774,3.536882,0.000141000000000169,3.5298,0.0303301193237306
"2026-05-23T10:05:16.028Z","run_bootstrap",173,"http://client2:8000","run","http://client2:8000/run",1,TRUE,200,1108,254,3.82494854927063,"2026-05-23T10:05:12.175437Z","2026-05-23T10:05:16.000386Z",1779530712.17544,1779530716.00039,0.000748,0.000847,0.00087,3.804942,3.80508,3.804072,0.000137999999999749,3.7971,0.02784854927063
"2026-05-23T10:05:16.028Z","run_bootstrap",173,"http://client3:8000","run","http://client3:8000/run",1,TRUE,200,1108,253,3.84547853469849,"2026-05-23T10:05:12.176060Z","2026-05-23T10:05:16.021538Z",1779530712.17606,1779530716.02154,0.000535,0.000616,0.000649,3.824256,3.824393,3.823607,0.000137000000000054,3.8168,0.0286785346984861
"2026-05-23T10:05:19.883Z","run_bootstrap",174,"http://client1:8000","run","http://client1:8000/run",1,TRUE,200,1108,253,3.59198236465454,"2026-05-23T10:05:16.041543Z","2026-05-23T10:05:19.633526Z",1779530716.04154,1779530719.63353,0.000598,0.000891,0.000915,3.574964,3.575104,3.574049,0.000140000000000029,3.5648,0.027182364654541
"2026-05-23T10:05:19.883Z","run_bootstrap",174,"http://client2:8000","run","http://client2:8000/run",1,TRUE,200,1108,254,3.83634805679321,"2026-05-23T10:05:16.042231Z","2026-05-23T10:05:19.878579Z",1779530716.04223,1779530719.87858,0.000457,0.000535,0.000557,3.82043,3.820529,3.819873,9.90000000000713e-05,3.8115,0.0248480567932128
"2026-05-23T10:05:19.883Z","run_bootstrap",174,"http://client3:8000","run","http://client3:8000/run",1,TRUE,200,1108,253,3.66561269760132,"2026-05-23T10:05:16.042819Z","2026-05-23T10:05:19.708432Z",1779530716.04282,1779530719.70843,0.000486,0.000559,0.000591,3.64772,3.647818,3.647129,9.79999999999315e-05,3.6398,0.0258126976013182
"2026-05-23T10:05:23.787Z","run_bootstrap",175,"http://client1:8000","run","http://client1:8000/run",1,TRUE,200,1110,253,3.76423597335815,"2026-05-23T10:05:19.895827Z","2026-05-23T10:05:23.660063Z",1779530719.89583,1779530723.66006,0.000474,0.000547,0.000571,3.745315,3.745341,3.744744,2.59999999996374e-05,3.7383,0.0259359733581541
"2026-05-23T10:05:23.787Z","run_bootstrap",175,"http://client2:8000","run","http://client2:8000/run",1,TRUE,200,1110,254,3.58978748321533,"2026-05-23T10:05:19.895407Z","2026-05-23T10:05:23.485194Z",1779530719.89541,1779530723.48519,0.000486,0.000546,0.000571,3.570494,3.570519,3.569923,2.49999999999417e-05,3.5638,0.025987483215332
"2026-05-23T10:05:23.787Z","run_bootstrap",175,"http://client3:8000","run","http://client3:8000/run",1,TRUE,200,1110,253,3.88336634635925,"2026-05-23T10:05:19.897011Z","2026-05-23T10:05:23.780377Z",1779530719.89701,1779530723.78038,0.000482,0.000567,0.000612,3.865008,3.865042,3.864396,3.39999999998675e-05,3.8571,0.026266346359253
"2026-05-23T10:05:27.746Z","run_bootstrap",176,"http://client1:8000","run","http://client1:8000/run",1,TRUE,200,1110,253,3.93545722961426,"2026-05-23T10:05:23.806159Z","2026-05-23T10:05:27.741616Z",1779530723.80616,1779530727.74162,0.000577,0.000671,0.000702,3.914719,3.914849,3.914017,0.000129999999999963,3.9073,0.0281572296142576
"2026-05-23T10:05:27.746Z","run_bootstrap",176,"http://client2:8000","run","http://client2:8000/run",1,TRUE,200,1110,254,3.7246150970459,"2026-05-23T10:05:23.806655Z","2026-05-23T10:05:27.531270Z",1779530723.80666,1779530727.53127,0.000518,0.000597,0.000634,3.70384,3.703976,3.703206,0.000135999999999914,3.6968,0.0278150970458984
"2026-05-23T10:05:27.746Z","run_bootstrap",176,"http://client3:8000","run","http://client3:8000/run",1,TRUE,200,1110,253,3.47763872146606,"2026-05-23T10:05:23.805757Z","2026-05-23T10:05:27.283396Z",1779530723.80576,1779530727.2834,0.00064,0.000742,0.000775,3.463951,3.464086,3.463176,0.000135000000000218,3.4564,0.0212387214660645
"2026-05-23T10:05:31.779Z","run_bootstrap",177,"http://client1:8000","run","http://client1:8000/run",1,TRUE,200,1108,256,3.96132302284241,"2026-05-23T10:05:27.812809Z","2026-05-23T10:05:31.774132Z",1779530727.81281,1779530731.77413,0.000657,0.00078,0.000829,3.949008,3.949138,3.948179,0.000129999999999963,3.9398,0.0215230228424073
"2026-05-23T10:05:31.779Z","run_bootstrap",177,"http://client2:8000","run","http://client2:8000/run",1,TRUE,200,1108,247,3.67188358306885,"2026-05-23T10:05:27.814442Z","2026-05-23T10:05:31.486325Z",1779530727.81444,1779530731.48633,0.000618,0.000688,0.000726,3.651552,3.651695,3.650826,0.000143000000000004,3.6427,0.0291835830688476
"2026-05-23T10:05:31.779Z","run_bootstrap",177,"http://client3:8000","run","http://client3:8000/run",1,TRUE,200,1108,253,3.93740940093994,"2026-05-23T10:05:27.815052Z","2026-05-23T10:05:31.752462Z",1779530727.81505,1779530731.75246,0.000523,0.000636,0.000682,3.917761,3.917916,3.917079,0.000154999999999905,3.9098,0.0276094009399412
"2026-05-23T10:05:35.740Z","run_bootstrap",178,"http://client1:8000","run","http://client1:8000/run",1,TRUE,200,1108,256,3.69537949562073,"2026-05-23T10:05:31.792950Z","2026-05-23T10:05:35.488329Z",1779530731.79295,1779530735.48833,0.000727,0.000809,0.000844,3.678781,3.678918,3.677937,0.000137000000000054,3.6709,0.0244794956207275
"2026-05-23T10:05:35.740Z","run_bootstrap",178,"http://client2:8000","run","http://client2:8000/run",1,TRUE,200,1108,247,3.94216465950012,"2026-05-23T10:05:31.793634Z","2026-05-23T10:05:35.735799Z",1779530731.79363,1779530735.7358,0.000642,0.000697,0.000715,3.924051,3.924178,3.923336,0.000126999999999988,3.9169,0.025264659500122
"2026-05-23T10:05:35.740Z","run_bootstrap",178,"http://client3:8000","run","http://client3:8000/run",1,TRUE,200,1108,253,3.67647194862366,"2026-05-23T10:05:31.793947Z","2026-05-23T10:05:35.470419Z",1779530731.79395,1779530735.47042,0.00064,0.000747,0.000782,3.662023,3.662155,3.661241,0.000131999999999799,3.6548,0.0216719486236574
"2026-05-23T10:05:39.815Z","run_bootstrap",179,"http://client1:8000","run","http://client1:8000/run",1,TRUE,200,1110,263,4.05721354484558,"2026-05-23T10:05:35.751188Z","2026-05-23T10:05:39.808402Z",1779530735.75119,1779530739.8084,0.00068,0.000785,0.000819,4.04317,4.043317,4.042351,0.000147000000000119,4.0352,0.0220135448455814
"2026-05-23T10:05:39.815Z","run_bootstrap",179,"http://client2:8000","run","http://client2:8000/run",1,TRUE,200,1110,259,3.65097188949585,"2026-05-23T10:05:35.753633Z","2026-05-23T10:05:39.404605Z",1779530735.75363,1779530739.40461,0.000675,0.000785,0.00082,3.634898,3.635067,3.634078,0.000168999999999642,3.6271,0.0238718894958496
"2026-05-23T10:05:39.815Z","run_bootstrap",179,"http://client3:8000","run","http://client3:8000/run",1,TRUE,200,1110,263,3.85163950920105,"2026-05-23T10:05:35.753971Z","2026-05-23T10:05:39.605611Z",1779530735.75397,1779530739.60561,0.000758,0.000869,0.000903,3.833368,3.833506,3.832465,0.000137999999999749,3.826,0.0256395092010497
"2026-05-23T10:05:43.908Z","run_bootstrap",180,"http://client1:8000","run","http://client1:8000/run",1,TRUE,200,1110,263,4.07404160499573,"2026-05-23T10:05:39.829550Z","2026-05-23T10:05:43.903592Z",1779530739.82955,1779530743.90359,0.000683,0.000768,0.00079,4.055763,4.055872,4.054973,0.000109000000000137,3.8933,0.180741604995728
"2026-05-23T10:05:43.908Z","run_bootstrap",180,"http://client2:8000","run","http://client2:8000/run",1,TRUE,200,1110,259,3.91098690032959,"2026-05-23T10:05:39.829700Z","2026-05-23T10:05:43.740687Z",1779530739.8297,1779530743.74069,0.000423,5e-04,0.00053,3.890443,3.890572,3.889913,0.000129000000000268,3.7277,0.18328690032959
"2026-05-23T10:05:43.908Z","run_bootstrap",180,"http://client3:8000","run","http://client3:8000/run",1,TRUE,200,1110,264,3.93379044532776,"2026-05-23T10:05:39.830238Z","2026-05-23T10:05:43.764029Z",1779530739.83024,1779530743.76403,0.000537,0.000619,0.00065,3.911648,3.9118,3.910998,0.00015199999999993,3.7391,0.194690445327759
"2026-05-23T10:05:47.640Z","run_bootstrap",181,"http://client1:8000","run","http://client1:8000/run",1,TRUE,200,1109,255,3.31277298927307,"2026-05-23T10:05:43.920858Z","2026-05-23T10:05:47.233631Z",1779530743.92086,1779530747.23363,0.000749,0.000852,0.00089,3.2985,3.298599,3.29761,9.89999999996272e-05,3.2913,0.0214729892730712
"2026-05-23T10:05:47.640Z","run_bootstrap",181,"http://client2:8000","run","http://client2:8000/run",1,TRUE,200,1109,248,3.50988149642944,"2026-05-23T10:05:43.922032Z","2026-05-23T10:05:47.431914Z",1779530743.92203,1779530747.43191,0.000477,0.000563,0.000583,3.496587,3.496753,3.496004,0.000166000000000111,3.4904,0.0194814964294432
"2026-05-23T10:05:47.640Z","run_bootstrap",181,"http://client3:8000","run","http://client3:8000/run",1,TRUE,200,1109,255,3.71190190315247,"2026-05-23T10:05:43.921143Z","2026-05-23T10:05:47.633044Z",1779530743.92114,1779530747.63304,0.000813,0.000908,0.000942,3.697489,3.697633,3.696547,0.000144000000000144,3.6908,0.021101903152466
"2026-05-23T10:05:51.400Z","run_bootstrap",182,"http://client1:8000","run","http://client1:8000/run",1,TRUE,200,1109,255,3.44951820373535,"2026-05-23T10:05:47.655811Z","2026-05-23T10:05:51.105329Z",1779530747.65581,1779530751.10533,0.000536,0.000605,0.000627,3.425232,3.425358,3.424605,0.000126000000000293,3.4182,0.0313182037353514
"2026-05-23T10:05:51.400Z","run_bootstrap",182,"http://client2:8000","run","http://client2:8000/run",1,TRUE,200,1109,248,3.73967814445496,"2026-05-23T10:05:47.656078Z","2026-05-23T10:05:51.395756Z",1779530747.65608,1779530751.39576,0.000526,0.000614,0.000644,3.71518,3.715302,3.714536,0.000121999999999733,3.7073,0.032378144454956
"2026-05-23T10:05:51.400Z","run_bootstrap",182,"http://client3:8000","run","http://client3:8000/run",1,TRUE,200,1109,255,3.46570181846619,"2026-05-23T10:05:47.656499Z","2026-05-23T10:05:51.122201Z",1779530747.6565,1779530751.1222,0.00035,0.000424,0.000446,3.441988,3.442128,3.441542,0.000140000000000029,3.4354,0.0303018184661865
"2026-05-23T10:05:55.056Z","run_bootstrap",183,"http://client1:8000","run","http://client1:8000/run",1,TRUE,200,1109,256,3.49343776702881,"2026-05-23T10:05:51.413863Z","2026-05-23T10:05:54.907301Z",1779530751.41386,1779530754.9073,0.000633,0.000774,0.000953,3.480243,3.480348,3.47929,0.000105000000000022,3.4725,0.0209377670288085
"2026-05-23T10:05:55.056Z","run_bootstrap",183,"http://client2:8000","run","http://client2:8000/run",1,TRUE,200,1109,250,3.53183269500732,"2026-05-23T10:05:51.415844Z","2026-05-23T10:05:54.947677Z",1779530751.41584,1779530754.94768,0.000734,0.000852,0.000893,3.515029,3.515166,3.514136,0.00013699999999961,3.5075,0.0243326950073244
"2026-05-23T10:05:55.056Z","run_bootstrap",183,"http://client3:8000","run","http://client3:8000/run",1,TRUE,200,1109,257,3.63250112533569,"2026-05-23T10:05:51.416177Z","2026-05-23T10:05:55.048678Z",1779530751.41618,1779530755.04868,0.000657,0.000744,0.000774,3.618533,3.618641,3.617759,0.000107999999999997,3.6114,0.0211011253356932
"2026-05-23T10:05:58.808Z","run_bootstrap",184,"http://client1:8000","run","http://client1:8000/run",1,TRUE,200,1109,256,3.72984194755554,"2026-05-23T10:05:55.073537Z","2026-05-23T10:05:58.803379Z",1779530755.07354,1779530758.80338,0.00065,0.000756,0.000792,3.715616,3.715765,3.714824,0.000149000000000399,3.7083,0.0215419475555421
"2026-05-23T10:05:58.808Z","run_bootstrap",184,"http://client2:8000","run","http://client2:8000/run",1,TRUE,200,1109,249,3.43786287307739,"2026-05-23T10:05:55.075014Z","2026-05-23T10:05:58.512877Z",1779530755.07501,1779530758.51288,0.000584,0.000705,0.000743,3.424301,3.424452,3.423558,0.000151000000000234,3.417,0.0208628730773928
"2026-05-23T10:05:58.808Z","run_bootstrap",184,"http://client3:8000","run","http://client3:8000/run",1,TRUE,200,1109,257,3.72950387001038,"2026-05-23T10:05:55.074719Z","2026-05-23T10:05:58.804223Z",1779530755.07472,1779530758.80422,0.000583,0.000701,0.00074,3.716029,3.716571,3.715289,0.000542000000000264,3.7089,0.0206038700103761
"2026-05-23T10:06:02.486Z","run_bootstrap",185,"http://client1:8000","run","http://client1:8000/run",1,TRUE,200,1108,252,3.60603308677673,"2026-05-23T10:05:58.818663Z","2026-05-23T10:06:02.424696Z",1779530758.81866,1779530762.4247,0.000402,0.000483,0.000505,3.59225,3.592381,3.591745,0.000131000000000103,3.5851,0.0209330867767332
"2026-05-23T10:06:02.486Z","run_bootstrap",185,"http://client2:8000","run","http://client2:8000/run",1,TRUE,200,1108,249,3.41299772262573,"2026-05-23T10:05:58.819594Z","2026-05-23T10:06:02.232591Z",1779530758.81959,1779530762.23259,0.000409,0.000473,0.000501,3.399759,3.399868,3.399258,0.000109000000000137,3.3929,0.0200977226257324
"2026-05-23T10:06:02.486Z","run_bootstrap",185,"http://client3:8000","run","http://client3:8000/run",1,TRUE,200,1108,253,3.65993213653564,"2026-05-23T10:05:58.821249Z","2026-05-23T10:06:02.481181Z",1779530758.82125,1779530762.48118,0.000493,0.000569,6e-04,3.643844,3.643989,3.643244,0.00014499999999984,3.637,0.0229321365356445
"2026-05-23T10:06:06.069Z","run_bootstrap",186,"http://client1:8000","run","http://client1:8000/run",1,TRUE,200,1108,252,3.5029718875885,"2026-05-23T10:06:02.498812Z","2026-05-23T10:06:06.001784Z",1779530762.49881,1779530766.00178,0.000746,0.000819,0.000849,3.48756,3.487715,3.486711,0.000154999999999905,3.4799,0.0230718875885008
"2026-05-23T10:06:06.069Z","run_bootstrap",186,"http://client2:8000","run","http://client2:8000/run",1,TRUE,200,1108,249,3.56460309028625,"2026-05-23T10:06:02.499741Z","2026-05-23T10:06:06.064344Z",1779530762.49974,1779530766.06434,0.000686,0.000808,0.000843,3.550345,3.550484,3.549502,0.000138999999999889,3.5433,0.021303090286255
"2026-05-23T10:06:06.069Z","run_bootstrap",186,"http://client3:8000","run","http://client3:8000/run",1,TRUE,200,1108,254,3.50482797622681,"2026-05-23T10:06:02.501108Z","2026-05-23T10:06:06.005936Z",1779530762.50111,1779530766.00594,0.000566,0.000683,0.000718,3.488782,3.488872,3.488064,9.00000000001455e-05,3.4817,0.0231279762268066
"2026-05-23T10:06:09.897Z","run_bootstrap",187,"http://client1:8000","run","http://client1:8000/run",1,TRUE,200,1109,253,3.80896091461182,"2026-05-23T10:06:06.082604Z","2026-05-23T10:06:09.891565Z",1779530766.0826,1779530769.89157,0.000654,0.000758,0.000791,3.793845,3.79399,3.793054,0.00014499999999984,3.7859,0.0230609146118166
"2026-05-23T10:06:09.897Z","run_bootstrap",187,"http://client2:8000","run","http://client2:8000/run",1,TRUE,200,1109,249,3.49152445793152,"2026-05-23T10:06:06.083216Z","2026-05-23T10:06:09.574741Z",1779530766.08322,1779530769.57474,0.000531,0.000642,0.000678,3.47326,3.473353,3.472582,9.30000000001208e-05,3.4665,0.0250244579315186
"2026-05-23T10:06:09.897Z","run_bootstrap",187,"http://client3:8000","run","http://client3:8000/run",1,TRUE,200,1109,253,3.73556423187256,"2026-05-23T10:06:06.083733Z","2026-05-23T10:06:09.819298Z",1779530766.08373,1779530769.8193,0.000803,0.000916,0.000951,3.720591,3.720729,3.71964,0.000137999999999749,3.7133,0.0222642318725588
"2026-05-23T10:06:13.603Z","run_bootstrap",188,"http://client1:8000","run","http://client1:8000/run",1,TRUE,200,1109,253,3.67090344429016,"2026-05-23T10:06:09.915467Z","2026-05-23T10:06:13.586370Z",1779530769.91547,1779530773.58637,0.000665,0.000775,0.00081,3.658757,3.658802,3.657947,4.50000000000728e-05,3.6514,0.0195034442901609
"2026-05-23T10:06:13.603Z","run_bootstrap",188,"http://client2:8000","run","http://client2:8000/run",1,TRUE,200,1109,249,3.38235926628113,"2026-05-23T10:06:09.918331Z","2026-05-23T10:06:13.300690Z",1779530769.91833,1779530773.30069,0.000462,0.000545,0.000576,3.371727,3.371772,3.371151,4.50000000000728e-05,3.3647,0.0176592662811279
"2026-05-23T10:06:13.603Z","run_bootstrap",188,"http://client3:8000","run","http://client3:8000/run",1,TRUE,200,1109,253,3.68284726142883,"2026-05-23T10:06:09.916589Z","2026-05-23T10:06:13.599436Z",1779530769.91659,1779530773.59944,0.000607,0.000695,0.000727,3.67156,3.671606,3.670833,4.60000000002125e-05,3.6648,0.018047261428833
"2026-05-23T10:06:17.465Z","run_bootstrap",189,"http://client1:8000","run","http://client1:8000/run",1,TRUE,200,1109,254,3.84203433990479,"2026-05-23T10:06:13.616312Z","2026-05-23T10:06:17.458346Z",1779530773.61631,1779530777.45835,0.000751,0.000863,0.000898,3.827894,3.827938,3.826996,4.3999999999933e-05,3.8194,0.0226343399047853
"2026-05-23T10:06:17.465Z","run_bootstrap",189,"http://client2:8000","run","http://client2:8000/run",1,TRUE,200,1109,249,3.64242482185364,"2026-05-23T10:06:13.618461Z","2026-05-23T10:06:17.260886Z",1779530773.61846,1779530777.26089,0.000427,0.000527,0.000582,3.624777,3.624824,3.624195,4.69999999999082e-05,3.6182,0.0242248218536378
"2026-05-23T10:06:17.465Z","run_bootstrap",189,"http://client3:8000","run","http://client3:8000/run",1,TRUE,200,1109,254,3.59425830841064,"2026-05-23T10:06:13.618848Z","2026-05-23T10:06:17.213107Z",1779530773.61885,1779530777.21311,0.00052,0.000612,0.000644,3.577593,3.577635,3.576949,4.20000000000975e-05,3.5707,0.0235583084106445
"2026-05-23T10:06:21.286Z","run_bootstrap",190,"http://client1:8000","run","http://client1:8000/run",1,TRUE,200,1109,254,3.66112422943115,"2026-05-23T10:06:17.479720Z","2026-05-23T10:06:21.140844Z",1779530777.47972,1779530781.14084,0.000642,0.000741,0.000763,3.647306,3.64743,3.646543,0.000124000000000013,3.6401,0.0210242294311525
"2026-05-23T10:06:21.286Z","run_bootstrap",190,"http://client2:8000","run","http://client2:8000/run",1,TRUE,200,1109,248,3.55534648895264,"2026-05-23T10:06:17.480628Z","2026-05-23T10:06:21.035975Z",1779530777.48063,1779530781.03598,0.000613,0.000694,0.000725,3.541397,3.541539,3.540672,0.000142000000000309,3.534,0.0213464889526369
"2026-05-23T10:06:21.286Z","run_bootstrap",190,"http://client3:8000","run","http://client3:8000/run",1,TRUE,200,1109,254,3.80081295967102,"2026-05-23T10:06:17.480955Z","2026-05-23T10:06:21.281768Z",1779530777.48096,1779530781.28177,0.000518,0.000599,0.000632,3.787703,3.787868,3.787071,0.000164999999999971,3.7695,0.0313129596710207
"2026-05-23T10:06:25.204Z","run_bootstrap",191,"http://client1:8000","run","http://client1:8000/run",1,TRUE,200,1107,255,3.90083026885986,"2026-05-23T10:06:21.298295Z","2026-05-23T10:06:25.199126Z",1779530781.2983,1779530785.19913,0.000607,0.000711,0.000747,3.882111,3.882154,3.881364,4.29999999997932e-05,3.8749,0.0259302688598635
"2026-05-23T10:06:25.204Z","run_bootstrap",191,"http://client2:8000","run","http://client2:8000/run",1,TRUE,200,1107,250,3.88583469390869,"2026-05-23T10:06:21.298968Z","2026-05-23T10:06:25.184803Z",1779530781.29897,1779530785.1848,0.00048,0.000554,0.000587,3.864297,3.86434,3.86371,4.29999999997932e-05,3.8574,0.0284346939086912
"2026-05-23T10:06:25.204Z","run_bootstrap",191,"http://client3:8000","run","http://client3:8000/run",1,TRUE,200,1107,254,3.57550477981567,"2026-05-23T10:06:21.299565Z","2026-05-23T10:06:24.875070Z",1779530781.29957,1779530784.87507,0.000557,0.00065,0.000686,3.554506,3.554549,3.55382,4.30000000002373e-05,3.5476,0.0279047798156737
"2026-05-23T10:06:28.961Z","run_bootstrap",192,"http://client1:8000","run","http://client1:8000/run",1,TRUE,200,1107,255,3.72269463539124,"2026-05-23T10:06:25.217351Z","2026-05-23T10:06:28.940045Z",1779530785.21735,1779530788.94005,0.000563,0.000637,0.000669,3.707301,3.70735,3.706632,4.89999999997437e-05,3.6962,0.0264946353912352
"2026-05-23T10:06:28.961Z","run_bootstrap",192,"http://client2:8000","run","http://client2:8000/run",1,TRUE,200,1107,250,3.73800826072693,"2026-05-23T10:06:25.216989Z","2026-05-23T10:06:28.954997Z",1779530785.21699,1779530788.955,0.000514,0.000573,0.000593,3.723438,3.723483,3.722845,4.50000000000728e-05,3.7139,0.0241082607269285
"2026-05-23T10:06:28.961Z","run_bootstrap",192,"http://client3:8000","run","http://client3:8000/run",1,TRUE,200,1107,254,3.59065532684326,"2026-05-23T10:06:25.216948Z","2026-05-23T10:06:28.807604Z",1779530785.21695,1779530788.8076,0.000485,0.000561,0.000583,3.576078,3.57612,3.575495,4.20000000000975e-05,3.5692,0.0214553268432618
"2026-05-23T10:06:32.898Z","run_bootstrap",193,"http://client1:8000","run","http://client1:8000/run",1,TRUE,200,1109,254,3.64418029785156,"2026-05-23T10:06:28.974071Z","2026-05-23T10:06:32.618252Z",1779530788.97407,1779530792.61825,0.000513,0.000585,0.000618,3.620728,3.620762,3.62011,3.39999999998675e-05,3.6132,0.0309802978515625
"2026-05-23T10:06:32.898Z","run_bootstrap",193,"http://client2:8000","run","http://client2:8000/run",1,TRUE,200,1109,250,3.9198317527771,"2026-05-23T10:06:28.974599Z","2026-05-23T10:06:32.894431Z",1779530788.9746,1779530792.89443,0.000691,0.000807,0.000854,3.900404,3.900432,3.89955,2.7999999999917e-05,3.8924,0.0274317527770997
"2026-05-23T10:06:32.898Z","run_bootstrap",193,"http://client3:8000","run","http://client3:8000/run",1,TRUE,200,1109,253,3.75763130187988,"2026-05-23T10:06:28.975242Z","2026-05-23T10:06:32.732873Z",1779530788.97524,1779530792.73287,0.000493,0.000577,0.00061,3.734454,3.734487,3.733844,3.30000000001718e-05,3.7274,0.030231301879883
"2026-05-23T10:06:36.815Z","run_bootstrap",194,"http://client1:8000","run","http://client1:8000/run",1,TRUE,200,1109,254,3.63085508346558,"2026-05-23T10:06:32.913591Z","2026-05-23T10:06:36.544446Z",1779530792.91359,1779530796.54445,0.000509,0.000596,0.000629,3.616164,3.616304,3.615535,0.000140000000000029,3.5928,0.0380550834655762
"2026-05-23T10:06:36.815Z","run_bootstrap",194,"http://client2:8000","run","http://client2:8000/run",1,TRUE,200,1109,250,3.89719271659851,"2026-05-23T10:06:32.913266Z","2026-05-23T10:06:36.810459Z",1779530792.91327,1779530796.81046,0.000717,0.000822,0.000858,3.883916,3.88404,3.883058,0.000124000000000013,3.8765,0.0206927165985107
"2026-05-23T10:06:36.815Z","run_bootstrap",194,"http://client3:8000","run","http://client3:8000/run",1,TRUE,200,1109,252,3.80451250076294,"2026-05-23T10:06:32.914920Z","2026-05-23T10:06:36.719433Z",1779530792.91492,1779530796.71943,0.000343,0.000427,0.000458,3.791147,3.791259,3.790689,0.000112000000000112,3.784,0.0205125007629396
"2026-05-23T10:06:40.549Z","run_bootstrap",195,"http://client1:8000","run","http://client1:8000/run",1,TRUE,200,1109,254,3.7190523147583,"2026-05-23T10:06:36.825567Z","2026-05-23T10:06:40.544620Z",1779530796.82557,1779530800.54462,0.000736,0.000818,0.000849,3.705728,3.705859,3.704879,0.000130999999999659,3.6982,0.0208523147583008
"2026-05-23T10:06:40.549Z","run_bootstrap",195,"http://client2:8000","run","http://client2:8000/run",1,TRUE,200,1109,251,3.71034932136536,"2026-05-23T10:06:36.826575Z","2026-05-23T10:06:40.536925Z",1779530796.82658,1779530800.53693,0.000582,0.000658,0.000689,3.697062,3.6972,3.696373,0.000138000000000194,3.6897,0.0206493213653562
"2026-05-23T10:06:40.549Z","run_bootstrap",195,"http://client3:8000","run","http://client3:8000/run",1,TRUE,200,1109,254,3.6679835319519,"2026-05-23T10:06:36.827226Z","2026-05-23T10:06:40.495210Z",1779530796.82723,1779530800.49521,0.00058,0.000659,0.00068,3.655715,3.65584,3.655035,0.000125000000000153,3.6485,0.0194835319519044
"2026-05-23T10:06:44.303Z","run_bootstrap",196,"http://client1:8000","run","http://client1:8000/run",1,TRUE,200,1109,254,3.64226484298706,"2026-05-23T10:06:40.560343Z","2026-05-23T10:06:44.202608Z",1779530800.56034,1779530804.20261,0.000578,0.000683,0.000719,3.627749,3.627846,3.62703,9.69999999997917e-05,3.6203,0.0219648429870607
"2026-05-23T10:06:44.303Z","run_bootstrap",196,"http://client2:8000","run","http://client2:8000/run",1,TRUE,200,1109,251,3.73617649078369,"2026-05-23T10:06:40.562520Z","2026-05-23T10:06:44.298696Z",1779530800.56252,1779530804.2987,0.000729,0.000837,0.000871,3.721325,3.721482,3.720454,0.000156999999999741,3.7141,0.0220764907836912
"2026-05-23T10:06:44.303Z","run_bootstrap",196,"http://client3:8000","run","http://client3:8000/run",1,TRUE,200,1109,254,3.60063982009888,"2026-05-23T10:06:40.562830Z","2026-05-23T10:06:44.163470Z",1779530800.56283,1779530804.16347,0.000594,0.000709,0.000746,3.583553,3.583678,3.582807,0.000124999999999709,3.5749,0.025739820098877
"2026-05-23T10:06:48.083Z","run_bootstrap",197,"http://client1:8000","run","http://client1:8000/run",1,TRUE,200,1107,254,3.75439143180847,"2026-05-23T10:06:44.315917Z","2026-05-23T10:06:48.070308Z",1779530804.31592,1779530808.07031,0.000528,0.000582,0.000603,3.736259,3.736386,3.735656,0.000126999999999988,3.7288,0.0255914318084716
"2026-05-23T10:06:48.083Z","run_bootstrap",197,"http://client2:8000","run","http://client2:8000/run",1,TRUE,200,1107,250,3.67378306388855,"2026-05-23T10:06:44.316590Z","2026-05-23T10:06:47.990373Z",1779530804.31659,1779530807.99037,0.000599,0.000653,0.000672,3.656265,3.656389,3.655593,0.000124000000000013,3.647,0.02678306388855
"2026-05-23T10:06:48.083Z","run_bootstrap",197,"http://client3:8000","run","http://client3:8000/run",1,TRUE,200,1107,254,3.76001644134521,"2026-05-23T10:06:44.317150Z","2026-05-23T10:06:48.077167Z",1779530804.31715,1779530808.07717,0.000464,0.000539,0.000562,3.74223,3.742362,3.741668,0.000131999999999799,3.7279,0.0321164413452149
"2026-05-23T10:06:51.951Z","run_bootstrap",198,"http://client1:8000","run","http://client1:8000/run",1,TRUE,200,1107,254,3.85120725631714,"2026-05-23T10:06:48.095765Z","2026-05-23T10:06:51.946972Z",1779530808.09577,1779530811.94697,0.000357,0.000443,0.000465,3.8369,3.837063,3.836435,0.000163000000000135,3.8274,0.0238072563171388
"2026-05-23T10:06:51.951Z","run_bootstrap",198,"http://client2:8000","run","http://client2:8000/run",1,TRUE,200,1107,251,3.62272214889526,"2026-05-23T10:06:48.097218Z","2026-05-23T10:06:51.719940Z",1779530808.09722,1779530811.71994,0.000492,0.000591,0.000624,3.608788,3.608935,3.608164,0.000146999999999675,3.5953,0.0274221488952637
"2026-05-23T10:06:51.951Z","run_bootstrap",198,"http://client3:8000","run","http://client3:8000/run",1,TRUE,200,1107,254,3.74329590797424,"2026-05-23T10:06:48.096422Z","2026-05-23T10:06:51.839718Z",1779530808.09642,1779530811.83972,0.000606,0.00066,0.00068,3.730412,3.730537,3.729732,0.000125000000000153,3.7222,0.0210959079742432
"2026-05-23T10:06:55.758Z","run_bootstrap",199,"http://client1:8000","run","http://client1:8000/run",1,TRUE,200,1107,255,3.78980374336243,"2026-05-23T10:06:51.963566Z","2026-05-23T10:06:55.753370Z",1779530811.96357,1779530815.75337,0.000837,0.000917,0.000948,3.771423,3.771558,3.770475,0.000135000000000218,3.7584,0.0314037433624268
"2026-05-23T10:06:55.758Z","run_bootstrap",199,"http://client2:8000","run","http://client2:8000/run",1,TRUE,200,1107,250,3.71024322509766,"2026-05-23T10:06:51.964303Z","2026-05-23T10:06:55.674546Z",1779530811.9643,1779530815.67455,8e-04,0.00086,0.000879,3.693256,3.693383,3.692377,0.000126999999999988,3.6715,0.0387432250976563
"2026-05-23T10:06:55.758Z","run_bootstrap",199,"http://client3:8000","run","http://client3:8000/run",1,TRUE,200,1107,254,3.78018546104431,"2026-05-23T10:06:51.963728Z","2026-05-23T10:06:55.743914Z",1779530811.96373,1779530815.74391,0.000654,0.000745,0.000767,3.761969,3.76209,3.761202,0.000121000000000038,3.7546,0.0255854610443116
"2026-05-23T10:06:59.976Z","run_bootstrap",200,"http://client1:8000","run","http://client1:8000/run",1,TRUE,200,1107,255,4.19825172424316,"2026-05-23T10:06:55.773251Z","2026-05-23T10:06:59.971503Z",1779530815.77325,1779530819.9715,0.000612,0.000728,0.000763,4.180763,4.180894,4.18,0.000131000000000547,4.0077,0.190551724243164
"2026-05-23T10:06:59.976Z","run_bootstrap",200,"http://client2:8000","run","http://client2:8000/run",1,TRUE,200,1107,250,3.96658277511597,"2026-05-23T10:06:55.773800Z","2026-05-23T10:06:59.740383Z",1779530815.7738,1779530819.74038,0.000765,0.000886,0.000921,3.952023,3.952143,3.951102,0.000119999999999898,3.7846,0.181982775115967
"2026-05-23T10:06:59.976Z","run_bootstrap",200,"http://client3:8000","run","http://client3:8000/run",1,TRUE,200,1107,253,3.96023869514465,"2026-05-23T10:06:55.774299Z","2026-05-23T10:06:59.734537Z",1779530815.7743,1779530819.73454,0.000458,0.000548,0.000586,3.943105,3.943217,3.942519,0.000112000000000112,3.768,0.192238695144654
"2026-05-23T10:07:03.687Z","run_bootstrap",201,"http://client1:8000","run","http://client1:8000/run",1,TRUE,200,1108,250,3.47069716453552,"2026-05-23T10:06:59.986941Z","2026-05-23T10:07:03.457638Z",1779530819.98694,1779530823.45764,0.000765,0.000878,0.000928,3.456,3.456131,3.455072,0.000131000000000103,3.4485,0.0221971645355223
"2026-05-23T10:07:03.687Z","run_bootstrap",201,"http://client2:8000","run","http://client2:8000/run",1,TRUE,200,1108,251,3.48094153404236,"2026-05-23T10:06:59.988782Z","2026-05-23T10:07:03.469724Z",1779530819.98878,1779530823.46972,0.000603,0.000663,0.000682,3.464751,3.464876,3.464069,0.000124999999999709,3.4585,0.0224415340423585
"2026-05-23T10:07:03.687Z","run_bootstrap",201,"http://client3:8000","run","http://client3:8000/run",1,TRUE,200,1108,253,3.69342684745789,"2026-05-23T10:06:59.989195Z","2026-05-23T10:07:03.682622Z",1779530819.9892,1779530823.68262,0.000752,0.000889,0.000927,3.679191,3.679315,3.678264,0.000124000000000013,3.6725,0.0209268474578859
"2026-05-23T10:07:07.329Z","run_bootstrap",202,"http://client1:8000","run","http://client1:8000/run",1,TRUE,200,1108,250,3.62317633628845,"2026-05-23T10:07:03.699976Z","2026-05-23T10:07:07.323153Z",1779530823.69998,1779530827.32315,0.000627,0.000745,0.000784,3.600596,3.600736,3.599812,0.000140000000000029,3.5932,0.0299763362884522
"2026-05-23T10:07:07.329Z","run_bootstrap",202,"http://client2:8000","run","http://client2:8000/run",1,TRUE,200,1108,251,3.4984712600708,"2026-05-23T10:07:03.700551Z","2026-05-23T10:07:07.199023Z",1779530823.70055,1779530827.19902,0.000433,0.000528,0.000562,3.477054,3.477181,3.476492,0.000126999999999988,3.4705,0.0279712600708009
"2026-05-23T10:07:07.329Z","run_bootstrap",202,"http://client3:8000","run","http://client3:8000/run",1,TRUE,200,1108,253,3.36677145957947,"2026-05-23T10:07:03.701130Z","2026-05-23T10:07:07.067901Z",1779530823.70113,1779530827.0679,0.000607,0.000709,0.000743,3.349179,3.349279,3.348436,0.000100000000000211,3.3389,0.0278714595794676
"2026-05-23T10:07:10.948Z","run_bootstrap",203,"http://client1:8000","run","http://client1:8000/run",1,TRUE,200,1109,253,3.54734110832214,"2026-05-23T10:07:07.341840Z","2026-05-23T10:07:10.889181Z",1779530827.34184,1779530830.88918,0.000453,0.000563,0.000607,3.532098,3.532242,3.531491,0.000144000000000144,3.5249,0.0224411083221434
"2026-05-23T10:07:10.948Z","run_bootstrap",203,"http://client2:8000","run","http://client2:8000/run",1,TRUE,200,1109,251,3.59967637062073,"2026-05-23T10:07:07.342771Z","2026-05-23T10:07:10.942447Z",1779530827.34277,1779530830.94245,0.000614,0.00073,0.000767,3.581259,3.581431,3.580492,0.000171999999999617,3.5742,0.0254763706207277
"2026-05-23T10:07:10.948Z","run_bootstrap",203,"http://client3:8000","run","http://client3:8000/run",1,TRUE,200,1109,254,3.56039357185364,"2026-05-23T10:07:07.341896Z","2026-05-23T10:07:10.902289Z",1779530827.3419,1779530830.90229,0.000662,0.000752,0.000806,3.545588,3.545701,3.544782,0.000113000000000252,3.5375,0.0228935718536376
"2026-05-23T10:07:14.755Z","run_bootstrap",204,"http://client1:8000","run","http://client1:8000/run",1,TRUE,200,1109,253,3.58081388473511,"2026-05-23T10:07:10.961781Z","2026-05-23T10:07:14.542595Z",1779530830.96178,1779530834.5426,0.000635,0.000719,0.000753,3.558503,3.558536,3.55775,3.30000000001718e-05,3.5384,0.0424138847351072
"2026-05-23T10:07:14.755Z","run_bootstrap",204,"http://client2:8000","run","http://client2:8000/run",1,TRUE,200,1109,251,3.70005917549133,"2026-05-23T10:07:10.962416Z","2026-05-23T10:07:14.662475Z",1779530830.96242,1779530834.66248,0.000563,0.000657,0.000688,3.677886,3.677917,3.677198,3.09999999998922e-05,3.6675,0.032559175491333
"2026-05-23T10:07:14.755Z","run_bootstrap",204,"http://client3:8000","run","http://client3:8000/run",1,TRUE,200,1109,254,3.78859353065491,"2026-05-23T10:07:10.962702Z","2026-05-23T10:07:14.751295Z",1779530830.9627,1779530834.7513,0.000741,0.000999,0.001091,3.768529,3.768553,3.767438,2.3999999999802e-05,3.7604,0.028193530654907
"2026-05-23T10:07:18.544Z","run_bootstrap",205,"http://client1:8000","run","http://client1:8000/run",1,TRUE,200,1109,253,3.76708126068115,"2026-05-23T10:07:14.769978Z","2026-05-23T10:07:18.537059Z",1779530834.76998,1779530838.53706,0.000557,0.000665,0.000699,3.749749,3.749851,3.74905,0.000102000000000046,3.7404,0.0266812606811522
"2026-05-23T10:07:18.544Z","run_bootstrap",205,"http://client2:8000","run","http://client2:8000/run",1,TRUE,200,1109,250,3.56463384628296,"2026-05-23T10:07:14.770840Z","2026-05-23T10:07:18.335474Z",1779530834.77084,1779530838.33547,0.000553,0.000624,0.000657,3.549606,3.549771,3.548949,0.000164999999999971,3.5422,0.0224338462829592
"2026-05-23T10:07:18.544Z","run_bootstrap",205,"http://client3:8000","run","http://client3:8000/run",1,TRUE,200,1109,254,3.5001745223999,"2026-05-23T10:07:14.771304Z","2026-05-23T10:07:18.271478Z",1779530834.7713,1779530838.27148,0.000518,0.000618,0.000657,3.485599,3.485751,3.484942,0.00015199999999993,3.4783,0.0218745223999024
"2026-05-23T10:07:22.314Z","run_bootstrap",206,"http://client1:8000","run","http://client1:8000/run",1,TRUE,200,1109,253,3.60266041755676,"2026-05-23T10:07:18.558382Z","2026-05-23T10:07:22.161043Z",1779530838.55838,1779530842.16104,0.000773,0.000826,0.000844,3.589072,3.589222,3.588228,0.000150000000000095,3.5817,0.0209604175567626
"2026-05-23T10:07:22.314Z","run_bootstrap",206,"http://client2:8000","run","http://client2:8000/run",1,TRUE,200,1109,250,3.75125885009766,"2026-05-23T10:07:18.558248Z","2026-05-23T10:07:22.309507Z",1779530838.55825,1779530842.30951,0.000692,0.000787,0.000921,3.737949,3.738084,3.737028,0.000135000000000218,3.7309,0.0203588500976561
"2026-05-23T10:07:22.314Z","run_bootstrap",206,"http://client3:8000","run","http://client3:8000/run",1,TRUE,200,1109,254,3.57808780670166,"2026-05-23T10:07:18.558982Z","2026-05-23T10:07:22.137069Z",1779530838.55898,1779530842.13707,0.000582,0.000663,0.000685,3.56549,3.565627,3.564805,0.000137000000000054,3.5588,0.01928780670166
"2026-05-23T10:07:26.110Z","run_bootstrap",207,"http://client1:8000","run","http://client1:8000/run",1,TRUE,200,1109,255,3.47935724258423,"2026-05-23T10:07:22.324532Z","2026-05-23T10:07:25.803889Z",1779530842.32453,1779530845.80389,0.000767,0.000877,0.000912,3.465229,3.465365,3.464317,0.000135999999999914,3.4576,0.0217572425842287
"2026-05-23T10:07:26.110Z","run_bootstrap",207,"http://client2:8000","run","http://client2:8000/run",1,TRUE,200,1109,250,3.48964834213257,"2026-05-23T10:07:22.326834Z","2026-05-23T10:07:25.816483Z",1779530842.32683,1779530845.81648,0.000565,0.000674,0.000707,3.471988,3.472131,3.471281,0.000143000000000004,3.4651,0.0245483421325683
"2026-05-23T10:07:26.110Z","run_bootstrap",207,"http://client3:8000","run","http://client3:8000/run",1,TRUE,200,1109,254,3.77543473243713,"2026-05-23T10:07:22.327130Z","2026-05-23T10:07:26.102565Z",1779530842.32713,1779530846.10257,0.000545,0.000666,0.000704,3.754454,3.754593,3.75375,0.000138999999999889,3.7465,0.0289347324371336
"2026-05-23T10:07:29.815Z","run_bootstrap",208,"http://client1:8000","run","http://client1:8000/run",1,TRUE,200,1109,255,3.55026268959045,"2026-05-23T10:07:26.124206Z","2026-05-23T10:07:29.674469Z",1779530846.12421,1779530849.67447,0.00068,0.000788,0.00082,3.535893,3.536034,3.535073,0.000140999999999725,3.5282,0.0220626895904541
"2026-05-23T10:07:29.815Z","run_bootstrap",208,"http://client2:8000","run","http://client2:8000/run",1,TRUE,200,1109,250,3.5985324382782,"2026-05-23T10:07:26.123727Z","2026-05-23T10:07:29.722260Z",1779530846.12373,1779530849.72226,0.000575,0.000655,0.000677,3.584626,3.584742,3.583949,0.000115999999999783,3.5778,0.0207324382781984
"2026-05-23T10:07:29.815Z","run_bootstrap",208,"http://client3:8000","run","http://client3:8000/run",1,TRUE,200,1109,254,3.68472361564636,"2026-05-23T10:07:26.125413Z","2026-05-23T10:07:29.810137Z",1779530846.12541,1779530849.81014,0.000526,6e-04,0.000619,3.668733,3.668869,3.668114,0.000135999999999914,3.6617,0.0230236156463621
"2026-05-23T10:07:33.530Z","run_bootstrap",209,"http://client1:8000","run","http://client1:8000/run",1,TRUE,200,1109,254,3.50065302848816,"2026-05-23T10:07:29.828030Z","2026-05-23T10:07:33.328683Z",1779530849.82803,1779530853.32868,0.00059,0.000644,0.000663,3.482817,3.482942,3.482154,0.000125000000000153,3.4755,0.0251530284881594
"2026-05-23T10:07:33.530Z","run_bootstrap",209,"http://client2:8000","run","http://client2:8000/run",1,TRUE,200,1109,248,3.6966986656189,"2026-05-23T10:07:29.828858Z","2026-05-23T10:07:33.525556Z",1779530849.82886,1779530853.52556,0.000474,0.000546,0.000576,3.675862,3.675997,3.675286,0.000135000000000218,3.6683,0.0283986656188966
"2026-05-23T10:07:33.530Z","run_bootstrap",209,"http://client3:8000","run","http://client3:8000/run",1,TRUE,200,1109,254,3.63053226470947,"2026-05-23T10:07:29.829429Z","2026-05-23T10:07:33.459962Z",1779530849.82943,1779530853.45996,0.000542,0.000619,0.000641,3.613239,3.613366,3.612598,0.000126999999999988,3.6057,0.0248322647094725
"2026-05-23T10:07:37.370Z","run_bootstrap",210,"http://client1:8000","run","http://client1:8000/run",1,TRUE,200,1109,254,3.56745028495789,"2026-05-23T10:07:33.543076Z","2026-05-23T10:07:37.110526Z",1779530853.54308,1779530857.11053,0.000569,0.000682,0.00072,3.547532,3.547567,3.546812,3.50000000000072e-05,3.5399,0.0275502849578859
"2026-05-23T10:07:37.370Z","run_bootstrap",210,"http://client2:8000","run","http://client2:8000/run",1,TRUE,200,1109,247,3.5454273223877,"2026-05-23T10:07:33.543652Z","2026-05-23T10:07:37.089079Z",1779530853.54365,1779530857.08908,0.000518,0.000653,0.00069,3.526176,3.526212,3.525486,3.6000000000147e-05,3.503,0.0424273223876952
"2026-05-23T10:07:37.370Z","run_bootstrap",210,"http://client3:8000","run","http://client3:8000/run",1,TRUE,200,1109,254,3.82077050209045,"2026-05-23T10:07:33.542943Z","2026-05-23T10:07:37.363714Z",1779530853.54294,1779530857.36371,0.000586,0.000694,0.000728,3.802273,3.802306,3.801545,3.30000000001718e-05,3.7953,0.025470502090454
"2026-05-23T10:07:41.233Z","run_bootstrap",211,"http://client1:8000","run","http://client1:8000/run",1,TRUE,200,1107,255,3.6725435256958,"2026-05-23T10:07:37.386113Z","2026-05-23T10:07:41.058656Z",1779530857.38611,1779530861.05866,0.000366,0.000457,0.000495,3.651322,3.651441,3.650827,0.000119000000000202,3.6307,0.0418435256958007
"2026-05-23T10:07:41.233Z","run_bootstrap",211,"http://client2:8000","run","http://client2:8000/run",1,TRUE,200,1107,251,3.67131614685059,"2026-05-23T10:07:37.386446Z","2026-05-23T10:07:41.057762Z",1779530857.38645,1779530861.05776,0.000594,0.000703,0.000736,3.650557,3.650701,3.649821,0.000144000000000144,3.6436,0.0277161468505858
"2026-05-23T10:07:41.233Z","run_bootstrap",211,"http://client3:8000","run","http://client3:8000/run",1,TRUE,200,1107,254,3.83857297897339,"2026-05-23T10:07:37.386984Z","2026-05-23T10:07:41.225557Z",1779530857.38698,1779530861.22556,0.000435,0.000513,0.000544,3.817572,3.817724,3.817028,0.00015199999999993,3.8107,0.0278729789733885
"2026-05-23T10:07:45.050Z","run_bootstrap",212,"http://client1:8000","run","http://client1:8000/run",1,TRUE,200,1107,255,3.5291965007782,"2026-05-23T10:07:41.246249Z","2026-05-23T10:07:44.775446Z",1779530861.24625,1779530864.77545,0.000651,0.000755,0.000788,3.514771,3.514916,3.513983,0.00014499999999984,3.4924,0.0367965007781983
"2026-05-23T10:07:45.050Z","run_bootstrap",212,"http://client2:8000","run","http://client2:8000/run",1,TRUE,200,1107,251,3.72331357002258,"2026-05-23T10:07:41.247151Z","2026-05-23T10:07:44.970464Z",1779530861.24715,1779530864.97046,0.000559,0.000644,0.000679,3.703187,3.703342,3.702508,0.000155000000000349,3.6963,0.0270135700225831
"2026-05-23T10:07:45.050Z","run_bootstrap",212,"http://client3:8000","run","http://client3:8000/run",1,TRUE,200,1107,254,3.79797649383545,"2026-05-23T10:07:41.247548Z","2026-05-23T10:07:45.045525Z",1779530861.24755,1779530865.04553,0.000705,0.000791,0.000814,3.779174,3.779315,3.77836,0.000141000000000169,3.7719,0.0260764938354492
"2026-05-23T10:07:48.990Z","run_bootstrap",213,"http://client1:8000","run","http://client1:8000/run",1,TRUE,200,1108,255,3.78400373458862,"2026-05-23T10:07:45.061075Z","2026-05-23T10:07:48.845079Z",1779530865.06108,1779530868.84508,0.000715,0.000828,0.000868,3.76964,3.76977,3.768772,0.000129999999999963,3.7488,0.0352037345886229
"2026-05-23T10:07:48.990Z","run_bootstrap",213,"http://client2:8000","run","http://client2:8000/run",1,TRUE,200,1108,249,3.92206263542175,"2026-05-23T10:07:45.063413Z","2026-05-23T10:07:48.985475Z",1779530865.06341,1779530868.98548,0.000572,0.000653,0.000684,3.900154,3.900304,3.89947,0.000150000000000095,3.8914,0.030662635421753
"2026-05-23T10:07:48.990Z","run_bootstrap",213,"http://client3:8000","run","http://client3:8000/run",1,TRUE,200,1108,253,3.62382364273071,"2026-05-23T10:07:45.063672Z","2026-05-23T10:07:48.687495Z",1779530865.06367,1779530868.6875,0.00059,0.000677,0.00071,3.607909,3.608042,3.607199,0.000133000000000383,3.601,0.0228236427307129
"2026-05-23T10:07:52.930Z","run_bootstrap",214,"http://client1:8000","run","http://client1:8000/run",1,TRUE,200,1108,255,3.92148399353027,"2026-05-23T10:07:49.003733Z","2026-05-23T10:07:52.925217Z",1779530869.00373,1779530872.92522,0.00048,0.000607,0.000707,3.901638,3.901921,3.900931,0.000283000000000033,3.8871,0.0343839935302732
"2026-05-23T10:07:52.930Z","run_bootstrap",214,"http://client2:8000","run","http://client2:8000/run",1,TRUE,200,1108,249,3.45656800270081,"2026-05-23T10:07:49.004414Z","2026-05-23T10:07:52.460982Z",1779530869.00441,1779530872.46098,0.000664,0.000771,0.000805,3.441257,3.4414,3.440452,0.000143000000000004,3.4307,0.0258680027008058
"2026-05-23T10:07:52.930Z","run_bootstrap",214,"http://client3:8000","run","http://client3:8000/run",1,TRUE,200,1108,254,3.70439410209656,"2026-05-23T10:07:49.004972Z","2026-05-23T10:07:52.709366Z",1779530869.00497,1779530872.70937,0.000577,0.000647,0.000677,3.689257,3.689403,3.68858,0.000145999999999979,3.6822,0.0221941020965577
"2026-05-23T10:07:56.901Z","run_bootstrap",215,"http://client1:8000","run","http://client1:8000/run",1,TRUE,200,1109,255,3.70271682739258,"2026-05-23T10:07:52.942959Z","2026-05-23T10:07:56.645676Z",1779530872.94296,1779530876.64568,0.000535,0.000619,0.000649,3.680807,3.68085,3.680158,4.29999999997932e-05,3.6716,0.0311168273925779
"2026-05-23T10:07:56.901Z","run_bootstrap",215,"http://client2:8000","run","http://client2:8000/run",1,TRUE,200,1109,248,3.94842028617859,"2026-05-23T10:07:52.943623Z","2026-05-23T10:07:56.892043Z",1779530872.94362,1779530876.89204,0.000481,0.000554,0.000586,3.926562,3.926609,3.925976,4.69999999999082e-05,3.9179,0.0305202861785889
"2026-05-23T10:07:56.901Z","run_bootstrap",215,"http://client3:8000","run","http://client3:8000/run",1,TRUE,200,1109,249,3.92567896842957,"2026-05-23T10:07:52.944065Z","2026-05-23T10:07:56.869744Z",1779530872.94407,1779530876.86974,0.000705,0.000818,0.000853,3.90608,3.906126,3.905227,4.59999999997684e-05,3.897,0.0286789684295656
"2026-05-23T10:08:00.854Z","run_bootstrap",216,"http://client1:8000","run","http://client1:8000/run",1,TRUE,200,1109,255,3.78107380867004,"2026-05-23T10:07:56.915873Z","2026-05-23T10:08:00.696947Z",1779530876.91587,1779530880.69695,0.000703,0.000808,0.000843,3.764837,3.764922,3.763994,8.49999999998907e-05,3.7571,0.0239738086700441
"2026-05-23T10:08:00.854Z","run_bootstrap",216,"http://client2:8000","run","http://client2:8000/run",1,TRUE,200,1109,248,3.93062496185303,"2026-05-23T10:07:56.916524Z","2026-05-23T10:08:00.847149Z",1779530876.91652,1779530880.84715,0.000423,0.000531,0.000568,3.909723,3.909849,3.909155,0.000125999999999848,3.9018,0.0288249618530272
"2026-05-23T10:08:00.854Z","run_bootstrap",216,"http://client3:8000","run","http://client3:8000/run",1,TRUE,200,1109,249,3.74452781677246,"2026-05-23T10:07:56.916978Z","2026-05-23T10:08:00.661506Z",1779530876.91698,1779530880.66151,0.000668,0.000784,0.000819,3.72535,3.725436,3.724531,8.60000000000305e-05,3.718,0.026527816772461
"2026-05-23T10:08:04.831Z","run_bootstrap",217,"http://client1:8000","run","http://client1:8000/run",1,TRUE,200,1109,254,3.84402799606323,"2026-05-23T10:08:00.867091Z","2026-05-23T10:08:04.711119Z",1779530880.86709,1779530884.71112,0.000351,0.000442,0.000473,3.824367,3.824503,3.823894,0.000135999999999914,3.817,0.0270279960632323
"2026-05-23T10:08:04.831Z","run_bootstrap",217,"http://client2:8000","run","http://client2:8000/run",1,TRUE,200,1109,249,3.60919713973999,"2026-05-23T10:08:00.867670Z","2026-05-23T10:08:04.476867Z",1779530880.86767,1779530884.47687,0.000508,0.000601,0.000633,3.588689,3.588829,3.588056,0.000140000000000029,3.5817,0.0274971397399901
"2026-05-23T10:08:04.831Z","run_bootstrap",217,"http://client3:8000","run","http://client3:8000/run",1,TRUE,200,1109,253,3.95716047286987,"2026-05-23T10:08:00.866823Z","2026-05-23T10:08:04.823984Z",1779530880.86682,1779530884.82398,0.00058,0.000691,0.00073,3.943427,3.943585,3.942697,0.000158000000000325,3.9349,0.0222604728698732
"2026-05-23T10:08:08.705Z","run_bootstrap",218,"http://client1:8000","run","http://client1:8000/run",1,TRUE,200,1109,255,3.51946568489075,"2026-05-23T10:08:04.843558Z","2026-05-23T10:08:08.363024Z",1779530884.84356,1779530888.36302,0.000643,0.000752,0.000788,3.505495,3.505589,3.504707,9.40000000002605e-05,3.4964,0.0230656848907471
"2026-05-23T10:08:08.705Z","run_bootstrap",218,"http://client2:8000","run","http://client2:8000/run",1,TRUE,200,1109,249,3.85580992698669,"2026-05-23T10:08:04.844722Z","2026-05-23T10:08:08.700532Z",1779530884.84472,1779530888.70053,0.000528,0.000618,0.00065,3.835761,3.8359,3.835111,0.000138999999999889,3.8242,0.0316099269866945
"2026-05-23T10:08:08.705Z","run_bootstrap",218,"http://client3:8000","run","http://client3:8000/run",1,TRUE,200,1109,253,3.77580666542053,"2026-05-23T10:08:04.844606Z","2026-05-23T10:08:08.620413Z",1779530884.84461,1779530888.62041,0.000438,0.000559,0.000592,3.762267,3.762391,3.761675,0.000124000000000013,3.7551,0.0207066654205321
"2026-05-23T10:08:12.652Z","run_bootstrap",219,"http://client1:8000","run","http://client1:8000/run",1,TRUE,200,1109,253,3.75991821289062,"2026-05-23T10:08:08.717691Z","2026-05-23T10:08:12.477609Z",1779530888.71769,1779530892.47761,0.000691,0.000779,0.000817,3.744876,3.745001,3.744059,0.000124999999999709,3.7317,0.028218212890625
"2026-05-23T10:08:12.652Z","run_bootstrap",219,"http://client2:8000","run","http://client2:8000/run",1,TRUE,200,1109,251,3.92943024635315,"2026-05-23T10:08:08.718199Z","2026-05-23T10:08:12.647629Z",1779530888.7182,1779530892.64763,0.000567,0.000648,0.000682,3.911436,3.911584,3.910754,0.000147999999999815,3.9018,0.0276302463531493
"2026-05-23T10:08:12.652Z","run_bootstrap",219,"http://client3:8000","run","http://client3:8000/run",1,TRUE,200,1109,254,3.72585558891296,"2026-05-23T10:08:08.718760Z","2026-05-23T10:08:12.444615Z",1779530888.71876,1779530892.44462,0.000627,0.000721,0.000747,3.711217,3.711377,3.71047,0.00016000000000016,3.7041,0.0217555889129639
"2026-05-23T10:08:16.783Z","run_bootstrap",220,"http://client1:8000","run","http://client1:8000/run",1,TRUE,200,1109,253,4.11264300346375,"2026-05-23T10:08:12.666206Z","2026-05-23T10:08:16.778849Z",1779530892.66621,1779530896.77885,0.000755,0.000815,0.000836,4.099369,4.099519,4.098533,0.00014999999999965,3.9344,0.178243003463745
"2026-05-23T10:08:16.783Z","run_bootstrap",220,"http://client2:8000","run","http://client2:8000/run",1,TRUE,200,1109,251,3.84561824798584,"2026-05-23T10:08:12.665869Z","2026-05-23T10:08:16.511487Z",1779530892.66587,1779530896.51149,0.000605,0.000682,0.000704,3.832087,3.832228,3.831383,0.000141000000000169,3.6632,0.18241824798584
"2026-05-23T10:08:16.783Z","run_bootstrap",220,"http://client3:8000","run","http://client3:8000/run",1,TRUE,200,1109,254,3.87022376060486,"2026-05-23T10:08:12.666485Z","2026-05-23T10:08:16.536709Z",1779530892.66649,1779530896.53671,0.000834,0.000914,0.000948,3.857234,3.857361,3.856286,0.000126999999999988,3.6922,0.178023760604858
"2026-05-23T10:08:20.300Z","run_bootstrap",221,"http://client1:8000","run","http://client1:8000/run",1,TRUE,200,1109,254,3.41310238838196,"2026-05-23T10:08:16.795677Z","2026-05-23T10:08:20.208779Z",1779530896.79568,1779530900.20878,0.000555,0.000667,0.000703,3.385928,3.386034,3.385225,0.000106000000000162,3.379,0.034102388381958
"2026-05-23T10:08:20.300Z","run_bootstrap",221,"http://client2:8000","run","http://client2:8000/run",1,TRUE,200,1109,251,3.49872255325317,"2026-05-23T10:08:16.796382Z","2026-05-23T10:08:20.295104Z",1779530896.79638,1779530900.2951,0.000549,0.000661,0.000697,3.472283,3.472405,3.471586,0.000122000000000178,3.4658,0.0329225532531736
"2026-05-23T10:08:20.300Z","run_bootstrap",221,"http://client3:8000","run","http://client3:8000/run",1,TRUE,200,1109,254,3.438307762146,"2026-05-23T10:08:16.796963Z","2026-05-23T10:08:20.235270Z",1779530896.79696,1779530900.23527,0.000675,0.000783,0.000816,3.418232,3.418266,3.417416,3.39999999998675e-05,3.4116,0.0267077621459961
"2026-05-23T10:08:24.103Z","run_bootstrap",222,"http://client1:8000","run","http://client1:8000/run",1,TRUE,200,1109,255,3.69386339187622,"2026-05-23T10:08:20.315200Z","2026-05-23T10:08:24.009063Z",1779530900.3152,1779530904.00906,0.000508,0.000623,0.000658,3.678466,3.6786,3.677808,0.000134000000000079,3.6713,0.0225633918762207
"2026-05-23T10:08:24.103Z","run_bootstrap",222,"http://client2:8000","run","http://client2:8000/run",1,TRUE,200,1109,251,3.76183247566223,"2026-05-23T10:08:20.314882Z","2026-05-23T10:08:24.076714Z",1779530900.31488,1779530904.07671,0.000538,0.000645,0.00068,3.748478,3.748611,3.747798,0.000132999999999939,3.7417,0.0201324756622316
"2026-05-23T10:08:24.103Z","run_bootstrap",222,"http://client3:8000","run","http://client3:8000/run",1,TRUE,200,1109,254,3.78256750106812,"2026-05-23T10:08:20.316328Z","2026-05-23T10:08:24.098895Z",1779530900.31633,1779530904.0989,0.000741,0.000872,0.000908,3.769817,3.770093,3.768909,0.000275999999999943,3.7628,0.0197675010681153
"2026-05-23T10:08:27.979Z","run_bootstrap",223,"http://client1:8000","run","http://client1:8000/run",1,TRUE,200,1108,258,3.80783700942993,"2026-05-23T10:08:24.165935Z","2026-05-23T10:08:27.973772Z",1779530904.16594,1779530907.97377,0.000462,0.00055,0.000572,3.794774,3.794905,3.794202,0.000131000000000103,3.7869,0.0209370094299315
"2026-05-23T10:08:27.979Z","run_bootstrap",223,"http://client2:8000","run","http://client2:8000/run",1,TRUE,200,1108,252,3.64883804321289,"2026-05-23T10:08:24.166275Z","2026-05-23T10:08:27.815114Z",1779530904.16628,1779530907.81511,0.000683,0.000737,0.000756,3.636892,3.636973,3.636136,8.09999999997757e-05,3.6277,0.0211380432128907
"2026-05-23T10:08:27.979Z","run_bootstrap",223,"http://client3:8000","run","http://client3:8000/run",1,TRUE,200,1108,252,3.57719898223877,"2026-05-23T10:08:24.168531Z","2026-05-23T10:08:27.745730Z",1779530904.16853,1779530907.74573,0.000499,0.000572,0.000603,3.563792,3.563883,3.563189,9.10000000002853e-05,3.553,0.0241989822387696
"2026-05-23T10:08:31.879Z","run_bootstrap",224,"http://client1:8000","run","http://client1:8000/run",1,TRUE,200,1108,258,3.83073902130127,"2026-05-23T10:08:27.991591Z","2026-05-23T10:08:31.822330Z",1779530907.99159,1779530911.82233,0.00073,0.00081,0.000831,3.816986,3.817092,3.816155,0.000106000000000162,3.8086,0.0221390213012693
"2026-05-23T10:08:31.879Z","run_bootstrap",224,"http://client2:8000","run","http://client2:8000/run",1,TRUE,200,1108,252,3.69727921485901,"2026-05-23T10:08:27.992355Z","2026-05-23T10:08:31.689635Z",1779530907.99236,1779530911.68964,0.000588,0.000665,0.000696,3.682399,3.682511,3.681703,0.000111999999999668,3.6753,0.0219792148590088
"2026-05-23T10:08:31.879Z","run_bootstrap",224,"http://client3:8000","run","http://client3:8000/run",1,TRUE,200,1108,253,3.8825740814209,"2026-05-23T10:08:27.991560Z","2026-05-23T10:08:31.874134Z",1779530907.99156,1779530911.87413,0.000779,0.000875,0.000906,3.868803,3.868942,3.867897,0.000138999999999889,3.8614,0.0211740814208983
"2026-05-23T10:08:35.842Z","run_bootstrap",225,"http://client1:8000","run","http://client1:8000/run",1,TRUE,200,1109,262,3.87722730636597,"2026-05-23T10:08:31.890440Z","2026-05-23T10:08:35.767667Z",1779530911.89044,1779530915.76767,0.000682,0.000711,0.000724,3.863872,3.863999,3.863148,0.000126999999999988,3.8562,0.0210273063659669
"2026-05-23T10:08:35.842Z","run_bootstrap",225,"http://client2:8000","run","http://client2:8000/run",1,TRUE,200,1109,259,3.83880543708801,"2026-05-23T10:08:31.891272Z","2026-05-23T10:08:35.730077Z",1779530911.89127,1779530915.73008,0.000557,0.000644,0.000665,3.825597,3.825657,3.824932,5.9999999999949e-05,3.8186,0.0202054370880127
"2026-05-23T10:08:35.842Z","run_bootstrap",225,"http://client3:8000","run","http://client3:8000/run",1,TRUE,200,1109,262,3.94607639312744,"2026-05-23T10:08:31.891886Z","2026-05-23T10:08:35.837962Z",1779530911.89189,1779530915.83796,0.00064,0.000697,0.000717,3.934194,3.934314,3.933477,0.000119999999999898,3.9271,0.0189763931274416
"2026-05-23T10:08:40.057Z","run_bootstrap",226,"http://client1:8000","run","http://client1:8000/run",1,TRUE,200,1109,262,4.19808387756348,"2026-05-23T10:08:35.854408Z","2026-05-23T10:08:40.052492Z",1779530915.85441,1779530920.05249,0.000691,0.000797,0.000831,4.18388,4.18402,4.183049,0.000140000000000029,4.1762,0.0218838775634769
"2026-05-23T10:08:40.057Z","run_bootstrap",226,"http://client2:8000","run","http://client2:8000/run",1,TRUE,200,1109,259,3.92595672607422,"2026-05-23T10:08:35.856214Z","2026-05-23T10:08:39.782171Z",1779530915.85621,1779530919.78217,0.000681,0.000781,0.000829,3.910391,3.910533,3.909562,0.000141999999999864,3.9033,0.0226567260742185
"2026-05-23T10:08:40.057Z","run_bootstrap",226,"http://client3:8000","run","http://client3:8000/run",1,TRUE,200,1109,262,3.92257356643677,"2026-05-23T10:08:35.856668Z","2026-05-23T10:08:39.779242Z",1779530915.85667,1779530919.77924,0.000633,0.000761,0.000804,3.907207,3.907341,3.906403,0.000134000000000079,3.9002,0.0223735664367677
"2026-05-23T10:08:43.808Z","run_bootstrap",227,"http://client1:8000","run","http://client1:8000/run",1,TRUE,200,1109,254,3.73309183120728,"2026-05-23T10:08:40.070211Z","2026-05-23T10:08:43.803303Z",1779530920.07021,1779530923.8033,0.000702,0.000808,0.000843,3.717362,3.717413,3.716519,5.10000000000232e-05,3.7097,0.0233918312072752
"2026-05-23T10:08:43.808Z","run_bootstrap",227,"http://client2:8000","run","http://client2:8000/run",1,TRUE,200,1109,256,3.71963047981262,"2026-05-23T10:08:40.071143Z","2026-05-23T10:08:43.790774Z",1779530920.07114,1779530923.79077,0.000426,0.000517,0.000555,3.700405,3.700537,3.69985,0.000132000000000243,3.6936,0.0260304798126221
"2026-05-23T10:08:43.808Z","run_bootstrap",227,"http://client3:8000","run","http://client3:8000/run",1,TRUE,200,1109,255,3.55360102653503,"2026-05-23T10:08:40.071736Z","2026-05-23T10:08:43.625337Z",1779530920.07174,1779530923.62534,0.000675,0.000791,0.000829,3.535468,3.535606,3.534639,0.000138000000000194,3.5284,0.0252010265350342
"2026-05-23T10:08:47.645Z","run_bootstrap",228,"http://client1:8000","run","http://client1:8000/run",1,TRUE,200,1109,254,3.80608630180359,"2026-05-23T10:08:43.821818Z","2026-05-23T10:08:47.627904Z",1779530923.82182,1779530927.6279,0.000472,0.000551,0.000575,3.783113,3.783209,3.782538,9.59999999996519e-05,3.7762,0.0298863018035891
"2026-05-23T10:08:47.645Z","run_bootstrap",228,"http://client2:8000","run","http://client2:8000/run",1,TRUE,200,1109,256,3.460036277771,"2026-05-23T10:08:43.821658Z","2026-05-23T10:08:47.281694Z",1779530923.82166,1779530927.28169,0.000698,0.000812,0.000849,3.440264,3.440372,3.439415,0.000107999999999997,3.4326,0.0274362777709962
"2026-05-23T10:08:47.645Z","run_bootstrap",228,"http://client3:8000","run","http://client3:8000/run",1,TRUE,200,1109,255,3.81768441200256,"2026-05-23T10:08:43.822989Z","2026-05-23T10:08:47.640673Z",1779530923.82299,1779530927.64067,0.000449,0.000534,0.000557,3.795891,3.79601,3.795334,0.000118999999999758,3.7894,0.0282844120025634
"2026-05-23T10:08:51.417Z","run_bootstrap",229,"http://client1:8000","run","http://client1:8000/run",1,TRUE,200,1109,253,3.7520706653595,"2026-05-23T10:08:47.659239Z","2026-05-23T10:08:51.411310Z",1779530927.65924,1779530931.41131,0.000718,0.000822,0.000855,3.738055,3.738197,3.7372,0.000141999999999864,3.7297,0.0223706653594973
"2026-05-23T10:08:51.417Z","run_bootstrap",229,"http://client2:8000","run","http://client2:8000/run",1,TRUE,200,1109,257,3.34139513969421,"2026-05-23T10:08:47.660643Z","2026-05-23T10:08:51.002038Z",1779530927.66064,1779530931.00204,0.000501,0.000587,0.00062,3.327813,3.327963,3.327193,0.000150000000000095,3.3176,0.0237951396942138
"2026-05-23T10:08:51.417Z","run_bootstrap",229,"http://client3:8000","run","http://client3:8000/run",1,TRUE,200,1109,252,3.66593647003174,"2026-05-23T10:08:47.661407Z","2026-05-23T10:08:51.327343Z",1779530927.66141,1779530931.32734,0.000359,0.000445,0.000474,3.653089,3.653218,3.652615,0.000128999999999824,3.6465,0.0194364700317382
"2026-05-23T10:08:55.015Z","run_bootstrap",230,"http://client1:8000","run","http://client1:8000/run",1,TRUE,200,1109,253,3.58119750022888,"2026-05-23T10:08:51.429767Z","2026-05-23T10:08:55.010965Z",1779530931.42977,1779530935.01097,0.000701,0.000809,0.000844,3.56606,3.566193,3.565216,0.000133000000000383,3.5577,0.0234975002288818
"2026-05-23T10:08:55.015Z","run_bootstrap",230,"http://client2:8000","run","http://client2:8000/run",1,TRUE,200,1109,257,3.55764150619507,"2026-05-23T10:08:51.430556Z","2026-05-23T10:08:54.988198Z",1779530931.43056,1779530934.9882,0.00055,0.00063,0.00066,3.53972,3.539848,3.53906,0.000128000000000128,3.5319,0.0257415061950685
"2026-05-23T10:08:55.015Z","run_bootstrap",230,"http://client3:8000","run","http://client3:8000/run",1,TRUE,200,1109,252,3.42629647254944,"2026-05-23T10:08:51.431060Z","2026-05-23T10:08:54.857356Z",1779530931.43106,1779530934.85736,0.000665,0.00078,0.000811,3.411375,3.41152,3.410564,0.00014499999999984,3.4042,0.0220964725494386
"2026-05-23T10:08:58.583Z","run_bootstrap",231,"http://client1:8000","run","http://client1:8000/run",1,TRUE,200,1109,254,3.49352383613586,"2026-05-23T10:08:55.026223Z","2026-05-23T10:08:58.519747Z",1779530935.02622,1779530938.51975,0.000787,0.000893,0.000929,3.479274,3.479545,3.478345,0.000270999999999688,3.4705,0.0230238361358643
"2026-05-23T10:08:58.583Z","run_bootstrap",231,"http://client2:8000","run","http://client2:8000/run",1,TRUE,200,1109,255,3.53095459938049,"2026-05-23T10:08:55.028484Z","2026-05-23T10:08:58.559438Z",1779530935.02848,1779530938.55944,0.000464,0.000543,0.000576,3.517009,3.517146,3.516433,0.000137000000000054,3.5003,0.030654599380493
"2026-05-23T10:08:58.583Z","run_bootstrap",231,"http://client3:8000","run","http://client3:8000/run",1,TRUE,200,1109,252,3.54801106452942,"2026-05-23T10:08:55.027957Z","2026-05-23T10:08:58.575968Z",1779530935.02796,1779530938.57597,0.000503,0.000593,0.000625,3.534315,3.534448,3.53369,0.000132999999999939,3.5275,0.0205110645294191
"2026-05-23T10:09:02.357Z","run_bootstrap",232,"http://client1:8000","run","http://client1:8000/run",1,TRUE,200,1109,254,3.75420832633972,"2026-05-23T10:08:58.595819Z","2026-05-23T10:09:02.350028Z",1779530938.59582,1779530942.35003,0.000514,0.000588,0.000618,3.735977,3.736105,3.735359,0.000127999999999684,3.7281,0.0261083263397217
"2026-05-23T10:09:02.357Z","run_bootstrap",232,"http://client2:8000","run","http://client2:8000/run",1,TRUE,200,1109,255,3.53086590766907,"2026-05-23T10:08:58.596153Z","2026-05-23T10:09:02.127019Z",1779530938.59615,1779530942.12702,0.000498,0.000579,0.000599,3.514913,3.51506,3.514314,0.000147000000000119,3.5075,0.0233659076690675
"2026-05-23T10:09:02.357Z","run_bootstrap",232,"http://client3:8000","run","http://client3:8000/run",1,TRUE,200,1109,252,3.56634616851807,"2026-05-23T10:08:58.596701Z","2026-05-23T10:09:02.163047Z",1779530938.5967,1779530942.16305,0.000565,0.000616,0.000635,3.551894,3.552024,3.551259,0.000129999999999963,3.5444,0.0219461685180664
"2026-05-23T10:09:06.188Z","run_bootstrap",233,"http://client1:8000","run","http://client1:8000/run",1,TRUE,200,1110,252,3.81182599067688,"2026-05-23T10:09:02.371886Z","2026-05-23T10:09:06.183712Z",1779530942.37189,1779530946.18371,0.000686,0.000796,0.000832,3.797543,3.797687,3.796711,0.0001439999999997,3.79,0.0218259906768798
"2026-05-23T10:09:06.188Z","run_bootstrap",233,"http://client2:8000","run","http://client2:8000/run",1,TRUE,200,1110,256,3.57070279121399,"2026-05-23T10:09:02.373232Z","2026-05-23T10:09:05.943935Z",1779530942.37323,1779530945.94394,0.000595,0.00071,0.000747,3.547798,3.547938,3.547051,0.000140000000000029,3.5408,0.0299027912139893
"2026-05-23T10:09:06.188Z","run_bootstrap",233,"http://client3:8000","run","http://client3:8000/run",1,TRUE,200,1110,253,3.60464525222778,"2026-05-23T10:09:02.373563Z","2026-05-23T10:09:05.978208Z",1779530942.37356,1779530945.97821,0.000345,0.000434,0.000467,3.581795,3.58193,3.581328,0.000134999999999774,3.5751,0.0295452522277833
"2026-05-23T10:09:09.946Z","run_bootstrap",234,"http://client1:8000","run","http://client1:8000/run",1,TRUE,200,1110,252,3.61260461807251,"2026-05-23T10:09:06.210599Z","2026-05-23T10:09:09.823204Z",1779530946.2106,1779530949.8232,0.000764,0.000849,0.00088,3.5972,3.597314,3.59632,0.000113999999999947,3.59,0.0226046180725099
"2026-05-23T10:09:09.946Z","run_bootstrap",234,"http://client2:8000","run","http://client2:8000/run",1,TRUE,200,1110,256,3.57982468605042,"2026-05-23T10:09:06.210601Z","2026-05-23T10:09:09.790426Z",1779530946.2106,1779530949.79043,0.00065,0.000759,0.000796,3.56117,3.561321,3.560374,0.00015099999999979,3.5542,0.0256246860504152
"2026-05-23T10:09:09.946Z","run_bootstrap",234,"http://client3:8000","run","http://client3:8000/run",1,TRUE,200,1110,252,3.73145842552185,"2026-05-23T10:09:06.210584Z","2026-05-23T10:09:09.942043Z",1779530946.21058,1779530949.94204,0.000662,0.000782,0.000818,3.720143,3.720279,3.719325,0.000135999999999914,3.713,0.0184584255218505
"2026-05-23T10:09:13.766Z","run_bootstrap",235,"http://client1:8000","run","http://client1:8000/run",1,TRUE,200,1109,254,3.8018057346344,"2026-05-23T10:09:09.960164Z","2026-05-23T10:09:13.761970Z",1779530949.96016,1779530953.76197,0.000744,0.000927,0.000954,3.788858,3.788961,3.787904,0.000103000000000186,3.7813,0.0205057346343995
"2026-05-23T10:09:13.766Z","run_bootstrap",235,"http://client2:8000","run","http://client2:8000/run",1,TRUE,200,1109,256,3.63955426216125,"2026-05-23T10:09:09.962035Z","2026-05-23T10:09:13.601589Z",1779530949.96204,1779530953.60159,0.000642,0.000736,0.00077,3.619514,3.619673,3.618744,0.00015900000000002,3.6127,0.0268542621612551
"2026-05-23T10:09:13.766Z","run_bootstrap",235,"http://client3:8000","run","http://client3:8000/run",1,TRUE,200,1109,253,3.5399169921875,"2026-05-23T10:09:09.962482Z","2026-05-23T10:09:13.502399Z",1779530949.96248,1779530953.5024,0.00053,0.000603,0.000635,3.518673,3.51883,3.518038,0.000156999999999741,3.5118,0.0281169921875
"2026-05-23T10:09:17.566Z","run_bootstrap",236,"http://client1:8000","run","http://client1:8000/run",1,TRUE,200,1109,254,3.78234815597534,"2026-05-23T10:09:13.779201Z","2026-05-23T10:09:17.561549Z",1779530953.7792,1779530957.56155,0.000558,0.00067,0.000706,3.766947,3.767079,3.766241,0.000131999999999799,3.7598,0.022548155975342
"2026-05-23T10:09:17.566Z","run_bootstrap",236,"http://client2:8000","run","http://client2:8000/run",1,TRUE,200,1109,256,3.6657657623291,"2026-05-23T10:09:13.780042Z","2026-05-23T10:09:17.445808Z",1779530953.78004,1779530957.44581,0.00072,0.000802,0.000824,3.64955,3.649674,3.648726,0.000124000000000013,3.6428,0.0229657623291017
"2026-05-23T10:09:17.566Z","run_bootstrap",236,"http://client3:8000","run","http://client3:8000/run",1,TRUE,200,1109,252,3.52100086212158,"2026-05-23T10:09:13.780668Z","2026-05-23T10:09:17.301669Z",1779530953.78067,1779530957.30167,0.000552,0.000628,0.000659,3.501,3.501133,3.500341,0.000132999999999939,3.494,0.0270008621215818
"2026-05-23T10:09:21.445Z","run_bootstrap",237,"http://client1:8000","run","http://client1:8000/run",1,TRUE,200,1107,253,3.86419987678528,"2026-05-23T10:09:17.576428Z","2026-05-23T10:09:21.440628Z",1779530957.57643,1779530961.44063,0.000666,0.000769,0.000804,3.850576,3.850705,3.849772,0.000128999999999824,3.8422,0.0219998767852783
"2026-05-23T10:09:21.445Z","run_bootstrap",237,"http://client2:8000","run","http://client2:8000/run",1,TRUE,200,1107,251,3.70682096481323,"2026-05-23T10:09:17.578756Z","2026-05-23T10:09:21.285577Z",1779530957.57876,1779530961.28558,0.000568,0.000651,0.000684,3.691758,3.691915,3.691074,0.000156999999999741,3.6847,0.0221209648132326
"2026-05-23T10:09:21.445Z","run_bootstrap",237,"http://client3:8000","run","http://client3:8000/run",1,TRUE,200,1107,248,3.64822244644165,"2026-05-23T10:09:17.579204Z","2026-05-23T10:09:21.227427Z",1779530957.5792,1779530961.22743,0.000612,0.000677,0.000697,3.634166,3.634294,3.633469,0.000128000000000128,3.6269,0.0213224464416504
"2026-05-23T10:09:25.378Z","run_bootstrap",238,"http://client1:8000","run","http://client1:8000/run",1,TRUE,200,1107,253,3.91390895843506,"2026-05-23T10:09:21.456421Z","2026-05-23T10:09:25.370330Z",1779530961.45642,1779530965.37033,0.000665,0.000777,0.000825,3.899485,3.899652,3.89866,0.00016700000000025,3.8909,0.0230089584350588
"2026-05-23T10:09:25.378Z","run_bootstrap",238,"http://client2:8000","run","http://client2:8000/run",1,TRUE,200,1107,250,3.68046808242798,"2026-05-23T10:09:21.458781Z","2026-05-23T10:09:25.139249Z",1779530961.45878,1779530965.13925,0.000662,0.000768,0.000802,3.662582,3.662724,3.66178,0.000141999999999864,3.654,0.0264680824279786
"2026-05-23T10:09:25.378Z","run_bootstrap",238,"http://client3:8000","run","http://client3:8000/run",1,TRUE,200,1107,248,3.73997616767883,"2026-05-23T10:09:21.459129Z","2026-05-23T10:09:25.199105Z",1779530961.45913,1779530965.19911,0.000525,0.000614,0.000649,3.718443,3.718582,3.717794,0.000138999999999889,3.7115,0.028476167678833
"2026-05-23T10:09:29.214Z","run_bootstrap",239,"http://client1:8000","run","http://client1:8000/run",1,TRUE,200,1109,253,3.63412570953369,"2026-05-23T10:09:25.392400Z","2026-05-23T10:09:29.026525Z",1779530965.3924,1779530969.02653,0.000739,0.00082,0.000843,3.605547,3.605694,3.604704,0.000147000000000119,3.596,0.0381257095336913
"2026-05-23T10:09:29.214Z","run_bootstrap",239,"http://client2:8000","run","http://client2:8000/run",1,TRUE,200,1109,255,3.81838393211365,"2026-05-23T10:09:25.392409Z","2026-05-23T10:09:29.210793Z",1779530965.39241,1779530969.21079,0.000836,0.000924,0.000947,3.799736,3.799835,3.798789,9.90000000000713e-05,3.791,0.0273839321136475
"2026-05-23T10:09:29.214Z","run_bootstrap",239,"http://client3:8000","run","http://client3:8000/run",1,TRUE,200,1109,250,3.45955157279968,"2026-05-23T10:09:25.393154Z","2026-05-23T10:09:28.852706Z",1779530965.39315,1779530968.85271,0.000948,0.001009,0.001028,3.431906,3.432034,3.430878,0.000127999999999684,3.4213,0.0382515727996826
"2026-05-23T10:09:33.209Z","run_bootstrap",240,"http://client1:8000","run","http://client1:8000/run",1,TRUE,200,1109,254,3.69106698036194,"2026-05-23T10:09:29.229833Z","2026-05-23T10:09:32.920900Z",1779530969.22983,1779530972.9209,0.000713,0.000833,0.000869,3.678192,3.678406,3.677323,0.000213999999999714,3.5009,0.190166980361938
"2026-05-23T10:09:33.209Z","run_bootstrap",240,"http://client2:8000","run","http://client2:8000/run",1,TRUE,200,1109,256,3.90757656097412,"2026-05-23T10:09:29.231245Z","2026-05-23T10:09:33.138822Z",1779530969.23125,1779530973.13882,0.000672,0.000742,0.000762,3.895233,3.895408,3.894471,0.000175000000000036,3.7379,0.169676560974121
"2026-05-23T10:09:33.209Z","run_bootstrap",240,"http://client3:8000","run","http://client3:8000/run",1,TRUE,200,1109,250,3.97290754318237,"2026-05-23T10:09:29.232051Z","2026-05-23T10:09:33.204959Z",1779530969.23205,1779530973.20496,0.000583,0.000642,0.000662,3.953053,3.953356,3.952391,0.00030299999999972,3.7939,0.179007543182373
"2026-05-23T10:09:36.748Z","run_bootstrap",241,"http://client1:8000","run","http://client1:8000/run",1,TRUE,200,1109,254,3.52227520942688,"2026-05-23T10:09:33.220778Z","2026-05-23T10:09:36.743053Z",1779530973.22078,1779530976.74305,0.000622,0.000694,0.000715,3.508126,3.508219,3.507411,9.30000000001208e-05,3.5012,0.02107520942688
"2026-05-23T10:09:36.748Z","run_bootstrap",241,"http://client2:8000","run","http://client2:8000/run",1,TRUE,200,1109,255,3.47535133361816,"2026-05-23T10:09:33.222174Z","2026-05-23T10:09:36.697525Z",1779530973.22217,1779530976.69753,0.000557,0.000632,0.000662,3.461864,3.462034,3.461202,0.000170000000000226,3.4555,0.0198513336181643
"2026-05-23T10:09:36.748Z","run_bootstrap",241,"http://client3:8000","run","http://client3:8000/run",1,TRUE,200,1109,252,3.50484704971313,"2026-05-23T10:09:33.221436Z","2026-05-23T10:09:36.726283Z",1779530973.22144,1779530976.72628,0.000548,0.00063,0.000665,3.49138,3.49143,3.490715,4.99999999998835e-05,3.4848,0.0200470497131349
"2026-05-23T10:09:40.499Z","run_bootstrap",242,"http://client1:8000","run","http://client1:8000/run",1,TRUE,200,1109,254,3.46523809432983,"2026-05-23T10:09:36.761024Z","2026-05-23T10:09:40.226262Z",1779530976.76102,1779530980.22626,0.000462,0.00055,0.000583,3.445543,3.445683,3.44496,0.000140000000000029,3.4386,0.0266380943298339
"2026-05-23T10:09:40.499Z","run_bootstrap",242,"http://client2:8000","run","http://client2:8000/run",1,TRUE,200,1109,255,3.55983185768127,"2026-05-23T10:09:36.761513Z","2026-05-23T10:09:40.321345Z",1779530976.76151,1779530980.32135,0.000517,0.000628,0.000663,3.541159,3.541297,3.540496,0.000138000000000194,3.5338,0.0260318576812746
"2026-05-23T10:09:40.499Z","run_bootstrap",242,"http://client3:8000","run","http://client3:8000/run",1,TRUE,200,1109,252,3.7297101020813,"2026-05-23T10:09:36.762104Z","2026-05-23T10:09:40.491814Z",1779530976.7621,1779530980.49181,0.000606,0.000691,0.000723,3.711216,3.711356,3.710493,0.000140000000000029,3.7036,0.026110102081299
"2026-05-23T10:09:44.230Z","run_bootstrap",243,"http://client1:8000","run","http://client1:8000/run",1,TRUE,200,1109,253,3.4592878818512,"2026-05-23T10:09:40.512902Z","2026-05-23T10:09:43.972190Z",1779530980.5129,1779530983.97219,0.000693,0.000798,0.000832,3.444802,3.444896,3.44397,9.39999999998165e-05,3.4374,0.0218878818511965
"2026-05-23T10:09:44.230Z","run_bootstrap",243,"http://client2:8000","run","http://client2:8000/run",1,TRUE,200,1109,253,3.71030974388123,"2026-05-23T10:09:40.514347Z","2026-05-23T10:09:44.224656Z",1779530980.51435,1779530984.22466,0.000624,0.000715,0.000751,3.69641,3.696499,3.695659,8.90000000000057e-05,3.6886,0.0217097438812255
"2026-05-23T10:09:44.230Z","run_bootstrap",243,"http://client3:8000","run","http://client3:8000/run",1,TRUE,200,1109,250,3.63569664955139,"2026-05-23T10:09:40.514537Z","2026-05-23T10:09:44.150233Z",1779530980.51454,1779530984.15023,0.000559,0.000672,0.000711,3.621908,3.62205,3.621197,0.000142000000000309,3.6146,0.0210966495513918
"2026-05-23T10:09:47.866Z","run_bootstrap",244,"http://client1:8000","run","http://client1:8000/run",1,TRUE,200,1109,253,3.61613750457764,"2026-05-23T10:09:44.241924Z","2026-05-23T10:09:47.858062Z",1779530984.24192,1779530987.85806,0.00061,0.000722,0.000757,3.601422,3.60148,3.600665,5.80000000001135e-05,3.5939,0.0222375045776366
"2026-05-23T10:09:47.866Z","run_bootstrap",244,"http://client2:8000","run","http://client2:8000/run",1,TRUE,200,1109,253,3.51818037033081,"2026-05-23T10:09:44.244537Z","2026-05-23T10:09:47.762717Z",1779530984.24454,1779530987.76272,0.000726,0.00084,0.000879,3.501617,3.501749,3.500738,0.000131999999999799,3.4945,0.0236803703308106
"2026-05-23T10:09:47.866Z","run_bootstrap",244,"http://client3:8000","run","http://client3:8000/run",1,TRUE,200,1109,250,3.24771189689636,"2026-05-23T10:09:44.244927Z","2026-05-23T10:09:47.492639Z",1779530984.24493,1779530987.49264,0.000784,0.000875,0.000908,3.231575,3.231672,3.230667,9.70000000002358e-05,3.2234,0.0243118968963625
"2026-05-23T10:09:51.659Z","run_bootstrap",245,"http://client1:8000","run","http://client1:8000/run",1,TRUE,200,1109,253,3.61631035804749,"2026-05-23T10:09:47.881836Z","2026-05-23T10:09:51.498147Z",1779530987.88184,1779530991.49815,0.001266,0.001321,0.001345,3.597535,3.597668,3.59619,0.000132999999999939,3.5848,0.0315103580474854
"2026-05-23T10:09:51.659Z","run_bootstrap",245,"http://client2:8000","run","http://client2:8000/run",1,TRUE,200,1109,256,3.62635612487793,"2026-05-23T10:09:47.882151Z","2026-05-23T10:09:51.508507Z",1779530987.88215,1779530991.50851,0.000758,0.000864,0.000901,3.608424,3.60851,3.607523,8.60000000000305e-05,3.5981,0.0282561248779296
"2026-05-23T10:09:51.659Z","run_bootstrap",245,"http://client3:8000","run","http://client3:8000/run",1,TRUE,200,1109,252,3.773512840271,"2026-05-23T10:09:47.882196Z","2026-05-23T10:09:51.655709Z",1779530987.8822,1779530991.65571,0.00088,0.00095,0.000971,3.755654,3.755797,3.754683,0.000143000000000004,3.7352,0.0383128402709962
"2026-05-23T10:09:55.462Z","run_bootstrap",246,"http://client1:8000","run","http://client1:8000/run",1,TRUE,200,1109,253,3.61433005332947,"2026-05-23T10:09:51.674924Z","2026-05-23T10:09:55.289254Z",1779530991.67492,1779530995.28925,0.000688,8e-04,0.000848,3.592808,3.592941,3.59196,0.000133000000000383,3.5845,0.029830053329468
"2026-05-23T10:09:55.462Z","run_bootstrap",246,"http://client2:8000","run","http://client2:8000/run",1,TRUE,200,1109,255,3.64034390449524,"2026-05-23T10:09:51.675539Z","2026-05-23T10:09:55.315883Z",1779530991.67554,1779530995.31588,0.000513,0.000605,0.000639,3.619004,3.619103,3.618365,9.90000000000713e-05,3.612,0.0283439044952392
"2026-05-23T10:09:55.462Z","run_bootstrap",246,"http://client3:8000","run","http://client3:8000/run",1,TRUE,200,1109,252,3.78245043754578,"2026-05-23T10:09:51.675969Z","2026-05-23T10:09:55.458420Z",1779530991.67597,1779530995.45842,0.000615,0.000732,0.000773,3.764304,3.764462,3.763531,0.00015799999999988,3.7572,0.0252504375457763
"2026-05-23T10:09:59.341Z","run_bootstrap",247,"http://client1:8000","run","http://client1:8000/run",1,TRUE,200,1108,254,3.85991954803467,"2026-05-23T10:09:55.474410Z","2026-05-23T10:09:59.334330Z",1779530995.47441,1779530999.33433,0.000705,0.000809,0.000847,3.846019,3.846162,3.845172,0.000143000000000004,3.8383,0.0216195480346681
"2026-05-23T10:09:59.341Z","run_bootstrap",247,"http://client2:8000","run","http://client2:8000/run",1,TRUE,200,1108,255,3.43995356559753,"2026-05-23T10:09:55.475908Z","2026-05-23T10:09:58.915862Z",1779530995.47591,1779530998.91586,0.000669,0.000793,0.000836,3.419401,3.419596,3.418565,0.000194999999999723,3.4117,0.028253565597534
"2026-05-23T10:09:59.341Z","run_bootstrap",247,"http://client3:8000","run","http://client3:8000/run",1,TRUE,200,1108,249,3.72523903846741,"2026-05-23T10:09:55.476446Z","2026-05-23T10:09:59.201685Z",1779530995.47645,1779530999.20169,0.000546,0.000636,0.000676,3.704426,3.70457,3.70375,0.0001439999999997,3.6969,0.0283390384674074
"2026-05-23T10:10:03.160Z","run_bootstrap",248,"http://client1:8000","run","http://client1:8000/run",1,TRUE,200,1108,253,3.71765899658203,"2026-05-23T10:09:59.356354Z","2026-05-23T10:10:03.074013Z",1779530999.35635,1779531003.07401,0.000409,0.000493,0.000515,3.704741,3.704867,3.704226,0.000126000000000293,3.697,0.0206589965820312
"2026-05-23T10:10:03.160Z","run_bootstrap",248,"http://client2:8000","run","http://client2:8000/run",1,TRUE,200,1108,255,3.70745587348938,"2026-05-23T10:09:59.357345Z","2026-05-23T10:10:03.064801Z",1779530999.35735,1779531003.0648,0.000552,0.000635,0.000667,3.687876,3.688049,3.687209,0.000172999999999757,3.6796,0.0278558734893797
"2026-05-23T10:10:03.160Z","run_bootstrap",248,"http://client3:8000","run","http://client3:8000/run",1,TRUE,200,1108,249,3.7992959022522,"2026-05-23T10:09:59.356397Z","2026-05-23T10:10:03.155693Z",1779530999.3564,1779531003.15569,0.000592,0.000674,0.000708,3.786193,3.786337,3.785485,0.000144000000000144,3.7778,0.0214959022521972
"2026-05-23T10:10:07.063Z","run_bootstrap",249,"http://client1:8000","run","http://client1:8000/run",1,TRUE,200,1108,253,3.88393902778625,"2026-05-23T10:10:03.172058Z","2026-05-23T10:10:07.055997Z",1779531003.17206,1779531007.056,0.000569,0.000662,0.000694,3.866087,3.866224,3.865393,0.000137000000000054,3.8585,0.0254390277862551
"2026-05-23T10:10:07.063Z","run_bootstrap",249,"http://client2:8000","run","http://client2:8000/run",1,TRUE,200,1108,255,3.87682509422302,"2026-05-23T10:10:03.172890Z","2026-05-23T10:10:07.049715Z",1779531003.17289,1779531007.04972,0.000576,0.000678,0.000711,3.860343,3.86048,3.859632,0.000137000000000054,3.8531,0.0237250942230225
"2026-05-23T10:10:07.063Z","run_bootstrap",249,"http://client3:8000","run","http://client3:8000/run",1,TRUE,200,1108,250,3.59412884712219,"2026-05-23T10:10:03.172260Z","2026-05-23T10:10:06.766389Z",1779531003.17226,1779531006.76639,0.000768,0.000885,0.00092,3.579906,3.580054,3.578986,0.000148000000000259,3.5713,0.0228288471221925
"2026-05-23T10:10:10.830Z","run_bootstrap",250,"http://client1:8000","run","http://client1:8000/run",1,TRUE,200,1108,253,3.74535584449768,"2026-05-23T10:10:07.080149Z","2026-05-23T10:10:10.825505Z",1779531007.08015,1779531010.82551,0.000601,0.000719,0.000756,3.724085,3.724184,3.723329,9.90000000000713e-05,3.7157,0.0296558444976807
"2026-05-23T10:10:10.830Z","run_bootstrap",250,"http://client2:8000","run","http://client2:8000/run",1,TRUE,200,1108,255,3.60094594955444,"2026-05-23T10:10:07.080670Z","2026-05-23T10:10:10.681616Z",1779531007.08067,1779531010.68162,0.000581,0.000695,0.000731,3.576403,3.57648,3.575672,7.70000000001048e-05,3.5688,0.0321459495544434
"2026-05-23T10:10:10.830Z","run_bootstrap",250,"http://client3:8000","run","http://client3:8000/run",1,TRUE,200,1108,250,3.51357460021973,"2026-05-23T10:10:07.081277Z","2026-05-23T10:10:10.594852Z",1779531007.08128,1779531010.59485,0.000645,0.000759,0.000795,3.490381,3.490504,3.489586,0.000122999999999873,3.4822,0.0313746002197264
"2026-05-23T10:10:14.740Z","run_bootstrap",251,"http://client1:8000","run","http://client1:8000/run",1,TRUE,200,1109,254,3.82501363754272,"2026-05-23T10:10:10.845526Z","2026-05-23T10:10:14.670539Z",1779531010.84553,1779531014.67054,0.000712,0.000825,0.00086,3.806851,3.80699,3.805991,0.000138999999999889,3.7976,0.0274136375427245
"2026-05-23T10:10:14.740Z","run_bootstrap",251,"http://client2:8000","run","http://client2:8000/run",1,TRUE,200,1109,255,3.72824358940125,"2026-05-23T10:10:10.846001Z","2026-05-23T10:10:14.574244Z",1779531010.846,1779531014.57424,0.000656,0.000763,0.000798,3.714522,3.714659,3.713724,0.000137000000000054,3.7072,0.0210435894012453
"2026-05-23T10:10:14.740Z","run_bootstrap",251,"http://client3:8000","run","http://client3:8000/run",1,TRUE,200,1109,251,3.88910937309265,"2026-05-23T10:10:10.846791Z","2026-05-23T10:10:14.735900Z",1779531010.84679,1779531014.7359,0.000619,0.000703,0.000735,3.870089,3.870361,3.869354,0.000271999999999828,3.8629,0.0262093730926516
"2026-05-23T10:10:18.647Z","run_bootstrap",252,"http://client1:8000","run","http://client1:8000/run",1,TRUE,200,1109,254,3.74270868301392,"2026-05-23T10:10:14.754481Z","2026-05-23T10:10:18.497190Z",1779531014.75448,1779531018.49719,0.000603,0.000706,0.000745,3.728608,3.728717,3.727863,0.000109000000000137,3.7204,0.0223086830139159
"2026-05-23T10:10:18.647Z","run_bootstrap",252,"http://client2:8000","run","http://client2:8000/run",1,TRUE,200,1109,255,3.58786702156067,"2026-05-23T10:10:14.755777Z","2026-05-23T10:10:18.343644Z",1779531014.75578,1779531018.34364,0.00054,0.000616,0.000647,3.574469,3.574613,3.573822,0.0001439999999997,3.5642,0.0236670215606689
"2026-05-23T10:10:18.647Z","run_bootstrap",252,"http://client3:8000","run","http://client3:8000/run",1,TRUE,200,1109,251,3.88502502441406,"2026-05-23T10:10:14.755594Z","2026-05-23T10:10:18.640619Z",1779531014.75559,1779531018.64062,0.00057,0.000658,0.000689,3.87159,3.871739,3.870901,0.000148999999999955,3.8643,0.0207250244140624
"2026-05-23T10:10:22.462Z","run_bootstrap",253,"http://client1:8000","run","http://client1:8000/run",1,TRUE,200,1110,253,3.73862075805664,"2026-05-23T10:10:18.661826Z","2026-05-23T10:10:22.400447Z",1779531018.66183,1779531022.40045,0.000603,0.000709,0.000746,3.724919,3.724979,3.724173,5.9999999999949e-05,3.7092,0.0294207580566406
"2026-05-23T10:10:22.462Z","run_bootstrap",253,"http://client2:8000","run","http://client2:8000/run",1,TRUE,200,1110,256,3.64105367660522,"2026-05-23T10:10:18.662514Z","2026-05-23T10:10:22.303568Z",1779531018.66251,1779531022.30357,0.000706,0.000814,0.000852,3.619315,3.619474,3.618463,0.00015900000000002,3.6088,0.0322536766052246
"2026-05-23T10:10:22.462Z","run_bootstrap",253,"http://client3:8000","run","http://client3:8000/run",1,TRUE,200,1110,252,3.79263472557068,"2026-05-23T10:10:18.662881Z","2026-05-23T10:10:22.455516Z",1779531018.66288,1779531022.45552,0.000588,0.000712,0.000749,3.771238,3.771387,3.770489,0.000148999999999955,3.7626,0.0300347255706788
"2026-05-23T10:10:26.396Z","run_bootstrap",254,"http://client1:8000","run","http://client1:8000/run",1,TRUE,200,1110,253,3.64061546325684,"2026-05-23T10:10:22.475114Z","2026-05-23T10:10:26.115729Z",1779531022.47511,1779531026.11573,0.000618,0.000697,0.000726,3.618139,3.618298,3.617413,0.000158999999999576,3.6083,0.0323154632568361
"2026-05-23T10:10:26.396Z","run_bootstrap",254,"http://client2:8000","run","http://client2:8000/run",1,TRUE,200,1110,256,3.64622259140015,"2026-05-23T10:10:22.475838Z","2026-05-23T10:10:26.122061Z",1779531022.47584,1779531026.12206,0.000585,0.000668,0.000699,3.624884,3.625018,3.624185,0.000133999999999634,3.6165,0.0297225914001467
"2026-05-23T10:10:26.396Z","run_bootstrap",254,"http://client3:8000","run","http://client3:8000/run",1,TRUE,200,1110,251,3.91296100616455,"2026-05-23T10:10:22.476338Z","2026-05-23T10:10:26.389299Z",1779531022.47634,1779531026.3893,0.000624,0.000706,0.000741,3.893647,3.893789,3.892906,0.000141999999999864,3.881,0.031961006164551
"2026-05-23T10:10:30.312Z","run_bootstrap",255,"http://client1:8000","run","http://client1:8000/run",1,TRUE,200,1110,252,3.69269061088562,"2026-05-23T10:10:26.406794Z","2026-05-23T10:10:30.099485Z",1779531026.40679,1779531030.09949,0.000653,0.000764,0.000799,3.677964,3.678093,3.677165,0.000129000000000268,3.6704,0.0222906108856202
"2026-05-23T10:10:30.312Z","run_bootstrap",255,"http://client2:8000","run","http://client2:8000/run",1,TRUE,200,1110,254,3.89587497711182,"2026-05-23T10:10:26.408761Z","2026-05-23T10:10:30.304636Z",1779531026.40876,1779531030.30464,0.000675,0.000801,0.000838,3.87504,3.875177,3.874202,0.000137000000000054,3.8673,0.0285749771118162
"2026-05-23T10:10:30.312Z","run_bootstrap",255,"http://client3:8000","run","http://client3:8000/run",1,TRUE,200,1110,252,3.53027939796448,"2026-05-23T10:10:26.409492Z","2026-05-23T10:10:29.939771Z",1779531026.40949,1779531029.93977,0.00046,0.000586,0.000626,3.508329,3.508497,3.507703,0.00016800000000039,3.5007,0.0295793979644774
"2026-05-23T10:10:34.199Z","run_bootstrap",256,"http://client1:8000","run","http://client1:8000/run",1,TRUE,200,1110,252,3.86480665206909,"2026-05-23T10:10:30.329043Z","2026-05-23T10:10:34.193850Z",1779531030.32904,1779531034.19385,0.000454,0.000531,0.000576,3.843022,3.84315,3.842446,0.000128000000000128,3.8343,0.030506652069092
"2026-05-23T10:10:34.199Z","run_bootstrap",256,"http://client2:8000","run","http://client2:8000/run",1,TRUE,200,1110,254,3.57910060882568,"2026-05-23T10:10:30.327903Z","2026-05-23T10:10:33.907003Z",1779531030.3279,1779531033.907,0.000578,0.000666,0.000684,3.561053,3.561187,3.560369,0.000134000000000079,3.5536,0.0255006088256837
"2026-05-23T10:10:34.199Z","run_bootstrap",256,"http://client3:8000","run","http://client3:8000/run",1,TRUE,200,1110,252,3.81619906425476,"2026-05-23T10:10:30.328958Z","2026-05-23T10:10:34.145157Z",1779531030.32896,1779531034.14516,0.000497,0.000578,0.00062,3.800038,3.800179,3.799418,0.000141000000000169,3.7928,0.0233990642547606
"2026-05-23T10:10:38.209Z","run_bootstrap",257,"http://client1:8000","run","http://client1:8000/run",1,TRUE,200,1109,252,3.7986204624176,"2026-05-23T10:10:34.214118Z","2026-05-23T10:10:38.012738Z",1779531034.21412,1779531038.01274,0.000403,0.000506,0.000541,3.779686,3.779822,3.779145,0.000135999999999914,3.7711,0.0275204624176024
"2026-05-23T10:10:38.209Z","run_bootstrap",257,"http://client2:8000","run","http://client2:8000/run",1,TRUE,200,1109,254,3.9870970249176,"2026-05-23T10:10:34.214892Z","2026-05-23T10:10:38.201989Z",1779531034.21489,1779531038.20199,0.000718,0.000811,0.000847,3.969415,3.969548,3.968568,0.000132999999999939,3.962,0.0250970249176024
"2026-05-23T10:10:38.209Z","run_bootstrap",257,"http://client3:8000","run","http://client3:8000/run",1,TRUE,200,1109,249,3.79311490058899,"2026-05-23T10:10:34.215512Z","2026-05-23T10:10:38.008627Z",1779531034.21551,1779531038.00863,0.000522,0.000634,0.000673,3.776559,3.776699,3.775886,0.000139999999999585,3.7691,0.0240149005889894
"2026-05-23T10:10:42.178Z","run_bootstrap",258,"http://client1:8000","run","http://client1:8000/run",1,TRUE,200,1109,252,3.82028675079346,"2026-05-23T10:10:38.224523Z","2026-05-23T10:10:42.044810Z",1779531038.22452,1779531042.04481,0.000618,0.000721,0.000756,3.798323,3.798467,3.797567,0.000144000000000144,3.7899,0.0303867507934572
"2026-05-23T10:10:42.178Z","run_bootstrap",258,"http://client2:8000","run","http://client2:8000/run",1,TRUE,200,1109,255,3.74571466445923,"2026-05-23T10:10:38.224984Z","2026-05-23T10:10:41.970699Z",1779531038.22498,1779531041.9707,0.000513,0.000603,0.000637,3.723519,3.723649,3.722882,0.000129999999999963,3.7164,0.0293146644592284
"2026-05-23T10:10:42.178Z","run_bootstrap",258,"http://client3:8000","run","http://client3:8000/run",1,TRUE,200,1109,249,3.9487156867981,"2026-05-23T10:10:38.225402Z","2026-05-23T10:10:42.174118Z",1779531038.2254,1779531042.17412,0.000633,0.00069,0.000722,3.928084,3.928232,3.927362,0.000147999999999815,3.9208,0.0279156867980959
"2026-05-23T10:10:46.247Z","run_bootstrap",259,"http://client1:8000","run","http://client1:8000/run",1,TRUE,200,1110,252,3.84421467781067,"2026-05-23T10:10:42.189626Z","2026-05-23T10:10:46.033840Z",1779531042.18963,1779531046.03384,0.000669,0.000779,0.00082,3.830752,3.83095,3.829932,0.000198000000000143,3.8229,0.0213146778106688
"2026-05-23T10:10:46.247Z","run_bootstrap",259,"http://client2:8000","run","http://client2:8000/run",1,TRUE,200,1110,254,3.80890703201294,"2026-05-23T10:10:42.191374Z","2026-05-23T10:10:46.000281Z",1779531042.19137,1779531046.00028,0.000662,0.000774,0.000808,3.787834,3.78795,3.787026,0.000115999999999783,3.7786,0.0303070320129395
"2026-05-23T10:10:46.247Z","run_bootstrap",259,"http://client3:8000","run","http://client3:8000/run",1,TRUE,200,1110,250,4.04847121238708,"2026-05-23T10:10:42.191948Z","2026-05-23T10:10:46.240419Z",1779531042.19195,1779531046.24042,0.000579,0.000688,0.000723,4.03298,4.033128,4.032257,0.000147999999999371,4.026,0.0224712123870852
"2026-05-23T10:10:50.484Z","run_bootstrap",260,"http://client1:8000","run","http://client1:8000/run",1,TRUE,200,1110,252,3.79688549041748,"2026-05-23T10:10:46.260217Z","2026-05-23T10:10:50.057103Z",1779531046.26022,1779531050.0571,0.000725,0.000786,0.000805,3.782734,3.782865,3.781929,0.000131000000000103,3.6057,0.19118549041748
"2026-05-23T10:10:50.484Z","run_bootstrap",260,"http://client2:8000","run","http://client2:8000/run",1,TRUE,200,1110,254,4.21923780441284,"2026-05-23T10:10:46.260533Z","2026-05-23T10:10:50.479771Z",1779531046.26053,1779531050.47977,0.000527,0.000632,0.000658,4.205284,4.205418,4.204626,0.000134000000000079,4.0229,0.196337804412842
"2026-05-23T10:10:50.484Z","run_bootstrap",260,"http://client3:8000","run","http://client3:8000/run",1,TRUE,200,1110,251,4.06721067428589,"2026-05-23T10:10:46.261159Z","2026-05-23T10:10:50.328370Z",1779531046.26116,1779531050.32837,0.000557,0.000646,0.000677,4.046238,4.046371,4.045561,0.000132999999999939,3.8743,0.192910674285889
"2026-05-23T10:10:54.069Z","run_bootstrap",261,"http://client1:8000","run","http://client1:8000/run",1,TRUE,200,1109,253,3.56890368461609,"2026-05-23T10:10:50.496377Z","2026-05-23T10:10:54.065281Z",1779531050.49638,1779531054.06528,0.000783,0.000905,0.000942,3.548477,3.548521,3.547535,4.3999999999933e-05,3.5412,0.027703684616089
"2026-05-23T10:10:54.069Z","run_bootstrap",261,"http://client2:8000","run","http://client2:8000/run",1,TRUE,200,1109,255,3.44346380233765,"2026-05-23T10:10:50.498607Z","2026-05-23T10:10:53.942071Z",1779531050.49861,1779531053.94207,0.00062,0.000713,0.000746,3.420201,3.420244,3.419455,4.29999999997932e-05,3.4136,0.0298638023376463
"2026-05-23T10:10:54.069Z","run_bootstrap",261,"http://client3:8000","run","http://client3:8000/run",1,TRUE,200,1109,251,3.53061437606812,"2026-05-23T10:10:50.498848Z","2026-05-23T10:10:54.029463Z",1779531050.49885,1779531054.02946,0.000584,0.000718,0.000753,3.501472,3.501517,3.500719,4.50000000000728e-05,3.4949,0.0357143760681153
"2026-05-23T10:10:57.832Z","run_bootstrap",262,"http://client1:8000","run","http://client1:8000/run",1,TRUE,200,1109,253,3.7402229309082,"2026-05-23T10:10:54.084714Z","2026-05-23T10:10:57.824937Z",1779531054.08471,1779531057.82494,0.000697,0.000795,0.000844,3.72528,3.725418,3.724436,0.000137999999999749,3.7178,0.0224229309082031
"2026-05-23T10:10:57.832Z","run_bootstrap",262,"http://client2:8000","run","http://client2:8000/run",1,TRUE,200,1109,255,3.56863069534302,"2026-05-23T10:10:54.084246Z","2026-05-23T10:10:57.652877Z",1779531054.08425,1779531057.65288,0.00074,0.000845,0.00088,3.555264,3.555521,3.554384,0.000256999999999952,3.5483,0.0203306953430178
"2026-05-23T10:10:57.832Z","run_bootstrap",262,"http://client3:8000","run","http://client3:8000/run",1,TRUE,200,1109,251,3.5185022354126,"2026-05-23T10:10:54.085889Z","2026-05-23T10:10:57.604391Z",1779531054.08589,1779531057.60439,0.000582,0.000704,0.000746,3.504624,3.504792,3.503878,0.000167999999999946,3.4978,0.0207022354125979
"2026-05-23T10:11:01.555Z","run_bootstrap",263,"http://client1:8000","run","http://client1:8000/run",1,TRUE,200,1109,252,3.70244264602661,"2026-05-23T10:10:57.846242Z","2026-05-23T10:11:01.548685Z",1779531057.84624,1779531061.54869,0.000739,0.000854,0.000887,3.687951,3.688086,3.687064,0.000135000000000218,3.6806,0.0218426460266112
"2026-05-23T10:11:01.555Z","run_bootstrap",263,"http://client2:8000","run","http://client2:8000/run",1,TRUE,200,1109,252,3.44145679473877,"2026-05-23T10:10:57.846594Z","2026-05-23T10:11:01.288051Z",1779531057.84659,1779531061.28805,0.00037,0.000497,0.000534,3.425,3.425136,3.424466,0.000136000000000358,3.4168,0.0246567947387697
"2026-05-23T10:11:01.555Z","run_bootstrap",263,"http://client3:8000","run","http://client3:8000/run",1,TRUE,200,1109,252,3.55411052703857,"2026-05-23T10:10:57.847034Z","2026-05-23T10:11:01.401145Z",1779531057.84703,1779531061.40115,0.000445,0.000531,0.000564,3.534518,3.534664,3.533954,0.000145999999999979,3.5265,0.0276105270385743
"2026-05-23T10:11:05.308Z","run_bootstrap",264,"http://client1:8000","run","http://client1:8000/run",1,TRUE,200,1109,252,3.53181266784668,"2026-05-23T10:11:01.570607Z","2026-05-23T10:11:05.102419Z",1779531061.57061,1779531065.10242,0.00056,0.00064,0.00067,3.512211,3.512343,3.511541,0.000131999999999799,3.5052,0.0266126678466798
"2026-05-23T10:11:05.308Z","run_bootstrap",264,"http://client2:8000","run","http://client2:8000/run",1,TRUE,200,1109,252,3.73316931724548,"2026-05-23T10:11:01.570897Z","2026-05-23T10:11:05.304066Z",1779531061.5709,1779531065.30407,0.00073,0.00082,0.000855,3.71941,3.719547,3.718555,0.000137000000000054,3.7123,0.0208693172454835
"2026-05-23T10:11:05.308Z","run_bootstrap",264,"http://client3:8000","run","http://client3:8000/run",1,TRUE,200,1109,252,3.58297348022461,"2026-05-23T10:11:01.570635Z","2026-05-23T10:11:05.153608Z",1779531061.57064,1779531065.15361,0.000648,0.000752,0.000791,3.569343,3.569481,3.568552,0.000138000000000194,3.5621,0.0208734802246093
"2026-05-23T10:11:08.950Z","run_bootstrap",265,"http://client1:8000","run","http://client1:8000/run",1,TRUE,200,1108,254,3.53222417831421,"2026-05-23T10:11:05.319690Z","2026-05-23T10:11:08.851915Z",1779531065.31969,1779531068.85192,0.000618,0.000737,0.000773,3.518062,3.518193,3.517289,0.000131000000000103,3.5098,0.0224241783142092
"2026-05-23T10:11:08.950Z","run_bootstrap",265,"http://client2:8000","run","http://client2:8000/run",1,TRUE,200,1108,255,3.56815648078918,"2026-05-23T10:11:05.321310Z","2026-05-23T10:11:08.889467Z",1779531065.32131,1779531068.88947,0.000556,0.000645,0.000678,3.55367,3.553774,3.552992,0.000104000000000326,3.5468,0.0213564807891844
"2026-05-23T10:11:08.950Z","run_bootstrap",265,"http://client3:8000","run","http://client3:8000/run",1,TRUE,200,1108,252,3.62210178375244,"2026-05-23T10:11:05.320938Z","2026-05-23T10:11:08.943040Z",1779531065.32094,1779531068.94304,0.000574,0.000675,0.000708,3.608199,3.608362,3.607491,0.000163000000000135,3.6009,0.0212017837524412
"2026-05-23T10:11:12.626Z","run_bootstrap",266,"http://client1:8000","run","http://client1:8000/run",1,TRUE,200,1108,254,3.55974006652832,"2026-05-23T10:11:08.964847Z","2026-05-23T10:11:12.524587Z",1779531068.96485,1779531072.52459,0.000816,0.00091,0.000934,3.539583,3.539709,3.538649,0.000126000000000293,3.5312,0.0285400665283202
"2026-05-23T10:11:12.626Z","run_bootstrap",266,"http://client2:8000","run","http://client2:8000/run",1,TRUE,200,1108,255,3.4956591129303,"2026-05-23T10:11:08.964405Z","2026-05-23T10:11:12.460064Z",1779531068.96441,1779531072.46006,0.000708,0.000816,0.000851,3.480436,3.480553,3.479585,0.000116999999999923,3.4628,0.0328591129302978
"2026-05-23T10:11:12.626Z","run_bootstrap",266,"http://client3:8000","run","http://client3:8000/run",1,TRUE,200,1108,251,3.65553069114685,"2026-05-23T10:11:08.965694Z","2026-05-23T10:11:12.621225Z",1779531068.96569,1779531072.62123,0.000489,0.000566,0.000596,3.635388,3.635493,3.634792,0.000105000000000022,3.628,0.0275306911468505
