"timestamp","phase","round_id","client","endpoint","url","attempt","ok","status","request_bytes","response_bytes","elapsed_sec","request_start_ts_utc","request_end_ts_utc","request_start_epoch_sec","request_end_epoch_sec","curl_namelookup_sec","curl_connect_sec","curl_pretransfer_sec","curl_starttransfer_sec","curl_total_sec","curl_ttfb_sec","curl_response_transfer_sec","client_compute_sec","net_overhead_sec"
"2026-05-22T00:01:53.307Z","init",1,"http://client1:8000","init","http://client1:8000/init",1,TRUE,200,2713,387,0.365562200546265,"2026-05-22T00:01:52.877257Z","2026-05-22T00:01:53.242820Z",1779408112.87726,1779408113.24282,0.000694,0.000816,0.000859,0.350746,0.350787,0.349887,4.10000000000132e-05,NA,NA
"2026-05-22T00:01:53.307Z","init",1,"http://client2:8000","init","http://client2:8000/init",1,TRUE,200,2713,387,0.363670587539673,"2026-05-22T00:01:52.879134Z","2026-05-22T00:01:53.242804Z",1779408112.87913,1779408113.2428,0.000686,0.00082,0.000866,0.349064,0.349115,0.348198,5.10000000000232e-05,NA,NA
"2026-05-22T00:01:53.307Z","init",1,"http://client3:8000","init","http://client3:8000/init",1,TRUE,200,2713,387,0.361732482910156,"2026-05-22T00:01:52.881742Z","2026-05-22T00:01:53.243475Z",1779408112.88174,1779408113.24348,0.000703,0.000839,0.000884,0.345349,0.345393,0.344465,4.39999999999885e-05,NA,NA
"2026-05-22T00:01:59.038Z","run_bootstrap",1,"http://client1:8000","run","http://client1:8000/run",1,TRUE,200,1108,256,5.39713191986084,"2026-05-22T00:01:53.519510Z","2026-05-22T00:01:58.916642Z",1779408113.51951,1779408118.91664,0.000646,0.000751,0.000789,5.384224,5.384267,5.383435,4.30000000006814e-05,5.3294,0.0677319198608402
"2026-05-22T00:01:59.038Z","run_bootstrap",1,"http://client2:8000","run","http://client2:8000/run",1,TRUE,200,1108,256,5.51226878166199,"2026-05-22T00:01:53.521305Z","2026-05-22T00:01:59.033574Z",1779408113.52131,1779408119.03357,0.000758,0.000876,0.000914,5.499759,5.499803,5.498845,4.3999999999933e-05,5.4454,0.0668687816619871
"2026-05-22T00:01:59.038Z","run_bootstrap",1,"http://client3:8000","run","http://client3:8000/run",1,TRUE,200,1108,255,5.51152348518372,"2026-05-22T00:01:53.522107Z","2026-05-22T00:01:59.033631Z",1779408113.52211,1779408119.03363,0.000584,0.000703,0.000747,5.492747,5.492785,5.492,3.79999999999825e-05,5.4386,0.0729234851837157
"2026-05-22T00:02:02.864Z","run_bootstrap",2,"http://client1:8000","run","http://client1:8000/run",1,TRUE,200,1108,256,3.76881909370422,"2026-05-22T00:01:59.091065Z","2026-05-22T00:02:02.859884Z",1779408119.09107,1779408122.85988,0.000687,0.000796,0.00083,3.75481,3.754851,3.75398,4.09999999999577e-05,3.6458,0.123019093704224
"2026-05-22T00:02:02.864Z","run_bootstrap",2,"http://client2:8000","run","http://client2:8000/run",1,TRUE,200,1108,256,3.59144949913025,"2026-05-22T00:01:59.093190Z","2026-05-22T00:02:02.684640Z",1779408119.09319,1779408122.68464,0.000743,0.000832,0.000866,3.569646,3.569694,3.56878,4.8000000000048e-05,3.4594,0.132049499130249
"2026-05-22T00:02:02.864Z","run_bootstrap",2,"http://client3:8000","run","http://client3:8000/run",1,TRUE,200,1108,255,3.49134993553162,"2026-05-22T00:01:59.092495Z","2026-05-22T00:02:02.583845Z",1779408119.0925,1779408122.58385,0.000504,0.000613,0.000648,3.477852,3.477892,3.477204,4.0000000000262e-05,3.3685,0.122849935531616
"2026-05-22T00:02:06.488Z","run_bootstrap",3,"http://client1:8000","run","http://client1:8000/run",1,TRUE,200,1108,258,3.60144519805908,"2026-05-22T00:02:02.880431Z","2026-05-22T00:02:06.481876Z",1779408122.88043,1779408126.48188,0.000461,0.000541,0.000577,3.58126,3.581301,3.580683,4.09999999999577e-05,3.5744,0.0270451980590822
"2026-05-22T00:02:06.488Z","run_bootstrap",3,"http://client2:8000","run","http://client2:8000/run",1,TRUE,200,1108,261,3.59189414978027,"2026-05-22T00:02:02.880265Z","2026-05-22T00:02:06.472159Z",1779408122.88027,1779408126.47216,0.000607,0.000808,0.00086,3.579098,3.579142,3.578238,4.3999999999933e-05,3.5713,0.0205941497802735
"2026-05-22T00:02:06.488Z","run_bootstrap",3,"http://client3:8000","run","http://client3:8000/run",1,TRUE,200,1108,260,3.56087613105774,"2026-05-22T00:02:02.881949Z","2026-05-22T00:02:06.442825Z",1779408122.88195,1779408126.44283,0.00054,0.000632,0.000672,3.546779,3.546821,3.546107,4.20000000000975e-05,3.5403,0.0205761310577395
"2026-05-22T00:02:10.304Z","run_bootstrap",4,"http://client1:8000","run","http://client1:8000/run",1,TRUE,200,1108,258,3.52388191223145,"2026-05-22T00:02:06.503031Z","2026-05-22T00:02:10.026913Z",1779408126.50303,1779408130.02691,0.000608,0.000722,0.000746,3.509869,3.50991,3.509123,4.09999999999577e-05,3.5031,0.0207819122314454
"2026-05-22T00:02:10.304Z","run_bootstrap",4,"http://client2:8000","run","http://client2:8000/run",1,TRUE,200,1108,261,3.79455471038818,"2026-05-22T00:02:06.503560Z","2026-05-22T00:02:10.298115Z",1779408126.50356,1779408130.29812,0.000391,0.000472,0.000503,3.77833,3.778372,3.777827,4.20000000000975e-05,3.7709,0.0236547103881835
"2026-05-22T00:02:10.304Z","run_bootstrap",4,"http://client3:8000","run","http://client3:8000/run",1,TRUE,200,1108,260,3.46294546127319,"2026-05-22T00:02:06.503985Z","2026-05-22T00:02:09.966931Z",1779408126.50399,1779408129.96693,0.000652,0.000734,0.000764,3.449437,3.449482,3.448673,4.50000000000728e-05,3.4428,0.0201454612731933
"2026-05-22T00:02:13.850Z","run_bootstrap",5,"http://client1:8000","run","http://client1:8000/run",1,TRUE,200,1109,255,3.45146942138672,"2026-05-22T00:02:10.315834Z","2026-05-22T00:02:13.767303Z",1779408130.31583,1779408133.7673,0.000538,0.000653,0.000691,3.427771,3.427801,3.42708,3.00000000001965e-05,3.4196,0.0318694213867188
"2026-05-22T00:02:13.850Z","run_bootstrap",5,"http://client2:8000","run","http://client2:8000/run",1,TRUE,200,1109,256,3.52778577804565,"2026-05-22T00:02:10.316514Z","2026-05-22T00:02:13.844300Z",1779408130.31651,1779408133.8443,0.000576,0.000667,0.000699,3.503289,3.503317,3.50259,2.7999999999917e-05,3.4963,0.0314857780456541
"2026-05-22T00:02:13.850Z","run_bootstrap",5,"http://client3:8000","run","http://client3:8000/run",1,TRUE,200,1109,254,3.50512647628784,"2026-05-22T00:02:10.317087Z","2026-05-22T00:02:13.822214Z",1779408130.31709,1779408133.82221,0.00061,0.000717,0.000767,3.48553,3.485561,3.484763,3.10000000003363e-05,3.4783,0.0268264762878418
"2026-05-22T00:02:17.570Z","run_bootstrap",6,"http://client1:8000","run","http://client1:8000/run",1,TRUE,200,1109,255,3.64105916023254,"2026-05-22T00:02:13.866190Z","2026-05-22T00:02:17.507250Z",1779408133.86619,1779408137.50725,0.000643,0.00075,0.000785,3.625498,3.625538,3.624713,4.0000000000262e-05,3.6184,0.0226591602325441
"2026-05-22T00:02:17.570Z","run_bootstrap",6,"http://client2:8000","run","http://client2:8000/run",1,TRUE,200,1109,256,3.69702315330505,"2026-05-22T00:02:13.866798Z","2026-05-22T00:02:17.563821Z",1779408133.8668,1779408137.56382,0.000517,0.000579,0.000603,3.679487,3.679547,3.678884,5.9999999999949e-05,3.6731,0.0239231533050539
"2026-05-22T00:02:17.570Z","run_bootstrap",6,"http://client3:8000","run","http://client3:8000/run",1,TRUE,200,1109,254,3.48845291137695,"2026-05-22T00:02:13.867333Z","2026-05-22T00:02:17.355786Z",1779408133.86733,1779408137.35579,0.000611,0.000673,0.000695,3.471575,3.471616,3.47088,4.09999999999577e-05,3.4641,0.0243529113769529
"2026-05-22T00:02:21.296Z","run_bootstrap",7,"http://client1:8000","run","http://client1:8000/run",1,TRUE,200,1109,256,3.70910501480103,"2026-05-22T00:02:17.582588Z","2026-05-22T00:02:21.291693Z",1779408137.58259,1779408141.29169,0.000444,0.000526,0.000557,3.694211,3.694251,3.693654,3.9999999999818e-05,3.6874,0.0217050148010256
"2026-05-22T00:02:21.296Z","run_bootstrap",7,"http://client2:8000","run","http://client2:8000/run",1,TRUE,200,1109,255,3.42190909385681,"2026-05-22T00:02:17.583209Z","2026-05-22T00:02:21.005118Z",1779408137.58321,1779408141.00512,0.000509,0.000758,0.000792,3.406019,3.406063,3.405227,4.3999999999933e-05,3.3992,0.0227090938568115
"2026-05-22T00:02:21.296Z","run_bootstrap",7,"http://client3:8000","run","http://client3:8000/run",1,TRUE,200,1109,256,3.53584003448486,"2026-05-22T00:02:17.582503Z","2026-05-22T00:02:21.118343Z",1779408137.5825,1779408141.11834,0.000728,0.000818,0.00084,3.522081,3.522122,3.521241,4.09999999999577e-05,3.5151,0.0207400344848634
"2026-05-22T00:02:25.126Z","run_bootstrap",8,"http://client1:8000","run","http://client1:8000/run",1,TRUE,200,1109,256,3.81369519233704,"2026-05-22T00:02:21.308054Z","2026-05-22T00:02:25.121749Z",1779408141.30805,1779408145.12175,0.00066,0.000782,0.000838,3.798675,3.798716,3.797837,4.10000000004018e-05,3.7913,0.022395192337036
"2026-05-22T00:02:25.126Z","run_bootstrap",8,"http://client2:8000","run","http://client2:8000/run",1,TRUE,200,1109,255,3.54937815666199,"2026-05-22T00:02:21.308688Z","2026-05-22T00:02:24.858066Z",1779408141.30869,1779408144.85807,0.000541,0.000631,0.000668,3.528974,3.529022,3.528306,4.8000000000048e-05,3.5221,0.0272781566619873
"2026-05-22T00:02:25.126Z","run_bootstrap",8,"http://client3:8000","run","http://client3:8000/run",1,TRUE,200,1109,256,3.75486373901367,"2026-05-22T00:02:21.309230Z","2026-05-22T00:02:25.064094Z",1779408141.30923,1779408145.06409,0.000566,0.000653,0.000689,3.734912,3.734954,3.734223,4.20000000000975e-05,3.7283,0.0265637390136719
"2026-05-22T00:02:29.011Z","run_bootstrap",9,"http://client1:8000","run","http://client1:8000/run",1,TRUE,200,1109,257,3.76513957977295,"2026-05-22T00:02:25.137452Z","2026-05-22T00:02:28.902591Z",1779408145.13745,1779408148.90259,0.000551,0.000659,0.000694,3.748939,3.748979,3.748245,3.9999999999818e-05,3.7416,0.0235395797729492
"2026-05-22T00:02:29.011Z","run_bootstrap",9,"http://client2:8000","run","http://client2:8000/run",1,TRUE,200,1109,255,3.86513090133667,"2026-05-22T00:02:25.137169Z","2026-05-22T00:02:29.002300Z",1779408145.13717,1779408149.0023,0.000591,0.000712,0.000749,3.851602,3.851644,3.850853,4.19999999996534e-05,3.8443,0.0208309013366699
"2026-05-22T00:02:29.011Z","run_bootstrap",9,"http://client3:8000","run","http://client3:8000/run",1,TRUE,200,1109,252,3.8677761554718,"2026-05-22T00:02:25.138805Z","2026-05-22T00:02:29.006581Z",1779408145.13881,1779408149.00658,0.000691,0.000807,0.000841,3.855096,3.855137,3.854255,4.09999999999577e-05,3.8476,0.0201761554718018
"2026-05-22T00:02:33.096Z","run_bootstrap",10,"http://client1:8000","run","http://client1:8000/run",1,TRUE,200,1109,257,3.81422090530396,"2026-05-22T00:02:29.021758Z","2026-05-22T00:02:32.835979Z",1779408149.02176,1779408152.83598,0.000665,0.000769,0.000802,3.800777,3.80082,3.799975,4.29999999997932e-05,3.7936,0.020620905303955
"2026-05-22T00:02:33.096Z","run_bootstrap",10,"http://client2:8000","run","http://client2:8000/run",1,TRUE,200,1109,255,4.06832528114319,"2026-05-22T00:02:29.023398Z","2026-05-22T00:02:33.091723Z",1779408149.0234,1779408153.09172,5e-04,0.000577,0.000607,4.054841,4.054896,4.054234,5.50000000005824e-05,4.0392,0.0291252811431884
"2026-05-22T00:02:33.096Z","run_bootstrap",10,"http://client3:8000","run","http://client3:8000/run",1,TRUE,200,1109,250,3.8086154460907,"2026-05-22T00:02:29.023381Z","2026-05-22T00:02:32.831996Z",1779408149.02338,1779408152.832,0.000582,0.000662,0.000684,3.796431,3.79647,3.795747,3.89999999996782e-05,3.78,0.0286154460906984
"2026-05-22T00:02:37.165Z","run_bootstrap",11,"http://client1:8000","run","http://client1:8000/run",1,TRUE,200,1109,258,3.77421259880066,"2026-05-22T00:02:33.111838Z","2026-05-22T00:02:36.886051Z",1779408153.11184,1779408156.88605,0.00071,0.000808,0.00083,3.751934,3.751966,3.751104,3.2000000000032e-05,3.7448,0.0294125988006591
"2026-05-22T00:02:37.165Z","run_bootstrap",11,"http://client2:8000","run","http://client2:8000/run",1,TRUE,200,1109,254,3.65821719169617,"2026-05-22T00:02:33.111912Z","2026-05-22T00:02:36.770129Z",1779408153.11191,1779408156.77013,0.000709,0.000831,0.000865,3.641376,3.64142,3.640511,4.3999999999933e-05,3.6346,0.0236171916961672
"2026-05-22T00:02:37.165Z","run_bootstrap",11,"http://client3:8000","run","http://client3:8000/run",1,TRUE,200,1109,250,4.04851770401001,"2026-05-22T00:02:33.112026Z","2026-05-22T00:02:37.160544Z",1779408153.11203,1779408157.16054,0.000762,0.000823,0.000842,4.026191,4.026223,4.025349,3.2000000000032e-05,4.0187,0.0298177040100098
"2026-05-22T00:02:41.112Z","run_bootstrap",12,"http://client1:8000","run","http://client1:8000/run",1,TRUE,200,1109,258,3.84734988212585,"2026-05-22T00:02:37.180551Z","2026-05-22T00:02:41.027901Z",1779408157.18055,1779408161.0279,0.000656,0.000738,0.00076,3.833968,3.834121,3.833208,0.00015300000000007,3.8218,0.0255498821258544
"2026-05-22T00:02:41.112Z","run_bootstrap",12,"http://client2:8000","run","http://client2:8000/run",1,TRUE,200,1109,254,3.92533755302429,"2026-05-22T00:02:37.182366Z","2026-05-22T00:02:41.107704Z",1779408157.18237,1779408161.1077,0.000457,0.000535,0.000565,3.911685,3.911731,3.91112,4.60000000002125e-05,3.9049,0.020437553024292
"2026-05-22T00:02:41.112Z","run_bootstrap",12,"http://client3:8000","run","http://client3:8000/run",1,TRUE,200,1109,250,3.90327429771423,"2026-05-22T00:02:37.181685Z","2026-05-22T00:02:41.084960Z",1779408157.18169,1779408161.08496,0.000676,0.000826,0.000862,3.890716,3.890754,3.889854,3.79999999999825e-05,3.8839,0.0193742977142333
"2026-05-22T00:02:44.731Z","run_bootstrap",13,"http://client1:8000","run","http://client1:8000/run",1,TRUE,200,1109,256,3.60399746894836,"2026-05-22T00:02:41.122760Z","2026-05-22T00:02:44.726757Z",1779408161.12276,1779408164.72676,0.000633,0.000744,0.000779,3.591035,3.591085,3.590256,4.99999999998835e-05,3.5838,0.0201974689483642
"2026-05-22T00:02:44.731Z","run_bootstrap",13,"http://client2:8000","run","http://client2:8000/run",1,TRUE,200,1109,255,3.47182011604309,"2026-05-22T00:02:41.124264Z","2026-05-22T00:02:44.596084Z",1779408161.12426,1779408164.59608,0.00055,0.00063,0.000662,3.458493,3.458541,3.457831,4.8000000000048e-05,3.4519,0.0199201160430906
"2026-05-22T00:02:44.731Z","run_bootstrap",13,"http://client3:8000","run","http://client3:8000/run",1,TRUE,200,1109,250,3.56053447723389,"2026-05-22T00:02:41.124433Z","2026-05-22T00:02:44.684967Z",1779408161.12443,1779408164.68497,0.000331,0.000411,0.000434,3.548176,3.548217,3.547742,4.09999999999577e-05,3.5406,0.0199344772338867
"2026-05-22T00:02:48.226Z","run_bootstrap",14,"http://client1:8000","run","http://client1:8000/run",1,TRUE,200,1109,256,3.35546159744263,"2026-05-22T00:02:44.742141Z","2026-05-22T00:02:48.097602Z",1779408164.74214,1779408168.0976,0.000671,0.000779,0.00084,3.341936,3.341981,3.341096,4.50000000000728e-05,3.3338,0.0216615974426269
"2026-05-22T00:02:48.226Z","run_bootstrap",14,"http://client2:8000","run","http://client2:8000/run",1,TRUE,200,1109,255,3.4377498626709,"2026-05-22T00:02:44.744055Z","2026-05-22T00:02:48.181805Z",1779408164.74406,1779408168.18181,0.00075,0.000872,0.000915,3.421461,3.421515,3.420546,5.39999999999985e-05,3.4146,0.0231498626708984
"2026-05-22T00:02:48.226Z","run_bootstrap",14,"http://client3:8000","run","http://client3:8000/run",1,TRUE,200,1109,250,3.47537684440613,"2026-05-22T00:02:44.744336Z","2026-05-22T00:02:48.219712Z",1779408164.74434,1779408168.21971,0.000656,0.000767,0.000803,3.461696,3.461751,3.460893,5.50000000001383e-05,3.4542,0.0211768444061278
"2026-05-22T00:02:51.883Z","run_bootstrap",15,"http://client1:8000","run","http://client1:8000/run",1,TRUE,200,1109,255,3.63601303100586,"2026-05-22T00:02:48.239394Z","2026-05-22T00:02:51.875407Z",1779408168.23939,1779408171.87541,0.000645,0.000761,0.000796,3.620689,3.620739,3.619893,4.99999999998835e-05,3.6131,0.0229130310058592
"2026-05-22T00:02:51.883Z","run_bootstrap",15,"http://client2:8000","run","http://client2:8000/run",1,TRUE,200,1109,255,3.24180102348328,"2026-05-22T00:02:48.240112Z","2026-05-22T00:02:51.481913Z",1779408168.24011,1779408171.48191,0.000521,0.000612,0.000646,3.226255,3.226311,3.225609,5.5999999999834e-05,3.2195,0.0223010234832763
"2026-05-22T00:02:51.883Z","run_bootstrap",15,"http://client3:8000","run","http://client3:8000/run",1,TRUE,200,1109,252,3.63712453842163,"2026-05-22T00:02:48.240753Z","2026-05-22T00:02:51.877877Z",1779408168.24075,1779408171.87788,0.000621,0.000721,0.000754,3.617513,3.61756,3.616759,4.69999999999082e-05,3.6107,0.0264245384216308
"2026-05-22T00:02:55.500Z","run_bootstrap",16,"http://client1:8000","run","http://client1:8000/run",1,TRUE,200,1109,255,3.38511323928833,"2026-05-22T00:02:51.894601Z","2026-05-22T00:02:55.279714Z",1779408171.8946,1779408175.27971,0.00057,0.000647,0.000683,3.36642,3.366453,3.365737,3.29999999997277e-05,3.3593,0.0258132392883299
"2026-05-22T00:02:55.500Z","run_bootstrap",16,"http://client2:8000","run","http://client2:8000/run",1,TRUE,200,1109,255,3.60106611251831,"2026-05-22T00:02:51.895053Z","2026-05-22T00:02:55.496119Z",1779408171.89505,1779408175.49612,0.00055,0.000634,0.000666,3.582522,3.582558,3.581856,3.6000000000147e-05,3.5759,0.0251661125183107
"2026-05-22T00:02:55.500Z","run_bootstrap",16,"http://client3:8000","run","http://client3:8000/run",1,TRUE,200,1109,252,3.53838324546814,"2026-05-22T00:02:51.894651Z","2026-05-22T00:02:55.433034Z",1779408171.89465,1779408175.43303,0.00042,0.000497,0.00052,3.520232,3.520255,3.519712,2.30000000001063e-05,3.5139,0.0244832454681396
"2026-05-22T00:02:59.014Z","run_bootstrap",17,"http://client1:8000","run","http://client1:8000/run",1,TRUE,200,1109,254,3.42081570625305,"2026-05-22T00:02:55.515622Z","2026-05-22T00:02:58.936438Z",1779408175.51562,1779408178.93644,0.00044,0.000546,0.000582,3.399187,3.399229,3.398605,4.20000000000975e-05,3.3917,0.0291157062530516
"2026-05-22T00:02:59.014Z","run_bootstrap",17,"http://client2:8000","run","http://client2:8000/run",1,TRUE,200,1109,256,3.41834712028503,"2026-05-22T00:02:55.516367Z","2026-05-22T00:02:58.934715Z",1779408175.51637,1779408178.93472,0.000624,0.000737,0.000772,3.398682,3.398745,3.39791,6.29999999999242e-05,3.3911,0.0272471202850344
"2026-05-22T00:02:59.014Z","run_bootstrap",17,"http://client3:8000","run","http://client3:8000/run",1,TRUE,200,1109,249,3.4922468662262,"2026-05-22T00:02:55.516765Z","2026-05-22T00:02:59.009012Z",1779408175.51677,1779408179.00901,0.000532,0.000637,0.000671,3.474422,3.474468,3.473751,4.59999999997684e-05,3.4677,0.0245468662261965
"2026-05-22T00:03:02.569Z","run_bootstrap",18,"http://client1:8000","run","http://client1:8000/run",1,TRUE,200,1109,254,3.53698253631592,"2026-05-22T00:02:59.027163Z","2026-05-22T00:03:02.564145Z",1779408179.02716,1779408182.56415,0.000658,0.000764,0.000803,3.517786,3.517918,3.516983,0.000131999999999799,3.5109,0.0260825363159181
"2026-05-22T00:03:02.569Z","run_bootstrap",18,"http://client2:8000","run","http://client2:8000/run",1,TRUE,200,1109,256,3.36968350410461,"2026-05-22T00:02:59.027948Z","2026-05-22T00:03:02.397631Z",1779408179.02795,1779408182.39763,0.000495,0.00056,0.000596,3.349108,3.349242,3.348512,0.000133999999999634,3.3419,0.0277835041046144
"2026-05-22T00:03:02.569Z","run_bootstrap",18,"http://client3:8000","run","http://client3:8000/run",1,TRUE,200,1109,249,3.38510656356812,"2026-05-22T00:02:59.028488Z","2026-05-22T00:03:02.413594Z",1779408179.02849,1779408182.41359,0.000631,0.000741,0.000784,3.366734,3.366869,3.36595,0.000134999999999774,3.3598,0.0253065635681153
"2026-05-22T00:03:06.240Z","run_bootstrap",19,"http://client1:8000","run","http://client1:8000/run",1,TRUE,200,1107,257,3.65460753440857,"2026-05-22T00:03:02.581277Z","2026-05-22T00:03:06.235885Z",1779408182.58128,1779408186.23589,0.000729,0.000833,0.00087,3.638528,3.638568,3.637658,3.9999999999818e-05,3.6308,0.0238075344085695
"2026-05-22T00:03:06.240Z","run_bootstrap",19,"http://client2:8000","run","http://client2:8000/run",1,TRUE,200,1107,252,3.48745608329773,"2026-05-22T00:03:02.582019Z","2026-05-22T00:03:06.069475Z",1779408182.58202,1779408186.06948,0.000694,0.000808,0.000847,3.469211,3.469253,3.468364,4.20000000000975e-05,3.4621,0.0253560832977295
"2026-05-22T00:03:06.240Z","run_bootstrap",19,"http://client3:8000","run","http://client3:8000/run",1,TRUE,200,1107,251,3.40478277206421,"2026-05-22T00:03:02.582835Z","2026-05-22T00:03:05.987618Z",1779408182.58284,1779408185.98762,0.000525,0.000619,0.000653,3.386575,3.386616,3.385922,4.09999999999577e-05,3.3786,0.0261827720642089
"2026-05-22T00:03:10.125Z","run_bootstrap",20,"http://client1:8000","run","http://client1:8000/run",1,TRUE,200,1107,257,3.86828184127808,"2026-05-22T00:03:06.252880Z","2026-05-22T00:03:10.121162Z",1779408186.25288,1779408190.12116,0.000613,0.000737,0.000778,3.852517,3.852549,3.851739,3.19999999995879e-05,3.6978,0.170481841278076
"2026-05-22T00:03:10.125Z","run_bootstrap",20,"http://client2:8000","run","http://client2:8000/run",1,TRUE,200,1107,251,3.57096338272095,"2026-05-22T00:03:06.253815Z","2026-05-22T00:03:09.824778Z",1779408186.25382,1779408189.82478,0.000725,0.000831,0.000866,3.555391,3.555439,3.554525,4.79999999996039e-05,3.401,0.169963382720947
"2026-05-22T00:03:10.125Z","run_bootstrap",20,"http://client3:8000","run","http://client3:8000/run",1,TRUE,200,1107,251,3.85471820831299,"2026-05-22T00:03:06.254675Z","2026-05-22T00:03:10.109393Z",1779408186.25468,1779408190.10939,0.000506,0.000597,0.000629,3.839114,3.839151,3.838485,3.70000000002868e-05,3.6864,0.168318208312988
"2026-05-22T00:03:13.829Z","run_bootstrap",21,"http://client1:8000","run","http://client1:8000/run",1,TRUE,200,1107,255,3.68603897094727,"2026-05-22T00:03:10.136235Z","2026-05-22T00:03:13.822274Z",1779408190.13624,1779408193.82227,0.000635,0.000738,0.000776,3.672636,3.672677,3.67186,4.10000000004018e-05,3.6656,0.0204389709472657
"2026-05-22T00:03:13.829Z","run_bootstrap",21,"http://client2:8000","run","http://client2:8000/run",1,TRUE,200,1107,254,3.39341688156128,"2026-05-22T00:03:10.137506Z","2026-05-22T00:03:13.530922Z",1779408190.13751,1779408193.53092,0.000614,0.000703,0.000736,3.376549,3.376594,3.375813,4.50000000000728e-05,3.3695,0.0239168815612794
"2026-05-22T00:03:13.829Z","run_bootstrap",21,"http://client3:8000","run","http://client3:8000/run",1,TRUE,200,1107,253,3.68439197540283,"2026-05-22T00:03:10.137882Z","2026-05-22T00:03:13.822274Z",1779408190.13788,1779408193.82227,0.000702,0.00082,0.000857,3.670066,3.670113,3.669209,4.70000000003523e-05,3.6629,0.021491975402832
"2026-05-22T00:03:17.412Z","run_bootstrap",22,"http://client1:8000","run","http://client1:8000/run",1,TRUE,200,1107,255,3.56121516227722,"2026-05-22T00:03:13.844408Z","2026-05-22T00:03:17.405623Z",1779408193.84441,1779408197.40562,0.000718,0.000827,0.000866,3.546872,3.546912,3.546006,3.9999999999818e-05,3.5395,0.0217151622772218
"2026-05-22T00:03:17.412Z","run_bootstrap",22,"http://client2:8000","run","http://client2:8000/run",1,TRUE,200,1107,254,3.49458169937134,"2026-05-22T00:03:13.844416Z","2026-05-22T00:03:17.338998Z",1779408193.84442,1779408197.339,0.00079,0.000886,0.000922,3.480165,3.480207,3.479243,4.20000000000975e-05,3.4729,0.0216816993713378
"2026-05-22T00:03:17.412Z","run_bootstrap",22,"http://client3:8000","run","http://client3:8000/run",1,TRUE,200,1107,253,3.50621271133423,"2026-05-22T00:03:13.847186Z","2026-05-22T00:03:17.353399Z",1779408193.84719,1779408197.3534,0.000449,0.000529,0.00056,3.492345,3.492387,3.491785,4.20000000000975e-05,3.4845,0.0217127113342284
"2026-05-22T00:03:21.103Z","run_bootstrap",23,"http://client1:8000","run","http://client1:8000/run",1,TRUE,200,1109,256,3.45668530464172,"2026-05-22T00:03:17.425160Z","2026-05-22T00:03:20.881845Z",1779408197.42516,1779408200.88185,0.00067,0.000765,0.000796,3.438022,3.438064,3.437226,4.19999999996534e-05,3.4308,0.0258853046417236
"2026-05-22T00:03:21.103Z","run_bootstrap",23,"http://client2:8000","run","http://client2:8000/run",1,TRUE,200,1109,254,3.53795790672302,"2026-05-22T00:03:17.424910Z","2026-05-22T00:03:20.962868Z",1779408197.42491,1779408200.96287,0.000474,0.000601,0.000639,3.524247,3.52429,3.523608,4.30000000002373e-05,3.5176,0.0203579067230226
"2026-05-22T00:03:21.103Z","run_bootstrap",23,"http://client3:8000","run","http://client3:8000/run",1,TRUE,200,1109,253,3.67340326309204,"2026-05-22T00:03:17.425633Z","2026-05-22T00:03:21.099036Z",1779408197.42563,1779408201.09904,0.000603,0.000668,0.000692,3.660993,3.6612,3.660301,0.000207000000000068,3.6541,0.0193032630920409
"2026-05-22T00:03:24.708Z","run_bootstrap",24,"http://client1:8000","run","http://client1:8000/run",1,TRUE,200,1109,256,3.57189393043518,"2026-05-22T00:03:21.115868Z","2026-05-22T00:03:24.687762Z",1779408201.11587,1779408204.68776,0.000606,0.000711,0.000746,3.554782,3.554824,3.554036,4.20000000000975e-05,3.5478,0.0240939304351806
"2026-05-22T00:03:24.708Z","run_bootstrap",24,"http://client2:8000","run","http://client2:8000/run",1,TRUE,200,1109,254,3.5871889591217,"2026-05-22T00:03:21.116441Z","2026-05-22T00:03:24.703629Z",1779408201.11644,1779408204.70363,0.000607,0.000733,0.000767,3.571736,3.571779,3.570969,4.29999999997932e-05,3.5635,0.0236889591217042
"2026-05-22T00:03:24.708Z","run_bootstrap",24,"http://client3:8000","run","http://client3:8000/run",1,TRUE,200,1109,252,3.54035902023315,"2026-05-22T00:03:21.116958Z","2026-05-22T00:03:24.657317Z",1779408201.11696,1779408204.65732,0.000612,0.000721,0.000755,3.52081,3.520862,3.520055,5.2000000000163e-05,3.514,0.0263590202331545
"2026-05-22T00:03:28.461Z","run_bootstrap",25,"http://client1:8000","run","http://client1:8000/run",1,TRUE,200,1109,256,3.56772828102112,"2026-05-22T00:03:24.718330Z","2026-05-22T00:03:28.286058Z",1779408204.71833,1779408208.28606,0.000728,0.00081,0.000846,3.554665,3.554709,3.553819,4.3999999999933e-05,3.5455,0.0222282810211181
"2026-05-22T00:03:28.461Z","run_bootstrap",25,"http://client2:8000","run","http://client2:8000/run",1,TRUE,200,1109,254,3.29274940490723,"2026-05-22T00:03:24.720073Z","2026-05-22T00:03:28.012822Z",1779408204.72007,1779408208.01282,0.000725,0.000834,0.000869,3.273241,3.273283,3.272372,4.20000000000975e-05,3.263,0.0297494049072267
"2026-05-22T00:03:28.461Z","run_bootstrap",25,"http://client3:8000","run","http://client3:8000/run",1,TRUE,200,1109,251,3.73638725280762,"2026-05-22T00:03:24.720572Z","2026-05-22T00:03:28.456959Z",1779408204.72057,1779408208.45696,0.000493,0.000568,0.000598,3.723855,3.723887,3.723257,3.2000000000032e-05,3.7169,0.0194872528076173
"2026-05-22T00:03:32.242Z","run_bootstrap",26,"http://client1:8000","run","http://client1:8000/run",1,TRUE,200,1109,256,3.32467460632324,"2026-05-22T00:03:28.472952Z","2026-05-22T00:03:31.797627Z",1779408208.47295,1779408211.79763,0.000655,0.000756,0.00079,3.308282,3.308329,3.307492,4.69999999999082e-05,3.2973,0.0273746063232423
"2026-05-22T00:03:32.242Z","run_bootstrap",26,"http://client2:8000","run","http://client2:8000/run",1,TRUE,200,1109,255,3.75114583969116,"2026-05-22T00:03:28.473312Z","2026-05-22T00:03:32.224458Z",1779408208.47331,1779408212.22446,0.000434,0.000547,0.000613,3.731693,3.731835,3.73108,0.000141999999999864,3.7211,0.0300458396911623
"2026-05-22T00:03:32.242Z","run_bootstrap",26,"http://client3:8000","run","http://client3:8000/run",1,TRUE,200,1109,251,3.76362252235413,"2026-05-22T00:03:28.473843Z","2026-05-22T00:03:32.237466Z",1779408208.47384,1779408212.23747,0.000512,0.000622,0.000656,3.747281,3.747354,3.746625,7.29999999999897e-05,3.7383,0.0253225223541258
"2026-05-22T00:03:35.870Z","run_bootstrap",27,"http://client1:8000","run","http://client1:8000/run",1,TRUE,200,1108,255,3.60219979286194,"2026-05-22T00:03:32.253710Z","2026-05-22T00:03:35.855910Z",1779408212.25371,1779408215.85591,0.000374,0.000426,0.00044,3.578545,3.578569,3.578105,2.3999999999802e-05,3.5717,0.0304997928619386
"2026-05-22T00:03:35.870Z","run_bootstrap",27,"http://client2:8000","run","http://client2:8000/run",1,TRUE,200,1108,255,3.60977649688721,"2026-05-22T00:03:32.254308Z","2026-05-22T00:03:35.864085Z",1779408212.25431,1779408215.86409,0.000497,0.000562,0.000582,3.585913,3.585943,3.585331,2.99999999997524e-05,3.5792,0.0305764968872069
"2026-05-22T00:03:35.870Z","run_bootstrap",27,"http://client3:8000","run","http://client3:8000/run",1,TRUE,200,1108,252,3.49503302574158,"2026-05-22T00:03:32.254953Z","2026-05-22T00:03:35.749986Z",1779408212.25495,1779408215.74999,0.000703,0.000801,0.000825,3.475129,3.47516,3.474304,3.09999999998922e-05,3.468,0.0270330257415772
"2026-05-22T00:03:39.478Z","run_bootstrap",28,"http://client1:8000","run","http://client1:8000/run",1,TRUE,200,1108,255,3.58573079109192,"2026-05-22T00:03:35.886846Z","2026-05-22T00:03:39.472577Z",1779408215.88685,1779408219.47258,0.000462,0.000546,0.000569,3.572454,3.572484,3.571885,3.00000000001965e-05,3.5653,0.0204307910919188
"2026-05-22T00:03:39.478Z","run_bootstrap",28,"http://client2:8000","run","http://client2:8000/run",1,TRUE,200,1108,255,3.27530097961426,"2026-05-22T00:03:35.887828Z","2026-05-22T00:03:39.163129Z",1779408215.88783,1779408219.16313,0.000552,0.000628,0.000658,3.258612,3.258655,3.257954,4.30000000002373e-05,3.2479,0.0274009796142578
"2026-05-22T00:03:39.478Z","run_bootstrap",28,"http://client3:8000","run","http://client3:8000/run",1,TRUE,200,1108,253,3.58425140380859,"2026-05-22T00:03:35.887008Z","2026-05-22T00:03:39.471260Z",1779408215.88701,1779408219.47126,0.000738,0.000796,0.000815,3.570181,3.570223,3.569366,4.20000000000975e-05,3.5626,0.0216514038085935
"2026-05-22T00:03:43.122Z","run_bootstrap",29,"http://client1:8000","run","http://client1:8000/run",1,TRUE,200,1108,255,3.62727117538452,"2026-05-22T00:03:39.491038Z","2026-05-22T00:03:43.118309Z",1779408219.49104,1779408223.11831,0.000555,0.000647,0.000679,3.60834,3.608384,3.607661,4.3999999999933e-05,3.6011,0.0261711753845213
"2026-05-22T00:03:43.122Z","run_bootstrap",29,"http://client2:8000","run","http://client2:8000/run",1,TRUE,200,1108,254,3.59231662750244,"2026-05-22T00:03:39.491585Z","2026-05-22T00:03:43.083902Z",1779408219.49159,1779408223.0839,0.000496,0.000577,0.000611,3.573061,3.573103,3.57245,4.20000000000975e-05,3.5644,0.0279166275024414
"2026-05-22T00:03:43.122Z","run_bootstrap",29,"http://client3:8000","run","http://client3:8000/run",1,TRUE,200,1108,252,3.55708384513855,"2026-05-22T00:03:39.491028Z","2026-05-22T00:03:43.048111Z",1779408219.49103,1779408223.04811,0.000495,0.000597,0.000634,3.543252,3.543296,3.542618,4.3999999999933e-05,3.5354,0.0216838451385497
"2026-05-22T00:03:46.787Z","run_bootstrap",30,"http://client1:8000","run","http://client1:8000/run",1,TRUE,200,1108,255,3.64882135391235,"2026-05-22T00:03:43.133445Z","2026-05-22T00:03:46.782266Z",1779408223.13345,1779408226.78227,0.000746,0.000866,0.000916,3.635242,3.635281,3.634326,3.90000000001223e-05,3.6278,0.0210213539123534
"2026-05-22T00:03:46.787Z","run_bootstrap",30,"http://client2:8000","run","http://client2:8000/run",1,TRUE,200,1108,254,3.52241802215576,"2026-05-22T00:03:43.135083Z","2026-05-22T00:03:46.657501Z",1779408223.13508,1779408226.6575,0.000432,0.000559,0.000599,3.508724,3.508767,3.508125,4.30000000002373e-05,3.5022,0.0202180221557615
"2026-05-22T00:03:46.787Z","run_bootstrap",30,"http://client3:8000","run","http://client3:8000/run",1,TRUE,200,1108,252,3.58287620544434,"2026-05-22T00:03:43.135877Z","2026-05-22T00:03:46.718754Z",1779408223.13588,1779408226.71875,0.000602,0.000696,0.000742,3.563178,3.563219,3.562436,4.09999999999577e-05,3.5555,0.0273762054443361
"2026-05-22T00:03:50.396Z","run_bootstrap",31,"http://client1:8000","run","http://client1:8000/run",1,TRUE,200,1109,255,3.59409046173096,"2026-05-22T00:03:46.798443Z","2026-05-22T00:03:50.392534Z",1779408226.79844,1779408230.39253,0.000552,0.00064,0.000673,3.580286,3.580324,3.579613,3.79999999999825e-05,3.5732,0.0208904617309571
"2026-05-22T00:03:50.396Z","run_bootstrap",31,"http://client2:8000","run","http://client2:8000/run",1,TRUE,200,1109,255,3.57610845565796,"2026-05-22T00:03:46.799087Z","2026-05-22T00:03:50.375195Z",1779408226.79909,1779408230.3752,0.000597,0.00068,0.000712,3.558991,3.559033,3.558279,4.20000000000975e-05,3.5514,0.0247084556579589
"2026-05-22T00:03:50.396Z","run_bootstrap",31,"http://client3:8000","run","http://client3:8000/run",1,TRUE,200,1109,253,3.55720663070679,"2026-05-22T00:03:46.798513Z","2026-05-22T00:03:50.355720Z",1779408226.79851,1779408230.35572,0.000608,0.000714,0.000747,3.543539,3.54358,3.542792,4.09999999999577e-05,3.5362,0.0210066307067871
"2026-05-22T00:03:54.196Z","run_bootstrap",32,"http://client1:8000","run","http://client1:8000/run",1,TRUE,200,1109,255,3.77814412117004,"2026-05-22T00:03:50.408478Z","2026-05-22T00:03:54.186622Z",1779408230.40848,1779408234.18662,0.000369,0.000449,0.000476,3.765555,3.765591,3.765079,3.6000000000147e-05,3.7585,0.0196441211700438
"2026-05-22T00:03:54.196Z","run_bootstrap",32,"http://client2:8000","run","http://client2:8000/run",1,TRUE,200,1109,255,3.46807050704956,"2026-05-22T00:03:50.408505Z","2026-05-22T00:03:53.876576Z",1779408230.40851,1779408233.87658,0.000421,0.000505,0.000549,3.454817,3.454863,3.454268,4.60000000002125e-05,3.4458,0.0222705070495604
"2026-05-22T00:03:54.196Z","run_bootstrap",32,"http://client3:8000","run","http://client3:8000/run",1,TRUE,200,1109,253,3.49542045593262,"2026-05-22T00:03:50.409690Z","2026-05-22T00:03:53.905111Z",1779408230.40969,1779408233.90511,0.000487,0.000561,0.000601,3.479298,3.479343,3.478697,4.50000000000728e-05,3.4723,0.023120455932617
"2026-05-22T00:03:58.064Z","run_bootstrap",33,"http://client1:8000","run","http://client1:8000/run",1,TRUE,200,1107,254,3.6381950378418,"2026-05-22T00:03:54.210504Z","2026-05-22T00:03:57.848699Z",1779408234.2105,1779408237.8487,0.000601,0.000735,0.00077,3.622801,3.622847,3.622031,4.60000000002125e-05,3.6154,0.0227950378417967
"2026-05-22T00:03:58.064Z","run_bootstrap",33,"http://client2:8000","run","http://client2:8000/run",1,TRUE,200,1107,254,3.84504985809326,"2026-05-22T00:03:54.212344Z","2026-05-22T00:03:58.057394Z",1779408234.21234,1779408238.05739,0.00062,0.000732,0.000766,3.829889,3.829929,3.829123,3.9999999999818e-05,3.8214,0.0236498580932616
"2026-05-22T00:03:58.064Z","run_bootstrap",33,"http://client3:8000","run","http://client3:8000/run",1,TRUE,200,1107,252,3.55426216125488,"2026-05-22T00:03:54.212483Z","2026-05-22T00:03:57.766746Z",1779408234.21248,1779408237.76675,0.000651,0.000735,0.000766,3.536108,3.536151,3.535342,4.29999999997932e-05,3.5291,0.0251621612548827
"2026-05-22T00:04:01.776Z","run_bootstrap",34,"http://client1:8000","run","http://client1:8000/run",1,TRUE,200,1107,254,3.61440849304199,"2026-05-22T00:03:58.078272Z","2026-05-22T00:04:01.692680Z",1779408238.07827,1779408241.69268,0.000546,0.000608,0.00063,3.600238,3.60028,3.599608,4.20000000000975e-05,3.5926,0.0218084930419922
"2026-05-22T00:04:01.776Z","run_bootstrap",34,"http://client2:8000","run","http://client2:8000/run",1,TRUE,200,1107,254,3.64803433418274,"2026-05-22T00:03:58.078747Z","2026-05-22T00:04:01.726781Z",1779408238.07875,1779408241.72678,0.000477,0.000554,0.000583,3.63518,3.635246,3.634597,6.59999999998995e-05,3.6287,0.0193343341827394
"2026-05-22T00:04:01.776Z","run_bootstrap",34,"http://client3:8000","run","http://client3:8000/run",1,TRUE,200,1107,252,3.69243359565735,"2026-05-22T00:03:58.079300Z","2026-05-22T00:04:01.771733Z",1779408238.0793,1779408241.77173,0.000459,0.000554,0.000583,3.680199,3.680235,3.679616,3.6000000000147e-05,3.6735,0.0189335956573484
"2026-05-22T00:04:05.554Z","run_bootstrap",35,"http://client1:8000","run","http://client1:8000/run",1,TRUE,200,1108,254,3.67031049728394,"2026-05-22T00:04:01.787948Z","2026-05-22T00:04:05.458258Z",1779408241.78795,1779408245.45826,0.000544,0.000628,0.000659,3.650053,3.650095,3.649394,4.19999999996534e-05,3.642,0.0283104972839356
"2026-05-22T00:04:05.554Z","run_bootstrap",35,"http://client2:8000","run","http://client2:8000/run",1,TRUE,200,1108,254,3.68206667900085,"2026-05-22T00:04:01.788555Z","2026-05-22T00:04:05.470622Z",1779408241.78856,1779408245.47062,0.000479,0.000561,0.000593,3.667129,3.667176,3.666536,4.69999999999082e-05,3.6604,0.0216666790008544
"2026-05-22T00:04:05.554Z","run_bootstrap",35,"http://client3:8000","run","http://client3:8000/run",1,TRUE,200,1108,251,3.76216506958008,"2026-05-22T00:04:01.788015Z","2026-05-22T00:04:05.550180Z",1779408241.78802,1779408245.55018,0.000717,0.000829,0.000862,3.748086,3.74813,3.747224,4.40000000003771e-05,3.7401,0.0220650695800781
"2026-05-22T00:04:09.472Z","run_bootstrap",36,"http://client1:8000","run","http://client1:8000/run",1,TRUE,200,1108,255,3.89747309684753,"2026-05-22T00:04:05.567397Z","2026-05-22T00:04:09.464870Z",1779408245.5674,1779408249.46487,0.000692,8e-04,0.000842,3.879499,3.879545,3.878657,4.59999999997684e-05,3.8721,0.0253730968475341
"2026-05-22T00:04:09.472Z","run_bootstrap",36,"http://client2:8000","run","http://client2:8000/run",1,TRUE,200,1108,254,3.59044528007507,"2026-05-22T00:04:05.568115Z","2026-05-22T00:04:09.158561Z",1779408245.56812,1779408249.15856,0.00066,0.000773,0.000812,3.575299,3.575353,3.574487,5.39999999999985e-05,3.5677,0.0227452800750734
"2026-05-22T00:04:09.472Z","run_bootstrap",36,"http://client3:8000","run","http://client3:8000/run",1,TRUE,200,1108,250,3.57083797454834,"2026-05-22T00:04:05.568826Z","2026-05-22T00:04:09.139664Z",1779408245.56883,1779408249.13966,0.000659,0.000788,0.000837,3.554265,3.554312,3.553428,4.69999999999082e-05,3.547,0.0238379745483397
"2026-05-22T00:04:13.419Z","run_bootstrap",37,"http://client1:8000","run","http://client1:8000/run",1,TRUE,200,1109,256,3.93281221389771,"2026-05-22T00:04:09.482699Z","2026-05-22T00:04:13.415512Z",1779408249.4827,1779408253.41551,0.000511,0.000605,0.000633,3.912839,3.912874,3.912206,3.50000000000072e-05,3.9057,0.0271122138977051
"2026-05-22T00:04:13.419Z","run_bootstrap",37,"http://client2:8000","run","http://client2:8000/run",1,TRUE,200,1109,254,3.73494005203247,"2026-05-22T00:04:09.483098Z","2026-05-22T00:04:13.218038Z",1779408249.4831,1779408253.21804,0.000685,0.000815,0.000852,3.71915,3.719193,3.718298,4.30000000002373e-05,3.7119,0.0230400520324707
"2026-05-22T00:04:13.419Z","run_bootstrap",37,"http://client3:8000","run","http://client3:8000/run",1,TRUE,200,1109,252,3.71707463264465,"2026-05-22T00:04:09.483557Z","2026-05-22T00:04:13.200632Z",1779408249.48356,1779408253.20063,0.000534,0.000613,0.000644,3.697895,3.697942,3.697251,4.69999999999082e-05,3.6908,0.0262746326446535
"2026-05-22T00:04:17.197Z","run_bootstrap",38,"http://client1:8000","run","http://client1:8000/run",1,TRUE,200,1109,256,3.73441600799561,"2026-05-22T00:04:13.431698Z","2026-05-22T00:04:17.166114Z",1779408253.4317,1779408257.16611,0.000573,0.000681,0.000718,3.715194,3.715233,3.714476,3.90000000001223e-05,3.7071,0.0273160079956054
"2026-05-22T00:04:17.197Z","run_bootstrap",38,"http://client2:8000","run","http://client2:8000/run",1,TRUE,200,1109,254,3.76195549964905,"2026-05-22T00:04:13.431393Z","2026-05-22T00:04:17.193348Z",1779408253.43139,1779408257.19335,0.000645,0.000725,0.000754,3.742876,3.742924,3.742122,4.8000000000048e-05,3.7356,0.026355499649048
"2026-05-22T00:04:17.197Z","run_bootstrap",38,"http://client3:8000","run","http://client3:8000/run",1,TRUE,200,1109,252,3.72810196876526,"2026-05-22T00:04:13.433001Z","2026-05-22T00:04:17.161103Z",1779408253.433,1779408257.1611,0.000643,0.000754,0.000792,3.704099,3.704149,3.703307,5.00000000003276e-05,3.6969,0.0312019687652589
"2026-05-22T00:04:20.910Z","run_bootstrap",39,"http://client1:8000","run","http://client1:8000/run",1,TRUE,200,1108,256,3.65280032157898,"2026-05-22T00:04:17.212912Z","2026-05-22T00:04:20.865713Z",1779408257.21291,1779408260.86571,0.000461,0.000543,0.000578,3.635099,3.635142,3.634521,4.30000000002373e-05,3.6259,0.0269003215789794
"2026-05-22T00:04:20.910Z","run_bootstrap",39,"http://client2:8000","run","http://client2:8000/run",1,TRUE,200,1108,255,3.69045495986938,"2026-05-22T00:04:17.213374Z","2026-05-22T00:04:20.903829Z",1779408257.21337,1779408260.90383,0.000667,0.000775,0.000815,3.673574,3.673619,3.672759,4.50000000000728e-05,3.6664,0.0240549598693849
"2026-05-22T00:04:20.910Z","run_bootstrap",39,"http://client3:8000","run","http://client3:8000/run",1,TRUE,200,1108,251,3.46333956718445,"2026-05-22T00:04:17.212389Z","2026-05-22T00:04:20.675728Z",1779408257.21239,1779408260.67573,0.000593,0.000695,0.000733,3.449657,3.4497,3.448924,4.29999999997932e-05,3.4426,0.0207395671844481
"2026-05-22T00:04:24.869Z","run_bootstrap",40,"http://client1:8000","run","http://client1:8000/run",1,TRUE,200,1108,256,3.94149374961853,"2026-05-22T00:04:20.923535Z","2026-05-22T00:04:24.865029Z",1779408260.92354,1779408264.86503,0.00052,0.000652,0.000703,3.926735,3.926962,3.926032,0.000227000000000199,3.7741,0.16739374961853
"2026-05-22T00:04:24.869Z","run_bootstrap",40,"http://client2:8000","run","http://client2:8000/run",1,TRUE,200,1108,255,3.82822966575623,"2026-05-22T00:04:20.924118Z","2026-05-22T00:04:24.752348Z",1779408260.92412,1779408264.75235,0.000696,0.000811,0.000855,3.815051,3.815087,3.814196,3.6000000000147e-05,3.6602,0.168029665756225
"2026-05-22T00:04:24.869Z","run_bootstrap",40,"http://client3:8000","run","http://client3:8000/run",1,TRUE,200,1108,251,3.69729447364807,"2026-05-22T00:04:20.924709Z","2026-05-22T00:04:24.622003Z",1779408260.92471,1779408264.622,0.000518,0.000639,0.000684,3.683809,3.683975,3.683125,0.000166000000000111,3.5342,0.163094473648072
"2026-05-22T00:04:28.527Z","run_bootstrap",41,"http://client1:8000","run","http://client1:8000/run",1,TRUE,200,1108,256,3.5682852268219,"2026-05-22T00:04:24.881122Z","2026-05-22T00:04:28.449407Z",1779408264.88112,1779408268.44941,0.000419,0.000503,0.000534,3.551726,3.551766,3.551192,4.0000000000262e-05,3.5454,0.0228852268218995
"2026-05-22T00:04:28.527Z","run_bootstrap",41,"http://client2:8000","run","http://client2:8000/run",1,TRUE,200,1108,253,3.35149908065796,"2026-05-22T00:04:24.880787Z","2026-05-22T00:04:28.232286Z",1779408264.88079,1779408268.23229,0.000643,0.000761,0.000801,3.337803,3.337846,3.337002,4.29999999997932e-05,3.3287,0.022799080657959
"2026-05-22T00:04:28.527Z","run_bootstrap",41,"http://client3:8000","run","http://client3:8000/run",1,TRUE,200,1108,251,3.64196419715881,"2026-05-22T00:04:24.881283Z","2026-05-22T00:04:28.523248Z",1779408264.88128,1779408268.52325,0.000805,0.000898,0.000933,3.629586,3.629617,3.628653,3.09999999998922e-05,3.6226,0.0193641971588137
"2026-05-22T00:04:32.038Z","run_bootstrap",42,"http://client1:8000","run","http://client1:8000/run",1,TRUE,200,1108,256,3.49109387397766,"2026-05-22T00:04:28.539707Z","2026-05-22T00:04:32.030801Z",1779408268.53971,1779408272.0308,0.000703,0.000787,0.000808,3.477468,3.47751,3.47666,4.20000000000975e-05,3.4703,0.0207938739776612
"2026-05-22T00:04:32.038Z","run_bootstrap",42,"http://client2:8000","run","http://client2:8000/run",1,TRUE,200,1108,253,3.49028515815735,"2026-05-22T00:04:28.540625Z","2026-05-22T00:04:32.030910Z",1779408268.54063,1779408272.03091,0.000635,0.000716,0.000747,3.477473,3.477511,3.476726,3.79999999999825e-05,3.4693,0.0209851581573486
"2026-05-22T00:04:32.038Z","run_bootstrap",42,"http://client3:8000","run","http://client3:8000/run",1,TRUE,200,1108,251,3.44697070121765,"2026-05-22T00:04:28.541232Z","2026-05-22T00:04:31.988202Z",1779408268.54123,1779408271.9882,0.000517,0.000595,0.000626,3.434399,3.434442,3.433773,4.30000000002373e-05,3.4277,0.0192707012176512
"2026-05-22T00:04:35.584Z","run_bootstrap",43,"http://client1:8000","run","http://client1:8000/run",1,TRUE,200,1108,255,3.31521940231323,"2026-05-22T00:04:32.050846Z","2026-05-22T00:04:35.366065Z",1779408272.05085,1779408275.36607,0.000556,0.000653,0.000695,3.294189,3.294235,3.293494,4.60000000002125e-05,3.276,0.0392194023132326
"2026-05-22T00:04:35.584Z","run_bootstrap",43,"http://client2:8000","run","http://client2:8000/run",1,TRUE,200,1108,255,3.46700572967529,"2026-05-22T00:04:32.051479Z","2026-05-22T00:04:35.518485Z",1779408272.05148,1779408275.51849,0.000668,0.000779,0.000824,3.447635,3.44768,3.446811,4.50000000000728e-05,3.4305,0.0365057296752931
"2026-05-22T00:04:35.584Z","run_bootstrap",43,"http://client3:8000","run","http://client3:8000/run",1,TRUE,200,1108,251,3.52713847160339,"2026-05-22T00:04:32.051762Z","2026-05-22T00:04:35.578901Z",1779408272.05176,1779408275.5789,0.000395,0.000473,0.000506,3.507893,3.507928,3.507387,3.50000000000072e-05,3.491,0.0361384716033935
"2026-05-22T00:04:39.267Z","run_bootstrap",44,"http://client1:8000","run","http://client1:8000/run",1,TRUE,200,1108,256,3.37171673774719,"2026-05-22T00:04:35.599951Z","2026-05-22T00:04:38.971668Z",1779408275.59995,1779408278.97167,0.000534,0.000621,0.000659,3.355074,3.35522,3.354415,0.000145999999999979,3.3478,0.0239167377471925
"2026-05-22T00:04:39.267Z","run_bootstrap",44,"http://client2:8000","run","http://client2:8000/run",1,TRUE,200,1108,255,3.66237497329712,"2026-05-22T00:04:35.600626Z","2026-05-22T00:04:39.263001Z",1779408275.60063,1779408279.263,0.000621,0.000726,0.000774,3.64721,3.647346,3.646436,0.000136000000000358,3.6405,0.0218749732971193
"2026-05-22T00:04:39.267Z","run_bootstrap",44,"http://client3:8000","run","http://client3:8000/run",1,TRUE,200,1108,252,3.3949670791626,"2026-05-22T00:04:35.601214Z","2026-05-22T00:04:38.996181Z",1779408275.60121,1779408278.99618,0.00062,0.000726,0.000771,3.381152,3.381259,3.380381,0.000106999999999857,3.3744,0.0205670791625976
"2026-05-22T00:04:42.817Z","run_bootstrap",45,"http://client1:8000","run","http://client1:8000/run",1,TRUE,200,1107,256,3.53280305862427,"2026-05-22T00:04:39.279896Z","2026-05-22T00:04:42.812699Z",1779408279.2799,1779408282.8127,0.000487,0.00056,0.000591,3.516477,3.516518,3.515886,4.09999999999577e-05,3.5094,0.0234030586242677
"2026-05-22T00:04:42.817Z","run_bootstrap",45,"http://client2:8000","run","http://client2:8000/run",1,TRUE,200,1107,251,3.52006053924561,"2026-05-22T00:04:39.280459Z","2026-05-22T00:04:42.800520Z",1779408279.28046,1779408282.80052,0.000662,0.000761,0.000792,3.505679,3.50571,3.504887,3.09999999998922e-05,3.4987,0.0213605392456055
"2026-05-22T00:04:42.817Z","run_bootstrap",45,"http://client3:8000","run","http://client3:8000/run",1,TRUE,200,1107,251,3.51662993431091,"2026-05-22T00:04:39.280987Z","2026-05-22T00:04:42.797616Z",1779408279.28099,1779408282.79762,0.000567,0.000648,0.000681,3.502691,3.502732,3.50201,4.09999999999577e-05,3.4941,0.0225299343109131
"2026-05-22T00:04:46.575Z","run_bootstrap",46,"http://client1:8000","run","http://client1:8000/run",1,TRUE,200,1107,256,3.57915735244751,"2026-05-22T00:04:42.828545Z","2026-05-22T00:04:46.407702Z",1779408282.82855,1779408286.4077,0.000781,0.000901,0.000937,3.565426,3.565467,3.564489,4.09999999999577e-05,3.5582,0.02095735244751
"2026-05-22T00:04:46.575Z","run_bootstrap",46,"http://client2:8000","run","http://client2:8000/run",1,TRUE,200,1107,251,3.35997152328491,"2026-05-22T00:04:42.830180Z","2026-05-22T00:04:46.190151Z",1779408282.83018,1779408286.19015,0.000592,0.000702,0.000737,3.34349,3.343532,3.342753,4.20000000000975e-05,3.3368,0.0231715232849119
"2026-05-22T00:04:46.575Z","run_bootstrap",46,"http://client3:8000","run","http://client3:8000/run",1,TRUE,200,1107,251,3.74067568778992,"2026-05-22T00:04:42.830202Z","2026-05-22T00:04:46.570878Z",1779408282.8302,1779408286.57088,0.000519,0.000632,0.000667,3.727328,3.727368,3.726661,3.9999999999818e-05,3.7208,0.0198756877899169
"2026-05-22T00:04:50.369Z","run_bootstrap",47,"http://client1:8000","run","http://client1:8000/run",1,TRUE,200,1108,253,3.72159552574158,"2026-05-22T00:04:46.640427Z","2026-05-22T00:04:50.362023Z",1779408286.64043,1779408290.36202,0.000671,0.000783,0.000817,3.708804,3.708893,3.707987,8.90000000000057e-05,3.691,0.0305955257415773
"2026-05-22T00:04:50.369Z","run_bootstrap",47,"http://client2:8000","run","http://client2:8000/run",1,TRUE,200,1108,255,3.30308938026428,"2026-05-22T00:04:46.643022Z","2026-05-22T00:04:49.946111Z",1779408286.64302,1779408289.94611,0.000652,0.000752,0.00079,3.282929,3.283085,3.282139,0.000155999999999601,3.2722,0.030889380264282
"2026-05-22T00:04:50.369Z","run_bootstrap",47,"http://client3:8000","run","http://client3:8000/run",1,TRUE,200,1108,256,3.57189130783081,"2026-05-22T00:04:46.643333Z","2026-05-22T00:04:50.215224Z",1779408286.64333,1779408290.21522,0.000633,0.00075,0.000788,3.552186,3.552324,3.551398,0.000138000000000194,3.5429,0.0289913078308106
"2026-05-22T00:04:54.210Z","run_bootstrap",48,"http://client1:8000","run","http://client1:8000/run",1,TRUE,200,1108,253,3.81889677047729,"2026-05-22T00:04:50.386821Z","2026-05-22T00:04:54.205718Z",1779408290.38682,1779408294.20572,0.000736,0.000824,0.000855,3.79903,3.799136,3.798175,0.000105999999999717,3.792,0.0268967704772951
"2026-05-22T00:04:54.210Z","run_bootstrap",48,"http://client2:8000","run","http://client2:8000/run",1,TRUE,200,1108,255,3.62400150299072,"2026-05-22T00:04:50.387476Z","2026-05-22T00:04:54.011478Z",1779408290.38748,1779408294.01148,0.000653,0.000735,0.000756,3.604656,3.6048,3.6039,0.000144000000000144,3.5966,0.0274015029907226
"2026-05-22T00:04:54.210Z","run_bootstrap",48,"http://client3:8000","run","http://client3:8000/run",1,TRUE,200,1108,256,3.60330557823181,"2026-05-22T00:04:50.388258Z","2026-05-22T00:04:53.991564Z",1779408290.38826,1779408293.99156,0.00069,0.000749,0.000768,3.584972,3.585097,3.584204,0.000125000000000153,3.5782,0.0251055782318117
"2026-05-22T00:04:58.035Z","run_bootstrap",49,"http://client1:8000","run","http://client1:8000/run",1,TRUE,200,1109,258,3.54004788398743,"2026-05-22T00:04:54.221083Z","2026-05-22T00:04:57.761131Z",1779408294.22108,1779408297.76113,0.000717,0.000826,0.000867,3.525946,3.5261,3.525079,0.00015400000000021,3.5168,0.0232478839874268
"2026-05-22T00:04:58.035Z","run_bootstrap",49,"http://client2:8000","run","http://client2:8000/run",1,TRUE,200,1109,254,3.80512809753418,"2026-05-22T00:04:54.223020Z","2026-05-22T00:04:58.028148Z",1779408294.22302,1779408298.02815,0.000743,0.000815,0.00086,3.789571,3.789714,3.788711,0.000143000000000004,3.7823,0.0228280975341795
"2026-05-22T00:04:58.035Z","run_bootstrap",49,"http://client3:8000","run","http://client3:8000/run",1,TRUE,200,1109,255,3.5412859916687,"2026-05-22T00:04:54.223204Z","2026-05-22T00:04:57.764490Z",1779408294.2232,1779408297.76449,0.000705,0.000815,0.00086,3.526005,3.526143,3.525145,0.000137999999999749,3.5165,0.024785991668701
"2026-05-22T00:05:01.718Z","run_bootstrap",50,"http://client1:8000","run","http://client1:8000/run",1,TRUE,200,1109,258,3.66569447517395,"2026-05-22T00:04:58.046153Z","2026-05-22T00:05:01.711848Z",1779408298.04615,1779408301.71185,0.000697,0.000809,0.000845,3.650875,3.650983,3.65003,0.000107999999999997,3.6429,0.0227944751739502
"2026-05-22T00:05:01.718Z","run_bootstrap",50,"http://client2:8000","run","http://client2:8000/run",1,TRUE,200,1109,254,3.5648455619812,"2026-05-22T00:04:58.047824Z","2026-05-22T00:05:01.612669Z",1779408298.04782,1779408301.61267,0.000613,0.000736,0.000773,3.54922,3.54937,3.548447,0.000150000000000095,3.5412,0.0236455619812013
"2026-05-22T00:05:01.718Z","run_bootstrap",50,"http://client3:8000","run","http://client3:8000/run",1,TRUE,200,1109,255,3.60891699790955,"2026-05-22T00:04:58.048044Z","2026-05-22T00:05:01.656961Z",1779408298.04804,1779408301.65696,0.00057,0.000711,0.000749,3.59414,3.594298,3.593391,0.000158000000000325,3.5848,0.0241169979095459
"2026-05-22T00:05:05.544Z","run_bootstrap",51,"http://client1:8000","run","http://client1:8000/run",1,TRUE,200,1108,251,3.80859422683716,"2026-05-22T00:05:01.731024Z","2026-05-22T00:05:05.539618Z",1779408301.73102,1779408305.53962,0.000535,0.000617,0.000647,3.793313,3.793462,3.792666,0.000148999999999955,3.7835,0.0250942268371581
"2026-05-22T00:05:05.544Z","run_bootstrap",51,"http://client2:8000","run","http://client2:8000/run",1,TRUE,200,1108,254,3.57555341720581,"2026-05-22T00:05:01.731503Z","2026-05-22T00:05:05.307057Z",1779408301.7315,1779408305.30706,0.000436,0.000527,0.000561,3.56088,3.561025,3.560319,0.00014499999999984,3.5501,0.0254534172058105
"2026-05-22T00:05:05.544Z","run_bootstrap",51,"http://client3:8000","run","http://client3:8000/run",1,TRUE,200,1108,255,3.58063745498657,"2026-05-22T00:05:01.730539Z","2026-05-22T00:05:05.311177Z",1779408301.73054,1779408305.31118,0.000754,0.000866,9e-04,3.565922,3.566061,3.565022,0.000138999999999889,3.5539,0.0267374549865722
"2026-05-22T00:05:09.172Z","run_bootstrap",52,"http://client1:8000","run","http://client1:8000/run",1,TRUE,200,1108,251,3.58613872528076,"2026-05-22T00:05:05.556653Z","2026-05-22T00:05:09.142791Z",1779408305.55665,1779408309.14279,0.000652,0.000729,0.00076,3.568746,3.568886,3.567986,0.000140000000000029,3.5612,0.0249387252807618
"2026-05-22T00:05:09.172Z","run_bootstrap",52,"http://client2:8000","run","http://client2:8000/run",1,TRUE,200,1108,254,3.61087727546692,"2026-05-22T00:05:05.557667Z","2026-05-22T00:05:09.168544Z",1779408305.55767,1779408309.16854,0.000425,0.000502,0.000525,3.595267,3.595386,3.594742,0.000118999999999758,3.5885,0.0223772754669191
"2026-05-22T00:05:09.172Z","run_bootstrap",52,"http://client3:8000","run","http://client3:8000/run",1,TRUE,200,1108,255,3.51934599876404,"2026-05-22T00:05:05.558312Z","2026-05-22T00:05:09.077658Z",1779408305.55831,1779408309.07766,0.000523,0.000601,0.000633,3.503579,3.503719,3.502946,0.000139999999999585,3.4964,0.0229459987640381
"2026-05-22T00:05:12.987Z","run_bootstrap",53,"http://client1:8000","run","http://client1:8000/run",1,TRUE,200,1110,255,3.51974534988403,"2026-05-22T00:05:09.186508Z","2026-05-22T00:05:12.706254Z",1779408309.18651,1779408312.70625,0.000515,0.000628,0.00067,3.504537,3.50467,3.503867,0.000132999999999939,3.4967,0.0230453498840331
"2026-05-22T00:05:12.987Z","run_bootstrap",53,"http://client2:8000","run","http://client2:8000/run",1,TRUE,200,1110,256,3.79598355293274,"2026-05-22T00:05:09.187070Z","2026-05-22T00:05:12.983053Z",1779408309.18707,1779408312.98305,0.00049,0.00061,0.00065,3.776947,3.777073,3.776297,0.000126000000000293,3.7692,0.0267835529327392
"2026-05-22T00:05:12.987Z","run_bootstrap",53,"http://client3:8000","run","http://client3:8000/run",1,TRUE,200,1110,254,3.63442778587341,"2026-05-22T00:05:09.186348Z","2026-05-22T00:05:12.820776Z",1779408309.18635,1779408312.82078,0.000751,0.000866,0.000905,3.620932,3.621064,3.620027,0.000132000000000243,3.6135,0.0209277858734129
"2026-05-22T00:05:16.802Z","run_bootstrap",54,"http://client1:8000","run","http://client1:8000/run",1,TRUE,200,1110,255,3.52757501602173,"2026-05-22T00:05:12.999693Z","2026-05-22T00:05:16.527268Z",1779408312.99969,1779408316.52727,0.000541,0.000641,0.000674,3.511292,3.511446,3.510618,0.000153999999999765,3.5035,0.0240750160217287
"2026-05-22T00:05:16.802Z","run_bootstrap",54,"http://client2:8000","run","http://client2:8000/run",1,TRUE,200,1110,254,3.76159834861755,"2026-05-22T00:05:13.000337Z","2026-05-22T00:05:16.761935Z",1779408313.00034,1779408316.76194,0.000398,0.000474,0.000499,3.746812,3.746921,3.746313,0.000109000000000137,3.74,0.0215983486175535
"2026-05-22T00:05:16.802Z","run_bootstrap",54,"http://client3:8000","run","http://client3:8000/run",1,TRUE,200,1110,254,3.79626822471619,"2026-05-22T00:05:13.000971Z","2026-05-22T00:05:16.797239Z",1779408313.00097,1779408316.79724,0.000516,0.000592,0.000622,3.780142,3.780275,3.77952,0.000132999999999939,3.7731,0.0231682247161866
"2026-05-22T00:05:20.597Z","run_bootstrap",55,"http://client1:8000","run","http://client1:8000/run",1,TRUE,200,1109,255,3.64118576049805,"2026-05-22T00:05:16.814027Z","2026-05-22T00:05:20.455213Z",1779408316.81403,1779408320.45521,0.000494,0.000582,0.000622,3.622415,3.622539,3.621793,0.000124000000000013,3.6116,0.0295857604980467
"2026-05-22T00:05:20.597Z","run_bootstrap",55,"http://client2:8000","run","http://client2:8000/run",1,TRUE,200,1109,255,3.77559185028076,"2026-05-22T00:05:16.814622Z","2026-05-22T00:05:20.590214Z",1779408316.81462,1779408320.59021,0.000449,0.000531,0.00057,3.755241,3.755332,3.754671,9.10000000002853e-05,3.7477,0.0278918502807617
"2026-05-22T00:05:20.597Z","run_bootstrap",55,"http://client3:8000","run","http://client3:8000/run",1,TRUE,200,1109,252,3.60965323448181,"2026-05-22T00:05:16.814157Z","2026-05-22T00:05:20.423811Z",1779408316.81416,1779408320.42381,0.000539,0.000644,0.000688,3.595131,3.595259,3.594443,0.000128000000000128,3.5882,0.0214532344818115
"2026-05-22T00:05:24.448Z","run_bootstrap",56,"http://client1:8000","run","http://client1:8000/run",1,TRUE,200,1109,254,3.43044781684875,"2026-05-22T00:05:20.610485Z","2026-05-22T00:05:24.040932Z",1779408320.61049,1779408324.04093,0.00077,0.000898,0.000938,3.41484,3.414929,3.413902,8.90000000000057e-05,3.407,0.0234478168487549
"2026-05-22T00:05:24.448Z","run_bootstrap",56,"http://client2:8000","run","http://client2:8000/run",1,TRUE,200,1109,255,3.65129113197327,"2026-05-22T00:05:20.611265Z","2026-05-22T00:05:24.262556Z",1779408320.61127,1779408324.26256,0.00054,0.000638,0.000673,3.630923,3.631,3.63025,7.69999999996607e-05,3.6239,0.0273911319732667
"2026-05-22T00:05:24.448Z","run_bootstrap",56,"http://client3:8000","run","http://client3:8000/run",1,TRUE,200,1109,252,3.82931566238403,"2026-05-22T00:05:20.611825Z","2026-05-22T00:05:24.441141Z",1779408320.61183,1779408324.44114,0.000552,0.000668,0.000708,3.806612,3.806737,3.805904,0.000125000000000153,3.7996,0.0297156623840333
"2026-05-22T00:05:28.286Z","run_bootstrap",57,"http://client1:8000","run","http://client1:8000/run",1,TRUE,200,1109,253,3.68397378921509,"2026-05-22T00:05:24.466718Z","2026-05-22T00:05:28.150692Z",1779408324.46672,1779408328.15069,0.000778,0.000854,0.000895,3.661403,3.661535,3.660508,0.000132000000000243,3.6539,0.0300737892150877
"2026-05-22T00:05:28.286Z","run_bootstrap",57,"http://client2:8000","run","http://client2:8000/run",1,TRUE,200,1109,252,3.34131550788879,"2026-05-22T00:05:24.466991Z","2026-05-22T00:05:27.808306Z",1779408324.46699,1779408327.80831,0.000697,0.000812,0.000859,3.318915,3.319063,3.318056,0.000147999999999815,3.3081,0.0332155078887939
"2026-05-22T00:05:28.286Z","run_bootstrap",57,"http://client3:8000","run","http://client3:8000/run",1,TRUE,200,1109,254,3.81459856033325,"2026-05-22T00:05:24.467423Z","2026-05-22T00:05:28.282022Z",1779408324.46742,1779408328.28202,0.000503,0.000616,0.000663,3.792474,3.792609,3.791811,0.000135000000000218,3.7856,0.0289985603332519
"2026-05-22T00:05:32.185Z","run_bootstrap",58,"http://client1:8000","run","http://client1:8000/run",1,TRUE,200,1109,253,3.62333035469055,"2026-05-22T00:05:28.303008Z","2026-05-22T00:05:31.926339Z",1779408328.30301,1779408331.92634,0.000719,0.00082,0.000856,3.610875,3.61102,3.610019,0.00014499999999984,3.6031,0.0202303546905518
"2026-05-22T00:05:32.185Z","run_bootstrap",58,"http://client2:8000","run","http://client2:8000/run",1,TRUE,200,1109,252,3.66929316520691,"2026-05-22T00:05:28.302959Z","2026-05-22T00:05:31.972252Z",1779408328.30296,1779408331.97225,0.000696,0.000806,0.000842,3.656846,3.656982,3.656004,0.000136000000000358,3.6493,0.019993165206909
"2026-05-22T00:05:32.185Z","run_bootstrap",58,"http://client3:8000","run","http://client3:8000/run",1,TRUE,200,1109,254,3.87676072120667,"2026-05-22T00:05:28.304628Z","2026-05-22T00:05:32.181389Z",1779408328.30463,1779408332.18139,0.000476,0.000648,0.000694,3.863742,3.863953,3.863048,0.000211000000000183,3.8567,0.020060721206665
"2026-05-22T00:05:36.106Z","run_bootstrap",59,"http://client1:8000","run","http://client1:8000/run",1,TRUE,200,1104,253,3.70518851280212,"2026-05-22T00:05:32.198189Z","2026-05-22T00:05:35.903377Z",1779408332.19819,1779408335.90338,0.00053,0.000567,0.000583,3.691374,3.691484,3.690791,0.000109999999999832,3.6842,0.0209885128021239
"2026-05-22T00:05:36.106Z","run_bootstrap",59,"http://client2:8000","run","http://client2:8000/run",1,TRUE,200,1104,249,3.88302636146545,"2026-05-22T00:05:32.198742Z","2026-05-22T00:05:36.081769Z",1779408332.19874,1779408336.08177,0.000567,0.000641,0.000663,3.869809,3.869949,3.869146,0.000140000000000029,3.8628,0.0202263614654541
"2026-05-22T00:05:36.106Z","run_bootstrap",59,"http://client3:8000","run","http://client3:8000/run",1,TRUE,200,1104,253,3.90243792533875,"2026-05-22T00:05:32.199000Z","2026-05-22T00:05:36.101438Z",1779408332.199,1779408336.10144,0.000413,0.00049,0.000514,3.889488,3.88955,3.888974,6.19999999997844e-05,3.8824,0.020037925338745
"2026-05-22T00:05:40.219Z","run_bootstrap",60,"http://client1:8000","run","http://client1:8000/run",1,TRUE,200,1104,253,4.09621477127075,"2026-05-22T00:05:36.118940Z","2026-05-22T00:05:40.215155Z",1779408336.11894,1779408340.21516,0.000546,0.000639,0.000672,4.083191,4.083323,4.082519,0.000131999999999799,3.9249,0.171314771270752
"2026-05-22T00:05:40.219Z","run_bootstrap",60,"http://client2:8000","run","http://client2:8000/run",1,TRUE,200,1104,249,3.76310610771179,"2026-05-22T00:05:36.118382Z","2026-05-22T00:05:39.881488Z",1779408336.11838,1779408339.88149,0.000691,0.000784,0.000819,3.749846,3.749987,3.749027,0.000141000000000169,3.5962,0.166906107711792
"2026-05-22T00:05:40.219Z","run_bootstrap",60,"http://client3:8000","run","http://client3:8000/run",1,TRUE,200,1104,252,3.85133147239685,"2026-05-22T00:05:36.118709Z","2026-05-22T00:05:39.970041Z",1779408336.11871,1779408339.97004,0.000679,0.000785,0.00082,3.837774,3.837911,3.836954,0.000137000000000054,3.685,0.166331472396851
"2026-05-22T00:05:43.837Z","run_bootstrap",61,"http://client1:8000","run","http://client1:8000/run",1,TRUE,200,1109,253,3.47743678092957,"2026-05-22T00:05:40.230160Z","2026-05-22T00:05:43.707597Z",1779408340.23016,1779408343.7076,0.000685,0.000791,0.000825,3.463513,3.463624,3.462688,0.000110999999999972,3.4563,0.0211367809295653
"2026-05-22T00:05:43.837Z","run_bootstrap",61,"http://client2:8000","run","http://client2:8000/run",1,TRUE,200,1109,252,3.60040330886841,"2026-05-22T00:05:40.231898Z","2026-05-22T00:05:43.832301Z",1779408340.2319,1779408343.8323,0.000449,0.00053,0.000566,3.582539,3.582721,3.581973,0.000181999999999682,3.5761,0.0243033088684084
"2026-05-22T00:05:43.837Z","run_bootstrap",61,"http://client3:8000","run","http://client3:8000/run",1,TRUE,200,1109,250,3.41955471038818,"2026-05-22T00:05:40.232305Z","2026-05-22T00:05:43.651859Z",1779408340.23231,1779408343.65186,0.000615,0.000696,0.000727,3.40202,3.402237,3.401293,0.000217000000000134,3.3938,0.0257547103881834
"2026-05-22T00:05:47.514Z","run_bootstrap",62,"http://client1:8000","run","http://client1:8000/run",1,TRUE,200,1109,253,3.34895849227905,"2026-05-22T00:05:43.850588Z","2026-05-22T00:05:47.199546Z",1779408343.85059,1779408347.19955,0.000496,0.000555,0.000583,3.332646,3.332708,3.332063,6.19999999997844e-05,3.3257,0.0232584922790529
"2026-05-22T00:05:47.514Z","run_bootstrap",62,"http://client2:8000","run","http://client2:8000/run",1,TRUE,200,1109,252,3.5258207321167,"2026-05-22T00:05:43.851276Z","2026-05-22T00:05:47.377097Z",1779408343.85128,1779408347.3771,0.000569,0.000624,0.00065,3.510934,3.511055,3.510284,0.000120999999999594,3.5027,0.0231207321166993
"2026-05-22T00:05:47.514Z","run_bootstrap",62,"http://client3:8000","run","http://client3:8000/run",1,TRUE,200,1109,250,3.65757155418396,"2026-05-22T00:05:43.851962Z","2026-05-22T00:05:47.509533Z",1779408343.85196,1779408347.50953,0.00048,0.000548,0.000577,3.643376,3.643586,3.642799,0.000210000000000043,3.6369,0.0206715541839602
"2026-05-22T00:05:51.236Z","run_bootstrap",63,"http://client1:8000","run","http://client1:8000/run",1,TRUE,200,1109,252,3.51856517791748,"2026-05-22T00:05:47.526668Z","2026-05-22T00:05:51.045233Z",1779408347.52667,1779408351.04523,0.000677,0.000753,0.000788,3.499875,3.500118,3.499087,0.000243000000000215,3.4809,0.0376651779174804
"2026-05-22T00:05:51.236Z","run_bootstrap",63,"http://client2:8000","run","http://client2:8000/run",1,TRUE,200,1109,254,3.56104302406311,"2026-05-22T00:05:47.527356Z","2026-05-22T00:05:51.088399Z",1779408347.52736,1779408351.0884,0.000612,0.000704,0.000743,3.542841,3.542975,3.542098,0.000134000000000079,3.5266,0.0344430240631102
"2026-05-22T00:05:51.236Z","run_bootstrap",63,"http://client3:8000","run","http://client3:8000/run",1,TRUE,200,1109,248,3.70575952529907,"2026-05-22T00:05:47.526686Z","2026-05-22T00:05:51.232445Z",1779408347.52669,1779408351.23245,0.000798,0.000906,0.000943,3.687654,3.687793,3.686711,0.000138999999999889,3.6715,0.0342595252990723
"2026-05-22T00:05:54.961Z","run_bootstrap",64,"http://client1:8000","run","http://client1:8000/run",1,TRUE,200,1109,252,3.70549416542053,"2026-05-22T00:05:51.251459Z","2026-05-22T00:05:54.956953Z",1779408351.25146,1779408354.95695,0.000551,0.000645,0.00068,3.683929,3.684055,3.683249,0.000125999999999848,3.6763,0.0291941654205323
"2026-05-22T00:05:54.961Z","run_bootstrap",64,"http://client2:8000","run","http://client2:8000/run",1,TRUE,200,1109,254,3.6206681728363,"2026-05-22T00:05:51.252347Z","2026-05-22T00:05:54.873015Z",1779408351.25235,1779408354.87302,0.000708,0.000832,0.000868,3.604068,3.604197,3.6032,0.000129000000000268,3.5961,0.0245681728363039
"2026-05-22T00:05:54.961Z","run_bootstrap",64,"http://client3:8000","run","http://client3:8000/run",1,TRUE,200,1109,248,3.46504783630371,"2026-05-22T00:05:51.252838Z","2026-05-22T00:05:54.717886Z",1779408351.25284,1779408354.71789,0.000531,0.000622,0.000656,3.443977,3.444111,3.443321,0.000134000000000079,3.4361,0.0289478363037108
"2026-05-22T00:05:58.697Z","run_bootstrap",65,"http://client1:8000","run","http://client1:8000/run",1,TRUE,200,1108,253,3.71774768829346,"2026-05-22T00:05:54.975025Z","2026-05-22T00:05:58.692773Z",1779408354.97503,1779408358.69277,0.000427,0.000506,0.000547,3.700196,3.700326,3.699649,0.000129999999999963,3.6932,0.024547688293457
"2026-05-22T00:05:58.697Z","run_bootstrap",65,"http://client2:8000","run","http://client2:8000/run",1,TRUE,200,1108,254,3.53759241104126,"2026-05-22T00:05:54.975661Z","2026-05-22T00:05:58.513254Z",1779408354.97566,1779408358.51325,0.000477,0.000562,6e-04,3.517839,3.51795,3.517239,0.000110999999999972,3.5112,0.0263924110412597
"2026-05-22T00:05:58.697Z","run_bootstrap",65,"http://client3:8000","run","http://client3:8000/run",1,TRUE,200,1108,251,3.48707890510559,"2026-05-22T00:05:54.976193Z","2026-05-22T00:05:58.463272Z",1779408354.97619,1779408358.46327,0.000697,0.000815,0.000859,3.472372,3.472505,3.471513,0.000132999999999939,3.4653,0.0217789051055908
"2026-05-22T00:06:02.420Z","run_bootstrap",66,"http://client1:8000","run","http://client1:8000/run",1,TRUE,200,1108,253,3.70484399795532,"2026-05-22T00:05:58.708788Z","2026-05-22T00:06:02.413632Z",1779408358.70879,1779408362.41363,0.000724,0.000838,0.000964,3.690714,3.690846,3.68975,0.000132000000000243,3.6822,0.0226439979553223
"2026-05-22T00:06:02.420Z","run_bootstrap",66,"http://client2:8000","run","http://client2:8000/run",1,TRUE,200,1108,254,3.54040861129761,"2026-05-22T00:05:58.710396Z","2026-05-22T00:06:02.250805Z",1779408358.7104,1779408362.25081,0.000572,0.000661,0.000693,3.524266,3.524383,3.523573,0.000116999999999923,3.5174,0.0230086112976076
"2026-05-22T00:06:02.420Z","run_bootstrap",66,"http://client3:8000","run","http://client3:8000/run",1,TRUE,200,1108,251,3.45509481430054,"2026-05-22T00:05:58.710731Z","2026-05-22T00:06:02.165826Z",1779408358.71073,1779408362.16583,0.000539,0.000643,0.000677,3.434277,3.434416,3.4336,0.000139000000000333,3.4265,0.0285948143005372
"2026-05-22T00:06:06.167Z","run_bootstrap",67,"http://client1:8000","run","http://client1:8000/run",1,TRUE,200,1110,253,3.72743630409241,"2026-05-22T00:06:02.432118Z","2026-05-22T00:06:06.159554Z",1779408362.43212,1779408366.15955,0.000702,0.000814,0.000856,3.71166,3.711741,3.710804,8.09999999997757e-05,3.7044,0.0230363040924071
"2026-05-22T00:06:06.167Z","run_bootstrap",67,"http://client2:8000","run","http://client2:8000/run",1,TRUE,200,1110,253,3.44046521186829,"2026-05-22T00:06:02.432784Z","2026-05-22T00:06:05.873249Z",1779408362.43278,1779408365.87325,0.000544,0.000623,0.000658,3.422223,3.422344,3.421565,0.000121000000000038,3.4144,0.026065211868286
"2026-05-22T00:06:06.167Z","run_bootstrap",67,"http://client3:8000","run","http://client3:8000/run",1,TRUE,200,1110,248,3.72477054595947,"2026-05-22T00:06:02.433259Z","2026-05-22T00:06:06.158030Z",1779408362.43326,1779408366.15803,0.000509,0.000605,0.00063,3.709572,3.709633,3.708942,6.10000000000888e-05,3.7018,0.0229705459594727
"2026-05-22T00:06:09.793Z","run_bootstrap",68,"http://client1:8000","run","http://client1:8000/run",1,TRUE,200,1110,253,3.26916742324829,"2026-05-22T00:06:06.179845Z","2026-05-22T00:06:09.449012Z",1779408366.17985,1779408369.44901,0.000552,0.00062,0.00066,3.254304,3.25444,3.253644,0.000136000000000358,3.2465,0.0226674232482909
"2026-05-22T00:06:09.793Z","run_bootstrap",68,"http://client2:8000","run","http://client2:8000/run",1,TRUE,200,1110,253,3.60838556289673,"2026-05-22T00:06:06.180586Z","2026-05-22T00:06:09.788971Z",1779408366.18059,1779408369.78897,0.000401,0.000522,0.000558,3.591541,3.591665,3.590983,0.000124000000000013,3.5852,0.0231855628967286
"2026-05-22T00:06:09.793Z","run_bootstrap",68,"http://client3:8000","run","http://client3:8000/run",1,TRUE,200,1110,248,3.5576012134552,"2026-05-22T00:06:06.179773Z","2026-05-22T00:06:09.737375Z",1779408366.17977,1779408369.73738,0.000695,0.000804,0.000853,3.543361,3.543489,3.542508,0.000128000000000128,3.5364,0.0212012134552002
"2026-05-22T00:06:13.574Z","run_bootstrap",69,"http://client1:8000","run","http://client1:8000/run",1,TRUE,200,1109,250,3.76459622383118,"2026-05-22T00:06:09.805366Z","2026-05-22T00:06:13.569962Z",1779408369.80537,1779408373.56996,0.000621,7e-04,0.000722,3.747421,3.747555,3.746699,0.000134000000000079,3.74,0.0245962238311765
"2026-05-22T00:06:13.574Z","run_bootstrap",69,"http://client2:8000","run","http://client2:8000/run",1,TRUE,200,1109,250,3.4981849193573,"2026-05-22T00:06:09.805911Z","2026-05-22T00:06:13.304096Z",1779408369.80591,1779408373.3041,0.00072,0.000799,0.000832,3.480871,3.481006,3.480039,0.000134999999999774,3.4736,0.0245849193573
"2026-05-22T00:06:13.574Z","run_bootstrap",69,"http://client3:8000","run","http://client3:8000/run",1,TRUE,200,1109,250,3.55159735679626,"2026-05-22T00:06:09.806512Z","2026-05-22T00:06:13.358109Z",1779408369.80651,1779408373.35811,0.000627,0.000706,0.000737,3.531019,3.531168,3.530282,0.000148999999999955,3.5237,0.0278973567962648
"2026-05-22T00:06:17.291Z","run_bootstrap",70,"http://client1:8000","run","http://client1:8000/run",1,TRUE,200,1109,251,3.69673466682434,"2026-05-22T00:06:13.587924Z","2026-05-22T00:06:17.284659Z",1779408373.58792,1779408377.28466,0.000667,0.000771,0.00081,3.682477,3.682626,3.681667,0.000148999999999955,3.675,0.021734666824341
"2026-05-22T00:06:17.291Z","run_bootstrap",70,"http://client2:8000","run","http://client2:8000/run",1,TRUE,200,1109,250,3.69509601593018,"2026-05-22T00:06:13.589649Z","2026-05-22T00:06:17.284745Z",1779408373.58965,1779408377.28475,0.000649,0.000761,0.000801,3.681005,3.681125,3.680204,0.000120000000000342,3.6742,0.0208960159301759
"2026-05-22T00:06:17.291Z","run_bootstrap",70,"http://client3:8000","run","http://client3:8000/run",1,TRUE,200,1109,250,3.50110220909119,"2026-05-22T00:06:13.589967Z","2026-05-22T00:06:17.091069Z",1779408373.58997,1779408377.09107,0.000547,0.000663,0.000698,3.481077,3.481206,3.480379,0.000128999999999824,3.4733,0.0278022090911865
"2026-05-22T00:06:21.138Z","run_bootstrap",71,"http://client1:8000","run","http://client1:8000/run",1,TRUE,200,1110,252,3.66308689117432,"2026-05-22T00:06:17.303790Z","2026-05-22T00:06:20.966877Z",1779408377.30379,1779408380.96688,0.000588,0.000659,0.000689,3.645919,3.646045,3.64523,0.000125999999999848,3.639,0.0240868911743166
"2026-05-22T00:06:21.138Z","run_bootstrap",71,"http://client2:8000","run","http://client2:8000/run",1,TRUE,200,1110,254,3.59507608413696,"2026-05-22T00:06:17.304266Z","2026-05-22T00:06:20.899342Z",1779408377.30427,1779408380.89934,0.000548,0.000618,0.000641,3.578734,3.578844,3.578093,0.000110000000000277,3.5709,0.0241760841369629
"2026-05-22T00:06:21.138Z","run_bootstrap",71,"http://client3:8000","run","http://client3:8000/run",1,TRUE,200,1110,249,3.8290421962738,"2026-05-22T00:06:17.304722Z","2026-05-22T00:06:21.133764Z",1779408377.30472,1779408381.13376,0.000766,0.000878,0.000914,3.814882,3.815019,3.813968,0.000137000000000054,3.8077,0.0213421962738036
"2026-05-22T00:06:24.937Z","run_bootstrap",72,"http://client1:8000","run","http://client1:8000/run",1,TRUE,200,1110,253,3.67111134529114,"2026-05-22T00:06:21.149483Z","2026-05-22T00:06:24.820595Z",1779408381.14948,1779408384.8206,0.000671,0.000862,0.000935,3.657373,3.657505,3.656438,0.000131999999999799,3.6498,0.0213113452911378
"2026-05-22T00:06:24.937Z","run_bootstrap",72,"http://client2:8000","run","http://client2:8000/run",1,TRUE,200,1110,254,3.7784628868103,"2026-05-22T00:06:21.151337Z","2026-05-22T00:06:24.929800Z",1779408381.15134,1779408384.9298,0.000607,0.000704,0.000753,3.764949,3.765088,3.764196,0.000138999999999889,3.7568,0.0216628868103026
"2026-05-22T00:06:24.937Z","run_bootstrap",72,"http://client3:8000","run","http://client3:8000/run",1,TRUE,200,1110,249,3.72670149803162,"2026-05-22T00:06:21.150914Z","2026-05-22T00:06:24.877615Z",1779408381.15091,1779408384.87762,0.000609,0.000696,0.000736,3.712781,3.712925,3.712045,0.0001439999999997,3.7053,0.0214014980316164
"2026-05-22T00:06:28.789Z","run_bootstrap",73,"http://client1:8000","run","http://client1:8000/run",1,TRUE,200,1109,251,3.6941511631012,"2026-05-22T00:06:24.959334Z","2026-05-22T00:06:28.653486Z",1779408384.95933,1779408388.65349,0.000558,0.00065,0.000674,3.679915,3.680033,3.679241,0.000118000000000062,3.6725,0.0216511631011964
"2026-05-22T00:06:28.789Z","run_bootstrap",73,"http://client2:8000","run","http://client2:8000/run",1,TRUE,200,1109,254,3.51532530784607,"2026-05-22T00:06:24.958262Z","2026-05-22T00:06:28.473588Z",1779408384.95826,1779408388.47359,0.000664,0.00074,0.000759,3.499574,3.499697,3.498815,0.000122999999999873,3.4903,0.0250253078460694
"2026-05-22T00:06:28.789Z","run_bootstrap",73,"http://client3:8000","run","http://client3:8000/run",1,TRUE,200,1109,248,3.8235969543457,"2026-05-22T00:06:24.960842Z","2026-05-22T00:06:28.784439Z",1779408384.96084,1779408388.78444,0.000513,0.000586,0.000617,3.810051,3.810175,3.809434,0.000124000000000013,3.8031,0.020496954345703
"2026-05-22T00:06:32.704Z","run_bootstrap",74,"http://client1:8000","run","http://client1:8000/run",1,TRUE,200,1109,251,3.62184023857117,"2026-05-22T00:06:28.801708Z","2026-05-22T00:06:32.423549Z",1779408388.80171,1779408392.42355,0.000709,0.000815,0.00086,3.60233,3.602479,3.60147,0.000149000000000399,3.5943,0.0275402385711669
"2026-05-22T00:06:32.704Z","run_bootstrap",74,"http://client2:8000","run","http://client2:8000/run",1,TRUE,200,1109,254,3.64248204231262,"2026-05-22T00:06:28.803454Z","2026-05-22T00:06:32.445936Z",1779408388.80345,1779408392.44594,0.000701,0.000777,0.000817,3.62395,3.624104,3.623133,0.00015400000000021,3.6055,0.0369820423126219
"2026-05-22T00:06:32.704Z","run_bootstrap",74,"http://client3:8000","run","http://client3:8000/run",1,TRUE,200,1109,248,3.8969714641571,"2026-05-22T00:06:28.803870Z","2026-05-22T00:06:32.700841Z",1779408388.80387,1779408392.70084,0.00059,0.000737,0.000782,3.878874,3.879017,3.878092,0.000143000000000004,3.8616,0.0353714641571043
"2026-05-22T00:06:36.577Z","run_bootstrap",75,"http://client1:8000","run","http://client1:8000/run",1,TRUE,200,1110,251,3.75875926017761,"2026-05-22T00:06:32.718310Z","2026-05-22T00:06:36.477070Z",1779408392.71831,1779408396.47707,0.000445,0.000521,0.000544,3.740166,3.740291,3.739622,0.000125000000000153,3.7328,0.0259592601776122
"2026-05-22T00:06:36.577Z","run_bootstrap",75,"http://client2:8000","run","http://client2:8000/run",1,TRUE,200,1110,254,3.85371851921082,"2026-05-22T00:06:32.718882Z","2026-05-22T00:06:36.572601Z",1779408392.71888,1779408396.5726,0.000595,0.000641,0.000659,3.835718,3.835885,3.835059,0.00016700000000025,3.8287,0.0250185192108154
"2026-05-22T00:06:36.577Z","run_bootstrap",75,"http://client3:8000","run","http://client3:8000/run",1,TRUE,200,1110,248,3.58691430091858,"2026-05-22T00:06:32.719438Z","2026-05-22T00:06:36.306352Z",1779408392.71944,1779408396.30635,0.000433,0.000488,0.000507,3.56934,3.569472,3.568833,0.000132000000000243,3.5609,0.0260143009185789
"2026-05-22T00:06:40.373Z","run_bootstrap",76,"http://client1:8000","run","http://client1:8000/run",1,TRUE,200,1110,251,3.77933502197266,"2026-05-22T00:06:36.589380Z","2026-05-22T00:06:40.368716Z",1779408396.58938,1779408400.36872,0.000829,0.000938,0.000974,3.75903,3.759196,3.758056,0.000166000000000111,3.7511,0.0282350219726561
"2026-05-22T00:06:40.373Z","run_bootstrap",76,"http://client2:8000","run","http://client2:8000/run",1,TRUE,200,1110,254,3.61529421806335,"2026-05-22T00:06:36.590095Z","2026-05-22T00:06:40.205389Z",1779408396.5901,1779408400.20539,0.000657,0.000745,0.000781,3.594742,3.594869,3.593961,0.000126999999999988,3.5859,0.0293942180633544
"2026-05-22T00:06:40.373Z","run_bootstrap",76,"http://client3:8000","run","http://client3:8000/run",1,TRUE,200,1110,248,3.58937811851501,"2026-05-22T00:06:36.589354Z","2026-05-22T00:06:40.178733Z",1779408396.58935,1779408400.17873,0.000704,0.000807,0.000843,3.575454,3.575531,3.574611,7.69999999996607e-05,3.5675,0.0218781185150148
"2026-05-22T00:06:44.273Z","run_bootstrap",77,"http://client1:8000","run","http://client1:8000/run",1,TRUE,200,1109,252,3.88569784164429,"2026-05-22T00:06:40.383605Z","2026-05-22T00:06:44.269303Z",1779408400.38361,1779408404.2693,0.000589,0.000698,0.000735,3.871715,3.871872,3.87098,0.000157000000000185,3.8558,0.0298978416442872
"2026-05-22T00:06:44.273Z","run_bootstrap",77,"http://client2:8000","run","http://client2:8000/run",1,TRUE,200,1109,254,3.67566514015198,"2026-05-22T00:06:40.384557Z","2026-05-22T00:06:44.060222Z",1779408400.38456,1779408404.06022,0.000613,0.000787,0.000827,3.662957,3.663087,3.66213,0.000129999999999963,3.6558,0.0198651401519774
"2026-05-22T00:06:44.273Z","run_bootstrap",77,"http://client3:8000","run","http://client3:8000/run",1,TRUE,200,1109,250,3.45626664161682,"2026-05-22T00:06:40.386281Z","2026-05-22T00:06:43.842548Z",1779408400.38628,1779408403.84255,0.000501,0.000574,0.000605,3.441684,3.441836,3.441079,0.00015199999999993,3.4346,0.0216666416168212
"2026-05-22T00:06:48.089Z","run_bootstrap",78,"http://client1:8000","run","http://client1:8000/run",1,TRUE,200,1109,252,3.79915356636047,"2026-05-22T00:06:44.285520Z","2026-05-22T00:06:48.084673Z",1779408404.28552,1779408408.08467,0.000653,0.000758,0.000797,3.78467,3.784773,3.783873,0.000102999999999742,3.7764,0.0227535663604734
"2026-05-22T00:06:48.089Z","run_bootstrap",78,"http://client2:8000","run","http://client2:8000/run",1,TRUE,200,1109,254,3.67204856872559,"2026-05-22T00:06:44.287649Z","2026-05-22T00:06:47.959698Z",1779408404.28765,1779408407.9597,0.000592,0.000688,0.000723,3.65027,3.650403,3.649547,0.000132999999999939,3.6417,0.0303485687255858
"2026-05-22T00:06:48.089Z","run_bootstrap",78,"http://client3:8000","run","http://client3:8000/run",1,TRUE,200,1109,249,3.6968297958374,"2026-05-22T00:06:44.286710Z","2026-05-22T00:06:47.983540Z",1779408404.28671,1779408407.98354,0.000605,0.000674,0.000708,3.683581,3.683717,3.682873,0.000135999999999914,3.675,0.0218297958374025
"2026-05-22T00:06:51.945Z","run_bootstrap",79,"http://client1:8000","run","http://client1:8000/run",1,TRUE,200,1109,251,3.83691740036011,"2026-05-22T00:06:48.100737Z","2026-05-22T00:06:51.937655Z",1779408408.10074,1779408411.93766,0.000876,0.00096,0.000992,3.822211,3.82232,3.821219,0.000109000000000137,3.814,0.0229174003601074
"2026-05-22T00:06:51.945Z","run_bootstrap",79,"http://client2:8000","run","http://client2:8000/run",1,TRUE,200,1109,253,3.79036545753479,"2026-05-22T00:06:48.101432Z","2026-05-22T00:06:51.891798Z",1779408408.10143,1779408411.8918,0.000774,0.000859,0.000882,3.777059,3.777193,3.776177,0.000134000000000079,3.769,0.0213654575347899
"2026-05-22T00:06:51.945Z","run_bootstrap",79,"http://client3:8000","run","http://client3:8000/run",1,TRUE,200,1109,248,3.66794443130493,"2026-05-22T00:06:48.103223Z","2026-05-22T00:06:51.771167Z",1779408408.10322,1779408411.77117,0.000519,0.000593,0.000623,3.654624,3.654751,3.654001,0.000126999999999988,3.6465,0.0214444313049316
"2026-05-22T00:06:55.825Z","run_bootstrap",80,"http://client1:8000","run","http://client1:8000/run",1,TRUE,200,1109,252,3.85951781272888,"2026-05-22T00:06:51.958852Z","2026-05-22T00:06:55.818370Z",1779408411.95885,1779408415.81837,0.000676,0.000778,0.000811,3.841306,3.841422,3.840495,0.000116000000000227,3.6834,0.176117812728882
"2026-05-22T00:06:55.825Z","run_bootstrap",80,"http://client2:8000","run","http://client2:8000/run",1,TRUE,200,1109,254,3.64558339118958,"2026-05-22T00:06:51.959419Z","2026-05-22T00:06:55.605003Z",1779408411.95942,1779408415.605,0.000583,0.000671,0.000704,3.62707,3.627158,3.626366,8.80000000003101e-05,3.4603,0.185283391189575
"2026-05-22T00:06:55.825Z","run_bootstrap",80,"http://client3:8000","run","http://client3:8000/run",1,TRUE,200,1109,248,3.76885318756104,"2026-05-22T00:06:51.959938Z","2026-05-22T00:06:55.728791Z",1779408411.95994,1779408415.72879,0.000362,0.000453,0.000485,3.749459,3.749682,3.748974,0.000223000000000084,3.5875,0.181353187561035
"2026-05-22T00:06:59.773Z","run_bootstrap",81,"http://client1:8000","run","http://client1:8000/run",1,TRUE,200,1108,252,3.62373828887939,"2026-05-22T00:06:55.844969Z","2026-05-22T00:06:59.468708Z",1779408415.84497,1779408419.46871,0.00066,0.000732,0.000751,3.602426,3.602576,3.601675,0.000150000000000095,3.5944,0.0293382888793947
"2026-05-22T00:06:59.773Z","run_bootstrap",81,"http://client2:8000","run","http://client2:8000/run",1,TRUE,200,1108,255,3.92279386520386,"2026-05-22T00:06:55.845807Z","2026-05-22T00:06:59.768600Z",1779408415.84581,1779408419.7686,0.000614,0.000722,0.000746,3.903232,3.903375,3.902486,0.000143000000000004,3.8961,0.0266938652038573
"2026-05-22T00:06:59.773Z","run_bootstrap",81,"http://client3:8000","run","http://client3:8000/run",1,TRUE,200,1108,249,3.7662947177887,"2026-05-22T00:06:55.846654Z","2026-05-22T00:06:59.612948Z",1779408415.84665,1779408419.61295,0.000714,0.000779,0.000797,3.747496,3.747641,3.746699,0.00014499999999984,3.741,0.0252947177886962
"2026-05-22T00:07:03.716Z","run_bootstrap",82,"http://client1:8000","run","http://client1:8000/run",1,TRUE,200,1108,252,3.81272387504578,"2026-05-22T00:06:59.784756Z","2026-05-22T00:07:03.597480Z",1779408419.78476,1779408423.59748,0.00066,0.000762,0.000805,3.79871,3.798931,3.797905,0.000221000000000249,3.7886,0.0241238750457762
"2026-05-22T00:07:03.716Z","run_bootstrap",82,"http://client2:8000","run","http://client2:8000/run",1,TRUE,200,1108,255,3.92523384094238,"2026-05-22T00:06:59.786718Z","2026-05-22T00:07:03.711951Z",1779408419.78672,1779408423.71195,0.000587,0.000641,0.00066,3.91076,3.910885,3.9101,0.000125000000000153,3.9042,0.0210338409423829
"2026-05-22T00:07:03.716Z","run_bootstrap",82,"http://client3:8000","run","http://client3:8000/run",1,TRUE,200,1108,250,3.71596240997314,"2026-05-22T00:06:59.787029Z","2026-05-22T00:07:03.502991Z",1779408419.78703,1779408423.50299,0.000502,0.000591,0.000614,3.701037,3.701184,3.700423,0.000147000000000119,3.6931,0.0228624099731447
"2026-05-22T00:07:07.787Z","run_bootstrap",83,"http://client1:8000","run","http://client1:8000/run",1,TRUE,200,1110,251,3.81790494918823,"2026-05-22T00:07:03.727387Z","2026-05-22T00:07:07.545292Z",1779408423.72739,1779408427.54529,0.000663,0.000771,0.000814,3.80345,3.803587,3.802636,0.00013699999999961,3.7961,0.0218049491882324
"2026-05-22T00:07:07.787Z","run_bootstrap",83,"http://client2:8000","run","http://client2:8000/run",1,TRUE,200,1110,253,4.05365777015686,"2026-05-22T00:07:03.729431Z","2026-05-22T00:07:07.783089Z",1779408423.72943,1779408427.78309,0.000593,0.000666,0.000703,4.03113,4.031469,4.030427,0.000339000000000311,4.024,0.0296577701568603
"2026-05-22T00:07:07.787Z","run_bootstrap",83,"http://client3:8000","run","http://client3:8000/run",1,TRUE,200,1110,248,4.03967308998108,"2026-05-22T00:07:03.729580Z","2026-05-22T00:07:07.769253Z",1779408423.72958,1779408427.76925,0.000782,0.000874,0.000914,4.019152,4.019266,4.018238,0.000113999999999947,4.012,0.0276730899810795
"2026-05-22T00:07:11.882Z","run_bootstrap",84,"http://client1:8000","run","http://client1:8000/run",1,TRUE,200,1110,251,3.91634035110474,"2026-05-22T00:07:07.799753Z","2026-05-22T00:07:11.716094Z",1779408427.79975,1779408431.71609,0.000605,0.000717,0.000753,3.90137,3.901476,3.900617,0.000106000000000162,3.8882,0.0281403511047364
"2026-05-22T00:07:11.882Z","run_bootstrap",84,"http://client2:8000","run","http://client2:8000/run",1,TRUE,200,1110,253,3.75916481018066,"2026-05-22T00:07:07.802167Z","2026-05-22T00:07:11.561331Z",1779408427.80217,1779408431.56133,0.000566,0.000659,0.000695,3.742621,3.742758,3.741926,0.00013699999999961,3.735,0.0241648101806642
"2026-05-22T00:07:11.882Z","run_bootstrap",84,"http://client3:8000","run","http://client3:8000/run",1,TRUE,200,1110,249,4.07527089118958,"2026-05-22T00:07:07.802473Z","2026-05-22T00:07:11.877744Z",1779408427.80247,1779408431.87774,0.000628,0.000735,0.000773,4.058481,4.05861,4.057708,0.000129000000000268,4.0514,0.0238708911895751
"2026-05-22T00:07:15.991Z","run_bootstrap",85,"http://client1:8000","run","http://client1:8000/run",1,TRUE,200,1110,253,4.0885272026062,"2026-05-22T00:07:11.894543Z","2026-05-22T00:07:15.983071Z",1779408431.89454,1779408435.98307,0.000687,0.00079,0.000827,4.075076,4.075216,4.074249,0.000140000000000029,4.0676,0.0209272026062015
"2026-05-22T00:07:15.991Z","run_bootstrap",85,"http://client2:8000","run","http://client2:8000/run",1,TRUE,200,1110,254,3.76831483840942,"2026-05-22T00:07:11.896522Z","2026-05-22T00:07:15.664837Z",1779408431.89652,1779408435.66484,0.000605,0.000716,0.000752,3.753188,3.753275,3.752436,8.69999999997262e-05,3.7436,0.024714838409424
"2026-05-22T00:07:15.991Z","run_bootstrap",85,"http://client3:8000","run","http://client3:8000/run",1,TRUE,200,1110,249,3.93778300285339,"2026-05-22T00:07:11.896859Z","2026-05-22T00:07:15.834642Z",1779408431.89686,1779408435.83464,4e-04,0.000481,0.000513,3.916945,3.917226,3.916432,0.000280999999999754,3.9104,0.0273830028533935
"2026-05-22T00:07:19.705Z","run_bootstrap",86,"http://client1:8000","run","http://client1:8000/run",1,TRUE,200,1110,253,3.5325174331665,"2026-05-22T00:07:16.005190Z","2026-05-22T00:07:19.537707Z",1779408436.00519,1779408439.53771,0.000746,0.000858,0.000896,3.519187,3.519313,3.518291,0.000125999999999848,3.5117,0.0208174331665041
"2026-05-22T00:07:19.705Z","run_bootstrap",86,"http://client2:8000","run","http://client2:8000/run",1,TRUE,200,1110,254,3.63205218315125,"2026-05-22T00:07:16.006061Z","2026-05-22T00:07:19.638113Z",1779408436.00606,1779408439.63811,0.000703,0.000787,0.00082,3.618822,3.618962,3.618002,0.000139999999999585,3.6108,0.0212521831512453
"2026-05-22T00:07:19.705Z","run_bootstrap",86,"http://client3:8000","run","http://client3:8000/run",1,TRUE,200,1110,249,3.69373869895935,"2026-05-22T00:07:16.006652Z","2026-05-22T00:07:19.700391Z",1779408436.00665,1779408439.70039,0.000643,0.000743,0.000778,3.681151,3.681309,3.680373,0.000158000000000325,3.6741,0.0196386989593504
"2026-05-22T00:07:23.437Z","run_bootstrap",87,"http://client1:8000","run","http://client1:8000/run",1,TRUE,200,1108,256,3.49832558631897,"2026-05-22T00:07:19.767050Z","2026-05-22T00:07:23.265376Z",1779408439.76705,1779408443.26538,0.000592,0.000647,0.000666,3.484851,3.484979,3.484185,0.000128000000000128,3.4667,0.0316255863189698
"2026-05-22T00:07:23.437Z","run_bootstrap",87,"http://client2:8000","run","http://client2:8000/run",1,TRUE,200,1108,257,3.3866491317749,"2026-05-22T00:07:19.767908Z","2026-05-22T00:07:23.154557Z",1779408439.76791,1779408443.15456,0.000657,0.000768,8e-04,3.373809,3.37395,3.373009,0.000140999999999725,3.3655,0.0211491317749024
"2026-05-22T00:07:23.437Z","run_bootstrap",87,"http://client3:8000","run","http://client3:8000/run",1,TRUE,200,1108,254,3.66584610939026,"2026-05-22T00:07:19.767307Z","2026-05-22T00:07:23.433153Z",1779408439.76731,1779408443.43315,0.000696,0.000769,0.000791,3.652806,3.652993,3.652015,0.000186999999999937,3.6447,0.021146109390259
"2026-05-22T00:07:26.960Z","run_bootstrap",88,"http://client1:8000","run","http://client1:8000/run",1,TRUE,200,1108,256,3.47922229766846,"2026-05-22T00:07:23.449157Z","2026-05-22T00:07:26.928379Z",1779408443.44916,1779408446.92838,0.000791,0.000874,0.000909,3.465744,3.465918,3.464835,0.000173999999999896,3.4584,0.0208222976684569
"2026-05-22T00:07:26.960Z","run_bootstrap",88,"http://client2:8000","run","http://client2:8000/run",1,TRUE,200,1108,257,3.21635723114014,"2026-05-22T00:07:23.450845Z","2026-05-22T00:07:26.667202Z",1779408443.45085,1779408446.6672,0.000542,0.000631,0.000662,3.202726,3.202857,3.202064,0.000130999999999659,3.1935,0.0228572311401369
"2026-05-22T00:07:26.960Z","run_bootstrap",88,"http://client3:8000","run","http://client3:8000/run",1,TRUE,200,1108,254,3.50437021255493,"2026-05-22T00:07:23.451402Z","2026-05-22T00:07:26.955772Z",1779408443.4514,1779408446.95577,0.000642,0.000749,0.000785,3.490695,3.49081,3.48991,0.000115000000000087,3.4836,0.0207702125549316
"2026-05-22T00:07:30.497Z","run_bootstrap",89,"http://client1:8000","run","http://client1:8000/run",1,TRUE,200,1107,257,3.42911791801453,"2026-05-22T00:07:26.971687Z","2026-05-22T00:07:30.400804Z",1779408446.97169,1779408450.4008,0.000581,0.000688,0.000723,3.415122,3.415238,3.414399,0.000115999999999783,3.4058,0.0233179180145262
"2026-05-22T00:07:30.497Z","run_bootstrap",89,"http://client2:8000","run","http://client2:8000/run",1,TRUE,200,1107,257,3.51943373680115,"2026-05-22T00:07:26.973636Z","2026-05-22T00:07:30.493070Z",1779408446.97364,1779408450.49307,0.000576,0.000665,0.000698,3.506025,3.506144,3.505327,0.000118999999999758,3.4968,0.0226337368011476
"2026-05-22T00:07:30.497Z","run_bootstrap",89,"http://client3:8000","run","http://client3:8000/run",1,TRUE,200,1107,255,3.51566982269287,"2026-05-22T00:07:26.974025Z","2026-05-22T00:07:30.489694Z",1779408446.97403,1779408450.48969,0.000536,0.000613,0.000646,3.500914,3.501064,3.500268,0.000150000000000095,3.4941,0.0215698226928711
"2026-05-22T00:07:34.160Z","run_bootstrap",90,"http://client1:8000","run","http://client1:8000/run",1,TRUE,200,1107,257,3.53491926193237,"2026-05-22T00:07:30.509899Z","2026-05-22T00:07:34.044818Z",1779408450.5099,1779408454.04482,0.00051,0.000606,0.000629,3.517495,3.517622,3.516866,0.000126999999999988,3.5106,0.0243192619323729
"2026-05-22T00:07:34.160Z","run_bootstrap",90,"http://client2:8000","run","http://client2:8000/run",1,TRUE,200,1107,257,3.64595580101013,"2026-05-22T00:07:30.510051Z","2026-05-22T00:07:34.156007Z",1779408450.51005,1779408454.15601,0.00063,0.000686,0.000704,3.629489,3.629635,3.628785,0.000145999999999979,3.6229,0.0230558010101318
"2026-05-22T00:07:34.160Z","run_bootstrap",90,"http://client3:8000","run","http://client3:8000/run",1,TRUE,200,1107,255,3.34128642082214,"2026-05-22T00:07:30.510601Z","2026-05-22T00:07:33.851888Z",1779408450.5106,1779408453.85189,0.000494,0.000568,0.000597,3.321129,3.321271,3.320532,0.000141999999999864,3.3146,0.0266864208221436
"2026-05-22T00:07:37.878Z","run_bootstrap",91,"http://client1:8000","run","http://client1:8000/run",1,TRUE,200,1109,251,3.70002007484436,"2026-05-22T00:07:34.173731Z","2026-05-22T00:07:37.873751Z",1779408454.17373,1779408457.87375,0.000604,0.000688,0.00072,3.683818,3.68397,3.683098,0.00015199999999993,3.6762,0.0238200748443602
"2026-05-22T00:07:37.878Z","run_bootstrap",91,"http://client2:8000","run","http://client2:8000/run",1,TRUE,200,1109,257,3.2313392162323,"2026-05-22T00:07:34.172914Z","2026-05-22T00:07:37.404253Z",1779408454.17291,1779408457.40425,0.000662,0.000766,0.000801,3.216784,3.216895,3.215983,0.000110999999999972,3.2051,0.0262392162323
"2026-05-22T00:07:37.878Z","run_bootstrap",91,"http://client3:8000","run","http://client3:8000/run",1,TRUE,200,1109,254,3.41165161132812,"2026-05-22T00:07:34.175090Z","2026-05-22T00:07:37.586742Z",1779408454.17509,1779408457.58674,0.000351,0.00042,0.000451,3.390723,3.390886,3.390272,0.000163000000000135,3.3807,0.030951611328125
"2026-05-22T00:07:41.587Z","run_bootstrap",92,"http://client1:8000","run","http://client1:8000/run",1,TRUE,200,1109,251,3.51265621185303,"2026-05-22T00:07:37.891832Z","2026-05-22T00:07:41.404488Z",1779408457.89183,1779408461.40449,0.000511,0.000573,0.000597,3.492976,3.49312,3.492379,0.0001439999999997,3.4845,0.0281562118530272
"2026-05-22T00:07:41.587Z","run_bootstrap",92,"http://client2:8000","run","http://client2:8000/run",1,TRUE,200,1109,257,3.4209885597229,"2026-05-22T00:07:37.892396Z","2026-05-22T00:07:41.313385Z",1779408457.8924,1779408461.31339,0.000608,0.000658,0.000677,3.402549,3.402682,3.401872,0.000132999999999939,3.3957,0.0252885597229002
"2026-05-22T00:07:41.587Z","run_bootstrap",92,"http://client3:8000","run","http://client3:8000/run",1,TRUE,200,1109,254,3.69029808044434,"2026-05-22T00:07:37.892997Z","2026-05-22T00:07:41.583295Z",1779408457.893,1779408461.5833,0.000493,0.000572,0.000595,3.672471,3.672571,3.671876,0.000100000000000211,3.6655,0.0247980804443357
"2026-05-22T00:07:45.321Z","run_bootstrap",93,"http://client1:8000","run","http://client1:8000/run",1,TRUE,200,1109,252,3.5457181930542,"2026-05-22T00:07:41.601460Z","2026-05-22T00:07:45.147178Z",1779408461.60146,1779408465.14718,0.00052,0.000632,0.000669,3.528398,3.528498,3.527729,9.99999999997669e-05,3.5209,0.0248181930541991
"2026-05-22T00:07:45.321Z","run_bootstrap",93,"http://client2:8000","run","http://client2:8000/run",1,TRUE,200,1109,255,3.46565461158752,"2026-05-22T00:07:41.602323Z","2026-05-22T00:07:45.067978Z",1779408461.60232,1779408465.06798,0.000655,0.00077,0.00081,3.445398,3.445527,3.444588,0.000128999999999824,3.4377,0.0279546115875244
"2026-05-22T00:07:45.321Z","run_bootstrap",93,"http://client3:8000","run","http://client3:8000/run",1,TRUE,200,1109,256,3.71412515640259,"2026-05-22T00:07:41.603028Z","2026-05-22T00:07:45.317153Z",1779408461.60303,1779408465.31715,0.000614,0.000684,0.000719,3.694963,3.69518,3.694244,0.000217000000000134,3.6879,0.0262251564025879
"2026-05-22T00:07:48.995Z","run_bootstrap",94,"http://client1:8000","run","http://client1:8000/run",1,TRUE,200,1109,252,3.65455436706543,"2026-05-22T00:07:45.333792Z","2026-05-22T00:07:48.988347Z",1779408465.33379,1779408468.98835,0.000673,0.000776,0.000811,3.640218,3.640355,3.639407,0.000137000000000054,3.6324,0.0221543670654296
"2026-05-22T00:07:48.995Z","run_bootstrap",94,"http://client2:8000","run","http://client2:8000/run",1,TRUE,200,1109,255,3.38685464859009,"2026-05-22T00:07:45.334784Z","2026-05-22T00:07:48.721638Z",1779408465.33478,1779408468.72164,0.000377,0.000605,0.000627,3.372285,3.372434,3.371658,0.000148999999999955,3.3654,0.0214546485900877
"2026-05-22T00:07:48.995Z","run_bootstrap",94,"http://client3:8000","run","http://client3:8000/run",1,TRUE,200,1109,256,3.59738349914551,"2026-05-22T00:07:45.335196Z","2026-05-22T00:07:48.932580Z",1779408465.3352,1779408468.93258,0.000534,0.000651,0.000688,3.583839,3.583987,3.583151,0.000147999999999815,3.5769,0.0204834991455076
"2026-05-22T00:07:52.671Z","run_bootstrap",95,"http://client1:8000","run","http://client1:8000/run",1,TRUE,200,1108,253,3.65999245643616,"2026-05-22T00:07:49.007105Z","2026-05-22T00:07:52.667098Z",1779408469.00711,1779408472.6671,0.000622,0.000748,0.000787,3.64347,3.643603,3.642683,0.000132999999999939,3.6359,0.0240924564361573
"2026-05-22T00:07:52.671Z","run_bootstrap",95,"http://client2:8000","run","http://client2:8000/run",1,TRUE,200,1108,256,3.54609704017639,"2026-05-22T00:07:49.007601Z","2026-05-22T00:07:52.553698Z",1779408469.0076,1779408472.5537,0.000552,0.000686,0.000706,3.529759,3.529885,3.529053,0.000126000000000293,3.5216,0.0244970401763918
"2026-05-22T00:07:52.671Z","run_bootstrap",95,"http://client3:8000","run","http://client3:8000/run",1,TRUE,200,1108,255,3.54236888885498,"2026-05-22T00:07:49.008330Z","2026-05-22T00:07:52.550699Z",1779408469.00833,1779408472.5507,0.000509,0.000564,0.000582,3.525344,3.525471,3.524762,0.000126999999999988,3.5185,0.0238688888549805
"2026-05-22T00:07:56.382Z","run_bootstrap",96,"http://client1:8000","run","http://client1:8000/run",1,TRUE,200,1108,253,3.66718006134033,"2026-05-22T00:07:52.684587Z","2026-05-22T00:07:56.351768Z",1779408472.68459,1779408476.35177,0.000471,0.000557,0.00059,3.644178,3.644288,3.643588,0.000109999999999832,3.6362,0.0309800613403319
"2026-05-22T00:07:56.382Z","run_bootstrap",96,"http://client2:8000","run","http://client2:8000/run",1,TRUE,200,1108,256,3.55135345458984,"2026-05-22T00:07:52.685170Z","2026-05-22T00:07:56.236524Z",1779408472.68517,1779408476.23652,0.00055,0.000661,0.000698,3.533128,3.533269,3.53243,0.000141000000000169,3.5262,0.025153454589844
"2026-05-22T00:07:56.382Z","run_bootstrap",96,"http://client3:8000","run","http://client3:8000/run",1,TRUE,200,1108,254,3.69141316413879,"2026-05-22T00:07:52.685662Z","2026-05-22T00:07:56.377075Z",1779408472.68566,1779408476.37708,0.000559,0.000678,0.000714,3.674086,3.674215,3.673372,0.000128999999999824,3.667,0.0244131641387941
"2026-05-22T00:08:00.210Z","run_bootstrap",97,"http://client1:8000","run","http://client1:8000/run",1,TRUE,200,1110,252,3.65474677085876,"2026-05-22T00:07:56.393190Z","2026-05-22T00:08:00.047937Z",1779408476.39319,1779408480.04794,0.000613,0.000716,0.000751,3.640371,3.640468,3.63962,9.69999999997917e-05,3.6332,0.0215467708587647
"2026-05-22T00:08:00.210Z","run_bootstrap",97,"http://client2:8000","run","http://client2:8000/run",1,TRUE,200,1110,254,3.65809035301208,"2026-05-22T00:07:56.395050Z","2026-05-22T00:08:00.053140Z",1779408476.39505,1779408480.05314,0.00054,0.000622,0.000653,3.635771,3.635883,3.635118,0.000112000000000112,3.627,0.0310903530120852
"2026-05-22T00:08:00.210Z","run_bootstrap",97,"http://client3:8000","run","http://client3:8000/run",1,TRUE,200,1110,256,3.81116008758545,"2026-05-22T00:07:56.395281Z","2026-05-22T00:08:00.206441Z",1779408476.39528,1779408480.20644,0.000563,0.00065,0.000682,3.792748,3.792872,3.792066,0.000124000000000013,3.7765,0.0346600875854493
"2026-05-22T00:08:04.109Z","run_bootstrap",98,"http://client1:8000","run","http://client1:8000/run",1,TRUE,200,1110,252,3.61475038528442,"2026-05-22T00:08:00.229496Z","2026-05-22T00:08:03.844247Z",1779408480.2295,1779408483.84425,0.000638,0.000751,0.000784,3.60108,3.601217,3.600296,0.000137000000000054,3.5925,0.022250385284424
"2026-05-22T00:08:04.109Z","run_bootstrap",98,"http://client2:8000","run","http://client2:8000/run",1,TRUE,200,1110,255,3.87303376197815,"2026-05-22T00:08:00.229484Z","2026-05-22T00:08:04.102517Z",1779408480.22948,1779408484.10252,0.000384,0.000467,5e-04,3.854778,3.854929,3.854278,0.00015099999999979,3.8476,0.0254337619781495
"2026-05-22T00:08:04.109Z","run_bootstrap",98,"http://client3:8000","run","http://client3:8000/run",1,TRUE,200,1110,256,3.66016101837158,"2026-05-22T00:08:00.227416Z","2026-05-22T00:08:03.887577Z",1779408480.22742,1779408483.88758,0.000658,0.000766,8e-04,3.647996,3.648091,3.647196,9.49999999999562e-05,3.6407,0.0194610183715822
"2026-05-22T00:08:08.057Z","run_bootstrap",99,"http://client1:8000","run","http://client1:8000/run",1,TRUE,200,1110,251,3.92255544662476,"2026-05-22T00:08:04.128681Z","2026-05-22T00:08:08.051237Z",1779408484.12868,1779408488.05124,0.000656,0.000761,0.000798,3.903753,3.903882,3.902955,0.000128999999999824,3.8959,0.0266554466247557
"2026-05-22T00:08:08.057Z","run_bootstrap",99,"http://client2:8000","run","http://client2:8000/run",1,TRUE,200,1110,256,3.8633291721344,"2026-05-22T00:08:04.129430Z","2026-05-22T00:08:07.992759Z",1779408484.12943,1779408487.99276,0.000634,0.000744,0.000782,3.842459,3.842605,3.841677,0.000145999999999979,3.8345,0.0288291721343996
"2026-05-22T00:08:08.057Z","run_bootstrap",99,"http://client3:8000","run","http://client3:8000/run",1,TRUE,200,1110,253,3.54940152168274,"2026-05-22T00:08:04.129849Z","2026-05-22T00:08:07.679251Z",1779408484.12985,1779408487.67925,0.000625,0.000741,0.000779,3.528949,3.529033,3.52817,8.4000000000195e-05,3.5202,0.0292015216827393
"2026-05-22T00:08:12.079Z","run_bootstrap",100,"http://client1:8000","run","http://client1:8000/run",1,TRUE,200,1110,251,3.78334546089172,"2026-05-22T00:08:08.069534Z","2026-05-22T00:08:11.852880Z",1779408488.06953,1779408491.85288,0.000726,0.000833,0.00087,3.767029,3.767277,3.766159,0.000248000000000026,3.6148,0.168545460891724
"2026-05-22T00:08:12.079Z","run_bootstrap",100,"http://client2:8000","run","http://client2:8000/run",1,TRUE,200,1110,256,4.0049250125885,"2026-05-22T00:08:08.069745Z","2026-05-22T00:08:12.074670Z",1779408488.06975,1779408492.07467,0.000545,0.000621,0.000652,3.99067,3.990794,3.990018,0.000124000000000013,3.8425,0.162425012588501
"2026-05-22T00:08:12.079Z","run_bootstrap",100,"http://client3:8000","run","http://client3:8000/run",1,TRUE,200,1110,253,3.81544017791748,"2026-05-22T00:08:08.069085Z","2026-05-22T00:08:11.884525Z",1779408488.06909,1779408491.88453,0.00077,0.000855,0.000882,3.802105,3.802234,3.801223,0.000128999999999824,3.6492,0.16624017791748
"2026-05-22T00:08:15.771Z","run_bootstrap",101,"http://client1:8000","run","http://client1:8000/run",1,TRUE,200,1110,252,3.39610576629639,"2026-05-22T00:08:12.090152Z","2026-05-22T00:08:15.486258Z",1779408492.09015,1779408495.48626,0.00065,0.000757,0.000794,3.381321,3.381453,3.380527,0.000132000000000243,3.3722,0.0239057662963869
"2026-05-22T00:08:15.771Z","run_bootstrap",101,"http://client2:8000","run","http://client2:8000/run",1,TRUE,200,1110,255,3.49086785316467,"2026-05-22T00:08:12.090988Z","2026-05-22T00:08:15.581856Z",1779408492.09099,1779408495.58186,0.000484,0.000551,0.000572,3.47761,3.477764,3.477038,0.00015400000000021,3.4713,0.019567853164673
"2026-05-22T00:08:15.771Z","run_bootstrap",101,"http://client3:8000","run","http://client3:8000/run",1,TRUE,200,1110,254,3.67206621170044,"2026-05-22T00:08:12.092313Z","2026-05-22T00:08:15.764379Z",1779408492.09231,1779408495.76438,0.000514,0.000599,0.000632,3.653383,3.653491,3.652751,0.000107999999999997,3.6469,0.0251662117004394
"2026-05-22T00:08:19.495Z","run_bootstrap",102,"http://client1:8000","run","http://client1:8000/run",1,TRUE,200,1110,252,3.70478415489197,"2026-05-22T00:08:15.785503Z","2026-05-22T00:08:19.490287Z",1779408495.7855,1779408499.49029,0.000542,0.000602,0.000623,3.690545,3.690667,3.689922,0.000121999999999733,3.6833,0.0214841548919678
"2026-05-22T00:08:19.495Z","run_bootstrap",102,"http://client2:8000","run","http://client2:8000/run",1,TRUE,200,1110,255,3.52248787879944,"2026-05-22T00:08:15.786170Z","2026-05-22T00:08:19.308658Z",1779408495.78617,1779408499.30866,0.000512,0.000601,0.000623,3.508925,3.509052,3.508302,0.000126999999999988,3.5022,0.0202878787994383
"2026-05-22T00:08:19.495Z","run_bootstrap",102,"http://client3:8000","run","http://client3:8000/run",1,TRUE,200,1110,254,3.44861125946045,"2026-05-22T00:08:15.786609Z","2026-05-22T00:08:19.235220Z",1779408495.78661,1779408499.23522,0.000619,0.000701,0.000731,3.427755,3.427896,3.427024,0.000141000000000169,3.4207,0.0279112594604491
"2026-05-22T00:08:23.043Z","run_bootstrap",103,"http://client1:8000","run","http://client1:8000/run",1,TRUE,200,1110,249,3.484206199646,"2026-05-22T00:08:19.507772Z","2026-05-22T00:08:22.991978Z",1779408499.50777,1779408502.99198,0.000656,0.00076,0.000802,3.465785,3.465913,3.464983,0.000128000000000128,3.4587,0.0255061996459962
"2026-05-22T00:08:23.043Z","run_bootstrap",103,"http://client2:8000","run","http://client2:8000/run",1,TRUE,200,1110,254,3.53092384338379,"2026-05-22T00:08:19.508372Z","2026-05-22T00:08:23.039295Z",1779408499.50837,1779408503.0393,0.000549,0.000622,0.000659,3.513058,3.513226,3.512399,0.000167999999999946,3.5065,0.0244238433837891
"2026-05-22T00:08:23.043Z","run_bootstrap",103,"http://client3:8000","run","http://client3:8000/run",1,TRUE,200,1110,252,3.50059199333191,"2026-05-22T00:08:19.507725Z","2026-05-22T00:08:23.008317Z",1779408499.50773,1779408503.00832,0.000776,0.000882,0.000923,3.482367,3.482546,3.481444,0.000179000000000151,3.4744,0.026191993331909
"2026-05-22T00:08:26.758Z","run_bootstrap",104,"http://client1:8000","run","http://client1:8000/run",1,TRUE,200,1110,249,3.69628524780273,"2026-05-22T00:08:23.057541Z","2026-05-22T00:08:26.753826Z",1779408503.05754,1779408506.75383,0.00073,0.000796,0.000821,3.677359,3.677479,3.676538,0.000119999999999898,3.6697,0.0265852478027342
"2026-05-22T00:08:26.758Z","run_bootstrap",104,"http://client2:8000","run","http://client2:8000/run",1,TRUE,200,1110,254,3.51601266860962,"2026-05-22T00:08:23.058124Z","2026-05-22T00:08:26.574137Z",1779408503.05812,1779408506.57414,0.00055,0.00066,0.000703,3.502134,3.502263,3.501431,0.000129000000000268,3.4955,0.0205126686096193
"2026-05-22T00:08:26.758Z","run_bootstrap",104,"http://client3:8000","run","http://client3:8000/run",1,TRUE,200,1110,252,3.4648265838623,"2026-05-22T00:08:23.058764Z","2026-05-22T00:08:26.523590Z",1779408503.05876,1779408506.52359,0.000489,0.000564,0.000598,3.444855,3.444968,3.444257,0.000112999999999808,3.4382,0.0266265838623045
"2026-05-22T00:08:30.508Z","run_bootstrap",105,"http://client1:8000","run","http://client1:8000/run",1,TRUE,200,1109,251,3.73064565658569,"2026-05-22T00:08:26.770397Z","2026-05-22T00:08:30.501043Z",1779408506.7704,1779408510.50104,0.000642,0.000745,0.000782,3.714569,3.7147,3.713787,0.000131000000000103,3.7074,0.0232456565856936
"2026-05-22T00:08:30.508Z","run_bootstrap",105,"http://client2:8000","run","http://client2:8000/run",1,TRUE,200,1109,255,3.46144437789917,"2026-05-22T00:08:26.771096Z","2026-05-22T00:08:30.232541Z",1779408506.7711,1779408510.23254,0.00083,0.000907,0.00094,3.441186,3.441323,3.440246,0.000137000000000054,3.4343,0.02714437789917
"2026-05-22T00:08:30.508Z","run_bootstrap",105,"http://client3:8000","run","http://client3:8000/run",1,TRUE,200,1109,252,3.45335102081299,"2026-05-22T00:08:26.771651Z","2026-05-22T00:08:30.225002Z",1779408506.77165,1779408510.225,0.000627,0.000722,0.00077,3.432789,3.432928,3.432019,0.000138999999999889,3.4258,0.0275510208129881
"2026-05-22T00:08:34.310Z","run_bootstrap",106,"http://client1:8000","run","http://client1:8000/run",1,TRUE,200,1109,251,3.7824981212616,"2026-05-22T00:08:30.521070Z","2026-05-22T00:08:34.303568Z",1779408510.52107,1779408514.30357,0.000422,5e-04,0.000533,3.767758,3.767893,3.767225,0.000134999999999774,3.7606,0.0218981212615965
"2026-05-22T00:08:34.310Z","run_bootstrap",106,"http://client2:8000","run","http://client2:8000/run",1,TRUE,200,1109,255,3.36816334724426,"2026-05-22T00:08:30.521314Z","2026-05-22T00:08:33.889477Z",1779408510.52131,1779408513.88948,0.000579,0.000636,0.000655,3.353944,3.354098,3.353289,0.00015400000000021,3.3472,0.0209633472442627
"2026-05-22T00:08:34.310Z","run_bootstrap",106,"http://client3:8000","run","http://client3:8000/run",1,TRUE,200,1109,252,3.76233720779419,"2026-05-22T00:08:30.520915Z","2026-05-22T00:08:34.283252Z",1779408510.52092,1779408514.28325,0.000486,0.000585,0.000608,3.74817,3.748233,3.747562,6.29999999999242e-05,3.7411,0.0212372077941896
"2026-05-22T00:08:37.970Z","run_bootstrap",107,"http://client1:8000","run","http://client1:8000/run",1,TRUE,200,1110,252,3.64283084869385,"2026-05-22T00:08:34.322785Z","2026-05-22T00:08:37.965616Z",1779408514.32279,1779408517.96562,0.000491,0.000588,0.000625,3.621843,3.621945,3.621218,0.000102000000000046,3.6146,0.0282308486938478
"2026-05-22T00:08:37.970Z","run_bootstrap",107,"http://client2:8000","run","http://client2:8000/run",1,TRUE,200,1110,255,3.62497663497925,"2026-05-22T00:08:34.323280Z","2026-05-22T00:08:37.948257Z",1779408514.32328,1779408517.94826,0.000654,0.00077,0.000813,3.603339,3.603458,3.602526,0.000118999999999758,3.5951,0.0298766349792481
"2026-05-22T00:08:37.970Z","run_bootstrap",107,"http://client3:8000","run","http://client3:8000/run",1,TRUE,200,1110,252,3.59445667266846,"2026-05-22T00:08:34.322412Z","2026-05-22T00:08:37.916868Z",1779408514.32241,1779408517.91687,0.000914,0.000997,0.001024,3.579725,3.57982,3.578701,9.49999999999562e-05,3.5723,0.0221566726684572
"2026-05-22T00:08:41.777Z","run_bootstrap",108,"http://client1:8000","run","http://client1:8000/run",1,TRUE,200,1110,252,3.78752160072327,"2026-05-22T00:08:37.982447Z","2026-05-22T00:08:41.769968Z",1779408517.98245,1779408521.76997,0.000631,0.000777,0.000828,3.773237,3.773347,3.772409,0.000109999999999832,3.7657,0.0218216007232668
"2026-05-22T00:08:41.777Z","run_bootstrap",108,"http://client2:8000","run","http://client2:8000/run",1,TRUE,200,1110,255,3.6211040019989,"2026-05-22T00:08:37.983172Z","2026-05-22T00:08:41.604276Z",1779408517.98317,1779408521.60428,0.000689,0.000773,0.000808,3.607221,3.607358,3.606413,0.000137000000000054,3.6005,0.0206040019989016
"2026-05-22T00:08:41.777Z","run_bootstrap",108,"http://client3:8000","run","http://client3:8000/run",1,TRUE,200,1110,252,3.49139761924744,"2026-05-22T00:08:37.983510Z","2026-05-22T00:08:41.474908Z",1779408517.98351,1779408521.47491,0.000579,0.000659,0.000699,3.477394,3.477508,3.476695,0.000113999999999947,3.4706,0.0207976192474364
"2026-05-22T00:08:45.634Z","run_bootstrap",109,"http://client1:8000","run","http://client1:8000/run",1,TRUE,200,1110,252,3.55488276481628,"2026-05-22T00:08:41.788772Z","2026-05-22T00:08:45.343655Z",1779408521.78877,1779408525.34366,0.000695,0.00081,0.000849,3.536675,3.536939,3.535826,0.000264000000000042,3.529,0.0258827648162843
"2026-05-22T00:08:45.634Z","run_bootstrap",109,"http://client2:8000","run","http://client2:8000/run",1,TRUE,200,1110,255,3.83772206306458,"2026-05-22T00:08:41.789173Z","2026-05-22T00:08:45.626895Z",1779408521.78917,1779408525.6269,0.000686,0.00081,0.000849,3.820075,3.820199,3.819226,0.000124000000000013,3.8125,0.0252220630645752
"2026-05-22T00:08:45.634Z","run_bootstrap",109,"http://client3:8000","run","http://client3:8000/run",1,TRUE,200,1110,250,3.65484523773193,"2026-05-22T00:08:41.789684Z","2026-05-22T00:08:45.444530Z",1779408521.78968,1779408525.44453,0.000816,0.000874,0.000895,3.638408,3.638542,3.637513,0.000134000000000079,3.6308,0.0240452377319338
"2026-05-22T00:08:49.572Z","run_bootstrap",110,"http://client1:8000","run","http://client1:8000/run",1,TRUE,200,1110,253,3.70051527023315,"2026-05-22T00:08:45.648242Z","2026-05-22T00:08:49.348757Z",1779408525.64824,1779408529.34876,0.000648,0.000765,8e-04,3.687256,3.687362,3.686456,0.000105999999999717,3.6783,0.0222152702331542
"2026-05-22T00:08:49.572Z","run_bootstrap",110,"http://client2:8000","run","http://client2:8000/run",1,TRUE,200,1110,255,3.91595363616943,"2026-05-22T00:08:45.649250Z","2026-05-22T00:08:49.565204Z",1779408525.64925,1779408529.5652,0.000685,0.000764,0.000794,3.894163,3.894296,3.893369,0.000133000000000383,3.8864,0.0295536361694335
"2026-05-22T00:08:49.572Z","run_bootstrap",110,"http://client3:8000","run","http://client3:8000/run",1,TRUE,200,1110,250,3.68929314613342,"2026-05-22T00:08:45.649476Z","2026-05-22T00:08:49.338769Z",1779408525.64948,1779408529.33877,0.00058,0.000688,0.000727,3.667709,3.667845,3.666982,0.000135999999999914,3.6601,0.0291931461334229
"2026-05-22T00:08:53.437Z","run_bootstrap",111,"http://client1:8000","run","http://client1:8000/run",1,TRUE,200,1109,252,3.8403685092926,"2026-05-22T00:08:49.589666Z","2026-05-22T00:08:53.430034Z",1779408529.58967,1779408533.43003,0.000625,0.000739,0.000779,3.822809,3.822946,3.82203,0.000137000000000054,3.8153,0.0250685092926024
"2026-05-22T00:08:53.437Z","run_bootstrap",111,"http://client2:8000","run","http://client2:8000/run",1,TRUE,200,1109,255,3.59339475631714,"2026-05-22T00:08:49.589120Z","2026-05-22T00:08:53.182515Z",1779408529.58912,1779408533.18252,0.000651,0.000757,0.000796,3.579934,3.580044,3.579138,0.000109999999999832,3.5724,0.0209947563171387
"2026-05-22T00:08:53.437Z","run_bootstrap",111,"http://client3:8000","run","http://client3:8000/run",1,TRUE,200,1109,252,3.42862272262573,"2026-05-22T00:08:49.590773Z","2026-05-22T00:08:53.019395Z",1779408529.59077,1779408533.0194,0.000611,0.000697,0.000732,3.408054,3.408194,3.407322,0.000140000000000029,3.4008,0.0278227226257326
"2026-05-22T00:08:57.277Z","run_bootstrap",112,"http://client1:8000","run","http://client1:8000/run",1,TRUE,200,1109,252,3.44632005691528,"2026-05-22T00:08:53.453162Z","2026-05-22T00:08:56.899482Z",1779408533.45316,1779408536.89948,0.000447,0.000537,0.000576,3.426005,3.426136,3.425429,0.000131000000000103,3.4181,0.0282200569152833
"2026-05-22T00:08:57.277Z","run_bootstrap",112,"http://client2:8000","run","http://client2:8000/run",1,TRUE,200,1109,255,3.59209179878235,"2026-05-22T00:08:53.452359Z","2026-05-22T00:08:57.044451Z",1779408533.45236,1779408537.04445,0.000482,0.000564,0.000591,3.578125,3.578243,3.577534,0.000118000000000062,3.5695,0.0225917987823485
"2026-05-22T00:08:57.277Z","run_bootstrap",112,"http://client3:8000","run","http://client3:8000/run",1,TRUE,200,1109,252,3.8192241191864,"2026-05-22T00:08:53.453084Z","2026-05-22T00:08:57.272309Z",1779408533.45308,1779408537.27231,0.000552,0.000621,0.000646,3.806312,3.80644,3.805666,0.000127999999999684,3.7981,0.0211241191864016
"2026-05-22T00:09:00.989Z","run_bootstrap",113,"http://client1:8000","run","http://client1:8000/run",1,TRUE,200,1108,253,3.69554114341736,"2026-05-22T00:08:57.288769Z","2026-05-22T00:09:00.984310Z",1779408537.28877,1779408540.98431,0.000688,0.000911,0.000935,3.681135,3.681259,3.6802,0.000124000000000013,3.6634,0.0321411434173582
"2026-05-22T00:09:00.989Z","run_bootstrap",113,"http://client2:8000","run","http://client2:8000/run",1,TRUE,200,1108,253,3.62897157669067,"2026-05-22T00:08:57.290359Z","2026-05-22T00:09:00.919331Z",1779408537.29036,1779408540.91933,0.000568,0.000656,0.000688,3.614845,3.614985,3.614157,0.000140000000000029,3.6065,0.0224715766906738
"2026-05-22T00:09:00.989Z","run_bootstrap",113,"http://client3:8000","run","http://client3:8000/run",1,TRUE,200,1108,251,3.64474415779114,"2026-05-22T00:08:57.289551Z","2026-05-22T00:09:00.934295Z",1779408537.28955,1779408540.9343,0.000699,0.000781,0.000813,3.630232,3.630363,3.629419,0.000131000000000103,3.623,0.0217441577911375
"2026-05-22T00:09:04.761Z","run_bootstrap",114,"http://client1:8000","run","http://client1:8000/run",1,TRUE,200,1108,253,3.7485888004303,"2026-05-22T00:09:01.008818Z","2026-05-22T00:09:04.757407Z",1779408541.00882,1779408544.75741,7e-04,0.000769,0.00079,3.729804,3.72984,3.729014,3.59999999997029e-05,3.7211,0.027488800430298
"2026-05-22T00:09:04.761Z","run_bootstrap",114,"http://client2:8000","run","http://client2:8000/run",1,TRUE,200,1108,253,3.64129829406738,"2026-05-22T00:09:01.009489Z","2026-05-22T00:09:04.650787Z",1779408541.00949,1779408544.65079,0.000672,0.000749,0.00077,3.622931,3.622963,3.622161,3.2000000000032e-05,3.6157,0.0255982940673829
"2026-05-22T00:09:04.761Z","run_bootstrap",114,"http://client3:8000","run","http://client3:8000/run",1,TRUE,200,1108,252,3.73687219619751,"2026-05-22T00:09:01.010106Z","2026-05-22T00:09:04.746978Z",1779408541.01011,1779408544.74698,0.000669,0.000749,0.000779,3.719432,3.719738,3.718653,0.000306000000000139,3.7122,0.0246721961975096
"2026-05-22T00:09:08.615Z","run_bootstrap",115,"http://client1:8000","run","http://client1:8000/run",1,TRUE,200,1110,252,3.77532291412354,"2026-05-22T00:09:04.775591Z","2026-05-22T00:09:08.550914Z",1779408544.77559,1779408548.55091,0.000454,0.000544,0.000577,3.759685,3.759956,3.759108,0.000270999999999688,3.752,0.0233229141235354
"2026-05-22T00:09:08.615Z","run_bootstrap",115,"http://client2:8000","run","http://client2:8000/run",1,TRUE,200,1110,255,3.83323192596436,"2026-05-22T00:09:04.775295Z","2026-05-22T00:09:08.608527Z",1779408544.7753,1779408548.60853,0.00077,0.00087,0.00091,3.819022,3.819158,3.818112,0.000135999999999914,3.8116,0.0216319259643556
"2026-05-22T00:09:08.615Z","run_bootstrap",115,"http://client3:8000","run","http://client3:8000/run",1,TRUE,200,1110,249,3.52214407920837,"2026-05-22T00:09:04.775558Z","2026-05-22T00:09:08.297702Z",1779408544.77556,1779408548.2977,0.000755,0.00087,0.000907,3.508708,3.508841,3.507801,0.000132999999999939,3.5012,0.0209440792083742
"2026-05-22T00:09:12.465Z","run_bootstrap",116,"http://client1:8000","run","http://client1:8000/run",1,TRUE,200,1110,253,3.76313591003418,"2026-05-22T00:09:08.627957Z","2026-05-22T00:09:12.391093Z",1779408548.62796,1779408552.39109,0.000642,0.000766,0.000808,3.744736,3.744871,3.743928,0.000134999999999774,3.7371,0.0260359100341798
"2026-05-22T00:09:12.465Z","run_bootstrap",116,"http://client2:8000","run","http://client2:8000/run",1,TRUE,200,1110,255,3.83190703392029,"2026-05-22T00:09:08.628750Z","2026-05-22T00:09:12.460657Z",1779408548.62875,1779408552.46066,0.000624,0.000738,0.00078,3.812975,3.813085,3.812195,0.000110000000000277,3.8057,0.0262070339202882
"2026-05-22T00:09:12.465Z","run_bootstrap",116,"http://client3:8000","run","http://client3:8000/run",1,TRUE,200,1110,249,3.55433750152588,"2026-05-22T00:09:08.629271Z","2026-05-22T00:09:12.183609Z",1779408548.62927,1779408552.18361,0.000653,0.000766,0.000807,3.538399,3.538545,3.537592,0.000145999999999979,3.5308,0.0235375015258787
"2026-05-22T00:09:16.363Z","run_bootstrap",117,"http://client1:8000","run","http://client1:8000/run",1,TRUE,200,1109,251,3.87945437431335,"2026-05-22T00:09:12.476727Z","2026-05-22T00:09:16.356182Z",1779408552.47673,1779408556.35618,0.000532,0.000605,0.00064,3.865266,3.865399,3.864626,0.000132999999999939,3.8569,0.0225543743133545
"2026-05-22T00:09:16.363Z","run_bootstrap",117,"http://client2:8000","run","http://client2:8000/run",1,TRUE,200,1109,255,3.67230415344238,"2026-05-22T00:09:12.476629Z","2026-05-22T00:09:16.148933Z",1779408552.47663,1779408556.14893,0.000629,0.000734,0.000777,3.658257,3.65834,3.65748,8.30000000000553e-05,3.6495,0.0228041534423826
"2026-05-22T00:09:16.363Z","run_bootstrap",117,"http://client3:8000","run","http://client3:8000/run",1,TRUE,200,1109,251,3.61105728149414,"2026-05-22T00:09:12.478114Z","2026-05-22T00:09:16.089171Z",1779408552.47811,1779408556.08917,0.000478,0.00057,0.000605,3.594052,3.594185,3.593447,0.000132999999999939,3.5856,0.0254572814941407
"2026-05-22T00:09:20.337Z","run_bootstrap",118,"http://client1:8000","run","http://client1:8000/run",1,TRUE,200,1109,251,3.95270133018494,"2026-05-22T00:09:16.376387Z","2026-05-22T00:09:20.329088Z",1779408556.37639,1779408560.32909,0.000744,0.000862,0.000905,3.937252,3.937405,3.936347,0.00015300000000007,3.9282,0.0245013301849366
"2026-05-22T00:09:20.337Z","run_bootstrap",118,"http://client2:8000","run","http://client2:8000/run",1,TRUE,200,1109,255,3.66449546813965,"2026-05-22T00:09:16.377289Z","2026-05-22T00:09:20.041784Z",1779408556.37729,1779408560.04178,0.000592,0.000692,0.00073,3.643953,3.644089,3.643223,0.000135999999999914,3.6302,0.0342954681396486
"2026-05-22T00:09:20.337Z","run_bootstrap",118,"http://client3:8000","run","http://client3:8000/run",1,TRUE,200,1109,251,3.66562414169312,"2026-05-22T00:09:16.377869Z","2026-05-22T00:09:20.043493Z",1779408556.37787,1779408560.04349,0.000477,0.000593,0.000634,3.643298,3.643445,3.642664,0.000146999999999675,3.6292,0.0364241416931153
"2026-05-22T00:09:24.314Z","run_bootstrap",119,"http://client1:8000","run","http://client1:8000/run",1,TRUE,200,1109,250,3.73401045799255,"2026-05-22T00:09:20.353260Z","2026-05-22T00:09:24.087271Z",1779408560.35326,1779408564.08727,0.00077,0.000858,0.000883,3.720178,3.720305,3.719295,0.000126999999999988,3.7113,0.0227104579925537
"2026-05-22T00:09:24.314Z","run_bootstrap",119,"http://client2:8000","run","http://client2:8000/run",1,TRUE,200,1109,254,3.95236802101135,"2026-05-22T00:09:20.354253Z","2026-05-22T00:09:24.306621Z",1779408560.35425,1779408564.30662,0.000512,0.000599,0.000633,3.932928,3.933046,3.932295,0.000118000000000062,3.9238,0.0285680210113526
"2026-05-22T00:09:24.314Z","run_bootstrap",119,"http://client3:8000","run","http://client3:8000/run",1,TRUE,200,1109,253,3.66401863098145,"2026-05-22T00:09:20.354666Z","2026-05-22T00:09:24.018684Z",1779408560.35467,1779408564.01868,0.000481,0.000565,0.000598,3.648744,3.648845,3.648146,0.000100999999999907,3.6406,0.0234186309814453
"2026-05-22T00:09:28.480Z","run_bootstrap",120,"http://client1:8000","run","http://client1:8000/run",1,TRUE,200,1109,250,3.87108206748962,"2026-05-22T00:09:24.333465Z","2026-05-22T00:09:28.204547Z",1779408564.33347,1779408568.20455,0.000511,0.000599,0.000624,3.849797,3.849827,3.849173,2.99999999997524e-05,3.6822,0.188882067489624
"2026-05-22T00:09:28.480Z","run_bootstrap",120,"http://client2:8000","run","http://client2:8000/run",1,TRUE,200,1109,254,4.14234113693237,"2026-05-22T00:09:24.334209Z","2026-05-22T00:09:28.476551Z",1779408564.33421,1779408568.47655,0.000541,0.000611,0.000634,4.122473,4.1225,4.121839,2.69999999993331e-05,3.9578,0.184541136932373
"2026-05-22T00:09:28.480Z","run_bootstrap",120,"http://client3:8000","run","http://client3:8000/run",1,TRUE,200,1109,253,3.95595574378967,"2026-05-22T00:09:24.334989Z","2026-05-22T00:09:28.290945Z",1779408564.33499,1779408568.29095,0.000538,0.000616,0.000639,3.936771,3.936992,3.936132,0.000221000000000249,3.7784,0.177555743789673
"2026-05-22T00:09:32.198Z","run_bootstrap",121,"http://client1:8000","run","http://client1:8000/run",1,TRUE,200,1109,251,3.31550979614258,"2026-05-22T00:09:28.494772Z","2026-05-22T00:09:31.810282Z",1779408568.49477,1779408571.81028,0.000567,0.000635,0.000657,3.301817,3.301955,3.30116,0.000138000000000194,3.2953,0.020209796142578
"2026-05-22T00:09:32.198Z","run_bootstrap",121,"http://client2:8000","run","http://client2:8000/run",1,TRUE,200,1109,254,3.48947191238403,"2026-05-22T00:09:28.495335Z","2026-05-22T00:09:31.984807Z",1779408568.49534,1779408571.98481,0.000592,0.000673,0.000705,3.470147,3.470363,3.469442,0.000215999999999994,3.4638,0.0256719123840332
"2026-05-22T00:09:32.198Z","run_bootstrap",121,"http://client3:8000","run","http://client3:8000/run",1,TRUE,200,1109,254,3.69833827018738,"2026-05-22T00:09:28.494604Z","2026-05-22T00:09:32.192942Z",1779408568.4946,1779408572.19294,0.000536,0.000641,0.000674,3.684526,3.684667,3.683852,0.000141000000000169,3.6779,0.0204382701873778
"2026-05-22T00:09:35.917Z","run_bootstrap",122,"http://client1:8000","run","http://client1:8000/run",1,TRUE,200,1109,251,3.45308995246887,"2026-05-22T00:09:32.211060Z","2026-05-22T00:09:35.664150Z",1779408572.21106,1779408575.66415,0.00059,0.000666,0.000696,3.437707,3.437846,3.437011,0.000138999999999889,3.4278,0.0252899524688721
"2026-05-22T00:09:35.917Z","run_bootstrap",122,"http://client2:8000","run","http://client2:8000/run",1,TRUE,200,1109,254,3.6998393535614,"2026-05-22T00:09:32.211557Z","2026-05-22T00:09:35.911396Z",1779408572.21156,1779408575.9114,0.000626,0.000711,0.000743,3.684894,3.685037,3.684151,0.000143000000000004,3.6738,0.0260393535614014
"2026-05-22T00:09:35.917Z","run_bootstrap",122,"http://client3:8000","run","http://client3:8000/run",1,TRUE,200,1109,254,3.67537975311279,"2026-05-22T00:09:32.210831Z","2026-05-22T00:09:35.886211Z",1779408572.21083,1779408575.88621,0.00069,0.000769,0.000792,3.66116,3.661283,3.660368,0.000122999999999873,3.6541,0.0212797531127928
"2026-05-22T00:09:39.502Z","run_bootstrap",123,"http://client1:8000","run","http://client1:8000/run",1,TRUE,200,1108,252,3.56222939491272,"2026-05-22T00:09:35.928977Z","2026-05-22T00:09:39.491206Z",1779408575.92898,1779408579.49121,0.000552,0.000641,0.000675,3.541084,3.541207,3.540409,0.000122999999999873,3.5328,0.0294293949127198
"2026-05-22T00:09:39.502Z","run_bootstrap",123,"http://client2:8000","run","http://client2:8000/run",1,TRUE,200,1108,252,3.56801652908325,"2026-05-22T00:09:35.928500Z","2026-05-22T00:09:39.496516Z",1779408575.9285,1779408579.49652,0.000515,0.000593,0.000617,3.553214,3.553273,3.552597,5.89999999998092e-05,3.5463,0.0217165290832519
"2026-05-22T00:09:39.502Z","run_bootstrap",123,"http://client3:8000","run","http://client3:8000/run",1,TRUE,200,1108,254,3.47444128990173,"2026-05-22T00:09:35.930218Z","2026-05-22T00:09:39.404659Z",1779408575.93022,1779408579.40466,0.000544,0.000627,0.00066,3.453572,3.453718,3.452912,0.000145999999999979,3.4464,0.0280412899017333
"2026-05-22T00:09:43.107Z","run_bootstrap",124,"http://client1:8000","run","http://client1:8000/run",1,TRUE,200,1108,252,3.58745384216309,"2026-05-22T00:09:39.515374Z","2026-05-22T00:09:43.102828Z",1779408579.51537,1779408583.10283,0.000736,0.000794,0.000816,3.568704,3.56885,3.567888,0.000145999999999979,3.5615,0.0259538421630858
"2026-05-22T00:09:43.107Z","run_bootstrap",124,"http://client2:8000","run","http://client2:8000/run",1,TRUE,200,1108,252,3.4197678565979,"2026-05-22T00:09:39.515952Z","2026-05-22T00:09:42.935720Z",1779408579.51595,1779408582.93572,0.000493,0.000564,0.000605,3.400119,3.400271,3.399514,0.00015199999999993,3.3922,0.0275678565979005
"2026-05-22T00:09:43.107Z","run_bootstrap",124,"http://client3:8000","run","http://client3:8000/run",1,TRUE,200,1108,254,3.52131247520447,"2026-05-22T00:09:39.516388Z","2026-05-22T00:09:43.037700Z",1779408579.51639,1779408583.0377,0.000482,0.000564,0.000587,3.502664,3.5028,3.502077,0.000135999999999914,3.4959,0.025412475204468
"2026-05-22T00:09:46.686Z","run_bootstrap",125,"http://client1:8000","run","http://client1:8000/run",1,TRUE,200,1107,252,3.48727536201477,"2026-05-22T00:09:43.120035Z","2026-05-22T00:09:46.607311Z",1779408583.12004,1779408586.60731,0.000857,0.000974,0.001011,3.465815,3.465952,3.464804,0.000137000000000054,3.4583,0.0289753620147706
"2026-05-22T00:09:46.686Z","run_bootstrap",125,"http://client2:8000","run","http://client2:8000/run",1,TRUE,200,1107,255,3.55637884140015,"2026-05-22T00:09:43.120616Z","2026-05-22T00:09:46.676995Z",1779408583.12062,1779408586.677,0.000715,0.000807,0.000829,3.541846,3.541942,3.541017,9.6000000000096e-05,3.5344,0.0219788414001463
"2026-05-22T00:09:46.686Z","run_bootstrap",125,"http://client3:8000","run","http://client3:8000/run",1,TRUE,200,1107,254,3.53758120536804,"2026-05-22T00:09:43.121200Z","2026-05-22T00:09:46.658781Z",1779408583.1212,1779408586.65878,0.000497,0.000585,0.000617,3.519099,3.519213,3.518482,0.000113999999999947,3.5122,0.025381205368042
"2026-05-22T00:09:50.382Z","run_bootstrap",126,"http://client1:8000","run","http://client1:8000/run",1,TRUE,200,1107,252,3.35555052757263,"2026-05-22T00:09:46.701041Z","2026-05-22T00:09:50.056592Z",1779408586.70104,1779408590.05659,0.000384,0.000459,0.000489,3.339667,3.339787,3.339178,0.000119999999999898,3.3286,0.0269505275726321
"2026-05-22T00:09:50.382Z","run_bootstrap",126,"http://client2:8000","run","http://client2:8000/run",1,TRUE,200,1107,255,3.53442978858948,"2026-05-22T00:09:46.701709Z","2026-05-22T00:09:50.236139Z",1779408586.70171,1779408590.23614,0.000587,0.000671,0.000703,3.519603,3.51974,3.5189,0.000137000000000054,3.5128,0.0216297885894776
"2026-05-22T00:09:50.382Z","run_bootstrap",126,"http://client3:8000","run","http://client3:8000/run",1,TRUE,200,1107,253,3.67530608177185,"2026-05-22T00:09:46.702189Z","2026-05-22T00:09:50.377495Z",1779408586.70219,1779408590.3775,0.000492,0.000572,0.000594,3.661724,3.661862,3.66113,0.000138000000000194,3.655,0.0203060817718508
"2026-05-22T00:09:53.996Z","run_bootstrap",127,"http://client1:8000","run","http://client1:8000/run",1,TRUE,200,1109,251,3.57232356071472,"2026-05-22T00:09:50.393884Z","2026-05-22T00:09:53.966207Z",1779408590.39388,1779408593.96621,0.00039,0.000468,0.000502,3.551538,3.551632,3.551036,9.40000000002605e-05,3.5444,0.0279235607147217
"2026-05-22T00:09:53.996Z","run_bootstrap",127,"http://client2:8000","run","http://client2:8000/run",1,TRUE,200,1109,254,3.51119041442871,"2026-05-22T00:09:50.394562Z","2026-05-22T00:09:53.905752Z",1779408590.39456,1779408593.90575,0.000489,0.000591,0.000629,3.490843,3.490989,3.490214,0.000145999999999979,3.484,0.027190414428711
"2026-05-22T00:09:53.996Z","run_bootstrap",127,"http://client3:8000","run","http://client3:8000/run",1,TRUE,200,1109,254,3.5973527431488,"2026-05-22T00:09:50.393778Z","2026-05-22T00:09:53.991131Z",1779408590.39378,1779408593.99113,0.000589,0.000704,0.000744,3.583602,3.583699,3.582858,9.70000000002358e-05,3.5766,0.0207527431488037
"2026-05-22T00:09:57.669Z","run_bootstrap",128,"http://client1:8000","run","http://client1:8000/run",1,TRUE,200,1109,251,3.30758786201477,"2026-05-22T00:09:54.008802Z","2026-05-22T00:09:57.316390Z",1779408594.0088,1779408597.31639,0.000543,0.000632,0.000672,3.287703,3.287848,3.287031,0.00014499999999984,3.2798,0.0277878620147707
"2026-05-22T00:09:57.669Z","run_bootstrap",128,"http://client2:8000","run","http://client2:8000/run",1,TRUE,200,1109,254,3.35873079299927,"2026-05-22T00:09:54.009509Z","2026-05-22T00:09:57.368240Z",1779408594.00951,1779408597.36824,0.00064,0.000724,0.000759,3.338022,3.338176,3.337263,0.000153999999999765,3.331,0.0277307929992676
"2026-05-22T00:09:57.669Z","run_bootstrap",128,"http://client3:8000","run","http://client3:8000/run",1,TRUE,200,1109,254,3.65468144416809,"2026-05-22T00:09:54.009985Z","2026-05-22T00:09:57.664666Z",1779408594.00999,1779408597.66467,0.000652,0.000762,0.000801,3.637006,3.637157,3.636205,0.000151000000000234,3.6301,0.0245814441680907
"2026-05-22T00:10:01.487Z","run_bootstrap",129,"http://client1:8000","run","http://client1:8000/run",1,TRUE,200,1109,252,3.79801654815674,"2026-05-22T00:09:57.681738Z","2026-05-22T00:10:01.479754Z",1779408597.68174,1779408601.47975,0.000698,0.000812,0.000853,3.780451,3.780547,3.779598,9.6000000000096e-05,3.7727,0.0253165481567383
"2026-05-22T00:10:01.487Z","run_bootstrap",129,"http://client2:8000","run","http://client2:8000/run",1,TRUE,200,1109,255,3.51813817024231,"2026-05-22T00:09:57.682468Z","2026-05-22T00:10:01.200607Z",1779408597.68247,1779408601.20061,0.000582,0.00067,0.000708,3.501203,3.501351,3.500495,0.000148000000000259,3.4941,0.0240381702423096
"2026-05-22T00:10:01.487Z","run_bootstrap",129,"http://client3:8000","run","http://client3:8000/run",1,TRUE,200,1109,253,3.58628273010254,"2026-05-22T00:09:57.682924Z","2026-05-22T00:10:01.269207Z",1779408597.68292,1779408601.26921,0.000453,0.00055,0.000589,3.569572,3.569703,3.568983,0.000131000000000103,3.5628,0.0234827301025389
"2026-05-22T00:10:05.330Z","run_bootstrap",130,"http://client1:8000","run","http://client1:8000/run",1,TRUE,200,1109,252,3.55804872512817,"2026-05-22T00:10:01.501164Z","2026-05-22T00:10:05.059213Z",1779408601.50116,1779408605.05921,0.000659,0.000797,0.000832,3.543484,3.54357,3.542652,8.60000000000305e-05,3.5326,0.0254487251281739
"2026-05-22T00:10:05.330Z","run_bootstrap",130,"http://client2:8000","run","http://client2:8000/run",1,TRUE,200,1109,255,3.82319617271423,"2026-05-22T00:10:01.502787Z","2026-05-22T00:10:05.325983Z",1779408601.50279,1779408605.32598,0.000548,0.000637,0.000675,3.809307,3.809444,3.808632,0.000137000000000054,3.8011,0.0220961727142335
"2026-05-22T00:10:05.330Z","run_bootstrap",130,"http://client3:8000","run","http://client3:8000/run",1,TRUE,200,1109,253,3.53248977661133,"2026-05-22T00:10:01.503139Z","2026-05-22T00:10:05.035629Z",1779408601.50314,1779408605.03563,0.000598,0.000682,0.000714,3.518482,3.518619,3.517768,0.000137000000000054,3.5099,0.0225897766113281
"2026-05-22T00:10:09.162Z","run_bootstrap",131,"http://client1:8000","run","http://client1:8000/run",1,TRUE,200,1107,249,3.70844745635986,"2026-05-22T00:10:05.344276Z","2026-05-22T00:10:09.052724Z",1779408605.34428,1779408609.05272,0.000599,0.000677,7e-04,3.690094,3.690115,3.689394,2.09999999998267e-05,3.681,0.0274474563598632
"2026-05-22T00:10:09.162Z","run_bootstrap",131,"http://client2:8000","run","http://client2:8000/run",1,TRUE,200,1107,255,3.64335489273071,"2026-05-22T00:10:05.345213Z","2026-05-22T00:10:08.988568Z",1779408605.34521,1779408608.98857,0.000645,0.000708,0.000727,3.625932,3.625957,3.625205,2.49999999999417e-05,3.6189,0.0244548927307129
"2026-05-22T00:10:09.162Z","run_bootstrap",131,"http://client3:8000","run","http://client3:8000/run",1,TRUE,200,1107,251,3.81199717521667,"2026-05-22T00:10:05.345748Z","2026-05-22T00:10:09.157745Z",1779408605.34575,1779408609.15775,0.000477,0.000556,0.000587,3.789895,3.789935,3.789308,3.9999999999818e-05,3.7817,0.030297175216675
"2026-05-22T00:10:13.063Z","run_bootstrap",132,"http://client1:8000","run","http://client1:8000/run",1,TRUE,200,1107,250,3.68537712097168,"2026-05-22T00:10:09.176533Z","2026-05-22T00:10:12.861910Z",1779408609.17653,1779408612.86191,0.000577,0.000684,0.000719,3.668788,3.668877,3.668069,8.90000000000057e-05,3.6599,0.0254771209716798
"2026-05-22T00:10:13.063Z","run_bootstrap",132,"http://client2:8000","run","http://client2:8000/run",1,TRUE,200,1107,255,3.72875070571899,"2026-05-22T00:10:09.177135Z","2026-05-22T00:10:12.905886Z",1779408609.17714,1779408612.90589,0.00053,0.000604,0.000636,3.708641,3.708781,3.708005,0.000140000000000029,3.7018,0.0269507057189942
"2026-05-22T00:10:13.063Z","run_bootstrap",132,"http://client3:8000","run","http://client3:8000/run",1,TRUE,200,1107,251,3.87962317466736,"2026-05-22T00:10:09.176345Z","2026-05-22T00:10:13.055968Z",1779408609.17635,1779408613.05597,0.000749,0.000858,0.000895,3.865488,3.865623,3.864593,0.000134999999999774,3.8582,0.0214231746673583
"2026-05-22T00:10:16.859Z","run_bootstrap",133,"http://client1:8000","run","http://client1:8000/run",1,TRUE,200,1110,251,3.63958668708801,"2026-05-22T00:10:13.074190Z","2026-05-22T00:10:16.713777Z",1779408613.07419,1779408616.71378,0.000604,0.000706,0.000745,3.625626,3.625767,3.624881,0.000141000000000169,3.6176,0.0219866870880128
"2026-05-22T00:10:16.859Z","run_bootstrap",133,"http://client2:8000","run","http://client2:8000/run",1,TRUE,200,1110,254,3.7760283946991,"2026-05-22T00:10:13.075922Z","2026-05-22T00:10:16.851951Z",1779408613.07592,1779408616.85195,0.000652,0.000765,0.000807,3.755827,3.755912,3.75502,8.49999999998907e-05,3.7477,0.0283283946990966
"2026-05-22T00:10:16.859Z","run_bootstrap",133,"http://client3:8000","run","http://client3:8000/run",1,TRUE,200,1110,253,3.73683023452759,"2026-05-22T00:10:13.076186Z","2026-05-22T00:10:16.813016Z",1779408613.07619,1779408616.81302,0.000685,0.000801,0.000845,3.722442,3.722577,3.721597,0.000134999999999774,3.7153,0.0215302345275878
"2026-05-22T00:10:20.784Z","run_bootstrap",134,"http://client1:8000","run","http://client1:8000/run",1,TRUE,200,1110,251,3.70258116722107,"2026-05-22T00:10:16.871227Z","2026-05-22T00:10:20.573808Z",1779408616.87123,1779408620.57381,0.000648,0.000764,0.00081,3.687984,3.688114,3.687174,0.000129999999999963,3.6801,0.0224811672210694
"2026-05-22T00:10:20.784Z","run_bootstrap",134,"http://client2:8000","run","http://client2:8000/run",1,TRUE,200,1110,254,3.74875354766846,"2026-05-22T00:10:16.872901Z","2026-05-22T00:10:20.621654Z",1779408616.8729,1779408620.62165,0.000644,0.000721,0.000758,3.734498,3.734615,3.73374,0.000116999999999923,3.7273,0.021453547668457
"2026-05-22T00:10:20.784Z","run_bootstrap",134,"http://client3:8000","run","http://client3:8000/run",1,TRUE,200,1110,253,3.90355157852173,"2026-05-22T00:10:16.873113Z","2026-05-22T00:10:20.776665Z",1779408616.87311,1779408620.77667,0.000596,0.000696,0.000738,3.88945,3.889591,3.888712,0.000140999999999725,3.8823,0.0212515785217287
"2026-05-22T00:10:24.711Z","run_bootstrap",135,"http://client1:8000","run","http://client1:8000/run",1,TRUE,200,1109,250,3.75404381752014,"2026-05-22T00:10:20.798396Z","2026-05-22T00:10:24.552440Z",1779408620.7984,1779408624.55244,0.000724,0.000833,0.000871,3.739461,3.739593,3.73859,0.000132000000000243,3.7306,0.0234438175201417
"2026-05-22T00:10:24.711Z","run_bootstrap",135,"http://client2:8000","run","http://client2:8000/run",1,TRUE,200,1109,255,3.6320788860321,"2026-05-22T00:10:20.800384Z","2026-05-22T00:10:24.432463Z",1779408620.80038,1779408624.43246,0.000614,0.000733,0.000781,3.612528,3.612637,3.611747,0.000108999999999693,3.5979,0.0341788860321044
"2026-05-22T00:10:24.711Z","run_bootstrap",135,"http://client3:8000","run","http://client3:8000/run",1,TRUE,200,1109,254,3.904620885849,"2026-05-22T00:10:20.800709Z","2026-05-22T00:10:24.705329Z",1779408620.80071,1779408624.70533,0.000596,0.000711,0.000749,3.883134,3.883208,3.882385,7.40000000001295e-05,3.8698,0.0348208858489989
"2026-05-22T00:10:28.659Z","run_bootstrap",136,"http://client1:8000","run","http://client1:8000/run",1,TRUE,200,1109,249,3.92532539367676,"2026-05-22T00:10:24.722932Z","2026-05-22T00:10:28.648258Z",1779408624.72293,1779408628.64826,0.000627,0.000732,0.000766,3.910904,3.911041,3.910138,0.000137000000000054,3.903,0.0223253936767578
"2026-05-22T00:10:28.659Z","run_bootstrap",136,"http://client2:8000","run","http://client2:8000/run",1,TRUE,200,1109,255,3.6515588760376,"2026-05-22T00:10:24.725141Z","2026-05-22T00:10:28.376700Z",1779408624.72514,1779408628.3767,0.000671,0.000787,0.000823,3.629605,3.629744,3.628782,0.000138999999999889,3.6211,0.0304588760375974
"2026-05-22T00:10:28.659Z","run_bootstrap",136,"http://client3:8000","run","http://client3:8000/run",1,TRUE,200,1109,254,3.72685790061951,"2026-05-22T00:10:24.725585Z","2026-05-22T00:10:28.452443Z",1779408624.72559,1779408628.45244,0.000571,0.000687,0.000724,3.708252,3.708337,3.707528,8.50000000003348e-05,3.6999,0.0269579006195069
"2026-05-22T00:10:32.450Z","run_bootstrap",137,"http://client1:8000","run","http://client1:8000/run",1,TRUE,200,1110,250,3.70520853996277,"2026-05-22T00:10:28.673766Z","2026-05-22T00:10:32.378974Z",1779408628.67377,1779408632.37897,0.000467,0.000588,0.000624,3.682663,3.682793,3.682039,0.000130000000000408,3.6751,0.0301085399627685
"2026-05-22T00:10:32.450Z","run_bootstrap",137,"http://client2:8000","run","http://client2:8000/run",1,TRUE,200,1110,255,3.77073049545288,"2026-05-22T00:10:28.674806Z","2026-05-22T00:10:32.445536Z",1779408628.67481,1779408632.44554,0.000528,0.000661,0.000696,3.751952,3.752102,3.751256,0.00014999999999965,3.7447,0.0260304954528809
"2026-05-22T00:10:32.450Z","run_bootstrap",137,"http://client3:8000","run","http://client3:8000/run",1,TRUE,200,1110,253,3.63638734817505,"2026-05-22T00:10:28.675710Z","2026-05-22T00:10:32.312098Z",1779408628.67571,1779408632.3121,0.000438,0.000515,0.000544,3.617637,3.617774,3.617093,0.00013699999999961,3.6105,0.0258873481750488
"2026-05-22T00:10:36.351Z","run_bootstrap",138,"http://client1:8000","run","http://client1:8000/run",1,TRUE,200,1110,250,3.692378282547,"2026-05-22T00:10:32.461795Z","2026-05-22T00:10:36.154173Z",1779408632.4618,1779408636.15417,0.000519,0.000631,0.000675,3.678282,3.678396,3.677607,0.000114000000000392,3.6707,0.021678282546997
"2026-05-22T00:10:36.351Z","run_bootstrap",138,"http://client2:8000","run","http://client2:8000/run",1,TRUE,200,1110,255,3.88020253181458,"2026-05-22T00:10:32.463706Z","2026-05-22T00:10:36.343908Z",1779408632.46371,1779408636.34391,0.000608,0.000698,0.000734,3.865629,3.865763,3.864895,0.000133999999999634,3.8586,0.0216025318145752
"2026-05-22T00:10:36.351Z","run_bootstrap",138,"http://client3:8000","run","http://client3:8000/run",1,TRUE,200,1110,253,3.71222114562988,"2026-05-22T00:10:32.464043Z","2026-05-22T00:10:36.176264Z",1779408632.46404,1779408636.17626,0.000637,0.000708,0.000737,3.697867,3.69799,3.69713,0.000122999999999873,3.6903,0.0219211456298827
"2026-05-22T00:10:40.128Z","run_bootstrap",139,"http://client1:8000","run","http://client1:8000/run",1,TRUE,200,1109,250,3.74884223937988,"2026-05-22T00:10:36.368638Z","2026-05-22T00:10:40.117480Z",1779408636.36864,1779408640.11748,0.000534,0.000606,0.000641,3.72655,3.726694,3.725909,0.000144000000000144,3.7189,0.0299422393798827
"2026-05-22T00:10:40.128Z","run_bootstrap",139,"http://client2:8000","run","http://client2:8000/run",1,TRUE,200,1109,253,3.65546560287476,"2026-05-22T00:10:36.369169Z","2026-05-22T00:10:40.024634Z",1779408636.36917,1779408640.02463,0.00074,0.000823,0.000847,3.636963,3.637118,3.636116,0.000154999999999905,3.6271,0.0283656028747559
"2026-05-22T00:10:40.128Z","run_bootstrap",139,"http://client3:8000","run","http://client3:8000/run",1,TRUE,200,1109,254,3.75411200523376,"2026-05-22T00:10:36.370047Z","2026-05-22T00:10:40.124159Z",1779408636.37005,1779408640.12416,0.000461,0.000541,0.000578,3.733752,3.733893,3.733174,0.000141000000000169,3.7251,0.0290120052337648
"2026-05-22T00:10:44.115Z","run_bootstrap",140,"http://client1:8000","run","http://client1:8000/run",1,TRUE,200,1109,250,3.87178635597229,"2026-05-22T00:10:40.139841Z","2026-05-22T00:10:44.011627Z",1779408640.13984,1779408644.01163,0.00059,0.000699,0.000747,3.857557,3.857691,3.85681,0.000134000000000079,3.6884,0.18338635597229
"2026-05-22T00:10:44.115Z","run_bootstrap",140,"http://client2:8000","run","http://client2:8000/run",1,TRUE,200,1109,253,3.87262272834778,"2026-05-22T00:10:40.142297Z","2026-05-22T00:10:44.014919Z",1779408640.1423,1779408644.01492,0.000601,0.000696,0.000732,3.856392,3.856529,3.85566,0.000137000000000054,3.6849,0.187722728347778
"2026-05-22T00:10:44.115Z","run_bootstrap",140,"http://client3:8000","run","http://client3:8000/run",1,TRUE,200,1109,254,3.96796703338623,"2026-05-22T00:10:40.142712Z","2026-05-22T00:10:44.110679Z",1779408640.14271,1779408644.11068,0.000534,0.000617,0.000655,3.952812,3.952941,3.952157,0.000128999999999824,3.7756,0.192367033386231
"2026-05-22T00:10:47.848Z","run_bootstrap",141,"http://client1:8000","run","http://client1:8000/run",1,TRUE,200,1109,252,3.71562933921814,"2026-05-22T00:10:44.127238Z","2026-05-22T00:10:47.842867Z",1779408644.12724,1779408647.84287,0.000643,0.00075,8e-04,3.701054,3.701166,3.700254,0.000112000000000112,3.6937,0.0219293392181394
"2026-05-22T00:10:47.848Z","run_bootstrap",141,"http://client2:8000","run","http://client2:8000/run",1,TRUE,200,1109,255,3.50789952278137,"2026-05-22T00:10:44.129262Z","2026-05-22T00:10:47.637161Z",1779408644.12926,1779408647.63716,0.000629,0.000782,0.000954,3.48808,3.488202,3.487126,0.000121999999999733,3.4811,0.026799522781372
"2026-05-22T00:10:47.848Z","run_bootstrap",141,"http://client3:8000","run","http://client3:8000/run",1,TRUE,200,1109,252,3.65694046020508,"2026-05-22T00:10:44.129531Z","2026-05-22T00:10:47.786471Z",1779408644.12953,1779408647.78647,0.000487,0.000579,0.000618,3.634898,3.635034,3.63428,0.000135999999999914,3.6282,0.028740460205078
"2026-05-22T00:10:51.608Z","run_bootstrap",142,"http://client1:8000","run","http://client1:8000/run",1,TRUE,200,1109,252,3.58579158782959,"2026-05-22T00:10:47.860089Z","2026-05-22T00:10:51.445881Z",1779408647.86009,1779408651.44588,0.00057,0.000673,0.000709,3.567731,3.567762,3.567022,3.09999999998922e-05,3.5599,0.02589158782959
"2026-05-22T00:10:51.608Z","run_bootstrap",142,"http://client2:8000","run","http://client2:8000/run",1,TRUE,200,1109,255,3.74261784553528,"2026-05-22T00:10:47.861651Z","2026-05-22T00:10:51.604269Z",1779408647.86165,1779408651.60427,0.000552,0.000626,0.00065,3.724522,3.724546,3.723872,2.4000000000246e-05,3.7169,0.0257178455352784
"2026-05-22T00:10:51.608Z","run_bootstrap",142,"http://client3:8000","run","http://client3:8000/run",1,TRUE,200,1109,252,3.47073459625244,"2026-05-22T00:10:47.860939Z","2026-05-22T00:10:51.331674Z",1779408647.86094,1779408651.33167,0.000566,0.000669,0.000704,3.453553,3.453585,3.452849,3.2000000000032e-05,3.4431,0.0276345962524416
"2026-05-22T00:10:55.391Z","run_bootstrap",143,"http://client1:8000","run","http://client1:8000/run",1,TRUE,200,1109,251,3.50470948219299,"2026-05-22T00:10:51.622604Z","2026-05-22T00:10:55.127314Z",1779408651.6226,1779408655.12731,0.000569,0.000657,0.000689,3.488316,3.488448,3.487627,0.000131999999999799,3.481,0.0237094821929933
"2026-05-22T00:10:55.391Z","run_bootstrap",143,"http://client2:8000","run","http://client2:8000/run",1,TRUE,200,1109,255,3.73763251304626,"2026-05-22T00:10:51.623408Z","2026-05-22T00:10:55.361040Z",1779408651.62341,1779408655.36104,0.000587,0.000698,0.000732,3.71861,3.718737,3.717878,0.000126999999999988,3.7117,0.0259325130462646
"2026-05-22T00:10:55.391Z","run_bootstrap",143,"http://client3:8000","run","http://client3:8000/run",1,TRUE,200,1109,254,3.76415920257568,"2026-05-22T00:10:51.622702Z","2026-05-22T00:10:55.386862Z",1779408651.6227,1779408655.38686,0.000702,0.000825,0.000862,3.750355,3.750491,3.749493,0.000135999999999914,3.7423,0.0218592025756834
"2026-05-22T00:10:59.180Z","run_bootstrap",144,"http://client1:8000","run","http://client1:8000/run",1,TRUE,200,1109,250,3.77131462097168,"2026-05-22T00:10:55.403427Z","2026-05-22T00:10:59.174741Z",1779408655.40343,1779408659.17474,0.000743,0.000842,0.000881,3.757307,3.75744,3.756426,0.000132999999999939,3.75,0.0213146209716797
"2026-05-22T00:10:59.180Z","run_bootstrap",144,"http://client2:8000","run","http://client2:8000/run",1,TRUE,200,1109,255,3.46773099899292,"2026-05-22T00:10:55.404210Z","2026-05-22T00:10:58.871941Z",1779408655.40421,1779408658.87194,0.000646,0.000766,0.000808,3.454164,3.454511,3.453356,0.000347000000000097,3.4471,0.0206309989929201
"2026-05-22T00:10:59.180Z","run_bootstrap",144,"http://client3:8000","run","http://client3:8000/run",1,TRUE,200,1109,254,3.58706855773926,"2026-05-22T00:10:55.405083Z","2026-05-22T00:10:58.992151Z",1779408655.40508,1779408658.99215,0.000636,0.000725,0.000761,3.573551,3.573688,3.57279,0.000137000000000054,3.5668,0.0202685577392576
"2026-05-22T00:11:02.984Z","run_bootstrap",145,"http://client1:8000","run","http://client1:8000/run",1,TRUE,200,1109,250,3.51775026321411,"2026-05-22T00:10:59.191260Z","2026-05-22T00:11:02.709010Z",1779408659.19126,1779408662.70901,0.000676,0.000785,0.000829,3.500613,3.500786,3.499784,0.000173000000000201,3.493,0.0247502632141114
"2026-05-22T00:11:02.984Z","run_bootstrap",145,"http://client2:8000","run","http://client2:8000/run",1,TRUE,200,1109,251,3.6871771812439,"2026-05-22T00:10:59.191723Z","2026-05-22T00:11:02.878900Z",1779408659.19172,1779408662.8789,0.000824,0.000921,0.000962,3.666272,3.666467,3.66531,0.000194999999999723,3.6577,0.0294771812438963
"2026-05-22T00:11:02.984Z","run_bootstrap",145,"http://client3:8000","run","http://client3:8000/run",1,TRUE,200,1109,253,3.78674268722534,"2026-05-22T00:10:59.192204Z","2026-05-22T00:11:02.978947Z",1779408659.1922,1779408662.97895,0.000651,0.000771,0.000821,3.767739,3.767874,3.766918,0.000134999999999774,3.7599,0.0268426872253418
"2026-05-22T00:11:06.772Z","run_bootstrap",146,"http://client1:8000","run","http://client1:8000/run",1,TRUE,200,1109,251,3.58240628242493,"2026-05-22T00:11:02.996232Z","2026-05-22T00:11:06.578639Z",1779408662.99623,1779408666.57864,0.000696,0.000819,0.000848,3.567983,3.568122,3.567135,0.000138999999999889,3.5603,0.022106282424927
"2026-05-22T00:11:06.772Z","run_bootstrap",146,"http://client2:8000","run","http://client2:8000/run",1,TRUE,200,1109,250,3.76659989356995,"2026-05-22T00:11:02.997736Z","2026-05-22T00:11:06.764336Z",1779408662.99774,1779408666.76434,0.000604,0.000683,0.000723,3.752282,3.752428,3.751559,0.000145999999999979,3.744,0.0225998935699461
"2026-05-22T00:11:06.772Z","run_bootstrap",146,"http://client3:8000","run","http://client3:8000/run",1,TRUE,200,1109,253,3.58042979240417,"2026-05-22T00:11:02.998672Z","2026-05-22T00:11:06.579101Z",1779408662.99867,1779408666.5791,0.000548,0.000629,0.000666,3.567323,3.567461,3.566657,0.000138000000000194,3.5602,0.0202297924041748
"2026-05-22T00:11:10.648Z","run_bootstrap",147,"http://client1:8000","run","http://client1:8000/run",1,TRUE,200,1108,254,3.79216051101685,"2026-05-22T00:11:06.848635Z","2026-05-22T00:11:10.640796Z",1779408666.84864,1779408670.6408,0.000734,0.000844,0.000879,3.778564,3.77871,3.777685,0.000145999999999979,3.77,0.0221605110168457
"2026-05-22T00:11:10.648Z","run_bootstrap",147,"http://client2:8000","run","http://client2:8000/run",1,TRUE,200,1108,253,3.50500202178955,"2026-05-22T00:11:06.850302Z","2026-05-22T00:11:10.355304Z",1779408666.8503,1779408670.3553,0.000543,0.000654,0.000689,3.486581,3.486723,3.485892,0.000141999999999864,3.4786,0.0264020217895506
"2026-05-22T00:11:10.648Z","run_bootstrap",147,"http://client3:8000","run","http://client3:8000/run",1,TRUE,200,1108,256,3.71733093261719,"2026-05-22T00:11:06.850771Z","2026-05-22T00:11:10.568102Z",1779408666.85077,1779408670.5681,0.000554,0.000668,0.000704,3.698935,3.699064,3.698231,0.000128999999999824,3.6896,0.0277309326171875
"2026-05-22T00:11:14.398Z","run_bootstrap",148,"http://client1:8000","run","http://client1:8000/run",1,TRUE,200,1108,256,3.62978100776672,"2026-05-22T00:11:10.660320Z","2026-05-22T00:11:14.290102Z",1779408670.66032,1779408674.2901,0.000647,0.000776,0.000801,3.615291,3.615419,3.61449,0.000128000000000128,3.6079,0.0218810077667237
"2026-05-22T00:11:14.398Z","run_bootstrap",148,"http://client2:8000","run","http://client2:8000/run",1,TRUE,200,1108,253,3.73308682441711,"2026-05-22T00:11:10.660862Z","2026-05-22T00:11:14.393949Z",1779408670.66086,1779408674.39395,0.000534,0.000592,0.000611,3.719023,3.719159,3.718412,0.000135999999999914,3.7121,0.0209868244171143
"2026-05-22T00:11:14.398Z","run_bootstrap",148,"http://client3:8000","run","http://client3:8000/run",1,TRUE,200,1108,255,3.58360958099365,"2026-05-22T00:11:10.660070Z","2026-05-22T00:11:14.243679Z",1779408670.66007,1779408674.24368,0.000613,0.000724,0.000763,3.570148,3.570278,3.569385,0.000129999999999963,3.563,0.0206095809936522
"2026-05-22T00:11:18.227Z","run_bootstrap",149,"http://client1:8000","run","http://client1:8000/run",1,TRUE,200,1110,255,3.5626208782196,"2026-05-22T00:11:14.410296Z","2026-05-22T00:11:17.972917Z",1779408674.4103,1779408677.97292,0.00063,0.000757,0.000798,3.541148,3.541275,3.54035,0.000126999999999988,3.5332,0.0294208782196046
"2026-05-22T00:11:18.227Z","run_bootstrap",149,"http://client2:8000","run","http://client2:8000/run",1,TRUE,200,1110,259,3.52639937400818,"2026-05-22T00:11:14.411059Z","2026-05-22T00:11:17.937458Z",1779408674.41106,1779408677.93746,0.000749,0.000841,0.000863,3.505766,3.505906,3.504903,0.000140000000000029,3.4985,0.0278993740081788
"2026-05-22T00:11:18.227Z","run_bootstrap",149,"http://client3:8000","run","http://client3:8000/run",1,TRUE,200,1110,258,3.80864191055298,"2026-05-22T00:11:14.411619Z","2026-05-22T00:11:18.220261Z",1779408674.41162,1779408678.22026,0.000595,0.000702,0.000737,3.79171,3.791799,3.790973,8.90000000000057e-05,3.7845,0.0241419105529785
"2026-05-22T00:11:22.061Z","run_bootstrap",150,"http://client1:8000","run","http://client1:8000/run",1,TRUE,200,1110,255,3.53380298614502,"2026-05-22T00:11:18.240177Z","2026-05-22T00:11:21.773980Z",1779408678.24018,1779408681.77398,0.000401,0.00051,0.000533,3.52007,3.520193,3.519537,0.000122999999999873,3.5115,0.0223029861450197
"2026-05-22T00:11:22.061Z","run_bootstrap",150,"http://client2:8000","run","http://client2:8000/run",1,TRUE,200,1110,259,3.62482404708862,"2026-05-22T00:11:18.240606Z","2026-05-22T00:11:21.865430Z",1779408678.24061,1779408681.86543,0.00055,0.000614,0.000636,3.612276,3.612389,3.61164,0.000112999999999808,3.6051,0.0197240470886229
"2026-05-22T00:11:22.061Z","run_bootstrap",150,"http://client3:8000","run","http://client3:8000/run",1,TRUE,200,1110,257,3.8176121711731,"2026-05-22T00:11:18.239830Z","2026-05-22T00:11:22.057442Z",1779408678.23983,1779408682.05744,0.00059,0.000625,0.00064,3.804238,3.804376,3.803598,0.000138000000000194,3.796,0.0216121711730959
"2026-05-22T00:11:25.885Z","run_bootstrap",151,"http://client1:8000","run","http://client1:8000/run",1,TRUE,200,1109,253,3.66144943237305,"2026-05-22T00:11:22.073305Z","2026-05-22T00:11:25.734755Z",1779408682.07331,1779408685.73476,0.000571,0.000657,0.000682,3.646751,3.646875,3.646069,0.000124000000000013,3.6395,0.0219494323730469
"2026-05-22T00:11:25.885Z","run_bootstrap",151,"http://client2:8000","run","http://client2:8000/run",1,TRUE,200,1109,252,3.80554604530334,"2026-05-22T00:11:22.074620Z","2026-05-22T00:11:25.880166Z",1779408682.07462,1779408685.88017,0.000458,0.000533,0.000568,3.790237,3.79037,3.789669,0.000132999999999939,3.7834,0.0221460453033449
"2026-05-22T00:11:25.885Z","run_bootstrap",151,"http://client3:8000","run","http://client3:8000/run",1,TRUE,200,1109,257,3.71505069732666,"2026-05-22T00:11:22.073853Z","2026-05-22T00:11:25.788903Z",1779408682.07385,1779408685.7889,0.000771,0.00083,0.000852,3.700726,3.700861,3.699874,0.000135000000000218,3.6929,0.0221506973266603
"2026-05-22T00:11:29.939Z","run_bootstrap",152,"http://client1:8000","run","http://client1:8000/run",1,TRUE,200,1109,253,3.81112456321716,"2026-05-22T00:11:25.898590Z","2026-05-22T00:11:29.709715Z",1779408685.89859,1779408689.70972,0.000716,0.000821,0.000858,3.792364,3.792401,3.791506,3.69999999998427e-05,3.7846,0.0265245632171629
"2026-05-22T00:11:29.939Z","run_bootstrap",152,"http://client2:8000","run","http://client2:8000/run",1,TRUE,200,1109,252,3.7188606262207,"2026-05-22T00:11:25.899917Z","2026-05-22T00:11:29.618777Z",1779408685.89992,1779408689.61878,0.000589,0.000676,7e-04,3.696921,3.696964,3.696221,4.29999999997932e-05,3.6867,0.032160626220703
"2026-05-22T00:11:29.939Z","run_bootstrap",152,"http://client3:8000","run","http://client3:8000/run",1,TRUE,200,1109,256,4.03231573104858,"2026-05-22T00:11:25.900401Z","2026-05-22T00:11:29.932717Z",1779408685.9004,1779408689.93272,0.000592,0.000679,0.000716,4.010255,4.010288,4.009539,3.30000000001718e-05,4.003,0.0293157310485839
"2026-05-22T00:11:34.069Z","run_bootstrap",153,"http://client1:8000","run","http://client1:8000/run",1,TRUE,200,1109,256,3.67165064811707,"2026-05-22T00:11:29.960072Z","2026-05-22T00:11:33.631723Z",1779408689.96007,1779408693.63172,0.000653,0.000734,0.000768,3.655175,3.655269,3.654407,9.40000000002605e-05,3.644,0.0276506481170653
"2026-05-22T00:11:34.069Z","run_bootstrap",153,"http://client2:8000","run","http://client2:8000/run",1,TRUE,200,1109,254,4.10467171669006,"2026-05-22T00:11:29.960763Z","2026-05-22T00:11:34.065435Z",1779408689.96076,1779408694.06544,0.00064,0.000718,0.000746,4.08961,4.089741,4.088864,0.000130999999999659,4.0808,0.0238717166900635
"2026-05-22T00:11:34.069Z","run_bootstrap",153,"http://client3:8000","run","http://client3:8000/run",1,TRUE,200,1109,257,3.89363861083984,"2026-05-22T00:11:29.961340Z","2026-05-22T00:11:33.854978Z",1779408689.96134,1779408693.85498,0.000679,0.000757,0.000791,3.87834,3.878473,3.877549,0.000132999999999939,3.8708,0.0228386108398437
"2026-05-22T00:11:38.244Z","run_bootstrap",154,"http://client1:8000","run","http://client1:8000/run",1,TRUE,200,1109,257,4.12929058074951,"2026-05-22T00:11:34.081177Z","2026-05-22T00:11:38.210468Z",1779408694.08118,1779408698.21047,0.000593,0.000823,0.000902,4.11618,4.116306,4.115278,0.000125999999999848,4.1075,0.0217905807495118
"2026-05-22T00:11:38.244Z","run_bootstrap",154,"http://client2:8000","run","http://client2:8000/run",1,TRUE,200,1109,254,4.15667033195496,"2026-05-22T00:11:34.083416Z","2026-05-22T00:11:38.240086Z",1779408694.08342,1779408698.24009,0.000617,0.000721,0.000761,4.139443,4.139576,4.138682,0.000132999999999939,4.1173,0.0393703319549559
"2026-05-22T00:11:38.244Z","run_bootstrap",154,"http://client3:8000","run","http://client3:8000/run",1,TRUE,200,1109,257,3.9150664806366,"2026-05-22T00:11:34.083769Z","2026-05-22T00:11:37.998835Z",1779408694.08377,1779408697.99884,0.000699,0.000822,0.000861,3.898026,3.898169,3.897165,0.000143000000000004,3.8856,0.0294664806365965
"2026-05-22T00:11:42.229Z","run_bootstrap",155,"http://client1:8000","run","http://client1:8000/run",1,TRUE,200,1107,257,3.9681339263916,"2026-05-22T00:11:38.256921Z","2026-05-22T00:11:42.225055Z",1779408698.25692,1779408702.22506,0.00056,0.000674,0.000717,3.954915,3.955022,3.954198,0.000106999999999857,3.9473,0.0208339263916018
"2026-05-22T00:11:42.229Z","run_bootstrap",155,"http://client2:8000","run","http://client2:8000/run",1,TRUE,200,1107,254,3.9231858253479,"2026-05-22T00:11:38.258710Z","2026-05-22T00:11:42.181896Z",1779408698.25871,1779408702.1819,0.000329,0.000414,0.000453,3.90913,3.909262,3.908677,0.000131999999999799,3.9014,0.0217858253479002
"2026-05-22T00:11:42.229Z","run_bootstrap",155,"http://client3:8000","run","http://client3:8000/run",1,TRUE,200,1107,254,3.81766200065613,"2026-05-22T00:11:38.259023Z","2026-05-22T00:11:42.076685Z",1779408698.25902,1779408702.07669,0.000503,0.000564,0.000584,3.804683,3.804843,3.804099,0.00016000000000016,3.7844,0.0332620006561277
"2026-05-22T00:11:46.110Z","run_bootstrap",156,"http://client1:8000","run","http://client1:8000/run",1,TRUE,200,1107,257,3.8329131603241,"2026-05-22T00:11:42.241948Z","2026-05-22T00:11:46.074862Z",1779408702.24195,1779408706.07486,0.000609,0.000715,0.000755,3.815132,3.81539,3.814377,0.000257999999999647,3.8077,0.0252131603240966
"2026-05-22T00:11:46.110Z","run_bootstrap",156,"http://client2:8000","run","http://client2:8000/run",1,TRUE,200,1107,254,3.86338400840759,"2026-05-22T00:11:42.242636Z","2026-05-22T00:11:46.106020Z",1779408702.24264,1779408706.10602,0.000594,0.000698,0.000736,3.842926,3.843067,3.84219,0.000141000000000169,3.8357,0.0276840084075927
"2026-05-22T00:11:46.110Z","run_bootstrap",156,"http://client3:8000","run","http://client3:8000/run",1,TRUE,200,1107,254,3.80292987823486,"2026-05-22T00:11:42.243091Z","2026-05-22T00:11:46.046021Z",1779408702.24309,1779408706.04602,0.00061,0.000713,0.000766,3.786245,3.786387,3.785479,0.000141999999999864,3.7679,0.0350298782348633
"2026-05-22T00:11:49.794Z","run_bootstrap",157,"http://client1:8000","run","http://client1:8000/run",1,TRUE,200,1110,257,2.6771228313446,"2026-05-22T00:11:46.123030Z","2026-05-22T00:11:48.800153Z",1779408706.12303,1779408708.80015,0.00064,0.000751,0.000785,2.659633,2.65975,2.658848,0.000116999999999923,2.6507,0.0264228313446044
"2026-05-22T00:11:49.794Z","run_bootstrap",157,"http://client2:8000","run","http://client2:8000/run",1,TRUE,200,1110,254,3.66555333137512,"2026-05-22T00:11:46.123833Z","2026-05-22T00:11:49.789386Z",1779408706.12383,1779408709.78939,0.000654,0.000718,0.000738,3.643843,3.643978,3.643105,0.000135000000000218,3.6363,0.0292533313751222
"2026-05-22T00:11:49.794Z","run_bootstrap",157,"http://client3:8000","run","http://client3:8000/run",1,TRUE,200,1110,252,3.65035247802734,"2026-05-22T00:11:46.124327Z","2026-05-22T00:11:49.774680Z",1779408706.12433,1779408709.77468,0.000661,0.000752,0.000777,3.629011,3.629137,3.628234,0.000125999999999848,3.6201,0.0302524780273439
"2026-05-22T00:11:53.521Z","run_bootstrap",158,"http://client1:8000","run","http://client1:8000/run",1,TRUE,200,1110,257,3.47428345680237,"2026-05-22T00:11:49.812331Z","2026-05-22T00:11:53.286614Z",1779408709.81233,1779408713.28661,0.000717,0.000797,0.000829,3.462142,3.462173,3.461313,3.09999999998922e-05,3.4546,0.019683456802368
"2026-05-22T00:11:53.521Z","run_bootstrap",158,"http://client2:8000","run","http://client2:8000/run",1,TRUE,200,1110,254,3.42042851448059,"2026-05-22T00:11:49.814057Z","2026-05-22T00:11:53.234486Z",1779408709.81406,1779408713.23449,0.000488,0.00057,0.000602,3.409551,3.409598,3.408949,4.69999999999082e-05,3.4028,0.0176285144805908
"2026-05-22T00:11:53.521Z","run_bootstrap",158,"http://client3:8000","run","http://client3:8000/run",1,TRUE,200,1110,252,3.70506739616394,"2026-05-22T00:11:49.812332Z","2026-05-22T00:11:53.517399Z",1779408709.81233,1779408713.5174,0.00066,0.000742,0.000765,3.693637,3.693667,3.692872,3.00000000001965e-05,3.6869,0.0181673961639404
"2026-05-22T00:11:57.238Z","run_bootstrap",159,"http://client1:8000","run","http://client1:8000/run",1,TRUE,200,1107,258,3.60794973373413,"2026-05-22T00:11:53.535874Z","2026-05-22T00:11:57.143824Z",1779408713.53587,1779408717.14382,0.000589,0.000694,0.00073,3.586124,3.586252,3.585394,0.000128000000000128,3.5774,0.0305497337341309
"2026-05-22T00:11:57.238Z","run_bootstrap",159,"http://client2:8000","run","http://client2:8000/run",1,TRUE,200,1107,253,3.6966028213501,"2026-05-22T00:11:53.536694Z","2026-05-22T00:11:57.233297Z",1779408713.53669,1779408717.2333,0.00056,0.000685,0.000727,3.67546,3.675592,3.674733,0.000131999999999799,3.6682,0.0284028213500975
"2026-05-22T00:11:57.238Z","run_bootstrap",159,"http://client3:8000","run","http://client3:8000/run",1,TRUE,200,1107,252,3.66131114959717,"2026-05-22T00:11:53.537227Z","2026-05-22T00:11:57.198538Z",1779408713.53723,1779408717.19854,0.000563,0.000652,0.000682,3.64059,3.64076,3.639908,0.000170000000000226,3.6294,0.031911149597168
"2026-05-22T00:12:00.948Z","run_bootstrap",160,"http://client1:8000","run","http://client1:8000/run",1,TRUE,200,1107,258,3.62082409858704,"2026-05-22T00:11:57.250596Z","2026-05-22T00:12:00.871420Z",1779408717.2506,1779408720.87142,0.000492,0.000583,0.000617,3.601066,3.601226,3.600449,0.00016000000000016,3.4516,0.169224098587036
"2026-05-22T00:12:00.948Z","run_bootstrap",160,"http://client2:8000","run","http://client2:8000/run",1,TRUE,200,1107,253,3.69221091270447,"2026-05-22T00:11:57.251405Z","2026-05-22T00:12:00.943616Z",1779408717.25141,1779408720.94362,0.000469,0.00054,0.000572,3.673795,3.673928,3.673223,0.000132999999999939,3.5113,0.180910912704468
"2026-05-22T00:12:00.948Z","run_bootstrap",160,"http://client3:8000","run","http://client3:8000/run",1,TRUE,200,1107,252,3.68624639511108,"2026-05-22T00:11:57.251883Z","2026-05-22T00:12:00.938129Z",1779408717.25188,1779408720.93813,0.000711,0.000821,0.000856,3.668925,3.669214,3.668069,0.000288999999999984,3.5134,0.172846395111084
"2026-05-22T00:12:04.641Z","run_bootstrap",161,"http://client1:8000","run","http://client1:8000/run",1,TRUE,200,1110,257,3.67446780204773,"2026-05-22T00:12:00.959581Z","2026-05-22T00:12:04.634048Z",1779408720.95958,1779408724.63405,0.00049,0.000574,0.000611,3.658236,3.658365,3.657625,0.000128999999999824,3.6506,0.0238678020477296
"2026-05-22T00:12:04.641Z","run_bootstrap",161,"http://client2:8000","run","http://client2:8000/run",1,TRUE,200,1110,252,3.37055683135986,"2026-05-22T00:12:00.959095Z","2026-05-22T00:12:04.329652Z",1779408720.9591,1779408724.32965,0.000655,0.000731,0.000756,3.356921,3.357053,3.356165,0.000132000000000243,3.3506,0.0199568313598633
"2026-05-22T00:12:04.641Z","run_bootstrap",161,"http://client3:8000","run","http://client3:8000/run",1,TRUE,200,1110,253,3.42216825485229,"2026-05-22T00:12:00.960767Z","2026-05-22T00:12:04.382935Z",1779408720.96077,1779408724.38294,0.000622,0.000702,0.000737,3.405782,3.405885,3.405045,0.000103000000000186,3.3993,0.0228682548522947
"2026-05-22T00:12:08.377Z","run_bootstrap",162,"http://client1:8000","run","http://client1:8000/run",1,TRUE,200,1110,257,3.71336364746094,"2026-05-22T00:12:04.658755Z","2026-05-22T00:12:08.372119Z",1779408724.65876,1779408728.37212,0.00078,0.000889,0.000931,3.698707,3.698825,3.697776,0.000117999999999618,3.6913,0.0220636474609375
"2026-05-22T00:12:08.377Z","run_bootstrap",162,"http://client2:8000","run","http://client2:8000/run",1,TRUE,200,1110,252,3.43366432189941,"2026-05-22T00:12:04.660636Z","2026-05-22T00:12:08.094300Z",1779408724.66064,1779408728.0943,0.000671,0.000771,0.00081,3.412131,3.412263,3.411321,0.000131999999999799,3.4044,0.0292643218994142
"2026-05-22T00:12:08.377Z","run_bootstrap",162,"http://client3:8000","run","http://client3:8000/run",1,TRUE,200,1110,253,3.47071957588196,"2026-05-22T00:12:04.660177Z","2026-05-22T00:12:08.130897Z",1779408724.66018,1779408728.1309,0.000505,0.000593,0.000628,3.456649,3.456751,3.456021,0.000102000000000046,3.4499,0.020819575881958
"2026-05-22T00:12:11.956Z","run_bootstrap",163,"http://client1:8000","run","http://client1:8000/run",1,TRUE,200,1110,256,3.48670554161072,"2026-05-22T00:12:08.390166Z","2026-05-22T00:12:11.876871Z",1779408728.39017,1779408731.87687,0.000725,0.000836,0.000873,3.461603,3.461635,3.46073,3.19999999995879e-05,3.4531,0.0336055416107177
"2026-05-22T00:12:11.956Z","run_bootstrap",163,"http://client2:8000","run","http://client2:8000/run",1,TRUE,200,1110,250,3.48451781272888,"2026-05-22T00:12:08.390693Z","2026-05-22T00:12:11.875211Z",1779408728.39069,1779408731.87521,0.000397,0.000509,0.000547,3.458825,3.458858,3.458278,3.30000000001718e-05,3.452,0.0325178127288819
"2026-05-22T00:12:11.956Z","run_bootstrap",163,"http://client3:8000","run","http://client3:8000/run",1,TRUE,200,1110,251,3.55851125717163,"2026-05-22T00:12:08.391333Z","2026-05-22T00:12:11.949844Z",1779408728.39133,1779408731.94984,0.000491,0.000561,0.000591,3.531718,3.531749,3.531127,3.09999999998922e-05,3.525,0.0335112571716309
"2026-05-22T00:12:15.648Z","run_bootstrap",164,"http://client1:8000","run","http://client1:8000/run",1,TRUE,200,1110,256,3.6343469619751,"2026-05-22T00:12:11.972967Z","2026-05-22T00:12:15.607314Z",1779408731.97297,1779408735.60731,0.00057,0.00065,0.000685,3.614764,3.614899,3.614079,0.000134999999999774,3.5978,0.0365469619750978
"2026-05-22T00:12:15.648Z","run_bootstrap",164,"http://client2:8000","run","http://client2:8000/run",1,TRUE,200,1110,251,3.66711235046387,"2026-05-22T00:12:11.973548Z","2026-05-22T00:12:15.640661Z",1779408731.97355,1779408735.64066,0.000558,0.000671,0.000715,3.645863,3.646018,3.645148,0.000155000000000349,3.6385,0.0286123504638671
"2026-05-22T00:12:15.648Z","run_bootstrap",164,"http://client3:8000","run","http://client3:8000/run",1,TRUE,200,1110,252,3.36603784561157,"2026-05-22T00:12:11.974068Z","2026-05-22T00:12:15.340106Z",1779408731.97407,1779408735.34011,0.000756,0.000845,0.000882,3.352107,3.352213,3.351225,0.000105999999999717,3.3451,0.0209378456115723
"2026-05-22T00:12:19.258Z","run_bootstrap",165,"http://client1:8000","run","http://client1:8000/run",1,TRUE,200,1110,253,3.55526423454285,"2026-05-22T00:12:15.660334Z","2026-05-22T00:12:19.215598Z",1779408735.66033,1779408739.2156,0.000473,0.00055,0.000583,3.534146,3.534292,3.533563,0.000146000000000424,3.5273,0.0279642345428468
"2026-05-22T00:12:19.258Z","run_bootstrap",165,"http://client2:8000","run","http://client2:8000/run",1,TRUE,200,1110,252,3.59250426292419,"2026-05-22T00:12:15.660567Z","2026-05-22T00:12:19.253071Z",1779408735.66057,1779408739.25307,0.000572,0.000655,0.000687,3.571832,3.571944,3.571145,0.000111999999999668,3.5647,0.0278042629241941
"2026-05-22T00:12:19.258Z","run_bootstrap",165,"http://client3:8000","run","http://client3:8000/run",1,TRUE,200,1110,252,3.59339308738708,"2026-05-22T00:12:15.661042Z","2026-05-22T00:12:19.254435Z",1779408735.66104,1779408739.25444,0.000557,0.000826,0.000877,3.579259,3.579361,3.578382,0.000102000000000046,3.572,0.0213930873870849
"2026-05-22T00:12:23.104Z","run_bootstrap",166,"http://client1:8000","run","http://client1:8000/run",1,TRUE,200,1110,253,3.82966613769531,"2026-05-22T00:12:19.270760Z","2026-05-22T00:12:23.100426Z",1779408739.27076,1779408743.10043,0.000483,0.000562,0.000593,3.810521,3.810627,3.809928,0.000106000000000162,3.8035,0.0261661376953124
"2026-05-22T00:12:23.104Z","run_bootstrap",166,"http://client2:8000","run","http://client2:8000/run",1,TRUE,200,1110,252,3.38835883140564,"2026-05-22T00:12:19.271241Z","2026-05-22T00:12:22.659600Z",1779408739.27124,1779408742.6596,0.000376,0.000469,0.000502,3.369768,3.369935,3.369266,0.000166999999999806,3.3632,0.0251588314056397
"2026-05-22T00:12:23.104Z","run_bootstrap",166,"http://client3:8000","run","http://client3:8000/run",1,TRUE,200,1110,253,3.79657578468323,"2026-05-22T00:12:19.271850Z","2026-05-22T00:12:23.068426Z",1779408739.27185,1779408743.06843,0.000608,0.000715,0.00075,3.779104,3.779238,3.778354,0.000134000000000079,3.7713,0.0252757846832274
"2026-05-22T00:12:27.062Z","run_bootstrap",167,"http://client1:8000","run","http://client1:8000/run",1,TRUE,200,1110,256,3.94214677810669,"2026-05-22T00:12:23.115605Z","2026-05-22T00:12:27.057752Z",1779408743.11561,1779408747.05775,0.000665,0.000757,0.000781,3.928722,3.928856,3.927941,0.000134000000000079,3.9216,0.0205467781066893
"2026-05-22T00:12:27.062Z","run_bootstrap",167,"http://client2:8000","run","http://client2:8000/run",1,TRUE,200,1110,252,3.5266444683075,"2026-05-22T00:12:23.117463Z","2026-05-22T00:12:26.644107Z",1779408743.11746,1779408746.64411,0.000438,0.000498,0.000516,3.509327,3.509451,3.508811,0.000124000000000013,3.5023,0.0243444683074951
"2026-05-22T00:12:27.062Z","run_bootstrap",167,"http://client3:8000","run","http://client3:8000/run",1,TRUE,200,1110,249,3.74469780921936,"2026-05-22T00:12:23.117776Z","2026-05-22T00:12:26.862474Z",1779408743.11778,1779408746.86247,0.000536,0.000614,0.000646,3.726864,3.726998,3.726218,0.000134000000000079,3.7188,0.0258978092193605
"2026-05-22T00:12:30.924Z","run_bootstrap",168,"http://client1:8000","run","http://client1:8000/run",1,TRUE,200,1110,256,3.61334490776062,"2026-05-22T00:12:27.073761Z","2026-05-22T00:12:30.687106Z",1779408747.07376,1779408750.68711,0.000647,0.000761,8e-04,3.598284,3.59842,3.597484,0.000135999999999914,3.5908,0.0225449077606199
"2026-05-22T00:12:30.924Z","run_bootstrap",168,"http://client2:8000","run","http://client2:8000/run",1,TRUE,200,1110,252,3.65924096107483,"2026-05-22T00:12:27.074708Z","2026-05-22T00:12:30.733949Z",1779408747.07471,1779408750.73395,0.000684,0.000768,0.000799,3.645142,3.645273,3.644343,0.000131000000000103,3.6379,0.021340961074829
"2026-05-22T00:12:30.924Z","run_bootstrap",168,"http://client3:8000","run","http://client3:8000/run",1,TRUE,200,1110,249,3.84015583992004,"2026-05-22T00:12:27.076509Z","2026-05-22T00:12:30.916665Z",1779408747.07651,1779408750.91667,0.000556,0.000684,0.000735,3.824813,3.824945,3.824078,0.000132000000000243,3.8166,0.0235558399200437
"2026-05-22T00:12:34.779Z","run_bootstrap",169,"http://client1:8000","run","http://client1:8000/run",1,TRUE,200,1110,255,3.61894583702087,"2026-05-22T00:12:30.938330Z","2026-05-22T00:12:34.557276Z",1779408750.93833,1779408754.55728,0.000492,0.000566,0.000602,3.601786,3.601822,3.601184,3.59999999997029e-05,3.5929,0.0260458370208738
"2026-05-22T00:12:34.779Z","run_bootstrap",169,"http://client2:8000","run","http://client2:8000/run",1,TRUE,200,1110,252,3.66952443122864,"2026-05-22T00:12:30.938303Z","2026-05-22T00:12:34.607827Z",1779408750.9383,1779408754.60783,0.000568,0.00065,0.000687,3.652918,3.652958,3.652231,3.9999999999818e-05,3.6449,0.0246244312286379
"2026-05-22T00:12:34.779Z","run_bootstrap",169,"http://client3:8000","run","http://client3:8000/run",1,TRUE,200,1110,250,3.83723521232605,"2026-05-22T00:12:30.937765Z","2026-05-22T00:12:34.775000Z",1779408750.93777,1779408754.775,0.000453,0.000528,0.000551,3.820113,3.820142,3.819562,2.90000000000568e-05,3.8119,0.0253352123260497
"2026-05-22T00:12:38.618Z","run_bootstrap",170,"http://client1:8000","run","http://client1:8000/run",1,TRUE,200,1110,255,3.59044981002808,"2026-05-22T00:12:34.793406Z","2026-05-22T00:12:38.383856Z",1779408754.79341,1779408758.38386,0.000715,0.000821,0.000855,3.576399,3.576545,3.575544,0.000145999999999979,3.5687,0.021749810028076
"2026-05-22T00:12:38.618Z","run_bootstrap",170,"http://client2:8000","run","http://client2:8000/run",1,TRUE,200,1110,252,3.66001319885254,"2026-05-22T00:12:34.795090Z","2026-05-22T00:12:38.455103Z",1779408754.79509,1779408758.4551,0.000428,0.000509,0.000531,3.64477,3.644915,3.644239,0.000145000000000284,3.6378,0.0222131988525391
"2026-05-22T00:12:38.618Z","run_bootstrap",170,"http://client3:8000","run","http://client3:8000/run",1,TRUE,200,1110,250,3.81603240966797,"2026-05-22T00:12:34.795545Z","2026-05-22T00:12:38.611577Z",1779408754.79555,1779408758.61158,0.000588,0.000634,0.000655,3.80054,3.800692,3.799885,0.000152000000000374,3.7935,0.0225324096679689
"2026-05-22T00:12:42.477Z","run_bootstrap",171,"http://client1:8000","run","http://client1:8000/run",1,TRUE,200,1109,256,3.72761416435242,"2026-05-22T00:12:38.631650Z","2026-05-22T00:12:42.359264Z",1779408758.63165,1779408762.35926,0.000592,0.000703,0.000742,3.705923,3.706078,3.705181,0.000155000000000349,3.6981,0.0295141643524168
"2026-05-22T00:12:42.477Z","run_bootstrap",171,"http://client2:8000","run","http://client2:8000/run",1,TRUE,200,1109,251,3.8405909538269,"2026-05-22T00:12:38.632060Z","2026-05-22T00:12:42.472651Z",1779408758.63206,1779408762.47265,0.000407,0.000505,0.00054,3.81872,3.818857,3.81818,0.000137000000000054,3.8111,0.0294909538269041
"2026-05-22T00:12:42.477Z","run_bootstrap",171,"http://client3:8000","run","http://client3:8000/run",1,TRUE,200,1109,251,3.61977362632751,"2026-05-22T00:12:38.632594Z","2026-05-22T00:12:42.252368Z",1779408758.63259,1779408762.25237,0.00045,0.000537,0.000571,3.598404,3.59857,3.597833,0.000166000000000111,3.591,0.0287736263275145
"2026-05-22T00:12:46.267Z","run_bootstrap",172,"http://client1:8000","run","http://client1:8000/run",1,TRUE,200,1109,256,3.77350854873657,"2026-05-22T00:12:42.489086Z","2026-05-22T00:12:46.262595Z",1779408762.48909,1779408766.2626,0.000729,0.000806,0.000828,3.760036,3.760163,3.759208,0.000126999999999988,3.7528,0.0207085487365721
"2026-05-22T00:12:46.267Z","run_bootstrap",172,"http://client2:8000","run","http://client2:8000/run",1,TRUE,200,1109,251,3.51160430908203,"2026-05-22T00:12:42.491057Z","2026-05-22T00:12:46.002661Z",1779408762.49106,1779408766.00266,0.000489,0.000566,0.000597,3.497806,3.497939,3.497209,0.000132999999999939,3.4906,0.0210043090820311
"2026-05-22T00:12:46.267Z","run_bootstrap",172,"http://client3:8000","run","http://client3:8000/run",1,TRUE,200,1109,252,3.64232134819031,"2026-05-22T00:12:42.490258Z","2026-05-22T00:12:46.132580Z",1779408762.49026,1779408766.13258,0.000612,0.000694,0.000727,3.628655,3.628807,3.627928,0.00015199999999993,3.6203,0.0220213481903078
"2026-05-22T00:12:50.119Z","run_bootstrap",173,"http://client1:8000","run","http://client1:8000/run",1,TRUE,200,1108,253,3.60284233093262,"2026-05-22T00:12:46.278869Z","2026-05-22T00:12:49.881711Z",1779408766.27887,1779408769.88171,0.00063,0.000713,0.000744,3.581721,3.581866,3.580977,0.000145000000000284,3.5743,0.0285423309326172
"2026-05-22T00:12:50.119Z","run_bootstrap",173,"http://client2:8000","run","http://client2:8000/run",1,TRUE,200,1108,251,3.64918923377991,"2026-05-22T00:12:46.279632Z","2026-05-22T00:12:49.928822Z",1779408766.27963,1779408769.92882,0.000593,0.000677,0.000711,3.633063,3.633194,3.632352,0.000131000000000103,3.6258,0.0233892337799073
"2026-05-22T00:12:50.119Z","run_bootstrap",173,"http://client3:8000","run","http://client3:8000/run",1,TRUE,200,1108,249,3.83184003829956,"2026-05-22T00:12:46.280161Z","2026-05-22T00:12:50.112001Z",1779408766.28016,1779408770.112,0.000502,0.00058,0.000603,3.816292,3.816416,3.815689,0.000124000000000013,3.8089,0.0229400382995606
"2026-05-22T00:12:53.973Z","run_bootstrap",174,"http://client1:8000","run","http://client1:8000/run",1,TRUE,200,1108,252,3.83084630966187,"2026-05-22T00:12:50.138724Z","2026-05-22T00:12:53.969571Z",1779408770.13872,1779408773.96957,0.000568,0.000656,0.000689,3.798626,3.798659,3.797937,3.29999999997277e-05,3.789,0.0418463096618651
"2026-05-22T00:12:53.973Z","run_bootstrap",174,"http://client2:8000","run","http://client2:8000/run",1,TRUE,200,1108,251,3.69170165061951,"2026-05-22T00:12:50.139158Z","2026-05-22T00:12:53.830859Z",1779408770.13916,1779408773.83086,0.000448,0.000526,0.000558,3.655662,3.655697,3.655104,3.50000000000072e-05,3.6463,0.0454016506195067
"2026-05-22T00:12:53.973Z","run_bootstrap",174,"http://client3:8000","run","http://client3:8000/run",1,TRUE,200,1108,249,3.5707311630249,"2026-05-22T00:12:50.138760Z","2026-05-22T00:12:53.709491Z",1779408770.13876,1779408773.70949,0.00061,0.000719,0.000754,3.546202,3.546239,3.545448,3.69999999998427e-05,3.5375,0.0332311630249023
"2026-05-22T00:12:57.770Z","run_bootstrap",175,"http://client1:8000","run","http://client1:8000/run",1,TRUE,200,1110,255,3.76801991462708,"2026-05-22T00:12:53.990465Z","2026-05-22T00:12:57.758485Z",1779408773.99047,1779408777.75849,0.000636,0.000745,0.000794,3.754216,3.754364,3.753422,0.000147999999999815,3.7452,0.0228199146270751
"2026-05-22T00:12:57.770Z","run_bootstrap",175,"http://client2:8000","run","http://client2:8000/run",1,TRUE,200,1110,250,3.66422295570374,"2026-05-22T00:12:53.991603Z","2026-05-22T00:12:57.655826Z",1779408773.9916,1779408777.65583,0.000421,0.000489,0.000535,3.650665,3.650819,3.65013,0.000153999999999765,3.6436,0.0206229557037352
"2026-05-22T00:12:57.770Z","run_bootstrap",175,"http://client3:8000","run","http://client3:8000/run",1,TRUE,200,1110,251,3.77331948280334,"2026-05-22T00:12:53.991711Z","2026-05-22T00:12:57.765030Z",1779408773.99171,1779408777.76503,0.000548,0.000654,0.000706,3.75991,3.760015,3.759204,0.000105000000000022,3.7525,0.0208194828033448
"2026-05-22T00:13:01.617Z","run_bootstrap",176,"http://client1:8000","run","http://client1:8000/run",1,TRUE,200,1110,255,3.70467758178711,"2026-05-22T00:12:57.782485Z","2026-05-22T00:13:01.487163Z",1779408777.78249,1779408781.48716,0.000679,0.00078,0.000814,3.690517,3.690607,3.689703,9.00000000001455e-05,3.6675,0.0371775817871094
"2026-05-22T00:13:01.617Z","run_bootstrap",176,"http://client2:8000","run","http://client2:8000/run",1,TRUE,200,1110,250,3.83005452156067,"2026-05-22T00:12:57.783001Z","2026-05-22T00:13:01.613056Z",1779408777.783,1779408781.61306,0.000569,0.000686,0.000723,3.812436,3.812567,3.811713,0.000131000000000103,3.8043,0.0257545215606689
"2026-05-22T00:13:01.617Z","run_bootstrap",176,"http://client3:8000","run","http://client3:8000/run",1,TRUE,200,1110,251,3.72197604179382,"2026-05-22T00:12:57.783524Z","2026-05-22T00:13:01.505500Z",1779408777.78352,1779408781.5055,0.000702,0.00082,0.000855,3.706896,3.707041,3.706041,0.00014499999999984,3.6992,0.0227760417938234
"2026-05-22T00:13:05.580Z","run_bootstrap",177,"http://client1:8000","run","http://client1:8000/run",1,TRUE,200,1109,254,3.67939352989197,"2026-05-22T00:13:01.628810Z","2026-05-22T00:13:05.308203Z",1779408781.62881,1779408785.3082,0.000569,0.000627,0.000658,3.664979,3.66513,3.664321,0.00015099999999979,3.6569,0.022493529891968
"2026-05-22T00:13:05.580Z","run_bootstrap",177,"http://client2:8000","run","http://client2:8000/run",1,TRUE,200,1109,250,3.94537782669067,"2026-05-22T00:13:01.630285Z","2026-05-22T00:13:05.575663Z",1779408781.63029,1779408785.57566,0.000499,0.000587,0.00061,3.93297,3.933104,3.93236,0.000134000000000079,3.9243,0.0210778266906737
"2026-05-22T00:13:05.580Z","run_bootstrap",177,"http://client3:8000","run","http://client3:8000/run",1,TRUE,200,1109,251,3.7693088054657,"2026-05-22T00:13:01.629808Z","2026-05-22T00:13:05.399117Z",1779408781.62981,1779408785.39912,0.000624,0.000679,0.000692,3.756666,3.756786,3.755974,0.000119999999999898,3.7488,0.0205088054656981
"2026-05-22T00:13:09.483Z","run_bootstrap",178,"http://client1:8000","run","http://client1:8000/run",1,TRUE,200,1109,254,3.88426828384399,"2026-05-22T00:13:05.593786Z","2026-05-22T00:13:09.478054Z",1779408785.59379,1779408789.47805,0.000701,0.000814,0.000849,3.863731,3.863847,3.862882,0.000115999999999783,3.8559,0.028368283843994
"2026-05-22T00:13:09.483Z","run_bootstrap",178,"http://client2:8000","run","http://client2:8000/run",1,TRUE,200,1109,250,3.77593278884888,"2026-05-22T00:13:05.594551Z","2026-05-22T00:13:09.370484Z",1779408785.59455,1779408789.37048,0.000633,0.000718,0.000741,3.754414,3.754544,3.753673,0.000129999999999963,3.7468,0.029132788848877
"2026-05-22T00:13:09.483Z","run_bootstrap",178,"http://client3:8000","run","http://client3:8000/run",1,TRUE,200,1109,251,3.7299222946167,"2026-05-22T00:13:05.595160Z","2026-05-22T00:13:09.325082Z",1779408785.59516,1779408789.32508,0.000556,0.00063,0.000661,3.707565,3.707673,3.706904,0.000107999999999997,3.6999,0.0300222946166993
"2026-05-22T00:13:13.498Z","run_bootstrap",179,"http://client1:8000","run","http://client1:8000/run",1,TRUE,200,1110,255,3.99933385848999,"2026-05-22T00:13:09.494446Z","2026-05-22T00:13:13.493780Z",1779408789.49445,1779408793.49378,0.000749,0.000832,0.000856,3.985541,3.985673,3.984685,0.000131999999999799,3.9779,0.0214338584899902
"2026-05-22T00:13:13.498Z","run_bootstrap",179,"http://client2:8000","run","http://client2:8000/run",1,TRUE,200,1110,250,3.71148562431335,"2026-05-22T00:13:09.496779Z","2026-05-22T00:13:13.208264Z",1779408789.49678,1779408793.20826,0.000563,0.000631,0.000662,3.696564,3.696701,3.695902,0.000137000000000054,3.6886,0.0228856243133544
"2026-05-22T00:13:13.498Z","run_bootstrap",179,"http://client3:8000","run","http://client3:8000/run",1,TRUE,200,1110,252,3.5299859046936,"2026-05-22T00:13:09.497100Z","2026-05-22T00:13:13.027086Z",1779408789.4971,1779408793.02709,0.000504,0.000588,0.000622,3.515409,3.515497,3.514787,8.7999999999866e-05,3.5028,0.0271859046936034
"2026-05-22T00:13:17.532Z","run_bootstrap",180,"http://client1:8000","run","http://client1:8000/run",1,TRUE,200,1110,255,3.89414286613464,"2026-05-22T00:13:13.511375Z","2026-05-22T00:13:17.405518Z",1779408793.51138,1779408797.40552,0.000653,0.000707,0.000727,3.875682,3.875707,3.874955,2.49999999999417e-05,3.7083,0.185842866134644
"2026-05-22T00:13:17.532Z","run_bootstrap",180,"http://client2:8000","run","http://client2:8000/run",1,TRUE,200,1110,250,4.01566600799561,"2026-05-22T00:13:13.512430Z","2026-05-22T00:13:17.528096Z",1779408793.51243,1779408797.5281,0.000677,0.000763,0.000786,3.998229,3.998254,3.997443,2.50000000003858e-05,3.8331,0.182566007995606
"2026-05-22T00:13:17.532Z","run_bootstrap",180,"http://client3:8000","run","http://client3:8000/run",1,TRUE,200,1110,252,3.83293008804321,"2026-05-22T00:13:13.511801Z","2026-05-22T00:13:17.344731Z",1779408793.5118,1779408797.34473,0.00065,0.000768,0.000804,3.81406,3.814115,3.813256,5.50000000001383e-05,3.6497,0.183230088043213
"2026-05-22T00:13:21.247Z","run_bootstrap",181,"http://client1:8000","run","http://client1:8000/run",1,TRUE,200,1110,254,3.44012904167175,"2026-05-22T00:13:17.546900Z","2026-05-22T00:13:20.987029Z",1779408797.5469,1779408800.98703,0.000536,0.000607,0.000645,3.418671,3.418976,3.418026,0.000305,3.412,0.028129041671753
"2026-05-22T00:13:21.247Z","run_bootstrap",181,"http://client2:8000","run","http://client2:8000/run",1,TRUE,200,1110,250,3.69297385215759,"2026-05-22T00:13:17.547651Z","2026-05-22T00:13:21.240625Z",1779408797.54765,1779408801.24063,0.000514,0.000595,0.000634,3.671714,3.671852,3.67108,0.000137999999999749,3.6652,0.0277738521575928
"2026-05-22T00:13:21.247Z","run_bootstrap",181,"http://client3:8000","run","http://client3:8000/run",1,TRUE,200,1110,251,3.59884595870972,"2026-05-22T00:13:17.548340Z","2026-05-22T00:13:21.147186Z",1779408797.54834,1779408801.14719,0.000762,0.000847,0.000868,3.582388,3.582467,3.58152,7.89999999999402e-05,3.5727,0.0261459587097166
"2026-05-22T00:13:24.837Z","run_bootstrap",182,"http://client1:8000","run","http://client1:8000/run",1,TRUE,200,1110,255,3.54030656814575,"2026-05-22T00:13:21.266354Z","2026-05-22T00:13:24.806661Z",1779408801.26635,1779408804.80666,0.000503,0.00059,0.000621,3.522259,3.522366,3.521638,0.000106999999999857,3.5143,0.026006568145752
"2026-05-22T00:13:24.837Z","run_bootstrap",182,"http://client2:8000","run","http://client2:8000/run",1,TRUE,200,1110,250,3.28746509552002,"2026-05-22T00:13:21.266919Z","2026-05-22T00:13:24.554384Z",1779408801.26692,1779408804.55438,0.000517,0.000595,0.000626,3.266175,3.266297,3.265549,0.000121999999999733,3.2563,0.0311650955200196
"2026-05-22T00:13:24.837Z","run_bootstrap",182,"http://client3:8000","run","http://client3:8000/run",1,TRUE,200,1110,251,3.56597590446472,"2026-05-22T00:13:21.266198Z","2026-05-22T00:13:24.832174Z",1779408801.2662,1779408804.83217,0.000705,0.00082,0.000857,3.551636,3.551766,3.550779,0.000130000000000408,3.5444,0.0215759044647217
"2026-05-22T00:13:28.591Z","run_bootstrap",183,"http://client1:8000","run","http://client1:8000/run",1,TRUE,200,1109,252,3.73812246322632,"2026-05-22T00:13:24.847620Z","2026-05-22T00:13:28.585742Z",1779408804.84762,1779408808.58574,0.000604,0.00073,0.000767,3.723605,3.723771,3.722838,0.000166000000000111,3.716,0.0221224632263182
"2026-05-22T00:13:28.591Z","run_bootstrap",183,"http://client2:8000","run","http://client2:8000/run",1,TRUE,200,1109,252,3.45683002471924,"2026-05-22T00:13:24.849884Z","2026-05-22T00:13:28.306714Z",1779408804.84988,1779408808.30671,0.000623,0.000738,0.000775,3.439691,3.439825,3.438916,0.000134000000000079,3.4312,0.0256300247192383
"2026-05-22T00:13:28.591Z","run_bootstrap",183,"http://client3:8000","run","http://client3:8000/run",1,TRUE,200,1109,252,3.72558975219727,"2026-05-22T00:13:24.850263Z","2026-05-22T00:13:28.575853Z",1779408804.85026,1779408808.57585,0.000768,0.000881,0.00092,3.707603,3.707728,3.706683,0.000124999999999709,3.7005,0.0250897521972657
"2026-05-22T00:13:32.341Z","run_bootstrap",184,"http://client1:8000","run","http://client1:8000/run",1,TRUE,200,1109,253,3.7313404083252,"2026-05-22T00:13:28.603059Z","2026-05-22T00:13:32.334400Z",1779408808.60306,1779408812.3344,0.000691,0.000795,0.00083,3.716367,3.71648,3.715537,0.000112999999999808,3.7091,0.0222404083251955
"2026-05-22T00:13:32.341Z","run_bootstrap",184,"http://client2:8000","run","http://client2:8000/run",1,TRUE,200,1109,252,3.53206777572632,"2026-05-22T00:13:28.604812Z","2026-05-22T00:13:32.136880Z",1779408808.60481,1779408812.13688,0.000702,0.000813,0.000853,3.517506,3.51763,3.516653,0.000124000000000013,3.5103,0.0217677757263184
"2026-05-22T00:13:32.341Z","run_bootstrap",184,"http://client3:8000","run","http://client3:8000/run",1,TRUE,200,1109,252,3.41394996643066,"2026-05-22T00:13:28.605892Z","2026-05-22T00:13:32.019842Z",1779408808.60589,1779408812.01984,0.000578,0.000698,0.000737,3.400283,3.400376,3.399546,9.30000000001208e-05,3.3921,0.0218499664306639
"2026-05-22T00:13:35.963Z","run_bootstrap",185,"http://client1:8000","run","http://client1:8000/run",1,TRUE,200,1109,254,3.59957194328308,"2026-05-22T00:13:32.354140Z","2026-05-22T00:13:35.953711Z",1779408812.35414,1779408815.95371,0.000529,0.000621,0.000669,3.586113,3.586157,3.585444,4.3999999999933e-05,3.5787,0.0208719432830811
"2026-05-22T00:13:35.963Z","run_bootstrap",185,"http://client2:8000","run","http://client2:8000/run",1,TRUE,200,1109,252,3.55600666999817,"2026-05-22T00:13:32.355475Z","2026-05-22T00:13:35.911482Z",1779408812.35548,1779408815.91148,0.000527,0.000604,0.000636,3.542561,3.542607,3.541925,4.59999999997684e-05,3.5354,0.0206066699981688
"2026-05-22T00:13:35.963Z","run_bootstrap",185,"http://client3:8000","run","http://client3:8000/run",1,TRUE,200,1109,250,3.57312679290771,"2026-05-22T00:13:32.354707Z","2026-05-22T00:13:35.927834Z",1779408812.35471,1779408815.92783,0.000583,0.000666,0.000687,3.559523,3.559569,3.558836,4.60000000002125e-05,3.5526,0.0205267929077149
"2026-05-22T00:13:39.728Z","run_bootstrap",186,"http://client1:8000","run","http://client1:8000/run",1,TRUE,200,1109,254,3.49020409584045,"2026-05-22T00:13:35.978183Z","2026-05-22T00:13:39.468387Z",1779408815.97818,1779408819.46839,0.000511,0.000617,0.000657,3.473887,3.474024,3.47323,0.000137000000000054,3.4668,0.023404095840454
"2026-05-22T00:13:39.728Z","run_bootstrap",186,"http://client2:8000","run","http://client2:8000/run",1,TRUE,200,1109,252,3.74464106559753,"2026-05-22T00:13:35.978950Z","2026-05-22T00:13:39.723592Z",1779408815.97895,1779408819.72359,0.00052,0.000599,0.000621,3.727268,3.7274,3.726647,0.000131999999999799,3.7196,0.0250410655975344
"2026-05-22T00:13:39.728Z","run_bootstrap",186,"http://client3:8000","run","http://client3:8000/run",1,TRUE,200,1109,250,3.44611477851868,"2026-05-22T00:13:35.979581Z","2026-05-22T00:13:39.425696Z",1779408815.97958,1779408819.4257,0.00059,0.000696,0.000734,3.43256,3.432695,3.431826,0.000134999999999774,3.4254,0.020714778518677
"2026-05-22T00:13:43.537Z","run_bootstrap",187,"http://client1:8000","run","http://client1:8000/run",1,TRUE,200,1109,255,3.64657783508301,"2026-05-22T00:13:39.740151Z","2026-05-22T00:13:43.386729Z",1779408819.74015,1779408823.38673,0.000639,0.00073,0.000763,3.629862,3.630005,3.629099,0.000143000000000004,3.6223,0.0242778350830077
"2026-05-22T00:13:43.537Z","run_bootstrap",187,"http://client2:8000","run","http://client2:8000/run",1,TRUE,200,1109,252,3.79160952568054,"2026-05-22T00:13:39.740732Z","2026-05-22T00:13:43.532341Z",1779408819.74073,1779408823.53234,0.000648,0.000708,0.00073,3.776216,3.776339,3.775486,0.000123000000000317,3.7695,0.0221095256805421
"2026-05-22T00:13:43.537Z","run_bootstrap",187,"http://client3:8000","run","http://client3:8000/run",1,TRUE,200,1109,252,3.4884512424469,"2026-05-22T00:13:39.741239Z","2026-05-22T00:13:43.229690Z",1779408819.74124,1779408823.22969,0.000553,0.00063,0.000652,3.473341,3.473486,3.472689,0.00014499999999984,3.4657,0.0227512424468994
"2026-05-22T00:13:47.305Z","run_bootstrap",188,"http://client1:8000","run","http://client1:8000/run",1,TRUE,200,1109,255,3.53776812553406,"2026-05-22T00:13:43.552905Z","2026-05-22T00:13:47.090673Z",1779408823.55291,1779408827.09067,0.00058,0.000663,0.000688,3.522838,3.522943,3.52215,0.000105000000000022,3.5149,0.0228681255340577
"2026-05-22T00:13:47.305Z","run_bootstrap",188,"http://client2:8000","run","http://client2:8000/run",1,TRUE,200,1109,252,3.74476647377014,"2026-05-22T00:13:43.553534Z","2026-05-22T00:13:47.298300Z",1779408823.55353,1779408827.2983,0.000623,0.000686,0.000707,3.730353,3.730484,3.729646,0.000131000000000103,3.7229,0.0218664737701415
"2026-05-22T00:13:47.305Z","run_bootstrap",188,"http://client3:8000","run","http://client3:8000/run",1,TRUE,200,1109,252,3.52940535545349,"2026-05-22T00:13:43.554184Z","2026-05-22T00:13:47.083590Z",1779408823.55418,1779408827.08359,0.000485,0.000559,0.00059,3.509571,3.509719,3.508981,0.000147999999999815,3.5027,0.0267053554534913
"2026-05-22T00:13:51.125Z","run_bootstrap",189,"http://client1:8000","run","http://client1:8000/run",1,TRUE,200,1110,255,3.63409161567688,"2026-05-22T00:13:47.319128Z","2026-05-22T00:13:50.953219Z",1779408827.31913,1779408830.95322,0.000624,0.000709,0.000741,3.61944,3.619598,3.618699,0.00015799999999988,3.6112,0.0228916156768797
"2026-05-22T00:13:51.125Z","run_bootstrap",189,"http://client2:8000","run","http://client2:8000/run",1,TRUE,200,1110,252,3.79902911186218,"2026-05-22T00:13:47.319699Z","2026-05-22T00:13:51.118728Z",1779408827.3197,1779408831.11873,0.000506,0.000593,0.000625,3.778206,3.778343,3.777581,0.000137000000000054,3.7715,0.0275291118621825
"2026-05-22T00:13:51.125Z","run_bootstrap",189,"http://client3:8000","run","http://client3:8000/run",1,TRUE,200,1110,251,3.74284386634827,"2026-05-22T00:13:47.320222Z","2026-05-22T00:13:51.063066Z",1779408827.32022,1779408831.06307,0.000574,0.000659,0.000701,3.728659,3.728713,3.727958,5.39999999999985e-05,3.7218,0.0210438663482666
"2026-05-22T00:13:55.010Z","run_bootstrap",190,"http://client1:8000","run","http://client1:8000/run",1,TRUE,200,1110,255,3.59721255302429,"2026-05-22T00:13:51.139641Z","2026-05-22T00:13:54.736853Z",1779408831.13964,1779408834.73685,0.000506,0.000563,0.000582,3.583162,3.583319,3.58258,0.000156999999999741,3.5746,0.0226125530242918
"2026-05-22T00:13:55.010Z","run_bootstrap",190,"http://client2:8000","run","http://client2:8000/run",1,TRUE,200,1110,252,3.86034202575684,"2026-05-22T00:13:51.141505Z","2026-05-22T00:13:55.001847Z",1779408831.14151,1779408835.00185,0.00048,0.000557,0.000591,3.847146,3.847296,3.846555,0.000150000000000095,3.8404,0.0199420257568361
"2026-05-22T00:13:55.010Z","run_bootstrap",190,"http://client3:8000","run","http://client3:8000/run",1,TRUE,200,1110,251,3.86455178260803,"2026-05-22T00:13:51.140730Z","2026-05-22T00:13:55.005282Z",1779408831.14073,1779408835.00528,0.00047,0.000545,0.000568,3.850907,3.851058,3.850339,0.000151000000000234,3.8433,0.0212517826080321
"2026-05-22T00:13:58.843Z","run_bootstrap",191,"http://client1:8000","run","http://client1:8000/run",1,TRUE,200,1109,255,3.81431913375854,"2026-05-22T00:13:55.022722Z","2026-05-22T00:13:58.837041Z",1779408835.02272,1779408838.83704,0.000478,0.000537,0.000556,3.795457,3.795495,3.794901,3.79999999999825e-05,3.7876,0.0267191337585451
"2026-05-22T00:13:58.843Z","run_bootstrap",191,"http://client2:8000","run","http://client2:8000/run",1,TRUE,200,1109,248,3.67974901199341,"2026-05-22T00:13:55.023471Z","2026-05-22T00:13:58.703220Z",1779408835.02347,1779408838.70322,0.000373,0.00046,0.000483,3.662201,3.662228,3.661718,2.69999999997772e-05,3.6532,0.0265490119934082
"2026-05-22T00:13:58.843Z","run_bootstrap",191,"http://client3:8000","run","http://client3:8000/run",1,TRUE,200,1109,252,3.73675155639648,"2026-05-22T00:13:55.022728Z","2026-05-22T00:13:58.759480Z",1779408835.02273,1779408838.75948,0.000621,0.000677,0.000697,3.718531,3.718557,3.717834,2.60000000000815e-05,3.7111,0.0256515563964843
"2026-05-22T00:14:02.683Z","run_bootstrap",192,"http://client1:8000","run","http://client1:8000/run",1,TRUE,200,1109,255,3.67693901062012,"2026-05-22T00:13:58.865253Z","2026-05-22T00:14:02.542192Z",1779408838.86525,1779408842.54219,0.000638,0.000719,0.000754,3.655755,3.655907,3.655001,0.00015199999999993,3.6439,0.0330390106201173
"2026-05-22T00:14:02.683Z","run_bootstrap",192,"http://client2:8000","run","http://client2:8000/run",1,TRUE,200,1109,248,3.71749758720398,"2026-05-22T00:13:58.865857Z","2026-05-22T00:14:02.583354Z",1779408838.86586,1779408842.58335,0.00057,0.000659,0.000699,3.697012,3.697092,3.696313,8.000000000008e-05,3.6885,0.0289975872039796
"2026-05-22T00:14:02.683Z","run_bootstrap",192,"http://client3:8000","run","http://client3:8000/run",1,TRUE,200,1109,252,3.81371688842773,"2026-05-22T00:13:58.864922Z","2026-05-22T00:14:02.678638Z",1779408838.86492,1779408842.67864,0.000553,0.000659,7e-04,3.800757,3.800867,3.800057,0.000110000000000277,3.7924,0.0213168884277342
"2026-05-22T00:14:06.642Z","run_bootstrap",193,"http://client1:8000","run","http://client1:8000/run",1,TRUE,200,1110,254,3.93981623649597,"2026-05-22T00:14:02.694851Z","2026-05-22T00:14:06.634667Z",1779408842.69485,1779408846.63467,0.000546,0.000673,0.000714,3.917926,3.918055,3.917212,0.000128999999999824,3.9103,0.0295162364959718
"2026-05-22T00:14:06.642Z","run_bootstrap",193,"http://client2:8000","run","http://client2:8000/run",1,TRUE,200,1110,252,3.74197602272034,"2026-05-22T00:14:02.695567Z","2026-05-22T00:14:06.437543Z",1779408842.69557,1779408846.43754,0.000615,0.000706,0.000743,3.72078,3.720915,3.720037,0.000135000000000218,3.7138,0.0281760227203369
"2026-05-22T00:14:06.642Z","run_bootstrap",193,"http://client3:8000","run","http://client3:8000/run",1,TRUE,200,1110,250,3.65361857414246,"2026-05-22T00:14:02.696091Z","2026-05-22T00:14:06.349709Z",1779408842.69609,1779408846.34971,0.000633,0.000735,0.00077,3.637174,3.63728,3.636404,0.000106000000000162,3.6296,0.0240185741424561
"2026-05-22T00:14:10.569Z","run_bootstrap",194,"http://client1:8000","run","http://client1:8000/run",1,TRUE,200,1110,254,3.9060263633728,"2026-05-22T00:14:06.655996Z","2026-05-22T00:14:10.562022Z",1779408846.656,1779408850.56202,0.00061,0.000699,0.000738,3.884364,3.884494,3.883626,0.000129999999999963,3.8771,0.0289263633728027
"2026-05-22T00:14:10.569Z","run_bootstrap",194,"http://client2:8000","run","http://client2:8000/run",1,TRUE,200,1110,252,3.64938044548035,"2026-05-22T00:14:06.656377Z","2026-05-22T00:14:10.305757Z",1779408846.65638,1779408850.30576,0.000644,0.000751,0.000789,3.628365,3.6285,3.627576,0.000134999999999774,3.6209,0.0284804454803469
"2026-05-22T00:14:10.569Z","run_bootstrap",194,"http://client3:8000","run","http://client3:8000/run",1,TRUE,200,1110,250,3.61757469177246,"2026-05-22T00:14:06.656905Z","2026-05-22T00:14:10.274479Z",1779408846.65691,1779408850.27448,0.000612,0.000696,0.000728,3.596462,3.596618,3.595734,0.000156000000000045,3.5875,0.030074691772461
"2026-05-22T00:14:14.506Z","run_bootstrap",195,"http://client1:8000","run","http://client1:8000/run",1,TRUE,200,1110,256,3.91321110725403,"2026-05-22T00:14:10.588218Z","2026-05-22T00:14:14.501429Z",1779408850.58822,1779408854.50143,0.00093,0.001002,0.001026,3.889772,3.889884,3.888746,0.000112000000000112,3.8818,0.0314111072540282
"2026-05-22T00:14:14.506Z","run_bootstrap",195,"http://client2:8000","run","http://client2:8000/run",1,TRUE,200,1110,252,3.60082221031189,"2026-05-22T00:14:10.588907Z","2026-05-22T00:14:14.189729Z",1779408850.58891,1779408854.18973,0.000711,0.000817,0.000853,3.577292,3.577429,3.576439,0.000137000000000054,3.5696,0.0312222103118898
"2026-05-22T00:14:14.506Z","run_bootstrap",195,"http://client3:8000","run","http://client3:8000/run",1,TRUE,200,1110,249,3.89630627632141,"2026-05-22T00:14:10.589766Z","2026-05-22T00:14:14.486073Z",1779408850.58977,1779408854.48607,0.000722,0.000828,0.000864,3.873625,3.873768,3.872761,0.000143000000000004,3.8661,0.0302062763214113
"2026-05-22T00:14:18.434Z","run_bootstrap",196,"http://client1:8000","run","http://client1:8000/run",1,TRUE,200,1110,256,3.90603923797607,"2026-05-22T00:14:14.518460Z","2026-05-22T00:14:18.424499Z",1779408854.51846,1779408858.4245,0.000672,0.000795,0.000835,3.892055,3.892112,3.89122,5.69999999999737e-05,3.8844,0.0216392379760744
"2026-05-22T00:14:18.434Z","run_bootstrap",196,"http://client2:8000","run","http://client2:8000/run",1,TRUE,200,1110,252,3.60278606414795,"2026-05-22T00:14:14.520805Z","2026-05-22T00:14:18.123591Z",1779408854.52081,1779408858.12359,0.000629,0.000769,0.000807,3.586925,3.586979,3.586118,5.39999999999985e-05,3.5784,0.0243860641479494
"2026-05-22T00:14:18.434Z","run_bootstrap",196,"http://client3:8000","run","http://client3:8000/run",1,TRUE,200,1110,249,3.5972957611084,"2026-05-22T00:14:14.521116Z","2026-05-22T00:14:18.118411Z",1779408854.52112,1779408858.11841,0.000616,0.000729,0.000764,3.578701,3.578758,3.577937,5.69999999999737e-05,3.5703,0.0269957611083984
"2026-05-22T00:14:22.396Z","run_bootstrap",197,"http://client1:8000","run","http://client1:8000/run",1,TRUE,200,1110,255,3.9411506652832,"2026-05-22T00:14:18.450510Z","2026-05-22T00:14:22.391660Z",1779408858.45051,1779408862.39166,0.000611,0.000692,0.000728,3.92811,3.928261,3.927382,0.00015099999999979,3.9205,0.020650665283203
"2026-05-22T00:14:22.396Z","run_bootstrap",197,"http://client2:8000","run","http://client2:8000/run",1,TRUE,200,1110,252,3.89087986946106,"2026-05-22T00:14:18.452129Z","2026-05-22T00:14:22.343009Z",1779408858.45213,1779408862.34301,0.000394,0.000473,0.000508,3.879738,3.879884,3.87923,0.000145999999999979,3.8704,0.0204798694610595
"2026-05-22T00:14:22.396Z","run_bootstrap",197,"http://client3:8000","run","http://client3:8000/run",1,TRUE,200,1110,251,3.59405946731567,"2026-05-22T00:14:18.451038Z","2026-05-22T00:14:22.045098Z",1779408858.45104,1779408862.0451,5e-04,0.000586,0.000611,3.58183,3.581939,3.581219,0.000109000000000137,3.5735,0.0205594673156737
"2026-05-22T00:14:26.339Z","run_bootstrap",198,"http://client1:8000","run","http://client1:8000/run",1,TRUE,200,1110,255,3.75145196914673,"2026-05-22T00:14:22.409274Z","2026-05-22T00:14:26.160726Z",1779408862.40927,1779408866.16073,0.000705,0.000812,0.000849,3.736435,3.736552,3.735586,0.000116999999999923,3.7276,0.0238519691467287
"2026-05-22T00:14:26.339Z","run_bootstrap",198,"http://client2:8000","run","http://client2:8000/run",1,TRUE,200,1110,251,3.92462658882141,"2026-05-22T00:14:22.409992Z","2026-05-22T00:14:26.334619Z",1779408862.40999,1779408866.33462,0.000608,0.000696,0.000729,3.910544,3.910671,3.909815,0.000126999999999988,3.902,0.022626588821411
"2026-05-22T00:14:26.339Z","run_bootstrap",198,"http://client3:8000","run","http://client3:8000/run",1,TRUE,200,1110,251,3.64696550369263,"2026-05-22T00:14:22.410657Z","2026-05-22T00:14:26.057622Z",1779408862.41066,1779408866.05762,0.000574,0.00066,0.000693,3.63152,3.631631,3.630827,0.000110999999999972,3.6181,0.0288655036926269
"2026-05-22T00:14:30.361Z","run_bootstrap",199,"http://client1:8000","run","http://client1:8000/run",1,TRUE,200,1110,254,3.81021118164062,"2026-05-22T00:14:26.350806Z","2026-05-22T00:14:30.161018Z",1779408866.35081,1779408870.16102,0.000733,0.000828,0.000862,3.788661,3.788788,3.787799,0.000126999999999988,3.7791,0.0311111816406249
"2026-05-22T00:14:30.361Z","run_bootstrap",199,"http://client2:8000","run","http://client2:8000/run",1,TRUE,200,1110,251,4.003249168396,"2026-05-22T00:14:26.351555Z","2026-05-22T00:14:30.354804Z",1779408866.35156,1779408870.3548,0.000668,0.000794,0.000834,3.982449,3.982528,3.981615,7.89999999999402e-05,3.9683,0.0349491683959959
"2026-05-22T00:14:30.361Z","run_bootstrap",199,"http://client3:8000","run","http://client3:8000/run",1,TRUE,200,1110,249,3.75747752189636,"2026-05-22T00:14:26.352125Z","2026-05-22T00:14:30.109602Z",1779408866.35213,1779408870.1096,0.000658,0.000769,0.000805,3.74012,3.740214,3.739315,9.39999999998165e-05,3.717,0.0404775218963622
"2026-05-22T00:14:34.574Z","run_bootstrap",200,"http://client1:8000","run","http://client1:8000/run",1,TRUE,200,1110,254,4.02816581726074,"2026-05-22T00:14:30.374135Z","2026-05-22T00:14:34.402301Z",1779408870.37414,1779408874.4023,0.000366,0.000442,0.000468,4.014803,4.014928,4.014335,0.000125000000000597,3.8449,0.183265817260742
"2026-05-22T00:14:34.574Z","run_bootstrap",200,"http://client2:8000","run","http://client2:8000/run",1,TRUE,200,1110,251,4.19638562202454,"2026-05-22T00:14:30.373640Z","2026-05-22T00:14:34.570026Z",1779408870.37364,1779408874.57003,0.00048,0.000526,0.000544,4.182492,4.182634,4.181948,0.000142000000000309,4.0228,0.173585622024536
"2026-05-22T00:14:34.574Z","run_bootstrap",200,"http://client3:8000","run","http://client3:8000/run",1,TRUE,200,1110,250,3.88508915901184,"2026-05-22T00:14:30.375550Z","2026-05-22T00:14:34.260640Z",1779408870.37555,1779408874.26064,0.000591,0.000668,0.000698,3.866697,3.866865,3.865999,0.00016800000000039,3.7028,0.182289159011841
"2026-05-22T00:14:38.218Z","run_bootstrap",201,"http://client1:8000","run","http://client1:8000/run",1,TRUE,200,1108,256,3.4415967464447,"2026-05-22T00:14:34.636554Z","2026-05-22T00:14:38.078151Z",1779408874.63655,1779408878.07815,0.00062,0.000727,0.000763,3.427719,3.427927,3.426956,0.000207999999999764,3.419,0.0225967464447021
"2026-05-22T00:14:38.218Z","run_bootstrap",201,"http://client2:8000","run","http://client2:8000/run",1,TRUE,200,1108,255,3.57557797431946,"2026-05-22T00:14:34.637589Z","2026-05-22T00:14:38.213167Z",1779408874.63759,1779408878.21317,0.000493,0.000588,0.000621,3.562581,3.562715,3.56196,0.000133999999999634,3.5555,0.0200779743194581
"2026-05-22T00:14:38.218Z","run_bootstrap",201,"http://client3:8000","run","http://client3:8000/run",1,TRUE,200,1108,252,3.50638246536255,"2026-05-22T00:14:34.639388Z","2026-05-22T00:14:38.145770Z",1779408874.63939,1779408878.14577,0.000513,0.000603,0.000634,3.489724,3.48986,3.48909,0.000136000000000358,3.4828,0.0235824653625487
"2026-05-22T00:14:41.942Z","run_bootstrap",202,"http://client1:8000","run","http://client1:8000/run",1,TRUE,200,1108,257,3.49436402320862,"2026-05-22T00:14:38.230256Z","2026-05-22T00:14:41.724620Z",1779408878.23026,1779408881.72462,0.000647,0.000752,0.000786,3.480888,3.481023,3.480102,0.000134999999999774,3.4685,0.025864023208618
"2026-05-22T00:14:41.942Z","run_bootstrap",202,"http://client2:8000","run","http://client2:8000/run",1,TRUE,200,1108,255,3.70387768745422,"2026-05-22T00:14:38.232291Z","2026-05-22T00:14:41.936169Z",1779408878.23229,1779408881.93617,0.00057,0.000657,0.000692,3.688852,3.688983,3.68816,0.000131000000000103,3.6811,0.0227776874542238
"2026-05-22T00:14:41.942Z","run_bootstrap",202,"http://client3:8000","run","http://client3:8000/run",1,TRUE,200,1108,252,3.6272304058075,"2026-05-22T00:14:38.231541Z","2026-05-22T00:14:41.858771Z",1779408878.23154,1779408881.85877,0.000571,0.000657,0.00069,3.61329,3.613426,3.6126,0.000135999999999914,3.6067,0.0205304058074951
"2026-05-22T00:14:45.712Z","run_bootstrap",203,"http://client1:8000","run","http://client1:8000/run",1,TRUE,200,1110,259,3.75546860694885,"2026-05-22T00:14:41.952744Z","2026-05-22T00:14:45.708213Z",1779408881.95274,1779408885.70821,0.000636,0.000744,0.00079,3.742227,3.742374,3.741437,0.000146999999999675,3.7348,0.0206686069488526
"2026-05-22T00:14:45.712Z","run_bootstrap",203,"http://client2:8000","run","http://client2:8000/run",1,TRUE,200,1110,255,3.46336102485657,"2026-05-22T00:14:41.953656Z","2026-05-22T00:14:45.417017Z",1779408881.95366,1779408885.41702,0.000667,0.000778,0.000816,3.449827,3.449937,3.449011,0.000109999999999832,3.4393,0.0240610248565676
"2026-05-22T00:14:45.712Z","run_bootstrap",203,"http://client3:8000","run","http://client3:8000/run",1,TRUE,200,1110,258,3.60195636749268,"2026-05-22T00:14:41.955251Z","2026-05-22T00:14:45.557208Z",1779408881.95525,1779408885.55721,0.000587,0.000689,0.000724,3.589031,3.589168,3.588307,0.000137000000000054,3.5822,0.019756367492676
"2026-05-22T00:14:49.384Z","run_bootstrap",204,"http://client1:8000","run","http://client1:8000/run",1,TRUE,200,1110,259,3.65554428100586,"2026-05-22T00:14:45.724285Z","2026-05-22T00:14:49.379830Z",1779408885.72429,1779408889.37983,0.000688,0.000794,0.000828,3.641891,3.642125,3.641063,0.000233999999999845,3.6207,0.0348442810058596
"2026-05-22T00:14:49.384Z","run_bootstrap",204,"http://client2:8000","run","http://client2:8000/run",1,TRUE,200,1110,255,3.60426831245422,"2026-05-22T00:14:45.726559Z","2026-05-22T00:14:49.330827Z",1779408885.72656,1779408889.33083,0.000648,0.000738,0.000773,3.589455,3.589581,3.588682,0.000125999999999848,3.5699,0.0343683124542236
"2026-05-22T00:14:49.384Z","run_bootstrap",204,"http://client3:8000","run","http://client3:8000/run",1,TRUE,200,1110,258,3.61052083969116,"2026-05-22T00:14:45.726937Z","2026-05-22T00:14:49.337458Z",1779408885.72694,1779408889.33746,0.000579,0.000674,0.000711,3.596524,3.596656,3.595813,0.000131999999999799,3.5847,0.0258208396911619
"2026-05-22T00:14:52.993Z","run_bootstrap",205,"http://client1:8000","run","http://client1:8000/run",1,TRUE,200,1108,252,3.51236701011658,"2026-05-22T00:14:49.396395Z","2026-05-22T00:14:52.908762Z",1779408889.3964,1779408892.90876,0.000751,0.000859,0.000894,3.494732,3.494864,3.493838,0.000132000000000243,3.4861,0.0262670101165772
"2026-05-22T00:14:52.993Z","run_bootstrap",205,"http://client2:8000","run","http://client2:8000/run",1,TRUE,200,1108,253,3.55529689788818,"2026-05-22T00:14:49.396962Z","2026-05-22T00:14:52.952259Z",1779408889.39696,1779408892.95226,0.000706,0.00082,0.000862,3.539659,3.539789,3.538797,0.000129999999999963,3.5307,0.0245968978881836
"2026-05-22T00:14:52.993Z","run_bootstrap",205,"http://client3:8000","run","http://client3:8000/run",1,TRUE,200,1108,252,3.59150552749634,"2026-05-22T00:14:49.397546Z","2026-05-22T00:14:52.989052Z",1779408889.39755,1779408892.98905,0.000567,0.000659,0.000692,3.574446,3.574583,3.573754,0.000137000000000054,3.567,0.0245055274963377
"2026-05-22T00:14:56.766Z","run_bootstrap",206,"http://client1:8000","run","http://client1:8000/run",1,TRUE,200,1108,252,3.50650191307068,"2026-05-22T00:14:53.006014Z","2026-05-22T00:14:56.512516Z",1779408893.00601,1779408896.51252,0.000692,0.000797,0.000831,3.487894,3.487941,3.487063,4.70000000003523e-05,3.4806,0.0259019130706788
"2026-05-22T00:14:56.766Z","run_bootstrap",206,"http://client2:8000","run","http://client2:8000/run",1,TRUE,200,1108,253,3.75430417060852,"2026-05-22T00:14:53.008086Z","2026-05-22T00:14:56.762390Z",1779408893.00809,1779408896.76239,0.000508,0.000592,0.000616,3.736075,3.7361,3.735459,2.49999999999417e-05,3.7283,0.0260041706085206
"2026-05-22T00:14:56.766Z","run_bootstrap",206,"http://client3:8000","run","http://client3:8000/run",1,TRUE,200,1108,253,3.60378956794739,"2026-05-22T00:14:53.008326Z","2026-05-22T00:14:56.612116Z",1779408893.00833,1779408896.61212,0.000563,0.00062,0.00064,3.585118,3.585152,3.584478,3.39999999998675e-05,3.5777,0.0260895679473876
"2026-05-22T00:15:00.528Z","run_bootstrap",207,"http://client1:8000","run","http://client1:8000/run",1,TRUE,200,1108,253,3.49721312522888,"2026-05-22T00:14:56.781262Z","2026-05-22T00:15:00.278475Z",1779408896.78126,1779408900.27848,0.000596,0.000711,0.000746,3.478432,3.478578,3.477686,0.000145999999999979,3.4701,0.0271131252288819
"2026-05-22T00:15:00.528Z","run_bootstrap",207,"http://client2:8000","run","http://client2:8000/run",1,TRUE,200,1108,256,3.74047899246216,"2026-05-22T00:14:56.780934Z","2026-05-22T00:15:00.521413Z",1779408896.78093,1779408900.52141,0.000664,0.000768,0.000804,3.726733,3.726821,3.725929,8.80000000003101e-05,3.7195,0.0209789924621582
"2026-05-22T00:15:00.528Z","run_bootstrap",207,"http://client3:8000","run","http://client3:8000/run",1,TRUE,200,1108,254,3.59115839004517,"2026-05-22T00:14:56.782684Z","2026-05-22T00:15:00.373842Z",1779408896.78268,1779408900.37384,0.000584,0.000691,0.000725,3.571663,3.571797,3.570938,0.000134000000000079,3.5634,0.0277583900451659
"2026-05-22T00:15:04.267Z","run_bootstrap",208,"http://client1:8000","run","http://client1:8000/run",1,TRUE,200,1108,253,3.56893014907837,"2026-05-22T00:15:00.542977Z","2026-05-22T00:15:04.111907Z",1779408900.54298,1779408904.11191,0.000548,0.00065,0.000688,3.555412,3.555549,3.554724,0.000137000000000054,3.5481,0.0208301490783693
"2026-05-22T00:15:04.267Z","run_bootstrap",208,"http://client2:8000","run","http://client2:8000/run",1,TRUE,200,1108,256,3.71965217590332,"2026-05-22T00:15:00.543434Z","2026-05-22T00:15:04.263087Z",1779408900.54343,1779408904.26309,0.000612,0.000692,0.000725,3.707056,3.707193,3.706331,0.000137000000000054,3.6998,0.0198521759033201
"2026-05-22T00:15:04.267Z","run_bootstrap",208,"http://client3:8000","run","http://client3:8000/run",1,TRUE,200,1108,254,3.69121599197388,"2026-05-22T00:15:00.542744Z","2026-05-22T00:15:04.233960Z",1779408900.54274,1779408904.23396,0.000481,0.000598,0.000643,3.677174,3.677315,3.676531,0.000141000000000169,3.6698,0.021415991973877
"2026-05-22T00:15:08.114Z","run_bootstrap",209,"http://client1:8000","run","http://client1:8000/run",1,TRUE,200,1109,253,3.82917809486389,"2026-05-22T00:15:04.278499Z","2026-05-22T00:15:08.107677Z",1779408904.2785,1779408908.10768,0.000634,0.000771,0.000806,3.814886,3.815019,3.81408,0.000132999999999939,3.8061,0.0230780948638918
"2026-05-22T00:15:08.114Z","run_bootstrap",209,"http://client2:8000","run","http://client2:8000/run",1,TRUE,200,1109,255,3.51425075531006,"2026-05-22T00:15:04.280788Z","2026-05-22T00:15:07.795039Z",1779408904.28079,1779408907.79504,0.000623,0.000719,0.000755,3.498855,3.498974,3.4981,0.000119000000000202,3.4914,0.0228507553100585
"2026-05-22T00:15:08.114Z","run_bootstrap",209,"http://client3:8000","run","http://client3:8000/run",1,TRUE,200,1109,250,3.73470377922058,"2026-05-22T00:15:04.281293Z","2026-05-22T00:15:08.015997Z",1779408904.28129,1779408908.016,0.000601,0.000728,0.00077,3.718121,3.718546,3.717351,0.000424999999999898,3.71,0.0247037792205811
"2026-05-22T00:15:11.984Z","run_bootstrap",210,"http://client1:8000","run","http://client1:8000/run",1,TRUE,200,1109,253,3.84357833862305,"2026-05-22T00:15:08.133300Z","2026-05-22T00:15:11.976879Z",1779408908.1333,1779408911.97688,0.000575,0.000658,0.000691,3.829331,3.829461,3.82864,0.000129999999999963,3.8222,0.0213783386230468
"2026-05-22T00:15:11.984Z","run_bootstrap",210,"http://client2:8000","run","http://client2:8000/run",1,TRUE,200,1109,255,3.54715824127197,"2026-05-22T00:15:08.134242Z","2026-05-22T00:15:11.681400Z",1779408908.13424,1779408911.6814,0.000462,0.000536,0.000566,3.531841,3.531964,3.531275,0.000122999999999873,3.5234,0.0237582412719726
"2026-05-22T00:15:11.984Z","run_bootstrap",210,"http://client3:8000","run","http://client3:8000/run",1,TRUE,200,1109,251,3.56050205230713,"2026-05-22T00:15:08.133929Z","2026-05-22T00:15:11.694431Z",1779408908.13393,1779408911.69443,0.000534,0.000613,0.000636,3.547165,3.547302,3.546529,0.000137000000000054,3.528,0.0325020523071289
"2026-05-22T00:15:15.692Z","run_bootstrap",211,"http://client1:8000","run","http://client1:8000/run",1,TRUE,200,1109,252,3.59539341926575,"2026-05-22T00:15:11.997685Z","2026-05-22T00:15:15.593079Z",1779408911.99769,1779408915.59308,0.00044,0.000516,0.00054,3.580351,3.580485,3.579811,0.000134000000000079,3.5732,0.0221934192657471
"2026-05-22T00:15:15.692Z","run_bootstrap",211,"http://client2:8000","run","http://client2:8000/run",1,TRUE,200,1109,252,3.67120409011841,"2026-05-22T00:15:11.998581Z","2026-05-22T00:15:15.669785Z",1779408911.99858,1779408915.66979,0.000465,0.000549,0.00058,3.65051,3.650638,3.64993,0.000127999999999684,3.6406,0.0306040901184081
"2026-05-22T00:15:15.692Z","run_bootstrap",211,"http://client3:8000","run","http://client3:8000/run",1,TRUE,200,1109,252,3.68977642059326,"2026-05-22T00:15:11.997849Z","2026-05-22T00:15:15.687626Z",1779408911.99785,1779408915.68763,0.000441,0.000515,0.000539,3.675733,3.675861,3.675194,0.000127999999999684,3.6679,0.0218764205932618
"2026-05-22T00:15:19.544Z","run_bootstrap",212,"http://client1:8000","run","http://client1:8000/run",1,TRUE,200,1109,251,3.82575798034668,"2026-05-22T00:15:15.711170Z","2026-05-22T00:15:19.536928Z",1779408915.71117,1779408919.53693,0.00064,0.00074,0.000774,3.813494,3.813617,3.81272,0.000122999999999873,3.806,0.0197579803466796
"2026-05-22T00:15:19.544Z","run_bootstrap",212,"http://client2:8000","run","http://client2:8000/run",1,TRUE,200,1109,251,3.52042198181152,"2026-05-22T00:15:15.715091Z","2026-05-22T00:15:19.235513Z",1779408915.71509,1779408919.23551,0.000687,0.000802,0.000839,3.504459,3.504584,3.50362,0.000124999999999709,3.483,0.0374219818115233
"2026-05-22T00:15:19.544Z","run_bootstrap",212,"http://client3:8000","run","http://client3:8000/run",1,TRUE,200,1109,252,3.6713695526123,"2026-05-22T00:15:15.714978Z","2026-05-22T00:15:19.386348Z",1779408915.71498,1779408919.38635,0.000524,0.00062,0.000655,3.65434,3.654419,3.653685,7.89999999999402e-05,3.6466,0.0247695526123048
"2026-05-22T00:15:23.345Z","run_bootstrap",213,"http://client1:8000","run","http://client1:8000/run",1,TRUE,200,1108,255,3.78351354598999,"2026-05-22T00:15:19.557362Z","2026-05-22T00:15:23.340875Z",1779408919.55736,1779408923.34088,0.000658,0.000762,0.000797,3.770578,3.770706,3.769781,0.000128000000000128,3.7632,0.0203135459899904
"2026-05-22T00:15:23.345Z","run_bootstrap",213,"http://client2:8000","run","http://client2:8000/run",1,TRUE,200,1108,254,3.74274873733521,"2026-05-22T00:15:19.559133Z","2026-05-22T00:15:23.301882Z",1779408919.55913,1779408923.30188,0.000647,0.000703,0.000723,3.724143,3.724264,3.72342,0.000120999999999594,3.7148,0.0279487373352052
"2026-05-22T00:15:23.345Z","run_bootstrap",213,"http://client3:8000","run","http://client3:8000/run",1,TRUE,200,1108,249,3.74852299690247,"2026-05-22T00:15:19.559480Z","2026-05-22T00:15:23.308003Z",1779408919.55948,1779408923.308,0.000529,0.000611,0.000648,3.730303,3.730395,3.729655,9.1999999999981e-05,3.7223,0.0262229969024657
"2026-05-22T00:15:27.332Z","run_bootstrap",214,"http://client1:8000","run","http://client1:8000/run",1,TRUE,200,1108,255,3.79518508911133,"2026-05-22T00:15:23.357571Z","2026-05-22T00:15:27.152756Z",1779408923.35757,1779408927.15276,0.000619,0.000698,0.000721,3.782221,3.78236,3.7815,0.000139000000000333,3.7639,0.0312850891113281
"2026-05-22T00:15:27.332Z","run_bootstrap",214,"http://client2:8000","run","http://client2:8000/run",1,TRUE,200,1108,254,3.48962306976318,"2026-05-22T00:15:23.357203Z","2026-05-22T00:15:26.846826Z",1779408923.3572,1779408926.84683,0.000684,0.00077,0.000803,3.476288,3.476385,3.475485,9.70000000002358e-05,3.4548,0.0348230697631835
"2026-05-22T00:15:27.332Z","run_bootstrap",214,"http://client3:8000","run","http://client3:8000/run",1,TRUE,200,1108,249,3.96617746353149,"2026-05-22T00:15:23.358886Z","2026-05-22T00:15:27.325064Z",1779408923.35889,1779408927.32506,0.000453,0.000534,0.000564,3.95029,3.950422,3.949726,0.000132000000000243,3.9408,0.0253774635314943
"2026-05-22T00:15:31.270Z","run_bootstrap",215,"http://client1:8000","run","http://client1:8000/run",1,TRUE,200,1106,255,3.7301549911499,"2026-05-22T00:15:27.349606Z","2026-05-22T00:15:31.079761Z",1779408927.34961,1779408931.07976,0.000573,0.000652,0.000686,3.711551,3.71164,3.710865,8.90000000000057e-05,3.7038,0.0263549911499021
"2026-05-22T00:15:31.270Z","run_bootstrap",215,"http://client2:8000","run","http://client2:8000/run",1,TRUE,200,1106,256,3.91552305221558,"2026-05-22T00:15:27.350214Z","2026-05-22T00:15:31.265737Z",1779408927.35021,1779408931.26574,0.000646,0.000713,0.000732,3.898017,3.898154,3.897285,0.000137000000000054,3.8871,0.028423052215576
"2026-05-22T00:15:31.270Z","run_bootstrap",215,"http://client3:8000","run","http://client3:8000/run",1,TRUE,200,1106,250,3.73389959335327,"2026-05-22T00:15:27.351132Z","2026-05-22T00:15:31.085031Z",1779408927.35113,1779408931.08503,0.000595,0.000655,0.000686,3.717348,3.717474,3.716662,0.000126000000000293,3.7097,0.0241995933532713
"2026-05-22T00:15:35.224Z","run_bootstrap",216,"http://client1:8000","run","http://client1:8000/run",1,TRUE,200,1106,255,3.93516612052917,"2026-05-22T00:15:31.281830Z","2026-05-22T00:15:35.216996Z",1779408931.28183,1779408935.217,0.00069,0.000792,0.000826,3.920878,3.921014,3.920052,0.000135999999999914,3.9127,0.0224661205291747
"2026-05-22T00:15:35.224Z","run_bootstrap",216,"http://client2:8000","run","http://client2:8000/run",1,TRUE,200,1106,256,3.82330918312073,"2026-05-22T00:15:31.283477Z","2026-05-22T00:15:35.106786Z",1779408931.28348,1779408935.10679,0.00069,0.000798,0.000832,3.807676,3.807818,3.806844,0.000142000000000309,3.8003,0.0230091831207275
"2026-05-22T00:15:35.224Z","run_bootstrap",216,"http://client3:8000","run","http://client3:8000/run",1,TRUE,200,1106,250,3.6526882648468,"2026-05-22T00:15:31.283961Z","2026-05-22T00:15:34.936650Z",1779408931.28396,1779408934.93665,0.000595,0.000752,0.000793,3.631627,3.631801,3.630834,0.000173999999999896,3.6237,0.0289882648468018
"2026-05-22T00:15:39.169Z","run_bootstrap",217,"http://client1:8000","run","http://client1:8000/run",1,TRUE,200,1109,253,3.75556683540344,"2026-05-22T00:15:35.235877Z","2026-05-22T00:15:38.991444Z",1779408935.23588,1779408938.99144,0.00063,0.000703,0.000736,3.73564,3.735738,3.734904,9.79999999999315e-05,3.7279,0.0276668354034424
"2026-05-22T00:15:39.169Z","run_bootstrap",217,"http://client2:8000","run","http://client2:8000/run",1,TRUE,200,1109,256,3.73048853874207,"2026-05-22T00:15:35.237656Z","2026-05-22T00:15:38.968145Z",1779408935.23766,1779408938.96815,0.000571,0.000634,0.000673,3.712991,3.71311,3.712318,0.000118999999999758,3.7057,0.0247885387420652
"2026-05-22T00:15:39.169Z","run_bootstrap",217,"http://client3:8000","run","http://client3:8000/run",1,TRUE,200,1109,250,3.92897248268127,"2026-05-22T00:15:35.236721Z","2026-05-22T00:15:39.165694Z",1779408935.23672,1779408939.16569,0.000467,0.000543,0.000566,3.910519,3.910648,3.909953,0.000129000000000268,3.9034,0.0255724826812744
"2026-05-22T00:15:43.126Z","run_bootstrap",218,"http://client1:8000","run","http://client1:8000/run",1,TRUE,200,1109,253,3.78251838684082,"2026-05-22T00:15:39.184634Z","2026-05-22T00:15:42.967153Z",1779408939.18463,1779408942.96715,0.000667,0.000785,0.000831,3.768445,3.768531,3.767614,8.60000000000305e-05,3.7605,0.0220183868408204
"2026-05-22T00:15:43.126Z","run_bootstrap",218,"http://client2:8000","run","http://client2:8000/run",1,TRUE,200,1109,256,3.93310523033142,"2026-05-22T00:15:39.186442Z","2026-05-22T00:15:43.119547Z",1779408939.18644,1779408943.11955,0.000593,0.00067,0.000708,3.91774,3.917883,3.917032,0.000143000000000004,3.9093,0.0238052303314209
"2026-05-22T00:15:43.126Z","run_bootstrap",218,"http://client3:8000","run","http://client3:8000/run",1,TRUE,200,1109,250,3.73263883590698,"2026-05-22T00:15:39.186877Z","2026-05-22T00:15:42.919515Z",1779408939.18688,1779408942.91952,0.000473,0.000584,0.000627,3.717988,3.718124,3.717361,0.000135999999999914,3.7097,0.0229388359069822
"2026-05-22T00:15:47.077Z","run_bootstrap",219,"http://client1:8000","run","http://client1:8000/run",1,TRUE,200,1109,254,3.87181353569031,"2026-05-22T00:15:43.139829Z","2026-05-22T00:15:47.011642Z",1779408943.13983,1779408947.01164,0.000557,0.000632,0.000662,3.855199,3.855284,3.854537,8.50000000003348e-05,3.8446,0.0272135356903078
"2026-05-22T00:15:47.077Z","run_bootstrap",219,"http://client2:8000","run","http://client2:8000/run",1,TRUE,200,1109,256,3.93270254135132,"2026-05-22T00:15:43.140015Z","2026-05-22T00:15:47.072717Z",1779408943.14002,1779408947.07272,0.000529,0.00061,0.000646,3.919049,3.919186,3.918403,0.000137000000000054,3.9103,0.0224025413513185
"2026-05-22T00:15:47.077Z","run_bootstrap",219,"http://client3:8000","run","http://client3:8000/run",1,TRUE,200,1109,250,3.69445633888245,"2026-05-22T00:15:43.139519Z","2026-05-22T00:15:46.833975Z",1779408943.13952,1779408946.83398,0.000601,0.000664,0.000685,3.681052,3.681188,3.680367,0.000135999999999914,3.6668,0.0276563388824465
"2026-05-22T00:15:51.234Z","run_bootstrap",220,"http://client1:8000","run","http://client1:8000/run",1,TRUE,200,1109,254,4.14084529876709,"2026-05-22T00:15:47.089148Z","2026-05-22T00:15:51.229994Z",1779408947.08915,1779408951.22999,0.000645,0.000736,0.000937,4.127415,4.127545,4.126478,0.000129999999999519,3.9604,0.18044529876709
"2026-05-22T00:15:51.234Z","run_bootstrap",220,"http://client2:8000","run","http://client2:8000/run",1,TRUE,200,1109,256,3.99825549125671,"2026-05-22T00:15:47.090903Z","2026-05-22T00:15:51.089158Z",1779408947.0909,1779408951.08916,0.000708,0.000796,0.000829,3.979577,3.979718,3.978748,0.000141000000000169,3.7991,0.199155491256714
"2026-05-22T00:15:51.234Z","run_bootstrap",220,"http://client3:8000","run","http://client3:8000/run",1,TRUE,200,1109,250,3.92148733139038,"2026-05-22T00:15:47.091460Z","2026-05-22T00:15:51.012947Z",1779408947.09146,1779408951.01295,0.000529,0.000601,0.000631,3.900207,3.900364,3.899576,0.000157000000000185,3.7345,0.186987331390381
"2026-05-22T00:15:55.072Z","run_bootstrap",221,"http://client1:8000","run","http://client1:8000/run",1,TRUE,200,1109,252,3.69752335548401,"2026-05-22T00:15:51.246498Z","2026-05-22T00:15:54.944022Z",1779408951.2465,1779408954.94402,0.000609,0.000726,0.000765,3.679116,3.679229,3.678351,0.000112999999999808,3.6723,0.0252233554840089
"2026-05-22T00:15:55.072Z","run_bootstrap",221,"http://client2:8000","run","http://client2:8000/run",1,TRUE,200,1109,255,3.8181746006012,"2026-05-22T00:15:51.247071Z","2026-05-22T00:15:55.065246Z",1779408951.24707,1779408955.06525,0.000692,0.000799,0.000837,3.797148,3.797278,3.796311,0.000129999999999963,3.7908,0.0273746006011963
"2026-05-22T00:15:55.072Z","run_bootstrap",221,"http://client3:8000","run","http://client3:8000/run",1,TRUE,200,1109,249,3.4032621383667,"2026-05-22T00:15:51.247761Z","2026-05-22T00:15:54.651023Z",1779408951.24776,1779408954.65102,0.000722,0.000789,0.00081,3.383366,3.383496,3.382556,0.000129999999999963,3.3765,0.0267621383666992
"2026-05-22T00:15:58.984Z","run_bootstrap",222,"http://client1:8000","run","http://client1:8000/run",1,TRUE,200,1109,251,3.77252268791199,"2026-05-22T00:15:55.091682Z","2026-05-22T00:15:58.864204Z",1779408955.09168,1779408958.8642,0.000671,0.000809,0.00085,3.754417,3.754556,3.753567,0.000138999999999889,3.747,0.0255226879119874
"2026-05-22T00:15:58.984Z","run_bootstrap",222,"http://client2:8000","run","http://client2:8000/run",1,TRUE,200,1109,254,3.75646138191223,"2026-05-22T00:15:55.092355Z","2026-05-22T00:15:58.848816Z",1779408955.09236,1779408958.84882,0.000536,0.000629,0.000666,3.734613,3.734746,3.733947,0.000132999999999939,3.728,0.0284613819122312
"2026-05-22T00:15:58.984Z","run_bootstrap",222,"http://client3:8000","run","http://client3:8000/run",1,TRUE,200,1109,249,3.88679122924805,"2026-05-22T00:15:55.093004Z","2026-05-22T00:15:58.979795Z",1779408955.093,1779408958.9798,0.000644,0.000733,0.000766,3.865402,3.865537,3.864636,0.000134999999999774,3.8582,0.0285912292480468
"2026-05-22T00:16:03.039Z","run_bootstrap",223,"http://client1:8000","run","http://client1:8000/run",1,TRUE,200,1107,254,3.78406810760498,"2026-05-22T00:15:58.998054Z","2026-05-22T00:16:02.782123Z",1779408958.99805,1779408962.78212,0.000885,0.000981,0.001021,3.766704,3.766864,3.765683,0.00016000000000016,3.7592,0.0248681076049806
"2026-05-22T00:16:03.039Z","run_bootstrap",223,"http://client2:8000","run","http://client2:8000/run",1,TRUE,200,1107,256,3.82769465446472,"2026-05-22T00:15:58.997303Z","2026-05-22T00:16:02.824998Z",1779408958.9973,1779408962.825,0.000821,0.000898,0.000934,3.809399,3.809527,3.808465,0.000128000000000128,3.8023,0.0253946544647219
"2026-05-22T00:16:03.039Z","run_bootstrap",223,"http://client3:8000","run","http://client3:8000/run",1,TRUE,200,1107,249,4.03626084327698,"2026-05-22T00:15:58.997872Z","2026-05-22T00:16:03.034133Z",1779408958.99787,1779408963.03413,0.000773,0.000886,0.000925,4.018547,4.018581,4.017622,3.40000000003116e-05,4.0111,0.0251608432769777
"2026-05-22T00:16:07.130Z","run_bootstrap",224,"http://client1:8000","run","http://client1:8000/run",1,TRUE,200,1107,254,3.91551399230957,"2026-05-22T00:16:03.053593Z","2026-05-22T00:16:06.969107Z",1779408963.05359,1779408966.96911,0.000578,0.000711,0.000749,3.901167,3.901298,3.900418,0.000131000000000103,3.8939,0.0216139923095704
"2026-05-22T00:16:07.130Z","run_bootstrap",224,"http://client2:8000","run","http://client2:8000/run",1,TRUE,200,1107,256,3.6117467880249,"2026-05-22T00:16:03.055323Z","2026-05-22T00:16:06.667070Z",1779408963.05532,1779408966.66707,0.000588,0.00068,0.000713,3.597404,3.597513,3.596691,0.000109000000000137,3.5874,0.0243467880249022
"2026-05-22T00:16:07.130Z","run_bootstrap",224,"http://client3:8000","run","http://client3:8000/run",1,TRUE,200,1107,249,4.0698299407959,"2026-05-22T00:16:03.055817Z","2026-05-22T00:16:07.125647Z",1779408963.05582,1779408967.12565,0.000706,0.000794,0.000825,4.055271,4.055386,4.054446,0.000115000000000087,4.0478,0.0220299407958988
"2026-05-22T00:16:11.408Z","run_bootstrap",225,"http://client1:8000","run","http://client1:8000/run",1,TRUE,200,1109,252,4.26303243637085,"2026-05-22T00:16:07.140826Z","2026-05-22T00:16:11.403858Z",1779408967.14083,1779408971.40386,0.000632,0.000738,0.000774,4.249143,4.249294,4.248369,0.00015099999999979,4.0847,0.17833243637085
"2026-05-22T00:16:11.408Z","run_bootstrap",225,"http://client2:8000","run","http://client2:8000/run",1,TRUE,200,1109,256,3.91812252998352,"2026-05-22T00:16:07.143058Z","2026-05-22T00:16:11.061180Z",1779408967.14306,1779408971.06118,0.000649,0.000719,0.000754,3.900492,3.900625,3.899738,0.000132999999999939,3.8931,0.0250225299835205
"2026-05-22T00:16:11.408Z","run_bootstrap",225,"http://client3:8000","run","http://client3:8000/run",1,TRUE,200,1109,249,3.79335761070251,"2026-05-22T00:16:07.143426Z","2026-05-22T00:16:10.936783Z",1779408967.14343,1779408970.93678,0.000582,0.000705,0.000754,3.774788,3.7751,3.774034,0.00031200000000009,3.7673,0.0260576107025146
"2026-05-22T00:16:15.353Z","run_bootstrap",226,"http://client1:8000","run","http://client1:8000/run",1,TRUE,200,1109,251,3.62774085998535,"2026-05-22T00:16:11.420465Z","2026-05-22T00:16:15.048206Z",1779408971.42047,1779408975.04821,0.000721,0.000834,0.00087,3.61318,3.613322,3.61231,0.000142000000000309,3.606,0.0217408599853517
"2026-05-22T00:16:15.353Z","run_bootstrap",226,"http://client2:8000","run","http://client2:8000/run",1,TRUE,200,1109,256,3.64589095115662,"2026-05-22T00:16:11.422073Z","2026-05-22T00:16:15.067964Z",1779408971.42207,1779408975.06796,0.000601,0.00071,0.000745,3.632391,3.632475,3.631646,8.39999999997509e-05,3.6251,0.020790951156616
"2026-05-22T00:16:15.353Z","run_bootstrap",226,"http://client3:8000","run","http://client3:8000/run",1,TRUE,200,1109,249,3.92325353622437,"2026-05-22T00:16:11.422692Z","2026-05-22T00:16:15.345945Z",1779408971.42269,1779408975.34595,0.000541,0.000651,0.000686,3.90549,3.905619,3.904804,0.000129000000000268,3.8881,0.0351535362243651
"2026-05-22T00:16:19.115Z","run_bootstrap",227,"http://client1:8000","run","http://client1:8000/run",1,TRUE,200,1108,252,3.54880785942078,"2026-05-22T00:16:15.366246Z","2026-05-22T00:16:18.915054Z",1779408975.36625,1779408978.91505,0.000656,0.000774,0.00081,3.527447,3.527673,3.526637,0.000226000000000059,3.5202,0.0286078594207764
"2026-05-22T00:16:19.115Z","run_bootstrap",227,"http://client2:8000","run","http://client2:8000/run",1,TRUE,200,1108,256,3.74017477035522,"2026-05-22T00:16:15.366976Z","2026-05-22T00:16:19.107151Z",1779408975.36698,1779408979.10715,0.000559,0.000638,0.000668,3.718662,3.718796,3.717994,0.000134000000000079,3.7116,0.0285747703552248
"2026-05-22T00:16:19.115Z","run_bootstrap",227,"http://client3:8000","run","http://client3:8000/run",1,TRUE,200,1108,251,3.63218522071838,"2026-05-22T00:16:15.367572Z","2026-05-22T00:16:18.999758Z",1779408975.36757,1779408978.99976,0.000643,0.000753,0.000788,3.618276,3.618404,3.617488,0.000128000000000128,3.6108,0.021385220718384
"2026-05-22T00:16:22.867Z","run_bootstrap",228,"http://client1:8000","run","http://client1:8000/run",1,TRUE,200,1108,251,3.52086782455444,"2026-05-22T00:16:19.128180Z","2026-05-22T00:16:22.649048Z",1779408979.12818,1779408982.64905,0.000549,0.000665,0.000703,3.496335,3.496463,3.495632,0.000127999999999684,3.489,0.0318678245544435
"2026-05-22T00:16:22.867Z","run_bootstrap",228,"http://client2:8000","run","http://client2:8000/run",1,TRUE,200,1108,256,3.56108164787292,"2026-05-22T00:16:19.128814Z","2026-05-22T00:16:22.689895Z",1779408979.12881,1779408982.6899,0.000782,0.000839,0.000865,3.541627,3.541753,3.540762,0.000125999999999848,3.5344,0.0266816478729246
"2026-05-22T00:16:22.867Z","run_bootstrap",228,"http://client3:8000","run","http://client3:8000/run",1,TRUE,200,1108,250,3.73394393920898,"2026-05-22T00:16:19.128044Z","2026-05-22T00:16:22.861988Z",1779408979.12804,1779408982.86199,0.00073,0.000834,0.00087,3.713851,3.713983,3.712981,0.000131999999999799,3.706,0.0279439392089844
"2026-05-22T00:16:26.621Z","run_bootstrap",229,"http://client1:8000","run","http://client1:8000/run",1,TRUE,200,1109,254,3.57624530792236,"2026-05-22T00:16:22.881322Z","2026-05-22T00:16:26.457568Z",1779408982.88132,1779408986.45757,0.000478,0.00058,0.000622,3.56248,3.562608,3.561858,0.000128000000000128,3.5551,0.0211453079223634
"2026-05-22T00:16:26.621Z","run_bootstrap",229,"http://client2:8000","run","http://client2:8000/run",1,TRUE,200,1109,256,3.73505878448486,"2026-05-22T00:16:22.882124Z","2026-05-22T00:16:26.617183Z",1779408982.88212,1779408986.61718,0.000725,0.000803,0.000845,3.722459,3.722595,3.721614,0.000135999999999914,3.7152,0.0198587844848634
"2026-05-22T00:16:26.621Z","run_bootstrap",229,"http://client3:8000","run","http://client3:8000/run",1,TRUE,200,1109,249,3.53325009346008,"2026-05-22T00:16:22.883793Z","2026-05-22T00:16:26.417043Z",1779408982.88379,1779408986.41704,0.000642,0.00075,0.000791,3.517044,3.517424,3.516253,0.000380000000000269,3.509,0.0242500934600831
"2026-05-22T00:16:30.399Z","run_bootstrap",230,"http://client1:8000","run","http://client1:8000/run",1,TRUE,200,1109,254,3.75997018814087,"2026-05-22T00:16:26.634784Z","2026-05-22T00:16:30.394755Z",1779408986.63478,1779408990.39476,0.000633,0.000746,0.000783,3.738643,3.738778,3.73786,0.000134999999999774,3.7313,0.0286701881408691
"2026-05-22T00:16:30.399Z","run_bootstrap",230,"http://client2:8000","run","http://client2:8000/run",1,TRUE,200,1109,256,3.45992302894592,"2026-05-22T00:16:26.635364Z","2026-05-22T00:16:30.095287Z",1779408986.63536,1779408990.09529,0.000687,0.000806,0.000839,3.444929,3.445064,3.44409,0.000134999999999774,3.4277,0.0322230289459227
"2026-05-22T00:16:30.399Z","run_bootstrap",230,"http://client3:8000","run","http://client3:8000/run",1,TRUE,200,1109,250,3.64655804634094,"2026-05-22T00:16:26.636111Z","2026-05-22T00:16:30.282669Z",1779408986.63611,1779408990.28267,0.000715,0.000831,0.000867,3.626951,3.627084,3.626084,0.000132999999999939,3.6186,0.0279580463409426
"2026-05-22T00:16:34.008Z","run_bootstrap",231,"http://client1:8000","run","http://client1:8000/run",1,TRUE,200,1109,253,3.47146916389465,"2026-05-22T00:16:30.411143Z","2026-05-22T00:16:33.882612Z",1779408990.41114,1779408993.88261,0.00066,0.000772,0.000807,3.455494,3.455548,3.454687,5.39999999999985e-05,3.4459,0.0255691638946534
"2026-05-22T00:16:34.008Z","run_bootstrap",231,"http://client2:8000","run","http://client2:8000/run",1,TRUE,200,1109,255,3.59190392494202,"2026-05-22T00:16:30.411705Z","2026-05-22T00:16:34.003609Z",1779408990.41171,1779408994.00361,0.000601,0.000717,0.00076,3.570519,3.570611,3.569759,9.1999999999981e-05,3.563,0.0289039249420164
"2026-05-22T00:16:34.008Z","run_bootstrap",231,"http://client3:8000","run","http://client3:8000/run",1,TRUE,200,1109,250,3.53994941711426,"2026-05-22T00:16:30.412276Z","2026-05-22T00:16:33.952226Z",1779408990.41228,1779408993.95223,0.000667,0.000764,8e-04,3.519239,3.519398,3.518439,0.00015900000000002,3.5112,0.0287494171142577
"2026-05-22T00:16:37.829Z","run_bootstrap",232,"http://client1:8000","run","http://client1:8000/run",1,TRUE,200,1109,253,3.80441761016846,"2026-05-22T00:16:34.020954Z","2026-05-22T00:16:37.825372Z",1779408994.02095,1779408997.82537,0.000756,0.000817,0.000839,3.791123,3.791228,3.790284,0.000105000000000022,3.7832,0.0212176101684571
"2026-05-22T00:16:37.829Z","run_bootstrap",232,"http://client2:8000","run","http://client2:8000/run",1,TRUE,200,1109,256,3.56173610687256,"2026-05-22T00:16:34.020466Z","2026-05-22T00:16:37.582202Z",1779408994.02047,1779408997.5822,0.000699,0.000808,0.000844,3.547623,3.54775,3.546779,0.000126999999999988,3.5393,0.0224361068725587
"2026-05-22T00:16:37.829Z","run_bootstrap",232,"http://client3:8000","run","http://client3:8000/run",1,TRUE,200,1109,250,3.54231905937195,"2026-05-22T00:16:34.022041Z","2026-05-22T00:16:37.564360Z",1779408994.02204,1779408997.56436,0.000671,0.000768,0.000806,3.52925,3.529382,3.528444,0.000131999999999799,3.5223,0.0200190593719483
"2026-05-22T00:16:41.661Z","run_bootstrap",233,"http://client1:8000","run","http://client1:8000/run",1,TRUE,200,1108,253,3.57236886024475,"2026-05-22T00:16:37.841854Z","2026-05-22T00:16:41.414223Z",1779408997.84185,1779409001.41422,0.000614,0.000703,0.000735,3.556026,3.556149,3.555291,0.000122999999999873,3.5468,0.0255688602447508
"2026-05-22T00:16:41.661Z","run_bootstrap",233,"http://client2:8000","run","http://client2:8000/run",1,TRUE,200,1108,253,3.65203475952148,"2026-05-22T00:16:37.842355Z","2026-05-22T00:16:41.494390Z",1779408997.84236,1779409001.49439,0.000612,0.000695,0.000729,3.630758,3.630866,3.630029,0.000107999999999997,3.6225,0.0295347595214843
"2026-05-22T00:16:41.661Z","run_bootstrap",233,"http://client3:8000","run","http://client3:8000/run",1,TRUE,200,1108,251,3.81061148643494,"2026-05-22T00:16:37.842957Z","2026-05-22T00:16:41.653569Z",1779408997.84296,1779409001.65357,0.000469,0.000576,0.000612,3.794985,3.795114,3.794373,0.000128999999999824,3.7882,0.0224114864349367
"2026-05-22T00:16:45.492Z","run_bootstrap",234,"http://client1:8000","run","http://client1:8000/run",1,TRUE,200,1108,253,3.55782055854797,"2026-05-22T00:16:41.680345Z","2026-05-22T00:16:45.238166Z",1779409001.68035,1779409005.23817,0.000651,0.000755,0.000789,3.539309,3.539493,3.53852,0.000183999999999962,3.5297,0.0281205585479736
"2026-05-22T00:16:45.492Z","run_bootstrap",234,"http://client2:8000","run","http://client2:8000/run",1,TRUE,200,1108,253,3.80378890037537,"2026-05-22T00:16:41.682296Z","2026-05-22T00:16:45.486085Z",1779409001.6823,1779409005.48609,0.000566,0.000683,0.000722,3.783298,3.783385,3.782576,8.70000000001703e-05,3.7763,0.0274889003753662
"2026-05-22T00:16:45.492Z","run_bootstrap",234,"http://client3:8000","run","http://client3:8000/run",1,TRUE,200,1108,251,3.55988740921021,"2026-05-22T00:16:41.682586Z","2026-05-22T00:16:45.242474Z",1779409001.68259,1779409005.24247,0.000581,0.000693,0.000729,3.535948,3.536071,3.535219,0.000123000000000317,3.5289,0.0309874092102049
"2026-05-22T00:16:49.241Z","run_bootstrap",235,"http://client1:8000","run","http://client1:8000/run",1,TRUE,200,1105,252,3.66375017166138,"2026-05-22T00:16:45.508571Z","2026-05-22T00:16:49.172322Z",1779409005.50857,1779409009.17232,0.000546,0.00064,0.000674,3.648967,3.649113,3.648293,0.000145999999999979,3.641,0.0227501716613769
"2026-05-22T00:16:49.241Z","run_bootstrap",235,"http://client2:8000","run","http://client2:8000/run",1,TRUE,200,1105,254,3.72705411911011,"2026-05-22T00:16:45.509968Z","2026-05-22T00:16:49.237022Z",1779409005.50997,1779409009.23702,0.000625,0.000705,0.000736,3.714234,3.714609,3.713498,0.000375000000000014,3.7074,0.0196541191101076
"2026-05-22T00:16:49.241Z","run_bootstrap",235,"http://client3:8000","run","http://client3:8000/run",1,TRUE,200,1105,251,3.6096830368042,"2026-05-22T00:16:45.509207Z","2026-05-22T00:16:49.118890Z",1779409005.50921,1779409009.11889,0.000698,0.000819,0.000861,3.596368,3.59656,3.595507,0.000192000000000192,3.5891,0.020583036804199
"2026-05-22T00:16:52.988Z","run_bootstrap",236,"http://client1:8000","run","http://client1:8000/run",1,TRUE,200,1105,253,3.69428539276123,"2026-05-22T00:16:49.254472Z","2026-05-22T00:16:52.948757Z",1779409009.25447,1779409012.94876,0.000704,0.000872,0.000907,3.678776,3.678919,3.677869,0.000143000000000004,3.6704,0.0238853927612306
"2026-05-22T00:16:52.988Z","run_bootstrap",236,"http://client2:8000","run","http://client2:8000/run",1,TRUE,200,1105,253,3.72870326042175,"2026-05-22T00:16:49.255241Z","2026-05-22T00:16:52.983945Z",1779409009.25524,1779409012.98395,0.000496,0.000817,0.000866,3.714772,3.714907,3.713906,0.000135000000000218,3.707,0.0217032604217531
"2026-05-22T00:16:52.988Z","run_bootstrap",236,"http://client3:8000","run","http://client3:8000/run",1,TRUE,200,1105,251,3.67347145080566,"2026-05-22T00:16:49.255328Z","2026-05-22T00:16:52.928800Z",1779409009.25533,1779409012.9288,0.000545,0.000622,0.000646,3.659532,3.659677,3.658886,0.00014499999999984,3.6525,0.0209714508056642
"2026-05-22T00:16:56.767Z","run_bootstrap",237,"http://client1:8000","run","http://client1:8000/run",1,TRUE,200,1108,254,3.61850118637085,"2026-05-22T00:16:52.998599Z","2026-05-22T00:16:56.617100Z",1779409012.9986,1779409016.6171,0.000473,0.000577,0.000613,3.604331,3.604419,3.603718,8.7999999999866e-05,3.5965,0.0220011863708498
"2026-05-22T00:16:56.767Z","run_bootstrap",237,"http://client2:8000","run","http://client2:8000/run",1,TRUE,200,1108,255,3.76324033737183,"2026-05-22T00:16:53.000107Z","2026-05-22T00:16:56.763347Z",1779409013.00011,1779409016.76335,0.000444,0.000532,0.000564,3.749718,3.749813,3.749154,9.49999999999562e-05,3.7417,0.0215403373718264
"2026-05-22T00:16:56.767Z","run_bootstrap",237,"http://client3:8000","run","http://client3:8000/run",1,TRUE,200,1108,250,3.72526526451111,"2026-05-22T00:16:53.000644Z","2026-05-22T00:16:56.725909Z",1779409013.00064,1779409016.72591,0.000538,0.00062,0.000655,3.704441,3.704589,3.703786,0.000147999999999815,3.6979,0.0273652645111082
"2026-05-22T00:17:00.552Z","run_bootstrap",238,"http://client1:8000","run","http://client1:8000/run",1,TRUE,200,1108,254,3.76722359657288,"2026-05-22T00:16:56.780093Z","2026-05-22T00:17:00.547317Z",1779409016.78009,1779409020.54732,0.000695,0.000781,0.000814,3.7533,3.753437,3.752486,0.000137000000000054,3.7455,0.0217235965728761
"2026-05-22T00:17:00.552Z","run_bootstrap",238,"http://client2:8000","run","http://client2:8000/run",1,TRUE,200,1108,255,3.49316477775574,"2026-05-22T00:16:56.781049Z","2026-05-22T00:17:00.274214Z",1779409016.78105,1779409020.27421,0.000604,0.000672,0.000704,3.479429,3.479588,3.478725,0.00015900000000002,3.4722,0.0209647777557374
"2026-05-22T00:17:00.552Z","run_bootstrap",238,"http://client3:8000","run","http://client3:8000/run",1,TRUE,200,1108,250,3.53483080863953,"2026-05-22T00:16:56.780868Z","2026-05-22T00:17:00.315699Z",1779409016.78087,1779409020.3157,0.000644,0.000755,0.000806,3.521851,3.521945,3.521045,9.40000000002605e-05,3.5147,0.0201308086395264
"2026-05-22T00:17:04.279Z","run_bootstrap",239,"http://client1:8000","run","http://client1:8000/run",1,TRUE,200,1107,253,3.6338939666748,"2026-05-22T00:17:00.563675Z","2026-05-22T00:17:04.197569Z",1779409020.56368,1779409024.19757,0.000722,0.000832,0.000867,3.61871,3.618755,3.617843,4.50000000000728e-05,3.6109,0.0229939666748047
"2026-05-22T00:17:04.279Z","run_bootstrap",239,"http://client2:8000","run","http://client2:8000/run",1,TRUE,200,1107,255,3.70527338981628,"2026-05-22T00:17:00.565612Z","2026-05-22T00:17:04.270885Z",1779409020.56561,1779409024.27089,0.000732,0.000844,0.00088,3.688314,3.688362,3.687434,4.8000000000048e-05,3.6797,0.0255733898162842
"2026-05-22T00:17:04.279Z","run_bootstrap",239,"http://client3:8000","run","http://client3:8000/run",1,TRUE,200,1107,250,3.67880654335022,"2026-05-22T00:17:00.566011Z","2026-05-22T00:17:04.244818Z",1779409020.56601,1779409024.24482,0.000614,0.000766,0.000806,3.663445,3.663492,3.662639,4.70000000003523e-05,3.6563,0.0225065433502198
"2026-05-22T00:17:08.318Z","run_bootstrap",240,"http://client1:8000","run","http://client1:8000/run",1,TRUE,200,1107,253,3.80937266349792,"2026-05-22T00:17:04.295260Z","2026-05-22T00:17:08.104632Z",1779409024.29526,1779409028.10463,0.000501,0.000617,0.000688,3.791251,3.791411,3.790563,0.00016000000000016,3.6329,0.176472663497925
"2026-05-22T00:17:08.318Z","run_bootstrap",240,"http://client2:8000","run","http://client2:8000/run",1,TRUE,200,1107,255,3.89807224273682,"2026-05-22T00:17:04.295999Z","2026-05-22T00:17:08.194071Z",1779409024.296,1779409028.19407,0.000744,0.000857,0.000898,3.878616,3.878754,3.877718,0.000137999999999749,3.7123,0.185772242736816
"2026-05-22T00:17:08.318Z","run_bootstrap",240,"http://client3:8000","run","http://client3:8000/run",1,TRUE,200,1107,250,4.01774573326111,"2026-05-22T00:17:04.296492Z","2026-05-22T00:17:08.314237Z",1779409024.29649,1779409028.31424,0.00061,0.000719,0.000758,4.003901,4.00403,4.003143,0.000129000000000268,3.8422,0.175545733261108
