"timestamp","phase","round_id","client","endpoint","url","attempt","ok","status","request_bytes","response_bytes","elapsed_sec","request_start_ts_utc","request_end_ts_utc","request_start_epoch_sec","request_end_epoch_sec","curl_namelookup_sec","curl_connect_sec","curl_pretransfer_sec","curl_starttransfer_sec","curl_total_sec","curl_ttfb_sec","curl_response_transfer_sec","client_compute_sec","net_overhead_sec"
"2026-05-23T05:20:07.851Z","init",1,"http://client1:8000","init","http://client1:8000/init",1,TRUE,200,2713,387,0.365311145782471,"2026-05-23T05:20:07.412241Z","2026-05-23T05:20:07.777552Z",1779513607.41224,1779513607.77755,0.000722,0.000844,0.000889,0.350832,0.350881,0.349943,4.90000000000212e-05,NA,NA
"2026-05-23T05:20:07.851Z","init",1,"http://client2:8000","init","http://client2:8000/init",1,TRUE,200,2713,387,0.373491764068604,"2026-05-23T05:20:07.416037Z","2026-05-23T05:20:07.789529Z",1779513607.41604,1779513607.78953,0.000716,0.000845,0.000886,0.351304,0.351351,0.350418,4.70000000000192e-05,NA,NA
"2026-05-23T05:20:07.851Z","init",1,"http://client3:8000","init","http://client3:8000/init",1,TRUE,200,2713,387,0.380167484283447,"2026-05-23T05:20:07.416427Z","2026-05-23T05:20:07.796595Z",1779513607.41643,1779513607.7966,0.000602,0.000714,0.000755,0.358285,0.358378,0.35753,9.29999999999542e-05,NA,NA
"2026-05-23T05:20:13.781Z","run_bootstrap",1,"http://client1:8000","run","http://client1:8000/run",1,TRUE,200,1108,256,5.440260887146,"2026-05-23T05:20:08.069370Z","2026-05-23T05:20:13.509631Z",1779513608.06937,1779513613.50963,0.000644,0.000757,0.000921,5.427233,5.427284,5.426312,5.10000000000232e-05,5.3707,0.0695608871459958
"2026-05-23T05:20:13.781Z","run_bootstrap",1,"http://client2:8000","run","http://client2:8000/run",1,TRUE,200,1108,253,5.44707536697388,"2026-05-23T05:20:08.070887Z","2026-05-23T05:20:13.517962Z",1779513608.07089,1779513613.51796,0.00071,0.000894,0.000944,5.434599,5.434632,5.433655,3.29999999992836e-05,5.3786,0.0684753669738773
"2026-05-23T05:20:13.781Z","run_bootstrap",1,"http://client3:8000","run","http://client3:8000/run",1,TRUE,200,1108,251,5.70548129081726,"2026-05-23T05:20:08.071498Z","2026-05-23T05:20:13.776979Z",1779513608.0715,1779513613.77698,0.000628,0.000725,0.000761,5.688529,5.688565,5.687768,3.59999999997029e-05,5.6266,0.0788812908172609
"2026-05-23T05:20:17.613Z","run_bootstrap",2,"http://client1:8000","run","http://client1:8000/run",1,TRUE,200,1108,256,3.40146899223328,"2026-05-23T05:20:13.835619Z","2026-05-23T05:20:17.237088Z",1779513613.83562,1779513617.23709,0.000571,0.000644,0.000675,3.382469,3.382512,3.381794,4.30000000002373e-05,3.2705,0.130968992233276
"2026-05-23T05:20:17.613Z","run_bootstrap",2,"http://client2:8000","run","http://client2:8000/run",1,TRUE,200,1108,253,3.57322120666504,"2026-05-23T05:20:13.835379Z","2026-05-23T05:20:17.408601Z",1779513613.83538,1779513617.4086,0.000633,0.000744,0.00078,3.559058,3.5591,3.558278,4.20000000000975e-05,3.4478,0.125421206665039
"2026-05-23T05:20:17.613Z","run_bootstrap",2,"http://client3:8000","run","http://client3:8000/run",1,TRUE,200,1108,251,3.77195143699646,"2026-05-23T05:20:13.837173Z","2026-05-23T05:20:17.609124Z",1779513613.83717,1779513617.60912,0.000777,0.000874,0.000897,3.758947,3.758978,3.75805,3.09999999998922e-05,3.6477,0.12425143699646
"2026-05-23T05:20:21.423Z","run_bootstrap",3,"http://client1:8000","run","http://client1:8000/run",1,TRUE,200,1110,264,3.5199453830719,"2026-05-23T05:20:17.628565Z","2026-05-23T05:20:21.148510Z",1779513617.62857,1779513621.14851,0.000687,0.000791,0.000831,3.50641,3.506454,3.505579,4.40000000003771e-05,3.4995,0.0204453830718996
"2026-05-23T05:20:21.423Z","run_bootstrap",3,"http://client2:8000","run","http://client2:8000/run",1,TRUE,200,1110,264,3.50387668609619,"2026-05-23T05:20:17.629965Z","2026-05-23T05:20:21.133842Z",1779513617.62997,1779513621.13384,0.000746,0.000839,0.000881,3.48249,3.482538,3.481609,4.8000000000048e-05,3.4716,0.0322766860961914
"2026-05-23T05:20:21.423Z","run_bootstrap",3,"http://client3:8000","run","http://client3:8000/run",1,TRUE,200,1110,264,3.78882050514221,"2026-05-23T05:20:17.630305Z","2026-05-23T05:20:21.419126Z",1779513617.63031,1779513621.41913,0.000704,0.000823,0.000866,3.768425,3.76865,3.767559,0.00022499999999992,3.7617,0.0271205051422121
"2026-05-23T05:20:25.275Z","run_bootstrap",4,"http://client1:8000","run","http://client1:8000/run",1,TRUE,200,1110,264,3.83223056793213,"2026-05-23T05:20:21.438404Z","2026-05-23T05:20:25.270635Z",1779513621.4384,1779513625.27064,0.000663,0.000749,0.000793,3.817954,3.818083,3.817161,0.000129000000000268,3.8108,0.0214305679321289
"2026-05-23T05:20:25.275Z","run_bootstrap",4,"http://client2:8000","run","http://client2:8000/run",1,TRUE,200,1110,264,3.62378931045532,"2026-05-23T05:20:21.438789Z","2026-05-23T05:20:25.062579Z",1779513621.43879,1779513625.06258,0.000436,0.00049,0.000517,3.608927,3.609052,3.60841,0.000125000000000153,3.6012,0.0225893104553223
"2026-05-23T05:20:25.275Z","run_bootstrap",4,"http://client3:8000","run","http://client3:8000/run",1,TRUE,200,1110,264,3.59097504615784,"2026-05-23T05:20:21.439208Z","2026-05-23T05:20:25.030183Z",1779513621.43921,1779513625.03018,0.000619,0.000697,0.000725,3.577758,3.577883,3.577033,0.000124999999999709,3.5712,0.0197750461578368
"2026-05-23T05:20:28.862Z","run_bootstrap",5,"http://client1:8000","run","http://client1:8000/run",1,TRUE,200,1108,253,3.56997871398926,"2026-05-23T05:20:25.286081Z","2026-05-23T05:20:28.856060Z",1779513625.28608,1779513628.85606,0.00056,0.000674,0.00071,3.546637,3.546667,3.545927,2.99999999997524e-05,3.5395,0.0304787139892579
"2026-05-23T05:20:28.862Z","run_bootstrap",5,"http://client2:8000","run","http://client2:8000/run",1,TRUE,200,1108,253,3.39632773399353,"2026-05-23T05:20:25.286808Z","2026-05-23T05:20:28.683136Z",1779513625.28681,1779513628.68314,0.000549,0.000658,0.000718,3.374155,3.374187,3.373437,3.2000000000032e-05,3.3672,0.0291277339935303
"2026-05-23T05:20:28.862Z","run_bootstrap",5,"http://client3:8000","run","http://client3:8000/run",1,TRUE,200,1108,255,3.55810809135437,"2026-05-23T05:20:25.287392Z","2026-05-23T05:20:28.845500Z",1779513625.28739,1779513628.8455,0.000561,0.000643,0.000664,3.534039,3.534067,3.533375,2.7999999999917e-05,3.5273,0.0308080913543702
"2026-05-23T05:20:32.580Z","run_bootstrap",6,"http://client1:8000","run","http://client1:8000/run",1,TRUE,200,1108,253,3.39822840690613,"2026-05-23T05:20:28.877309Z","2026-05-23T05:20:32.275537Z",1779513628.87731,1779513632.27554,0.000623,0.000693,0.000713,3.382237,3.382277,3.381524,4.0000000000262e-05,3.3753,0.0229284069061277
"2026-05-23T05:20:32.580Z","run_bootstrap",6,"http://client2:8000","run","http://client2:8000/run",1,TRUE,200,1108,253,3.43300485610962,"2026-05-23T05:20:28.877788Z","2026-05-23T05:20:32.310792Z",1779513628.87779,1779513632.31079,0.000677,0.000761,0.000798,3.416587,3.416656,3.415789,6.90000000003188e-05,3.4096,0.023404856109619
"2026-05-23T05:20:32.580Z","run_bootstrap",6,"http://client3:8000","run","http://client3:8000/run",1,TRUE,200,1108,255,3.69852328300476,"2026-05-23T05:20:28.877033Z","2026-05-23T05:20:32.575556Z",1779513628.87703,1779513632.57556,0.000645,0.000735,0.000757,3.684434,3.684465,3.683677,3.09999999998922e-05,3.6768,0.0217232830047607
"2026-05-23T05:20:36.296Z","run_bootstrap",7,"http://client1:8000","run","http://client1:8000/run",1,TRUE,200,1109,253,3.64506816864014,"2026-05-23T05:20:32.592426Z","2026-05-23T05:20:36.237494Z",1779513632.59243,1779513636.23749,0.000634,0.000736,0.00077,3.628721,3.628764,3.627951,4.29999999997932e-05,3.6216,0.0234681686401368
"2026-05-23T05:20:36.296Z","run_bootstrap",7,"http://client2:8000","run","http://client2:8000/run",1,TRUE,200,1109,252,3.39115023612976,"2026-05-23T05:20:32.593024Z","2026-05-23T05:20:35.984174Z",1779513632.59302,1779513635.98417,0.000505,0.000583,0.000614,3.371502,3.37155,3.370888,4.8000000000048e-05,3.3631,0.0280502361297605
"2026-05-23T05:20:36.296Z","run_bootstrap",7,"http://client3:8000","run","http://client3:8000/run",1,TRUE,200,1109,255,3.69825029373169,"2026-05-23T05:20:32.593568Z","2026-05-23T05:20:36.291819Z",1779513632.59357,1779513636.29182,0.000738,0.000804,0.000826,3.68382,3.683926,3.682994,0.000106000000000162,3.6772,0.0210502937316894
"2026-05-23T05:20:39.986Z","run_bootstrap",8,"http://client1:8000","run","http://client1:8000/run",1,TRUE,200,1109,253,3.61474967002869,"2026-05-23T05:20:36.308124Z","2026-05-23T05:20:39.922874Z",1779513636.30812,1779513639.92287,0.000564,0.000617,0.000637,3.595164,3.595199,3.594527,3.50000000000072e-05,3.5881,0.0266496700286867
"2026-05-23T05:20:39.986Z","run_bootstrap",8,"http://client2:8000","run","http://client2:8000/run",1,TRUE,200,1109,251,3.67461395263672,"2026-05-23T05:20:36.307733Z","2026-05-23T05:20:39.982347Z",1779513636.30773,1779513639.98235,0.000721,0.00081,0.000833,3.661842,3.661876,3.661009,3.39999999998675e-05,3.654,0.0206139526367188
"2026-05-23T05:20:39.986Z","run_bootstrap",8,"http://client3:8000","run","http://client3:8000/run",1,TRUE,200,1109,255,3.58137798309326,"2026-05-23T05:20:36.309422Z","2026-05-23T05:20:39.890800Z",1779513636.30942,1779513639.8908,0.00047,0.000544,0.000565,3.565508,3.565556,3.564943,4.8000000000048e-05,3.5589,0.0224779830932618
"2026-05-23T05:20:43.965Z","run_bootstrap",9,"http://client1:8000","run","http://client1:8000/run",1,TRUE,200,1110,254,3.80777025222778,"2026-05-23T05:20:39.997070Z","2026-05-23T05:20:43.804840Z",1779513639.99707,1779513643.80484,0.000647,0.000758,0.000794,3.794346,3.794387,3.793552,4.09999999999577e-05,3.7859,0.0218702522277834
"2026-05-23T05:20:43.965Z","run_bootstrap",9,"http://client2:8000","run","http://client2:8000/run",1,TRUE,200,1110,253,3.58738708496094,"2026-05-23T05:20:39.999120Z","2026-05-23T05:20:43.586507Z",1779513639.99912,1779513643.58651,0.000687,0.000786,0.000811,3.569681,3.56973,3.56887,4.89999999997437e-05,3.5625,0.0248870849609375
"2026-05-23T05:20:43.965Z","run_bootstrap",9,"http://client3:8000","run","http://client3:8000/run",1,TRUE,200,1110,251,3.962073802948,"2026-05-23T05:20:39.999469Z","2026-05-23T05:20:43.961542Z",1779513639.99947,1779513643.96154,0.000762,0.001037,0.001061,3.945436,3.945477,3.944375,4.09999999999577e-05,3.9377,0.0243738029479981
"2026-05-23T05:20:48.037Z","run_bootstrap",10,"http://client1:8000","run","http://client1:8000/run",1,TRUE,200,1110,254,3.76619052886963,"2026-05-23T05:20:43.977910Z","2026-05-23T05:20:47.744100Z",1779513643.97791,1779513647.7441,0.000581,0.000661,0.000693,3.745305,3.74535,3.744612,4.50000000000728e-05,3.7381,0.0280905288696287
"2026-05-23T05:20:48.037Z","run_bootstrap",10,"http://client2:8000","run","http://client2:8000/run",1,TRUE,200,1110,253,3.76077342033386,"2026-05-23T05:20:43.978594Z","2026-05-23T05:20:47.739367Z",1779513643.97859,1779513647.73937,0.000459,0.00056,0.000606,3.743749,3.743798,3.743143,4.89999999997437e-05,3.7374,0.0233734203338622
"2026-05-23T05:20:48.037Z","run_bootstrap",10,"http://client3:8000","run","http://client3:8000/run",1,TRUE,200,1110,251,4.05367279052734,"2026-05-23T05:20:43.979075Z","2026-05-23T05:20:48.032748Z",1779513643.97908,1779513648.03275,0.00072,0.000829,0.000866,4.038278,4.038326,4.037412,4.79999999996039e-05,4.0214,0.0322727905273439
"2026-05-23T05:20:52.085Z","run_bootstrap",11,"http://client1:8000","run","http://client1:8000/run",1,TRUE,200,1110,255,3.87155365943909,"2026-05-23T05:20:48.053439Z","2026-05-23T05:20:51.924992Z",1779513648.05344,1779513651.92499,0.000664,0.000726,0.000744,3.858311,3.858342,3.857567,3.09999999998922e-05,3.8511,0.0204536594390867
"2026-05-23T05:20:52.085Z","run_bootstrap",11,"http://client2:8000","run","http://client2:8000/run",1,TRUE,200,1110,251,4.02479314804077,"2026-05-23T05:20:48.053458Z","2026-05-23T05:20:52.078252Z",1779513648.05346,1779513652.07825,0.000673,0.000753,0.000784,4.010935,4.010976,4.010151,4.10000000004018e-05,4.0029,0.0218931480407711
"2026-05-23T05:20:52.085Z","run_bootstrap",11,"http://client3:8000","run","http://client3:8000/run",1,TRUE,200,1110,253,3.74922108650208,"2026-05-23T05:20:48.053470Z","2026-05-23T05:20:51.802691Z",1779513648.05347,1779513651.80269,0.00037,0.000476,0.000498,3.735912,3.735958,3.735414,4.60000000002125e-05,3.7293,0.0199210865020754
"2026-05-23T05:20:55.992Z","run_bootstrap",12,"http://client1:8000","run","http://client1:8000/run",1,TRUE,200,1110,255,3.84644055366516,"2026-05-23T05:20:52.101378Z","2026-05-23T05:20:55.947819Z",1779513652.10138,1779513655.94782,0.00065,0.000742,0.00078,3.832629,3.83267,3.831849,4.09999999999577e-05,3.8247,0.0217405536651611
"2026-05-23T05:20:55.992Z","run_bootstrap",12,"http://client2:8000","run","http://client2:8000/run",1,TRUE,200,1110,251,3.73048186302185,"2026-05-23T05:20:52.101913Z","2026-05-23T05:20:55.832395Z",1779513652.10191,1779513655.8324,0.000714,0.000825,0.000873,3.717134,3.717178,3.716261,4.3999999999933e-05,3.7104,0.0200818630218507
"2026-05-23T05:20:55.992Z","run_bootstrap",12,"http://client3:8000","run","http://client3:8000/run",1,TRUE,200,1110,253,3.88470268249512,"2026-05-23T05:20:52.103384Z","2026-05-23T05:20:55.988087Z",1779513652.10338,1779513655.98809,0.000755,0.000821,0.000842,3.866761,3.866796,3.865919,3.50000000000072e-05,3.8587,0.0260026824951174
"2026-05-23T05:20:59.754Z","run_bootstrap",13,"http://client1:8000","run","http://client1:8000/run",1,TRUE,200,1110,255,3.55184960365295,"2026-05-23T05:20:56.003334Z","2026-05-23T05:20:59.555183Z",1779513656.00333,1779513659.55518,0.00062,0.000727,0.000768,3.537884,3.537925,3.537116,4.09999999999577e-05,3.5305,0.0213496036529541
"2026-05-23T05:20:59.754Z","run_bootstrap",13,"http://client2:8000","run","http://client2:8000/run",1,TRUE,200,1110,251,3.48716306686401,"2026-05-23T05:20:56.005025Z","2026-05-23T05:20:59.492188Z",1779513656.00503,1779513659.49219,0.000561,0.000647,0.000685,3.470798,3.470844,3.470113,4.60000000002125e-05,3.4631,0.0240630668640138
"2026-05-23T05:20:59.754Z","run_bootstrap",13,"http://client3:8000","run","http://client3:8000/run",1,TRUE,200,1110,253,3.74433040618896,"2026-05-23T05:20:56.005447Z","2026-05-23T05:20:59.749778Z",1779513656.00545,1779513659.74978,0.000707,0.000821,0.000864,3.729979,3.730025,3.729115,4.59999999997684e-05,3.7231,0.0212304061889648
"2026-05-23T05:21:03.334Z","run_bootstrap",14,"http://client1:8000","run","http://client1:8000/run",1,TRUE,200,1110,255,3.56057786941528,"2026-05-23T05:20:59.766447Z","2026-05-23T05:21:03.327025Z",1779513659.76645,1779513663.32703,0.00059,0.000707,0.000749,3.544161,3.544203,3.543412,4.20000000000975e-05,3.5369,0.023677869415283
"2026-05-23T05:21:03.334Z","run_bootstrap",14,"http://client2:8000","run","http://client2:8000/run",1,TRUE,200,1110,251,3.3467161655426,"2026-05-23T05:20:59.767275Z","2026-05-23T05:21:03.113991Z",1779513659.76728,1779513663.11399,0.000636,0.000717,0.000756,3.330411,3.330454,3.329655,4.30000000002373e-05,3.3229,0.0238161655426024
"2026-05-23T05:21:03.334Z","run_bootstrap",14,"http://client3:8000","run","http://client3:8000/run",1,TRUE,200,1110,253,3.23352956771851,"2026-05-23T05:20:59.767880Z","2026-05-23T05:21:03.001410Z",1779513659.76788,1779513663.00141,0.000592,0.000686,0.000725,3.218421,3.218466,3.217696,4.49999999996287e-05,3.2083,0.0252295677185059
"2026-05-23T05:21:06.851Z","run_bootstrap",15,"http://client1:8000","run","http://client1:8000/run",1,TRUE,200,1110,254,3.49656891822815,"2026-05-23T05:21:03.350445Z","2026-05-23T05:21:06.847014Z",1779513663.35045,1779513666.84701,0.000465,0.000541,0.000573,3.476866,3.476899,3.476293,3.30000000001718e-05,3.4695,0.0270689182281494
"2026-05-23T05:21:06.851Z","run_bootstrap",15,"http://client2:8000","run","http://client2:8000/run",1,TRUE,200,1110,253,3.2421875,"2026-05-23T05:21:03.350124Z","2026-05-23T05:21:06.592311Z",1779513663.35012,1779513666.59231,0.000619,0.000722,0.000756,3.229083,3.229126,3.228327,4.29999999997932e-05,3.2215,0.0206875000000002
"2026-05-23T05:21:06.851Z","run_bootstrap",15,"http://client3:8000","run","http://client3:8000/run",1,TRUE,200,1110,253,3.42765641212463,"2026-05-23T05:21:03.351781Z","2026-05-23T05:21:06.779437Z",1779513663.35178,1779513666.77944,0.000476,0.000557,0.000588,3.411757,3.411798,3.411169,4.09999999999577e-05,3.4043,0.0233564121246337
"2026-05-23T05:21:10.532Z","run_bootstrap",16,"http://client1:8000","run","http://client1:8000/run",1,TRUE,200,1110,254,3.665447473526,"2026-05-23T05:21:06.862856Z","2026-05-23T05:21:10.528304Z",1779513666.86286,1779513670.5283,0.000677,0.000756,0.000778,3.645612,3.645636,3.644834,2.4000000000246e-05,3.6382,0.0272474735260011
"2026-05-23T05:21:10.532Z","run_bootstrap",16,"http://client2:8000","run","http://client2:8000/run",1,TRUE,200,1110,253,3.35980725288391,"2026-05-23T05:21:06.863500Z","2026-05-23T05:21:10.223307Z",1779513666.8635,1779513670.22331,0.000536,0.000618,0.000653,3.338453,3.338484,3.3378,3.09999999998922e-05,3.3303,0.0295072528839113
"2026-05-23T05:21:10.532Z","run_bootstrap",16,"http://client3:8000","run","http://client3:8000/run",1,TRUE,200,1110,253,3.46295070648193,"2026-05-23T05:21:06.864006Z","2026-05-23T05:21:10.326957Z",1779513666.86401,1779513670.32696,0.000505,0.000583,0.000616,3.442873,3.442912,3.442257,3.90000000001223e-05,3.4362,0.0267507064819337
"2026-05-23T05:21:14.032Z","run_bootstrap",17,"http://client1:8000","run","http://client1:8000/run",1,TRUE,200,1110,255,3.47987627983093,"2026-05-23T05:21:10.547735Z","2026-05-23T05:21:14.027611Z",1779513670.54774,1779513674.02761,0.000658,0.000771,0.000806,3.459022,3.459066,3.458216,4.3999999999933e-05,3.4505,0.0293762798309327
"2026-05-23T05:21:14.032Z","run_bootstrap",17,"http://client2:8000","run","http://client2:8000/run",1,TRUE,200,1110,254,3.47282457351685,"2026-05-23T05:21:10.548290Z","2026-05-23T05:21:14.021115Z",1779513670.54829,1779513674.02112,0.000574,0.00069,0.000726,3.45035,3.450393,3.449624,4.30000000002373e-05,3.4415,0.0313245735168457
"2026-05-23T05:21:14.032Z","run_bootstrap",17,"http://client3:8000","run","http://client3:8000/run",1,TRUE,200,1110,255,3.37926483154297,"2026-05-23T05:21:10.548750Z","2026-05-23T05:21:13.928015Z",1779513670.54875,1779513673.92802,0.000637,0.000746,0.000781,3.364224,3.364264,3.363443,3.9999999999818e-05,3.3541,0.0251648315429689
"2026-05-23T05:21:17.704Z","run_bootstrap",18,"http://client1:8000","run","http://client1:8000/run",1,TRUE,200,1110,255,3.65561366081238,"2026-05-23T05:21:14.044231Z","2026-05-23T05:21:17.699845Z",1779513674.04423,1779513677.69985,0.000618,0.000779,0.000824,3.642609,3.642656,3.641785,4.69999999999082e-05,3.6261,0.0295136608123778
"2026-05-23T05:21:17.704Z","run_bootstrap",18,"http://client2:8000","run","http://client2:8000/run",1,TRUE,200,1110,254,3.42839002609253,"2026-05-23T05:21:14.045309Z","2026-05-23T05:21:17.473699Z",1779513674.04531,1779513677.4737,0.000492,0.000644,0.000688,3.411695,3.411739,3.411007,4.3999999999933e-05,3.4049,0.0234900260925293
"2026-05-23T05:21:17.704Z","run_bootstrap",18,"http://client3:8000","run","http://client3:8000/run",1,TRUE,200,1110,255,3.47694396972656,"2026-05-23T05:21:14.045995Z","2026-05-23T05:21:17.522939Z",1779513674.046,1779513677.52294,0.000474,0.000597,0.000641,3.460149,3.460192,3.459508,4.30000000002373e-05,3.4521,0.0248439697265623
"2026-05-23T05:21:21.205Z","run_bootstrap",19,"http://client1:8000","run","http://client1:8000/run",1,TRUE,200,1108,255,3.48639583587646,"2026-05-23T05:21:17.715027Z","2026-05-23T05:21:21.201422Z",1779513677.71503,1779513681.20142,0.000636,0.000725,0.000759,3.473467,3.473501,3.472708,3.40000000003116e-05,3.4634,0.0229958358764648
"2026-05-23T05:21:21.205Z","run_bootstrap",19,"http://client2:8000","run","http://client2:8000/run",1,TRUE,200,1108,250,3.46833348274231,"2026-05-23T05:21:17.716878Z","2026-05-23T05:21:21.185212Z",1779513677.71688,1779513681.18521,0.000597,0.000677,0.00071,3.447592,3.447633,3.446882,4.09999999999577e-05,3.4401,0.0282334827423094
"2026-05-23T05:21:21.205Z","run_bootstrap",19,"http://client3:8000","run","http://client3:8000/run",1,TRUE,200,1108,253,3.43245029449463,"2026-05-23T05:21:17.717142Z","2026-05-23T05:21:21.149593Z",1779513677.71714,1779513681.14959,0.000594,0.000677,0.000708,3.41556,3.415607,3.414852,4.69999999999082e-05,3.4089,0.0235502944946289
"2026-05-23T05:21:25.063Z","run_bootstrap",20,"http://client1:8000","run","http://client1:8000/run",1,TRUE,200,1108,255,3.64672613143921,"2026-05-23T05:21:21.216130Z","2026-05-23T05:21:24.862856Z",1779513681.21613,1779513684.86286,0.000495,0.000572,0.000595,3.634201,3.634235,3.633606,3.39999999998675e-05,3.4813,0.165426131439209
"2026-05-23T05:21:25.063Z","run_bootstrap",20,"http://client2:8000","run","http://client2:8000/run",1,TRUE,200,1108,250,3.84233522415161,"2026-05-23T05:21:21.216538Z","2026-05-23T05:21:25.058873Z",1779513681.21654,1779513685.05887,0.000601,0.000685,0.000719,3.829947,3.829994,3.829228,4.69999999999082e-05,3.6775,0.164835224151611
"2026-05-23T05:21:25.063Z","run_bootstrap",20,"http://client3:8000","run","http://client3:8000/run",1,TRUE,200,1108,253,3.59195733070374,"2026-05-23T05:21:21.218203Z","2026-05-23T05:21:24.810160Z",1779513681.2182,1779513684.81016,0.000499,0.000573,0.000603,3.580106,3.580142,3.579503,3.6000000000147e-05,3.4249,0.167057330703735
"2026-05-23T05:21:28.757Z","run_bootstrap",21,"http://client1:8000","run","http://client1:8000/run",1,TRUE,200,1110,256,3.51397371292114,"2026-05-23T05:21:25.073747Z","2026-05-23T05:21:28.587721Z",1779513685.07375,1779513688.58772,0.000647,0.00076,0.000804,3.500556,3.500597,3.499752,4.09999999999577e-05,3.4938,0.0201737129211428
"2026-05-23T05:21:28.757Z","run_bootstrap",21,"http://client2:8000","run","http://client2:8000/run",1,TRUE,200,1110,254,3.44914126396179,"2026-05-23T05:21:25.075218Z","2026-05-23T05:21:28.524360Z",1779513685.07522,1779513688.52436,0.000547,0.000636,0.000677,3.435762,3.435803,3.435085,4.09999999999577e-05,3.4293,0.019841263961792
"2026-05-23T05:21:28.757Z","run_bootstrap",21,"http://client3:8000","run","http://client3:8000/run",1,TRUE,200,1110,253,3.67040348052979,"2026-05-23T05:21:25.075862Z","2026-05-23T05:21:28.746265Z",1779513685.07586,1779513688.74627,0.000564,0.000645,0.000683,3.656154,3.656198,3.655471,4.3999999999933e-05,3.6499,0.020503480529785
"2026-05-23T05:21:32.364Z","run_bootstrap",22,"http://client1:8000","run","http://client1:8000/run",1,TRUE,200,1110,256,3.57908225059509,"2026-05-23T05:21:28.780866Z","2026-05-23T05:21:32.359948Z",1779513688.78087,1779513692.35995,0.000537,0.000614,0.000636,3.55757,3.557617,3.556934,4.69999999999082e-05,3.5504,0.028682250595093
"2026-05-23T05:21:32.364Z","run_bootstrap",22,"http://client2:8000","run","http://client2:8000/run",1,TRUE,200,1110,254,3.43773150444031,"2026-05-23T05:21:28.781337Z","2026-05-23T05:21:32.219069Z",1779513688.78134,1779513692.21907,0.000528,0.000605,0.000627,3.416673,3.416721,3.416046,4.8000000000048e-05,3.4087,0.0290315044403076
"2026-05-23T05:21:32.364Z","run_bootstrap",22,"http://client3:8000","run","http://client3:8000/run",1,TRUE,200,1110,253,3.53172755241394,"2026-05-23T05:21:28.781872Z","2026-05-23T05:21:32.313599Z",1779513688.78187,1779513692.3136,0.000574,0.000646,0.000676,3.511674,3.511716,3.510998,4.19999999996534e-05,3.5047,0.0270275524139403
"2026-05-23T05:21:36.099Z","run_bootstrap",23,"http://client1:8000","run","http://client1:8000/run",1,TRUE,200,1107,253,3.45738387107849,"2026-05-23T05:21:32.377153Z","2026-05-23T05:21:35.834537Z",1779513692.37715,1779513695.83454,0.000487,0.000561,0.000599,3.440493,3.440538,3.439894,4.50000000000728e-05,3.4337,0.0236838710784912
"2026-05-23T05:21:36.099Z","run_bootstrap",23,"http://client2:8000","run","http://client2:8000/run",1,TRUE,200,1107,251,3.71388268470764,"2026-05-23T05:21:32.377881Z","2026-05-23T05:21:36.091764Z",1779513692.37788,1779513696.09176,0.000644,0.000753,0.000794,3.698615,3.698657,3.697821,4.19999999996534e-05,3.6915,0.0223826847076416
"2026-05-23T05:21:36.099Z","run_bootstrap",23,"http://client3:8000","run","http://client3:8000/run",1,TRUE,200,1107,254,3.54718995094299,"2026-05-23T05:21:32.378638Z","2026-05-23T05:21:35.925828Z",1779513692.37864,1779513695.92583,0.000506,0.000595,0.000633,3.53223,3.532276,3.531597,4.59999999997684e-05,3.5243,0.022889950942993
"2026-05-23T05:21:39.675Z","run_bootstrap",24,"http://client1:8000","run","http://client1:8000/run",1,TRUE,200,1107,253,3.55882430076599,"2026-05-23T05:21:36.110785Z","2026-05-23T05:21:39.669609Z",1779513696.11079,1779513699.66961,0.00043,0.000521,0.000559,3.544635,3.544677,3.544076,4.20000000000975e-05,3.5375,0.0213243007659911
"2026-05-23T05:21:39.675Z","run_bootstrap",24,"http://client2:8000","run","http://client2:8000/run",1,TRUE,200,1107,251,3.42729043960571,"2026-05-23T05:21:36.111051Z","2026-05-23T05:21:39.538342Z",1779513696.11105,1779513699.53834,0.000492,0.000579,0.000613,3.407932,3.407973,3.407319,4.09999999999577e-05,3.4012,0.0260904396057131
"2026-05-23T05:21:39.675Z","run_bootstrap",24,"http://client3:8000","run","http://client3:8000/run",1,TRUE,200,1107,254,3.53752422332764,"2026-05-23T05:21:36.110367Z","2026-05-23T05:21:39.647891Z",1779513696.11037,1779513699.64789,0.000708,0.000819,0.000855,3.523912,3.523956,3.523057,4.3999999999933e-05,3.5159,0.0216242233276369
"2026-05-23T05:21:43.417Z","run_bootstrap",25,"http://client1:8000","run","http://client1:8000/run",1,TRUE,200,1108,254,3.3030378818512,"2026-05-23T05:21:39.686190Z","2026-05-23T05:21:42.989228Z",1779513699.68619,1779513702.98923,0.000516,0.000629,0.000665,3.285443,3.285484,3.284778,4.09999999999577e-05,3.277,0.0260378818511962
"2026-05-23T05:21:43.417Z","run_bootstrap",25,"http://client2:8000","run","http://client2:8000/run",1,TRUE,200,1108,251,3.56314396858215,"2026-05-23T05:21:39.685563Z","2026-05-23T05:21:43.248707Z",1779513699.68556,1779513703.24871,0.000638,0.00074,0.000775,3.55007,3.550113,3.549295,4.30000000002373e-05,3.543,0.0201439685821532
"2026-05-23T05:21:43.417Z","run_bootstrap",25,"http://client3:8000","run","http://client3:8000/run",1,TRUE,200,1108,254,3.72584676742554,"2026-05-23T05:21:39.687013Z","2026-05-23T05:21:43.412860Z",1779513699.68701,1779513703.41286,0.000731,0.000839,0.000875,3.713574,3.713617,3.712699,4.30000000002373e-05,3.7065,0.019346767425537
"2026-05-23T05:21:47.131Z","run_bootstrap",26,"http://client1:8000","run","http://client1:8000/run",1,TRUE,200,1108,255,3.48142623901367,"2026-05-23T05:21:43.428413Z","2026-05-23T05:21:46.909840Z",1779513703.42841,1779513706.90984,0.000705,0.000839,0.000876,3.468157,3.4682,3.467281,4.29999999997932e-05,3.4584,0.0230262390136717
"2026-05-23T05:21:47.131Z","run_bootstrap",26,"http://client2:8000","run","http://client2:8000/run",1,TRUE,200,1108,252,3.69413876533508,"2026-05-23T05:21:43.430089Z","2026-05-23T05:21:47.124228Z",1779513703.43009,1779513707.12423,0.000516,0.000631,0.000671,3.673299,3.67335,3.672628,5.10000000000232e-05,3.6526,0.0415387653350829
"2026-05-23T05:21:47.131Z","run_bootstrap",26,"http://client3:8000","run","http://client3:8000/run",1,TRUE,200,1108,254,3.54374504089355,"2026-05-23T05:21:43.430427Z","2026-05-23T05:21:46.974172Z",1779513703.43043,1779513706.97417,0.000656,0.000749,0.000783,3.523311,3.523353,3.522528,4.20000000000975e-05,3.5149,0.0288450408935548
"2026-05-23T05:21:50.735Z","run_bootstrap",27,"http://client1:8000","run","http://client1:8000/run",1,TRUE,200,1110,256,3.49911642074585,"2026-05-23T05:21:47.143529Z","2026-05-23T05:21:50.642646Z",1779513707.14353,1779513710.64265,0.000528,0.000614,0.000649,3.476627,3.476668,3.475978,4.09999999999577e-05,3.4693,0.0298164207458496
"2026-05-23T05:21:50.735Z","run_bootstrap",27,"http://client2:8000","run","http://client2:8000/run",1,TRUE,200,1110,253,3.4493510723114,"2026-05-23T05:21:47.144100Z","2026-05-23T05:21:50.593451Z",1779513707.1441,1779513710.59345,0.000571,0.00069,0.000728,3.430073,3.430105,3.429345,3.2000000000032e-05,3.4224,0.0269510723114013
"2026-05-23T05:21:50.735Z","run_bootstrap",27,"http://client3:8000","run","http://client3:8000/run",1,TRUE,200,1110,253,3.5870988368988,"2026-05-23T05:21:47.143372Z","2026-05-23T05:21:50.730471Z",1779513707.14337,1779513710.73047,0.000622,0.000735,0.000771,3.568354,3.568393,3.567583,3.90000000001223e-05,3.561,0.0260988368988038
"2026-05-23T05:21:54.475Z","run_bootstrap",28,"http://client1:8000","run","http://client1:8000/run",1,TRUE,200,1110,256,3.55961942672729,"2026-05-23T05:21:50.751394Z","2026-05-23T05:21:54.311013Z",1779513710.75139,1779513714.31101,0.000662,0.000768,0.000808,3.542416,3.54245,3.541608,3.40000000003116e-05,3.5336,0.0260194267272951
"2026-05-23T05:21:54.475Z","run_bootstrap",28,"http://client2:8000","run","http://client2:8000/run",1,TRUE,200,1110,253,3.34302663803101,"2026-05-23T05:21:50.751986Z","2026-05-23T05:21:54.095012Z",1779513710.75199,1779513714.09501,0.000577,0.000691,0.000732,3.326846,3.326893,3.326114,4.69999999999082e-05,3.3195,0.0235266380310057
"2026-05-23T05:21:54.475Z","run_bootstrap",28,"http://client3:8000","run","http://client3:8000/run",1,TRUE,200,1110,254,3.71588397026062,"2026-05-23T05:21:50.752509Z","2026-05-23T05:21:54.468393Z",1779513710.75251,1779513714.46839,0.000586,0.000725,0.000766,3.695279,3.695325,3.694513,4.59999999997684e-05,3.6884,0.02748397026062
"2026-05-23T05:21:58.155Z","run_bootstrap",29,"http://client1:8000","run","http://client1:8000/run",1,TRUE,200,1106,255,3.46502995491028,"2026-05-23T05:21:54.486814Z","2026-05-23T05:21:57.951844Z",1779513714.48681,1779513717.95184,0.000687,0.000822,0.00086,3.450392,3.450438,3.449532,4.60000000002125e-05,3.4424,0.0226299549102782
"2026-05-23T05:21:58.155Z","run_bootstrap",29,"http://client2:8000","run","http://client2:8000/run",1,TRUE,200,1106,252,3.66247820854187,"2026-05-23T05:21:54.487260Z","2026-05-23T05:21:58.149738Z",1779513714.48726,1779513718.14974,0.000335,0.000426,0.00046,3.641665,3.641713,3.641205,4.8000000000048e-05,3.6293,0.0331782085418699
"2026-05-23T05:21:58.155Z","run_bootstrap",29,"http://client3:8000","run","http://client3:8000/run",1,TRUE,200,1106,252,3.66215062141418,"2026-05-23T05:21:54.487587Z","2026-05-23T05:21:58.149738Z",1779513714.48759,1779513718.14974,0.000595,0.000683,0.000715,3.642532,3.642583,3.641817,5.10000000000232e-05,3.634,0.0281506214141847
"2026-05-23T05:22:01.745Z","run_bootstrap",30,"http://client1:8000","run","http://client1:8000/run",1,TRUE,200,1106,255,3.50495934486389,"2026-05-23T05:21:58.166700Z","2026-05-23T05:22:01.671660Z",1779513718.1667,1779513721.67166,0.00053,0.000609,0.000654,3.486591,3.48663,3.485937,3.89999999996782e-05,3.4797,0.0252593448638918
"2026-05-23T05:22:01.745Z","run_bootstrap",30,"http://client2:8000","run","http://client2:8000/run",1,TRUE,200,1106,251,3.5752284526825,"2026-05-23T05:21:58.165980Z","2026-05-23T05:22:01.741208Z",1779513718.16598,1779513721.74121,0.00059,0.000805,0.000858,3.561885,3.561924,3.561027,3.89999999996782e-05,3.555,0.020228452682495
"2026-05-23T05:22:01.745Z","run_bootstrap",30,"http://client3:8000","run","http://client3:8000/run",1,TRUE,200,1106,253,3.54381084442139,"2026-05-23T05:21:58.167626Z","2026-05-23T05:22:01.711437Z",1779513718.16763,1779513721.71144,0.000528,0.00061,0.000646,3.527439,3.527482,3.526793,4.29999999997932e-05,3.5206,0.0232108444213868
"2026-05-23T05:22:05.518Z","run_bootstrap",31,"http://client1:8000","run","http://client1:8000/run",1,TRUE,200,1110,256,3.75712323188782,"2026-05-23T05:22:01.756515Z","2026-05-23T05:22:05.513638Z",1779513721.75652,1779513725.51364,0.000474,0.000583,0.000627,3.740393,3.740434,3.739766,4.09999999999577e-05,3.7329,0.0242232318878175
"2026-05-23T05:22:05.518Z","run_bootstrap",31,"http://client2:8000","run","http://client2:8000/run",1,TRUE,200,1110,252,3.57564949989319,"2026-05-23T05:22:01.756209Z","2026-05-23T05:22:05.331859Z",1779513721.75621,1779513725.33186,0.000589,0.000693,0.000735,3.562218,3.562259,3.561483,4.09999999999577e-05,3.5538,0.0218494998931886
"2026-05-23T05:22:05.518Z","run_bootstrap",31,"http://client3:8000","run","http://client3:8000/run",1,TRUE,200,1110,252,3.51272654533386,"2026-05-23T05:22:01.757615Z","2026-05-23T05:22:05.270341Z",1779513721.75762,1779513725.27034,0.000541,0.000628,0.000667,3.49714,3.497182,3.496473,4.20000000000975e-05,3.49,0.0227265453338621
"2026-05-23T05:22:09.298Z","run_bootstrap",32,"http://client1:8000","run","http://client1:8000/run",1,TRUE,200,1110,256,3.59485077857971,"2026-05-23T05:22:05.529744Z","2026-05-23T05:22:09.124594Z",1779513725.52974,1779513729.12459,0.00076,0.000885,0.000909,3.573858,3.573912,3.572949,5.39999999999985e-05,3.5664,0.0284507785797121
"2026-05-23T05:22:09.298Z","run_bootstrap",32,"http://client2:8000","run","http://client2:8000/run",1,TRUE,200,1110,252,3.75797462463379,"2026-05-23T05:22:05.530499Z","2026-05-23T05:22:09.288473Z",1779513725.5305,1779513729.28847,0.000813,0.000879,0.000899,3.738085,3.738131,3.737186,4.60000000002125e-05,3.7305,0.0274746246337889
"2026-05-23T05:22:09.298Z","run_bootstrap",32,"http://client3:8000","run","http://client3:8000/run",1,TRUE,200,1110,254,3.49302172660828,"2026-05-23T05:22:05.530969Z","2026-05-23T05:22:09.023990Z",1779513725.53097,1779513729.02399,0.000643,0.000761,0.000805,3.477061,3.477095,3.476256,3.39999999998675e-05,3.4696,0.0234217266082766
"2026-05-23T05:22:13.137Z","run_bootstrap",33,"http://client1:8000","run","http://client1:8000/run",1,TRUE,200,1110,256,3.81917476654053,"2026-05-23T05:22:09.313033Z","2026-05-23T05:22:13.132207Z",1779513729.31303,1779513733.13221,0.000607,0.000714,0.000756,3.799903,3.800039,3.799147,0.000135999999999914,3.7926,0.0265747665405272
"2026-05-23T05:22:13.137Z","run_bootstrap",33,"http://client2:8000","run","http://client2:8000/run",1,TRUE,200,1110,250,3.77605247497559,"2026-05-23T05:22:09.313715Z","2026-05-23T05:22:13.089767Z",1779513729.31372,1779513733.08977,0.000637,0.000706,0.000735,3.757446,3.75758,3.756711,0.000134000000000079,3.748,0.0280524749755857
"2026-05-23T05:22:13.137Z","run_bootstrap",33,"http://client3:8000","run","http://client3:8000/run",1,TRUE,200,1110,254,3.68497347831726,"2026-05-23T05:22:09.314160Z","2026-05-23T05:22:12.999134Z",1779513729.31416,1779513732.99913,0.000641,0.000749,0.00079,3.668994,3.669124,3.668204,0.000129999999999963,3.6617,0.0232734783172606
"2026-05-23T05:22:16.823Z","run_bootstrap",34,"http://client1:8000","run","http://client1:8000/run",1,TRUE,200,1110,256,3.66897630691528,"2026-05-23T05:22:13.150505Z","2026-05-23T05:22:16.819481Z",1779513733.15051,1779513736.81948,0.000668,0.00074,0.000785,3.651419,3.651458,3.650634,3.89999999996782e-05,3.6431,0.0258763069152832
"2026-05-23T05:22:16.823Z","run_bootstrap",34,"http://client2:8000","run","http://client2:8000/run",1,TRUE,200,1110,251,3.64417314529419,"2026-05-23T05:22:13.150627Z","2026-05-23T05:22:16.794800Z",1779513733.15063,1779513736.7948,0.000547,0.000668,0.000713,3.626727,3.626769,3.626014,4.20000000000975e-05,3.6199,0.0242731452941896
"2026-05-23T05:22:16.823Z","run_bootstrap",34,"http://client3:8000","run","http://client3:8000/run",1,TRUE,200,1110,254,3.60119009017944,"2026-05-23T05:22:13.151504Z","2026-05-23T05:22:16.752695Z",1779513733.1515,1779513736.7527,0.000663,0.000771,0.000813,3.58808,3.588121,3.587267,4.09999999999577e-05,3.5798,0.0213900901794433
"2026-05-23T05:22:20.698Z","run_bootstrap",35,"http://client1:8000","run","http://client1:8000/run",1,TRUE,200,1109,253,3.85716772079468,"2026-05-23T05:22:16.833692Z","2026-05-23T05:22:20.690860Z",1779513736.83369,1779513740.69086,0.000652,0.000775,0.000811,3.843027,3.843069,3.842216,4.19999999996534e-05,3.8345,0.0226677207946779
"2026-05-23T05:22:20.698Z","run_bootstrap",35,"http://client2:8000","run","http://client2:8000/run",1,TRUE,200,1109,253,3.7192862033844,"2026-05-23T05:22:16.835692Z","2026-05-23T05:22:20.554978Z",1779513736.83569,1779513740.55498,0.000462,0.000543,0.000575,3.706764,3.706803,3.706189,3.89999999996782e-05,3.7002,0.0190862033843993
"2026-05-23T05:22:20.698Z","run_bootstrap",35,"http://client3:8000","run","http://client3:8000/run",1,TRUE,200,1109,251,3.56939268112183,"2026-05-23T05:22:16.836246Z","2026-05-23T05:22:20.405638Z",1779513736.83625,1779513740.40564,4e-04,0.000473,0.000506,3.554784,3.554825,3.554278,4.09999999999577e-05,3.5481,0.0212926811218264
"2026-05-23T05:22:24.420Z","run_bootstrap",36,"http://client1:8000","run","http://client1:8000/run",1,TRUE,200,1109,253,3.44514608383179,"2026-05-23T05:22:20.716180Z","2026-05-23T05:22:24.161326Z",1779513740.71618,1779513744.16133,0.000696,0.000808,0.000847,3.427852,3.427902,3.427005,4.99999999998835e-05,3.4167,0.028446083831787
"2026-05-23T05:22:24.420Z","run_bootstrap",36,"http://client2:8000","run","http://client2:8000/run",1,TRUE,200,1109,253,3.70041942596436,"2026-05-23T05:22:20.716023Z","2026-05-23T05:22:24.416443Z",1779513740.71602,1779513744.41644,0.000641,0.000745,0.000782,3.687301,3.687355,3.686519,5.39999999999985e-05,3.6803,0.0201194259643556
"2026-05-23T05:22:24.420Z","run_bootstrap",36,"http://client3:8000","run","http://client3:8000/run",1,TRUE,200,1109,251,3.48376870155334,"2026-05-23T05:22:20.717758Z","2026-05-23T05:22:24.201527Z",1779513740.71776,1779513744.20153,0.000504,0.000619,0.000659,3.464594,3.46466,3.463935,6.59999999998995e-05,3.4577,0.0260687015533447
"2026-05-23T05:22:28.314Z","run_bootstrap",37,"http://client1:8000","run","http://client1:8000/run",1,TRUE,200,1110,255,3.64764952659607,"2026-05-23T05:22:24.432935Z","2026-05-23T05:22:28.080585Z",1779513744.43294,1779513748.08059,0.000659,0.000771,0.000806,3.633188,3.633232,3.632382,4.3999999999933e-05,3.6249,0.0227495265960695
"2026-05-23T05:22:28.314Z","run_bootstrap",37,"http://client2:8000","run","http://client2:8000/run",1,TRUE,200,1110,252,3.87648177146912,"2026-05-23T05:22:24.433544Z","2026-05-23T05:22:28.310026Z",1779513744.43354,1779513748.31003,0.000518,0.000609,0.000642,3.857221,3.857257,3.856579,3.6000000000147e-05,3.8498,0.0266817714691161
"2026-05-23T05:22:28.314Z","run_bootstrap",37,"http://client3:8000","run","http://client3:8000/run",1,TRUE,200,1110,254,3.71846222877502,"2026-05-23T05:22:24.433981Z","2026-05-23T05:22:28.152443Z",1779513744.43398,1779513748.15244,0.000545,0.000636,0.000667,3.704527,3.704573,3.70386,4.59999999997684e-05,3.6974,0.0210622287750244
"2026-05-23T05:22:32.150Z","run_bootstrap",38,"http://client1:8000","run","http://client1:8000/run",1,TRUE,200,1110,255,3.59682893753052,"2026-05-23T05:22:28.332611Z","2026-05-23T05:22:31.929440Z",1779513748.33261,1779513751.92944,0.000679,0.000785,0.000827,3.577735,3.57778,3.576908,4.50000000000728e-05,3.5682,0.0286289375305175
"2026-05-23T05:22:32.150Z","run_bootstrap",38,"http://client2:8000","run","http://client2:8000/run",1,TRUE,200,1110,252,3.8097505569458,"2026-05-23T05:22:28.333234Z","2026-05-23T05:22:32.142984Z",1779513748.33323,1779513752.14298,0.000605,0.000697,0.00073,3.783949,3.783998,3.783219,4.90000000001878e-05,3.7766,0.0331505569458006
"2026-05-23T05:22:32.150Z","run_bootstrap",38,"http://client3:8000","run","http://client3:8000/run",1,TRUE,200,1110,253,3.64872121810913,"2026-05-23T05:22:28.332981Z","2026-05-23T05:22:31.981703Z",1779513748.33298,1779513751.9817,0.000702,0.000773,0.000812,3.630072,3.630111,3.62926,3.89999999996782e-05,3.623,0.0257212181091306
"2026-05-23T05:22:35.956Z","run_bootstrap",39,"http://client1:8000","run","http://client1:8000/run",1,TRUE,200,1109,255,3.78335857391357,"2026-05-23T05:22:32.165455Z","2026-05-23T05:22:35.948813Z",1779513752.16546,1779513755.94881,0.000538,0.000651,0.000692,3.762201,3.762242,3.761509,4.09999999999577e-05,3.753,0.0303585739135741
"2026-05-23T05:22:35.956Z","run_bootstrap",39,"http://client2:8000","run","http://client2:8000/run",1,TRUE,200,1109,253,3.60079455375671,"2026-05-23T05:22:32.165021Z","2026-05-23T05:22:35.765815Z",1779513752.16502,1779513755.76582,0.000672,0.000781,0.00082,3.586824,3.586883,3.586004,5.89999999998092e-05,3.5799,0.020894553756714
"2026-05-23T05:22:35.956Z","run_bootstrap",39,"http://client3:8000","run","http://client3:8000/run",1,TRUE,200,1109,252,3.55499863624573,"2026-05-23T05:22:32.166687Z","2026-05-23T05:22:35.721686Z",1779513752.16669,1779513755.72169,0.000674,0.000789,0.000829,3.537511,3.537558,3.536682,4.70000000003523e-05,3.5305,0.0244986362457276
"2026-05-23T05:22:39.816Z","run_bootstrap",40,"http://client1:8000","run","http://client1:8000/run",1,TRUE,200,1109,256,3.73172783851624,"2026-05-23T05:22:35.968023Z","2026-05-23T05:22:39.699751Z",1779513755.96802,1779513759.69975,0.000378,0.000451,0.000473,3.718628,3.718681,3.718155,5.30000000003028e-05,3.5778,0.153927838516235
"2026-05-23T05:22:39.816Z","run_bootstrap",40,"http://client2:8000","run","http://client2:8000/run",1,TRUE,200,1109,253,3.84370040893555,"2026-05-23T05:22:35.968077Z","2026-05-23T05:22:39.811778Z",1779513755.96808,1779513759.81178,0.000564,0.000647,0.000679,3.830592,3.830632,3.829913,3.9999999999818e-05,3.6741,0.169600408935547
"2026-05-23T05:22:39.816Z","run_bootstrap",40,"http://client3:8000","run","http://client3:8000/run",1,TRUE,200,1109,252,3.83546257019043,"2026-05-23T05:22:35.968865Z","2026-05-23T05:22:39.804327Z",1779513755.96887,1779513759.80433,0.000393,0.00045,0.000472,3.823204,3.82325,3.822732,4.59999999997684e-05,3.6696,0.16586257019043
"2026-05-23T05:22:43.464Z","run_bootstrap",41,"http://client1:8000","run","http://client1:8000/run",1,TRUE,200,1110,256,3.47472858428955,"2026-05-23T05:22:39.827412Z","2026-05-23T05:22:43.302141Z",1779513759.82741,1779513763.30214,0.000593,0.000712,0.000775,3.460323,3.460384,3.459548,6.10000000000888e-05,3.4534,0.021328584289551
"2026-05-23T05:22:43.464Z","run_bootstrap",41,"http://client2:8000","run","http://client2:8000/run",1,TRUE,200,1110,252,3.63230776786804,"2026-05-23T05:22:39.827140Z","2026-05-23T05:22:43.459448Z",1779513759.82714,1779513763.45945,0.000635,0.000739,0.000774,3.618525,3.618576,3.617751,5.10000000000232e-05,3.6119,0.0204077678680421
"2026-05-23T05:22:43.464Z","run_bootstrap",41,"http://client3:8000","run","http://client3:8000/run",1,TRUE,200,1110,251,3.43367862701416,"2026-05-23T05:22:39.828871Z","2026-05-23T05:22:43.262550Z",1779513759.82887,1779513763.26255,0.000551,0.00062,0.00065,3.41703,3.417071,3.41638,4.09999999999577e-05,3.4109,0.0227786270141603
"2026-05-23T05:22:47.011Z","run_bootstrap",42,"http://client1:8000","run","http://client1:8000/run",1,TRUE,200,1110,256,3.5276575088501,"2026-05-23T05:22:43.476619Z","2026-05-23T05:22:47.004276Z",1779513763.47662,1779513767.00428,0.000612,0.000705,0.000738,3.505053,3.505095,3.504315,4.19999999996534e-05,3.4979,0.0297575088500976
"2026-05-23T05:22:47.011Z","run_bootstrap",42,"http://client2:8000","run","http://client2:8000/run",1,TRUE,200,1110,252,3.46950483322144,"2026-05-23T05:22:43.477450Z","2026-05-23T05:22:46.946955Z",1779513763.47745,1779513766.94696,0.000652,0.000761,0.000796,3.453955,3.453997,3.453159,4.20000000000975e-05,3.4471,0.0224048332214357
"2026-05-23T05:22:47.011Z","run_bootstrap",42,"http://client3:8000","run","http://client3:8000/run",1,TRUE,200,1110,251,3.39032030105591,"2026-05-23T05:22:43.478641Z","2026-05-23T05:22:46.868961Z",1779513763.47864,1779513766.86896,0.000566,0.000679,0.000717,3.369701,3.369746,3.368984,4.50000000000728e-05,3.3627,0.0276203010559084
"2026-05-23T05:22:50.649Z","run_bootstrap",43,"http://client1:8000","run","http://client1:8000/run",1,TRUE,200,1110,257,3.62307238578796,"2026-05-23T05:22:47.021810Z","2026-05-23T05:22:50.644883Z",1779513767.02181,1779513770.64488,0.000693,0.000789,0.000823,3.598344,3.598376,3.597521,3.2000000000032e-05,3.5805,0.0425723857879641
"2026-05-23T05:22:50.649Z","run_bootstrap",43,"http://client2:8000","run","http://client2:8000/run",1,TRUE,200,1110,253,3.49682784080505,"2026-05-23T05:22:47.022115Z","2026-05-23T05:22:50.518943Z",1779513767.02212,1779513770.51894,0.000543,0.000685,0.000726,3.471139,3.471177,3.470413,3.79999999999825e-05,3.4638,0.0330278408050537
"2026-05-23T05:22:50.649Z","run_bootstrap",43,"http://client3:8000","run","http://client3:8000/run",1,TRUE,200,1110,253,3.43292355537415,"2026-05-23T05:22:47.022830Z","2026-05-23T05:22:50.455754Z",1779513767.02283,1779513770.45575,0.000772,0.000886,0.000925,3.414112,3.414143,3.413187,3.10000000003363e-05,3.395,0.0379235553741455
"2026-05-23T05:22:54.343Z","run_bootstrap",44,"http://client1:8000","run","http://client1:8000/run",1,TRUE,200,1110,257,3.53338813781738,"2026-05-23T05:22:50.665644Z","2026-05-23T05:22:54.199033Z",1779513770.66564,1779513774.19903,0.000503,0.000611,0.000646,3.511251,3.511293,3.510605,4.20000000000975e-05,3.5043,0.0290881378173826
"2026-05-23T05:22:54.343Z","run_bootstrap",44,"http://client2:8000","run","http://client2:8000/run",1,TRUE,200,1110,253,3.67223620414734,"2026-05-23T05:22:50.666326Z","2026-05-23T05:22:54.338562Z",1779513770.66633,1779513774.33856,0.000709,0.000809,0.000835,3.656954,3.656983,3.656119,2.90000000000568e-05,3.6487,0.023536204147339
"2026-05-23T05:22:54.343Z","run_bootstrap",44,"http://client3:8000","run","http://client3:8000/run",1,TRUE,200,1110,253,3.47302222251892,"2026-05-23T05:22:50.666843Z","2026-05-23T05:22:54.139866Z",1779513770.66684,1779513774.13987,0.000442,0.00053,0.000566,3.452725,3.452765,3.452159,3.9999999999818e-05,3.446,0.0270222225189207
"2026-05-23T05:22:57.891Z","run_bootstrap",45,"http://client1:8000","run","http://client1:8000/run",1,TRUE,200,1110,254,3.46785736083984,"2026-05-23T05:22:54.355220Z","2026-05-23T05:22:57.823078Z",1779513774.35522,1779513777.82308,0.000677,0.000749,0.000784,3.452766,3.4528,3.451982,3.39999999998675e-05,3.4456,0.0222573608398435
"2026-05-23T05:22:57.891Z","run_bootstrap",45,"http://client2:8000","run","http://client2:8000/run",1,TRUE,200,1110,250,3.5297417640686,"2026-05-23T05:22:54.355913Z","2026-05-23T05:22:57.885654Z",1779513774.35591,1779513777.88565,0.00045,0.000525,0.000556,3.510739,3.510792,3.510183,5.29999999998587e-05,3.5042,0.0255417640686035
"2026-05-23T05:22:57.891Z","run_bootstrap",45,"http://client3:8000","run","http://client3:8000/run",1,TRUE,200,1110,253,3.52950596809387,"2026-05-23T05:22:54.356432Z","2026-05-23T05:22:57.885938Z",1779513774.35643,1779513777.88594,0.000674,0.000747,0.000782,3.514926,3.51497,3.514144,4.3999999999933e-05,3.5081,0.0214059680938719
"2026-05-23T05:23:01.659Z","run_bootstrap",46,"http://client1:8000","run","http://client1:8000/run",1,TRUE,200,1110,254,3.29100871086121,"2026-05-23T05:22:57.902995Z","2026-05-23T05:23:01.194004Z",1779513777.903,1779513781.194,0.000687,0.000745,0.000764,3.275758,3.275802,3.274994,4.3999999999933e-05,3.2652,0.025808710861206
"2026-05-23T05:23:01.659Z","run_bootstrap",46,"http://client2:8000","run","http://client2:8000/run",1,TRUE,200,1110,249,3.56036376953125,"2026-05-23T05:22:57.903450Z","2026-05-23T05:23:01.463814Z",1779513777.90345,1779513781.46381,0.000647,0.000715,0.000746,3.545482,3.545523,3.544736,4.10000000004018e-05,3.539,0.0213637695312499
"2026-05-23T05:23:01.659Z","run_bootstrap",46,"http://client3:8000","run","http://client3:8000/run",1,TRUE,200,1110,253,3.75232243537903,"2026-05-23T05:22:57.902723Z","2026-05-23T05:23:01.655045Z",1779513777.90272,1779513781.65505,0.000658,0.000919,0.000966,3.739059,3.739094,3.738093,3.50000000000072e-05,3.7317,0.0206224353790283
"2026-05-23T05:23:05.353Z","run_bootstrap",47,"http://client1:8000","run","http://client1:8000/run",1,TRUE,200,1107,256,3.60956311225891,"2026-05-23T05:23:01.670960Z","2026-05-23T05:23:05.280523Z",1779513781.67096,1779513785.28052,0.000476,0.00055,0.00058,3.593748,3.593804,3.593168,5.5999999999834e-05,3.5761,0.0334631122589113
"2026-05-23T05:23:05.353Z","run_bootstrap",47,"http://client2:8000","run","http://client2:8000/run",1,TRUE,200,1107,252,3.67728042602539,"2026-05-23T05:23:01.671493Z","2026-05-23T05:23:05.348773Z",1779513781.67149,1779513785.34877,0.000544,0.000646,0.00068,3.658504,3.658582,3.657824,7.79999999998005e-05,3.6515,0.0257804260253907
"2026-05-23T05:23:05.353Z","run_bootstrap",47,"http://client3:8000","run","http://client3:8000/run",1,TRUE,200,1107,251,3.5579092502594,"2026-05-23T05:23:01.670855Z","2026-05-23T05:23:05.228765Z",1779513781.67086,1779513785.22877,0.000798,0.000877,0.000898,3.545179,3.54522,3.544281,4.09999999999577e-05,3.538,0.0199092502593996
"2026-05-23T05:23:09.155Z","run_bootstrap",48,"http://client1:8000","run","http://client1:8000/run",1,TRUE,200,1107,256,3.47617101669312,"2026-05-23T05:23:05.364388Z","2026-05-23T05:23:08.840559Z",1779513785.36439,1779513788.84056,0.000668,0.00079,0.000825,3.462774,3.462824,3.461949,4.99999999998835e-05,3.4556,0.0205710166931152
"2026-05-23T05:23:09.155Z","run_bootstrap",48,"http://client2:8000","run","http://client2:8000/run",1,TRUE,200,1107,252,3.60662293434143,"2026-05-23T05:23:05.365592Z","2026-05-23T05:23:08.972215Z",1779513785.36559,1779513788.97222,0.000471,0.000561,0.000595,3.591478,3.591527,3.590883,4.90000000001878e-05,3.5849,0.0217229343414305
"2026-05-23T05:23:09.155Z","run_bootstrap",48,"http://client3:8000","run","http://client3:8000/run",1,TRUE,200,1107,251,3.78225350379944,"2026-05-23T05:23:05.365990Z","2026-05-23T05:23:09.148243Z",1779513785.36599,1779513789.14824,0.000634,0.000745,0.000779,3.769006,3.769061,3.768227,5.50000000001383e-05,3.761,0.0212535037994384
"2026-05-23T05:23:12.991Z","run_bootstrap",49,"http://client1:8000","run","http://client1:8000/run",1,TRUE,200,1109,255,3.55865859985352,"2026-05-23T05:23:09.174136Z","2026-05-23T05:23:12.732795Z",1779513789.17414,1779513792.7328,0.000689,0.000799,0.000834,3.544849,3.544894,3.544015,4.50000000000728e-05,3.5375,0.0211585998535155
"2026-05-23T05:23:12.991Z","run_bootstrap",49,"http://client2:8000","run","http://client2:8000/run",1,TRUE,200,1109,251,3.81121730804443,"2026-05-23T05:23:09.175980Z","2026-05-23T05:23:12.987197Z",1779513789.17598,1779513792.9872,0.000433,0.000524,0.000556,3.78949,3.789534,3.788934,4.40000000003771e-05,3.7827,0.0285173080444334
"2026-05-23T05:23:12.991Z","run_bootstrap",49,"http://client3:8000","run","http://client3:8000/run",1,TRUE,200,1109,253,3.60667133331299,"2026-05-23T05:23:09.176197Z","2026-05-23T05:23:12.782869Z",1779513789.1762,1779513792.78287,0.000675,0.000785,0.000822,3.587313,3.58736,3.586491,4.69999999999082e-05,3.5806,0.0260713333129883
"2026-05-23T05:23:16.809Z","run_bootstrap",50,"http://client1:8000","run","http://client1:8000/run",1,TRUE,200,1109,255,3.79672908782959,"2026-05-23T05:23:13.008008Z","2026-05-23T05:23:16.804737Z",1779513793.00801,1779513796.80474,0.000536,0.000597,0.000626,3.77723,3.777269,3.776604,3.90000000001223e-05,3.7695,0.02722908782959
"2026-05-23T05:23:16.809Z","run_bootstrap",50,"http://client2:8000","run","http://client2:8000/run",1,TRUE,200,1109,251,3.77804160118103,"2026-05-23T05:23:13.008601Z","2026-05-23T05:23:16.786642Z",1779513793.0086,1779513796.78664,0.000688,0.000771,0.000796,3.76255,3.762593,3.761754,4.29999999997932e-05,3.7556,0.0224416011810304
"2026-05-23T05:23:16.809Z","run_bootstrap",50,"http://client3:8000","run","http://client3:8000/run",1,TRUE,200,1109,253,3.5047504901886,"2026-05-23T05:23:13.009078Z","2026-05-23T05:23:16.513828Z",1779513793.00908,1779513796.51383,0.000607,0.000685,0.000719,3.486353,3.486393,3.485634,4.0000000000262e-05,3.4782,0.0265504901885985
"2026-05-23T05:23:20.598Z","run_bootstrap",51,"http://client1:8000","run","http://client1:8000/run",1,TRUE,200,1110,256,3.53724646568298,"2026-05-23T05:23:16.819475Z","2026-05-23T05:23:20.356721Z",1779513796.81948,1779513800.35672,0.000596,0.000671,0.000697,3.524085,3.524117,3.523388,3.2000000000032e-05,3.5152,0.0220464656829833
"2026-05-23T05:23:20.598Z","run_bootstrap",51,"http://client2:8000","run","http://client2:8000/run",1,TRUE,200,1110,252,3.6037323474884,"2026-05-23T05:23:16.820717Z","2026-05-23T05:23:20.424450Z",1779513796.82072,1779513800.42445,0.000527,0.00066,7e-04,3.591221,3.591253,3.590521,3.2000000000032e-05,3.5734,0.0303323474884034
"2026-05-23T05:23:20.598Z","run_bootstrap",51,"http://client3:8000","run","http://client3:8000/run",1,TRUE,200,1110,253,3.76967740058899,"2026-05-23T05:23:16.821980Z","2026-05-23T05:23:20.591658Z",1779513796.82198,1779513800.59166,0.000481,0.000555,0.00059,3.756464,3.756508,3.755874,4.40000000003771e-05,3.7484,0.0212774005889891
"2026-05-23T05:23:24.407Z","run_bootstrap",52,"http://client1:8000","run","http://client1:8000/run",1,TRUE,200,1110,256,3.60608601570129,"2026-05-23T05:23:20.610345Z","2026-05-23T05:23:24.216431Z",1779513800.61035,1779513804.21643,0.00049,0.000576,0.000616,3.588002,3.588051,3.587386,4.90000000001878e-05,3.5807,0.0253860157012937
"2026-05-23T05:23:24.407Z","run_bootstrap",52,"http://client2:8000","run","http://client2:8000/run",1,TRUE,200,1110,252,3.49871230125427,"2026-05-23T05:23:20.610020Z","2026-05-23T05:23:24.108732Z",1779513800.61002,1779513804.10873,7e-04,0.000814,0.000862,3.485877,3.485952,3.485015,7.50000000002693e-05,3.4779,0.0208123012542725
"2026-05-23T05:23:24.407Z","run_bootstrap",52,"http://client3:8000","run","http://client3:8000/run",1,TRUE,200,1110,252,3.79092216491699,"2026-05-23T05:23:20.611822Z","2026-05-23T05:23:24.402744Z",1779513800.61182,1779513804.40274,0.000535,0.000646,0.000691,3.771063,3.771105,3.770372,4.20000000000975e-05,3.764,0.0269221649169924
"2026-05-23T05:23:28.228Z","run_bootstrap",53,"http://client1:8000","run","http://client1:8000/run",1,TRUE,200,1109,256,3.52321338653564,"2026-05-23T05:23:24.418545Z","2026-05-23T05:23:27.941758Z",1779513804.41855,1779513807.94176,0.000669,0.000888,0.000941,3.510386,3.510429,3.509445,4.29999999997932e-05,3.5016,0.0216133865356447
"2026-05-23T05:23:28.228Z","run_bootstrap",53,"http://client2:8000","run","http://client2:8000/run",1,TRUE,200,1109,249,3.79983377456665,"2026-05-23T05:23:24.420139Z","2026-05-23T05:23:28.219973Z",1779513804.42014,1779513808.21997,0.000582,0.000683,0.000715,3.781656,3.781706,3.780941,4.99999999998835e-05,3.7744,0.0254337745666504
"2026-05-23T05:23:28.228Z","run_bootstrap",53,"http://client3:8000","run","http://client3:8000/run",1,TRUE,200,1109,254,3.80029630661011,"2026-05-23T05:23:24.420834Z","2026-05-23T05:23:28.221130Z",1779513804.42083,1779513808.22113,0.000448,0.000538,0.000573,3.782143,3.782195,3.78157,5.2000000000163e-05,3.7751,0.0251963066101073
"2026-05-23T05:23:31.987Z","run_bootstrap",54,"http://client1:8000","run","http://client1:8000/run",1,TRUE,200,1109,256,3.74339294433594,"2026-05-23T05:23:28.240097Z","2026-05-23T05:23:31.983489Z",1779513808.2401,1779513811.98349,0.000696,0.000779,0.000803,3.713795,3.713827,3.712992,3.2000000000032e-05,3.7059,0.0374929443359373
"2026-05-23T05:23:31.987Z","run_bootstrap",54,"http://client2:8000","run","http://client2:8000/run",1,TRUE,200,1109,249,3.70215392112732,"2026-05-23T05:23:28.240577Z","2026-05-23T05:23:31.942731Z",1779513808.24058,1779513811.94273,0.000472,0.000652,0.000688,3.670409,3.670435,3.669721,2.60000000000815e-05,3.6624,0.0397539211273195
"2026-05-23T05:23:31.987Z","run_bootstrap",54,"http://client3:8000","run","http://client3:8000/run",1,TRUE,200,1109,254,3.58469891548157,"2026-05-23T05:23:28.241013Z","2026-05-23T05:23:31.825712Z",1779513808.24101,1779513811.82571,0.000539,0.000624,0.000656,3.552755,3.552788,3.552099,3.30000000001718e-05,3.5446,0.0400989154815674
"2026-05-23T05:23:35.820Z","run_bootstrap",55,"http://client1:8000","run","http://client1:8000/run",1,TRUE,200,1110,254,3.80602860450745,"2026-05-23T05:23:32.007028Z","2026-05-23T05:23:35.813057Z",1779513812.00703,1779513815.81306,0.000482,0.000573,0.000593,3.790371,3.790514,3.789778,0.000143000000000004,3.779,0.0270286045074464
"2026-05-23T05:23:35.820Z","run_bootstrap",55,"http://client2:8000","run","http://client2:8000/run",1,TRUE,200,1110,250,3.5529637336731,"2026-05-23T05:23:32.007835Z","2026-05-23T05:23:35.560799Z",1779513812.00784,1779513815.5608,0.000511,0.000587,0.000608,3.538125,3.538269,3.537517,0.000144000000000144,3.531,0.0219637336730956
"2026-05-23T05:23:35.820Z","run_bootstrap",55,"http://client3:8000","run","http://client3:8000/run",1,TRUE,200,1110,254,3.61952543258667,"2026-05-23T05:23:32.008498Z","2026-05-23T05:23:35.628024Z",1779513812.0085,1779513815.62802,0.00067,0.000745,0.000776,3.606154,3.606415,3.605378,0.000261000000000067,3.5982,0.0213254325866701
"2026-05-23T05:23:39.657Z","run_bootstrap",56,"http://client1:8000","run","http://client1:8000/run",1,TRUE,200,1110,255,3.72434782981873,"2026-05-23T05:23:35.833303Z","2026-05-23T05:23:39.557651Z",1779513815.8333,1779513819.55765,0.000814,0.000897,0.000928,3.710877,3.711019,3.709949,0.000141999999999864,3.7037,0.0206478298187256
"2026-05-23T05:23:39.657Z","run_bootstrap",56,"http://client2:8000","run","http://client2:8000/run",1,TRUE,200,1110,251,3.6667263507843,"2026-05-23T05:23:35.833976Z","2026-05-23T05:23:39.500702Z",1779513815.83398,1779513819.5007,0.000549,0.000625,0.000655,3.648364,3.648454,3.647709,9.00000000001455e-05,3.6413,0.0254263507843016
"2026-05-23T05:23:39.657Z","run_bootstrap",56,"http://client3:8000","run","http://client3:8000/run",1,TRUE,200,1110,254,3.81864070892334,"2026-05-23T05:23:35.833813Z","2026-05-23T05:23:39.652453Z",1779513815.83381,1779513819.65245,0.000808,0.000892,0.000914,3.805843,3.805977,3.804929,0.000134000000000079,3.7981,0.02054070892334
"2026-05-23T05:23:43.545Z","run_bootstrap",57,"http://client1:8000","run","http://client1:8000/run",1,TRUE,200,1108,255,3.59057092666626,"2026-05-23T05:23:39.719277Z","2026-05-23T05:23:43.309848Z",1779513819.71928,1779513823.30985,0.000694,0.000802,0.000837,3.576919,3.577015,3.576082,9.59999999996519e-05,3.5686,0.0219709266662598
"2026-05-23T05:23:43.545Z","run_bootstrap",57,"http://client2:8000","run","http://client2:8000/run",1,TRUE,200,1108,254,3.8202850818634,"2026-05-23T05:23:39.720566Z","2026-05-23T05:23:43.540851Z",1779513819.72057,1779513823.54085,0.000568,0.000682,0.000717,3.802263,3.802413,3.801546,0.000150000000000095,3.794,0.0262850818634033
"2026-05-23T05:23:43.545Z","run_bootstrap",57,"http://client3:8000","run","http://client3:8000/run",1,TRUE,200,1108,254,3.53463697433472,"2026-05-23T05:23:39.721236Z","2026-05-23T05:23:43.255873Z",1779513819.72124,1779513823.25587,0.000985,0.001072,0.001111,3.513613,3.513777,3.512502,0.000164000000000275,3.5047,0.0299369743347166
"2026-05-23T05:23:47.442Z","run_bootstrap",58,"http://client1:8000","run","http://client1:8000/run",1,TRUE,200,1108,254,3.8779468536377,"2026-05-23T05:23:43.557782Z","2026-05-23T05:23:47.435729Z",1779513823.55778,1779513827.43573,0.000654,0.000759,0.000795,3.861422,3.861564,3.860627,0.000141999999999864,3.854,0.0239468536376952
"2026-05-23T05:23:47.442Z","run_bootstrap",58,"http://client2:8000","run","http://client2:8000/run",1,TRUE,200,1108,255,3.5499484539032,"2026-05-23T05:23:43.558534Z","2026-05-23T05:23:47.108483Z",1779513823.55853,1779513827.10848,0.000488,0.000564,0.000595,3.528928,3.529082,3.528333,0.000153999999999765,3.5218,0.0281484539031984
"2026-05-23T05:23:47.442Z","run_bootstrap",58,"http://client3:8000","run","http://client3:8000/run",1,TRUE,200,1108,254,3.67269945144653,"2026-05-23T05:23:43.559032Z","2026-05-23T05:23:47.231731Z",1779513823.55903,1779513827.23173,0.000725,0.000813,0.000845,3.652717,3.652849,3.651872,0.000131999999999799,3.6452,0.0274994514465332
"2026-05-23T05:23:51.336Z","run_bootstrap",59,"http://client1:8000","run","http://client1:8000/run",1,TRUE,200,1110,255,3.66058754920959,"2026-05-23T05:23:47.459873Z","2026-05-23T05:23:51.120460Z",1779513827.45987,1779513831.12046,0.000576,0.000664,0.000696,3.638898,3.639065,3.638202,0.000166999999999806,3.6315,0.0290875492095948
"2026-05-23T05:23:51.336Z","run_bootstrap",59,"http://client2:8000","run","http://client2:8000/run",1,TRUE,200,1110,256,3.87299990653992,"2026-05-23T05:23:47.459241Z","2026-05-23T05:23:51.332241Z",1779513827.45924,1779513831.33224,0.00082,0.000906,0.000927,3.859869,3.859996,3.858942,0.000126999999999988,3.8519,0.0210999065399169
"2026-05-23T05:23:51.336Z","run_bootstrap",59,"http://client3:8000","run","http://client3:8000/run",1,TRUE,200,1110,255,3.69199705123901,"2026-05-23T05:23:47.460886Z","2026-05-23T05:23:51.152883Z",1779513827.46089,1779513831.15288,0.000486,0.000585,0.000622,3.671259,3.671387,3.670637,0.000128000000000128,3.6639,0.0280970512390137
"2026-05-23T05:23:55.401Z","run_bootstrap",60,"http://client1:8000","run","http://client1:8000/run",1,TRUE,200,1110,255,4.04682159423828,"2026-05-23T05:23:51.349242Z","2026-05-23T05:23:55.396063Z",1779513831.34924,1779513835.39606,0.000563,0.000649,0.000682,4.031412,4.031501,4.03073,8.89999999991176e-05,3.8713,0.175521594238281
"2026-05-23T05:23:55.401Z","run_bootstrap",60,"http://client2:8000","run","http://client2:8000/run",1,TRUE,200,1110,256,4.0450747013092,"2026-05-23T05:23:51.350048Z","2026-05-23T05:23:55.395123Z",1779513831.35005,1779513835.39512,0.000627,0.000707,0.000737,4.02447,4.024606,4.023733,0.000136000000000358,3.8632,0.181874701309204
"2026-05-23T05:23:55.401Z","run_bootstrap",60,"http://client3:8000","run","http://client3:8000/run",1,TRUE,200,1110,255,3.73311901092529,"2026-05-23T05:23:51.349315Z","2026-05-23T05:23:55.082434Z",1779513831.34932,1779513835.08243,0.000722,0.000856,0.000894,3.718948,3.719481,3.718054,0.000532999999999895,3.5693,0.163819010925293
"2026-05-23T05:23:59.121Z","run_bootstrap",61,"http://client1:8000","run","http://client1:8000/run",1,TRUE,200,1108,254,3.70447325706482,"2026-05-23T05:23:55.411941Z","2026-05-23T05:23:59.116414Z",1779513835.41194,1779513839.11641,0.00077,0.000851,0.000873,3.688667,3.688801,3.687794,0.000134000000000079,3.6817,0.0227732570648191
"2026-05-23T05:23:59.121Z","run_bootstrap",61,"http://client2:8000","run","http://client2:8000/run",1,TRUE,200,1108,259,3.53970336914062,"2026-05-23T05:23:55.414559Z","2026-05-23T05:23:58.954262Z",1779513835.41456,1779513838.95426,0.00074,0.000848,0.000885,3.52233,3.522486,3.521445,0.000155999999999601,3.5159,0.0238033691406252
"2026-05-23T05:23:59.121Z","run_bootstrap",61,"http://client3:8000","run","http://client3:8000/run",1,TRUE,200,1108,254,3.31494092941284,"2026-05-23T05:23:55.414907Z","2026-05-23T05:23:58.729848Z",1779513835.41491,1779513838.72985,0.000623,0.000701,0.000732,3.29922,3.299384,3.298488,0.000163999999999831,3.2926,0.0223409294128416
"2026-05-23T05:24:02.844Z","run_bootstrap",62,"http://client1:8000","run","http://client1:8000/run",1,TRUE,200,1108,254,3.44280886650085,"2026-05-23T05:23:59.134339Z","2026-05-23T05:24:02.577148Z",1779513839.13434,1779513842.57715,0.000785,0.000875,0.000911,3.422863,3.423005,3.421952,0.000141999999999864,3.4146,0.0282088665008544
"2026-05-23T05:24:02.844Z","run_bootstrap",62,"http://client2:8000","run","http://client2:8000/run",1,TRUE,200,1108,259,3.53855872154236,"2026-05-23T05:23:59.135149Z","2026-05-23T05:24:02.673708Z",1779513839.13515,1779513842.67371,0.000492,0.000564,0.000599,3.516795,3.516954,3.516196,0.00015900000000002,3.5101,0.0284587215423584
"2026-05-23T05:24:02.844Z","run_bootstrap",62,"http://client3:8000","run","http://client3:8000/run",1,TRUE,200,1108,254,3.70286583900452,"2026-05-23T05:23:59.134232Z","2026-05-23T05:24:02.837098Z",1779513839.13423,1779513842.8371,0.000598,0.000707,0.000747,3.685506,3.68564,3.684759,0.000133999999999634,3.6784,0.0244658390045167
"2026-05-23T05:24:06.587Z","run_bootstrap",63,"http://client1:8000","run","http://client1:8000/run",1,TRUE,200,1108,255,3.33567953109741,"2026-05-23T05:24:02.858019Z","2026-05-23T05:24:06.193698Z",1779513842.85802,1779513846.1937,0.000807,0.000861,0.000882,3.321288,3.321441,3.320406,0.00015300000000007,3.3022,0.0334795310974121
"2026-05-23T05:24:06.587Z","run_bootstrap",63,"http://client2:8000","run","http://client2:8000/run",1,TRUE,200,1108,255,3.44994640350342,"2026-05-23T05:24:02.858799Z","2026-05-23T05:24:06.308745Z",1779513842.8588,1779513846.30875,0.000599,0.000687,0.000725,3.436289,3.436424,3.435564,0.000135000000000218,3.4292,0.0207464035034182
"2026-05-23T05:24:06.587Z","run_bootstrap",63,"http://client3:8000","run","http://client3:8000/run",1,TRUE,200,1108,253,3.72405242919922,"2026-05-23T05:24:02.859324Z","2026-05-23T05:24:06.583376Z",1779513842.85932,1779513846.58338,0.000573,0.00065,0.000673,3.711781,3.711915,3.711108,0.000133999999999634,3.6959,0.0281524291992188
"2026-05-23T05:24:10.304Z","run_bootstrap",64,"http://client1:8000","run","http://client1:8000/run",1,TRUE,200,1108,255,3.30866527557373,"2026-05-23T05:24:06.599877Z","2026-05-23T05:24:09.908543Z",1779513846.59988,1779513849.90854,0.000624,0.000735,0.00077,3.294445,3.2946,3.293675,0.000154999999999905,3.2873,0.0213652755737304
"2026-05-23T05:24:10.304Z","run_bootstrap",64,"http://client2:8000","run","http://client2:8000/run",1,TRUE,200,1108,255,3.69995093345642,"2026-05-23T05:24:06.600384Z","2026-05-23T05:24:10.300335Z",1779513846.60038,1779513850.30034,0.000584,0.000702,0.000739,3.678453,3.678573,3.677714,0.000119999999999898,3.6716,0.0283509334564207
"2026-05-23T05:24:10.304Z","run_bootstrap",64,"http://client3:8000","run","http://client3:8000/run",1,TRUE,200,1108,253,3.69116687774658,"2026-05-23T05:24:06.600813Z","2026-05-23T05:24:10.291980Z",1779513846.60081,1779513850.29198,0.000463,0.000552,0.000586,3.669304,3.66936,3.668718,5.6000000000278e-05,3.6618,0.0293668777465821
"2026-05-23T05:24:13.955Z","run_bootstrap",65,"http://client1:8000","run","http://client1:8000/run",1,TRUE,200,1109,255,3.43696713447571,"2026-05-23T05:24:10.316304Z","2026-05-23T05:24:13.753271Z",1779513850.3163,1779513853.75327,0.000574,0.000648,0.000678,3.421712,3.421849,3.421034,0.000137000000000054,3.4146,0.0223671344757079
"2026-05-23T05:24:13.955Z","run_bootstrap",65,"http://client2:8000","run","http://client2:8000/run",1,TRUE,200,1109,254,3.63186097145081,"2026-05-23T05:24:10.316903Z","2026-05-23T05:24:13.948764Z",1779513850.3169,1779513853.94876,0.000732,0.000784,0.000806,3.616338,3.616685,3.615532,0.000347000000000097,3.6081,0.0237609714508058
"2026-05-23T05:24:13.955Z","run_bootstrap",65,"http://client3:8000","run","http://client3:8000/run",1,TRUE,200,1109,251,3.52221202850342,"2026-05-23T05:24:10.317333Z","2026-05-23T05:24:13.839545Z",1779513850.31733,1779513853.83955,0.000599,0.000659,0.000684,3.508056,3.508189,3.507372,0.000132999999999939,3.5015,0.0207120285034179
"2026-05-23T05:24:17.676Z","run_bootstrap",66,"http://client1:8000","run","http://client1:8000/run",1,TRUE,200,1109,255,3.49935913085938,"2026-05-23T05:24:13.972982Z","2026-05-23T05:24:17.472341Z",1779513853.97298,1779513857.47234,0.000612,0.000682,0.000716,3.484876,3.485001,3.48416,0.000125000000000153,3.4777,0.021659130859375
"2026-05-23T05:24:17.676Z","run_bootstrap",66,"http://client2:8000","run","http://client2:8000/run",1,TRUE,200,1109,254,3.53141593933105,"2026-05-23T05:24:13.973517Z","2026-05-23T05:24:17.504933Z",1779513853.97352,1779513857.50493,0.000717,0.000769,0.000786,3.518262,3.518388,3.517476,0.000125999999999848,3.5112,0.0202159393310546
"2026-05-23T05:24:17.676Z","run_bootstrap",66,"http://client3:8000","run","http://client3:8000/run",1,TRUE,200,1109,251,3.69805812835693,"2026-05-23T05:24:13.973868Z","2026-05-23T05:24:17.671926Z",1779513853.97387,1779513857.67193,0.00062,0.00068,0.000713,3.685205,3.685336,3.684492,0.000131000000000103,3.6782,0.0198581283569337
"2026-05-23T05:24:21.426Z","run_bootstrap",67,"http://client1:8000","run","http://client1:8000/run",1,TRUE,200,1108,255,3.45238423347473,"2026-05-23T05:24:17.688137Z","2026-05-23T05:24:21.140521Z",1779513857.68814,1779513861.14052,0.000596,0.000699,0.000736,3.437138,3.437237,3.436402,9.90000000000713e-05,3.4298,0.0225842334747313
"2026-05-23T05:24:21.426Z","run_bootstrap",67,"http://client2:8000","run","http://client2:8000/run",1,TRUE,200,1108,254,3.61339640617371,"2026-05-23T05:24:17.689874Z","2026-05-23T05:24:21.303270Z",1779513857.68987,1779513861.30327,0.000594,0.000705,0.000745,3.590383,3.590499,3.589638,0.000115999999999783,3.5837,0.0296964061737062
"2026-05-23T05:24:21.426Z","run_bootstrap",67,"http://client3:8000","run","http://client3:8000/run",1,TRUE,200,1108,253,3.7317578792572,"2026-05-23T05:24:17.690282Z","2026-05-23T05:24:21.422039Z",1779513857.69028,1779513861.42204,0.000649,0.000741,0.000774,3.709328,3.709479,3.708554,0.00015099999999979,3.7025,0.029257879257202
"2026-05-23T05:24:25.181Z","run_bootstrap",68,"http://client1:8000","run","http://client1:8000/run",1,TRUE,200,1108,255,3.73290705680847,"2026-05-23T05:24:21.444468Z","2026-05-23T05:24:25.177375Z",1779513861.44447,1779513865.17738,0.000646,0.00077,0.000806,3.721195,3.721354,3.720389,0.00015900000000002,3.7139,0.0190070568084715
"2026-05-23T05:24:25.181Z","run_bootstrap",68,"http://client2:8000","run","http://client2:8000/run",1,TRUE,200,1108,254,3.43558168411255,"2026-05-23T05:24:21.445211Z","2026-05-23T05:24:24.880793Z",1779513861.44521,1779513864.88079,0.000589,0.000682,0.000718,3.417412,3.417516,3.416694,0.000103999999999882,3.4103,0.0252816841125489
"2026-05-23T05:24:25.181Z","run_bootstrap",68,"http://client3:8000","run","http://client3:8000/run",1,TRUE,200,1108,253,3.43807077407837,"2026-05-23T05:24:21.445066Z","2026-05-23T05:24:24.883137Z",1779513861.44507,1779513864.88314,0.000565,0.000657,0.000694,3.426173,3.426266,3.425479,9.30000000001208e-05,3.4159,0.022170774078369
"2026-05-23T05:24:28.946Z","run_bootstrap",69,"http://client1:8000","run","http://client1:8000/run",1,TRUE,200,1109,251,3.74623823165894,"2026-05-23T05:24:25.195055Z","2026-05-23T05:24:28.941293Z",1779513865.19506,1779513868.94129,0.000516,0.000592,0.000626,3.729856,3.730284,3.72923,0.000428000000000317,3.7224,0.0238382316589356
"2026-05-23T05:24:28.946Z","run_bootstrap",69,"http://client2:8000","run","http://client2:8000/run",1,TRUE,200,1109,256,3.2529399394989,"2026-05-23T05:24:25.195784Z","2026-05-23T05:24:28.448724Z",1779513865.19578,1779513868.44872,0.000431,0.000528,0.000568,3.23833,3.238493,3.237762,0.000163000000000135,3.2289,0.0240399394989015
"2026-05-23T05:24:28.946Z","run_bootstrap",69,"http://client3:8000","run","http://client3:8000/run",1,TRUE,200,1109,252,3.56898427009583,"2026-05-23T05:24:25.196271Z","2026-05-23T05:24:28.765256Z",1779513865.19627,1779513868.76526,0.000595,0.000653,0.000671,3.555727,3.555866,3.555056,0.000138999999999889,3.5485,0.020484270095825
"2026-05-23T05:24:32.617Z","run_bootstrap",70,"http://client1:8000","run","http://client1:8000/run",1,TRUE,200,1109,251,3.63676190376282,"2026-05-23T05:24:28.957498Z","2026-05-23T05:24:32.594259Z",1779513868.9575,1779513872.59426,0.000707,0.000812,0.000851,3.622903,3.623019,3.622052,0.000116000000000227,3.6156,0.0211619037628172
"2026-05-23T05:24:32.617Z","run_bootstrap",70,"http://client2:8000","run","http://client2:8000/run",1,TRUE,200,1109,256,3.52633810043335,"2026-05-23T05:24:28.958109Z","2026-05-23T05:24:32.484447Z",1779513868.95811,1779513872.48445,0.000636,0.000729,0.000761,3.512817,3.512962,3.512056,0.00014499999999984,3.5052,0.0211381004333497
"2026-05-23T05:24:32.617Z","run_bootstrap",70,"http://client3:8000","run","http://client3:8000/run",1,TRUE,200,1109,252,3.65327501296997,"2026-05-23T05:24:28.959910Z","2026-05-23T05:24:32.613185Z",1779513868.95991,1779513872.61319,0.000478,0.000559,0.000591,3.640492,3.640612,3.639901,0.000119999999999898,3.6324,0.0208750129699706
"2026-05-23T05:24:36.429Z","run_bootstrap",71,"http://client1:8000","run","http://client1:8000/run",1,TRUE,200,1109,253,3.57169318199158,"2026-05-23T05:24:32.628798Z","2026-05-23T05:24:36.200491Z",1779513872.6288,1779513876.20049,0.000516,0.000569,0.000595,3.558433,3.558565,3.557838,0.000132000000000243,3.5514,0.020293181991577
"2026-05-23T05:24:36.429Z","run_bootstrap",71,"http://client2:8000","run","http://client2:8000/run",1,TRUE,200,1109,255,3.64661407470703,"2026-05-23T05:24:32.629022Z","2026-05-23T05:24:36.275636Z",1779513872.62902,1779513876.27564,0.000389,0.000473,0.000497,3.633612,3.633736,3.633115,0.000124000000000013,3.6145,0.0321140747070312
"2026-05-23T05:24:36.429Z","run_bootstrap",71,"http://client3:8000","run","http://client3:8000/run",1,TRUE,200,1109,253,3.7908616065979,"2026-05-23T05:24:32.630713Z","2026-05-23T05:24:36.421575Z",1779513872.63071,1779513876.42158,0.000513,0.000594,0.000629,3.777197,3.777316,3.776568,0.000118999999999758,3.7693,0.0215616065979005
"2026-05-23T05:24:40.305Z","run_bootstrap",72,"http://client1:8000","run","http://client1:8000/run",1,TRUE,200,1109,253,3.8491952419281,"2026-05-23T05:24:36.447867Z","2026-05-23T05:24:40.297063Z",1779513876.44787,1779513880.29706,0.000576,0.00068,0.000714,3.830117,3.830339,3.829403,0.000221999999999944,3.8227,0.0264952419281004
"2026-05-23T05:24:40.305Z","run_bootstrap",72,"http://client2:8000","run","http://client2:8000/run",1,TRUE,200,1109,255,3.60225439071655,"2026-05-23T05:24:36.448426Z","2026-05-23T05:24:40.050680Z",1779513876.44843,1779513880.05068,0.00063,0.000736,0.000772,3.579995,3.580155,3.579223,0.00016000000000016,3.5731,0.0291543907165526
"2026-05-23T05:24:40.305Z","run_bootstrap",72,"http://client3:8000","run","http://client3:8000/run",1,TRUE,200,1109,253,3.63465404510498,"2026-05-23T05:24:36.449368Z","2026-05-23T05:24:40.084022Z",1779513876.44937,1779513880.08402,0.000719,0.000791,0.000827,3.613338,3.613491,3.612511,0.000152999999999626,3.6063,0.0283540451049804
"2026-05-23T05:24:44.026Z","run_bootstrap",73,"http://client1:8000","run","http://client1:8000/run",1,TRUE,200,1109,253,3.69819617271423,"2026-05-23T05:24:40.317597Z","2026-05-23T05:24:44.015794Z",1779513880.3176,1779513884.01579,0.00072,0.000812,0.000846,3.67833,3.67863,3.677484,0.000300000000000189,3.6699,0.0282961727142332
"2026-05-23T05:24:44.026Z","run_bootstrap",73,"http://client2:8000","run","http://client2:8000/run",1,TRUE,200,1109,253,3.57790875434875,"2026-05-23T05:24:40.318243Z","2026-05-23T05:24:43.896152Z",1779513880.31824,1779513883.89615,0.000571,0.000645,0.000674,3.555878,3.556006,3.555204,0.000128000000000128,3.5479,0.0300087543487551
"2026-05-23T05:24:44.026Z","run_bootstrap",73,"http://client3:8000","run","http://client3:8000/run",1,TRUE,200,1109,251,3.7032458782196,"2026-05-23T05:24:40.318689Z","2026-05-23T05:24:44.021934Z",1779513880.31869,1779513884.02193,0.000641,0.000755,0.000791,3.684696,3.684813,3.683905,0.000116999999999923,3.6775,0.0257458782196043
"2026-05-23T05:24:47.756Z","run_bootstrap",74,"http://client1:8000","run","http://client1:8000/run",1,TRUE,200,1109,253,3.68944072723389,"2026-05-23T05:24:44.039373Z","2026-05-23T05:24:47.728814Z",1779513884.03937,1779513887.72881,0.000622,7e-04,0.000726,3.675412,3.675552,3.674686,0.000140000000000029,3.6678,0.0216407272338865
"2026-05-23T05:24:47.756Z","run_bootstrap",74,"http://client2:8000","run","http://client2:8000/run",1,TRUE,200,1109,253,3.70130205154419,"2026-05-23T05:24:44.040682Z","2026-05-23T05:24:47.741984Z",1779513884.04068,1779513887.74198,0.000472,0.000563,0.00061,3.688749,3.688883,3.688139,0.000134000000000079,3.6816,0.0197020515441895
"2026-05-23T05:24:47.756Z","run_bootstrap",74,"http://client3:8000","run","http://client3:8000/run",1,TRUE,200,1109,251,3.70971846580505,"2026-05-23T05:24:44.041837Z","2026-05-23T05:24:47.751555Z",1779513884.04184,1779513887.75156,0.000557,0.000661,7e-04,3.694981,3.695121,3.694281,0.000140000000000029,3.6879,0.0218184658050538
"2026-05-23T05:24:51.672Z","run_bootstrap",75,"http://client1:8000","run","http://client1:8000/run",1,TRUE,200,1108,252,3.68140649795532,"2026-05-23T05:24:47.770295Z","2026-05-23T05:24:51.451701Z",1779513887.7703,1779513891.4517,0.000713,0.00082,0.000859,3.667081,3.667233,3.666222,0.00015199999999993,3.6583,0.0231064979553222
"2026-05-23T05:24:51.672Z","run_bootstrap",75,"http://client2:8000","run","http://client2:8000/run",1,TRUE,200,1108,253,3.8931245803833,"2026-05-23T05:24:47.772453Z","2026-05-23T05:24:51.665578Z",1779513887.77245,1779513891.66558,0.000486,0.000593,0.000636,3.877728,3.877828,3.877092,0.000100000000000211,3.8709,0.022224580383301
"2026-05-23T05:24:51.672Z","run_bootstrap",75,"http://client3:8000","run","http://client3:8000/run",1,TRUE,200,1108,252,3.89291000366211,"2026-05-23T05:24:47.772717Z","2026-05-23T05:24:51.665627Z",1779513887.77272,1779513891.66563,0.00069,0.000798,0.00084,3.872092,3.872232,3.871252,0.000140000000000029,3.8649,0.0280100036621094
"2026-05-23T05:24:55.416Z","run_bootstrap",76,"http://client1:8000","run","http://client1:8000/run",1,TRUE,200,1108,252,3.72531247138977,"2026-05-23T05:24:51.684755Z","2026-05-23T05:24:55.410068Z",1779513891.68476,1779513895.41007,0.000554,0.000636,0.00067,3.711366,3.711513,3.710696,0.000147000000000119,3.7028,0.0225124713897706
"2026-05-23T05:24:55.416Z","run_bootstrap",76,"http://client2:8000","run","http://client2:8000/run",1,TRUE,200,1108,252,3.65617847442627,"2026-05-23T05:24:51.686174Z","2026-05-23T05:24:55.342352Z",1779513891.68617,1779513895.34235,0.000619,0.000703,0.000735,3.643483,3.643644,3.642748,0.0001610000000003,3.632,0.0241784744262694
"2026-05-23T05:24:55.416Z","run_bootstrap",76,"http://client3:8000","run","http://client3:8000/run",1,TRUE,200,1108,252,3.64897513389587,"2026-05-23T05:24:51.685602Z","2026-05-23T05:24:55.334577Z",1779513891.6856,1779513895.33458,0.000504,0.000583,0.000605,3.636551,3.636692,3.635946,0.000141000000000169,3.6287,0.0202751338958742
"2026-05-23T05:24:59.305Z","run_bootstrap",77,"http://client1:8000","run","http://client1:8000/run",1,TRUE,200,1109,255,3.70398139953613,"2026-05-23T05:24:55.427129Z","2026-05-23T05:24:59.131110Z",1779513895.42713,1779513899.13111,0.000649,0.000766,0.000802,3.689366,3.689481,3.688564,0.000114999999999643,3.6746,0.0293813995361329
"2026-05-23T05:24:59.305Z","run_bootstrap",77,"http://client2:8000","run","http://client2:8000/run",1,TRUE,200,1109,252,3.67683458328247,"2026-05-23T05:24:55.428009Z","2026-05-23T05:24:59.104844Z",1779513895.42801,1779513899.10484,0.000701,0.000786,0.000809,3.662462,3.662611,3.661653,0.000148999999999955,3.6548,0.0220345832824709
"2026-05-23T05:24:59.305Z","run_bootstrap",77,"http://client3:8000","run","http://client3:8000/run",1,TRUE,200,1109,252,3.86944198608398,"2026-05-23T05:24:55.428399Z","2026-05-23T05:24:59.297841Z",1779513895.4284,1779513899.29784,0.000743,0.000831,0.000862,3.854666,3.854814,3.853804,0.000148000000000259,3.8473,0.0221419860839842
"2026-05-23T05:25:03.049Z","run_bootstrap",78,"http://client1:8000","run","http://client1:8000/run",1,TRUE,200,1109,255,3.61861062049866,"2026-05-23T05:24:59.323093Z","2026-05-23T05:25:02.941704Z",1779513899.32309,1779513902.9417,0.000813,0.00093,0.000966,3.60356,3.603724,3.602594,0.000164000000000275,3.5943,0.0243106204986572
"2026-05-23T05:25:03.049Z","run_bootstrap",78,"http://client2:8000","run","http://client2:8000/run",1,TRUE,200,1109,251,3.71697974205017,"2026-05-23T05:24:59.324928Z","2026-05-23T05:25:03.041908Z",1779513899.32493,1779513903.04191,0.000663,0.000778,0.000813,3.70256,3.7027,3.701747,0.000140000000000029,3.695,0.0219797420501711
"2026-05-23T05:25:03.049Z","run_bootstrap",78,"http://client3:8000","run","http://client3:8000/run",1,TRUE,200,1109,252,3.51998567581177,"2026-05-23T05:24:59.325431Z","2026-05-23T05:25:02.845417Z",1779513899.32543,1779513902.84542,0.000642,0.000749,0.000785,3.501787,3.501925,3.501002,0.000137999999999749,3.4931,0.0268856758117675
"2026-05-23T05:25:06.958Z","run_bootstrap",79,"http://client1:8000","run","http://client1:8000/run",1,TRUE,200,1109,253,3.71585917472839,"2026-05-23T05:25:03.061589Z","2026-05-23T05:25:06.777448Z",1779513903.06159,1779513906.77745,0.000568,0.000663,0.000696,3.692313,3.692454,3.691617,0.000141000000000169,3.6847,0.0311591747283937
"2026-05-23T05:25:06.958Z","run_bootstrap",79,"http://client2:8000","run","http://client2:8000/run",1,TRUE,200,1109,251,3.62171149253845,"2026-05-23T05:25:03.062196Z","2026-05-23T05:25:06.683908Z",1779513903.0622,1779513906.68391,0.000624,0.000729,0.000764,3.604374,3.604481,3.60361,0.000106999999999857,3.5975,0.024211492538452
"2026-05-23T05:25:06.958Z","run_bootstrap",79,"http://client3:8000","run","http://client3:8000/run",1,TRUE,200,1109,250,3.89130568504333,"2026-05-23T05:25:03.062713Z","2026-05-23T05:25:06.954019Z",1779513903.06271,1779513906.95402,0.000571,0.000688,0.000726,3.873432,3.873566,3.872706,0.000133999999999634,3.865,0.0263056850433347
"2026-05-23T05:25:10.979Z","run_bootstrap",80,"http://client1:8000","run","http://client1:8000/run",1,TRUE,200,1109,253,4.00211477279663,"2026-05-23T05:25:06.972743Z","2026-05-23T05:25:10.974858Z",1779513906.97274,1779513910.97486,0.00058,0.00067,0.000707,3.98973,3.989867,3.989023,0.00013699999999961,3.8272,0.174914772796631
"2026-05-23T05:25:10.979Z","run_bootstrap",80,"http://client2:8000","run","http://client2:8000/run",1,TRUE,200,1109,251,3.80477571487427,"2026-05-23T05:25:06.972130Z","2026-05-23T05:25:10.776906Z",1779513906.97213,1779513910.77691,0.000604,0.000686,0.00072,3.79169,3.791973,3.79097,0.000283000000000033,3.6273,0.177475714874268
"2026-05-23T05:25:10.979Z","run_bootstrap",80,"http://client3:8000","run","http://client3:8000/run",1,TRUE,200,1109,251,3.76215004920959,"2026-05-23T05:25:06.972644Z","2026-05-23T05:25:10.734794Z",1779513906.97264,1779513910.73479,0.000538,0.000623,0.000645,3.748916,3.749077,3.748271,0.0001610000000003,3.5857,0.176450049209595
"2026-05-23T05:25:14.654Z","run_bootstrap",81,"http://client1:8000","run","http://client1:8000/run",1,TRUE,200,1108,250,3.51163721084595,"2026-05-23T05:25:10.991063Z","2026-05-23T05:25:14.502700Z",1779513910.99106,1779513914.5027,0.000598,0.00069,0.000727,3.494243,3.494386,3.493516,0.000143000000000004,3.4866,0.0250372108459471
"2026-05-23T05:25:14.654Z","run_bootstrap",81,"http://client2:8000","run","http://client2:8000/run",1,TRUE,200,1108,253,3.6425085067749,"2026-05-23T05:25:10.991646Z","2026-05-23T05:25:14.634155Z",1779513910.99165,1779513914.63416,0.000599,0.000708,0.000743,3.62294,3.623067,3.622197,0.000126999999999988,3.6162,0.0263085067749023
"2026-05-23T05:25:14.654Z","run_bootstrap",81,"http://client3:8000","run","http://client3:8000/run",1,TRUE,200,1108,252,3.65852785110474,"2026-05-23T05:25:10.991018Z","2026-05-23T05:25:14.649546Z",1779513910.99102,1779513914.64955,0.000606,0.00081,0.000878,3.645369,3.64549,3.644491,0.000121000000000038,3.6387,0.0198278511047363
"2026-05-23T05:25:18.655Z","run_bootstrap",82,"http://client1:8000","run","http://client1:8000/run",1,TRUE,200,1108,250,3.72820568084717,"2026-05-23T05:25:14.666391Z","2026-05-23T05:25:18.394596Z",1779513914.66639,1779513918.3946,0.000654,0.000708,0.000729,3.712169,3.712291,3.71144,0.000122000000000178,3.7041,0.024105680847168
"2026-05-23T05:25:18.655Z","run_bootstrap",82,"http://client2:8000","run","http://client2:8000/run",1,TRUE,200,1108,253,3.74718999862671,"2026-05-23T05:25:14.666848Z","2026-05-23T05:25:18.414038Z",1779513914.66685,1779513918.41404,0.000652,0.000708,0.000727,3.732647,3.73277,3.73192,0.000122999999999873,3.7247,0.0224899986267091
"2026-05-23T05:25:18.655Z","run_bootstrap",82,"http://client3:8000","run","http://client3:8000/run",1,TRUE,200,1108,252,3.98344254493713,"2026-05-23T05:25:14.667373Z","2026-05-23T05:25:18.650815Z",1779513914.66737,1779513918.65082,0.000617,0.000692,0.000717,3.969379,3.969523,3.968662,0.000144000000000144,3.9626,0.0208425449371337
"2026-05-23T05:25:22.681Z","run_bootstrap",83,"http://client1:8000","run","http://client1:8000/run",1,TRUE,200,1109,253,4.00807905197144,"2026-05-23T05:25:18.667523Z","2026-05-23T05:25:22.675602Z",1779513918.66752,1779513922.6756,0.000612,0.000715,0.000753,3.990889,3.991065,3.990136,0.000175999999999732,3.9825,0.0255790519714356
"2026-05-23T05:25:22.681Z","run_bootstrap",83,"http://client2:8000","run","http://client2:8000/run",1,TRUE,200,1109,253,3.98444151878357,"2026-05-23T05:25:18.668059Z","2026-05-23T05:25:22.652500Z",1779513918.66806,1779513922.6525,0.000585,0.00067,0.000703,3.962234,3.962346,3.961531,0.000112000000000112,3.9553,0.0291415187835695
"2026-05-23T05:25:22.681Z","run_bootstrap",83,"http://client3:8000","run","http://client3:8000/run",1,TRUE,200,1109,252,3.69871187210083,"2026-05-23T05:25:18.668696Z","2026-05-23T05:25:22.367408Z",1779513918.6687,1779513922.36741,0.00056,0.000659,0.000694,3.677231,3.677343,3.676537,0.000112000000000112,3.6706,0.0281118721008302
"2026-05-23T05:25:26.717Z","run_bootstrap",84,"http://client1:8000","run","http://client1:8000/run",1,TRUE,200,1109,253,3.78237533569336,"2026-05-23T05:25:22.694492Z","2026-05-23T05:25:26.476867Z",1779513922.69449,1779513926.47687,0.000597,0.000679,0.000702,3.76371,3.76388,3.763008,0.000169999999999781,3.7565,0.0258753356933594
"2026-05-23T05:25:26.717Z","run_bootstrap",84,"http://client2:8000","run","http://client2:8000/run",1,TRUE,200,1109,253,3.82571601867676,"2026-05-23T05:25:22.694600Z","2026-05-23T05:25:26.520316Z",1779513922.6946,1779513926.52032,0.000716,0.000802,0.000855,3.807009,3.807108,3.806154,9.90000000000713e-05,3.7999,0.0258160186767578
"2026-05-23T05:25:26.717Z","run_bootstrap",84,"http://client3:8000","run","http://client3:8000/run",1,TRUE,200,1109,252,4.01805949211121,"2026-05-23T05:25:22.694801Z","2026-05-23T05:25:26.712860Z",1779513922.6948,1779513926.71286,0.000669,0.000749,0.000782,4.000851,4.00105,4.000069,0.000199000000000282,3.9927,0.0253594921112059
"2026-05-23T05:25:30.778Z","run_bootstrap",85,"http://client1:8000","run","http://client1:8000/run",1,TRUE,200,1107,254,3.66733598709106,"2026-05-23T05:25:26.730298Z","2026-05-23T05:25:30.397634Z",1779513926.7303,1779513930.39763,0.000726,0.00083,0.000865,3.653405,3.65357,3.65254,0.000165000000000415,3.6459,0.0214359870910643
"2026-05-23T05:25:30.778Z","run_bootstrap",85,"http://client2:8000","run","http://client2:8000/run",1,TRUE,200,1107,255,3.86607694625854,"2026-05-23T05:25:26.732228Z","2026-05-23T05:25:30.598305Z",1779513926.73223,1779513930.59831,0.000671,0.000739,0.000756,3.84991,3.850051,3.849154,0.000141000000000169,3.8419,0.0241769462585451
"2026-05-23T05:25:30.778Z","run_bootstrap",85,"http://client3:8000","run","http://client3:8000/run",1,TRUE,200,1107,250,4.03985261917114,"2026-05-23T05:25:26.732664Z","2026-05-23T05:25:30.772516Z",1779513926.73266,1779513930.77252,0.000696,0.000869,0.000939,4.0258,4.025938,4.024861,0.000137999999999749,4.0189,0.0209526191711422
"2026-05-23T05:25:34.641Z","run_bootstrap",86,"http://client1:8000","run","http://client1:8000/run",1,TRUE,200,1107,254,3.84373784065247,"2026-05-23T05:25:30.790425Z","2026-05-23T05:25:34.634162Z",1779513930.79043,1779513934.63416,0.000536,0.000644,0.000677,3.828144,3.828289,3.827467,0.00014499999999984,3.8195,0.0242378406524657
"2026-05-23T05:25:34.641Z","run_bootstrap",86,"http://client2:8000","run","http://client2:8000/run",1,TRUE,200,1107,255,3.1047887802124,"2026-05-23T05:25:30.790155Z","2026-05-23T05:25:33.894944Z",1779513930.79016,1779513933.89494,0.000727,0.000807,0.00084,3.090821,3.090921,3.089981,9.99999999997669e-05,3.0792,0.0255887802124022
"2026-05-23T05:25:34.641Z","run_bootstrap",86,"http://client3:8000","run","http://client3:8000/run",1,TRUE,200,1107,250,3.58979964256287,"2026-05-23T05:25:30.791848Z","2026-05-23T05:25:34.381648Z",1779513930.79185,1779513934.38165,0.000481,0.000553,0.000585,3.570648,3.570791,3.570063,0.000143000000000004,3.5625,0.0272996425628662
"2026-05-23T05:25:38.353Z","run_bootstrap",87,"http://client1:8000","run","http://client1:8000/run",1,TRUE,200,1106,252,3.69329929351807,"2026-05-23T05:25:34.655198Z","2026-05-23T05:25:38.348497Z",1779513934.6552,1779513938.3485,0.00065,0.000761,0.000811,3.679735,3.679873,3.678924,0.000138000000000194,3.6622,0.0310992935180665
"2026-05-23T05:25:38.353Z","run_bootstrap",87,"http://client2:8000","run","http://client2:8000/run",1,TRUE,200,1106,253,3.50953269004822,"2026-05-23T05:25:34.656225Z","2026-05-23T05:25:38.165758Z",1779513934.65623,1779513938.16576,0.000524,0.000613,0.000654,3.489053,3.489175,3.488399,0.000121999999999733,3.4808,0.0287326900482179
"2026-05-23T05:25:38.353Z","run_bootstrap",87,"http://client3:8000","run","http://client3:8000/run",1,TRUE,200,1106,253,3.6018705368042,"2026-05-23T05:25:34.656224Z","2026-05-23T05:25:38.258095Z",1779513934.65622,1779513938.2581,0.00049,0.000581,0.000621,3.588455,3.588617,3.587834,0.000161999999999995,3.5805,0.0213705368041994
"2026-05-23T05:25:41.888Z","run_bootstrap",88,"http://client1:8000","run","http://client1:8000/run",1,TRUE,200,1106,252,3.51609659194946,"2026-05-23T05:25:38.364345Z","2026-05-23T05:25:41.880441Z",1779513938.36435,1779513941.88044,0.000617,0.000723,0.000774,3.501468,3.501605,3.500694,0.000137000000000054,3.4932,0.022896591949463
"2026-05-23T05:25:41.888Z","run_bootstrap",88,"http://client2:8000","run","http://client2:8000/run",1,TRUE,200,1106,253,3.3826470375061,"2026-05-23T05:25:38.366273Z","2026-05-23T05:25:41.748920Z",1779513938.36627,1779513941.74892,0.00054,0.00063,0.000667,3.364436,3.364579,3.363769,0.000143000000000004,3.3476,0.0350470375061036
"2026-05-23T05:25:41.888Z","run_bootstrap",88,"http://client3:8000","run","http://client3:8000/run",1,TRUE,200,1106,252,3.4742956161499,"2026-05-23T05:25:38.366496Z","2026-05-23T05:25:41.840791Z",1779513938.3665,1779513941.84079,0.000535,0.000628,0.000665,3.456342,3.456489,3.455677,0.000147000000000119,3.449,0.0252956161499025
"2026-05-23T05:25:45.574Z","run_bootstrap",89,"http://client1:8000","run","http://client1:8000/run",1,TRUE,200,1107,254,3.52289056777954,"2026-05-23T05:25:41.899526Z","2026-05-23T05:25:45.422416Z",1779513941.89953,1779513945.42242,0.000724,0.00083,0.000868,3.507724,3.507874,3.506856,0.000150000000000095,3.5005,0.0223905677795408
"2026-05-23T05:25:45.574Z","run_bootstrap",89,"http://client2:8000","run","http://client2:8000/run",1,TRUE,200,1107,255,3.6682825088501,"2026-05-23T05:25:41.901579Z","2026-05-23T05:25:45.569861Z",1779513941.90158,1779513945.56986,0.000547,0.000635,0.000666,3.655226,3.655445,3.65456,0.000218999999999969,3.6484,0.0198825088500976
"2026-05-23T05:25:45.574Z","run_bootstrap",89,"http://client3:8000","run","http://client3:8000/run",1,TRUE,200,1107,251,3.30846071243286,"2026-05-23T05:25:41.900800Z","2026-05-23T05:25:45.209261Z",1779513941.9008,1779513945.20926,0.000511,0.000581,0.000618,3.293786,3.293933,3.293168,0.000147000000000119,3.2871,0.0213607124328612
"2026-05-23T05:25:49.261Z","run_bootstrap",90,"http://client1:8000","run","http://client1:8000/run",1,TRUE,200,1107,254,3.475670337677,"2026-05-23T05:25:45.587592Z","2026-05-23T05:25:49.063262Z",1779513945.58759,1779513949.06326,0.00057,0.000674,0.000715,3.456944,3.457091,3.456229,0.000147000000000119,3.4497,0.025970337677002
"2026-05-23T05:25:49.261Z","run_bootstrap",90,"http://client2:8000","run","http://client2:8000/run",1,TRUE,200,1107,255,3.66879272460938,"2026-05-23T05:25:45.588317Z","2026-05-23T05:25:49.257109Z",1779513945.58832,1779513949.25711,0.000797,0.000889,0.000924,3.650681,3.650832,3.649757,0.00015099999999979,3.6438,0.0249927246093749
"2026-05-23T05:25:49.261Z","run_bootstrap",90,"http://client3:8000","run","http://client3:8000/run",1,TRUE,200,1107,251,3.42159199714661,"2026-05-23T05:25:45.588962Z","2026-05-23T05:25:49.010554Z",1779513945.58896,1779513949.01055,0.000398,0.00047,5e-04,3.402968,3.403101,3.402468,0.000132999999999939,3.3963,0.0252919971466063
"2026-05-23T05:25:52.965Z","run_bootstrap",91,"http://client1:8000","run","http://client1:8000/run",1,TRUE,200,1107,253,3.68512606620789,"2026-05-23T05:25:49.275316Z","2026-05-23T05:25:52.960442Z",1779513949.27532,1779513952.96044,0.000441,0.00053,0.000563,3.66846,3.668584,3.667897,0.000124000000000013,3.6611,0.0240260662078859
"2026-05-23T05:25:52.965Z","run_bootstrap",91,"http://client2:8000","run","http://client2:8000/run",1,TRUE,200,1107,254,3.50326728820801,"2026-05-23T05:25:49.276061Z","2026-05-23T05:25:52.779328Z",1779513949.27606,1779513952.77933,0.000581,0.000691,0.000726,3.483045,3.483193,3.482319,0.000147999999999815,3.4761,0.0271672882080076
"2026-05-23T05:25:52.965Z","run_bootstrap",91,"http://client3:8000","run","http://client3:8000/run",1,TRUE,200,1107,252,3.40849995613098,"2026-05-23T05:25:49.276461Z","2026-05-23T05:25:52.684961Z",1779513949.27646,1779513952.68496,0.000683,0.000802,0.000838,3.39429,3.394435,3.393452,0.000145000000000284,3.3861,0.0223999561309816
"2026-05-23T05:25:56.490Z","run_bootstrap",92,"http://client1:8000","run","http://client1:8000/run",1,TRUE,200,1107,253,3.50968217849731,"2026-05-23T05:25:52.976418Z","2026-05-23T05:25:56.486100Z",1779513952.97642,1779513956.4861,0.000551,0.000614,0.000637,3.495557,3.495669,3.49492,0.000112000000000112,3.4883,0.0213821784973143
"2026-05-23T05:25:56.490Z","run_bootstrap",92,"http://client2:8000","run","http://client2:8000/run",1,TRUE,200,1107,254,3.45945000648499,"2026-05-23T05:25:52.977268Z","2026-05-23T05:25:56.436718Z",1779513952.97727,1779513956.43672,0.000519,0.000591,0.000612,3.446921,3.447045,3.446309,0.000124000000000013,3.4393,0.0201500064849855
"2026-05-23T05:25:56.490Z","run_bootstrap",92,"http://client3:8000","run","http://client3:8000/run",1,TRUE,200,1107,252,3.4230842590332,"2026-05-23T05:25:52.978891Z","2026-05-23T05:25:56.401975Z",1779513952.97889,1779513956.40198,0.00056,0.000644,0.000675,3.408796,3.408934,3.408121,0.000137999999999749,3.4019,0.0211842590332032
"2026-05-23T05:26:00.223Z","run_bootstrap",93,"http://client1:8000","run","http://client1:8000/run",1,TRUE,200,1108,254,3.45220589637756,"2026-05-23T05:25:56.501774Z","2026-05-23T05:25:59.953980Z",1779513956.50177,1779513959.95398,0.000718,0.000824,0.00086,3.437865,3.438005,3.437005,0.000140000000000029,3.4305,0.0217058963775636
"2026-05-23T05:26:00.223Z","run_bootstrap",93,"http://client2:8000","run","http://client2:8000/run",1,TRUE,200,1108,255,3.56086134910583,"2026-05-23T05:25:56.503409Z","2026-05-23T05:26:00.064271Z",1779513956.50341,1779513960.06427,0.000552,0.000628,0.000658,3.544693,3.544833,3.544035,0.000140000000000029,3.5376,0.0232613491058351
"2026-05-23T05:26:00.223Z","run_bootstrap",93,"http://client3:8000","run","http://client3:8000/run",1,TRUE,200,1108,251,3.71592116355896,"2026-05-23T05:25:56.502690Z","2026-05-23T05:26:00.218611Z",1779513956.50269,1779513960.21861,0.00078,0.000847,0.000867,3.703206,3.703339,3.702339,0.000132999999999939,3.6964,0.0195211635589598
"2026-05-23T05:26:04.009Z","run_bootstrap",94,"http://client1:8000","run","http://client1:8000/run",1,TRUE,200,1108,254,3.68630385398865,"2026-05-23T05:26:00.236098Z","2026-05-23T05:26:03.922401Z",1779513960.2361,1779513963.9224,0.000511,0.000568,0.000588,3.672442,3.672581,3.671854,0.000138999999999889,3.6654,0.0209038539886475
"2026-05-23T05:26:04.009Z","run_bootstrap",94,"http://client2:8000","run","http://client2:8000/run",1,TRUE,200,1108,255,3.56114339828491,"2026-05-23T05:26:00.236763Z","2026-05-23T05:26:03.797906Z",1779513960.23676,1779513963.79791,0.000611,0.000654,0.00067,3.546462,3.546611,3.545792,0.000148999999999955,3.5397,0.0214433982849123
"2026-05-23T05:26:04.009Z","run_bootstrap",94,"http://client3:8000","run","http://client3:8000/run",1,TRUE,200,1108,251,3.76873707771301,"2026-05-23T05:26:00.235945Z","2026-05-23T05:26:04.004682Z",1779513960.23595,1779513964.00468,0.000451,0.000555,0.000585,3.754822,3.754947,3.754237,0.000125000000000153,3.7479,0.0208370777130127
"2026-05-23T05:26:07.767Z","run_bootstrap",95,"http://client1:8000","run","http://client1:8000/run",1,TRUE,200,1109,252,3.73380422592163,"2026-05-23T05:26:04.023159Z","2026-05-23T05:26:07.756963Z",1779513964.02316,1779513967.75696,0.000625,0.00074,0.000782,3.715895,3.716034,3.715113,0.000138999999999889,3.7084,0.0254042259216307
"2026-05-23T05:26:07.767Z","run_bootstrap",95,"http://client2:8000","run","http://client2:8000/run",1,TRUE,200,1109,252,3.62251305580139,"2026-05-23T05:26:04.023648Z","2026-05-23T05:26:07.646161Z",1779513964.02365,1779513967.64616,0.000513,0.000623,0.000663,3.603772,3.603912,3.603109,0.000139999999999585,3.5971,0.0254130558013914
"2026-05-23T05:26:07.767Z","run_bootstrap",95,"http://client3:8000","run","http://client3:8000/run",1,TRUE,200,1109,253,3.37367916107178,"2026-05-23T05:26:04.024166Z","2026-05-23T05:26:07.397845Z",1779513964.02417,1779513967.39785,0.000633,0.000735,0.000775,3.358535,3.358761,3.35776,0.000226000000000059,3.3479,0.0257791610717772
"2026-05-23T05:26:11.616Z","run_bootstrap",96,"http://client1:8000","run","http://client1:8000/run",1,TRUE,200,1109,252,3.65415096282959,"2026-05-23T05:26:07.780610Z","2026-05-23T05:26:11.434761Z",1779513967.78061,1779513971.43476,0.000674,0.000783,0.00082,3.640792,3.641033,3.639972,0.00024100000000038,3.6333,0.0208509628295896
"2026-05-23T05:26:11.616Z","run_bootstrap",96,"http://client2:8000","run","http://client2:8000/run",1,TRUE,200,1109,252,3.63973188400269,"2026-05-23T05:26:07.781903Z","2026-05-23T05:26:11.421635Z",1779513967.7819,1779513971.42164,0.000653,0.000766,0.000806,3.626133,3.626284,3.625327,0.000151000000000234,3.6186,0.0211318840026857
"2026-05-23T05:26:11.616Z","run_bootstrap",96,"http://client3:8000","run","http://client3:8000/run",1,TRUE,200,1109,253,3.83006238937378,"2026-05-23T05:26:07.782130Z","2026-05-23T05:26:11.612193Z",1779513967.78213,1779513971.61219,0.000671,0.000765,0.000804,3.816805,3.816955,3.816001,0.000150000000000095,3.8089,0.0211623893737793
"2026-05-23T05:26:15.465Z","run_bootstrap",97,"http://client1:8000","run","http://client1:8000/run",1,TRUE,200,1107,253,3.82922410964966,"2026-05-23T05:26:11.628690Z","2026-05-23T05:26:15.457914Z",1779513971.62869,1779513975.45791,0.000745,0.000853,0.000903,3.813212,3.813353,3.812309,0.000141000000000169,3.8057,0.0235241096496583
"2026-05-23T05:26:15.465Z","run_bootstrap",97,"http://client2:8000","run","http://client2:8000/run",1,TRUE,200,1107,254,3.58454298973083,"2026-05-23T05:26:11.629523Z","2026-05-23T05:26:15.214066Z",1779513971.62952,1779513975.21407,0.000464,0.000577,0.000612,3.566612,3.566751,3.566,0.000138999999999889,3.5596,0.0249429897308349
"2026-05-23T05:26:15.465Z","run_bootstrap",97,"http://client3:8000","run","http://client3:8000/run",1,TRUE,200,1107,252,3.66976547241211,"2026-05-23T05:26:11.630115Z","2026-05-23T05:26:15.299880Z",1779513971.63012,1779513975.29988,0.000651,0.000736,0.000761,3.649633,3.649766,3.648872,0.000132999999999939,3.633,0.0367654724121094
"2026-05-23T05:26:19.368Z","run_bootstrap",98,"http://client1:8000","run","http://client1:8000/run",1,TRUE,200,1107,253,3.88792681694031,"2026-05-23T05:26:15.475775Z","2026-05-23T05:26:19.363702Z",1779513975.47578,1779513979.3637,0.000771,0.000882,0.000916,3.874517,3.874654,3.873601,0.000137000000000054,3.8658,0.0221268169403075
"2026-05-23T05:26:19.368Z","run_bootstrap",98,"http://client2:8000","run","http://client2:8000/run",1,TRUE,200,1107,254,3.44657945632935,"2026-05-23T05:26:15.477354Z","2026-05-23T05:26:18.923933Z",1779513975.47735,1779513978.92393,0.00054,0.00062,0.00066,3.431976,3.432137,3.431316,0.000160999999999856,3.4218,0.0247794563293455
"2026-05-23T05:26:19.368Z","run_bootstrap",98,"http://client3:8000","run","http://client3:8000/run",1,TRUE,200,1107,253,3.88003611564636,"2026-05-23T05:26:15.477669Z","2026-05-23T05:26:19.357705Z",1779513975.47767,1779513979.35771,0.000616,0.000708,0.000745,3.866232,3.866373,3.865487,0.000140999999999725,3.8583,0.0217361156463625
"2026-05-23T05:26:23.259Z","run_bootstrap",99,"http://client1:8000","run","http://client1:8000/run",1,TRUE,200,1105,254,3.87311506271362,"2026-05-23T05:26:19.379596Z","2026-05-23T05:26:23.252712Z",1779513979.3796,1779513983.25271,0.000492,0.000588,0.000611,3.856677,3.856815,3.856066,0.000138000000000194,3.8485,0.024615062713623
"2026-05-23T05:26:23.259Z","run_bootstrap",99,"http://client2:8000","run","http://client2:8000/run",1,TRUE,200,1105,253,3.40910768508911,"2026-05-23T05:26:19.380238Z","2026-05-23T05:26:22.789346Z",1779513979.38024,1779513982.78935,0.000471,0.000553,0.000588,3.388661,3.388825,3.388073,0.000164000000000275,3.3781,0.0310076850891114
"2026-05-23T05:26:23.259Z","run_bootstrap",99,"http://client3:8000","run","http://client3:8000/run",1,TRUE,200,1105,250,3.85428929328918,"2026-05-23T05:26:19.380780Z","2026-05-23T05:26:23.235069Z",1779513979.38078,1779513983.23507,0.000532,0.000613,0.000645,3.838885,3.839036,3.83824,0.000151000000000234,3.831,0.0232892932891846
"2026-05-23T05:26:27.253Z","run_bootstrap",100,"http://client1:8000","run","http://client1:8000/run",1,TRUE,200,1105,254,3.72547340393066,"2026-05-23T05:26:23.273015Z","2026-05-23T05:26:26.998489Z",1779513983.27302,1779513986.99849,0.000875,0.00094,0.00096,3.702704,3.70286,3.701744,0.000155999999999601,3.5506,0.174873403930664
"2026-05-23T05:26:27.253Z","run_bootstrap",100,"http://client2:8000","run","http://client2:8000/run",1,TRUE,200,1105,253,3.97570514678955,"2026-05-23T05:26:23.273210Z","2026-05-23T05:26:27.248915Z",1779513983.27321,1779513987.24892,0.000474,0.000566,6e-04,3.954883,3.955179,3.954283,0.00029599999999963,3.8139,0.161805146789551
"2026-05-23T05:26:27.253Z","run_bootstrap",100,"http://client3:8000","run","http://client3:8000/run",1,TRUE,200,1105,251,3.71027064323425,"2026-05-23T05:26:23.273330Z","2026-05-23T05:26:26.983601Z",1779513983.27333,1779513986.9836,0.000678,0.000787,0.000823,3.694966,3.695125,3.694143,0.00015900000000002,3.5451,0.165170643234253
"2026-05-23T05:26:30.966Z","run_bootstrap",101,"http://client1:8000","run","http://client1:8000/run",1,TRUE,200,1109,252,3.69351196289062,"2026-05-23T05:26:27.265609Z","2026-05-23T05:26:30.959121Z",1779513987.26561,1779513990.95912,0.000608,0.000683,0.000714,3.6666,3.666692,3.665886,9.1999999999981e-05,3.66,0.0335119628906249
"2026-05-23T05:26:30.966Z","run_bootstrap",101,"http://client2:8000","run","http://client2:8000/run",1,TRUE,200,1109,253,3.39643692970276,"2026-05-23T05:26:27.266279Z","2026-05-23T05:26:30.662716Z",1779513987.26628,1779513990.66272,5e-04,0.000598,0.000634,3.369959,3.370098,3.369325,0.000138999999999889,3.3601,0.0363369297027587
"2026-05-23T05:26:30.966Z","run_bootstrap",101,"http://client3:8000","run","http://client3:8000/run",1,TRUE,200,1109,253,3.40328860282898,"2026-05-23T05:26:27.266808Z","2026-05-23T05:26:30.670097Z",1779513987.26681,1779513990.6701,0.000644,0.000755,0.00079,3.378066,3.378196,3.377276,0.000129999999999963,3.3709,0.0323886028289797
"2026-05-23T05:26:34.665Z","run_bootstrap",102,"http://client1:8000","run","http://client1:8000/run",1,TRUE,200,1109,254,3.43846273422241,"2026-05-23T05:26:30.980503Z","2026-05-23T05:26:34.418965Z",1779513990.9805,1779513994.41897,0.00046,0.000549,0.00057,3.425128,3.425257,3.424558,0.000129000000000268,3.4181,0.0203627342224122
"2026-05-23T05:26:34.665Z","run_bootstrap",102,"http://client2:8000","run","http://client2:8000/run",1,TRUE,200,1109,253,3.68002700805664,"2026-05-23T05:26:30.980766Z","2026-05-23T05:26:34.660793Z",1779513990.98077,1779513994.66079,0.000485,0.000549,0.000574,3.667004,3.667057,3.66643,5.29999999998587e-05,3.6601,0.0199270080566407
"2026-05-23T05:26:34.665Z","run_bootstrap",102,"http://client3:8000","run","http://client3:8000/run",1,TRUE,200,1109,252,3.48355650901794,"2026-05-23T05:26:30.981234Z","2026-05-23T05:26:34.464791Z",1779513990.98123,1779513994.46479,0.000592,0.000646,0.000664,3.470195,3.470341,3.469531,0.000145999999999979,3.463,0.0205565090179443
"2026-05-23T05:26:38.363Z","run_bootstrap",103,"http://client1:8000","run","http://client1:8000/run",1,TRUE,200,1107,252,3.53330111503601,"2026-05-23T05:26:34.676973Z","2026-05-23T05:26:38.210274Z",1779513994.67697,1779513998.21027,0.000562,0.000636,0.000659,3.519726,3.519872,3.519067,0.000145999999999979,3.5123,0.0210011150360105
"2026-05-23T05:26:38.363Z","run_bootstrap",103,"http://client2:8000","run","http://client2:8000/run",1,TRUE,200,1107,255,3.46194744110107,"2026-05-23T05:26:34.677782Z","2026-05-23T05:26:38.139729Z",1779513994.67778,1779513998.13973,0.00057,0.000648,0.000682,3.448351,3.448494,3.447669,0.000143000000000004,3.4406,0.0213474411010743
"2026-05-23T05:26:38.363Z","run_bootstrap",103,"http://client3:8000","run","http://client3:8000/run",1,TRUE,200,1107,252,3.67764854431152,"2026-05-23T05:26:34.678207Z","2026-05-23T05:26:38.355855Z",1779513994.67821,1779513998.35586,0.000561,0.000635,0.000658,3.664409,3.664578,3.663751,0.000169000000000086,3.657,0.0206485443115234
"2026-05-23T05:26:41.889Z","run_bootstrap",104,"http://client1:8000","run","http://client1:8000/run",1,TRUE,200,1107,252,3.43345332145691,"2026-05-23T05:26:38.379812Z","2026-05-23T05:26:41.813266Z",1779513998.37981,1779514001.81327,0.00069,0.000803,0.000841,3.418858,3.419003,3.418017,0.00014499999999984,3.4111,0.0223533214569094
"2026-05-23T05:26:41.889Z","run_bootstrap",104,"http://client2:8000","run","http://client2:8000/run",1,TRUE,200,1107,255,3.4978199005127,"2026-05-23T05:26:38.381868Z","2026-05-23T05:26:41.879688Z",1779513998.38187,1779514001.87969,0.00061,0.000726,0.000767,3.479045,3.479188,3.478278,0.000143000000000004,3.4701,0.0277199005126954
"2026-05-23T05:26:41.889Z","run_bootstrap",104,"http://client3:8000","run","http://client3:8000/run",1,TRUE,200,1107,253,3.5009868144989,"2026-05-23T05:26:38.382364Z","2026-05-23T05:26:41.883350Z",1779513998.38236,1779514001.88335,0.00053,0.000652,0.000694,3.479518,3.479631,3.478824,0.000112999999999808,3.4729,0.0280868144989013
"2026-05-23T05:26:45.625Z","run_bootstrap",105,"http://client1:8000","run","http://client1:8000/run",1,TRUE,200,1107,253,3.33112335205078,"2026-05-23T05:26:41.901212Z","2026-05-23T05:26:45.232336Z",1779514001.90121,1779514005.23234,0.000619,0.000748,0.000784,3.316357,3.316444,3.315573,8.70000000001703e-05,3.309,0.0221233520507811
"2026-05-23T05:26:45.625Z","run_bootstrap",105,"http://client2:8000","run","http://client2:8000/run",1,TRUE,200,1107,254,3.32780241966248,"2026-05-23T05:26:41.901896Z","2026-05-23T05:26:45.229698Z",1779514001.9019,1779514005.2297,0.000682,0.000793,0.000832,3.312684,3.312818,3.311852,0.000134000000000079,3.3054,0.0224024196624755
"2026-05-23T05:26:45.625Z","run_bootstrap",105,"http://client3:8000","run","http://client3:8000/run",1,TRUE,200,1107,252,3.71692085266113,"2026-05-23T05:26:41.902474Z","2026-05-23T05:26:45.619395Z",1779514001.90247,1779514005.6194,0.000547,0.000667,0.000703,3.700736,3.700877,3.700033,0.000141000000000169,3.6939,0.0230208526611326
"2026-05-23T05:26:49.413Z","run_bootstrap",106,"http://client1:8000","run","http://client1:8000/run",1,TRUE,200,1107,254,3.57738280296326,"2026-05-23T05:26:45.639231Z","2026-05-23T05:26:49.216614Z",1779514005.63923,1779514009.21661,0.000568,0.000652,0.000675,3.55913,3.559229,3.558455,9.90000000000713e-05,3.5519,0.025482802963257
"2026-05-23T05:26:49.413Z","run_bootstrap",106,"http://client2:8000","run","http://client2:8000/run",1,TRUE,200,1107,254,3.505526304245,"2026-05-23T05:26:45.639866Z","2026-05-23T05:26:49.145392Z",1779514005.63987,1779514009.14539,0.000331,0.000427,0.000458,3.484934,3.485062,3.484476,0.000128000000000128,3.4759,0.0296263042449949
"2026-05-23T05:26:49.413Z","run_bootstrap",106,"http://client3:8000","run","http://client3:8000/run",1,TRUE,200,1107,252,3.76486706733704,"2026-05-23T05:26:45.640213Z","2026-05-23T05:26:49.405081Z",1779514005.64021,1779514009.40508,0.000665,0.000726,0.000746,3.747576,3.747706,3.74683,0.000129999999999963,3.7397,0.0251670673370361
"2026-05-23T05:26:53.289Z","run_bootstrap",107,"http://client1:8000","run","http://client1:8000/run",1,TRUE,200,1108,253,3.52229428291321,"2026-05-23T05:26:49.477395Z","2026-05-23T05:26:52.999689Z",1779514009.4774,1779514012.99969,0.000692,0.000796,0.000831,3.509034,3.50915,3.508203,0.000115999999999783,3.5008,0.0214942829132081
"2026-05-23T05:26:53.289Z","run_bootstrap",107,"http://client2:8000","run","http://client2:8000/run",1,TRUE,200,1108,254,3.60737180709839,"2026-05-23T05:26:49.478809Z","2026-05-23T05:26:53.086181Z",1779514009.47881,1779514013.08618,0.000683,0.00079,0.000825,3.592061,3.592204,3.591236,0.000143000000000004,3.5843,0.0230718070983889
"2026-05-23T05:26:53.289Z","run_bootstrap",107,"http://client3:8000","run","http://client3:8000/run",1,TRUE,200,1108,252,3.80303812026978,"2026-05-23T05:26:49.479234Z","2026-05-23T05:26:53.282272Z",1779514009.47923,1779514013.28227,0.000729,0.000841,0.000879,3.782799,3.782941,3.78192,0.000142000000000309,3.773,0.0300381202697753
"2026-05-23T05:26:57.123Z","run_bootstrap",108,"http://client1:8000","run","http://client1:8000/run",1,TRUE,200,1108,253,3.54253220558167,"2026-05-23T05:26:53.307290Z","2026-05-23T05:26:56.849822Z",1779514013.30729,1779514016.84982,7e-04,0.000815,0.000852,3.521558,3.521703,3.520706,0.00014499999999984,3.5143,0.0282322055816651
"2026-05-23T05:26:57.123Z","run_bootstrap",108,"http://client2:8000","run","http://client2:8000/run",1,TRUE,200,1108,254,3.80785655975342,"2026-05-23T05:26:53.307915Z","2026-05-23T05:26:57.115772Z",1779514013.30792,1779514017.11577,0.000753,0.000824,0.000855,3.787486,3.78763,3.786631,0.000144000000000144,3.7798,0.0280565597534181
"2026-05-23T05:26:57.123Z","run_bootstrap",108,"http://client3:8000","run","http://client3:8000/run",1,TRUE,200,1108,253,3.5068199634552,"2026-05-23T05:26:53.308211Z","2026-05-23T05:26:56.815031Z",1779514013.30821,1779514016.81503,0.00063,0.000741,0.000775,3.493765,3.49387,3.49299,0.000105000000000022,3.4772,0.0296199634552003
"2026-05-23T05:27:01.006Z","run_bootstrap",109,"http://client1:8000","run","http://client1:8000/run",1,TRUE,200,1109,264,3.77009201049805,"2026-05-23T05:26:57.134210Z","2026-05-23T05:27:00.904302Z",1779514017.13421,1779514020.9043,0.000766,0.000852,0.000887,3.756929,3.75703,3.756042,0.000100999999999907,3.7493,0.020792010498047
"2026-05-23T05:27:01.006Z","run_bootstrap",109,"http://client2:8000","run","http://client2:8000/run",1,TRUE,200,1109,262,3.86334276199341,"2026-05-23T05:26:57.136067Z","2026-05-23T05:27:00.999409Z",1779514017.13607,1779514020.99941,0.000499,0.000601,0.000636,3.843732,3.843877,3.843096,0.00014499999999984,3.8368,0.026542761993408
"2026-05-23T05:27:01.006Z","run_bootstrap",109,"http://client3:8000","run","http://client3:8000/run",1,TRUE,200,1109,261,3.71288299560547,"2026-05-23T05:26:57.136546Z","2026-05-23T05:27:00.849429Z",1779514017.13655,1779514020.84943,0.000622,0.000715,0.000748,3.694162,3.6943,3.693414,0.000138000000000194,3.6868,0.0260829956054689
"2026-05-23T05:27:04.896Z","run_bootstrap",110,"http://client1:8000","run","http://client1:8000/run",1,TRUE,200,1109,264,3.74754643440247,"2026-05-23T05:27:01.020152Z","2026-05-23T05:27:04.767699Z",1779514021.02015,1779514024.7677,0.000635,0.00074,0.000783,3.732282,3.732435,3.731499,0.00015300000000007,3.7245,0.0230464344024659
"2026-05-23T05:27:04.896Z","run_bootstrap",110,"http://client2:8000","run","http://client2:8000/run",1,TRUE,200,1109,262,3.6194007396698,"2026-05-23T05:27:01.019387Z","2026-05-23T05:27:04.638788Z",1779514021.01939,1779514024.63879,0.000686,0.000794,0.000834,3.604474,3.604794,3.60364,0.000319999999999876,3.5958,0.0236007396697997
"2026-05-23T05:27:04.896Z","run_bootstrap",110,"http://client3:8000","run","http://client3:8000/run",1,TRUE,200,1109,261,3.86886596679688,"2026-05-23T05:27:01.021077Z","2026-05-23T05:27:04.889943Z",1779514021.02108,1779514024.88994,0.000626,0.000731,0.000774,3.85463,3.854771,3.853856,0.000141000000000169,3.8473,0.0215659667968748
"2026-05-23T05:27:08.750Z","run_bootstrap",111,"http://client1:8000","run","http://client1:8000/run",1,TRUE,200,1108,254,3.57605457305908,"2026-05-23T05:27:04.908348Z","2026-05-23T05:27:08.484403Z",1779514024.90835,1779514028.4844,0.00067,0.000784,0.000821,3.561308,3.56145,3.560487,0.000141999999999864,3.5533,0.0227545730590819
"2026-05-23T05:27:08.750Z","run_bootstrap",111,"http://client2:8000","run","http://client2:8000/run",1,TRUE,200,1108,253,3.3931360244751,"2026-05-23T05:27:04.910598Z","2026-05-23T05:27:08.303734Z",1779514024.9106,1779514028.30373,0.00078,0.000901,0.000937,3.378184,3.378333,3.377247,0.000148999999999955,3.3675,0.0256360244750975
"2026-05-23T05:27:08.750Z","run_bootstrap",111,"http://client3:8000","run","http://client3:8000/run",1,TRUE,200,1108,253,3.8318567276001,"2026-05-23T05:27:04.910984Z","2026-05-23T05:27:08.742841Z",1779514024.91098,1779514028.74284,0.000535,0.000623,0.000656,3.816534,3.816675,3.815878,0.000141000000000169,3.8091,0.0227567276000977
"2026-05-23T05:27:12.624Z","run_bootstrap",112,"http://client1:8000","run","http://client1:8000/run",1,TRUE,200,1108,254,3.56086874008179,"2026-05-23T05:27:08.769496Z","2026-05-23T05:27:12.330365Z",1779514028.7695,1779514032.33037,0.000525,0.00063,0.000665,3.538948,3.539041,3.538283,9.30000000001208e-05,3.5303,0.0305687400817871
"2026-05-23T05:27:12.624Z","run_bootstrap",112,"http://client2:8000","run","http://client2:8000/run",1,TRUE,200,1108,252,3.82771039009094,"2026-05-23T05:27:08.768821Z","2026-05-23T05:27:12.596531Z",1779514028.76882,1779514032.59653,0.000632,0.000738,0.000774,3.809671,3.809812,3.808897,0.000141000000000169,3.801,0.0267103900909422
"2026-05-23T05:27:12.624Z","run_bootstrap",112,"http://client3:8000","run","http://client3:8000/run",1,TRUE,200,1108,253,3.84988355636597,"2026-05-23T05:27:08.770543Z","2026-05-23T05:27:12.620427Z",1779514028.77054,1779514032.62043,0.00061,0.000671,0.000691,3.826809,3.826929,3.826118,0.000119999999999898,3.8185,0.031383556365967
"2026-05-23T05:27:16.444Z","run_bootstrap",113,"http://client1:8000","run","http://client1:8000/run",1,TRUE,200,1109,254,3.42937421798706,"2026-05-23T05:27:12.638468Z","2026-05-23T05:27:16.067842Z",1779514032.63847,1779514036.06784,0.000763,0.000879,0.000919,3.413478,3.413594,3.412559,0.000115999999999783,3.3953,0.0340742179870603
"2026-05-23T05:27:16.444Z","run_bootstrap",113,"http://client2:8000","run","http://client2:8000/run",1,TRUE,200,1109,253,3.79812479019165,"2026-05-23T05:27:12.639098Z","2026-05-23T05:27:16.437222Z",1779514032.6391,1779514036.43722,0.000592,7e-04,0.000741,3.780798,3.780948,3.780057,0.000150000000000095,3.7738,0.0243247901916503
"2026-05-23T05:27:16.444Z","run_bootstrap",113,"http://client3:8000","run","http://client3:8000/run",1,TRUE,200,1109,253,3.65691542625427,"2026-05-23T05:27:12.639512Z","2026-05-23T05:27:16.296428Z",1779514032.63951,1779514036.29643,0.000622,0.000735,0.000776,3.637665,3.63778,3.636889,0.000114999999999643,3.6282,0.0287154262542724
"2026-05-23T05:27:20.282Z","run_bootstrap",114,"http://client1:8000","run","http://client1:8000/run",1,TRUE,200,1109,254,3.38686966896057,"2026-05-23T05:27:16.456802Z","2026-05-23T05:27:19.843672Z",1779514036.4568,1779514039.84367,0.000353,0.000446,0.000483,3.372299,3.372428,3.371816,0.000129000000000268,3.3627,0.0241696689605715
"2026-05-23T05:27:20.282Z","run_bootstrap",114,"http://client2:8000","run","http://client2:8000/run",1,TRUE,200,1109,253,3.81776762008667,"2026-05-23T05:27:16.457285Z","2026-05-23T05:27:20.275052Z",1779514036.45729,1779514040.27505,0.00045,0.000524,0.000555,3.803749,3.803886,3.803194,0.000137000000000054,3.7959,0.0218676200866699
"2026-05-23T05:27:20.282Z","run_bootstrap",114,"http://client3:8000","run","http://client3:8000/run",1,TRUE,200,1109,253,3.64075613021851,"2026-05-23T05:27:16.456531Z","2026-05-23T05:27:20.097287Z",1779514036.45653,1779514040.09729,0.000745,0.000875,0.000914,3.626381,3.626513,3.625467,0.000132000000000243,3.6188,0.0219561302185061
"2026-05-23T05:27:24.150Z","run_bootstrap",115,"http://client1:8000","run","http://client1:8000/run",1,TRUE,200,1108,255,3.85128784179688,"2026-05-23T05:27:20.293842Z","2026-05-23T05:27:24.145130Z",1779514040.29384,1779514044.14513,0.000666,0.000778,0.000817,3.836739,3.836869,3.835922,0.000129999999999963,3.8288,0.0224878417968748
"2026-05-23T05:27:24.150Z","run_bootstrap",115,"http://client2:8000","run","http://client2:8000/run",1,TRUE,200,1108,255,3.57663989067078,"2026-05-23T05:27:20.294079Z","2026-05-23T05:27:23.870719Z",1779514040.29408,1779514043.87072,0.000512,6e-04,0.000639,3.554777,3.55492,3.554138,0.000143000000000004,3.5477,0.0289398906707765
"2026-05-23T05:27:24.150Z","run_bootstrap",115,"http://client3:8000","run","http://client3:8000/run",1,TRUE,200,1108,253,3.65030837059021,"2026-05-23T05:27:20.294516Z","2026-05-23T05:27:23.944824Z",1779514040.29452,1779514043.94482,0.00064,0.000748,0.000787,3.629644,3.629728,3.628857,8.4000000000195e-05,3.622,0.0283083705902101
"2026-05-23T05:27:27.831Z","run_bootstrap",116,"http://client1:8000","run","http://client1:8000/run",1,TRUE,200,1108,255,3.58407473564148,"2026-05-23T05:27:24.169198Z","2026-05-23T05:27:27.753273Z",1779514044.1692,1779514047.75327,0.000631,0.000719,0.000752,3.561767,3.561903,3.561015,0.000135999999999914,3.5542,0.0298747356414797
"2026-05-23T05:27:27.831Z","run_bootstrap",116,"http://client2:8000","run","http://client2:8000/run",1,TRUE,200,1108,255,3.62001013755798,"2026-05-23T05:27:24.168669Z","2026-05-23T05:27:27.788680Z",1779514044.16867,1779514047.78868,0.000625,0.000686,0.000705,3.606258,3.606361,3.605553,0.000103000000000186,3.5965,0.0235101375579836
"2026-05-23T05:27:27.831Z","run_bootstrap",116,"http://client3:8000","run","http://client3:8000/run",1,TRUE,200,1108,254,3.65410709381104,"2026-05-23T05:27:24.169249Z","2026-05-23T05:27:27.823356Z",1779514044.16925,1779514047.82336,0.000572,0.000651,0.000673,3.640062,3.640196,3.639389,0.000134000000000079,3.6329,0.0212070938110354
"2026-05-23T05:27:31.750Z","run_bootstrap",117,"http://client1:8000","run","http://client1:8000/run",1,TRUE,200,1108,251,3.71375870704651,"2026-05-23T05:27:27.843828Z","2026-05-23T05:27:31.557586Z",1779514047.84383,1779514051.55759,0.000491,0.000561,6e-04,3.697371,3.697503,3.696771,0.000132000000000243,3.6882,0.0255587070465086
"2026-05-23T05:27:31.750Z","run_bootstrap",117,"http://client2:8000","run","http://client2:8000/run",1,TRUE,200,1108,255,3.60666155815125,"2026-05-23T05:27:27.844004Z","2026-05-23T05:27:31.450666Z",1779514047.844,1779514051.45067,0.000601,0.000661,0.000682,3.59279,3.592914,3.592108,0.000124000000000013,3.5743,0.0323615581512451
"2026-05-23T05:27:31.750Z","run_bootstrap",117,"http://client3:8000","run","http://client3:8000/run",1,TRUE,200,1108,254,3.90158939361572,"2026-05-23T05:27:27.844171Z","2026-05-23T05:27:31.745760Z",1779514047.84417,1779514051.74576,0.000573,0.000656,0.000678,3.887918,3.888062,3.88724,0.000144000000000144,3.8798,0.0217893936157227
"2026-05-23T05:27:35.706Z","run_bootstrap",118,"http://client1:8000","run","http://client1:8000/run",1,TRUE,200,1108,250,3.64974403381348,"2026-05-23T05:27:31.768634Z","2026-05-23T05:27:35.418378Z",1779514051.76863,1779514055.41838,0.000582,0.000682,0.000717,3.637884,3.637976,3.637167,9.1999999999981e-05,3.629,0.0207440338134766
"2026-05-23T05:27:35.706Z","run_bootstrap",118,"http://client2:8000","run","http://client2:8000/run",1,TRUE,200,1108,254,3.66516089439392,"2026-05-23T05:27:31.769528Z","2026-05-23T05:27:35.434689Z",1779514051.76953,1779514055.43469,0.000639,0.000748,0.000785,3.647606,3.647722,3.646821,0.000115999999999783,3.639,0.0261608943939211
"2026-05-23T05:27:35.706Z","run_bootstrap",118,"http://client3:8000","run","http://client3:8000/run",1,TRUE,200,1108,254,3.93019580841064,"2026-05-23T05:27:31.769531Z","2026-05-23T05:27:35.699727Z",1779514051.76953,1779514055.69973,0.000696,0.000813,0.00085,3.910954,3.911076,3.910104,0.000122000000000178,3.8895,0.0406958084106446
"2026-05-23T05:27:39.504Z","run_bootstrap",119,"http://client1:8000","run","http://client1:8000/run",1,TRUE,200,1109,251,3.74867844581604,"2026-05-23T05:27:35.726656Z","2026-05-23T05:27:39.475335Z",1779514055.72666,1779514059.47534,0.000677,0.000766,0.000797,3.7301,3.730238,3.729303,0.000137999999999749,3.7201,0.0285784458160401
"2026-05-23T05:27:39.504Z","run_bootstrap",119,"http://client2:8000","run","http://client2:8000/run",1,TRUE,200,1109,255,3.77204990386963,"2026-05-23T05:27:35.727251Z","2026-05-23T05:27:39.499300Z",1779514055.72725,1779514059.4993,0.000767,0.000871,0.000915,3.754185,3.754336,3.75327,0.00015099999999979,3.7458,0.0262499038696289
"2026-05-23T05:27:39.504Z","run_bootstrap",119,"http://client3:8000","run","http://client3:8000/run",1,TRUE,200,1109,255,3.5359468460083,"2026-05-23T05:27:35.728069Z","2026-05-23T05:27:39.264015Z",1779514055.72807,1779514059.26402,0.000735,0.000808,0.000838,3.518749,3.518906,3.517911,0.000156999999999741,3.5055,0.0304468460083007
"2026-05-23T05:27:43.461Z","run_bootstrap",120,"http://client1:8000","run","http://client1:8000/run",1,TRUE,200,1109,251,3.90622711181641,"2026-05-23T05:27:39.516749Z","2026-05-23T05:27:43.422976Z",1779514059.51675,1779514063.42298,0.000482,0.000569,0.000607,3.890924,3.891045,3.890317,0.000121000000000038,3.7271,0.179127111816406
"2026-05-23T05:27:43.461Z","run_bootstrap",120,"http://client2:8000","run","http://client2:8000/run",1,TRUE,200,1109,255,3.92899584770203,"2026-05-23T05:27:39.517282Z","2026-05-23T05:27:43.446278Z",1779514059.51728,1779514063.44628,0.000467,0.000546,0.000585,3.913297,3.913437,3.912712,0.000140000000000029,3.7496,0.179395847702026
"2026-05-23T05:27:43.461Z","run_bootstrap",120,"http://client3:8000","run","http://client3:8000/run",1,TRUE,200,1109,255,3.93831491470337,"2026-05-23T05:27:39.517431Z","2026-05-23T05:27:43.455746Z",1779514059.51743,1779514063.45575,0.000772,0.000882,0.000925,3.924435,3.924576,3.92351,0.000141000000000169,3.7569,0.181414914703369
"2026-05-23T05:27:47.185Z","run_bootstrap",121,"http://client1:8000","run","http://client1:8000/run",1,TRUE,200,1106,253,3.5415370464325,"2026-05-23T05:27:43.473093Z","2026-05-23T05:27:47.014630Z",1779514063.47309,1779514067.01463,0.000627,0.000702,0.000744,3.527944,3.528075,3.5272,0.000130999999999659,3.5213,0.020237046432495
"2026-05-23T05:27:47.185Z","run_bootstrap",121,"http://client2:8000","run","http://client2:8000/run",1,TRUE,200,1106,254,3.4991774559021,"2026-05-23T05:27:43.472524Z","2026-05-23T05:27:46.971701Z",1779514063.47252,1779514066.9717,0.000405,0.000482,0.000505,3.485163,3.485285,3.484658,0.000122000000000178,3.479,0.0201774559020995
"2026-05-23T05:27:47.185Z","run_bootstrap",121,"http://client3:8000","run","http://client3:8000/run",1,TRUE,200,1106,254,3.70564484596252,"2026-05-23T05:27:43.472726Z","2026-05-23T05:27:47.178371Z",1779514063.47273,1779514067.17837,0.00041,0.000467,0.000491,3.69128,3.691429,3.690789,0.000148999999999955,3.6851,0.0205448459625246
"2026-05-23T05:27:50.948Z","run_bootstrap",122,"http://client1:8000","run","http://client1:8000/run",1,TRUE,200,1106,252,3.48132920265198,"2026-05-23T05:27:47.205590Z","2026-05-23T05:27:50.686920Z",1779514067.20559,1779514070.68692,0.000491,0.000703,0.000742,3.462658,3.46278,3.461916,0.000122000000000178,3.452,0.0293292026519776
"2026-05-23T05:27:50.948Z","run_bootstrap",122,"http://client2:8000","run","http://client2:8000/run",1,TRUE,200,1106,255,3.73807787895203,"2026-05-23T05:27:47.205951Z","2026-05-23T05:27:50.944029Z",1779514067.20595,1779514070.94403,0.000474,0.00059,0.00061,3.719616,3.719753,3.719006,0.000137000000000054,3.7126,0.0254778789520262
"2026-05-23T05:27:50.948Z","run_bootstrap",122,"http://client3:8000","run","http://client3:8000/run",1,TRUE,200,1106,254,3.55120301246643,"2026-05-23T05:27:47.205628Z","2026-05-23T05:27:50.756831Z",1779514067.20563,1779514070.75683,0.000632,0.000735,0.00077,3.5364,3.536726,3.53563,0.000325999999999826,3.5293,0.0219030124664306
"2026-05-23T05:27:54.706Z","run_bootstrap",123,"http://client1:8000","run","http://client1:8000/run",1,TRUE,200,1108,254,3.74034881591797,"2026-05-23T05:27:50.961483Z","2026-05-23T05:27:54.701832Z",1779514070.96148,1779514074.70183,0.000574,0.000624,0.000643,3.721134,3.721158,3.720491,2.3999999999802e-05,3.7136,0.0267488159179687
"2026-05-23T05:27:54.706Z","run_bootstrap",123,"http://client2:8000","run","http://client2:8000/run",1,TRUE,200,1108,256,3.44263672828674,"2026-05-23T05:27:50.962161Z","2026-05-23T05:27:54.404798Z",1779514070.96216,1779514074.4048,0.000525,0.000605,0.00063,3.424041,3.424065,3.423411,2.4000000000246e-05,3.4171,0.0255367282867431
"2026-05-23T05:27:54.706Z","run_bootstrap",123,"http://client3:8000","run","http://client3:8000/run",1,TRUE,200,1108,255,3.50939416885376,"2026-05-23T05:27:50.962649Z","2026-05-23T05:27:54.472043Z",1779514070.96265,1779514074.47204,0.000652,0.000704,0.000723,3.490615,3.49065,3.489892,3.50000000000072e-05,3.4836,0.0257941688537597
"2026-05-23T05:27:58.451Z","run_bootstrap",124,"http://client1:8000","run","http://client1:8000/run",1,TRUE,200,1108,254,3.51267194747925,"2026-05-23T05:27:54.720597Z","2026-05-23T05:27:58.233269Z",1779514074.7206,1779514078.23327,0.000627,0.000738,0.000778,3.491104,3.491245,3.490326,0.000141000000000169,3.4839,0.0287719474792478
"2026-05-23T05:27:58.451Z","run_bootstrap",124,"http://client2:8000","run","http://client2:8000/run",1,TRUE,200,1108,256,3.72225046157837,"2026-05-23T05:27:54.721311Z","2026-05-23T05:27:58.443562Z",1779514074.72131,1779514078.44356,0.000645,0.000738,0.000772,3.700997,3.701159,3.700225,0.000161999999999995,3.6941,0.028150461578369
"2026-05-23T05:27:58.451Z","run_bootstrap",124,"http://client3:8000","run","http://client3:8000/run",1,TRUE,200,1108,254,3.4551362991333,"2026-05-23T05:27:54.721944Z","2026-05-23T05:27:58.177080Z",1779514074.72194,1779514078.17708,0.000616,0.000718,0.000755,3.441354,3.441458,3.440599,0.000103999999999882,3.432,0.0231362991333008
"2026-05-23T05:28:02.054Z","run_bootstrap",125,"http://client1:8000","run","http://client1:8000/run",1,TRUE,200,1109,253,3.5294394493103,"2026-05-23T05:27:58.467087Z","2026-05-23T05:28:01.996527Z",1779514078.46709,1779514081.99653,0.000637,0.000754,0.000792,3.51584,3.515974,3.515048,0.000134000000000079,3.5081,0.0213394493103025
"2026-05-23T05:28:02.054Z","run_bootstrap",125,"http://client2:8000","run","http://client2:8000/run",1,TRUE,200,1109,255,3.51231837272644,"2026-05-23T05:27:58.467698Z","2026-05-23T05:28:01.980016Z",1779514078.4677,1779514081.98002,0.000666,0.000766,0.000801,3.498665,3.498816,3.497864,0.000151000000000234,3.4917,0.0206183727264406
"2026-05-23T05:28:02.054Z","run_bootstrap",125,"http://client3:8000","run","http://client3:8000/run",1,TRUE,200,1109,254,3.57749438285828,"2026-05-23T05:27:58.469517Z","2026-05-23T05:28:02.047012Z",1779514078.46952,1779514082.04701,0.000508,0.000596,0.000628,3.560258,3.560369,3.55963,0.000110999999999972,3.553,0.0244943828582764
"2026-05-23T05:28:05.822Z","run_bootstrap",126,"http://client1:8000","run","http://client1:8000/run",1,TRUE,200,1109,253,3.60800337791443,"2026-05-23T05:28:02.071822Z","2026-05-23T05:28:05.679826Z",1779514082.07182,1779514085.67983,0.000696,8e-04,0.000841,3.591717,3.591797,3.590876,8.000000000008e-05,3.5844,0.0236033779144287
"2026-05-23T05:28:05.822Z","run_bootstrap",126,"http://client2:8000","run","http://client2:8000/run",1,TRUE,200,1109,255,3.46539545059204,"2026-05-23T05:28:02.072243Z","2026-05-23T05:28:05.537639Z",1779514082.07224,1779514085.53764,0.000646,0.000738,0.000778,3.449306,3.449421,3.448528,0.000115000000000087,3.4422,0.0231954505920409
"2026-05-23T05:28:05.822Z","run_bootstrap",126,"http://client3:8000","run","http://client3:8000/run",1,TRUE,200,1109,255,3.7425229549408,"2026-05-23T05:28:02.072716Z","2026-05-23T05:28:05.815239Z",1779514082.07272,1779514085.81524,0.000694,0.000772,0.000813,3.727095,3.727226,3.726282,0.000131000000000103,3.7203,0.022222954940796
"2026-05-23T05:28:09.576Z","run_bootstrap",127,"http://client1:8000","run","http://client1:8000/run",1,TRUE,200,1109,252,3.73266887664795,"2026-05-23T05:28:05.839459Z","2026-05-23T05:28:09.572128Z",1779514085.83946,1779514089.57213,0.000449,0.000553,0.000589,3.718592,3.718711,3.718003,0.000118999999999758,3.7099,0.022768876647949
"2026-05-23T05:28:09.576Z","run_bootstrap",127,"http://client2:8000","run","http://client2:8000/run",1,TRUE,200,1109,256,3.55559420585632,"2026-05-23T05:28:05.840374Z","2026-05-23T05:28:09.395968Z",1779514085.84037,1779514089.39597,0.000636,0.000698,0.000716,3.541516,3.541598,3.5408,8.19999999999155e-05,3.5344,0.021194205856323
"2026-05-23T05:28:09.576Z","run_bootstrap",127,"http://client3:8000","run","http://client3:8000/run",1,TRUE,200,1109,256,3.4812343120575,"2026-05-23T05:28:05.842106Z","2026-05-23T05:28:09.323340Z",1779514085.84211,1779514089.32334,0.00063,0.000719,0.000754,3.458895,3.459027,3.458141,0.000131999999999799,3.4486,0.0326343120574952
"2026-05-23T05:28:13.356Z","run_bootstrap",128,"http://client1:8000","run","http://client1:8000/run",1,TRUE,200,1109,252,3.48533010482788,"2026-05-23T05:28:09.588950Z","2026-05-23T05:28:13.074280Z",1779514089.58895,1779514093.07428,0.000616,0.000722,0.000757,3.470699,3.470825,3.469942,0.000125999999999848,3.4613,0.0240301048278808
"2026-05-23T05:28:13.356Z","run_bootstrap",128,"http://client2:8000","run","http://client2:8000/run",1,TRUE,200,1109,256,3.58374404907227,"2026-05-23T05:28:09.590841Z","2026-05-23T05:28:13.174585Z",1779514089.59084,1779514093.17459,0.00067,0.000789,0.000826,3.56799,3.56812,3.567164,0.000129999999999963,3.5607,0.0230440490722654
"2026-05-23T05:28:13.356Z","run_bootstrap",128,"http://client3:8000","run","http://client3:8000/run",1,TRUE,200,1109,256,3.75921988487244,"2026-05-23T05:28:09.591192Z","2026-05-23T05:28:13.350412Z",1779514089.59119,1779514093.35041,0.00063,0.00075,0.000785,3.741333,3.741474,3.740548,0.000141000000000169,3.7335,0.0257198848724367
"2026-05-23T05:28:17.005Z","run_bootstrap",129,"http://client1:8000","run","http://client1:8000/run",1,TRUE,200,1109,252,3.54052472114563,"2026-05-23T05:28:13.367402Z","2026-05-23T05:28:16.907927Z",1779514093.3674,1779514096.90793,0.000831,0.000892,0.000912,3.522436,3.522468,3.521524,3.2000000000032e-05,3.5148,0.0257247211456297
"2026-05-23T05:28:17.005Z","run_bootstrap",129,"http://client2:8000","run","http://client2:8000/run",1,TRUE,200,1109,253,3.58225131034851,"2026-05-23T05:28:13.368643Z","2026-05-23T05:28:16.950895Z",1779514093.36864,1779514096.9509,0.000577,0.000609,0.000621,3.565467,3.565502,3.564846,3.50000000000072e-05,3.5569,0.0253513103485106
"2026-05-23T05:28:17.005Z","run_bootstrap",129,"http://client3:8000","run","http://client3:8000/run",1,TRUE,200,1109,254,3.63094615936279,"2026-05-23T05:28:13.369923Z","2026-05-23T05:28:17.000869Z",1779514093.36992,1779514097.00087,0.000413,0.000502,0.000523,3.616193,3.616219,3.61567,2.60000000000815e-05,3.6095,0.0214461593627928
"2026-05-23T05:28:20.862Z","run_bootstrap",130,"http://client1:8000","run","http://client1:8000/run",1,TRUE,200,1109,252,3.83616328239441,"2026-05-23T05:28:17.019529Z","2026-05-23T05:28:20.855692Z",1779514097.01953,1779514100.85569,0.000585,0.000671,0.000703,3.820222,3.820337,3.819519,0.000115000000000087,3.8124,0.0237632823944094
"2026-05-23T05:28:20.862Z","run_bootstrap",130,"http://client2:8000","run","http://client2:8000/run",1,TRUE,200,1109,253,3.69398307800293,"2026-05-23T05:28:17.019992Z","2026-05-23T05:28:20.713975Z",1779514097.01999,1779514100.71398,0.000581,0.000666,0.000699,3.677252,3.677554,3.676553,0.000302000000000024,3.6704,0.0235830780029298
"2026-05-23T05:28:20.862Z","run_bootstrap",130,"http://client3:8000","run","http://client3:8000/run",1,TRUE,200,1109,254,3.55533337593079,"2026-05-23T05:28:17.019388Z","2026-05-23T05:28:20.574721Z",1779514097.01939,1779514100.57472,0.000732,0.000877,0.000912,3.541507,3.54164,3.540595,0.000132999999999939,3.5335,0.021833375930786
"2026-05-23T05:28:24.737Z","run_bootstrap",131,"http://client1:8000","run","http://client1:8000/run",1,TRUE,200,1109,253,3.85946583747864,"2026-05-23T05:28:20.873907Z","2026-05-23T05:28:24.733373Z",1779514100.87391,1779514104.73337,0.000518,0.000579,6e-04,3.844976,3.845114,3.844376,0.000138000000000194,3.8375,0.0219658374786378
"2026-05-23T05:28:24.737Z","run_bootstrap",131,"http://client2:8000","run","http://client2:8000/run",1,TRUE,200,1109,255,3.5780074596405,"2026-05-23T05:28:20.874628Z","2026-05-23T05:28:24.452636Z",1779514100.87463,1779514104.45264,0.000545,0.000621,0.000656,3.563435,3.563596,3.562779,0.000160999999999856,3.5563,0.0217074596405031
"2026-05-23T05:28:24.737Z","run_bootstrap",131,"http://client3:8000","run","http://client3:8000/run",1,TRUE,200,1109,255,3.72025084495544,"2026-05-23T05:28:20.873802Z","2026-05-23T05:28:24.594053Z",1779514100.8738,1779514104.59405,0.000682,0.000767,0.000792,3.70605,3.706176,3.705258,0.000126000000000293,3.6986,0.0216508449554444
"2026-05-23T05:28:28.638Z","run_bootstrap",132,"http://client1:8000","run","http://client1:8000/run",1,TRUE,200,1109,253,3.70209217071533,"2026-05-23T05:28:24.750582Z","2026-05-23T05:28:28.452674Z",1779514104.75058,1779514108.45267,0.000489,0.000561,0.000596,3.68468,3.684791,3.684084,0.000110999999999972,3.6772,0.024892170715332
"2026-05-23T05:28:28.638Z","run_bootstrap",132,"http://client2:8000","run","http://client2:8000/run",1,TRUE,200,1109,255,3.85727429389954,"2026-05-23T05:28:24.751032Z","2026-05-23T05:28:28.608306Z",1779514104.75103,1779514108.60831,0.000547,0.000628,0.000654,3.842113,3.842236,3.841459,0.000123000000000317,3.8339,0.0233742938995363
"2026-05-23T05:28:28.638Z","run_bootstrap",132,"http://client3:8000","run","http://client3:8000/run",1,TRUE,200,1109,254,3.88199090957642,"2026-05-23T05:28:24.751456Z","2026-05-23T05:28:28.633447Z",1779514104.75146,1779514108.63345,0.00063,0.000696,0.000715,3.867321,3.867436,3.866606,0.000115000000000087,3.859,0.022990909576416
"2026-05-23T05:28:32.527Z","run_bootstrap",133,"http://client1:8000","run","http://client1:8000/run",1,TRUE,200,1108,254,3.65297698974609,"2026-05-23T05:28:28.649230Z","2026-05-23T05:28:32.302207Z",1779514108.64923,1779514112.30221,0.000618,0.000726,0.000767,3.637774,3.637923,3.637007,0.000148999999999955,3.6299,0.0230769897460936
"2026-05-23T05:28:32.527Z","run_bootstrap",133,"http://client2:8000","run","http://client2:8000/run",1,TRUE,200,1108,255,3.68225002288818,"2026-05-23T05:28:28.651530Z","2026-05-23T05:28:32.333780Z",1779514108.65153,1779514112.33378,0.00061,0.000698,0.000736,3.664607,3.664697,3.663871,8.99999999997014e-05,3.6566,0.0256500228881835
"2026-05-23T05:28:32.527Z","run_bootstrap",133,"http://client3:8000","run","http://client3:8000/run",1,TRUE,200,1108,255,3.8703670501709,"2026-05-23T05:28:28.651810Z","2026-05-23T05:28:32.522177Z",1779514108.65181,1779514112.52218,0.000677,0.000789,0.000833,3.854187,3.854317,3.853354,0.000129999999999963,3.8469,0.0234670501708982
"2026-05-23T05:28:36.470Z","run_bootstrap",134,"http://client1:8000","run","http://client1:8000/run",1,TRUE,200,1108,254,3.92314529418945,"2026-05-23T05:28:32.543464Z","2026-05-23T05:28:36.466610Z",1779514112.54346,1779514116.46661,0.000798,0.000915,0.000952,3.903862,3.903895,3.90291,3.29999999997277e-05,3.8959,0.027245294189453
"2026-05-23T05:28:36.470Z","run_bootstrap",134,"http://client2:8000","run","http://client2:8000/run",1,TRUE,200,1108,255,3.6115403175354,"2026-05-23T05:28:32.544062Z","2026-05-23T05:28:36.155602Z",1779514112.54406,1779514116.1556,0.000591,0.000704,0.00074,3.590876,3.59091,3.590136,3.39999999998675e-05,3.5814,0.0301403175354005
"2026-05-23T05:28:36.470Z","run_bootstrap",134,"http://client3:8000","run","http://client3:8000/run",1,TRUE,200,1108,255,3.68813610076904,"2026-05-23T05:28:32.544718Z","2026-05-23T05:28:36.232854Z",1779514112.54472,1779514116.23285,0.000754,0.000835,0.000857,3.662872,3.6629,3.662015,2.7999999999917e-05,3.6554,0.0327361007690428
"2026-05-23T05:28:40.303Z","run_bootstrap",135,"http://client1:8000","run","http://client1:8000/run",1,TRUE,200,1108,254,3.75849723815918,"2026-05-23T05:28:36.484732Z","2026-05-23T05:28:40.243229Z",1779514116.48473,1779514120.24323,0.000684,0.000764,0.000797,3.744496,3.74465,3.743699,0.00015400000000021,3.7355,0.0229972381591796
"2026-05-23T05:28:40.303Z","run_bootstrap",135,"http://client2:8000","run","http://client2:8000/run",1,TRUE,200,1108,255,3.60675668716431,"2026-05-23T05:28:36.485636Z","2026-05-23T05:28:40.092393Z",1779514116.48564,1779514120.09239,0.000577,0.000631,0.000649,3.593319,3.59345,3.59267,0.000130999999999659,3.5851,0.0216566871643065
"2026-05-23T05:28:40.303Z","run_bootstrap",135,"http://client3:8000","run","http://client3:8000/run",1,TRUE,200,1108,254,3.81014060974121,"2026-05-23T05:28:36.485893Z","2026-05-23T05:28:40.296034Z",1779514116.48589,1779514120.29603,0.000472,0.000562,0.000597,3.796994,3.797136,3.796397,0.000141999999999864,3.7836,0.0265406097412111
"2026-05-23T05:28:44.094Z","run_bootstrap",136,"http://client1:8000","run","http://client1:8000/run",1,TRUE,200,1108,253,3.75625061988831,"2026-05-23T05:28:40.315267Z","2026-05-23T05:28:44.071517Z",1779514120.31527,1779514124.07152,0.000455,0.000541,0.000566,3.743043,3.743196,3.742477,0.00015300000000007,3.736,0.0202506198883055
"2026-05-23T05:28:44.094Z","run_bootstrap",136,"http://client2:8000","run","http://client2:8000/run",1,TRUE,200,1108,255,3.77482748031616,"2026-05-23T05:28:40.315094Z","2026-05-23T05:28:44.089921Z",1779514120.31509,1779514124.08992,0.000566,0.000652,0.000696,3.761029,3.761161,3.760333,0.000131999999999799,3.7535,0.0213274803161623
"2026-05-23T05:28:44.094Z","run_bootstrap",136,"http://client3:8000","run","http://client3:8000/run",1,TRUE,200,1108,254,3.68935251235962,"2026-05-23T05:28:40.316818Z","2026-05-23T05:28:44.006170Z",1779514120.31682,1779514124.00617,0.000648,0.000739,0.000771,3.671063,3.671196,3.670292,0.000132999999999939,3.6627,0.0266525123596191
"2026-05-23T05:28:47.991Z","run_bootstrap",137,"http://client1:8000","run","http://client1:8000/run",1,TRUE,200,1109,254,3.27151775360107,"2026-05-23T05:28:44.106476Z","2026-05-23T05:28:47.377994Z",1779514124.10648,1779514127.37799,0.000419,0.000526,0.000562,3.255113,3.255174,3.254551,6.09999999996447e-05,3.2439,0.0276177536010742
"2026-05-23T05:28:47.991Z","run_bootstrap",137,"http://client2:8000","run","http://client2:8000/run",1,TRUE,200,1109,253,3.87962818145752,"2026-05-23T05:28:44.106927Z","2026-05-23T05:28:47.986555Z",1779514124.10693,1779514127.98656,0.000486,0.000559,0.000591,3.86479,3.864933,3.864199,0.000143000000000004,3.8579,0.0217281814575196
"2026-05-23T05:28:47.991Z","run_bootstrap",137,"http://client3:8000","run","http://client3:8000/run",1,TRUE,200,1109,252,3.72766041755676,"2026-05-23T05:28:44.106234Z","2026-05-23T05:28:47.833894Z",1779514124.10623,1779514127.83389,0.000687,0.000768,0.00079,3.713449,3.713584,3.712659,0.000134999999999774,3.7053,0.0223604175567629
"2026-05-23T05:28:51.915Z","run_bootstrap",138,"http://client1:8000","run","http://client1:8000/run",1,TRUE,200,1109,254,3.70115232467651,"2026-05-23T05:28:48.003108Z","2026-05-23T05:28:51.704261Z",1779514128.00311,1779514131.70426,0.000813,0.000902,0.000926,3.686403,3.686522,3.685477,0.000119000000000202,3.6785,0.0226523246765136
"2026-05-23T05:28:51.915Z","run_bootstrap",138,"http://client2:8000","run","http://client2:8000/run",1,TRUE,200,1109,253,3.90307235717773,"2026-05-23T05:28:48.004933Z","2026-05-23T05:28:51.908005Z",1779514128.00493,1779514131.90801,0.000576,0.000657,0.000693,3.888423,3.888564,3.88773,0.000141000000000169,3.8783,0.0247723571777345
"2026-05-23T05:28:51.915Z","run_bootstrap",138,"http://client3:8000","run","http://client3:8000/run",1,TRUE,200,1109,252,3.72864413261414,"2026-05-23T05:28:48.004781Z","2026-05-23T05:28:51.733426Z",1779514128.00478,1779514131.73343,0.000463,0.000515,0.000535,3.713714,3.713844,3.713179,0.000129999999999963,3.7067,0.0219441326141356
"2026-05-23T05:28:55.805Z","run_bootstrap",139,"http://client1:8000","run","http://client1:8000/run",1,TRUE,200,1108,254,3.66006302833557,"2026-05-23T05:28:51.927249Z","2026-05-23T05:28:55.587312Z",1779514131.92725,1779514135.58731,0.000537,0.000616,0.000723,3.645236,3.645293,3.644513,5.69999999999737e-05,3.6373,0.0227630283355711
"2026-05-23T05:28:55.805Z","run_bootstrap",139,"http://client2:8000","run","http://client2:8000/run",1,TRUE,200,1108,252,3.87263822555542,"2026-05-23T05:28:51.928090Z","2026-05-23T05:28:55.800729Z",1779514131.92809,1779514135.80073,0.000527,0.000623,0.000661,3.859426,3.859564,3.858765,0.000138000000000194,3.8523,0.0203382255554199
"2026-05-23T05:28:55.805Z","run_bootstrap",139,"http://client3:8000","run","http://client3:8000/run",1,TRUE,200,1108,255,3.23459506034851,"2026-05-23T05:28:51.928086Z","2026-05-23T05:28:55.162681Z",1779514131.92809,1779514135.16268,0.00073,0.000799,0.00082,3.22072,3.220857,3.2199,0.000137000000000054,3.2084,0.0261950603485106
"2026-05-23T05:28:59.751Z","run_bootstrap",140,"http://client1:8000","run","http://client1:8000/run",1,TRUE,200,1108,254,3.78819108009338,"2026-05-23T05:28:55.818184Z","2026-05-23T05:28:59.606375Z",1779514135.81818,1779514139.60638,0.000574,0.000668,0.000701,3.762998,3.763028,3.762297,2.99999999997524e-05,3.5937,0.194491080093384
"2026-05-23T05:28:59.751Z","run_bootstrap",140,"http://client2:8000","run","http://client2:8000/run",1,TRUE,200,1108,252,3.89538049697876,"2026-05-23T05:28:55.818872Z","2026-05-23T05:28:59.714253Z",1779514135.81887,1779514139.71425,0.000572,0.000671,0.000709,3.870891,3.870916,3.870182,2.49999999999417e-05,3.6981,0.19728049697876
"2026-05-23T05:28:59.751Z","run_bootstrap",140,"http://client3:8000","run","http://client3:8000/run",1,TRUE,200,1108,255,3.92769074440002,"2026-05-23T05:28:55.819199Z","2026-05-23T05:28:59.746890Z",1779514135.8192,1779514139.74689,0.000615,0.000753,0.000787,3.910577,3.910734,3.90979,0.000157000000000185,3.7406,0.187090744400024
"2026-05-23T05:29:03.483Z","run_bootstrap",141,"http://client1:8000","run","http://client1:8000/run",1,TRUE,200,1109,254,3.32316017150879,"2026-05-23T05:28:59.764882Z","2026-05-23T05:29:03.088042Z",1779514139.76488,1779514143.08804,0.000639,0.000725,0.00076,3.306553,3.306669,3.305793,0.000115999999999783,3.2995,0.023660171508789
"2026-05-23T05:29:03.483Z","run_bootstrap",141,"http://client2:8000","run","http://client2:8000/run",1,TRUE,200,1109,255,3.46439933776855,"2026-05-23T05:28:59.766056Z","2026-05-23T05:29:03.230455Z",1779514139.76606,1779514143.23046,0.000508,0.000563,0.000581,3.448655,3.448764,3.448074,0.000109000000000137,3.4422,0.0221993377685545
"2026-05-23T05:29:03.483Z","run_bootstrap",141,"http://client3:8000","run","http://client3:8000/run",1,TRUE,200,1109,253,3.70989060401917,"2026-05-23T05:28:59.765819Z","2026-05-23T05:29:03.475709Z",1779514139.76582,1779514143.47571,0.000681,0.000789,0.000825,3.694233,3.694353,3.693408,0.000119999999999898,3.6871,0.022790604019165
"2026-05-23T05:29:07.094Z","run_bootstrap",142,"http://client1:8000","run","http://client1:8000/run",1,TRUE,200,1109,254,3.48695039749146,"2026-05-23T05:29:03.501163Z","2026-05-23T05:29:06.988114Z",1779514143.50116,1779514146.98811,0.00073,0.000812,0.000851,3.464687,3.464818,3.463836,0.000131000000000103,3.4575,0.0294503974914551
"2026-05-23T05:29:07.094Z","run_bootstrap",142,"http://client2:8000","run","http://client2:8000/run",1,TRUE,200,1109,255,3.58830571174622,"2026-05-23T05:29:03.501484Z","2026-05-23T05:29:07.089790Z",1779514143.50148,1779514147.08979,0.000712,0.000813,0.000852,3.566386,3.566516,3.565534,0.000129999999999963,3.5592,0.0291057117462157
"2026-05-23T05:29:07.094Z","run_bootstrap",142,"http://client3:8000","run","http://client3:8000/run",1,TRUE,200,1109,253,3.55276417732239,"2026-05-23T05:29:03.501944Z","2026-05-23T05:29:07.054708Z",1779514143.50194,1779514147.05471,0.000599,0.000696,0.000741,3.533912,3.533993,3.533171,8.10000000002198e-05,3.5269,0.0258641773223878
"2026-05-23T05:29:10.796Z","run_bootstrap",143,"http://client1:8000","run","http://client1:8000/run",1,TRUE,200,1109,254,3.68500995635986,"2026-05-23T05:29:07.106520Z","2026-05-23T05:29:10.791530Z",1779514147.10652,1779514150.79153,0.000591,0.000661,0.000699,3.669466,3.669599,3.668767,0.000132999999999939,3.6622,0.0228099563598634
"2026-05-23T05:29:10.796Z","run_bootstrap",143,"http://client2:8000","run","http://client2:8000/run",1,TRUE,200,1109,255,3.48298788070679,"2026-05-23T05:29:07.107168Z","2026-05-23T05:29:10.590156Z",1779514147.10717,1779514150.59016,0.000491,0.000587,0.000623,3.467971,3.468094,3.467348,0.000122999999999873,3.4612,0.0217878807067873
"2026-05-23T05:29:10.796Z","run_bootstrap",143,"http://client3:8000","run","http://client3:8000/run",1,TRUE,200,1109,253,3.58972096443176,"2026-05-23T05:29:07.106334Z","2026-05-23T05:29:10.696055Z",1779514147.10633,1779514150.69606,0.000661,0.00083,0.000902,3.575849,3.575981,3.574947,0.000132000000000243,3.5687,0.0210209644317625
"2026-05-23T05:29:14.585Z","run_bootstrap",144,"http://client1:8000","run","http://client1:8000/run",1,TRUE,200,1109,254,3.76991510391235,"2026-05-23T05:29:10.809235Z","2026-05-23T05:29:14.579150Z",1779514150.80924,1779514154.57915,0.000765,0.000844,0.000881,3.755677,3.755813,3.754796,0.000135999999999914,3.7482,0.0217151039123533
"2026-05-23T05:29:14.585Z","run_bootstrap",144,"http://client2:8000","run","http://client2:8000/run",1,TRUE,200,1109,255,3.45191431045532,"2026-05-23T05:29:10.808509Z","2026-05-23T05:29:14.260423Z",1779514150.80851,1779514154.26042,0.000692,0.000752,0.000776,3.437842,3.437953,3.437066,0.000110999999999972,3.4308,0.0211143104553222
"2026-05-23T05:29:14.585Z","run_bootstrap",144,"http://client3:8000","run","http://client3:8000/run",1,TRUE,200,1109,253,3.66854190826416,"2026-05-23T05:29:10.808821Z","2026-05-23T05:29:14.477363Z",1779514150.80882,1779514154.47736,0.000617,0.000706,0.000731,3.654822,3.654935,3.654091,0.000113000000000252,3.6481,0.0204419082641603
"2026-05-23T05:29:18.188Z","run_bootstrap",145,"http://client1:8000","run","http://client1:8000/run",1,TRUE,200,1109,254,3.55669569969177,"2026-05-23T05:29:14.598431Z","2026-05-23T05:29:18.155127Z",1779514154.59843,1779514158.15513,0.00041,0.000498,0.000549,3.535034,3.535193,3.534485,0.00015900000000002,3.5279,0.0287956996917726
"2026-05-23T05:29:18.188Z","run_bootstrap",145,"http://client2:8000","run","http://client2:8000/run",1,TRUE,200,1109,253,3.58159732818604,"2026-05-23T05:29:14.599088Z","2026-05-23T05:29:18.180686Z",1779514154.59909,1779514158.18069,0.000693,0.000807,0.00085,3.562409,3.562529,3.561559,0.000119999999999898,3.5552,0.026397328186035
"2026-05-23T05:29:18.188Z","run_bootstrap",145,"http://client3:8000","run","http://client3:8000/run",1,TRUE,200,1109,254,3.46543169021606,"2026-05-23T05:29:14.599587Z","2026-05-23T05:29:18.065018Z",1779514154.59959,1779514158.06502,0.000551,0.000661,0.000703,3.44576,3.445897,3.445057,0.000137000000000054,3.4365,0.0289316902160643
"2026-05-23T05:29:22.007Z","run_bootstrap",146,"http://client1:8000","run","http://client1:8000/run",1,TRUE,200,1109,252,3.51296496391296,"2026-05-23T05:29:18.203414Z","2026-05-23T05:29:21.716379Z",1779514158.20341,1779514161.71638,0.000487,0.000564,0.000588,3.499715,3.499859,3.499127,0.0001439999999997,3.49,0.0229649639129637
"2026-05-23T05:29:22.007Z","run_bootstrap",146,"http://client2:8000","run","http://client2:8000/run",1,TRUE,200,1109,253,3.60682320594788,"2026-05-23T05:29:18.203564Z","2026-05-23T05:29:21.810387Z",1779514158.20356,1779514161.81039,0.00068,0.000765,0.000797,3.593053,3.593187,3.592256,0.000134000000000079,3.5851,0.0217232059478758
"2026-05-23T05:29:22.007Z","run_bootstrap",146,"http://client3:8000","run","http://client3:8000/run",1,TRUE,200,1109,254,3.7953200340271,"2026-05-23T05:29:18.205143Z","2026-05-23T05:29:22.000463Z",1779514158.20514,1779514162.00046,0.000502,0.000578,0.000608,3.782414,3.782582,3.781806,0.000167999999999946,3.7751,0.0202200340270995
"2026-05-23T05:29:25.762Z","run_bootstrap",147,"http://client1:8000","run","http://client1:8000/run",1,TRUE,200,1108,257,3.56667113304138,"2026-05-23T05:29:22.065119Z","2026-05-23T05:29:25.631790Z",1779514162.06512,1779514165.63179,0.000451,0.000531,0.000554,3.552746,3.552872,3.552192,0.000125999999999848,3.5434,0.0232711330413817
"2026-05-23T05:29:25.762Z","run_bootstrap",147,"http://client2:8000","run","http://client2:8000/run",1,TRUE,200,1108,258,3.69174313545227,"2026-05-23T05:29:22.065639Z","2026-05-23T05:29:25.757382Z",1779514162.06564,1779514165.75738,0.000769,0.000823,0.000844,3.679181,3.679311,3.678337,0.000130000000000408,3.6712,0.0205431354522707
"2026-05-23T05:29:25.762Z","run_bootstrap",147,"http://client3:8000","run","http://client3:8000/run",1,TRUE,200,1108,255,3.43342161178589,"2026-05-23T05:29:22.066718Z","2026-05-23T05:29:25.500140Z",1779514162.06672,1779514165.50014,0.000631,0.000713,0.000744,3.413605,3.41375,3.412861,0.00014499999999984,3.4057,0.0277216117858887
"2026-05-23T05:29:29.413Z","run_bootstrap",148,"http://client1:8000","run","http://client1:8000/run",1,TRUE,200,1108,256,3.63536882400513,"2026-05-23T05:29:25.773338Z","2026-05-23T05:29:29.408707Z",1779514165.77334,1779514169.40871,0.000735,0.000842,0.000884,3.621486,3.621596,3.620602,0.000109999999999832,3.614,0.0213688240051271
"2026-05-23T05:29:29.413Z","run_bootstrap",148,"http://client2:8000","run","http://client2:8000/run",1,TRUE,200,1108,258,3.51322507858276,"2026-05-23T05:29:25.775577Z","2026-05-23T05:29:29.288802Z",1779514165.77558,1779514169.2888,0.000623,0.000733,0.000779,3.498292,3.498513,3.497513,0.000220999999999805,3.4913,0.0219250785827638
"2026-05-23T05:29:29.413Z","run_bootstrap",148,"http://client3:8000","run","http://client3:8000/run",1,TRUE,200,1108,255,3.56473422050476,"2026-05-23T05:29:25.776094Z","2026-05-23T05:29:29.340828Z",1779514165.77609,1779514169.34083,0.000572,0.000701,0.000746,3.543733,3.543885,3.542987,0.00015199999999993,3.5358,0.0289342205047607
"2026-05-23T05:29:33.413Z","run_bootstrap",149,"http://client1:8000","run","http://client1:8000/run",1,TRUE,200,1110,266,3.97836685180664,"2026-05-23T05:29:29.427717Z","2026-05-23T05:29:33.406084Z",1779514169.42772,1779514173.40608,0.000626,0.000732,0.000772,3.964394,3.964498,3.963622,0.000103999999999882,3.9563,0.0220668518066405
"2026-05-23T05:29:33.413Z","run_bootstrap",149,"http://client2:8000","run","http://client2:8000/run",1,TRUE,200,1110,267,3.81381988525391,"2026-05-23T05:29:29.428539Z","2026-05-23T05:29:33.242359Z",1779514169.42854,1779514173.24236,0.000579,0.000711,0.000756,3.796364,3.796509,3.795608,0.00014499999999984,3.7894,0.0244198852539061
"2026-05-23T05:29:33.413Z","run_bootstrap",149,"http://client3:8000","run","http://client3:8000/run",1,TRUE,200,1110,265,3.73606967926025,"2026-05-23T05:29:29.428994Z","2026-05-23T05:29:33.165064Z",1779514169.42899,1779514173.16506,0.000661,0.000754,0.000803,3.719058,3.719196,3.718255,0.000138000000000194,3.7118,0.0242696792602537
"2026-05-23T05:29:37.194Z","run_bootstrap",150,"http://client1:8000","run","http://client1:8000/run",1,TRUE,200,1110,265,3.66385078430176,"2026-05-23T05:29:33.431450Z","2026-05-23T05:29:37.095300Z",1779514173.43145,1779514177.0953,0.000369,0.000446,0.000485,3.644365,3.644503,3.64388,0.000137999999999749,3.637,0.0268507843017578
"2026-05-23T05:29:37.194Z","run_bootstrap",150,"http://client2:8000","run","http://client2:8000/run",1,TRUE,200,1110,267,3.75791883468628,"2026-05-23T05:29:33.431854Z","2026-05-23T05:29:37.189772Z",1779514173.43185,1779514177.18977,0.000397,0.00047,0.000508,3.739634,3.739767,3.739126,0.000132999999999939,3.7317,0.0262188346862793
"2026-05-23T05:29:37.194Z","run_bootstrap",150,"http://client3:8000","run","http://client3:8000/run",1,TRUE,200,1110,265,3.74844074249268,"2026-05-23T05:29:33.431126Z","2026-05-23T05:29:37.179567Z",1779514173.43113,1779514177.17957,0.000826,0.000936,0.000983,3.734237,3.734343,3.733254,0.000106000000000162,3.7268,0.0216407424926759
"2026-05-23T05:29:40.903Z","run_bootstrap",151,"http://client1:8000","run","http://client1:8000/run",1,TRUE,200,1108,255,3.50017595291138,"2026-05-23T05:29:37.204329Z","2026-05-23T05:29:40.704504Z",1779514177.20433,1779514180.7045,0.000737,0.000826,0.000852,3.486028,3.486153,3.485176,0.000124999999999709,3.4786,0.0215759529113768
"2026-05-23T05:29:40.903Z","run_bootstrap",151,"http://client2:8000","run","http://client2:8000/run",1,TRUE,200,1108,254,3.62785911560059,"2026-05-23T05:29:37.205628Z","2026-05-23T05:29:40.833487Z",1779514177.20563,1779514180.83349,0.000377,0.000447,0.000477,3.614009,3.614099,3.613532,9.00000000001455e-05,3.6073,0.020559115600586
"2026-05-23T05:29:40.903Z","run_bootstrap",151,"http://client3:8000","run","http://client3:8000/run",1,TRUE,200,1108,255,3.68962121009827,"2026-05-23T05:29:37.206847Z","2026-05-23T05:29:40.896468Z",1779514177.20685,1779514180.89647,0.000447,0.000523,0.000558,3.676201,3.676339,3.675643,0.000138000000000194,3.6689,0.0207212100982668
"2026-05-23T05:29:44.875Z","run_bootstrap",152,"http://client1:8000","run","http://client1:8000/run",1,TRUE,200,1108,255,3.85143733024597,"2026-05-23T05:29:40.916419Z","2026-05-23T05:29:44.767857Z",1779514180.91642,1779514184.76786,0.000596,0.000693,0.00073,3.827341,3.827373,3.826611,3.2000000000032e-05,3.8201,0.0313373302459716
"2026-05-23T05:29:44.875Z","run_bootstrap",152,"http://client2:8000","run","http://client2:8000/run",1,TRUE,200,1108,254,3.66776847839355,"2026-05-23T05:29:40.916973Z","2026-05-23T05:29:44.584742Z",1779514180.91697,1779514184.58474,0.00058,0.000685,0.000721,3.644305,3.644338,3.643584,3.29999999997277e-05,3.6356,0.0321684783935545
"2026-05-23T05:29:44.875Z","run_bootstrap",152,"http://client3:8000","run","http://client3:8000/run",1,TRUE,200,1108,255,3.95480370521545,"2026-05-23T05:29:40.916127Z","2026-05-23T05:29:44.870930Z",1779514180.91613,1779514184.87093,0.000759,0.000852,0.000877,3.937004,3.937028,3.936127,2.4000000000246e-05,3.9296,0.0252037052154539
"2026-05-23T05:29:48.893Z","run_bootstrap",153,"http://client1:8000","run","http://client1:8000/run",1,TRUE,200,1109,253,3.85169053077698,"2026-05-23T05:29:44.889816Z","2026-05-23T05:29:48.741507Z",1779514184.88982,1779514188.74151,0.000625,0.000694,0.000714,3.83727,3.837401,3.836556,0.000130999999999659,3.83,0.0216905307769775
"2026-05-23T05:29:48.893Z","run_bootstrap",153,"http://client2:8000","run","http://client2:8000/run",1,TRUE,200,1109,257,3.99795722961426,"2026-05-23T05:29:44.890819Z","2026-05-23T05:29:48.888776Z",1779514184.89082,1779514188.88878,0.000639,0.000716,0.000749,3.978177,3.978332,3.977428,0.000154999999999905,3.9703,0.0276572296142579
"2026-05-23T05:29:48.893Z","run_bootstrap",153,"http://client3:8000","run","http://client3:8000/run",1,TRUE,200,1109,253,3.96399235725403,"2026-05-23T05:29:44.890014Z","2026-05-23T05:29:48.854007Z",1779514184.89001,1779514188.85401,0.000739,0.000857,0.000892,3.949782,3.949926,3.94889,0.000144000000000144,3.9424,0.0215923572540282
"2026-05-23T05:29:53.033Z","run_bootstrap",154,"http://client1:8000","run","http://client1:8000/run",1,TRUE,200,1109,255,3.90198373794556,"2026-05-23T05:29:48.905661Z","2026-05-23T05:29:52.807645Z",1779514188.90566,1779514192.80765,0.000454,0.000526,0.000576,3.881732,3.881873,3.881156,0.000141000000000169,3.8745,0.0274837379455568
"2026-05-23T05:29:53.033Z","run_bootstrap",154,"http://client2:8000","run","http://client2:8000/run",1,TRUE,200,1109,257,4.1226007938385,"2026-05-23T05:29:48.906111Z","2026-05-23T05:29:53.028712Z",1779514188.90611,1779514193.02871,0.000645,0.000727,0.000765,4.105261,4.105414,4.104496,0.00015300000000007,4.0978,0.0248007938385006
"2026-05-23T05:29:53.033Z","run_bootstrap",154,"http://client3:8000","run","http://client3:8000/run",1,TRUE,200,1109,253,3.79995441436768,"2026-05-23T05:29:48.906818Z","2026-05-23T05:29:52.706772Z",1779514188.90682,1779514192.70677,0.000406,0.000501,0.000537,3.780638,3.7808,3.780101,0.000161999999999995,3.7687,0.0312544143676758
"2026-05-23T05:29:57.011Z","run_bootstrap",155,"http://client1:8000","run","http://client1:8000/run",1,TRUE,200,1107,252,3.92273926734924,"2026-05-23T05:29:53.044517Z","2026-05-23T05:29:56.967256Z",1779514193.04452,1779514196.96726,0.000487,0.000563,0.000585,3.909516,3.909664,3.908931,0.000147999999999815,3.9019,0.0208392673492432
"2026-05-23T05:29:57.011Z","run_bootstrap",155,"http://client2:8000","run","http://client2:8000/run",1,TRUE,200,1107,255,3.96192574501038,"2026-05-23T05:29:53.045171Z","2026-05-23T05:29:57.007097Z",1779514193.04517,1779514197.0071,0.00058,0.000656,0.000686,3.948354,3.9485,3.947668,0.000145999999999979,3.9408,0.0211257450103761
"2026-05-23T05:29:57.011Z","run_bootstrap",155,"http://client3:8000","run","http://client3:8000/run",1,TRUE,200,1107,254,3.80912733078003,"2026-05-23T05:29:53.045239Z","2026-05-23T05:29:56.854366Z",1779514193.04524,1779514196.85437,0.000517,0.000576,0.000594,3.796109,3.796259,3.795515,0.000150000000000095,3.7762,0.0329273307800295
"2026-05-23T05:30:00.903Z","run_bootstrap",156,"http://client1:8000","run","http://client1:8000/run",1,TRUE,200,1107,252,3.78963351249695,"2026-05-23T05:29:57.024340Z","2026-05-23T05:30:00.813973Z",1779514197.02434,1779514200.81397,0.000606,0.000741,0.000777,3.77186,3.772007,3.771083,0.000146999999999675,3.7642,0.025433512496948
"2026-05-23T05:30:00.903Z","run_bootstrap",156,"http://client2:8000","run","http://client2:8000/run",1,TRUE,200,1107,255,3.87429404258728,"2026-05-23T05:29:57.023748Z","2026-05-23T05:30:00.898042Z",1779514197.02375,1779514200.89804,0.000612,0.00072,0.000766,3.860212,3.860351,3.859446,0.000138999999999889,3.8513,0.0229940425872801
"2026-05-23T05:30:00.903Z","run_bootstrap",156,"http://client3:8000","run","http://client3:8000/run",1,TRUE,200,1107,254,3.76860785484314,"2026-05-23T05:29:57.025590Z","2026-05-23T05:30:00.794198Z",1779514197.02559,1779514200.7942,0.000784,0.000874,0.000907,3.752102,3.752212,3.751195,0.000110000000000277,3.7339,0.0347078548431394
"2026-05-23T05:30:04.752Z","run_bootstrap",157,"http://client1:8000","run","http://client1:8000/run",1,TRUE,200,1107,252,3.83032560348511,"2026-05-23T05:30:00.913743Z","2026-05-23T05:30:04.744068Z",1779514200.91374,1779514204.74407,0.000656,0.000758,0.000797,3.815416,3.815548,3.814619,0.000132000000000243,3.807,0.0233256034851075
"2026-05-23T05:30:04.752Z","run_bootstrap",157,"http://client2:8000","run","http://client2:8000/run",1,TRUE,200,1107,254,3.7052206993103,"2026-05-23T05:30:00.916422Z","2026-05-23T05:30:04.621643Z",1779514200.91642,1779514204.62164,0.000665,0.000765,0.000804,3.686416,3.686557,3.685612,0.000141000000000169,3.6793,0.0259206993103027
"2026-05-23T05:30:04.752Z","run_bootstrap",157,"http://client3:8000","run","http://client3:8000/run",1,TRUE,200,1107,253,3.56629204750061,"2026-05-23T05:30:00.916688Z","2026-05-23T05:30:04.482980Z",1779514200.91669,1779514204.48298,0.000513,0.000597,0.000632,3.550908,3.551045,3.550276,0.00013699999999961,3.5408,0.0254920475006104
"2026-05-23T05:30:08.517Z","run_bootstrap",158,"http://client1:8000","run","http://client1:8000/run",1,TRUE,200,1107,253,3.44315218925476,"2026-05-23T05:30:04.775309Z","2026-05-23T05:30:08.218461Z",1779514204.77531,1779514208.21846,0.00034,0.000428,0.000459,3.425296,3.425342,3.424837,4.60000000002125e-05,3.4172,0.0259521892547609
"2026-05-23T05:30:08.517Z","run_bootstrap",158,"http://client2:8000","run","http://client2:8000/run",1,TRUE,200,1107,254,3.61959528923035,"2026-05-23T05:30:04.775128Z","2026-05-23T05:30:08.394723Z",1779514204.77513,1779514208.39472,0.000657,0.000769,0.000804,3.604231,3.604267,3.603427,3.6000000000147e-05,3.5972,0.0223952892303467
"2026-05-23T05:30:08.517Z","run_bootstrap",158,"http://client3:8000","run","http://client3:8000/run",1,TRUE,200,1107,253,3.7355010509491,"2026-05-23T05:30:04.775214Z","2026-05-23T05:30:08.510715Z",1779514204.77521,1779514208.51072,0.000359,0.000447,0.00047,3.719268,3.719303,3.718798,3.50000000000072e-05,3.7126,0.0229010509490966
"2026-05-23T05:30:12.077Z","run_bootstrap",159,"http://client1:8000","run","http://client1:8000/run",1,TRUE,200,1109,248,3.54095339775085,"2026-05-23T05:30:08.532449Z","2026-05-23T05:30:12.073402Z",1779514208.53245,1779514212.0734,0.000554,0.000646,0.000683,3.519041,3.519205,3.518358,0.000163999999999831,3.5119,0.0290533977508547
"2026-05-23T05:30:12.077Z","run_bootstrap",159,"http://client2:8000","run","http://client2:8000/run",1,TRUE,200,1109,253,3.44570183753967,"2026-05-23T05:30:08.532862Z","2026-05-23T05:30:11.978564Z",1779514208.53286,1779514211.97856,0.000649,0.000753,0.000787,3.424479,3.42458,3.423692,0.000101000000000351,3.415,0.0307018375396728
"2026-05-23T05:30:12.077Z","run_bootstrap",159,"http://client3:8000","run","http://client3:8000/run",1,TRUE,200,1109,251,3.47620034217834,"2026-05-23T05:30:08.533300Z","2026-05-23T05:30:12.009500Z",1779514208.5333,1779514212.0095,0.000461,0.00059,0.000632,3.45522,3.455367,3.454588,0.000146999999999675,3.4476,0.0286003421783447
"2026-05-23T05:30:15.796Z","run_bootstrap",160,"http://client1:8000","run","http://client1:8000/run",1,TRUE,200,1109,248,3.70288610458374,"2026-05-23T05:30:12.089621Z","2026-05-23T05:30:15.792507Z",1779514212.08962,1779514215.79251,0.000667,0.000773,0.000835,3.689318,3.689466,3.688483,0.000147999999999815,3.5322,0.17068610458374
"2026-05-23T05:30:15.796Z","run_bootstrap",160,"http://client2:8000","run","http://client2:8000/run",1,TRUE,200,1109,254,3.46426439285278,"2026-05-23T05:30:12.091551Z","2026-05-23T05:30:15.555816Z",1779514212.09155,1779514215.55582,0.00057,0.000668,0.000707,3.450429,3.450553,3.449722,0.000124000000000013,3.2899,0.174364392852783
"2026-05-23T05:30:15.796Z","run_bootstrap",160,"http://client3:8000","run","http://client3:8000/run",1,TRUE,200,1109,251,3.69777631759644,"2026-05-23T05:30:12.091911Z","2026-05-23T05:30:15.789687Z",1779514212.09191,1779514215.78969,0.000624,0.000722,0.000762,3.681843,3.681946,3.681081,0.000102999999999742,3.5271,0.170676317596436
"2026-05-23T05:30:19.502Z","run_bootstrap",161,"http://client1:8000","run","http://client1:8000/run",1,TRUE,200,1108,250,3.39969372749329,"2026-05-23T05:30:15.808207Z","2026-05-23T05:30:19.207901Z",1779514215.80821,1779514219.2079,0.000544,0.00066,0.000696,3.382294,3.382428,3.381598,0.000134000000000079,3.3752,0.0244937274932862
"2026-05-23T05:30:19.502Z","run_bootstrap",161,"http://client2:8000","run","http://client2:8000/run",1,TRUE,200,1108,254,3.40775775909424,"2026-05-23T05:30:15.808255Z","2026-05-23T05:30:19.216013Z",1779514215.80826,1779514219.21601,0.000751,0.000867,0.000923,3.393508,3.393608,3.392585,9.99999999997669e-05,3.3842,0.0235577590942384
"2026-05-23T05:30:19.502Z","run_bootstrap",161,"http://client3:8000","run","http://client3:8000/run",1,TRUE,200,1108,249,3.6860830783844,"2026-05-23T05:30:15.809035Z","2026-05-23T05:30:19.495118Z",1779514215.80904,1779514219.49512,0.00054,0.000651,0.000686,3.668796,3.668929,3.66811,0.000132999999999939,3.6623,0.0237830783843993
"2026-05-23T05:30:23.221Z","run_bootstrap",162,"http://client1:8000","run","http://client1:8000/run",1,TRUE,200,1108,250,3.70128154754639,"2026-05-23T05:30:19.515793Z","2026-05-23T05:30:23.217074Z",1779514219.51579,1779514223.21707,0.000462,0.00054,0.000568,3.687032,3.687159,3.686464,0.000126999999999988,3.6799,0.0213815475463868
"2026-05-23T05:30:23.221Z","run_bootstrap",162,"http://client2:8000","run","http://client2:8000/run",1,TRUE,200,1108,254,3.2339768409729,"2026-05-23T05:30:19.516237Z","2026-05-23T05:30:22.750214Z",1779514219.51624,1779514222.75021,0.000513,0.000586,0.000621,3.217557,3.217648,3.216936,9.10000000002853e-05,3.2091,0.0248768409729005
"2026-05-23T05:30:23.221Z","run_bootstrap",162,"http://client3:8000","run","http://client3:8000/run",1,TRUE,200,1108,249,3.52895355224609,"2026-05-23T05:30:19.516610Z","2026-05-23T05:30:23.045564Z",1779514219.51661,1779514223.04556,0.000575,0.000637,0.000661,3.51481,3.514857,3.514149,4.69999999999082e-05,3.5079,0.021053552246094
"2026-05-23T05:30:26.943Z","run_bootstrap",163,"http://client1:8000","run","http://client1:8000/run",1,TRUE,200,1109,250,3.4494194984436,"2026-05-23T05:30:23.234651Z","2026-05-23T05:30:26.684071Z",1779514223.23465,1779514226.68407,0.000546,0.000623,0.000655,3.425901,3.425935,3.425246,3.39999999998675e-05,3.4187,0.0307194984436037
"2026-05-23T05:30:26.943Z","run_bootstrap",163,"http://client2:8000","run","http://client2:8000/run",1,TRUE,200,1109,255,3.50162649154663,"2026-05-23T05:30:23.235588Z","2026-05-23T05:30:26.737214Z",1779514223.23559,1779514226.73721,0.000593,0.000703,0.000742,3.481373,3.481417,3.480631,4.3999999999933e-05,3.4743,0.0273264915466309
"2026-05-23T05:30:26.943Z","run_bootstrap",163,"http://client3:8000","run","http://client3:8000/run",1,TRUE,200,1109,250,3.70347785949707,"2026-05-23T05:30:23.236112Z","2026-05-23T05:30:26.939590Z",1779514223.23611,1779514226.93959,0.000716,0.000815,0.000849,3.684195,3.68423,3.683346,3.50000000000072e-05,3.6765,0.0269778594970704
"2026-05-23T05:30:30.586Z","run_bootstrap",164,"http://client1:8000","run","http://client1:8000/run",1,TRUE,200,1109,250,3.50720000267029,"2026-05-23T05:30:26.962062Z","2026-05-23T05:30:30.469262Z",1779514226.96206,1779514230.46926,0.000695,0.000807,0.000846,3.492686,3.49283,3.49184,0.000144000000000144,3.4738,0.0334000026702879
"2026-05-23T05:30:30.586Z","run_bootstrap",164,"http://client2:8000","run","http://client2:8000/run",1,TRUE,200,1109,255,3.57937240600586,"2026-05-23T05:30:26.962983Z","2026-05-23T05:30:30.542356Z",1779514226.96298,1779514230.54236,0.000522,0.000599,0.000631,3.565908,3.566073,3.565277,0.000164999999999971,3.5591,0.0202724060058594
"2026-05-23T05:30:30.586Z","run_bootstrap",164,"http://client3:8000","run","http://client3:8000/run",1,TRUE,200,1109,250,3.61881923675537,"2026-05-23T05:30:26.963459Z","2026-05-23T05:30:30.582278Z",1779514226.96346,1779514230.58228,0.000526,0.000623,0.00066,3.605665,3.60582,3.605005,0.000154999999999905,3.5987,0.0201192367553711
"2026-05-23T05:30:34.342Z","run_bootstrap",165,"http://client1:8000","run","http://client1:8000/run",1,TRUE,200,1109,250,3.51507520675659,"2026-05-23T05:30:30.598956Z","2026-05-23T05:30:34.114031Z",1779514230.59896,1779514234.11403,0.000432,0.000542,0.000579,3.497117,3.497264,3.496538,0.000147000000000119,3.4899,0.0251752067565918
"2026-05-23T05:30:34.342Z","run_bootstrap",165,"http://client2:8000","run","http://client2:8000/run",1,TRUE,200,1109,255,3.57304883003235,"2026-05-23T05:30:30.599534Z","2026-05-23T05:30:34.172583Z",1779514230.59953,1779514234.17258,0.000512,0.000598,0.000635,3.555738,3.555876,3.555103,0.000138000000000194,3.5489,0.0241488300323485
"2026-05-23T05:30:34.342Z","run_bootstrap",165,"http://client3:8000","run","http://client3:8000/run",1,TRUE,200,1109,251,3.73493957519531,"2026-05-23T05:30:30.600010Z","2026-05-23T05:30:34.334949Z",1779514230.60001,1779514234.33495,0.000696,0.000787,0.000824,3.718319,3.718462,3.717495,0.000143000000000004,3.7094,0.0255395751953125
"2026-05-23T05:30:38.084Z","run_bootstrap",166,"http://client1:8000","run","http://client1:8000/run",1,TRUE,200,1109,250,3.49639916419983,"2026-05-23T05:30:34.353885Z","2026-05-23T05:30:37.850285Z",1779514234.35389,1779514237.85029,0.000789,0.000883,0.000933,3.482522,3.482631,3.481589,0.000109000000000137,3.4749,0.0214991641998292
"2026-05-23T05:30:38.084Z","run_bootstrap",166,"http://client2:8000","run","http://client2:8000/run",1,TRUE,200,1109,255,3.61348223686218,"2026-05-23T05:30:34.355661Z","2026-05-23T05:30:37.969143Z",1779514234.35566,1779514237.96914,0.000684,0.000737,0.000757,3.600472,3.600618,3.599715,0.000145999999999979,3.5925,0.0209822368621828
"2026-05-23T05:30:38.084Z","run_bootstrap",166,"http://client3:8000","run","http://client3:8000/run",1,TRUE,200,1109,251,3.72459959983826,"2026-05-23T05:30:34.355431Z","2026-05-23T05:30:38.080030Z",1779514234.35543,1779514238.08003,0.000531,0.000602,0.000621,3.711882,3.711993,3.711261,0.000110999999999972,3.7041,0.0204995998382569
"2026-05-23T05:30:41.909Z","run_bootstrap",167,"http://client1:8000","run","http://client1:8000/run",1,TRUE,200,1108,251,3.40745782852173,"2026-05-23T05:30:38.096617Z","2026-05-23T05:30:41.504075Z",1779514238.09662,1779514241.50408,0.00054,0.000646,0.000687,3.389162,3.389304,3.388475,0.000142000000000309,3.3819,0.0255578285217286
"2026-05-23T05:30:41.909Z","run_bootstrap",167,"http://client2:8000","run","http://client2:8000/run",1,TRUE,200,1108,252,3.80756640434265,"2026-05-23T05:30:38.097226Z","2026-05-23T05:30:41.904793Z",1779514238.09723,1779514241.90479,0.000505,0.000634,0.000675,3.787585,3.787773,3.78691,0.000188000000000077,3.7802,0.0273664043426516
"2026-05-23T05:30:41.909Z","run_bootstrap",167,"http://client3:8000","run","http://client3:8000/run",1,TRUE,200,1108,248,3.63118362426758,"2026-05-23T05:30:38.096526Z","2026-05-23T05:30:41.727710Z",1779514238.09653,1779514241.72771,0.000688,0.000794,0.000832,3.617155,3.61729,3.616323,0.000135000000000218,3.6097,0.021483624267578
"2026-05-23T05:30:45.766Z","run_bootstrap",168,"http://client1:8000","run","http://client1:8000/run",1,TRUE,200,1108,251,3.38437247276306,"2026-05-23T05:30:41.923821Z","2026-05-23T05:30:45.308193Z",1779514241.92382,1779514245.30819,0.000539,0.000619,0.00066,3.366815,3.367015,3.366155,0.000199999999999978,3.3559,0.0284724727630614
"2026-05-23T05:30:45.766Z","run_bootstrap",168,"http://client2:8000","run","http://client2:8000/run",1,TRUE,200,1108,252,3.83859086036682,"2026-05-23T05:30:41.923426Z","2026-05-23T05:30:45.762017Z",1779514241.92343,1779514245.76202,0.000722,0.00084,0.000881,3.824322,3.824454,3.823441,0.000131999999999799,3.8161,0.0224908603668212
"2026-05-23T05:30:45.766Z","run_bootstrap",168,"http://client3:8000","run","http://client3:8000/run",1,TRUE,200,1108,248,3.65979075431824,"2026-05-23T05:30:41.925259Z","2026-05-23T05:30:45.585049Z",1779514241.92526,1779514245.58505,0.000582,0.000681,0.000726,3.643692,3.643831,3.642966,0.000138999999999889,3.6368,0.0229907543182373
"2026-05-23T05:30:49.464Z","run_bootstrap",169,"http://client1:8000","run","http://client1:8000/run",1,TRUE,200,1108,250,3.67861771583557,"2026-05-23T05:30:45.779109Z","2026-05-23T05:30:49.457727Z",1779514245.77911,1779514249.45773,0.000695,0.000795,0.00083,3.660856,3.660889,3.660026,3.30000000001718e-05,3.6513,0.0273177158355713
"2026-05-23T05:30:49.464Z","run_bootstrap",169,"http://client2:8000","run","http://client2:8000/run",1,TRUE,200,1108,253,3.65450930595398,"2026-05-23T05:30:45.781370Z","2026-05-23T05:30:49.435879Z",1779514245.78137,1779514249.43588,0.000514,0.000599,0.00063,3.637395,3.637429,3.636765,3.39999999998675e-05,3.6306,0.0239093059539797
"2026-05-23T05:30:49.464Z","run_bootstrap",169,"http://client3:8000","run","http://client3:8000/run",1,TRUE,200,1108,251,3.38846039772034,"2026-05-23T05:30:45.781712Z","2026-05-23T05:30:49.170172Z",1779514245.78171,1779514249.17017,0.00047,0.000565,0.000599,3.364502,3.364552,3.363903,5.00000000003276e-05,3.3546,0.0338603977203369
"2026-05-23T05:30:53.289Z","run_bootstrap",170,"http://client1:8000","run","http://client1:8000/run",1,TRUE,200,1108,250,3.80365586280823,"2026-05-23T05:30:49.478874Z","2026-05-23T05:30:53.282530Z",1779514249.47887,1779514253.28253,0.000691,0.000803,0.00084,3.789399,3.789548,3.788559,0.000148999999999955,3.7817,0.0219558628082277
"2026-05-23T05:30:53.289Z","run_bootstrap",170,"http://client2:8000","run","http://client2:8000/run",1,TRUE,200,1108,253,3.44984292984009,"2026-05-23T05:30:49.480418Z","2026-05-23T05:30:52.930261Z",1779514249.48042,1779514252.93026,0.00046,0.000539,0.000571,3.436724,3.43688,3.436153,0.000156000000000045,3.4156,0.0342429298400879
"2026-05-23T05:30:53.289Z","run_bootstrap",170,"http://client3:8000","run","http://client3:8000/run",1,TRUE,200,1108,251,3.60011219978333,"2026-05-23T05:30:49.479994Z","2026-05-23T05:30:53.080106Z",1779514249.47999,1779514253.08011,0.000415,0.000506,0.000541,3.586361,3.586517,3.58582,0.000156000000000045,3.5793,0.0208121997833253
"2026-05-23T05:30:57.121Z","run_bootstrap",171,"http://client1:8000","run","http://client1:8000/run",1,TRUE,200,1108,251,3.64781498908997,"2026-05-23T05:30:53.302610Z","2026-05-23T05:30:56.950425Z",1779514253.30261,1779514256.95043,0.000497,0.000587,0.000622,3.633607,3.633761,3.632985,0.000153999999999765,3.6262,0.021614989089966
"2026-05-23T05:30:57.121Z","run_bootstrap",171,"http://client2:8000","run","http://client2:8000/run",1,TRUE,200,1108,255,3.81463074684143,"2026-05-23T05:30:53.302041Z","2026-05-23T05:30:57.116671Z",1779514253.30204,1779514257.11667,0.000642,0.000769,0.000805,3.800895,3.801028,3.80009,0.000132999999999939,3.7928,0.0218307468414305
"2026-05-23T05:30:57.121Z","run_bootstrap",171,"http://client3:8000","run","http://client3:8000/run",1,TRUE,200,1108,251,3.55124425888062,"2026-05-23T05:30:53.303670Z","2026-05-23T05:30:56.854914Z",1779514253.30367,1779514256.85491,0.000497,0.000575,0.000611,3.538454,3.538592,3.537843,0.000137999999999749,3.5298,0.0214442588806154
"2026-05-23T05:31:00.968Z","run_bootstrap",172,"http://client1:8000","run","http://client1:8000/run",1,TRUE,200,1108,251,3.65344953536987,"2026-05-23T05:30:57.132721Z","2026-05-23T05:31:00.786170Z",1779514257.13272,1779514260.78617,0.000691,0.000801,0.000839,3.639662,3.639757,3.638823,9.49999999999562e-05,3.6321,0.0213495353698732
"2026-05-23T05:31:00.968Z","run_bootstrap",172,"http://client2:8000","run","http://client2:8000/run",1,TRUE,200,1108,255,3.82700109481812,"2026-05-23T05:30:57.134446Z","2026-05-23T05:31:00.961447Z",1779514257.13445,1779514260.96145,0.000503,0.000614,0.00065,3.809654,3.809818,3.809004,0.000163999999999831,3.8016,0.0254010948181151
"2026-05-23T05:31:00.968Z","run_bootstrap",172,"http://client3:8000","run","http://client3:8000/run",1,TRUE,200,1108,250,3.53495907783508,"2026-05-23T05:30:57.135029Z","2026-05-23T05:31:00.669988Z",1779514257.13503,1779514260.66999,0.000696,0.000811,0.00085,3.514529,3.514661,3.513679,0.000131999999999799,3.507,0.0279590778350829
"2026-05-23T05:31:04.645Z","run_bootstrap",173,"http://client1:8000","run","http://client1:8000/run",1,TRUE,200,1108,252,3.6449294090271,"2026-05-23T05:31:00.984952Z","2026-05-23T05:31:04.629881Z",1779514260.98495,1779514264.62988,0.000561,0.000674,0.00072,3.630082,3.630191,3.629362,0.000109000000000137,3.6226,0.0223294090270998
"2026-05-23T05:31:04.645Z","run_bootstrap",173,"http://client2:8000","run","http://client2:8000/run",1,TRUE,200,1108,252,3.65411972999573,"2026-05-23T05:31:00.986794Z","2026-05-23T05:31:04.640914Z",1779514260.98679,1779514264.64091,0.00043,0.000511,0.000543,3.640724,3.640858,3.640181,0.000134000000000079,3.6339,0.0202197299957274
"2026-05-23T05:31:04.645Z","run_bootstrap",173,"http://client3:8000","run","http://client3:8000/run",1,TRUE,200,1108,251,3.6126070022583,"2026-05-23T05:31:00.986055Z","2026-05-23T05:31:04.598662Z",1779514260.98606,1779514264.59866,0.000602,0.000693,0.000727,3.59873,3.598874,3.598003,0.0001439999999997,3.5901,0.0225070022583007
"2026-05-23T05:31:08.507Z","run_bootstrap",174,"http://client1:8000","run","http://client1:8000/run",1,TRUE,200,1108,252,3.47704982757568,"2026-05-23T05:31:04.657971Z","2026-05-23T05:31:08.135021Z",1779514264.65797,1779514268.13502,0.00062,0.000703,0.000726,3.449829,3.449862,3.449103,3.30000000001718e-05,3.4412,0.0358498275756838
"2026-05-23T05:31:08.507Z","run_bootstrap",174,"http://client2:8000","run","http://client2:8000/run",1,TRUE,200,1108,252,3.81018614768982,"2026-05-23T05:31:04.657222Z","2026-05-23T05:31:08.467408Z",1779514264.65722,1779514268.46741,0.000666,0.000785,0.000823,3.785384,3.785417,3.784561,3.29999999997277e-05,3.7767,0.0334861476898194
"2026-05-23T05:31:08.507Z","run_bootstrap",174,"http://client3:8000","run","http://client3:8000/run",1,TRUE,200,1108,251,3.84413695335388,"2026-05-23T05:31:04.658989Z","2026-05-23T05:31:08.503126Z",1779514264.65899,1779514268.50313,0.000582,0.000664,0.000688,3.818523,3.818566,3.817835,4.30000000002373e-05,3.8086,0.0355369533538816
"2026-05-23T05:31:12.358Z","run_bootstrap",175,"http://client1:8000","run","http://client1:8000/run",1,TRUE,200,1109,249,3.69558501243591,"2026-05-23T05:31:08.524438Z","2026-05-23T05:31:12.220023Z",1779514268.52444,1779514272.22002,0.000698,0.000795,0.000831,3.677966,3.678113,3.677135,0.000147000000000119,3.6653,0.0302850124359133
"2026-05-23T05:31:12.358Z","run_bootstrap",175,"http://client2:8000","run","http://client2:8000/run",1,TRUE,200,1109,254,3.82548117637634,"2026-05-23T05:31:08.525227Z","2026-05-23T05:31:12.350708Z",1779514268.52523,1779514272.35071,0.000516,0.000629,0.000669,3.808496,3.80865,3.807827,0.00015400000000021,3.8015,0.0239811763763429
"2026-05-23T05:31:12.358Z","run_bootstrap",175,"http://client3:8000","run","http://client3:8000/run",1,TRUE,200,1109,250,3.66542983055115,"2026-05-23T05:31:08.525894Z","2026-05-23T05:31:12.191323Z",1779514268.52589,1779514272.19132,0.000534,0.000609,0.000641,3.648986,3.649126,3.648345,0.000140000000000029,3.6419,0.0235298305511473
"2026-05-23T05:31:16.295Z","run_bootstrap",176,"http://client1:8000","run","http://client1:8000/run",1,TRUE,200,1109,249,3.53269624710083,"2026-05-23T05:31:12.376322Z","2026-05-23T05:31:15.909019Z",1779514272.37632,1779514275.90902,0.000654,0.000768,0.000804,3.511356,3.511456,3.510552,9.99999999997669e-05,3.5033,0.0293962471008302
"2026-05-23T05:31:16.295Z","run_bootstrap",176,"http://client2:8000","run","http://client2:8000/run",1,TRUE,200,1109,253,3.63268423080444,"2026-05-23T05:31:12.375619Z","2026-05-23T05:31:16.008303Z",1779514272.37562,1779514276.0083,0.00072,0.000841,0.000877,3.618859,3.618993,3.617982,0.000134000000000079,3.611,0.0216842308044431
"2026-05-23T05:31:16.295Z","run_bootstrap",176,"http://client3:8000","run","http://client3:8000/run",1,TRUE,200,1109,250,3.91284012794495,"2026-05-23T05:31:12.377142Z","2026-05-23T05:31:16.289983Z",1779514272.37714,1779514276.28998,0.000553,0.000648,0.000681,3.894742,3.894886,3.894061,0.000144000000000144,3.8778,0.0350401279449462
"2026-05-23T05:31:20.238Z","run_bootstrap",177,"http://client1:8000","run","http://client1:8000/run",1,TRUE,200,1107,251,3.66406989097595,"2026-05-23T05:31:16.307169Z","2026-05-23T05:31:19.971239Z",1779514276.30717,1779514279.97124,0.000628,0.000731,0.000767,3.645843,3.645999,3.645076,0.000156000000000045,3.6376,0.0264698909759522
"2026-05-23T05:31:20.238Z","run_bootstrap",177,"http://client2:8000","run","http://client2:8000/run",1,TRUE,200,1107,248,3.80409622192383,"2026-05-23T05:31:16.307889Z","2026-05-23T05:31:20.111985Z",1779514276.30789,1779514280.11199,0.000614,0.000684,0.000707,3.786487,3.78666,3.78578,0.000172999999999757,3.779,0.0250962219238282
"2026-05-23T05:31:20.238Z","run_bootstrap",177,"http://client3:8000","run","http://client3:8000/run",1,TRUE,200,1107,250,3.92535161972046,"2026-05-23T05:31:16.308326Z","2026-05-23T05:31:20.233678Z",1779514276.30833,1779514280.23368,0.000814,0.000876,0.000899,3.909234,3.90938,3.908335,0.000145999999999979,3.9009,0.024451619720459
"2026-05-23T05:31:24.200Z","run_bootstrap",178,"http://client1:8000","run","http://client1:8000/run",1,TRUE,200,1107,251,3.797607421875,"2026-05-23T05:31:20.251681Z","2026-05-23T05:31:24.049288Z",1779514280.25168,1779514284.04929,0.000416,0.000496,0.000523,3.782616,3.782764,3.782093,0.000147999999999815,3.7754,0.0222074218750001
"2026-05-23T05:31:24.200Z","run_bootstrap",178,"http://client2:8000","run","http://client2:8000/run",1,TRUE,200,1107,249,3.9433434009552,"2026-05-23T05:31:20.252251Z","2026-05-23T05:31:24.195595Z",1779514280.25225,1779514284.1956,0.000501,0.000568,0.000587,3.929219,3.929349,3.928632,0.000130000000000408,3.9224,0.0209434009552001
"2026-05-23T05:31:24.200Z","run_bootstrap",178,"http://client3:8000","run","http://client3:8000/run",1,TRUE,200,1107,250,3.72434616088867,"2026-05-23T05:31:20.252775Z","2026-05-23T05:31:23.977121Z",1779514280.25278,1779514283.97712,0.000666,0.000747,0.000778,3.702813,3.702938,3.702035,0.000125000000000153,3.6951,0.0292461608886718
"2026-05-23T05:31:27.985Z","run_bootstrap",179,"http://client1:8000","run","http://client1:8000/run",1,TRUE,200,1109,250,3.76647877693176,"2026-05-23T05:31:24.214076Z","2026-05-23T05:31:27.980555Z",1779514284.21408,1779514287.98056,0.000546,0.00066,0.000696,3.744609,3.744775,3.743913,0.000166000000000111,3.737,0.0294787769317626
"2026-05-23T05:31:27.985Z","run_bootstrap",179,"http://client2:8000","run","http://client2:8000/run",1,TRUE,200,1109,255,3.70214629173279,"2026-05-23T05:31:24.214823Z","2026-05-23T05:31:27.916969Z",1779514284.21482,1779514287.91697,0.000707,0.000818,0.000853,3.681957,3.682123,3.681104,0.000165999999999666,3.6749,0.027246291732788
"2026-05-23T05:31:27.985Z","run_bootstrap",179,"http://client3:8000","run","http://client3:8000/run",1,TRUE,200,1109,248,3.68161416053772,"2026-05-23T05:31:24.215264Z","2026-05-23T05:31:27.896878Z",1779514284.21526,1779514287.89688,0.000676,0.00078,0.000815,3.667169,3.667405,3.666354,0.000236000000000125,3.659,0.0226141605377199
"2026-05-23T05:31:31.984Z","run_bootstrap",180,"http://client1:8000","run","http://client1:8000/run",1,TRUE,200,1109,251,3.74771571159363,"2026-05-23T05:31:27.997822Z","2026-05-23T05:31:31.745538Z",1779514287.99782,1779514291.74554,0.000651,0.000728,0.000759,3.728254,3.728292,3.727495,3.79999999999825e-05,3.5728,0.174915711593628
"2026-05-23T05:31:31.984Z","run_bootstrap",180,"http://client2:8000","run","http://client2:8000/run",1,TRUE,200,1109,255,3.98258781433105,"2026-05-23T05:31:27.997564Z","2026-05-23T05:31:31.980151Z",1779514287.99756,1779514291.98015,0.000626,0.000699,0.000726,3.963823,3.963951,3.963097,0.000127999999999684,3.7933,0.189287814331055
"2026-05-23T05:31:31.984Z","run_bootstrap",180,"http://client3:8000","run","http://client3:8000/run",1,TRUE,200,1109,249,3.95853853225708,"2026-05-23T05:31:27.999275Z","2026-05-23T05:31:31.957814Z",1779514287.99928,1779514291.95781,0.000583,0.000638,0.000657,3.94123,3.941264,3.940573,3.39999999998675e-05,3.7917,0.16683853225708
"2026-05-23T05:31:35.693Z","run_bootstrap",181,"http://client1:8000","run","http://client1:8000/run",1,TRUE,200,1108,249,3.32821345329285,"2026-05-23T05:31:31.998692Z","2026-05-23T05:31:35.326905Z",1779514291.99869,1779514295.32691,0.000507,0.00058,0.00061,3.313331,3.313443,3.312721,0.000112000000000112,3.3064,0.0218134532928467
"2026-05-23T05:31:35.693Z","run_bootstrap",181,"http://client2:8000","run","http://client2:8000/run",1,TRUE,200,1108,255,3.51320791244507,"2026-05-23T05:31:31.998517Z","2026-05-23T05:31:35.511724Z",1779514291.99852,1779514295.51172,0.000469,0.000554,0.000576,3.499409,3.499553,3.498833,0.000144000000000144,3.4928,0.0204079124450685
"2026-05-23T05:31:35.693Z","run_bootstrap",181,"http://client3:8000","run","http://client3:8000/run",1,TRUE,200,1108,251,3.6871964931488,"2026-05-23T05:31:31.998486Z","2026-05-23T05:31:35.685683Z",1779514291.99849,1779514295.68568,0.000491,0.000553,0.000575,3.673439,3.673578,3.672864,0.000138999999999889,3.6669,0.0202964931488037
"2026-05-23T05:31:39.464Z","run_bootstrap",182,"http://client1:8000","run","http://client1:8000/run",1,TRUE,200,1108,249,3.74535441398621,"2026-05-23T05:31:35.711820Z","2026-05-23T05:31:39.457174Z",1779514295.71182,1779514299.45717,0.00051,0.000597,0.000637,3.726305,3.72642,3.725668,0.000115000000000087,3.7193,0.026054413986206
"2026-05-23T05:31:39.464Z","run_bootstrap",182,"http://client2:8000","run","http://client2:8000/run",1,TRUE,200,1108,255,3.45256781578064,"2026-05-23T05:31:35.712085Z","2026-05-23T05:31:39.164653Z",1779514295.71209,1779514299.16465,0.000714,0.000829,0.000863,3.434553,3.434697,3.43369,0.0001439999999997,3.4266,0.0259678157806396
"2026-05-23T05:31:39.464Z","run_bootstrap",182,"http://client3:8000","run","http://client3:8000/run",1,TRUE,200,1108,251,3.33336758613586,"2026-05-23T05:31:35.711428Z","2026-05-23T05:31:39.044795Z",1779514295.71143,1779514299.0448,0.000559,0.000663,0.000697,3.319267,3.319358,3.31857,9.09999999998412e-05,3.3124,0.0209675861358645
"2026-05-23T05:31:43.182Z","run_bootstrap",183,"http://client1:8000","run","http://client1:8000/run",1,TRUE,200,1106,249,3.69251561164856,"2026-05-23T05:31:39.481955Z","2026-05-23T05:31:43.174471Z",1779514299.48196,1779514303.17447,0.000646,0.000739,0.000772,3.670265,3.670402,3.669493,0.000137000000000054,3.663,0.0295156116485598
"2026-05-23T05:31:43.182Z","run_bootstrap",183,"http://client2:8000","run","http://client2:8000/run",1,TRUE,200,1106,252,3.29061222076416,"2026-05-23T05:31:39.481595Z","2026-05-23T05:31:42.772207Z",1779514299.4816,1779514302.77221,0.000509,0.000612,0.000653,3.276112,3.276233,3.275459,0.000121000000000038,3.269,0.02161222076416
"2026-05-23T05:31:43.182Z","run_bootstrap",183,"http://client3:8000","run","http://client3:8000/run",1,TRUE,200,1106,250,3.63602495193481,"2026-05-23T05:31:39.483355Z","2026-05-23T05:31:43.119380Z",1779514299.48336,1779514303.11938,0.000519,0.000632,0.000672,3.61509,3.615221,3.614418,0.000131000000000103,3.6074,0.0286249519348143
"2026-05-23T05:31:46.872Z","run_bootstrap",184,"http://client1:8000","run","http://client1:8000/run",1,TRUE,200,1106,250,3.50456833839417,"2026-05-23T05:31:43.195965Z","2026-05-23T05:31:46.700533Z",1779514303.19597,1779514306.70053,0.000571,0.000644,0.000676,3.489966,3.490071,3.48929,0.000105000000000022,3.4829,0.0216683383941652
"2026-05-23T05:31:46.872Z","run_bootstrap",184,"http://client2:8000","run","http://client2:8000/run",1,TRUE,200,1106,253,3.55504631996155,"2026-05-23T05:31:43.196096Z","2026-05-23T05:31:46.751142Z",1779514303.1961,1779514306.75114,0.000626,0.000733,0.000769,3.536817,3.536909,3.536048,9.1999999999981e-05,3.5294,0.025646319961548
"2026-05-23T05:31:46.872Z","run_bootstrap",184,"http://client3:8000","run","http://client3:8000/run",1,TRUE,200,1106,249,3.67245984077454,"2026-05-23T05:31:43.195158Z","2026-05-23T05:31:46.867618Z",1779514303.19516,1779514306.86762,0.000788,0.00089,0.000926,3.657947,3.658084,3.657021,0.000137000000000054,3.651,0.0214598407745363
"2026-05-23T05:31:50.693Z","run_bootstrap",185,"http://client1:8000","run","http://client1:8000/run",1,TRUE,200,1108,257,3.75153756141663,"2026-05-23T05:31:46.934806Z","2026-05-23T05:31:50.686344Z",1779514306.93481,1779514310.68634,0.000666,0.00077,0.000804,3.737261,3.737404,3.736457,0.000143000000000004,3.7286,0.0229375614166258
"2026-05-23T05:31:50.693Z","run_bootstrap",185,"http://client2:8000","run","http://client2:8000/run",1,TRUE,200,1108,254,3.62096500396729,"2026-05-23T05:31:46.935771Z","2026-05-23T05:31:50.556736Z",1779514306.93577,1779514310.55674,0.000637,0.000752,0.000786,3.601675,3.601781,3.600889,0.000105999999999717,3.5936,0.0273650039672853
"2026-05-23T05:31:50.693Z","run_bootstrap",185,"http://client3:8000","run","http://client3:8000/run",1,TRUE,200,1108,252,3.45724368095398,"2026-05-23T05:31:46.936573Z","2026-05-23T05:31:50.393817Z",1779514306.93657,1779514310.39382,0.000539,0.000649,0.000685,3.437318,3.437456,3.436633,0.000138000000000194,3.4297,0.0275436809539795
"2026-05-23T05:31:54.491Z","run_bootstrap",186,"http://client1:8000","run","http://client1:8000/run",1,TRUE,200,1108,257,3.77578949928284,"2026-05-23T05:31:50.710801Z","2026-05-23T05:31:54.486590Z",1779514310.7108,1779514314.48659,0.000588,0.000693,0.00073,3.762349,3.762446,3.761619,9.70000000002358e-05,3.7551,0.0206894992828368
"2026-05-23T05:31:54.491Z","run_bootstrap",186,"http://client2:8000","run","http://client2:8000/run",1,TRUE,200,1108,253,3.5831823348999,"2026-05-23T05:31:50.712626Z","2026-05-23T05:31:54.295809Z",1779514310.71263,1779514314.29581,0.000591,0.000712,0.00075,3.566075,3.566193,3.565325,0.000118000000000062,3.556,0.0271823348999023
"2026-05-23T05:31:54.491Z","run_bootstrap",186,"http://client3:8000","run","http://client3:8000/run",1,TRUE,200,1108,252,3.58084964752197,"2026-05-23T05:31:50.712978Z","2026-05-23T05:31:54.293828Z",1779514310.71298,1779514314.29383,0.000402,0.000491,0.000524,3.560455,3.560592,3.559931,0.000137000000000054,3.5535,0.0273496475219726
"2026-05-23T05:31:58.145Z","run_bootstrap",187,"http://client1:8000","run","http://client1:8000/run",1,TRUE,200,1110,258,3.63760042190552,"2026-05-23T05:31:54.502965Z","2026-05-23T05:31:58.140566Z",1779514314.50297,1779514318.14057,0.000601,0.000676,0.000706,3.617116,3.61726,3.61641,0.0001439999999997,3.6099,0.0277004219055175
"2026-05-23T05:31:58.145Z","run_bootstrap",187,"http://client2:8000","run","http://client2:8000/run",1,TRUE,200,1110,253,3.36599802970886,"2026-05-23T05:31:54.503749Z","2026-05-23T05:31:57.869747Z",1779514314.50375,1779514317.86975,0.000482,0.000578,6e-04,3.348699,3.348762,3.348099,6.29999999999242e-05,3.3374,0.0285980297088622
"2026-05-23T05:31:58.145Z","run_bootstrap",187,"http://client3:8000","run","http://client3:8000/run",1,TRUE,200,1110,254,3.57492065429688,"2026-05-23T05:31:54.504414Z","2026-05-23T05:31:58.079335Z",1779514314.50441,1779514318.07934,0.000667,0.000722,0.000741,3.558906,3.559026,3.558165,0.000119999999999898,3.5517,0.0232206542968751
"2026-05-23T05:32:01.792Z","run_bootstrap",188,"http://client1:8000","run","http://client1:8000/run",1,TRUE,200,1110,258,3.63044428825378,"2026-05-23T05:31:58.157505Z","2026-05-23T05:32:01.787950Z",1779514318.15751,1779514321.78795,0.00058,0.00064,0.000662,3.616978,3.61711,3.616316,0.000131999999999799,3.6098,0.0206442882537843
"2026-05-23T05:32:01.792Z","run_bootstrap",188,"http://client2:8000","run","http://client2:8000/run",1,TRUE,200,1110,252,3.59027028083801,"2026-05-23T05:31:58.158246Z","2026-05-23T05:32:01.748516Z",1779514318.15825,1779514321.74852,0.000536,0.000616,0.000648,3.574259,3.574391,3.573611,0.000131999999999799,3.566,0.0242702808380129
"2026-05-23T05:32:01.792Z","run_bootstrap",188,"http://client3:8000","run","http://client3:8000/run",1,TRUE,200,1110,254,3.57464218139648,"2026-05-23T05:31:58.157450Z","2026-05-23T05:32:01.732093Z",1779514318.15745,1779514321.73209,0.000517,0.000631,0.000664,3.560349,3.560492,3.559685,0.000143000000000004,3.5534,0.0212421813964845
"2026-05-23T05:32:05.638Z","run_bootstrap",189,"http://client1:8000","run","http://client1:8000/run",1,TRUE,200,1109,257,3.61859130859375,"2026-05-23T05:32:01.804154Z","2026-05-23T05:32:05.422746Z",1779514321.80415,1779514325.42275,0.000588,0.000671,0.00071,3.601809,3.601965,3.601099,0.000156000000000045,3.5944,0.0241913085937502
"2026-05-23T05:32:05.638Z","run_bootstrap",189,"http://client2:8000","run","http://client2:8000/run",1,TRUE,200,1109,252,3.82629084587097,"2026-05-23T05:32:01.804929Z","2026-05-23T05:32:05.631220Z",1779514321.80493,1779514325.63122,0.000504,0.000582,0.000604,3.810352,3.810491,3.809748,0.000138999999999889,3.8032,0.0230908458709718
"2026-05-23T05:32:05.638Z","run_bootstrap",189,"http://client3:8000","run","http://client3:8000/run",1,TRUE,200,1109,249,3.60572195053101,"2026-05-23T05:32:01.805552Z","2026-05-23T05:32:05.411273Z",1779514321.80555,1779514325.41127,0.000598,0.000672,0.000703,3.587778,3.587916,3.587075,0.000137999999999749,3.5808,0.0249219505310059
"2026-05-23T05:32:09.557Z","run_bootstrap",190,"http://client1:8000","run","http://client1:8000/run",1,TRUE,200,1109,257,3.89482355117798,"2026-05-23T05:32:05.658339Z","2026-05-23T05:32:09.553162Z",1779514325.65834,1779514329.55316,0.000781,0.00087,0.000907,3.871107,3.871136,3.8702,2.90000000000568e-05,3.8635,0.0313235511779784
"2026-05-23T05:32:09.557Z","run_bootstrap",190,"http://client2:8000","run","http://client2:8000/run",1,TRUE,200,1109,252,3.63306307792664,"2026-05-23T05:32:05.658639Z","2026-05-23T05:32:09.291702Z",1779514325.65864,1779514329.2917,0.000697,0.000768,0.000801,3.606474,3.606507,3.605673,3.30000000001718e-05,3.5996,0.0334630779266356
"2026-05-23T05:32:09.557Z","run_bootstrap",190,"http://client3:8000","run","http://client3:8000/run",1,TRUE,200,1109,249,3.65678310394287,"2026-05-23T05:32:05.659125Z","2026-05-23T05:32:09.315908Z",1779514325.65913,1779514329.31591,0.000652,0.000727,0.000758,3.63069,3.630721,3.629932,3.09999999998922e-05,3.6228,0.0339831039428713
"2026-05-23T05:32:13.316Z","run_bootstrap",191,"http://client1:8000","run","http://client1:8000/run",1,TRUE,200,1110,255,3.62097334861755,"2026-05-23T05:32:09.572326Z","2026-05-23T05:32:13.193300Z",1779514329.57233,1779514333.1933,0.000604,0.000709,0.000742,3.603209,3.60336,3.602467,0.00015099999999979,3.5958,0.0251733486175536
"2026-05-23T05:32:13.316Z","run_bootstrap",191,"http://client2:8000","run","http://client2:8000/run",1,TRUE,200,1110,251,3.69021201133728,"2026-05-23T05:32:09.573243Z","2026-05-23T05:32:13.263455Z",1779514329.57324,1779514333.26346,0.000465,0.000538,0.000569,3.669791,3.669954,3.669222,0.000163000000000135,3.6622,0.0280120113372804
"2026-05-23T05:32:13.316Z","run_bootstrap",191,"http://client3:8000","run","http://client3:8000/run",1,TRUE,200,1110,252,3.73551154136658,"2026-05-23T05:32:09.573756Z","2026-05-23T05:32:13.309267Z",1779514329.57376,1779514333.30927,0.000438,0.000513,0.000544,3.715584,3.715717,3.71504,0.000132999999999939,3.7089,0.0266115413665773
"2026-05-23T05:32:17.235Z","run_bootstrap",192,"http://client1:8000","run","http://client1:8000/run",1,TRUE,200,1110,255,3.90063452720642,"2026-05-23T05:32:13.329905Z","2026-05-23T05:32:17.230540Z",1779514333.32991,1779514337.23054,0.000607,0.000724,0.000761,3.882002,3.882166,3.881241,0.000163999999999831,3.8736,0.0270345272064207
"2026-05-23T05:32:17.235Z","run_bootstrap",192,"http://client2:8000","run","http://client2:8000/run",1,TRUE,200,1110,251,3.50318765640259,"2026-05-23T05:32:13.330127Z","2026-05-23T05:32:16.833314Z",1779514333.33013,1779514336.83331,0.000615,0.000719,0.000754,3.486695,3.486811,3.485941,0.000115999999999783,3.4683,0.0348876564025877
"2026-05-23T05:32:17.235Z","run_bootstrap",192,"http://client3:8000","run","http://client3:8000/run",1,TRUE,200,1110,252,3.73878526687622,"2026-05-23T05:32:13.330702Z","2026-05-23T05:32:17.069488Z",1779514333.3307,1779514337.06949,0.000536,0.000645,0.000681,3.719657,3.719771,3.718976,0.000113999999999947,3.7114,0.0273852668762209
"2026-05-23T05:32:21.165Z","run_bootstrap",193,"http://client1:8000","run","http://client1:8000/run",1,TRUE,200,1110,256,3.62691712379456,"2026-05-23T05:32:17.246609Z","2026-05-23T05:32:20.873526Z",1779514337.24661,1779514340.87353,0.000656,0.000788,0.000825,3.60859,3.60876,3.607765,0.000170000000000226,3.6005,0.0264171237945559
"2026-05-23T05:32:21.165Z","run_bootstrap",193,"http://client2:8000","run","http://client2:8000/run",1,TRUE,200,1110,250,3.757967710495,"2026-05-23T05:32:17.247269Z","2026-05-23T05:32:21.005237Z",1779514337.24727,1779514341.00524,0.000563,0.000646,0.000677,3.736935,3.737078,3.736258,0.000143000000000004,3.7299,0.0280677104949949
"2026-05-23T05:32:21.165Z","run_bootstrap",193,"http://client3:8000","run","http://client3:8000/run",1,TRUE,200,1110,253,3.91283130645752,"2026-05-23T05:32:17.247855Z","2026-05-23T05:32:21.160686Z",1779514337.24786,1779514341.16069,0.000618,0.000681,0.000701,3.893107,3.893257,3.892406,0.000150000000000095,3.8856,0.0272313064575194
"2026-05-23T05:32:24.917Z","run_bootstrap",194,"http://client1:8000","run","http://client1:8000/run",1,TRUE,200,1110,256,3.51609230041504,"2026-05-23T05:32:21.178257Z","2026-05-23T05:32:24.694350Z",1779514341.17826,1779514344.69435,0.000481,0.000563,0.000598,3.500265,3.500368,3.499667,0.000102999999999742,3.4927,0.0233923004150389
"2026-05-23T05:32:24.917Z","run_bootstrap",194,"http://client2:8000","run","http://client2:8000/run",1,TRUE,200,1110,250,3.73070597648621,"2026-05-23T05:32:21.178990Z","2026-05-23T05:32:24.909696Z",1779514341.17899,1779514344.9097,0.000535,0.000617,0.000635,3.715517,3.715653,3.714882,0.000135999999999914,3.7085,0.0222059764862061
"2026-05-23T05:32:24.917Z","run_bootstrap",194,"http://client3:8000","run","http://client3:8000/run",1,TRUE,200,1110,253,3.66659545898438,"2026-05-23T05:32:21.179678Z","2026-05-23T05:32:24.846273Z",1779514341.17968,1779514344.84627,0.000622,0.000701,0.000733,3.645746,3.645899,3.645013,0.00015300000000007,3.6384,0.0281954589843751
"2026-05-23T05:32:28.823Z","run_bootstrap",195,"http://client1:8000","run","http://client1:8000/run",1,TRUE,200,1108,255,3.68377041816711,"2026-05-23T05:32:24.928798Z","2026-05-23T05:32:28.612568Z",1779514344.9288,1779514348.61257,0.000634,0.000686,0.000704,3.6697,3.669808,3.668996,0.000107999999999997,3.6624,0.0213704181671144
"2026-05-23T05:32:28.823Z","run_bootstrap",195,"http://client2:8000","run","http://client2:8000/run",1,TRUE,200,1108,251,3.88937592506409,"2026-05-23T05:32:24.929656Z","2026-05-23T05:32:28.819032Z",1779514344.92966,1779514348.81903,0.000539,0.00059,0.00063,3.876082,3.876234,3.875452,0.000152000000000374,3.868,0.021375925064087
"2026-05-23T05:32:28.823Z","run_bootstrap",195,"http://client3:8000","run","http://client3:8000/run",1,TRUE,200,1108,250,3.64445972442627,"2026-05-23T05:32:24.929428Z","2026-05-23T05:32:28.573887Z",1779514344.92943,1779514348.57389,0.000439,0.000511,0.000535,3.629886,3.629943,3.629351,5.69999999999737e-05,3.6212,0.0232597244262696
"2026-05-23T05:32:32.587Z","run_bootstrap",196,"http://client1:8000","run","http://client1:8000/run",1,TRUE,200,1108,255,3.61774730682373,"2026-05-23T05:32:28.842470Z","2026-05-23T05:32:32.460217Z",1779514348.84247,1779514352.46022,0.000773,0.000861,0.000894,3.605508,3.605635,3.604614,0.000126999999999988,3.5979,0.0198473068237304
"2026-05-23T05:32:32.587Z","run_bootstrap",196,"http://client2:8000","run","http://client2:8000/run",1,TRUE,200,1108,252,3.73815822601318,"2026-05-23T05:32:28.843273Z","2026-05-23T05:32:32.581432Z",1779514348.84327,1779514352.58143,0.000555,0.000621,0.000643,3.726758,3.726881,3.726115,0.000123000000000317,3.7183,0.0198582260131834
"2026-05-23T05:32:32.587Z","run_bootstrap",196,"http://client3:8000","run","http://client3:8000/run",1,TRUE,200,1108,250,3.59725642204285,"2026-05-23T05:32:28.843607Z","2026-05-23T05:32:32.440864Z",1779514348.84361,1779514352.44086,0.00073,0.000808,0.000842,3.586083,3.58621,3.585241,0.000126999999999988,3.5785,0.0187564220428467
"2026-05-23T05:32:36.351Z","run_bootstrap",197,"http://client1:8000","run","http://client1:8000/run",1,TRUE,200,1107,255,3.73855638504028,"2026-05-23T05:32:32.601200Z","2026-05-23T05:32:36.339756Z",1779514352.6012,1779514356.33976,0.000723,0.00082,0.000855,3.725624,3.72577,3.724769,0.000145999999999979,3.7158,0.022756385040283
"2026-05-23T05:32:36.351Z","run_bootstrap",197,"http://client2:8000","run","http://client2:8000/run",1,TRUE,200,1107,252,3.6336395740509,"2026-05-23T05:32:32.601594Z","2026-05-23T05:32:36.235234Z",1779514352.60159,1779514356.23523,0.000301,0.000384,0.000431,3.620073,3.620235,3.619642,0.000161999999999995,3.6048,0.0288395740509033
"2026-05-23T05:32:36.351Z","run_bootstrap",197,"http://client3:8000","run","http://client3:8000/run",1,TRUE,200,1107,251,3.74660038948059,"2026-05-23T05:32:32.600865Z","2026-05-23T05:32:36.347466Z",1779514352.60087,1779514356.34747,0.000665,0.000782,0.00082,3.732656,3.732793,3.731836,0.000137000000000054,3.7244,0.0222003894805907
"2026-05-23T05:32:40.308Z","run_bootstrap",198,"http://client1:8000","run","http://client1:8000/run",1,TRUE,200,1107,255,3.67103290557861,"2026-05-23T05:32:36.364206Z","2026-05-23T05:32:40.035238Z",1779514356.36421,1779514360.03524,0.000551,0.000619,0.000641,3.655635,3.65578,3.654994,0.00014499999999984,3.6471,0.0239329055786133
"2026-05-23T05:32:40.308Z","run_bootstrap",198,"http://client2:8000","run","http://client2:8000/run",1,TRUE,200,1107,252,3.90664410591125,"2026-05-23T05:32:36.364954Z","2026-05-23T05:32:40.271598Z",1779514356.36495,1779514360.2716,0.000511,0.000584,0.000615,3.891573,3.891716,3.890958,0.000143000000000004,3.8826,0.0240441059112548
"2026-05-23T05:32:40.308Z","run_bootstrap",198,"http://client3:8000","run","http://client3:8000/run",1,TRUE,200,1107,250,3.93899297714233,"2026-05-23T05:32:36.365545Z","2026-05-23T05:32:40.304538Z",1779514356.36555,1779514360.30454,0.000543,0.000619,0.000642,3.9256,3.925781,3.924958,0.000180999999999987,3.913,0.0259929771423342
"2026-05-23T05:32:44.113Z","run_bootstrap",199,"http://client1:8000","run","http://client1:8000/run",1,TRUE,200,1108,253,3.78821587562561,"2026-05-23T05:32:40.320565Z","2026-05-23T05:32:44.108781Z",1779514360.32057,1779514364.10878,0.000617,0.000726,0.000762,3.772384,3.772556,3.771622,0.000171999999999617,3.7629,0.0253158756256102
"2026-05-23T05:32:44.113Z","run_bootstrap",199,"http://client2:8000","run","http://client2:8000/run",1,TRUE,200,1108,252,3.76652574539185,"2026-05-23T05:32:40.321156Z","2026-05-23T05:32:44.087682Z",1779514360.32116,1779514364.08768,0.000532,0.000682,0.000784,3.746335,3.746464,3.745551,0.000128999999999824,3.7388,0.0277257453918458
"2026-05-23T05:32:44.113Z","run_bootstrap",199,"http://client3:8000","run","http://client3:8000/run",1,TRUE,200,1108,251,3.75264143943787,"2026-05-23T05:32:40.320425Z","2026-05-23T05:32:44.073067Z",1779514360.32043,1779514364.07307,0.000616,0.00072,0.000755,3.738466,3.738609,3.737711,0.000143000000000004,3.7234,0.0292414394378664
"2026-05-23T05:32:48.307Z","run_bootstrap",200,"http://client1:8000","run","http://client1:8000/run",1,TRUE,200,1108,252,3.99830675125122,"2026-05-23T05:32:44.125696Z","2026-05-23T05:32:48.124003Z",1779514364.1257,1779514368.124,0.000478,0.000567,6e-04,3.981827,3.981966,3.981227,0.000138999999999889,3.805,0.193306751251221
"2026-05-23T05:32:48.307Z","run_bootstrap",200,"http://client2:8000","run","http://client2:8000/run",1,TRUE,200,1108,252,3.94387340545654,"2026-05-23T05:32:44.126246Z","2026-05-23T05:32:48.070119Z",1779514364.12625,1779514368.07012,0.000585,0.000701,0.000743,3.928021,3.928332,3.927278,0.00031099999999995,3.7544,0.189473405456543
"2026-05-23T05:32:48.307Z","run_bootstrap",200,"http://client3:8000","run","http://client3:8000/run",1,TRUE,200,1108,251,4.17662739753723,"2026-05-23T05:32:44.125902Z","2026-05-23T05:32:48.302530Z",1779514364.1259,1779514368.30253,0.000666,0.000778,0.000814,4.16207,4.1622,4.161256,0.000130000000000408,3.9974,0.179227397537232
"2026-05-23T05:32:52.048Z","run_bootstrap",201,"http://client1:8000","run","http://client1:8000/run",1,TRUE,200,1109,257,3.28377056121826,"2026-05-23T05:32:48.318992Z","2026-05-23T05:32:51.602763Z",1779514368.31899,1779514371.60276,0.000697,0.000817,0.000856,3.264168,3.264295,3.263312,0.000126999999999988,3.2569,0.0268705612182618
"2026-05-23T05:32:52.048Z","run_bootstrap",201,"http://client2:8000","run","http://client2:8000/run",1,TRUE,200,1109,250,3.48082613945007,"2026-05-23T05:32:48.320931Z","2026-05-23T05:32:51.801757Z",1779514368.32093,1779514371.80176,0.000559,0.00067,0.000707,3.459505,3.459603,3.458798,9.79999999999315e-05,3.4528,0.0280261394500734
"2026-05-23T05:32:52.048Z","run_bootstrap",201,"http://client3:8000","run","http://client3:8000/run",1,TRUE,200,1109,251,3.72028040885925,"2026-05-23T05:32:48.321397Z","2026-05-23T05:32:52.041677Z",1779514368.3214,1779514372.04168,0.000531,0.000638,0.000673,3.695306,3.695436,3.694633,0.000129999999999963,3.6886,0.0316804088592528
"2026-05-23T05:32:55.652Z","run_bootstrap",202,"http://client1:8000","run","http://client1:8000/run",1,TRUE,200,1109,257,3.58289980888367,"2026-05-23T05:32:52.065583Z","2026-05-23T05:32:55.648483Z",1779514372.06558,1779514375.64848,0.000608,0.000688,0.000711,3.570028,3.570157,3.569317,0.000128999999999824,3.5627,0.020199808883667
"2026-05-23T05:32:55.652Z","run_bootstrap",202,"http://client2:8000","run","http://client2:8000/run",1,TRUE,200,1109,250,3.36147999763489,"2026-05-23T05:32:52.066110Z","2026-05-23T05:32:55.427590Z",1779514372.06611,1779514375.42759,0.000727,0.000782,0.000826,3.347651,3.347809,3.346825,0.00015799999999988,3.3373,0.0241799976348878
"2026-05-23T05:32:55.652Z","run_bootstrap",202,"http://client3:8000","run","http://client3:8000/run",1,TRUE,200,1109,251,3.55919194221497,"2026-05-23T05:32:52.067841Z","2026-05-23T05:32:55.627033Z",1779514372.06784,1779514375.62703,0.00052,0.000596,0.000626,3.544277,3.544419,3.543651,0.000141999999999864,3.5374,0.0217919422149659
"2026-05-23T05:32:59.430Z","run_bootstrap",203,"http://client1:8000","run","http://client1:8000/run",1,TRUE,200,1109,254,3.75649428367615,"2026-05-23T05:32:55.664634Z","2026-05-23T05:32:59.421129Z",1779514375.66463,1779514379.42113,0.000643,0.000737,0.00077,3.74306,3.743184,3.74229,0.000124000000000013,3.7359,0.0205942836761475
"2026-05-23T05:32:59.430Z","run_bootstrap",203,"http://client2:8000","run","http://client2:8000/run",1,TRUE,200,1109,253,3.47618699073792,"2026-05-23T05:32:55.664254Z","2026-05-23T05:32:59.140441Z",1779514375.66425,1779514379.14044,0.000543,0.000659,0.000698,3.46219,3.462336,3.461492,0.000145999999999979,3.4529,0.023286990737915
"2026-05-23T05:32:59.430Z","run_bootstrap",203,"http://client3:8000","run","http://client3:8000/run",1,TRUE,200,1109,250,3.75728273391724,"2026-05-23T05:32:55.666087Z","2026-05-23T05:32:59.423370Z",1779514375.66609,1779514379.42337,0.00062,0.000698,0.00073,3.744771,3.744946,3.744041,0.000175000000000036,3.7379,0.0193827339172365
"2026-05-23T05:33:03.080Z","run_bootstrap",204,"http://client1:8000","run","http://client1:8000/run",1,TRUE,200,1109,254,3.59312200546265,"2026-05-23T05:32:59.444431Z","2026-05-23T05:33:03.037553Z",1779514379.44443,1779514383.03755,0.000678,0.000747,0.000783,3.572469,3.572602,3.571686,0.000132999999999939,3.5516,0.0415220054626464
"2026-05-23T05:33:03.080Z","run_bootstrap",204,"http://client2:8000","run","http://client2:8000/run",1,TRUE,200,1109,253,3.60899424552917,"2026-05-23T05:32:59.444841Z","2026-05-23T05:33:03.053835Z",1779514379.44484,1779514383.05384,0.000612,0.000735,0.000771,3.591972,3.592074,3.591201,0.000102000000000046,3.5848,0.0241942455291748
"2026-05-23T05:33:03.080Z","run_bootstrap",204,"http://client3:8000","run","http://client3:8000/run",1,TRUE,200,1109,250,3.6306471824646,"2026-05-23T05:32:59.445343Z","2026-05-23T05:33:03.075991Z",1779514379.44534,1779514383.07599,0.000605,0.000712,0.000748,3.61064,3.610783,3.609892,0.000143000000000004,3.6011,0.0295471824645994
"2026-05-23T05:33:06.849Z","run_bootstrap",205,"http://client1:8000","run","http://client1:8000/run",1,TRUE,200,1110,257,3.53638386726379,"2026-05-23T05:33:03.092509Z","2026-05-23T05:33:06.628892Z",1779514383.09251,1779514386.62889,0.000586,0.000671,0.000704,3.518306,3.518452,3.517602,0.000145999999999979,3.5108,0.0255838672637938
"2026-05-23T05:33:06.849Z","run_bootstrap",205,"http://client2:8000","run","http://client2:8000/run",1,TRUE,200,1110,245,3.42221713066101,"2026-05-23T05:33:03.091966Z","2026-05-23T05:33:06.514183Z",1779514383.09197,1779514386.51418,0.000822,0.000934,0.00097,3.408025,3.40817,3.407055,0.000145000000000284,3.4004,0.0218171306610109
"2026-05-23T05:33:06.849Z","run_bootstrap",205,"http://client3:8000","run","http://client3:8000/run",1,TRUE,200,1110,252,3.75140118598938,"2026-05-23T05:33:03.093631Z","2026-05-23T05:33:06.845032Z",1779514383.09363,1779514386.84503,0.000643,0.00071,0.00074,3.737321,3.737455,3.736581,0.000134000000000079,3.7298,0.0216011859893799
"2026-05-23T05:33:10.635Z","run_bootstrap",206,"http://client1:8000","run","http://client1:8000/run",1,TRUE,200,1110,257,3.76815414428711,"2026-05-23T05:33:06.862729Z","2026-05-23T05:33:10.630883Z",1779514386.86273,1779514390.63088,0.000485,0.000556,0.00059,3.750605,3.750744,3.750015,0.000138999999999889,3.7431,0.0250541442871093
"2026-05-23T05:33:10.635Z","run_bootstrap",206,"http://client2:8000","run","http://client2:8000/run",1,TRUE,200,1110,245,3.60160994529724,"2026-05-23T05:33:06.863413Z","2026-05-23T05:33:10.465023Z",1779514386.86341,1779514390.46502,0.000528,0.000621,0.000652,3.584716,3.584852,3.584064,0.000136000000000358,3.5772,0.0244099452972413
"2026-05-23T05:33:10.635Z","run_bootstrap",206,"http://client3:8000","run","http://client3:8000/run",1,TRUE,200,1110,252,3.49222946166992,"2026-05-23T05:33:06.863994Z","2026-05-23T05:33:10.356224Z",1779514386.86399,1779514390.35622,0.000477,0.000821,0.000846,3.475937,3.476048,3.475091,0.000110999999999972,3.4687,0.0235294616699218
"2026-05-23T05:33:14.435Z","run_bootstrap",207,"http://client1:8000","run","http://client1:8000/run",1,TRUE,200,1107,255,3.78245806694031,"2026-05-23T05:33:10.649141Z","2026-05-23T05:33:14.431599Z",1779514390.64914,1779514394.4316,0.000397,0.000482,0.000513,3.75688,3.757007,3.756367,0.000126999999999988,3.7491,0.0333580669403077
"2026-05-23T05:33:14.435Z","run_bootstrap",207,"http://client2:8000","run","http://client2:8000/run",1,TRUE,200,1107,252,3.3411808013916,"2026-05-23T05:33:10.649619Z","2026-05-23T05:33:13.990800Z",1779514390.64962,1779514393.9908,0.000618,0.000702,0.000734,3.314707,3.31482,3.313973,0.000113000000000252,3.3074,0.0337808013916017
"2026-05-23T05:33:14.435Z","run_bootstrap",207,"http://client3:8000","run","http://client3:8000/run",1,TRUE,200,1107,248,3.6124119758606,"2026-05-23T05:33:10.650034Z","2026-05-23T05:33:14.262446Z",1779514390.65003,1779514394.26245,0.000703,0.000815,0.000851,3.590552,3.590694,3.589701,0.000141999999999864,3.582,0.0304119758605959
"2026-05-23T05:33:18.229Z","run_bootstrap",208,"http://client1:8000","run","http://client1:8000/run",1,TRUE,200,1107,255,3.77176451683044,"2026-05-23T05:33:14.450931Z","2026-05-23T05:33:18.222696Z",1779514394.45093,1779514398.2227,0.000657,0.000763,8e-04,3.756565,3.756649,3.755765,8.39999999997509e-05,3.7491,0.0226645168304445
"2026-05-23T05:33:18.229Z","run_bootstrap",208,"http://client2:8000","run","http://client2:8000/run",1,TRUE,200,1107,252,3.47998929023743,"2026-05-23T05:33:14.451685Z","2026-05-23T05:33:17.931674Z",1779514394.45169,1779514397.93167,0.000517,0.000594,0.000616,3.465053,3.465192,3.464437,0.000138999999999889,3.4571,0.0228892902374267
"2026-05-23T05:33:18.229Z","run_bootstrap",208,"http://client3:8000","run","http://client3:8000/run",1,TRUE,200,1107,249,3.72564816474915,"2026-05-23T05:33:14.452194Z","2026-05-23T05:33:18.177842Z",1779514394.45219,1779514398.17784,0.000622,0.000729,0.000765,3.711427,3.711562,3.710662,0.000134999999999774,3.7044,0.0212481647491454
"2026-05-23T05:33:21.906Z","run_bootstrap",209,"http://client1:8000","run","http://client1:8000/run",1,TRUE,200,1109,253,3.6625509262085,"2026-05-23T05:33:18.239401Z","2026-05-23T05:33:21.901952Z",1779514398.2394,1779514401.90195,0.000705,0.000817,0.000852,3.648618,3.648702,3.647766,8.4000000000195e-05,3.6408,0.0217509262084961
"2026-05-23T05:33:21.906Z","run_bootstrap",209,"http://client2:8000","run","http://client2:8000/run",1,TRUE,200,1109,249,3.58717942237854,"2026-05-23T05:33:18.241770Z","2026-05-23T05:33:21.828950Z",1779514398.24177,1779514401.82895,0.000771,0.000911,0.000949,3.570268,3.570405,3.569319,0.000137000000000054,3.5616,0.0255794223785402
"2026-05-23T05:33:21.906Z","run_bootstrap",209,"http://client3:8000","run","http://client3:8000/run",1,TRUE,200,1109,250,3.54542827606201,"2026-05-23T05:33:18.242173Z","2026-05-23T05:33:21.787601Z",1779514398.24217,1779514401.7876,0.000695,0.000814,0.000852,3.530123,3.530224,3.529271,0.000100999999999907,3.5226,0.0228282760620115
"2026-05-23T05:33:25.783Z","run_bootstrap",210,"http://client1:8000","run","http://client1:8000/run",1,TRUE,200,1109,253,3.6817901134491,"2026-05-23T05:33:21.917593Z","2026-05-23T05:33:25.599383Z",1779514401.91759,1779514405.59938,0.000715,0.000821,0.000891,3.667679,3.667822,3.666788,0.000143000000000004,3.6602,0.0215901134490966
"2026-05-23T05:33:25.783Z","run_bootstrap",210,"http://client2:8000","run","http://client2:8000/run",1,TRUE,200,1109,249,3.37147927284241,"2026-05-23T05:33:21.918588Z","2026-05-23T05:33:25.290068Z",1779514401.91859,1779514405.29007,0.000593,0.00068,0.000713,3.35835,3.358448,3.357637,9.79999999999315e-05,3.3509,0.020579272842407
"2026-05-23T05:33:25.783Z","run_bootstrap",210,"http://client3:8000","run","http://client3:8000/run",1,TRUE,200,1109,250,3.85726928710938,"2026-05-23T05:33:21.919356Z","2026-05-23T05:33:25.776625Z",1779514401.91936,1779514405.77663,0.00058,0.000668,0.000701,3.84455,3.844706,3.843849,0.000156000000000045,3.8218,0.0354692871093749
"2026-05-23T05:33:29.641Z","run_bootstrap",211,"http://client1:8000","run","http://client1:8000/run",1,TRUE,200,1108,254,3.72413659095764,"2026-05-23T05:33:25.795771Z","2026-05-23T05:33:29.519907Z",1779514405.79577,1779514409.51991,0.000417,0.000514,0.00054,3.703633,3.703779,3.703093,0.000145999999999979,3.6956,0.0285365909576414
"2026-05-23T05:33:29.641Z","run_bootstrap",211,"http://client2:8000","run","http://client2:8000/run",1,TRUE,200,1108,252,3.63771963119507,"2026-05-23T05:33:25.796721Z","2026-05-23T05:33:29.434441Z",1779514405.79672,1779514409.43444,0.000534,0.000583,0.000604,3.617973,3.618138,3.617369,0.000164999999999971,3.6109,0.0268196311950684
"2026-05-23T05:33:29.641Z","run_bootstrap",211,"http://client3:8000","run","http://client3:8000/run",1,TRUE,200,1108,252,3.83594155311584,"2026-05-23T05:33:25.797417Z","2026-05-23T05:33:29.633359Z",1779514405.79742,1779514409.63336,0.000621,0.000711,0.000745,3.816335,3.816451,3.81559,0.000115999999999783,3.8091,0.0268415531158448
"2026-05-23T05:33:33.563Z","run_bootstrap",212,"http://client1:8000","run","http://client1:8000/run",1,TRUE,200,1108,254,3.67189741134644,"2026-05-23T05:33:29.660519Z","2026-05-23T05:33:33.332416Z",1779514409.66052,1779514413.33242,0.000463,0.000547,0.000569,3.643082,3.643158,3.642513,7.5999999999965e-05,3.6352,0.0366974113464353
"2026-05-23T05:33:33.563Z","run_bootstrap",212,"http://client2:8000","run","http://client2:8000/run",1,TRUE,200,1108,252,3.89520692825317,"2026-05-23T05:33:29.661071Z","2026-05-23T05:33:33.556277Z",1779514409.66107,1779514413.55628,0.000551,0.000608,0.000628,3.866617,3.866747,3.865989,0.000129999999999963,3.8589,0.0363069282531736
"2026-05-23T05:33:33.563Z","run_bootstrap",212,"http://client3:8000","run","http://client3:8000/run",1,TRUE,200,1108,251,3.89538931846619,"2026-05-23T05:33:29.661345Z","2026-05-23T05:33:33.556734Z",1779514409.66135,1779514413.55673,0.000616,0.000673,0.000692,3.868051,3.868184,3.867359,0.000132999999999939,3.861,0.0343893184661863
"2026-05-23T05:33:37.342Z","run_bootstrap",213,"http://client1:8000","run","http://client1:8000/run",1,TRUE,200,1108,255,3.75797605514526,"2026-05-23T05:33:33.579594Z","2026-05-23T05:33:37.337570Z",1779514413.57959,1779514417.33757,0.000666,0.000739,0.000759,3.74433,3.744501,3.743571,0.000170999999999921,3.737,0.0209760551452636
"2026-05-23T05:33:37.342Z","run_bootstrap",213,"http://client2:8000","run","http://client2:8000/run",1,TRUE,200,1108,250,3.69544529914856,"2026-05-23T05:33:33.579997Z","2026-05-23T05:33:37.275442Z",1779514413.58,1779514417.27544,0.000659,0.000732,0.000752,3.682055,3.682176,3.681303,0.000121000000000038,3.6749,0.0205452991485595
"2026-05-23T05:33:37.342Z","run_bootstrap",213,"http://client3:8000","run","http://client3:8000/run",1,TRUE,200,1108,250,3.61769104003906,"2026-05-23T05:33:33.581750Z","2026-05-23T05:33:37.199441Z",1779514413.58175,1779514417.19944,0.000723,0.000781,8e-04,3.598872,3.599037,3.598072,0.000164999999999971,3.591,0.0266910400390623
"2026-05-23T05:33:41.184Z","run_bootstrap",214,"http://client1:8000","run","http://client1:8000/run",1,TRUE,200,1108,255,3.82340693473816,"2026-05-23T05:33:37.355395Z","2026-05-23T05:33:41.178802Z",1779514417.3554,1779514421.1788,0.00051,0.000592,0.000624,3.80291,3.803028,3.802286,0.000118000000000062,3.787,0.0364069347381593
"2026-05-23T05:33:41.184Z","run_bootstrap",214,"http://client2:8000","run","http://client2:8000/run",1,TRUE,200,1108,250,3.61331415176392,"2026-05-23T05:33:37.355995Z","2026-05-23T05:33:40.969309Z",1779514417.356,1779514420.96931,0.000397,0.000474,0.000521,3.598401,3.598538,3.59788,0.000137000000000054,3.5917,0.0216141517639161
"2026-05-23T05:33:41.184Z","run_bootstrap",214,"http://client3:8000","run","http://client3:8000/run",1,TRUE,200,1108,251,3.6641833782196,"2026-05-23T05:33:37.355289Z","2026-05-23T05:33:41.019472Z",1779514417.35529,1779514421.01947,0.000712,0.000794,0.000816,3.650938,3.651081,3.650122,0.000143000000000004,3.6438,0.0203833782196043
"2026-05-23T05:33:44.993Z","run_bootstrap",215,"http://client1:8000","run","http://client1:8000/run",1,TRUE,200,1109,255,3.78914332389832,"2026-05-23T05:33:41.196700Z","2026-05-23T05:33:44.985844Z",1779514421.1967,1779514424.98584,0.000617,0.000725,0.000759,3.770077,3.770165,3.769318,8.7999999999866e-05,3.7607,0.0284433238983155
"2026-05-23T05:33:44.993Z","run_bootstrap",215,"http://client2:8000","run","http://client2:8000/run",1,TRUE,200,1109,250,3.54046416282654,"2026-05-23T05:33:41.197348Z","2026-05-23T05:33:44.737812Z",1779514421.19735,1779514424.73781,0.000647,0.000755,0.000789,3.520858,3.521108,3.520069,0.000249999999999861,3.5126,0.0278641628265381
"2026-05-23T05:33:44.993Z","run_bootstrap",215,"http://client3:8000","run","http://client3:8000/run",1,TRUE,200,1109,250,3.69310903549194,"2026-05-23T05:33:41.196607Z","2026-05-23T05:33:44.889716Z",1779514421.19661,1779514424.88972,0.000662,0.000762,0.000796,3.67922,3.679348,3.678424,0.000128000000000128,3.6713,0.0218090354919434
"2026-05-23T05:33:48.744Z","run_bootstrap",216,"http://client1:8000","run","http://client1:8000/run",1,TRUE,200,1109,255,3.7334303855896,"2026-05-23T05:33:45.006305Z","2026-05-23T05:33:48.739736Z",1779514425.00631,1779514428.73974,0.000704,0.000809,0.000848,3.719273,3.719333,3.718425,5.9999999999949e-05,3.7119,0.0215303855895996
"2026-05-23T05:33:48.744Z","run_bootstrap",216,"http://client2:8000","run","http://client2:8000/run",1,TRUE,200,1109,250,3.70609521865845,"2026-05-23T05:33:45.008210Z","2026-05-23T05:33:48.714305Z",1779514425.00821,1779514428.71431,0.000501,0.000613,0.000651,3.691597,3.69176,3.690946,0.000163000000000135,3.6843,0.0217952186584474
"2026-05-23T05:33:48.744Z","run_bootstrap",216,"http://client3:8000","run","http://client3:8000/run",1,TRUE,200,1109,250,3.52544641494751,"2026-05-23T05:33:45.008201Z","2026-05-23T05:33:48.533647Z",1779514425.0082,1779514428.53365,0.00072,0.000833,0.00087,3.511537,3.511661,3.510667,0.000124000000000013,3.5007,0.0247464149475096
"2026-05-23T05:33:52.534Z","run_bootstrap",217,"http://client1:8000","run","http://client1:8000/run",1,TRUE,200,1109,255,3.77049946784973,"2026-05-23T05:33:48.756171Z","2026-05-23T05:33:52.526670Z",1779514428.75617,1779514432.52667,0.000624,0.000702,0.000739,3.755769,3.755914,3.75503,0.000145000000000284,3.7478,0.0226994678497316
"2026-05-23T05:33:52.534Z","run_bootstrap",217,"http://client2:8000","run","http://client2:8000/run",1,TRUE,200,1109,251,3.74522662162781,"2026-05-23T05:33:48.756767Z","2026-05-23T05:33:52.501993Z",1779514428.75677,1779514432.50199,0.000596,0.000702,0.000741,3.731757,3.731871,3.731016,0.000113999999999947,3.7233,0.0219266216278076
"2026-05-23T05:33:52.534Z","run_bootstrap",217,"http://client3:8000","run","http://client3:8000/run",1,TRUE,200,1109,251,3.47211909294128,"2026-05-23T05:33:48.758629Z","2026-05-23T05:33:52.230748Z",1779514428.75863,1779514432.23075,0.00065,0.000765,0.000802,3.453971,3.45411,3.453169,0.000138999999999889,3.4435,0.0286190929412844
"2026-05-23T05:33:56.489Z","run_bootstrap",218,"http://client1:8000","run","http://client1:8000/run",1,TRUE,200,1109,255,3.70597171783447,"2026-05-23T05:33:52.549874Z","2026-05-23T05:33:56.255846Z",1779514432.54987,1779514436.25585,0.000447,0.000537,0.000572,3.686469,3.686584,3.685897,0.000114999999999643,3.6792,0.0267717178344729
"2026-05-23T05:33:56.489Z","run_bootstrap",218,"http://client2:8000","run","http://client2:8000/run",1,TRUE,200,1109,251,3.76330971717834,"2026-05-23T05:33:52.549999Z","2026-05-23T05:33:56.313309Z",1779514432.55,1779514436.31331,0.000758,0.000833,0.000864,3.745366,3.745503,3.744502,0.00013699999999961,3.7309,0.0324097171783446
"2026-05-23T05:33:56.489Z","run_bootstrap",218,"http://client3:8000","run","http://client3:8000/run",1,TRUE,200,1109,251,3.93314862251282,"2026-05-23T05:33:52.549478Z","2026-05-23T05:33:56.482626Z",1779514432.54948,1779514436.48263,0.000705,0.000825,0.000863,3.914732,3.914856,3.913869,0.000124000000000013,3.9052,0.0279486225128176
"2026-05-23T05:34:00.468Z","run_bootstrap",219,"http://client1:8000","run","http://client1:8000/run",1,TRUE,200,1110,253,3.95512294769287,"2026-05-23T05:33:56.509064Z","2026-05-23T05:34:00.464187Z",1779514436.50906,1779514440.46419,0.000733,0.000808,0.000832,3.933208,3.933336,3.932376,0.000128000000000128,3.9241,0.031022947692871
"2026-05-23T05:34:00.468Z","run_bootstrap",219,"http://client2:8000","run","http://client2:8000/run",1,TRUE,200,1110,249,3.84577679634094,"2026-05-23T05:33:56.509729Z","2026-05-23T05:34:00.355506Z",1779514436.50973,1779514440.35551,0.000658,0.00092,0.00098,3.823785,3.823918,3.822805,0.000132999999999939,3.8141,0.0316767963409426
"2026-05-23T05:34:00.468Z","run_bootstrap",219,"http://client3:8000","run","http://client3:8000/run",1,TRUE,200,1110,252,3.73152613639832,"2026-05-23T05:33:56.510174Z","2026-05-23T05:34:00.241700Z",1779514436.51017,1779514440.2417,0.000889,0.000949,0.000968,3.710727,3.710873,3.709759,0.000145999999999979,3.6964,0.0351261363983153
"2026-05-23T05:34:04.668Z","run_bootstrap",220,"http://client1:8000","run","http://client1:8000/run",1,TRUE,200,1110,253,4.18239879608154,"2026-05-23T05:34:00.481445Z","2026-05-23T05:34:04.663844Z",1779514440.48145,1779514444.66384,0.000624,0.000739,0.00078,4.161233,4.161373,4.160453,0.000140000000000029,4.0033,0.179098796081543
"2026-05-23T05:34:04.668Z","run_bootstrap",220,"http://client2:8000","run","http://client2:8000/run",1,TRUE,200,1110,249,4.01888275146484,"2026-05-23T05:34:00.482426Z","2026-05-23T05:34:04.501309Z",1779514440.48243,1779514444.50131,0.000536,0.000628,0.000662,3.998324,3.998475,3.997662,0.00015099999999979,3.8398,0.179082751464844
"2026-05-23T05:34:04.668Z","run_bootstrap",220,"http://client3:8000","run","http://client3:8000/run",1,TRUE,200,1110,252,3.76774859428406,"2026-05-23T05:34:00.483019Z","2026-05-23T05:34:04.250767Z",1779514440.48302,1779514444.25077,0.000653,0.000762,0.000796,3.75403,3.754167,3.753234,0.00013699999999961,3.5825,0.185248594284058
"2026-05-23T05:34:08.528Z","run_bootstrap",221,"http://client1:8000","run","http://client1:8000/run",1,TRUE,200,1109,255,3.84463238716125,"2026-05-23T05:34:04.679162Z","2026-05-23T05:34:08.523795Z",1779514444.67916,1779514448.5238,0.000556,0.000668,0.000704,3.831346,3.831485,3.830642,0.000138999999999889,3.8249,0.0197323871612549
"2026-05-23T05:34:08.528Z","run_bootstrap",221,"http://client2:8000","run","http://client2:8000/run",1,TRUE,200,1109,251,3.49924850463867,"2026-05-23T05:34:04.681185Z","2026-05-23T05:34:08.180433Z",1779514444.68119,1779514448.18043,0.000415,0.000497,0.000528,3.479062,3.479186,3.478534,0.000124000000000013,3.4726,0.026648504638672
"2026-05-23T05:34:08.528Z","run_bootstrap",221,"http://client3:8000","run","http://client3:8000/run",1,TRUE,200,1109,250,3.5553126335144,"2026-05-23T05:34:04.681478Z","2026-05-23T05:34:08.236790Z",1779514444.68148,1779514448.23679,0.000717,0.000839,0.000875,3.537668,3.537833,3.536793,0.000164999999999971,3.5304,0.0249126335144041
"2026-05-23T05:34:12.305Z","run_bootstrap",222,"http://client1:8000","run","http://client1:8000/run",1,TRUE,200,1109,255,3.75863218307495,"2026-05-23T05:34:08.541083Z","2026-05-23T05:34:12.299715Z",1779514448.54108,1779514452.29972,0.000676,0.00078,0.000817,3.744392,3.744522,3.743575,0.000129999999999963,3.7363,0.0223321830749512
"2026-05-23T05:34:12.305Z","run_bootstrap",222,"http://client2:8000","run","http://client2:8000/run",1,TRUE,200,1109,251,3.60033297538757,"2026-05-23T05:34:08.542303Z","2026-05-23T05:34:12.142636Z",1779514448.5423,1779514452.14264,0.000556,0.00066,0.000698,3.579035,3.579162,3.578337,0.000126999999999988,3.5714,0.0289329753875731
"2026-05-23T05:34:12.305Z","run_bootstrap",222,"http://client3:8000","run","http://client3:8000/run",1,TRUE,200,1109,250,3.59653043746948,"2026-05-23T05:34:08.542784Z","2026-05-23T05:34:12.139314Z",1779514448.54278,1779514452.13931,0.000541,0.000625,0.000657,3.579763,3.579852,3.579106,8.90000000000057e-05,3.5729,0.0236304374694822
