"timestamp","phase","round_id","client","endpoint","url","attempt","ok","status","request_bytes","response_bytes","elapsed_sec","request_start_ts_utc","request_end_ts_utc","request_start_epoch_sec","request_end_epoch_sec","curl_namelookup_sec","curl_connect_sec","curl_pretransfer_sec","curl_starttransfer_sec","curl_total_sec","curl_ttfb_sec","curl_response_transfer_sec","client_compute_sec","net_overhead_sec"
"2026-05-22T23:32:51.257Z","init",1,"http://client1:8000","init","http://client1:8000/init",1,TRUE,200,2713,387,0.36579704284668,"2026-05-22T23:32:50.836113Z","2026-05-22T23:32:51.201910Z",1779492770.83611,1779492771.20191,0.000655,0.000776,0.000817,0.351458,0.351501,0.350641,4.30000000000152e-05,NA,NA
"2026-05-22T23:32:51.257Z","init",1,"http://client2:8000","init","http://client2:8000/init",1,TRUE,200,2713,387,0.364139556884766,"2026-05-22T23:32:50.837242Z","2026-05-22T23:32:51.201382Z",1779492770.83724,1779492771.20138,0.000617,0.000708,0.000746,0.350838,0.350881,0.350092,4.30000000000152e-05,NA,NA
"2026-05-22T23:32:51.257Z","init",1,"http://client3:8000","init","http://client3:8000/init",1,TRUE,200,2713,387,0.366967678070068,"2026-05-22T23:32:50.837231Z","2026-05-22T23:32:51.204199Z",1779492770.83723,1779492771.2042,0.000576,0.000679,0.00072,0.353538,0.353577,0.352818,3.89999999999557e-05,NA,NA
"2026-05-22T23:32:57.048Z","run_bootstrap",1,"http://client1:8000","run","http://client1:8000/run",1,TRUE,200,1108,259,5.48043489456177,"2026-05-22T23:32:51.474241Z","2026-05-22T23:32:56.954676Z",1779492771.47424,1779492776.95468,0.000757,0.000861,0.000905,5.459357,5.459401,5.458452,4.3999999999933e-05,5.4043,0.0761348945617675
"2026-05-22T23:32:57.048Z","run_bootstrap",1,"http://client2:8000","run","http://client2:8000/run",1,TRUE,200,1108,257,5.56953382492065,"2026-05-22T23:32:51.474966Z","2026-05-22T23:32:57.044499Z",1779492771.47497,1779492777.0445,0.000876,0.000931,0.000956,5.549253,5.549295,5.548297,4.19999999996534e-05,5.4933,0.0762338249206547
"2026-05-22T23:32:57.048Z","run_bootstrap",1,"http://client3:8000","run","http://client3:8000/run",1,TRUE,200,1108,249,5.5683217048645,"2026-05-22T23:32:51.475407Z","2026-05-22T23:32:57.043729Z",1779492771.47541,1779492777.04373,0.000747,0.000859,0.000904,5.548078,5.548126,5.547174,4.79999999996039e-05,5.4825,0.085821704864502
"2026-05-22T23:33:00.855Z","run_bootstrap",2,"http://client1:8000","run","http://client1:8000/run",1,TRUE,200,1108,259,3.75028085708618,"2026-05-22T23:32:57.100107Z","2026-05-22T23:33:00.850388Z",1779492777.10011,1779492780.85039,0.000632,0.000738,0.000773,3.735933,3.735976,3.73516,4.29999999997932e-05,3.6256,0.124680857086182
"2026-05-22T23:33:00.855Z","run_bootstrap",2,"http://client2:8000","run","http://client2:8000/run",1,TRUE,200,1108,257,3.47835063934326,"2026-05-22T23:32:57.101496Z","2026-05-22T23:33:00.579847Z",1779492777.1015,1779492780.57985,0.000721,0.000807,0.00085,3.463704,3.463746,3.462854,4.20000000000975e-05,3.3512,0.127150639343262
"2026-05-22T23:33:00.855Z","run_bootstrap",2,"http://client3:8000","run","http://client3:8000/run",1,TRUE,200,1108,249,3.53918123245239,"2026-05-22T23:32:57.101682Z","2026-05-22T23:33:00.640863Z",1779492777.10168,1779492780.64086,0.000738,0.000826,0.00086,3.525181,3.525219,3.524321,3.79999999999825e-05,3.4132,0.125981232452393
"2026-05-22T23:33:04.678Z","run_bootstrap",3,"http://client1:8000","run","http://client1:8000/run",1,TRUE,200,1110,267,3.6357147693634,"2026-05-22T23:33:00.871619Z","2026-05-22T23:33:04.507334Z",1779492780.87162,1779492784.50733,0.000627,0.000732,0.000772,3.622329,3.622361,3.621557,3.2000000000032e-05,3.6151,0.0206147693634033
"2026-05-22T23:33:04.678Z","run_bootstrap",3,"http://client2:8000","run","http://client2:8000/run",1,TRUE,200,1110,264,3.63851118087769,"2026-05-22T23:33:00.872343Z","2026-05-22T23:33:04.510854Z",1779492780.87234,1779492784.51085,0.00041,0.00055,0.000591,3.621719,3.621758,3.621128,3.89999999996782e-05,3.6151,0.0234111808776856
"2026-05-22T23:33:04.678Z","run_bootstrap",3,"http://client3:8000","run","http://client3:8000/run",1,TRUE,200,1110,267,3.8019802570343,"2026-05-22T23:33:00.871652Z","2026-05-22T23:33:04.673632Z",1779492780.87165,1779492784.67363,0.000627,0.000731,0.000773,3.788372,3.788424,3.787599,5.2000000000163e-05,3.7816,0.0203802570343017
"2026-05-22T23:33:08.553Z","run_bootstrap",4,"http://client1:8000","run","http://client1:8000/run",1,TRUE,200,1110,267,3.80077266693115,"2026-05-22T23:33:04.692884Z","2026-05-22T23:33:08.493657Z",1779492784.69288,1779492788.49366,0.00068,0.000758,0.00079,3.786288,3.786339,3.785498,5.10000000000232e-05,3.7787,0.0220726669311522
"2026-05-22T23:33:08.553Z","run_bootstrap",4,"http://client2:8000","run","http://client2:8000/run",1,TRUE,200,1110,264,3.8553786277771,"2026-05-22T23:33:04.693199Z","2026-05-22T23:33:08.548578Z",1779492784.6932,1779492788.54858,0.000435,0.000513,0.000544,3.840044,3.84009,3.8395,4.60000000002125e-05,3.8333,0.0220786277770997
"2026-05-22T23:33:08.553Z","run_bootstrap",4,"http://client3:8000","run","http://client3:8000/run",1,TRUE,200,1110,267,3.60421895980835,"2026-05-22T23:33:04.692599Z","2026-05-22T23:33:08.296818Z",1779492784.6926,1779492788.29682,0.00057,0.000657,0.000679,3.590819,3.590865,3.59014,4.59999999997684e-05,3.5833,0.0209189598083497
"2026-05-22T23:33:12.270Z","run_bootstrap",5,"http://client1:8000","run","http://client1:8000/run",1,TRUE,200,1109,258,3.69905853271484,"2026-05-22T23:33:08.564540Z","2026-05-22T23:33:12.263599Z",1779492788.56454,1779492792.2636,0.000606,0.000709,0.000753,3.679712,3.679761,3.678959,4.90000000001878e-05,3.6723,0.0267585327148439
"2026-05-22T23:33:12.270Z","run_bootstrap",5,"http://client2:8000","run","http://client2:8000/run",1,TRUE,200,1109,252,3.48820066452026,"2026-05-22T23:33:08.564546Z","2026-05-22T23:33:12.052746Z",1779492788.56455,1779492792.05275,0.000625,0.00073,0.000762,3.468788,3.468822,3.468026,3.39999999998675e-05,3.4618,0.0264006645202635
"2026-05-22T23:33:12.270Z","run_bootstrap",5,"http://client3:8000","run","http://client3:8000/run",1,TRUE,200,1109,252,3.4575936794281,"2026-05-22T23:33:08.565374Z","2026-05-22T23:33:12.022968Z",1779492788.56537,1779492792.02297,0.000472,0.000563,0.000599,3.440522,3.440586,3.439923,6.4000000000064e-05,3.4337,0.0238936794281006
"2026-05-22T23:33:15.924Z","run_bootstrap",6,"http://client1:8000","run","http://client1:8000/run",1,TRUE,200,1109,258,3.54009103775024,"2026-05-22T23:33:12.286209Z","2026-05-22T23:33:15.826300Z",1779492792.28621,1779492795.8263,0.000676,0.000848,0.000893,3.517481,3.517529,3.516588,4.8000000000048e-05,3.5103,0.0297910377502442
"2026-05-22T23:33:15.924Z","run_bootstrap",6,"http://client2:8000","run","http://client2:8000/run",1,TRUE,200,1109,252,3.63300657272339,"2026-05-22T23:33:12.286356Z","2026-05-22T23:33:15.919363Z",1779492792.28636,1779492795.91936,0.000577,0.000687,0.000723,3.619238,3.619279,3.618515,4.09999999999577e-05,3.6116,0.0214065727233885
"2026-05-22T23:33:15.924Z","run_bootstrap",6,"http://client3:8000","run","http://client3:8000/run",1,TRUE,200,1109,251,3.42110347747803,"2026-05-22T23:33:12.287497Z","2026-05-22T23:33:15.708601Z",1779492792.2875,1779492795.7086,0.000589,0.000705,0.00074,3.403834,3.403879,3.403094,4.50000000000728e-05,3.396,0.0251034774780274
"2026-05-22T23:33:19.661Z","run_bootstrap",7,"http://client1:8000","run","http://client1:8000/run",1,TRUE,200,1109,259,3.41688919067383,"2026-05-22T23:33:15.936530Z","2026-05-22T23:33:19.353419Z",1779492795.93653,1779492799.35342,0.000549,0.000605,0.000626,3.404371,3.404408,3.403745,3.70000000002868e-05,3.3961,0.020789190673828
"2026-05-22T23:33:19.661Z","run_bootstrap",7,"http://client2:8000","run","http://client2:8000/run",1,TRUE,200,1109,251,3.71985077857971,"2026-05-22T23:33:15.936853Z","2026-05-22T23:33:19.656704Z",1779492795.93685,1779492799.6567,0.000475,0.000534,0.000554,3.707718,3.707761,3.707164,4.30000000002373e-05,3.7014,0.0184507785797119
"2026-05-22T23:33:19.661Z","run_bootstrap",7,"http://client3:8000","run","http://client3:8000/run",1,TRUE,200,1109,254,3.52220344543457,"2026-05-22T23:33:15.936223Z","2026-05-22T23:33:19.458427Z",1779492795.93622,1779492799.45843,0.00042,0.000494,0.000514,3.508512,3.508554,3.507998,4.20000000000975e-05,3.501,0.0212034454345704
"2026-05-22T23:33:23.532Z","run_bootstrap",8,"http://client1:8000","run","http://client1:8000/run",1,TRUE,200,1109,259,3.57411432266235,"2026-05-22T23:33:19.673794Z","2026-05-22T23:33:23.247908Z",1779492799.67379,1779492803.24791,0.000555,0.000627,0.000647,3.561107,3.561174,3.56046,6.70000000000393e-05,3.5533,0.0208143226623534
"2026-05-22T23:33:23.532Z","run_bootstrap",8,"http://client2:8000","run","http://client2:8000/run",1,TRUE,200,1109,250,3.71144151687622,"2026-05-22T23:33:19.674957Z","2026-05-22T23:33:23.386398Z",1779492799.67496,1779492803.3864,0.000586,0.000675,0.000707,3.691838,3.691881,3.691131,4.29999999997932e-05,3.684,0.0274415168762205
"2026-05-22T23:33:23.532Z","run_bootstrap",8,"http://client3:8000","run","http://client3:8000/run",1,TRUE,200,1109,255,3.85185670852661,"2026-05-22T23:33:19.674131Z","2026-05-22T23:33:23.525988Z",1779492799.67413,1779492803.52599,0.000497,0.000611,0.000646,3.838604,3.83865,3.837958,4.59999999997684e-05,3.8308,0.0210567085266113
"2026-05-22T23:33:27.403Z","run_bootstrap",9,"http://client1:8000","run","http://client1:8000/run",1,TRUE,200,1106,256,3.81972932815552,"2026-05-22T23:33:23.543873Z","2026-05-22T23:33:27.363603Z",1779492803.54387,1779492807.3636,0.000578,0.000683,0.000717,3.798258,3.798298,3.797541,3.9999999999818e-05,3.7904,0.0293293281555176
"2026-05-22T23:33:27.403Z","run_bootstrap",9,"http://client2:8000","run","http://client2:8000/run",1,TRUE,200,1106,254,3.78522753715515,"2026-05-22T23:33:23.544453Z","2026-05-22T23:33:27.329681Z",1779492803.54445,1779492807.32968,0.000461,0.000563,0.000595,3.765186,3.765231,3.764591,4.50000000000728e-05,3.7583,0.0269275371551512
"2026-05-22T23:33:27.403Z","run_bootstrap",9,"http://client3:8000","run","http://client3:8000/run",1,TRUE,200,1106,254,3.85121059417725,"2026-05-22T23:33:23.544883Z","2026-05-22T23:33:27.396094Z",1779492803.54488,1779492807.39609,0.000668,0.000771,0.000806,3.832746,3.832786,3.83194,3.9999999999818e-05,3.8259,0.0253105941772462
"2026-05-22T23:33:31.328Z","run_bootstrap",10,"http://client1:8000","run","http://client1:8000/run",1,TRUE,200,1106,256,3.90683031082153,"2026-05-22T23:33:27.414734Z","2026-05-22T23:33:31.321564Z",1779492807.41473,1779492811.32156,0.000481,0.000552,0.00059,3.886798,3.886843,3.886208,4.49999999996287e-05,3.8795,0.027330310821533
"2026-05-22T23:33:31.328Z","run_bootstrap",10,"http://client2:8000","run","http://client2:8000/run",1,TRUE,200,1106,254,3.830970287323,"2026-05-22T23:33:27.415263Z","2026-05-22T23:33:31.246234Z",1779492807.41526,1779492811.24623,0.00058,0.000666,0.000702,3.810816,3.810865,3.810114,4.90000000001878e-05,3.8025,0.0284702873229978
"2026-05-22T23:33:31.328Z","run_bootstrap",10,"http://client3:8000","run","http://client3:8000/run",1,TRUE,200,1106,254,3.7822642326355,"2026-05-22T23:33:27.415358Z","2026-05-22T23:33:31.197622Z",1779492807.41536,1779492811.19762,0.000507,0.000618,0.000654,3.769508,3.769557,3.768854,4.89999999997437e-05,3.7629,0.0193642326354979
"2026-05-22T23:33:35.213Z","run_bootstrap",11,"http://client1:8000","run","http://client1:8000/run",1,TRUE,200,1108,259,3.82096314430237,"2026-05-22T23:33:31.342605Z","2026-05-22T23:33:35.163568Z",1779492811.34261,1779492815.16357,0.000661,0.000771,0.000807,3.80548,3.805521,3.804673,4.09999999999577e-05,3.7984,0.0225631443023682
"2026-05-22T23:33:35.213Z","run_bootstrap",11,"http://client2:8000","run","http://client2:8000/run",1,TRUE,200,1108,253,3.86511731147766,"2026-05-22T23:33:31.343750Z","2026-05-22T23:33:35.208867Z",1779492811.34375,1779492815.20887,0.000593,0.000664,0.000693,3.850771,3.850812,3.850078,4.09999999999577e-05,3.844,0.0211173114776613
"2026-05-22T23:33:35.213Z","run_bootstrap",11,"http://client3:8000","run","http://client3:8000/run",1,TRUE,200,1108,252,3.83232450485229,"2026-05-22T23:33:31.343827Z","2026-05-22T23:33:35.176152Z",1779492811.34383,1779492815.17615,0.000545,0.000614,0.000644,3.817692,3.817738,3.817048,4.59999999997684e-05,3.8113,0.0210245048522948
"2026-05-22T23:33:39.387Z","run_bootstrap",12,"http://client1:8000","run","http://client1:8000/run",1,TRUE,200,1108,259,4.15437746047974,"2026-05-22T23:33:35.227534Z","2026-05-22T23:33:39.381911Z",1779492815.22753,1779492819.38191,0.000852,0.000965,0.001018,4.140426,4.140472,4.139408,4.60000000002125e-05,4.1303,0.0240774604797362
"2026-05-22T23:33:39.387Z","run_bootstrap",12,"http://client2:8000","run","http://client2:8000/run",1,TRUE,200,1108,253,4.08821034431458,"2026-05-22T23:33:35.229277Z","2026-05-22T23:33:39.317487Z",1779492815.22928,1779492819.31749,0.000778,0.000849,0.000883,4.074624,4.074664,4.073741,4.0000000000262e-05,4.067,0.021210344314575
"2026-05-22T23:33:39.387Z","run_bootstrap",12,"http://client3:8000","run","http://client3:8000/run",1,TRUE,200,1108,251,3.67123866081238,"2026-05-22T23:33:35.230062Z","2026-05-22T23:33:38.901300Z",1779492815.23006,1779492818.9013,0.000408,0.000496,0.000533,3.655542,3.655586,3.655009,4.3999999999933e-05,3.646,0.025238660812378
"2026-05-22T23:33:43.096Z","run_bootstrap",13,"http://client1:8000","run","http://client1:8000/run",1,TRUE,200,1108,258,3.69225144386292,"2026-05-22T23:33:39.399033Z","2026-05-22T23:33:43.091285Z",1779492819.39903,1779492823.09129,0.000449,0.000536,0.000598,3.672201,3.672246,3.671603,4.50000000000728e-05,3.6632,0.0290514438629152
"2026-05-22T23:33:43.096Z","run_bootstrap",13,"http://client2:8000","run","http://client2:8000/run",1,TRUE,200,1108,253,3.57692432403564,"2026-05-22T23:33:39.399663Z","2026-05-22T23:33:42.976587Z",1779492819.39966,1779492822.97659,0.000501,0.000588,0.000621,3.55911,3.559154,3.558489,4.3999999999933e-05,3.5524,0.0245243240356445
"2026-05-22T23:33:43.096Z","run_bootstrap",13,"http://client3:8000","run","http://client3:8000/run",1,TRUE,200,1108,254,3.61366295814514,"2026-05-22T23:33:39.400252Z","2026-05-22T23:33:43.013915Z",1779492819.40025,1779492823.01392,0.000796,0.000908,0.000943,3.596567,3.596613,3.595624,4.60000000002125e-05,3.5884,0.0252629581451416
"2026-05-22T23:33:46.740Z","run_bootstrap",14,"http://client1:8000","run","http://client1:8000/run",1,TRUE,200,1108,258,3.43904638290405,"2026-05-22T23:33:43.108257Z","2026-05-22T23:33:46.547303Z",1779492823.10826,1779492826.5473,0.000485,0.000591,0.000623,3.421465,3.421506,3.420842,4.09999999999577e-05,3.4147,0.0243463829040529
"2026-05-22T23:33:46.740Z","run_bootstrap",14,"http://client2:8000","run","http://client2:8000/run",1,TRUE,200,1108,253,3.41625380516052,"2026-05-22T23:33:43.109035Z","2026-05-22T23:33:46.525289Z",1779492823.10904,1779492826.52529,0.00057,0.00065,0.00068,3.39684,3.396882,3.39616,4.20000000000975e-05,3.3904,0.0258538051605224
"2026-05-22T23:33:46.740Z","run_bootstrap",14,"http://client3:8000","run","http://client3:8000/run",1,TRUE,200,1108,254,3.62654685974121,"2026-05-22T23:33:43.109565Z","2026-05-22T23:33:46.736112Z",1779492823.10957,1779492826.73611,0.000656,0.000765,0.000799,3.611075,3.611123,3.610276,4.8000000000048e-05,3.6042,0.0223468597412109
"2026-05-22T23:33:50.422Z","run_bootstrap",15,"http://client1:8000","run","http://client1:8000/run",1,TRUE,200,1109,258,3.37018513679504,"2026-05-22T23:33:46.751553Z","2026-05-22T23:33:50.121738Z",1779492826.75155,1779492830.12174,0.000619,0.000703,0.000726,3.349915,3.349947,3.349189,3.19999999995879e-05,3.3412,0.0289851367950438
"2026-05-22T23:33:50.422Z","run_bootstrap",15,"http://client2:8000","run","http://client2:8000/run",1,TRUE,200,1109,252,3.66570687294006,"2026-05-22T23:33:46.752282Z","2026-05-22T23:33:50.417989Z",1779492826.75228,1779492830.41799,0.00062,0.000709,0.000742,3.645598,3.645641,3.644856,4.29999999997932e-05,3.6386,0.0271068729400636
"2026-05-22T23:33:50.422Z","run_bootstrap",15,"http://client3:8000","run","http://client3:8000/run",1,TRUE,200,1109,254,3.637775182724,"2026-05-22T23:33:46.752775Z","2026-05-22T23:33:50.390550Z",1779492826.75278,1779492830.39055,0.000682,0.00076,0.000794,3.618361,3.618402,3.617567,4.09999999999577e-05,3.6107,0.027075182723999
"2026-05-22T23:33:54.043Z","run_bootstrap",16,"http://client1:8000","run","http://client1:8000/run",1,TRUE,200,1109,258,3.53383684158325,"2026-05-22T23:33:50.434297Z","2026-05-22T23:33:53.968134Z",1779492830.4343,1779492833.96813,0.000726,0.000842,0.000895,3.512442,3.512474,3.511547,3.2000000000032e-05,3.5045,0.0293368415832518
"2026-05-22T23:33:54.043Z","run_bootstrap",16,"http://client2:8000","run","http://client2:8000/run",1,TRUE,200,1109,252,3.19189238548279,"2026-05-22T23:33:50.434961Z","2026-05-22T23:33:53.626853Z",1779492830.43496,1779492833.62685,0.000484,0.000729,0.000771,3.169796,3.169828,3.169025,3.2000000000032e-05,3.1601,0.0317923854827882
"2026-05-22T23:33:54.043Z","run_bootstrap",16,"http://client3:8000","run","http://client3:8000/run",1,TRUE,200,1109,254,3.60087370872498,"2026-05-22T23:33:50.435620Z","2026-05-22T23:33:54.036494Z",1779492830.43562,1779492834.03649,0.000578,0.000671,0.000707,3.579419,3.579451,3.578712,3.2000000000032e-05,3.5725,0.0283737087249758
"2026-05-22T23:33:57.734Z","run_bootstrap",17,"http://client1:8000","run","http://client1:8000/run",1,TRUE,200,1108,258,3.46664309501648,"2026-05-22T23:33:54.058412Z","2026-05-22T23:33:57.525055Z",1779492834.05841,1779492837.52506,0.00042,0.000471,0.00049,3.450974,3.45102,3.450484,4.60000000002125e-05,3.4443,0.0223430950164794
"2026-05-22T23:33:57.734Z","run_bootstrap",17,"http://client2:8000","run","http://client2:8000/run",1,TRUE,200,1108,253,3.39658069610596,"2026-05-22T23:33:54.058819Z","2026-05-22T23:33:57.455400Z",1779492834.05882,1779492837.4554,0.000647,0.000723,0.00076,3.381402,3.381447,3.380642,4.50000000000728e-05,3.3734,0.0231806961059569
"2026-05-22T23:33:57.734Z","run_bootstrap",17,"http://client3:8000","run","http://client3:8000/run",1,TRUE,200,1108,254,3.67109155654907,"2026-05-22T23:33:54.059221Z","2026-05-22T23:33:57.730312Z",1779492834.05922,1779492837.73031,0.000494,0.00057,0.000591,3.657208,3.657241,3.656617,3.30000000001718e-05,3.6508,0.0202915565490724
"2026-05-22T23:34:01.221Z","run_bootstrap",18,"http://client1:8000","run","http://client1:8000/run",1,TRUE,200,1108,256,3.21154141426086,"2026-05-22T23:33:57.747671Z","2026-05-22T23:34:00.959212Z",1779492837.74767,1779492840.95921,0.000672,0.000758,0.000802,3.190841,3.190915,3.190039,7.40000000001295e-05,3.18,0.0315414142608641
"2026-05-22T23:34:01.221Z","run_bootstrap",18,"http://client2:8000","run","http://client2:8000/run",1,TRUE,200,1108,253,3.45322704315186,"2026-05-22T23:33:57.748491Z","2026-05-22T23:34:01.201718Z",1779492837.74849,1779492841.20172,0.000678,0.000776,0.000813,3.433171,3.433216,3.432358,4.49999999996287e-05,3.4253,0.0279270431518555
"2026-05-22T23:34:01.221Z","run_bootstrap",18,"http://client3:8000","run","http://client3:8000/run",1,TRUE,200,1108,254,3.46677041053772,"2026-05-22T23:33:57.749189Z","2026-05-22T23:34:01.215959Z",1779492837.74919,1779492841.21596,0.000618,0.000729,0.000773,3.44682,3.446866,3.446047,4.59999999997684e-05,3.4397,0.0270704105377195
"2026-05-22T23:34:04.877Z","run_bootstrap",19,"http://client1:8000","run","http://client1:8000/run",1,TRUE,200,1109,259,3.39690518379211,"2026-05-22T23:34:01.232866Z","2026-05-22T23:34:04.629771Z",1779492841.23287,1779492844.62977,0.000633,0.000741,0.000775,3.376487,3.37653,3.375712,4.29999999997932e-05,3.3693,0.0276051837921143
"2026-05-22T23:34:04.877Z","run_bootstrap",19,"http://client2:8000","run","http://client2:8000/run",1,TRUE,200,1109,253,3.45763850212097,"2026-05-22T23:34:01.232640Z","2026-05-22T23:34:04.690279Z",1779492841.23264,1779492844.69028,0.00063,0.000762,0.000796,3.443543,3.443584,3.442747,4.09999999999577e-05,3.4367,0.0209385021209716
"2026-05-22T23:34:04.877Z","run_bootstrap",19,"http://client3:8000","run","http://client3:8000/run",1,TRUE,200,1109,252,3.63861346244812,"2026-05-22T23:34:01.234040Z","2026-05-22T23:34:04.872654Z",1779492841.23404,1779492844.87265,0.000573,7e-04,0.000735,3.623544,3.623602,3.622809,5.80000000001135e-05,3.6167,0.0219134624481203
"2026-05-22T23:34:08.537Z","run_bootstrap",20,"http://client1:8000","run","http://client1:8000/run",1,TRUE,200,1109,259,3.64570784568787,"2026-05-22T23:34:04.887674Z","2026-05-22T23:34:08.533382Z",1779492844.88767,1779492848.53338,0.000706,0.000809,0.000853,3.632829,3.632858,3.631976,2.90000000000568e-05,3.4712,0.174507845687866
"2026-05-22T23:34:08.537Z","run_bootstrap",20,"http://client2:8000","run","http://client2:8000/run",1,TRUE,200,1109,253,3.55185008049011,"2026-05-22T23:34:04.889676Z","2026-05-22T23:34:08.441526Z",1779492844.88968,1779492848.44153,0.000469,0.000567,0.000614,3.531373,3.531419,3.530759,4.60000000002125e-05,3.3803,0.171550080490112
"2026-05-22T23:34:08.537Z","run_bootstrap",20,"http://client3:8000","run","http://client3:8000/run",1,TRUE,200,1109,252,3.63718271255493,"2026-05-22T23:34:04.890255Z","2026-05-22T23:34:08.527437Z",1779492844.89026,1779492848.52744,0.000363,0.000441,0.000481,3.617921,3.617959,3.61744,3.79999999999825e-05,3.4562,0.180982712554932
"2026-05-22T23:34:12.086Z","run_bootstrap",21,"http://client1:8000","run","http://client1:8000/run",1,TRUE,200,1109,257,3.53066730499268,"2026-05-22T23:34:08.548556Z","2026-05-22T23:34:12.079224Z",1779492848.54856,1779492852.07922,0.000455,0.000569,0.000607,3.515458,3.515501,3.514851,4.29999999997932e-05,3.5086,0.0220673049926758
"2026-05-22T23:34:12.086Z","run_bootstrap",21,"http://client2:8000","run","http://client2:8000/run",1,TRUE,200,1109,253,3.48869919776917,"2026-05-22T23:34:08.548972Z","2026-05-22T23:34:12.037672Z",1779492848.54897,1779492852.03767,0.000596,0.000712,0.000748,3.471968,3.472026,3.47122,5.80000000001135e-05,3.4619,0.0267991977691651
"2026-05-22T23:34:12.086Z","run_bootstrap",21,"http://client3:8000","run","http://client3:8000/run",1,TRUE,200,1109,254,3.51442766189575,"2026-05-22T23:34:08.549578Z","2026-05-22T23:34:12.064006Z",1779492848.54958,1779492852.06401,0.000612,0.000717,0.000751,3.500863,3.500913,3.500112,5.00000000003276e-05,3.4942,0.0202276618957518
"2026-05-22T23:34:15.804Z","run_bootstrap",22,"http://client1:8000","run","http://client1:8000/run",1,TRUE,200,1109,257,3.69521808624268,"2026-05-22T23:34:12.103181Z","2026-05-22T23:34:15.798399Z",1779492852.10318,1779492855.7984,0.000519,0.000592,0.000623,3.679787,3.67983,3.679164,4.29999999997932e-05,3.6729,0.0223180862426759
"2026-05-22T23:34:15.804Z","run_bootstrap",22,"http://client2:8000","run","http://client2:8000/run",1,TRUE,200,1109,253,3.48375153541565,"2026-05-22T23:34:12.102184Z","2026-05-22T23:34:15.585936Z",1779492852.10218,1779492855.58594,0.000632,0.000698,0.000717,3.469447,3.469497,3.46873,4.99999999998835e-05,3.4619,0.0218515354156494
"2026-05-22T23:34:15.804Z","run_bootstrap",22,"http://client3:8000","run","http://client3:8000/run",1,TRUE,200,1109,254,3.62718319892883,"2026-05-22T23:34:12.102376Z","2026-05-22T23:34:15.729560Z",1779492852.10238,1779492855.72956,0.00055,0.000633,0.000655,3.61388,3.613914,3.613225,3.39999999998675e-05,3.6072,0.0199831989288328
"2026-05-22T23:34:19.568Z","run_bootstrap",23,"http://client1:8000","run","http://client1:8000/run",1,TRUE,200,1109,258,3.4980833530426,"2026-05-22T23:34:15.817485Z","2026-05-22T23:34:19.315568Z",1779492855.81749,1779492859.31557,0.000465,0.000544,0.00059,3.48465,3.484787,3.48406,0.000137000000000054,3.4775,0.0205833530426025
"2026-05-22T23:34:19.568Z","run_bootstrap",23,"http://client2:8000","run","http://client2:8000/run",1,TRUE,200,1109,252,3.42578125,"2026-05-22T23:34:15.818244Z","2026-05-22T23:34:19.244025Z",1779492855.81824,1779492859.24403,0.000394,0.000478,0.000518,3.406795,3.406928,3.406277,0.000133000000000383,3.3992,0.02658125
"2026-05-22T23:34:19.568Z","run_bootstrap",23,"http://client3:8000","run","http://client3:8000/run",1,TRUE,200,1109,254,3.74565458297729,"2026-05-22T23:34:15.818291Z","2026-05-22T23:34:19.563946Z",1779492855.81829,1779492859.56395,0.000452,0.00054,0.000586,3.732446,3.732583,3.73186,0.000137000000000054,3.7259,0.0197545829772947
"2026-05-22T23:34:23.169Z","run_bootstrap",24,"http://client1:8000","run","http://client1:8000/run",1,TRUE,200,1109,258,3.45631837844849,"2026-05-22T23:34:19.580782Z","2026-05-22T23:34:23.037100Z",1779492859.58078,1779492863.0371,0.000656,0.000764,0.000801,3.435725,3.435767,3.434924,4.19999999996534e-05,3.4284,0.0279183784484864
"2026-05-22T23:34:23.169Z","run_bootstrap",24,"http://client2:8000","run","http://client2:8000/run",1,TRUE,200,1109,252,3.58310842514038,"2026-05-22T23:34:19.581314Z","2026-05-22T23:34:23.164422Z",1779492859.58131,1779492863.16442,0.000669,0.000776,0.00081,3.568285,3.568327,3.567475,4.20000000000975e-05,3.5615,0.0216084251403807
"2026-05-22T23:34:23.169Z","run_bootstrap",24,"http://client3:8000","run","http://client3:8000/run",1,TRUE,200,1109,254,3.48100614547729,"2026-05-22T23:34:19.581715Z","2026-05-22T23:34:23.062721Z",1779492859.58172,1779492863.06272,0.000626,0.000735,0.000768,3.464554,3.464595,3.463786,4.09999999999577e-05,3.4577,0.0233061454772949
"2026-05-22T23:34:26.927Z","run_bootstrap",25,"http://client1:8000","run","http://client1:8000/run",1,TRUE,200,1109,259,3.5501503944397,"2026-05-22T23:34:23.180525Z","2026-05-22T23:34:26.730676Z",1779492863.18053,1779492866.73068,0.000624,0.000702,0.000745,3.529624,3.529668,3.528879,4.3999999999933e-05,3.5215,0.0286503944396972
"2026-05-22T23:34:26.927Z","run_bootstrap",25,"http://client2:8000","run","http://client2:8000/run",1,TRUE,200,1109,253,3.7420437335968,"2026-05-22T23:34:23.181388Z","2026-05-22T23:34:26.923432Z",1779492863.18139,1779492866.92343,0.000569,0.000653,0.000693,3.725848,3.725882,3.725155,3.39999999998675e-05,3.7184,0.0236437335968018
"2026-05-22T23:34:26.927Z","run_bootstrap",25,"http://client3:8000","run","http://client3:8000/run",1,TRUE,200,1109,252,3.30114030838013,"2026-05-22T23:34:23.181851Z","2026-05-22T23:34:26.482991Z",1779492863.18185,1779492866.48299,0.000527,0.000631,0.000674,3.285444,3.285486,3.28477,4.20000000000975e-05,3.2751,0.0260403083801268
"2026-05-22T23:34:30.649Z","run_bootstrap",26,"http://client1:8000","run","http://client1:8000/run",1,TRUE,200,1109,259,3.55832147598267,"2026-05-22T23:34:26.938830Z","2026-05-22T23:34:30.497152Z",1779492866.93883,1779492870.49715,0.000751,0.000851,0.000887,3.54492,3.544973,3.544033,5.30000000003028e-05,3.5361,0.0222214759826662
"2026-05-22T23:34:30.649Z","run_bootstrap",26,"http://client2:8000","run","http://client2:8000/run",1,TRUE,200,1109,253,3.608558177948,"2026-05-22T23:34:26.940599Z","2026-05-22T23:34:30.549157Z",1779492866.9406,1779492870.54916,0.000524,0.000598,0.000631,3.587532,3.587574,3.586901,4.20000000000975e-05,3.5776,0.0309581779479982
"2026-05-22T23:34:30.649Z","run_bootstrap",26,"http://client3:8000","run","http://client3:8000/run",1,TRUE,200,1109,251,3.70287823677063,"2026-05-22T23:34:26.940960Z","2026-05-22T23:34:30.643838Z",1779492866.94096,1779492870.64384,0.000482,0.000581,0.000618,3.682167,3.68221,3.681549,4.29999999997932e-05,3.673,0.0298782367706298
"2026-05-22T23:34:34.269Z","run_bootstrap",27,"http://client1:8000","run","http://client1:8000/run",1,TRUE,200,1108,257,3.57405972480774,"2026-05-22T23:34:30.660253Z","2026-05-22T23:34:34.234313Z",1779492870.66025,1779492874.23431,0.000778,0.000889,0.000938,3.554663,3.554696,3.553725,3.29999999997277e-05,3.5473,0.0267597248077394
"2026-05-22T23:34:34.269Z","run_bootstrap",27,"http://client2:8000","run","http://client2:8000/run",1,TRUE,200,1108,252,3.60379815101624,"2026-05-22T23:34:30.661205Z","2026-05-22T23:34:34.265003Z",1779492870.66121,1779492874.265,0.000497,0.000567,0.000597,3.585164,3.585197,3.584567,3.30000000001718e-05,3.5784,0.0253981510162355
"2026-05-22T23:34:34.269Z","run_bootstrap",27,"http://client3:8000","run","http://client3:8000/run",1,TRUE,200,1108,252,3.53179335594177,"2026-05-22T23:34:30.661670Z","2026-05-22T23:34:34.193463Z",1779492870.66167,1779492874.19346,0.000459,0.000556,0.000592,3.509458,3.509489,3.508866,3.09999999998922e-05,3.5028,0.0289933559417723
"2026-05-22T23:34:37.872Z","run_bootstrap",28,"http://client1:8000","run","http://client1:8000/run",1,TRUE,200,1108,257,3.53718519210815,"2026-05-22T23:34:34.285953Z","2026-05-22T23:34:37.823138Z",1779492874.28595,1779492877.82314,0.000622,0.00071,0.000744,3.516105,3.516147,3.515361,4.20000000000975e-05,3.5091,0.0280851921081542
"2026-05-22T23:34:37.872Z","run_bootstrap",28,"http://client2:8000","run","http://client2:8000/run",1,TRUE,200,1108,252,3.46317982673645,"2026-05-22T23:34:34.286390Z","2026-05-22T23:34:37.749569Z",1779492874.28639,1779492877.74957,0.00046,0.000546,0.000568,3.449201,3.449244,3.448633,4.30000000002373e-05,3.4423,0.0208798267364503
"2026-05-22T23:34:37.872Z","run_bootstrap",28,"http://client3:8000","run","http://client3:8000/run",1,TRUE,200,1108,252,3.57790684700012,"2026-05-22T23:34:34.286879Z","2026-05-22T23:34:37.864786Z",1779492874.28688,1779492877.86479,0.000572,0.00066,0.000691,3.564349,3.564395,3.563658,4.60000000002125e-05,3.5563,0.0216068470001223
"2026-05-22T23:34:41.502Z","run_bootstrap",29,"http://client1:8000","run","http://client1:8000/run",1,TRUE,200,1107,256,3.61388349533081,"2026-05-22T23:34:37.883771Z","2026-05-22T23:34:41.497655Z",1779492877.88377,1779492881.49766,0.000446,0.000525,0.000549,3.600146,3.600179,3.599597,3.29999999997277e-05,3.5929,0.0209834953308103
"2026-05-22T23:34:41.502Z","run_bootstrap",29,"http://client2:8000","run","http://client2:8000/run",1,TRUE,200,1107,251,3.4900004863739,"2026-05-22T23:34:37.884287Z","2026-05-22T23:34:41.374288Z",1779492877.88429,1779492881.37429,0.000762,0.000835,0.00087,3.47602,3.476063,3.47515,4.29999999997932e-05,3.4681,0.0219004863739012
"2026-05-22T23:34:41.502Z","run_bootstrap",29,"http://client3:8000","run","http://client3:8000/run",1,TRUE,200,1107,254,3.53652405738831,"2026-05-22T23:34:37.884788Z","2026-05-22T23:34:41.421313Z",1779492877.88479,1779492881.42131,0.000504,0.000557,0.00058,3.523776,3.523808,3.523196,3.2000000000032e-05,3.5156,0.0209240573883056
"2026-05-22T23:34:45.275Z","run_bootstrap",30,"http://client1:8000","run","http://client1:8000/run",1,TRUE,200,1107,256,3.55429792404175,"2026-05-22T23:34:41.514199Z","2026-05-22T23:34:45.068497Z",1779492881.5142,1779492885.0685,0.000567,0.000636,0.000659,3.541359,3.541413,3.5407,5.39999999999985e-05,3.5345,0.0197979240417481
"2026-05-22T23:34:45.275Z","run_bootstrap",30,"http://client2:8000","run","http://client2:8000/run",1,TRUE,200,1107,251,3.65920090675354,"2026-05-22T23:34:41.514919Z","2026-05-22T23:34:45.174119Z",1779492881.51492,1779492885.17412,5e-04,0.000573,0.000601,3.645723,3.645765,3.645122,4.20000000000975e-05,3.6391,0.02010090675354
"2026-05-22T23:34:45.275Z","run_bootstrap",30,"http://client3:8000","run","http://client3:8000/run",1,TRUE,200,1107,254,3.75705075263977,"2026-05-22T23:34:41.514305Z","2026-05-22T23:34:45.271356Z",1779492881.51431,1779492885.27136,0.000483,0.00056,0.000585,3.744256,3.744287,3.743671,3.09999999998922e-05,3.7363,0.0207507526397706
"2026-05-22T23:34:48.843Z","run_bootstrap",31,"http://client1:8000","run","http://client1:8000/run",1,TRUE,200,1109,259,3.54446506500244,"2026-05-22T23:34:45.285574Z","2026-05-22T23:34:48.830039Z",1779492885.28557,1779492888.83004,0.000788,0.000876,0.000897,3.531793,3.531825,3.530896,3.2000000000032e-05,3.5244,0.0200650650024414
"2026-05-22T23:34:48.843Z","run_bootstrap",31,"http://client2:8000","run","http://client2:8000/run",1,TRUE,200,1109,252,3.55105137825012,"2026-05-22T23:34:45.287871Z","2026-05-22T23:34:48.838923Z",1779492885.28787,1779492888.83892,0.000587,0.000654,0.00068,3.537624,3.537663,3.536944,3.89999999996782e-05,3.5305,0.0205513782501221
"2026-05-22T23:34:48.843Z","run_bootstrap",31,"http://client3:8000","run","http://client3:8000/run",1,TRUE,200,1109,254,3.28739404678345,"2026-05-22T23:34:45.288311Z","2026-05-22T23:34:48.575705Z",1779492885.28831,1779492888.57571,0.000567,0.000647,0.000677,3.26728,3.267324,3.266603,4.3999999999933e-05,3.2569,0.0304940467834474
"2026-05-22T23:34:52.554Z","run_bootstrap",32,"http://client1:8000","run","http://client1:8000/run",1,TRUE,200,1109,259,3.69010853767395,"2026-05-22T23:34:48.854498Z","2026-05-22T23:34:52.544607Z",1779492888.8545,1779492892.54461,0.000629,0.000737,0.000774,3.677162,3.677205,3.676388,4.29999999997932e-05,3.6696,0.0205085376739502
"2026-05-22T23:34:52.554Z","run_bootstrap",32,"http://client2:8000","run","http://client2:8000/run",1,TRUE,200,1109,252,3.4949803352356,"2026-05-22T23:34:48.855904Z","2026-05-22T23:34:52.350884Z",1779492888.8559,1779492892.35088,0.00057,0.000643,0.000681,3.480849,3.480897,3.480168,4.8000000000048e-05,3.4724,0.0225803352355958
"2026-05-22T23:34:52.554Z","run_bootstrap",32,"http://client3:8000","run","http://client3:8000/run",1,TRUE,200,1109,254,3.54087567329407,"2026-05-22T23:34:48.855188Z","2026-05-22T23:34:52.396063Z",1779492888.85519,1779492892.39606,0.000703,0.000808,0.000846,3.528045,3.528091,3.527199,4.59999999997684e-05,3.5198,0.0210756732940673
"2026-05-22T23:34:56.235Z","run_bootstrap",33,"http://client1:8000","run","http://client1:8000/run",1,TRUE,200,1106,256,3.64757347106934,"2026-05-22T23:34:52.569712Z","2026-05-22T23:34:56.217286Z",1779492892.56971,1779492896.21729,0.000559,0.00067,0.00071,3.631703,3.631749,3.630993,4.60000000002125e-05,3.6225,0.0250734710693359
"2026-05-22T23:34:56.235Z","run_bootstrap",33,"http://client2:8000","run","http://client2:8000/run",1,TRUE,200,1106,252,3.6597785949707,"2026-05-22T23:34:52.570498Z","2026-05-22T23:34:56.230276Z",1779492892.5705,1779492896.23028,0.000523,0.000611,0.000648,3.640632,3.640674,3.639984,4.20000000000975e-05,3.6327,0.0270785949707033
"2026-05-22T23:34:56.235Z","run_bootstrap",33,"http://client3:8000","run","http://client3:8000/run",1,TRUE,200,1106,251,3.65127182006836,"2026-05-22T23:34:52.571019Z","2026-05-22T23:34:56.222290Z",1779492892.57102,1779492896.22229,0.000694,0.000807,0.000846,3.633353,3.633392,3.632507,3.90000000001223e-05,3.626,0.0252718200683595
"2026-05-22T23:34:59.938Z","run_bootstrap",34,"http://client1:8000","run","http://client1:8000/run",1,TRUE,200,1106,254,3.6610701084137,"2026-05-22T23:34:56.248335Z","2026-05-22T23:34:59.909405Z",1779492896.24834,1779492899.90941,0.000726,0.000834,0.000869,3.648151,3.648184,3.647282,3.30000000001718e-05,3.64,0.0210701084136962
"2026-05-22T23:34:59.938Z","run_bootstrap",34,"http://client2:8000","run","http://client2:8000/run",1,TRUE,200,1106,252,3.67003035545349,"2026-05-22T23:34:56.249409Z","2026-05-22T23:34:59.919439Z",1779492896.24941,1779492899.91944,0.000455,0.000569,0.000608,3.656249,3.656293,3.655641,4.3999999999933e-05,3.6477,0.0223303554534913
"2026-05-22T23:34:59.938Z","run_bootstrap",34,"http://client3:8000","run","http://client3:8000/run",1,TRUE,200,1106,251,3.68440890312195,"2026-05-22T23:34:56.249751Z","2026-05-22T23:34:59.934160Z",1779492896.24975,1779492899.93416,0.000732,0.000811,0.000841,3.671037,3.671083,3.670196,4.59999999997684e-05,3.664,0.0204089031219481
"2026-05-22T23:35:03.818Z","run_bootstrap",35,"http://client1:8000","run","http://client1:8000/run",1,TRUE,200,1109,256,3.68505764007568,"2026-05-22T23:34:59.950244Z","2026-05-22T23:35:03.635302Z",1779492899.95024,1779492903.6353,0.000423,0.000508,0.000543,3.672036,3.672159,3.671493,0.000123000000000317,3.664,0.0210576400756834
"2026-05-22T23:35:03.818Z","run_bootstrap",35,"http://client2:8000","run","http://client2:8000/run",1,TRUE,200,1109,254,3.65913414955139,"2026-05-22T23:34:59.950763Z","2026-05-22T23:35:03.609897Z",1779492899.95076,1779492903.6099,0.00047,0.000532,0.000555,3.646934,3.647049,3.646379,0.000115000000000087,3.6403,0.0188341495513917
"2026-05-22T23:35:03.818Z","run_bootstrap",35,"http://client3:8000","run","http://client3:8000/run",1,TRUE,200,1109,254,3.8635938167572,"2026-05-22T23:34:59.950185Z","2026-05-22T23:35:03.813778Z",1779492899.95019,1779492903.81378,0.000485,0.000531,0.000553,3.8508,3.85096,3.850247,0.00016000000000016,3.8443,0.0192938167572021
"2026-05-22T23:35:07.723Z","run_bootstrap",36,"http://client1:8000","run","http://client1:8000/run",1,TRUE,200,1109,257,3.78231382369995,"2026-05-22T23:35:03.829616Z","2026-05-22T23:35:07.611930Z",1779492903.82962,1779492907.61193,0.000695,0.000817,0.000853,3.769305,3.769347,3.768452,4.19999999996534e-05,3.7618,0.0205138236999511
"2026-05-22T23:35:07.723Z","run_bootstrap",36,"http://client2:8000","run","http://client2:8000/run",1,TRUE,200,1109,254,3.5652027130127,"2026-05-22T23:35:03.831398Z","2026-05-22T23:35:07.396601Z",1779492903.8314,1779492907.3966,0.000591,0.000676,0.000707,3.550086,3.55013,3.549379,4.3999999999933e-05,3.5416,0.0236027130126955
"2026-05-22T23:35:07.723Z","run_bootstrap",36,"http://client3:8000","run","http://client3:8000/run",1,TRUE,200,1109,254,3.88453197479248,"2026-05-22T23:35:03.831797Z","2026-05-22T23:35:07.716329Z",1779492903.8318,1779492907.71633,0.00047,0.000581,0.000619,3.864577,3.86462,3.863958,4.29999999997932e-05,3.8577,0.0268319747924806
"2026-05-22T23:35:11.460Z","run_bootstrap",37,"http://client1:8000","run","http://client1:8000/run",1,TRUE,200,1108,259,3.71590232849121,"2026-05-22T23:35:07.740142Z","2026-05-22T23:35:11.456044Z",1779492907.74014,1779492911.45604,0.000525,0.000599,0.000629,3.700382,3.700651,3.699753,0.000269000000000297,3.6932,0.0227023284912109
"2026-05-22T23:35:11.460Z","run_bootstrap",37,"http://client2:8000","run","http://client2:8000/run",1,TRUE,200,1108,252,3.62810516357422,"2026-05-22T23:35:07.739905Z","2026-05-22T23:35:11.368010Z",1779492907.73991,1779492911.36801,0.00077,0.000885,0.000923,3.614532,3.614578,3.613609,4.59999999997684e-05,3.607,0.0211051635742185
"2026-05-22T23:35:11.460Z","run_bootstrap",37,"http://client3:8000","run","http://client3:8000/run",1,TRUE,200,1108,253,3.52307391166687,"2026-05-22T23:35:07.740567Z","2026-05-22T23:35:11.263641Z",1779492907.74057,1779492911.26364,0.000487,0.000564,6e-04,3.509674,3.509716,3.509074,4.20000000000975e-05,3.5027,0.0203739116668702
"2026-05-22T23:35:15.349Z","run_bootstrap",38,"http://client1:8000","run","http://client1:8000/run",1,TRUE,200,1108,259,3.87402129173279,"2026-05-22T23:35:11.471094Z","2026-05-22T23:35:15.345115Z",1779492911.47109,1779492915.34512,0.000461,0.000572,0.000609,3.854786,3.854834,3.854177,4.8000000000048e-05,3.8472,0.0268212917327881
"2026-05-22T23:35:15.349Z","run_bootstrap",38,"http://client2:8000","run","http://client2:8000/run",1,TRUE,200,1108,253,3.68894505500793,"2026-05-22T23:35:11.471906Z","2026-05-22T23:35:15.160851Z",1779492911.47191,1779492915.16085,0.000576,0.000665,0.000703,3.670234,3.670284,3.669531,4.99999999998835e-05,3.6628,0.0261450550079347
"2026-05-22T23:35:15.349Z","run_bootstrap",38,"http://client3:8000","run","http://client3:8000/run",1,TRUE,200,1108,253,3.58937191963196,"2026-05-22T23:35:11.473639Z","2026-05-22T23:35:15.063010Z",1779492911.47364,1779492915.06301,0.000586,0.000669,0.000702,3.569602,3.569647,3.5689,4.49999999996287e-05,3.5622,0.0271719196319582
"2026-05-22T23:35:19.130Z","run_bootstrap",39,"http://client1:8000","run","http://client1:8000/run",1,TRUE,200,1108,259,3.6744749546051,"2026-05-22T23:35:15.364946Z","2026-05-22T23:35:19.039421Z",1779492915.36495,1779492919.03942,0.000831,0.000928,0.00097,3.659503,3.659551,3.658533,4.8000000000048e-05,3.6501,0.0243749546051024
"2026-05-22T23:35:19.130Z","run_bootstrap",39,"http://client2:8000","run","http://client2:8000/run",1,TRUE,200,1108,253,3.75986838340759,"2026-05-22T23:35:15.365470Z","2026-05-22T23:35:19.125338Z",1779492915.36547,1779492919.12534,0.00048,0.000565,0.000606,3.741254,3.741294,3.740648,3.9999999999818e-05,3.7344,0.0254683834075928
"2026-05-22T23:35:19.130Z","run_bootstrap",39,"http://client3:8000","run","http://client3:8000/run",1,TRUE,200,1108,254,3.61557984352112,"2026-05-22T23:35:15.365854Z","2026-05-22T23:35:18.981434Z",1779492915.36585,1779492918.98143,0.000607,0.000721,0.000762,3.601908,3.601954,3.601146,4.60000000002125e-05,3.5812,0.0343798435211182
"2026-05-22T23:35:23.157Z","run_bootstrap",40,"http://client1:8000","run","http://client1:8000/run",1,TRUE,200,1108,259,4.01044964790344,"2026-05-22T23:35:19.142775Z","2026-05-22T23:35:23.153225Z",1779492919.14278,1779492923.15323,0.000698,0.000814,0.000859,3.997439,3.997472,3.99658,3.30000000001718e-05,3.8483,0.162149647903442
"2026-05-22T23:35:23.157Z","run_bootstrap",40,"http://client2:8000","run","http://client2:8000/run",1,TRUE,200,1108,253,3.80608415603638,"2026-05-22T23:35:19.144596Z","2026-05-22T23:35:22.950680Z",1779492919.1446,1779492922.95068,0.000507,0.000611,0.000655,3.788612,3.788656,3.787957,4.3999999999933e-05,3.6428,0.163284156036377
"2026-05-22T23:35:23.157Z","run_bootstrap",40,"http://client3:8000","run","http://client3:8000/run",1,TRUE,200,1108,254,4.00112128257751,"2026-05-22T23:35:19.144980Z","2026-05-22T23:35:23.146101Z",1779492919.14498,1779492923.1461,0.00039,0.000457,0.000497,3.983638,3.983904,3.983141,0.000265999999999877,3.8341,0.167021282577515
"2026-05-22T23:35:26.816Z","run_bootstrap",41,"http://client1:8000","run","http://client1:8000/run",1,TRUE,200,1108,257,3.64013338088989,"2026-05-22T23:35:23.168617Z","2026-05-22T23:35:26.808751Z",1779492923.16862,1779492926.80875,0.000655,0.000763,0.000802,3.626236,3.626277,3.625434,4.09999999999577e-05,3.6194,0.0207333808898924
"2026-05-22T23:35:26.816Z","run_bootstrap",41,"http://client2:8000","run","http://client2:8000/run",1,TRUE,200,1108,250,3.37481689453125,"2026-05-22T23:35:23.168716Z","2026-05-22T23:35:26.543533Z",1779492923.16872,1779492926.54353,0.000701,0.000798,0.000835,3.360998,3.361043,3.360163,4.50000000000728e-05,3.3544,0.02041689453125
"2026-05-22T23:35:26.816Z","run_bootstrap",41,"http://client3:8000","run","http://client3:8000/run",1,TRUE,200,1108,254,3.37281727790833,"2026-05-22T23:35:23.170112Z","2026-05-22T23:35:26.542929Z",1779492923.17011,1779492926.54293,0.000585,0.000668,0.000699,3.35875,3.358792,3.358051,4.20000000000975e-05,3.3523,0.0205172779083251
"2026-05-22T23:35:30.345Z","run_bootstrap",42,"http://client1:8000","run","http://client1:8000/run",1,TRUE,200,1108,257,3.50760126113892,"2026-05-22T23:35:26.833039Z","2026-05-22T23:35:30.340640Z",1779492926.83304,1779492930.34064,0.000755,0.000876,0.000912,3.494584,3.494626,3.493672,4.19999999996534e-05,3.4872,0.0204012611389159
"2026-05-22T23:35:30.345Z","run_bootstrap",42,"http://client2:8000","run","http://client2:8000/run",1,TRUE,200,1108,249,3.4113404750824,"2026-05-22T23:35:26.834488Z","2026-05-22T23:35:30.245828Z",1779492926.83449,1779492930.24583,0.000856,0.00092,0.000941,3.391099,3.391133,3.390158,3.39999999998675e-05,3.384,0.0273404750823976
"2026-05-22T23:35:30.345Z","run_bootstrap",42,"http://client3:8000","run","http://client3:8000/run",1,TRUE,200,1108,254,3.42660236358643,"2026-05-22T23:35:26.834778Z","2026-05-22T23:35:30.261380Z",1779492926.83478,1779492930.26138,0.000554,0.000659,0.000694,3.406344,3.406385,3.40565,4.10000000004018e-05,3.3986,0.0280023635864257
"2026-05-22T23:35:34.556Z","run_bootstrap",43,"http://client1:8000","run","http://client1:8000/run",1,TRUE,200,1109,257,3.99890184402466,"2026-05-22T23:35:30.355769Z","2026-05-22T23:35:34.354671Z",1779492930.35577,1779492934.35467,0.00068,0.000793,0.000836,3.98037,3.980516,3.979534,0.000145999999999979,3.9631,0.0358018440246584
"2026-05-22T23:35:34.556Z","run_bootstrap",43,"http://client2:8000","run","http://client2:8000/run",1,TRUE,200,1109,251,4.19047665596008,"2026-05-22T23:35:30.357552Z","2026-05-22T23:35:34.548029Z",1779492930.35755,1779492934.54803,0.000691,0.000782,0.000815,4.167046,4.167083,4.166231,3.69999999998427e-05,4.1499,0.0405766559600833
"2026-05-22T23:35:34.556Z","run_bootstrap",43,"http://client3:8000","run","http://client3:8000/run",1,TRUE,200,1109,253,3.8367702960968,"2026-05-22T23:35:30.357968Z","2026-05-22T23:35:34.194739Z",1779492930.35797,1779492934.19474,0.000516,0.000594,0.000633,3.81559,3.815614,3.814957,2.4000000000246e-05,3.7982,0.0385702960968017
"2026-05-22T23:35:38.258Z","run_bootstrap",44,"http://client1:8000","run","http://client1:8000/run",1,TRUE,200,1109,257,3.67358112335205,"2026-05-22T23:35:34.579751Z","2026-05-22T23:35:38.253332Z",1779492934.57975,1779492938.25333,0.000665,0.000771,0.000815,3.655292,3.655453,3.654477,0.000160999999999856,3.6481,0.0254811233520509
"2026-05-22T23:35:38.258Z","run_bootstrap",44,"http://client2:8000","run","http://client2:8000/run",1,TRUE,200,1109,251,3.37336182594299,"2026-05-22T23:35:34.580267Z","2026-05-22T23:35:37.953629Z",1779492934.58027,1779492937.95363,0.000651,0.000765,0.00081,3.355865,3.356004,3.355055,0.000138999999999889,3.3468,0.0265618259429932
"2026-05-22T23:35:38.258Z","run_bootstrap",44,"http://client3:8000","run","http://client3:8000/run",1,TRUE,200,1109,253,3.37744545936584,"2026-05-22T23:35:34.581085Z","2026-05-22T23:35:37.958530Z",1779492934.58109,1779492937.95853,0.000782,0.000856,0.000893,3.360819,3.360953,3.359926,0.000134000000000079,3.3537,0.0237454593658448
"2026-05-22T23:35:42.049Z","run_bootstrap",45,"http://client1:8000","run","http://client1:8000/run",1,TRUE,200,1108,254,3.72074675559998,"2026-05-22T23:35:38.321334Z","2026-05-22T23:35:42.042080Z",1779492938.32133,1779492942.04208,0.000664,0.000773,0.000809,3.706872,3.706988,3.706063,0.000115999999999783,3.6982,0.0225467555999757
"2026-05-22T23:35:42.049Z","run_bootstrap",45,"http://client2:8000","run","http://client2:8000/run",1,TRUE,200,1108,254,3.53644490242004,"2026-05-22T23:35:38.322597Z","2026-05-22T23:35:41.859042Z",1779492938.3226,1779492941.85904,0.000582,0.000715,0.000751,3.523121,3.523212,3.52237,9.09999999998412e-05,3.5154,0.0210449024200439
"2026-05-22T23:35:42.049Z","run_bootstrap",45,"http://client3:8000","run","http://client3:8000/run",1,TRUE,200,1108,257,3.47931289672852,"2026-05-22T23:35:38.323781Z","2026-05-22T23:35:41.803094Z",1779492938.32378,1779492941.80309,0.00055,0.00064,0.000676,3.46271,3.462853,3.462034,0.000143000000000004,3.4549,0.0244128967285158
"2026-05-22T23:35:45.831Z","run_bootstrap",46,"http://client1:8000","run","http://client1:8000/run",1,TRUE,200,1108,254,3.75992894172668,"2026-05-22T23:35:42.065596Z","2026-05-22T23:35:45.825525Z",1779492942.0656,1779492945.82553,0.000625,0.000709,0.00075,3.745834,3.745988,3.745084,0.00015400000000021,3.7386,0.0213289417266846
"2026-05-22T23:35:45.831Z","run_bootstrap",46,"http://client2:8000","run","http://client2:8000/run",1,TRUE,200,1108,254,3.72631573677063,"2026-05-22T23:35:42.065603Z","2026-05-22T23:35:45.791919Z",1779492942.0656,1779492945.79192,0.000592,0.00065,0.000671,3.713009,3.713145,3.712338,0.000135999999999914,3.7065,0.0198157367706298
"2026-05-22T23:35:45.831Z","run_bootstrap",46,"http://client3:8000","run","http://client3:8000/run",1,TRUE,200,1108,256,3.51456737518311,"2026-05-22T23:35:42.065818Z","2026-05-22T23:35:45.580385Z",1779492942.06582,1779492945.58039,0.000466,0.000547,0.000571,3.500709,3.500835,3.500138,0.000125999999999848,3.493,0.0215673751831056
"2026-05-22T23:35:49.649Z","run_bootstrap",47,"http://client1:8000","run","http://client1:8000/run",1,TRUE,200,1109,255,3.79907941818237,"2026-05-22T23:35:45.842803Z","2026-05-22T23:35:49.641883Z",1779492945.8428,1779492949.64188,0.00048,0.000557,0.000593,3.783141,3.783256,3.782548,0.000115000000000087,3.7668,0.0322794181823731
"2026-05-22T23:35:49.649Z","run_bootstrap",47,"http://client2:8000","run","http://client2:8000/run",1,TRUE,200,1109,252,3.60967421531677,"2026-05-22T23:35:45.842509Z","2026-05-22T23:35:49.452183Z",1779492945.84251,1779492949.45218,0.00048,0.00053,0.000551,3.596478,3.596625,3.595927,0.000147000000000119,3.5896,0.0200742153167726
"2026-05-22T23:35:49.649Z","run_bootstrap",47,"http://client3:8000","run","http://client3:8000/run",1,TRUE,200,1109,253,3.47559666633606,"2026-05-22T23:35:45.842757Z","2026-05-22T23:35:49.318353Z",1779492945.84276,1779492949.31835,0.000362,0.000439,0.000463,3.461833,3.461934,3.46137,0.000100999999999907,3.4541,0.0214966663360596
"2026-05-22T23:35:53.470Z","run_bootstrap",48,"http://client1:8000","run","http://client1:8000/run",1,TRUE,200,1109,255,3.80053639411926,"2026-05-22T23:35:49.664213Z","2026-05-22T23:35:53.464749Z",1779492949.66421,1779492953.46475,0.000557,0.000636,0.000664,3.778304,3.77841,3.77764,0.000106000000000162,3.7714,0.0291363941192628
"2026-05-22T23:35:53.470Z","run_bootstrap",48,"http://client2:8000","run","http://client2:8000/run",1,TRUE,200,1109,252,3.59087753295898,"2026-05-22T23:35:49.664604Z","2026-05-22T23:35:53.255482Z",1779492949.6646,1779492953.25548,0.000646,0.000897,0.000936,3.57119,3.571334,3.570254,0.0001439999999997,3.5642,0.0266775329589843
"2026-05-22T23:35:53.470Z","run_bootstrap",48,"http://client3:8000","run","http://client3:8000/run",1,TRUE,200,1109,253,3.51296830177307,"2026-05-22T23:35:49.665019Z","2026-05-22T23:35:53.177988Z",1779492949.66502,1779492953.17799,0.00057,0.000645,0.000674,3.491536,3.491687,3.490862,0.000151000000000234,3.4837,0.0292683017730715
"2026-05-22T23:35:57.316Z","run_bootstrap",49,"http://client1:8000","run","http://client1:8000/run",1,TRUE,200,1109,254,3.70904803276062,"2026-05-22T23:35:53.482758Z","2026-05-22T23:35:57.191806Z",1779492953.48276,1779492957.19181,0.000657,0.00074,0.000776,3.690888,3.691056,3.690112,0.000167999999999946,3.6834,0.0256480327606203
"2026-05-22T23:35:57.316Z","run_bootstrap",49,"http://client2:8000","run","http://client2:8000/run",1,TRUE,200,1109,254,3.41748285293579,"2026-05-22T23:35:53.483091Z","2026-05-22T23:35:56.900573Z",1779492953.48309,1779492956.90057,0.000568,0.000665,0.000704,3.399315,3.39944,3.398611,0.000124999999999709,3.3921,0.0253828529357909
"2026-05-22T23:35:57.316Z","run_bootstrap",49,"http://client3:8000","run","http://client3:8000/run",1,TRUE,200,1109,256,3.82767367362976,"2026-05-22T23:35:53.483511Z","2026-05-22T23:35:57.311185Z",1779492953.48351,1779492957.31119,0.000696,0.000808,0.000864,3.810342,3.810454,3.809478,0.000112000000000112,3.8015,0.0261736736297609
"2026-05-22T23:36:01.131Z","run_bootstrap",50,"http://client1:8000","run","http://client1:8000/run",1,TRUE,200,1109,254,3.52685856819153,"2026-05-22T23:35:57.329082Z","2026-05-22T23:36:00.855941Z",1779492957.32908,1779492960.85594,0.00061,0.000672,0.000692,3.507779,3.507899,3.507087,0.000119999999999898,3.5004,0.0264585681915284
"2026-05-22T23:36:01.131Z","run_bootstrap",50,"http://client2:8000","run","http://client2:8000/run",1,TRUE,200,1109,254,3.57640671730042,"2026-05-22T23:35:57.329628Z","2026-05-22T23:36:00.906035Z",1779492957.32963,1779492960.90604,0.000563,0.00066,0.000683,3.558627,3.558745,3.557944,0.000118000000000062,3.5513,0.0251067173004151
"2026-05-22T23:36:01.131Z","run_bootstrap",50,"http://client3:8000","run","http://client3:8000/run",1,TRUE,200,1109,255,3.79752683639526,"2026-05-22T23:35:57.330157Z","2026-05-22T23:36:01.127684Z",1779492957.33016,1779492961.12768,0.000603,0.000679,0.00071,3.775155,3.775291,3.774445,0.000136000000000358,3.767,0.0305268363952638
"2026-05-22T23:36:04.789Z","run_bootstrap",51,"http://client1:8000","run","http://client1:8000/run",1,TRUE,200,1110,255,3.63869976997375,"2026-05-22T23:36:01.145723Z","2026-05-22T23:36:04.784423Z",1779492961.14572,1779492964.78442,0.000505,0.000592,0.000629,3.62414,3.624284,3.623511,0.0001439999999997,3.6152,0.0234997699737547
"2026-05-22T23:36:04.789Z","run_bootstrap",51,"http://client2:8000","run","http://client2:8000/run",1,TRUE,200,1110,252,3.61584424972534,"2026-05-22T23:36:01.146460Z","2026-05-22T23:36:04.762304Z",1779492961.14646,1779492964.7623,0.000567,0.000653,0.00069,3.60206,3.602197,3.60137,0.000137000000000054,3.5918,0.0240442497253417
"2026-05-22T23:36:04.789Z","run_bootstrap",51,"http://client3:8000","run","http://client3:8000/run",1,TRUE,200,1110,254,3.51346969604492,"2026-05-22T23:36:01.145706Z","2026-05-22T23:36:04.659175Z",1779492961.14571,1779492964.65918,0.000683,0.000788,0.000826,3.499494,3.499634,3.498668,0.000140000000000029,3.4906,0.0228696960449217
"2026-05-22T23:36:08.594Z","run_bootstrap",52,"http://client1:8000","run","http://client1:8000/run",1,TRUE,200,1110,255,3.78824806213379,"2026-05-22T23:36:04.801991Z","2026-05-22T23:36:08.590239Z",1779492964.80199,1779492968.59024,0.000455,0.000542,0.000564,3.773893,3.774031,3.773329,0.000137999999999749,3.7665,0.0217480621337889
"2026-05-22T23:36:08.594Z","run_bootstrap",52,"http://client2:8000","run","http://client2:8000/run",1,TRUE,200,1110,252,3.50793814659119,"2026-05-22T23:36:04.802674Z","2026-05-22T23:36:08.310612Z",1779492964.80267,1779492968.31061,0.000541,0.000592,0.00061,3.493539,3.493667,3.492929,0.000127999999999684,3.4865,0.0214381465911866
"2026-05-22T23:36:08.594Z","run_bootstrap",52,"http://client3:8000","run","http://client3:8000/run",1,TRUE,200,1110,254,3.59341812133789,"2026-05-22T23:36:04.803206Z","2026-05-22T23:36:08.396624Z",1779492964.80321,1779492968.39662,0.000496,0.000577,0.00061,3.574722,3.574853,3.574112,0.000131000000000103,3.5676,0.0258181213378905
"2026-05-22T23:36:12.339Z","run_bootstrap",53,"http://client1:8000","run","http://client1:8000/run",1,TRUE,200,1109,254,3.72674179077148,"2026-05-22T23:36:08.606270Z","2026-05-22T23:36:12.333012Z",1779492968.60627,1779492972.33301,0.000548,0.000653,0.000694,3.706305,3.706423,3.705611,0.000118000000000062,3.6982,0.0285417907714844
"2026-05-22T23:36:12.339Z","run_bootstrap",53,"http://client2:8000","run","http://client2:8000/run",1,TRUE,200,1109,251,3.60567998886108,"2026-05-22T23:36:08.606799Z","2026-05-22T23:36:12.212479Z",1779492968.6068,1779492972.21248,0.000662,0.000763,0.000809,3.583675,3.583818,3.582866,0.000143000000000004,3.5763,0.0293799888610842
"2026-05-22T23:36:12.339Z","run_bootstrap",53,"http://client3:8000","run","http://client3:8000/run",1,TRUE,200,1109,256,3.49014592170715,"2026-05-22T23:36:08.607299Z","2026-05-22T23:36:12.097445Z",1779492968.6073,1779492972.09745,0.000636,0.000753,0.000799,3.469266,3.469407,3.468467,0.000140999999999725,3.4621,0.0280459217071534
"2026-05-22T23:36:16.034Z","run_bootstrap",54,"http://client1:8000","run","http://client1:8000/run",1,TRUE,200,1109,254,3.52480745315552,"2026-05-22T23:36:12.352448Z","2026-05-22T23:36:15.877255Z",1779492972.35245,1779492975.87726,0.000744,0.000827,0.000855,3.510203,3.510296,3.509348,9.29999999996767e-05,3.5017,0.0231074531555175
"2026-05-22T23:36:16.034Z","run_bootstrap",54,"http://client2:8000","run","http://client2:8000/run",1,TRUE,200,1109,251,3.67447066307068,"2026-05-22T23:36:12.353083Z","2026-05-22T23:36:16.027554Z",1779492972.35308,1779492976.02755,0.000546,0.000622,0.000656,3.656004,3.656174,3.655348,0.000170000000000226,3.6488,0.0256706630706787
"2026-05-22T23:36:16.034Z","run_bootstrap",54,"http://client3:8000","run","http://client3:8000/run",1,TRUE,200,1109,256,3.63050675392151,"2026-05-22T23:36:12.352276Z","2026-05-22T23:36:15.982783Z",1779492972.35228,1779492975.98278,0.000618,0.000759,0.000801,3.616575,3.616697,3.615774,0.000121999999999733,3.6076,0.0229067539215086
"2026-05-22T23:36:19.891Z","run_bootstrap",55,"http://client1:8000","run","http://client1:8000/run",1,TRUE,200,1109,253,3.84110832214355,"2026-05-22T23:36:16.045660Z","2026-05-22T23:36:19.886768Z",1779492976.04566,1779492979.88677,0.000587,0.000671,0.000694,3.827237,3.82736,3.826543,0.000123000000000317,3.8184,0.0227083221435547
"2026-05-22T23:36:19.891Z","run_bootstrap",55,"http://client2:8000","run","http://client2:8000/run",1,TRUE,200,1109,253,3.50783753395081,"2026-05-22T23:36:16.047848Z","2026-05-22T23:36:19.555685Z",1779492976.04785,1779492979.55569,0.000508,0.000578,0.000609,3.494108,3.494221,3.493499,0.000112999999999808,3.4876,0.0202375339508056
"2026-05-22T23:36:19.891Z","run_bootstrap",55,"http://client3:8000","run","http://client3:8000/run",1,TRUE,200,1109,256,3.68929696083069,"2026-05-22T23:36:16.047231Z","2026-05-22T23:36:19.736528Z",1779492976.04723,1779492979.73653,0.000471,0.000553,0.000587,3.674872,3.674972,3.674285,9.99999999997669e-05,3.6683,0.0209969608306886
"2026-05-22T23:36:23.722Z","run_bootstrap",56,"http://client1:8000","run","http://client1:8000/run",1,TRUE,200,1109,253,3.41851115226746,"2026-05-22T23:36:19.909884Z","2026-05-22T23:36:23.328396Z",1779492979.90988,1779492983.3284,0.000479,0.000539,0.000557,3.40276,3.402913,3.402203,0.00015300000000007,3.3956,0.0229111522674561
"2026-05-22T23:36:23.722Z","run_bootstrap",56,"http://client2:8000","run","http://client2:8000/run",1,TRUE,200,1109,253,3.80839109420776,"2026-05-22T23:36:19.909744Z","2026-05-22T23:36:23.718135Z",1779492979.90974,1779492983.71814,0.000505,0.000602,0.000622,3.79595,3.796071,3.795328,0.000121000000000038,3.7889,0.0194910942077637
"2026-05-22T23:36:23.722Z","run_bootstrap",56,"http://client3:8000","run","http://client3:8000/run",1,TRUE,200,1109,256,3.54617547988892,"2026-05-22T23:36:19.909668Z","2026-05-22T23:36:23.455844Z",1779492979.90967,1779492983.45584,0.000667,0.00078,0.000816,3.533346,3.533478,3.53253,0.000132000000000243,3.5259,0.020275479888916
"2026-05-22T23:36:27.584Z","run_bootstrap",57,"http://client1:8000","run","http://client1:8000/run",1,TRUE,200,1110,251,3.84169363975525,"2026-05-22T23:36:23.735995Z","2026-05-22T23:36:27.577688Z",1779492983.736,1779492987.57769,0.000621,0.00073,0.000772,3.827769,3.827894,3.826997,0.000125000000000153,3.82,0.0216936397552492
"2026-05-22T23:36:27.584Z","run_bootstrap",57,"http://client2:8000","run","http://client2:8000/run",1,TRUE,200,1110,252,3.63236331939697,"2026-05-22T23:36:23.737047Z","2026-05-22T23:36:27.369410Z",1779492983.73705,1779492987.36941,0.000554,0.000629,0.000668,3.613661,3.613808,3.612993,0.000147000000000119,3.6065,0.0258633193969726
"2026-05-22T23:36:27.584Z","run_bootstrap",57,"http://client3:8000","run","http://client3:8000/run",1,TRUE,200,1110,255,3.59410524368286,"2026-05-22T23:36:23.737550Z","2026-05-22T23:36:27.331655Z",1779492983.73755,1779492987.33166,0.000587,0.000728,0.000772,3.57908,3.579212,3.578308,0.000132000000000243,3.5704,0.0237052436828615
"2026-05-22T23:36:31.480Z","run_bootstrap",58,"http://client1:8000","run","http://client1:8000/run",1,TRUE,200,1110,253,3.71502780914307,"2026-05-22T23:36:27.597002Z","2026-05-22T23:36:31.312030Z",1779492987.597,1779492991.31203,0.000642,0.000768,0.000806,3.695225,3.695349,3.694419,0.000124000000000013,3.6878,0.0272278091430662
"2026-05-22T23:36:31.480Z","run_bootstrap",58,"http://client2:8000","run","http://client2:8000/run",1,TRUE,200,1110,252,3.87506461143494,"2026-05-22T23:36:27.597676Z","2026-05-22T23:36:31.472741Z",1779492987.59768,1779492991.47274,0.000596,0.000701,0.000735,3.854543,3.854679,3.853808,0.000135999999999914,3.8465,0.0285646114349367
"2026-05-22T23:36:31.480Z","run_bootstrap",58,"http://client3:8000","run","http://client3:8000/run",1,TRUE,200,1110,255,3.60716342926025,"2026-05-22T23:36:27.598068Z","2026-05-22T23:36:31.205231Z",1779492987.59807,1779492991.20523,0.000579,0.000687,0.000721,3.593505,3.593591,3.592784,8.60000000000305e-05,3.5859,0.0212634292602538
"2026-05-22T23:36:35.390Z","run_bootstrap",59,"http://client1:8000","run","http://client1:8000/run",1,TRUE,200,1110,251,3.72499251365662,"2026-05-22T23:36:31.491080Z","2026-05-22T23:36:35.216073Z",1779492991.49108,1779492995.21607,0.000685,0.000804,0.00084,3.70954,3.709858,3.7087,0.00031800000000004,3.7016,0.0233925136566162
"2026-05-22T23:36:35.390Z","run_bootstrap",59,"http://client2:8000","run","http://client2:8000/run",1,TRUE,200,1110,253,3.63682317733765,"2026-05-22T23:36:31.491508Z","2026-05-22T23:36:35.128331Z",1779492991.49151,1779492995.12833,0.000426,0.000516,0.000551,3.61484,3.614968,3.614289,0.000128000000000128,3.6081,0.0287231773376466
"2026-05-22T23:36:35.390Z","run_bootstrap",59,"http://client3:8000","run","http://client3:8000/run",1,TRUE,200,1110,254,3.89371776580811,"2026-05-22T23:36:31.491941Z","2026-05-22T23:36:35.385659Z",1779492991.49194,1779492995.38566,0.000588,0.000707,0.000743,3.873975,3.874111,3.873232,0.000135999999999914,3.8657,0.0280177658081056
"2026-05-22T23:36:39.313Z","run_bootstrap",60,"http://client1:8000","run","http://client1:8000/run",1,TRUE,200,1110,250,3.90625643730164,"2026-05-22T23:36:35.402759Z","2026-05-22T23:36:39.309016Z",1779492995.40276,1779492999.30902,0.000688,0.000796,0.000842,3.892096,3.892424,3.891254,0.000328000000000106,3.725,0.181256437301636
"2026-05-22T23:36:39.313Z","run_bootstrap",60,"http://client2:8000","run","http://client2:8000/run",1,TRUE,200,1110,253,3.90064430236816,"2026-05-22T23:36:35.404517Z","2026-05-22T23:36:39.305161Z",1779492995.40452,1779492999.30516,0.00072,0.000789,0.00081,3.885201,3.885339,3.884391,0.000138000000000194,3.7243,0.176344302368164
"2026-05-22T23:36:39.313Z","run_bootstrap",60,"http://client3:8000","run","http://client3:8000/run",1,TRUE,200,1110,254,3.75248599052429,"2026-05-22T23:36:35.404724Z","2026-05-22T23:36:39.157210Z",1779492995.40472,1779492999.15721,0.000698,0.000908,0.000975,3.737262,3.737419,3.736287,0.000157000000000185,3.5797,0.172785990524292
"2026-05-22T23:36:43.048Z","run_bootstrap",61,"http://client1:8000","run","http://client1:8000/run",1,TRUE,200,1109,251,3.71534514427185,"2026-05-22T23:36:39.326290Z","2026-05-22T23:36:43.041635Z",1779492999.32629,1779493003.04164,0.000548,0.000634,0.000667,3.694539,3.694672,3.693872,0.000133000000000383,3.6879,0.0274451442718506
"2026-05-22T23:36:43.048Z","run_bootstrap",61,"http://client2:8000","run","http://client2:8000/run",1,TRUE,200,1109,252,3.48492193222046,"2026-05-22T23:36:39.326749Z","2026-05-22T23:36:42.811671Z",1779492999.32675,1779493002.81167,0.000549,0.000628,0.00066,3.463345,3.463475,3.462685,0.000129999999999963,3.4569,0.0280219322204589
"2026-05-22T23:36:43.048Z","run_bootstrap",61,"http://client3:8000","run","http://client3:8000/run",1,TRUE,200,1109,254,3.52917909622192,"2026-05-22T23:36:39.327068Z","2026-05-22T23:36:42.856247Z",1779492999.32707,1779493002.85625,0.000751,0.000876,0.000912,3.510133,3.510281,3.509221,0.000147999999999815,3.5033,0.025879096221924
"2026-05-22T23:36:46.782Z","run_bootstrap",62,"http://client1:8000","run","http://client1:8000/run",1,TRUE,200,1109,251,3.28466320037842,"2026-05-22T23:36:43.067992Z","2026-05-22T23:36:46.352655Z",1779493003.06799,1779493006.35266,0.000753,0.000836,0.000865,3.269553,3.269709,3.268688,0.000156000000000045,3.2587,0.0259632003784178
"2026-05-22T23:36:46.782Z","run_bootstrap",62,"http://client2:8000","run","http://client2:8000/run",1,TRUE,200,1109,252,3.70766854286194,"2026-05-22T23:36:43.070360Z","2026-05-22T23:36:46.778029Z",1779493003.07036,1779493006.77803,0.000609,0.000705,0.000752,3.686235,3.686365,3.685483,0.000129999999999963,3.6792,0.0284685428619387
"2026-05-22T23:36:46.782Z","run_bootstrap",62,"http://client3:8000","run","http://client3:8000/run",1,TRUE,200,1109,254,3.5095362663269,"2026-05-22T23:36:43.070739Z","2026-05-22T23:36:46.580275Z",1779493003.07074,1779493006.58028,0.000658,0.000744,0.000783,3.488426,3.488551,3.487643,0.000125000000000153,3.4804,0.0291362663269044
"2026-05-22T23:36:50.511Z","run_bootstrap",63,"http://client1:8000","run","http://client1:8000/run",1,TRUE,200,1110,250,3.58996367454529,"2026-05-22T23:36:46.793872Z","2026-05-22T23:36:50.383836Z",1779493006.79387,1779493010.38384,0.000666,0.000778,0.000892,3.576016,3.576101,3.575124,8.49999999998907e-05,3.5564,0.0335636745452881
"2026-05-22T23:36:50.511Z","run_bootstrap",63,"http://client2:8000","run","http://client2:8000/run",1,TRUE,200,1110,250,3.61344122886658,"2026-05-22T23:36:46.794653Z","2026-05-22T23:36:50.408094Z",1779493006.79465,1779493010.40809,0.00049,0.000582,0.000621,3.598318,3.598411,3.597697,9.30000000001208e-05,3.582,0.0314412288665773
"2026-05-22T23:36:50.511Z","run_bootstrap",63,"http://client3:8000","run","http://client3:8000/run",1,TRUE,200,1110,253,3.70864629745483,"2026-05-22T23:36:46.795161Z","2026-05-22T23:36:50.503807Z",1779493006.79516,1779493010.50381,0.000557,0.000642,0.000686,3.693933,3.694043,3.693247,0.000110000000000277,3.6776,0.031046297454834
"2026-05-22T23:36:54.241Z","run_bootstrap",64,"http://client1:8000","run","http://client1:8000/run",1,TRUE,200,1110,250,3.53065228462219,"2026-05-22T23:36:50.527550Z","2026-05-22T23:36:54.058202Z",1779493010.52755,1779493014.0582,0.000603,0.000713,0.000746,3.510112,3.510241,3.509366,0.000129000000000268,3.5023,0.0283522846221924
"2026-05-22T23:36:54.241Z","run_bootstrap",64,"http://client2:8000","run","http://client2:8000/run",1,TRUE,200,1110,251,3.70499324798584,"2026-05-22T23:36:50.528343Z","2026-05-22T23:36:54.233336Z",1779493010.52834,1779493014.23334,0.000621,0.000731,0.000769,3.683573,3.683709,3.682804,0.000135999999999914,3.6756,0.0293932479858396
"2026-05-22T23:36:54.241Z","run_bootstrap",64,"http://client3:8000","run","http://client3:8000/run",1,TRUE,200,1110,253,3.49324917793274,"2026-05-22T23:36:50.529088Z","2026-05-22T23:36:54.022337Z",1779493010.52909,1779493014.02234,0.000553,0.000683,0.000707,3.473028,3.473162,3.472321,0.000134000000000079,3.4654,0.0278491779327394
"2026-05-22T23:36:57.797Z","run_bootstrap",65,"http://client1:8000","run","http://client1:8000/run",1,TRUE,200,1105,253,3.49916219711304,"2026-05-22T23:36:54.258501Z","2026-05-22T23:36:57.757663Z",1779493014.2585,1779493017.75766,0.000655,0.000727,0.000763,3.4763,3.476432,3.475537,0.000131999999999799,3.4692,0.0299621971130373
"2026-05-22T23:36:57.797Z","run_bootstrap",65,"http://client2:8000","run","http://client2:8000/run",1,TRUE,200,1105,251,3.43681263923645,"2026-05-22T23:36:54.258948Z","2026-05-22T23:36:57.695761Z",1779493014.25895,1779493017.69576,0.000625,0.000723,0.000759,3.414317,3.414404,3.413558,8.70000000001703e-05,3.4073,0.02951263923645
"2026-05-22T23:36:57.797Z","run_bootstrap",65,"http://client3:8000","run","http://client3:8000/run",1,TRUE,200,1105,254,3.53458428382874,"2026-05-22T23:36:54.258073Z","2026-05-22T23:36:57.792657Z",1779493014.25807,1779493017.79266,0.000732,0.000808,0.000829,3.520795,3.520924,3.519966,0.000128999999999824,3.5136,0.0209842838287355
"2026-05-22T23:37:01.368Z","run_bootstrap",66,"http://client1:8000","run","http://client1:8000/run",1,TRUE,200,1105,253,3.55335140228271,"2026-05-22T23:36:57.810632Z","2026-05-22T23:37:01.363984Z",1779493017.81063,1779493021.36398,0.000585,0.000693,0.000735,3.536033,3.536158,3.535298,0.000124999999999709,3.5285,0.0248514022827147
"2026-05-22T23:37:01.368Z","run_bootstrap",66,"http://client2:8000","run","http://client2:8000/run",1,TRUE,200,1105,251,3.52575707435608,"2026-05-22T23:36:57.811367Z","2026-05-22T23:37:01.337124Z",1779493017.81137,1779493021.33712,0.000672,0.00076,0.000787,3.508153,3.508278,3.507366,0.000124999999999709,3.5015,0.024257074356079
"2026-05-22T23:37:01.368Z","run_bootstrap",66,"http://client3:8000","run","http://client3:8000/run",1,TRUE,200,1105,254,3.52363085746765,"2026-05-22T23:36:57.812078Z","2026-05-22T23:37:01.335709Z",1779493017.81208,1779493021.33571,0.000522,0.000595,0.000628,3.502495,3.502625,3.501867,0.000129999999999963,3.4957,0.0279308574676516
"2026-05-22T23:37:05.133Z","run_bootstrap",67,"http://client1:8000","run","http://client1:8000/run",1,TRUE,200,1110,253,3.65592551231384,"2026-05-22T23:37:01.379992Z","2026-05-22T23:37:05.035918Z",1779493021.37999,1779493025.03592,0.000582,0.000697,0.000732,3.634962,3.635088,3.63423,0.000126000000000293,3.6281,0.0278255123138429
"2026-05-22T23:37:05.133Z","run_bootstrap",67,"http://client2:8000","run","http://client2:8000/run",1,TRUE,200,1110,252,3.7487370967865,"2026-05-22T23:37:01.380603Z","2026-05-22T23:37:05.129340Z",1779493021.3806,1779493025.12934,0.000357,0.00043,0.000461,3.727997,3.728116,3.727536,0.000119000000000202,3.7214,0.027337096786499
"2026-05-22T23:37:05.133Z","run_bootstrap",67,"http://client3:8000","run","http://client3:8000/run",1,TRUE,200,1110,253,3.43080925941467,"2026-05-22T23:37:01.381105Z","2026-05-22T23:37:04.811914Z",1779493021.38111,1779493024.81191,0.000661,0.000778,0.000817,3.411209,3.411348,3.410392,0.000138999999999889,3.4042,0.026609259414673
"2026-05-22T23:37:08.866Z","run_bootstrap",68,"http://client1:8000","run","http://client1:8000/run",1,TRUE,200,1110,252,3.35442709922791,"2026-05-22T23:37:05.147142Z","2026-05-22T23:37:08.501569Z",1779493025.14714,1779493028.50157,7e-04,0.000784,0.000821,3.341465,3.341598,3.340644,0.000132999999999939,3.334,0.0204270992279052
"2026-05-22T23:37:08.866Z","run_bootstrap",68,"http://client2:8000","run","http://client2:8000/run",1,TRUE,200,1110,252,3.71239256858826,"2026-05-22T23:37:05.148901Z","2026-05-22T23:37:08.861294Z",1779493025.1489,1779493028.86129,0.000553,0.000641,0.00068,3.695517,3.695646,3.694837,0.000128999999999824,3.6881,0.0242925685882569
"2026-05-22T23:37:08.866Z","run_bootstrap",68,"http://client3:8000","run","http://client3:8000/run",1,TRUE,200,1110,253,3.34572100639343,"2026-05-22T23:37:05.149377Z","2026-05-22T23:37:08.495098Z",1779493025.14938,1779493028.4951,0.000541,0.000631,0.000668,3.330036,3.330151,3.329368,0.000114999999999643,3.3231,0.0226210063934325
"2026-05-22T23:37:12.613Z","run_bootstrap",69,"http://client1:8000","run","http://client1:8000/run",1,TRUE,200,1108,253,3.57406115531921,"2026-05-22T23:37:08.877678Z","2026-05-22T23:37:12.451739Z",1779493028.87768,1779493032.45174,0.00052,0.000596,0.00062,3.558954,3.559107,3.558334,0.00015300000000007,3.5515,0.022561155319214
"2026-05-22T23:37:12.613Z","run_bootstrap",69,"http://client2:8000","run","http://client2:8000/run",1,TRUE,200,1108,252,3.51203894615173,"2026-05-22T23:37:08.878277Z","2026-05-22T23:37:12.390316Z",1779493028.87828,1779493032.39032,0.000518,0.000593,0.000615,3.497544,3.497676,3.496929,0.000131999999999799,3.4905,0.0215389461517335
"2026-05-22T23:37:12.613Z","run_bootstrap",69,"http://client3:8000","run","http://client3:8000/run",1,TRUE,200,1108,254,3.72734951972961,"2026-05-22T23:37:08.878859Z","2026-05-22T23:37:12.606208Z",1779493028.87886,1779493032.60621,0.000438,0.000511,0.000541,3.709407,3.709558,3.708866,0.00015099999999979,3.7024,0.0249495197296143
"2026-05-22T23:37:16.488Z","run_bootstrap",70,"http://client1:8000","run","http://client1:8000/run",1,TRUE,200,1108,253,3.68131494522095,"2026-05-22T23:37:12.632015Z","2026-05-22T23:37:16.313330Z",1779493032.63202,1779493036.31333,0.000446,0.000523,0.000556,3.665537,3.665647,3.664981,0.000109999999999832,3.6573,0.024014945220947
"2026-05-22T23:37:16.488Z","run_bootstrap",70,"http://client2:8000","run","http://client2:8000/run",1,TRUE,200,1108,252,3.66097712516785,"2026-05-22T23:37:12.632667Z","2026-05-22T23:37:16.293644Z",1779493032.63267,1779493036.29364,5e-04,0.000574,0.000605,3.643597,3.643757,3.642992,0.000159999999999716,3.6364,0.0245771251678466
"2026-05-22T23:37:16.488Z","run_bootstrap",70,"http://client3:8000","run","http://client3:8000/run",1,TRUE,200,1108,254,3.85059666633606,"2026-05-22T23:37:12.632671Z","2026-05-22T23:37:16.483268Z",1779493032.63267,1779493036.48327,0.000708,0.000794,0.000817,3.837014,3.837143,3.836197,0.000129000000000268,3.8299,0.0206966663360597
"2026-05-22T23:37:20.338Z","run_bootstrap",71,"http://client1:8000","run","http://client1:8000/run",1,TRUE,200,1109,251,3.55195879936218,"2026-05-22T23:37:16.498877Z","2026-05-22T23:37:20.050836Z",1779493036.49888,1779493040.05084,0.000625,0.000737,0.000867,3.537024,3.537114,3.536157,8.99999999997014e-05,3.5261,0.0258587993621826
"2026-05-22T23:37:20.338Z","run_bootstrap",71,"http://client2:8000","run","http://client2:8000/run",1,TRUE,200,1109,249,3.58312010765076,"2026-05-22T23:37:16.501404Z","2026-05-22T23:37:20.084524Z",1779493036.5014,1779493040.08452,0.000609,0.000725,0.000768,3.567062,3.567197,3.566294,0.000135000000000218,3.56,0.0231201076507568
"2026-05-22T23:37:20.338Z","run_bootstrap",71,"http://client3:8000","run","http://client3:8000/run",1,TRUE,200,1109,253,3.83171105384827,"2026-05-22T23:37:16.501812Z","2026-05-22T23:37:20.333523Z",1779493036.50181,1779493040.33352,0.000646,0.000724,0.000758,3.816205,3.816339,3.815447,0.000134000000000079,3.8093,0.0224110538482667
"2026-05-22T23:37:24.101Z","run_bootstrap",72,"http://client1:8000","run","http://client1:8000/run",1,TRUE,200,1109,251,3.6659529209137,"2026-05-22T23:37:20.351589Z","2026-05-22T23:37:24.017542Z",1779493040.35159,1779493044.01754,0.000622,0.000726,0.000775,3.643309,3.643418,3.642534,0.000109000000000137,3.6349,0.0310529209136963
"2026-05-22T23:37:24.101Z","run_bootstrap",72,"http://client2:8000","run","http://client2:8000/run",1,TRUE,200,1109,251,3.74586057662964,"2026-05-22T23:37:20.352216Z","2026-05-22T23:37:24.098077Z",1779493040.35222,1779493044.09808,0.000542,0.000652,0.000704,3.724648,3.724771,3.723944,0.000122999999999873,3.7175,0.0283605766296389
"2026-05-22T23:37:24.101Z","run_bootstrap",72,"http://client3:8000","run","http://client3:8000/run",1,TRUE,200,1109,253,3.59210538864136,"2026-05-22T23:37:20.352880Z","2026-05-22T23:37:23.944986Z",1779493040.35288,1779493043.94499,0.00055,0.000653,0.000697,3.566728,3.566859,3.566031,0.000131000000000103,3.5592,0.0329053886413573
"2026-05-22T23:37:27.998Z","run_bootstrap",73,"http://client1:8000","run","http://client1:8000/run",1,TRUE,200,1106,252,3.87851929664612,"2026-05-22T23:37:24.115449Z","2026-05-22T23:37:27.993968Z",1779493044.11545,1779493047.99397,0.000603,0.000711,0.000747,3.861668,3.861794,3.860921,0.000126000000000293,3.854,0.0245192966461181
"2026-05-22T23:37:27.998Z","run_bootstrap",73,"http://client2:8000","run","http://client2:8000/run",1,TRUE,200,1106,250,3.4843738079071,"2026-05-22T23:37:24.115157Z","2026-05-22T23:37:27.599531Z",1779493044.11516,1779493047.59953,0.000766,0.000884,0.000918,3.470243,3.470393,3.469325,0.000150000000000095,3.4519,0.0324738079071043
"2026-05-22T23:37:27.998Z","run_bootstrap",73,"http://client3:8000","run","http://client3:8000/run",1,TRUE,200,1106,253,3.60893964767456,"2026-05-22T23:37:24.116629Z","2026-05-22T23:37:27.725569Z",1779493044.11663,1779493047.72557,0.000624,0.000732,0.000768,3.593126,3.593282,3.592358,0.000156000000000045,3.5747,0.0342396476745606
"2026-05-22T23:37:31.757Z","run_bootstrap",74,"http://client1:8000","run","http://client1:8000/run",1,TRUE,200,1106,253,3.73632073402405,"2026-05-22T23:37:28.016191Z","2026-05-22T23:37:31.752512Z",1779493048.01619,1779493051.75251,0.000813,0.000892,0.000923,3.722886,3.722994,3.721963,0.000107999999999997,3.7154,0.020920734024048
"2026-05-22T23:37:31.757Z","run_bootstrap",74,"http://client2:8000","run","http://client2:8000/run",1,TRUE,200,1106,249,3.73362803459167,"2026-05-22T23:37:28.017170Z","2026-05-22T23:37:31.750798Z",1779493048.01717,1779493051.7508,0.000667,0.000747,0.00077,3.720995,3.721138,3.720225,0.000143000000000004,3.714,0.0196280345916748
"2026-05-22T23:37:31.757Z","run_bootstrap",74,"http://client3:8000","run","http://client3:8000/run",1,TRUE,200,1106,253,3.38464403152466,"2026-05-22T23:37:28.017896Z","2026-05-22T23:37:31.402540Z",1779493048.0179,1779493051.40254,0.00067,0.00075,0.000781,3.371939,3.3721,3.371158,0.0001610000000003,3.3608,0.0238440315246584
"2026-05-22T23:37:35.639Z","run_bootstrap",75,"http://client1:8000","run","http://client1:8000/run",1,TRUE,200,1109,253,3.84761476516724,"2026-05-22T23:37:31.768440Z","2026-05-22T23:37:35.616055Z",1779493051.76844,1779493055.61606,0.000358,0.000433,0.000456,3.834219,3.834349,3.833763,0.000129999999999963,3.8267,0.0209147651672361
"2026-05-22T23:37:35.639Z","run_bootstrap",75,"http://client2:8000","run","http://client2:8000/run",1,TRUE,200,1109,253,3.69748044013977,"2026-05-22T23:37:31.768940Z","2026-05-22T23:37:35.466420Z",1779493051.76894,1779493055.46642,0.000469,0.000544,0.000578,3.679652,3.679787,3.679074,0.000135000000000218,3.6715,0.0259804401397705
"2026-05-22T23:37:35.639Z","run_bootstrap",75,"http://client3:8000","run","http://client3:8000/run",1,TRUE,200,1109,253,3.86591649055481,"2026-05-22T23:37:31.768756Z","2026-05-22T23:37:35.634672Z",1779493051.76876,1779493055.63467,0.00055,0.000609,0.000631,3.852877,3.852985,3.852246,0.000107999999999997,3.8454,0.0205164905548094
"2026-05-22T23:37:39.537Z","run_bootstrap",76,"http://client1:8000","run","http://client1:8000/run",1,TRUE,200,1109,253,3.88063812255859,"2026-05-22T23:37:35.651950Z","2026-05-22T23:37:39.532588Z",1779493055.65195,1779493059.53259,0.000584,0.000671,0.000703,3.85878,3.858893,3.858077,0.000113000000000252,3.8515,0.0291381225585936
"2026-05-22T23:37:39.537Z","run_bootstrap",76,"http://client2:8000","run","http://client2:8000/run",1,TRUE,200,1109,253,3.62501978874207,"2026-05-22T23:37:35.652594Z","2026-05-22T23:37:39.277614Z",1779493055.65259,1779493059.27761,0.000408,0.000475,0.000506,3.60322,3.603351,3.602714,0.000131000000000103,3.5953,0.0297197887420655
"2026-05-22T23:37:39.537Z","run_bootstrap",76,"http://client3:8000","run","http://client3:8000/run",1,TRUE,200,1109,253,3.64051294326782,"2026-05-22T23:37:35.651748Z","2026-05-22T23:37:39.292261Z",1779493055.65175,1779493059.29226,0.000546,0.000646,0.00068,3.625868,3.62598,3.625188,0.000112000000000112,3.6175,0.0230129432678221
"2026-05-22T23:37:43.461Z","run_bootstrap",77,"http://client1:8000","run","http://client1:8000/run",1,TRUE,200,1107,250,3.9080970287323,"2026-05-22T23:37:39.549070Z","2026-05-22T23:37:43.457167Z",1779493059.54907,1779493063.45717,0.000721,0.000838,0.000879,3.893623,3.893767,3.892744,0.000144000000000144,3.879,0.0290970287322998
"2026-05-22T23:37:43.461Z","run_bootstrap",77,"http://client2:8000","run","http://client2:8000/run",1,TRUE,200,1107,250,3.86891460418701,"2026-05-22T23:37:39.550960Z","2026-05-22T23:37:43.419875Z",1779493059.55096,1779493063.41988,0.000539,0.000652,0.000699,3.847595,3.847838,3.846896,0.000242999999999771,3.8392,0.0297146041870118
"2026-05-22T23:37:43.461Z","run_bootstrap",77,"http://client3:8000","run","http://client3:8000/run",1,TRUE,200,1107,253,3.60808420181274,"2026-05-22T23:37:39.551501Z","2026-05-22T23:37:43.159586Z",1779493059.5515,1779493063.15959,0.000522,0.000629,0.000671,3.590674,3.590818,3.590003,0.000144000000000144,3.5837,0.0243842018127443
"2026-05-22T23:37:47.382Z","run_bootstrap",78,"http://client1:8000","run","http://client1:8000/run",1,TRUE,200,1107,251,3.70920586585999,"2026-05-22T23:37:43.473570Z","2026-05-22T23:37:47.182776Z",1779493063.47357,1779493067.18278,0.000676,0.000784,0.000819,3.692194,3.692316,3.691375,0.000121999999999733,3.6826,0.0266058658599855
"2026-05-22T23:37:47.382Z","run_bootstrap",78,"http://client2:8000","run","http://client2:8000/run",1,TRUE,200,1107,250,3.90115141868591,"2026-05-22T23:37:43.475148Z","2026-05-22T23:37:47.376299Z",1779493063.47515,1779493067.3763,0.000728,0.000838,0.000873,3.881302,3.881453,3.880429,0.000151000000000234,3.8741,0.0270514186859132
"2026-05-22T23:37:47.382Z","run_bootstrap",78,"http://client3:8000","run","http://client3:8000/run",1,TRUE,200,1107,253,3.68691825866699,"2026-05-22T23:37:43.475680Z","2026-05-22T23:37:47.162598Z",1779493063.47568,1779493067.1626,0.000535,0.000646,0.000683,3.666865,3.666949,3.666182,8.39999999997509e-05,3.6597,0.0272182586669922
"2026-05-22T23:37:51.289Z","run_bootstrap",79,"http://client1:8000","run","http://client1:8000/run",1,TRUE,200,1110,251,3.88898873329163,"2026-05-22T23:37:47.395551Z","2026-05-22T23:37:51.284540Z",1779493067.39555,1779493071.28454,0.000663,0.000768,0.000808,3.875259,3.875412,3.874451,0.00015300000000007,3.8674,0.021588733291626
"2026-05-22T23:37:51.289Z","run_bootstrap",79,"http://client2:8000","run","http://client2:8000/run",1,TRUE,200,1110,253,3.86930847167969,"2026-05-22T23:37:47.397351Z","2026-05-22T23:37:51.266659Z",1779493067.39735,1779493071.26666,0.000631,0.000739,0.000786,3.856578,3.856723,3.855792,0.000145000000000284,3.8491,0.0202084716796875
"2026-05-22T23:37:51.289Z","run_bootstrap",79,"http://client3:8000","run","http://client3:8000/run",1,TRUE,200,1110,252,3.61215662956238,"2026-05-22T23:37:47.397720Z","2026-05-22T23:37:51.009876Z",1779493067.39772,1779493071.00988,0.000505,0.000621,0.000663,3.593844,3.593979,3.593181,0.000135000000000218,3.5865,0.0256566295623779
"2026-05-22T23:37:55.328Z","run_bootstrap",80,"http://client1:8000","run","http://client1:8000/run",1,TRUE,200,1110,251,3.76302051544189,"2026-05-22T23:37:51.300638Z","2026-05-22T23:37:55.063659Z",1779493071.30064,1779493075.06366,0.000734,0.000816,0.000839,3.74916,3.74929,3.748321,0.000129999999999963,3.5947,0.168320515441895
"2026-05-22T23:37:55.328Z","run_bootstrap",80,"http://client2:8000","run","http://client2:8000/run",1,TRUE,200,1110,253,3.78485608100891,"2026-05-22T23:37:51.302300Z","2026-05-22T23:37:55.087156Z",1779493071.3023,1779493075.08716,0.000402,0.000482,0.000515,3.772082,3.772193,3.771567,0.000110999999999972,3.6072,0.177656081008911
"2026-05-22T23:37:55.328Z","run_bootstrap",80,"http://client3:8000","run","http://client3:8000/run",1,TRUE,200,1110,252,4.02120018005371,"2026-05-22T23:37:51.302995Z","2026-05-22T23:37:55.324195Z",1779493071.303,1779493075.3242,0.000555,0.000635,0.000665,4.008911,4.009161,4.008246,0.000249999999999417,3.8572,0.164000180053711
"2026-05-22T23:37:59.179Z","run_bootstrap",81,"http://client1:8000","run","http://client1:8000/run",1,TRUE,200,1109,253,3.55599045753479,"2026-05-22T23:37:55.340473Z","2026-05-22T23:37:58.896464Z",1779493075.34047,1779493078.89646,0.000652,0.000755,0.000794,3.539998,3.540087,3.539204,8.90000000000057e-05,3.5332,0.0227904575347901
"2026-05-22T23:37:59.179Z","run_bootstrap",81,"http://client2:8000","run","http://client2:8000/run",1,TRUE,200,1109,252,3.83366680145264,"2026-05-22T23:37:55.341094Z","2026-05-22T23:37:59.174760Z",1779493075.34109,1779493079.17476,0.000653,0.000767,0.000807,3.816329,3.816457,3.815522,0.000128000000000128,3.8101,0.0235668014526369
"2026-05-22T23:37:59.179Z","run_bootstrap",81,"http://client3:8000","run","http://client3:8000/run",1,TRUE,200,1109,253,3.80242276191711,"2026-05-22T23:37:55.341960Z","2026-05-22T23:37:59.144383Z",1779493075.34196,1779493079.14438,0.000523,0.000594,0.000628,3.781537,3.781697,3.780909,0.000159999999999716,3.7754,0.0270227619171144
"2026-05-22T23:38:03.190Z","run_bootstrap",82,"http://client1:8000","run","http://client1:8000/run",1,TRUE,200,1109,253,3.83362007141113,"2026-05-22T23:37:59.193107Z","2026-05-22T23:38:03.026727Z",1779493079.19311,1779493083.02673,0.000563,0.000685,0.000736,3.819215,3.819356,3.818479,0.000141000000000169,3.8121,0.0215200714111328
"2026-05-22T23:38:03.190Z","run_bootstrap",82,"http://client2:8000","run","http://client2:8000/run",1,TRUE,200,1109,252,3.99249529838562,"2026-05-22T23:37:59.193680Z","2026-05-22T23:38:03.186175Z",1779493079.19368,1779493083.18618,0.000559,0.000679,0.000731,3.979008,3.979135,3.978277,0.000126999999999988,3.9718,0.0206952983856201
"2026-05-22T23:38:03.190Z","run_bootstrap",82,"http://client3:8000","run","http://client3:8000/run",1,TRUE,200,1109,253,3.75120568275452,"2026-05-22T23:37:59.192671Z","2026-05-22T23:38:02.943877Z",1779493079.19267,1779493082.94388,0.000704,0.00081,0.000858,3.736246,3.736386,3.735388,0.000140000000000029,3.7282,0.0230056827545164
"2026-05-22T23:38:07.109Z","run_bootstrap",83,"http://client1:8000","run","http://client1:8000/run",1,TRUE,200,1109,253,3.82564115524292,"2026-05-22T23:38:03.201802Z","2026-05-22T23:38:07.027444Z",1779493083.2018,1779493087.02744,0.000674,0.000778,0.000812,3.812007,3.812114,3.811195,0.000106999999999857,3.8043,0.0213411552429199
"2026-05-22T23:38:07.109Z","run_bootstrap",83,"http://client2:8000","run","http://client2:8000/run",1,TRUE,200,1109,252,3.89483737945557,"2026-05-22T23:38:03.204272Z","2026-05-22T23:38:07.099109Z",1779493083.20427,1779493087.09911,0.00045,0.000533,0.000563,3.879095,3.87924,3.878532,0.00014499999999984,3.8724,0.0224373794555666
"2026-05-22T23:38:07.109Z","run_bootstrap",83,"http://client3:8000","run","http://client3:8000/run",1,TRUE,200,1109,254,3.79670786857605,"2026-05-22T23:38:03.204671Z","2026-05-22T23:38:07.001379Z",1779493083.20467,1779493087.00138,0.000373,0.000454,0.000479,3.781592,3.781733,3.781113,0.000141000000000169,3.7746,0.0221078685760498
"2026-05-22T23:38:11.211Z","run_bootstrap",84,"http://client1:8000","run","http://client1:8000/run",1,TRUE,200,1109,253,3.75983166694641,"2026-05-22T23:38:07.124308Z","2026-05-22T23:38:10.884140Z",1779493087.12431,1779493090.88414,0.000718,0.000846,0.000884,3.741779,3.741988,3.740895,0.000208999999999904,3.7325,0.0273316669464112
"2026-05-22T23:38:11.211Z","run_bootstrap",84,"http://client2:8000","run","http://client2:8000/run",1,TRUE,200,1109,252,3.91322875022888,"2026-05-22T23:38:07.123710Z","2026-05-22T23:38:11.036938Z",1779493087.12371,1779493091.03694,0.000579,0.000691,0.000726,3.899639,3.899747,3.898913,0.000107999999999997,3.8908,0.0224287502288818
"2026-05-22T23:38:11.211Z","run_bootstrap",84,"http://client3:8000","run","http://client3:8000/run",1,TRUE,200,1109,254,4.07894396781921,"2026-05-22T23:38:07.125355Z","2026-05-22T23:38:11.204299Z",1779493087.12536,1779493091.2043,0.000733,0.000832,0.000867,4.062074,4.062221,4.061207,0.000147000000000119,4.0552,0.0237439678192137
"2026-05-22T23:38:15.147Z","run_bootstrap",85,"http://client1:8000","run","http://client1:8000/run",1,TRUE,200,1107,248,3.81616258621216,"2026-05-22T23:38:11.223031Z","2026-05-22T23:38:15.039194Z",1779493091.22303,1779493095.03919,0.000577,0.000648,0.000679,3.796023,3.796149,3.795344,0.000126000000000293,3.7883,0.0278625862121582
"2026-05-22T23:38:15.147Z","run_bootstrap",85,"http://client2:8000","run","http://client2:8000/run",1,TRUE,200,1107,253,3.91717648506165,"2026-05-22T23:38:11.222705Z","2026-05-22T23:38:15.139882Z",1779493091.22271,1779493095.13988,0.000546,0.000653,0.000688,3.903373,3.903499,3.902685,0.000125999999999848,3.8962,0.0209764850616456
"2026-05-22T23:38:15.147Z","run_bootstrap",85,"http://client3:8000","run","http://client3:8000/run",1,TRUE,200,1107,253,3.83269309997559,"2026-05-22T23:38:11.223770Z","2026-05-22T23:38:15.056463Z",1779493091.22377,1779493095.05646,0.000565,0.000672,0.000708,3.818654,3.818787,3.817946,0.000132999999999939,3.8115,0.0211930999755858
"2026-05-22T23:38:18.815Z","run_bootstrap",86,"http://client1:8000","run","http://client1:8000/run",1,TRUE,200,1107,248,3.6506986618042,"2026-05-22T23:38:15.160747Z","2026-05-22T23:38:18.811445Z",1779493095.16075,1779493098.81145,0.000501,0.000592,0.000614,3.637054,3.637169,3.63644,0.000115000000000087,3.6286,0.0220986618041992
"2026-05-22T23:38:18.815Z","run_bootstrap",86,"http://client2:8000","run","http://client2:8000/run",1,TRUE,200,1107,253,3.5972044467926,"2026-05-22T23:38:15.160918Z","2026-05-22T23:38:18.758122Z",1779493095.16092,1779493098.75812,0.00052,0.000591,0.000613,3.583671,3.5838,3.583058,0.000129000000000268,3.5771,0.0201044467926024
"2026-05-22T23:38:18.815Z","run_bootstrap",86,"http://client3:8000","run","http://client3:8000/run",1,TRUE,200,1107,253,3.62324261665344,"2026-05-22T23:38:15.161217Z","2026-05-22T23:38:18.784460Z",1779493095.16122,1779493098.78446,0.000548,0.000602,0.000632,3.609996,3.610131,3.609364,0.000134999999999774,3.6033,0.0199426166534424
"2026-05-22T23:38:22.493Z","run_bootstrap",87,"http://client1:8000","run","http://client1:8000/run",1,TRUE,200,1110,252,3.66237664222717,"2026-05-22T23:38:18.826870Z","2026-05-22T23:38:22.489246Z",1779493098.82687,1779493102.48925,0.000569,0.000646,0.000668,3.648441,3.648615,3.647773,0.000173999999999896,3.6318,0.0305766422271727
"2026-05-22T23:38:22.493Z","run_bootstrap",87,"http://client2:8000","run","http://client2:8000/run",1,TRUE,200,1110,252,3.44103217124939,"2026-05-22T23:38:18.827603Z","2026-05-22T23:38:22.268635Z",1779493098.8276,1779493102.26864,0.000665,0.000743,0.000774,3.427547,3.427663,3.426773,0.000115999999999783,3.4199,0.0211321712493895
"2026-05-22T23:38:22.493Z","run_bootstrap",87,"http://client3:8000","run","http://client3:8000/run",1,TRUE,200,1110,252,3.49202489852905,"2026-05-22T23:38:18.828863Z","2026-05-22T23:38:22.320888Z",1779493098.82886,1779493102.32089,0.00052,0.000629,0.000664,3.478123,3.478212,3.477459,8.90000000000057e-05,3.4707,0.0213248985290528
"2026-05-22T23:38:26.109Z","run_bootstrap",88,"http://client1:8000","run","http://client1:8000/run",1,TRUE,200,1110,252,3.34539365768433,"2026-05-22T23:38:22.506064Z","2026-05-22T23:38:25.851457Z",1779493102.50606,1779493105.85146,0.000481,0.00059,0.000628,3.330616,3.330746,3.329988,0.000129999999999963,3.3237,0.0216936576843261
"2026-05-22T23:38:26.109Z","run_bootstrap",88,"http://client2:8000","run","http://client2:8000/run",1,TRUE,200,1110,252,3.59704518318176,"2026-05-22T23:38:22.507870Z","2026-05-22T23:38:26.104915Z",1779493102.50787,1779493106.10492,0.000504,0.000595,0.000627,3.583544,3.583749,3.582917,0.000205000000000233,3.5756,0.0214451831817626
"2026-05-22T23:38:26.109Z","run_bootstrap",88,"http://client3:8000","run","http://client3:8000/run",1,TRUE,200,1110,252,3.51791620254517,"2026-05-22T23:38:22.506933Z","2026-05-22T23:38:26.024849Z",1779493102.50693,1779493106.02485,0.000629,0.000722,0.000754,3.504786,3.504977,3.504032,0.000190999999999608,3.4977,0.020216202545166
"2026-05-22T23:38:29.657Z","run_bootstrap",89,"http://client1:8000","run","http://client1:8000/run",1,TRUE,200,1109,252,3.41531705856323,"2026-05-22T23:38:26.120446Z","2026-05-22T23:38:29.535763Z",1779493106.12045,1779493109.53576,0.000618,0.000677,0.000696,3.397465,3.397587,3.396769,0.000122000000000178,3.3903,0.0250170585632326
"2026-05-22T23:38:29.657Z","run_bootstrap",89,"http://client2:8000","run","http://client2:8000/run",1,TRUE,200,1109,252,3.47243976593018,"2026-05-22T23:38:26.121327Z","2026-05-22T23:38:29.593767Z",1779493106.12133,1779493109.59377,0.000518,0.000608,0.00063,3.45549,3.455601,3.45486,0.000110999999999972,3.4477,0.0247397659301756
"2026-05-22T23:38:29.657Z","run_bootstrap",89,"http://client3:8000","run","http://client3:8000/run",1,TRUE,200,1109,253,3.52721476554871,"2026-05-22T23:38:26.123031Z","2026-05-22T23:38:29.650245Z",1779493106.12303,1779493109.65025,0.000577,0.000651,0.000682,3.509877,3.510032,3.509195,0.000154999999999905,3.503,0.0242147655487059
"2026-05-22T23:38:33.361Z","run_bootstrap",90,"http://client1:8000","run","http://client1:8000/run",1,TRUE,200,1109,252,3.44303917884827,"2026-05-22T23:38:29.678401Z","2026-05-22T23:38:33.121441Z",1779493109.6784,1779493113.12144,0.000609,0.000743,0.000783,3.428588,3.428705,3.427805,0.000116999999999923,3.4205,0.0225391788482665
"2026-05-22T23:38:33.361Z","run_bootstrap",90,"http://client2:8000","run","http://client2:8000/run",1,TRUE,200,1109,252,3.67460989952087,"2026-05-22T23:38:29.679139Z","2026-05-22T23:38:33.353749Z",1779493109.67914,1779493113.35375,0.000402,0.000459,0.000478,3.657066,3.657204,3.656588,0.000138000000000194,3.6503,0.0243098995208739
"2026-05-22T23:38:33.361Z","run_bootstrap",90,"http://client3:8000","run","http://client3:8000/run",1,TRUE,200,1109,254,2.8689181804657,"2026-05-22T23:38:29.680094Z","2026-05-22T23:38:32.549012Z",1779493109.68009,1779493112.54901,0.000392,0.000453,0.000476,2.852395,2.852485,2.851919,9.00000000001455e-05,2.8428,0.0261181804656982
"2026-05-22T23:38:37.062Z","run_bootstrap",91,"http://client1:8000","run","http://client1:8000/run",1,TRUE,200,1108,251,3.43408465385437,"2026-05-22T23:38:33.371348Z","2026-05-22T23:38:36.805433Z",1779493113.37135,1779493116.80543,0.000766,0.000886,0.000921,3.419859,3.42,3.418938,0.000140999999999725,3.412,0.0220846538543702
"2026-05-22T23:38:37.062Z","run_bootstrap",91,"http://client2:8000","run","http://client2:8000/run",1,TRUE,200,1108,249,3.65603494644165,"2026-05-22T23:38:33.372783Z","2026-05-22T23:38:37.028818Z",1779493113.37278,1779493117.02882,0.000654,0.00075,0.000782,3.641387,3.641523,3.640605,0.000135999999999914,3.6345,0.0215349464416503
"2026-05-22T23:38:37.062Z","run_bootstrap",91,"http://client3:8000","run","http://client3:8000/run",1,TRUE,200,1108,254,3.68416142463684,"2026-05-22T23:38:33.373315Z","2026-05-22T23:38:37.057477Z",1779493113.37332,1779493117.05748,0.000555,0.000631,0.000661,3.670021,3.670178,3.66936,0.000156999999999741,3.6621,0.0220614246368407
"2026-05-22T23:38:40.691Z","run_bootstrap",92,"http://client1:8000","run","http://client1:8000/run",1,TRUE,200,1108,251,3.61069989204407,"2026-05-22T23:38:37.074322Z","2026-05-22T23:38:40.685022Z",1779493117.07432,1779493120.68502,0.000598,0.000699,0.000736,3.596185,3.596333,3.595449,0.000147999999999815,3.589,0.0216998920440674
"2026-05-22T23:38:40.691Z","run_bootstrap",92,"http://client2:8000","run","http://client2:8000/run",1,TRUE,200,1108,249,3.52294301986694,"2026-05-22T23:38:37.076241Z","2026-05-22T23:38:40.599184Z",1779493117.07624,1779493120.59918,0.000396,0.000463,0.000495,3.503944,3.504078,3.503449,0.000133999999999634,3.4961,0.0268430198669432
"2026-05-22T23:38:40.691Z","run_bootstrap",92,"http://client3:8000","run","http://client3:8000/run",1,TRUE,200,1108,252,3.49885392189026,"2026-05-22T23:38:37.076727Z","2026-05-22T23:38:40.575581Z",1779493117.07673,1779493120.57558,0.000525,0.000603,0.000635,3.480486,3.480628,3.479851,0.000141999999999864,3.47,0.0288539218902586
"2026-05-22T23:38:44.444Z","run_bootstrap",93,"http://client1:8000","run","http://client1:8000/run",1,TRUE,200,1110,252,3.48218321800232,"2026-05-22T23:38:40.702349Z","2026-05-22T23:38:44.184532Z",1779493120.70235,1779493124.18453,0.000598,0.000679,7e-04,3.467842,3.46799,3.467142,0.000147999999999815,3.4607,0.0214832180023192
"2026-05-22T23:38:44.444Z","run_bootstrap",93,"http://client2:8000","run","http://client2:8000/run",1,TRUE,200,1110,253,3.73412466049194,"2026-05-22T23:38:40.703292Z","2026-05-22T23:38:44.437416Z",1779493120.70329,1779493124.43742,0.000656,0.000715,0.000734,3.713012,3.713174,3.712278,0.000161999999999995,3.7063,0.0278246604919432
"2026-05-22T23:38:44.444Z","run_bootstrap",93,"http://client3:8000","run","http://client3:8000/run",1,TRUE,200,1110,254,3.48707699775696,"2026-05-22T23:38:40.702470Z","2026-05-22T23:38:44.189547Z",1779493120.70247,1779493124.18955,0.000767,8e-04,0.000813,3.472308,3.472455,3.471495,0.000147000000000119,3.4652,0.0218769977569582
"2026-05-22T23:38:48.266Z","run_bootstrap",94,"http://client1:8000","run","http://client1:8000/run",1,TRUE,200,1110,252,3.51329612731934,"2026-05-22T23:38:44.464109Z","2026-05-22T23:38:47.977405Z",1779493124.46411,1779493127.97741,0.000613,0.000725,0.000762,3.498609,3.498745,3.497847,0.000135999999999914,3.4901,0.023196127319336
"2026-05-22T23:38:48.266Z","run_bootstrap",94,"http://client2:8000","run","http://client2:8000/run",1,TRUE,200,1110,252,3.78925156593323,"2026-05-22T23:38:44.465159Z","2026-05-22T23:38:48.254410Z",1779493124.46516,1779493128.25441,0.000505,0.000591,0.000623,3.771691,3.77183,3.771068,0.000138999999999889,3.765,0.0242515659332274
"2026-05-22T23:38:48.266Z","run_bootstrap",94,"http://client3:8000","run","http://client3:8000/run",1,TRUE,200,1110,254,3.77529001235962,"2026-05-22T23:38:44.465700Z","2026-05-22T23:38:48.240990Z",1779493124.4657,1779493128.24099,0.000416,0.000524,0.000561,3.757353,3.757485,3.756792,0.000131999999999799,3.7504,0.0248900123596192
"2026-05-22T23:38:52.112Z","run_bootstrap",95,"http://client1:8000","run","http://client1:8000/run",1,TRUE,200,1108,254,3.77443051338196,"2026-05-22T23:38:48.330980Z","2026-05-22T23:38:52.105411Z",1779493128.33098,1779493132.10541,0.000603,0.000713,0.000749,3.761061,3.761169,3.760312,0.000107999999999997,3.7527,0.0217305133819581
"2026-05-22T23:38:52.112Z","run_bootstrap",95,"http://client2:8000","run","http://client2:8000/run",1,TRUE,200,1108,250,3.56570363044739,"2026-05-22T23:38:48.333108Z","2026-05-22T23:38:51.898812Z",1779493128.33311,1779493131.89881,0.000771,0.000881,0.000918,3.546448,3.546588,3.54553,0.000140000000000029,3.5386,0.0271036304473875
"2026-05-22T23:38:52.112Z","run_bootstrap",95,"http://client3:8000","run","http://client3:8000/run",1,TRUE,200,1108,252,3.53730130195618,"2026-05-22T23:38:48.333640Z","2026-05-22T23:38:51.870941Z",1779493128.33364,1779493131.87094,0.000683,0.000791,0.000826,3.523544,3.523692,3.522718,0.000148000000000259,3.516,0.0213013019561767
"2026-05-22T23:38:55.832Z","run_bootstrap",96,"http://client1:8000","run","http://client1:8000/run",1,TRUE,200,1108,254,3.70120453834534,"2026-05-22T23:38:52.124890Z","2026-05-22T23:38:55.826094Z",1779493132.12489,1779493135.82609,0.00053,0.000623,0.000656,3.680358,3.680456,3.679702,9.79999999999315e-05,3.6732,0.0280045383453369
"2026-05-22T23:38:55.832Z","run_bootstrap",96,"http://client2:8000","run","http://client2:8000/run",1,TRUE,200,1108,250,3.66795635223389,"2026-05-22T23:38:52.125262Z","2026-05-22T23:38:55.793218Z",1779493132.12526,1779493135.79322,0.000496,0.000605,0.00064,3.646789,3.646936,3.646149,0.000147000000000119,3.6402,0.0277563522338866
"2026-05-22T23:38:55.832Z","run_bootstrap",96,"http://client3:8000","run","http://client3:8000/run",1,TRUE,200,1108,251,3.64071488380432,"2026-05-22T23:38:52.124528Z","2026-05-22T23:38:55.765243Z",1779493132.12453,1779493135.76524,0.000695,0.00081,0.000846,3.626925,3.627064,3.626079,0.000138999999999889,3.62,0.0207148838043212
"2026-05-22T23:38:59.722Z","run_bootstrap",97,"http://client1:8000","run","http://client1:8000/run",1,TRUE,200,1108,258,3.87275910377502,"2026-05-22T23:38:55.843761Z","2026-05-22T23:38:59.716520Z",1779493135.84376,1779493139.71652,0.000591,0.000695,0.000729,3.852913,3.853004,3.852184,9.09999999998412e-05,3.8458,0.0269591037750243
"2026-05-22T23:38:59.722Z","run_bootstrap",97,"http://client2:8000","run","http://client2:8000/run",1,TRUE,200,1108,256,3.6441433429718,"2026-05-22T23:38:55.844335Z","2026-05-22T23:38:59.488479Z",1779493135.84434,1779493139.48848,0.00044,0.000506,0.000537,3.62317,3.623299,3.622633,0.000128999999999824,3.6069,0.0372433429718018
"2026-05-22T23:38:59.722Z","run_bootstrap",97,"http://client3:8000","run","http://client3:8000/run",1,TRUE,200,1108,251,3.57964277267456,"2026-05-22T23:38:55.844883Z","2026-05-22T23:38:59.424526Z",1779493135.84488,1779493139.42453,0.000512,0.000614,0.000648,3.560204,3.560345,3.559556,0.000140999999999725,3.5432,0.0364427726745604
"2026-05-22T23:39:03.449Z","run_bootstrap",98,"http://client1:8000","run","http://client1:8000/run",1,TRUE,200,1108,257,3.70798969268799,"2026-05-22T23:38:59.736764Z","2026-05-22T23:39:03.444754Z",1779493139.73676,1779493143.44475,0.000505,0.000614,0.00065,3.686568,3.68669,3.685918,0.000122000000000178,3.679,0.0289896926879885
"2026-05-22T23:39:03.449Z","run_bootstrap",98,"http://client2:8000","run","http://client2:8000/run",1,TRUE,200,1108,256,3.69744873046875,"2026-05-22T23:38:59.737209Z","2026-05-22T23:39:03.434658Z",1779493139.73721,1779493143.43466,0.000504,0.000595,0.000631,3.675465,3.675609,3.674834,0.000144000000000144,3.6685,0.0289487304687501
"2026-05-22T23:39:03.449Z","run_bootstrap",98,"http://client3:8000","run","http://client3:8000/run",1,TRUE,200,1108,251,3.6598904132843,"2026-05-22T23:38:59.737521Z","2026-05-22T23:39:03.397412Z",1779493139.73752,1779493143.39741,0.000712,0.000838,0.000875,3.639183,3.639332,3.638308,0.000148999999999955,3.6318,0.0280904132843016
"2026-05-22T23:39:07.227Z","run_bootstrap",99,"http://client1:8000","run","http://client1:8000/run",1,TRUE,200,1108,257,3.75874733924866,"2026-05-22T23:39:03.462092Z","2026-05-22T23:39:07.220840Z",1779493143.46209,1779493147.22084,0.000644,0.000762,0.000799,3.7438,3.743979,3.743001,0.000179000000000151,3.7356,0.0231473392486574
"2026-05-22T23:39:07.227Z","run_bootstrap",99,"http://client2:8000","run","http://client2:8000/run",1,TRUE,200,1108,252,3.42718839645386,"2026-05-22T23:39:03.462549Z","2026-05-22T23:39:06.889738Z",1779493143.46255,1779493146.88974,0.000491,0.000606,0.000643,3.411376,3.411536,3.410733,0.000159999999999716,3.4041,0.0230883964538573
"2026-05-22T23:39:07.227Z","run_bootstrap",99,"http://client3:8000","run","http://client3:8000/run",1,TRUE,200,1108,253,3.67788696289062,"2026-05-22T23:39:03.463242Z","2026-05-22T23:39:07.141129Z",1779493143.46324,1779493147.14113,0.000415,0.000507,0.000542,3.662196,3.662351,3.661654,0.000155000000000349,3.6553,0.022586962890625
"2026-05-22T23:39:11.080Z","run_bootstrap",100,"http://client1:8000","run","http://client1:8000/run",1,TRUE,200,1108,257,3.76513648033142,"2026-05-22T23:39:07.239925Z","2026-05-22T23:39:11.005062Z",1779493147.23993,1779493151.00506,0.00068,0.000789,0.000824,3.747743,3.747861,3.746919,0.000118000000000062,3.5895,0.175636480331421
"2026-05-22T23:39:11.080Z","run_bootstrap",100,"http://client2:8000","run","http://client2:8000/run",1,TRUE,200,1108,252,3.83474445343018,"2026-05-22T23:39:07.241767Z","2026-05-22T23:39:11.076511Z",1779493147.24177,1779493151.07651,0.000564,0.000662,0.000696,3.817976,3.818129,3.81728,0.00015300000000007,3.6598,0.174944453430176
"2026-05-22T23:39:11.080Z","run_bootstrap",100,"http://client3:8000","run","http://client3:8000/run",1,TRUE,200,1108,253,3.72469854354858,"2026-05-22T23:39:07.241911Z","2026-05-22T23:39:10.966609Z",1779493147.24191,1779493150.96661,0.000639,0.000719,0.000751,3.707993,3.70815,3.707242,0.000156999999999741,3.5611,0.163598543548584
"2026-05-22T23:39:14.741Z","run_bootstrap",101,"http://client1:8000","run","http://client1:8000/run",1,TRUE,200,1109,253,3.64008092880249,"2026-05-22T23:39:11.093603Z","2026-05-22T23:39:14.733684Z",1779493151.0936,1779493154.73368,0.000601,0.000714,0.000753,3.626448,3.626569,3.625695,0.000121000000000038,3.6198,0.0202809288024901
"2026-05-22T23:39:14.741Z","run_bootstrap",101,"http://client2:8000","run","http://client2:8000/run",1,TRUE,200,1109,249,3.3984591960907,"2026-05-22T23:39:11.095290Z","2026-05-22T23:39:14.493749Z",1779493151.09529,1779493154.49375,0.000537,0.000657,0.000697,3.381997,3.382113,3.3813,0.000115999999999783,3.3754,0.0230591960906983
"2026-05-22T23:39:14.741Z","run_bootstrap",101,"http://client3:8000","run","http://client3:8000/run",1,TRUE,200,1109,255,3.43992877006531,"2026-05-22T23:39:11.095783Z","2026-05-22T23:39:14.535712Z",1779493151.09578,1779493154.53571,0.000845,0.000941,0.000966,3.420422,3.420553,3.419456,0.000131000000000103,3.4138,0.0261287700653074
"2026-05-22T23:39:18.451Z","run_bootstrap",102,"http://client1:8000","run","http://client1:8000/run",1,TRUE,200,1109,253,3.67495155334473,"2026-05-22T23:39:14.753525Z","2026-05-22T23:39:18.428477Z",1779493154.75353,1779493158.42848,0.000513,0.000606,0.000644,3.654724,3.654864,3.65408,0.000140000000000029,3.6476,0.0273515533447264
"2026-05-22T23:39:18.451Z","run_bootstrap",102,"http://client2:8000","run","http://client2:8000/run",1,TRUE,200,1109,249,3.69055795669556,"2026-05-22T23:39:14.753970Z","2026-05-22T23:39:18.444528Z",1779493154.75397,1779493158.44453,0.000457,0.000543,0.000578,3.67073,3.670877,3.670152,0.000147000000000119,3.6636,0.0269579566955565
"2026-05-22T23:39:18.451Z","run_bootstrap",102,"http://client3:8000","run","http://client3:8000/run",1,TRUE,200,1109,254,3.25942420959473,"2026-05-22T23:39:14.754373Z","2026-05-22T23:39:18.013797Z",1779493154.75437,1779493158.0138,0.00076,0.000884,0.000921,3.245627,3.245715,3.244706,8.80000000003101e-05,3.237,0.0224242095947265
"2026-05-22T23:39:21.994Z","run_bootstrap",103,"http://client1:8000","run","http://client1:8000/run",1,TRUE,200,1109,253,3.52381610870361,"2026-05-22T23:39:18.463411Z","2026-05-22T23:39:21.987227Z",1779493158.46341,1779493161.98723,0.000559,0.000669,0.000703,3.509411,3.509543,3.508708,0.000131999999999799,3.5023,0.0215161087036133
"2026-05-22T23:39:21.994Z","run_bootstrap",103,"http://client2:8000","run","http://client2:8000/run",1,TRUE,200,1109,252,3.52311229705811,"2026-05-22T23:39:18.464433Z","2026-05-22T23:39:21.987545Z",1779493158.46443,1779493161.98755,0.000573,0.000667,0.000699,3.509176,3.50928,3.508477,0.000103999999999882,3.5024,0.0207122970581053
"2026-05-22T23:39:21.994Z","run_bootstrap",103,"http://client3:8000","run","http://client3:8000/run",1,TRUE,200,1109,252,3.4795777797699,"2026-05-22T23:39:18.464430Z","2026-05-22T23:39:21.944008Z",1779493158.46443,1779493161.94401,0.00058,0.000658,0.000688,3.465609,3.465731,3.464921,0.000121999999999733,3.4578,0.0217777797698973
"2026-05-22T23:39:25.611Z","run_bootstrap",104,"http://client1:8000","run","http://client1:8000/run",1,TRUE,200,1109,253,3.51001262664795,"2026-05-22T23:39:22.008298Z","2026-05-22T23:39:25.518311Z",1779493162.0083,1779493165.51831,0.000584,0.000664,0.000698,3.495871,3.495978,3.495173,0.000106999999999857,3.4873,0.0227126266479494
"2026-05-22T23:39:25.611Z","run_bootstrap",104,"http://client2:8000","run","http://client2:8000/run",1,TRUE,200,1109,251,3.51881623268127,"2026-05-22T23:39:22.008592Z","2026-05-22T23:39:25.527409Z",1779493162.00859,1779493165.52741,0.00071,0.00074,0.000753,3.504879,3.50502,3.504126,0.000141000000000169,3.498,0.0208162326812742
"2026-05-22T23:39:25.611Z","run_bootstrap",104,"http://client3:8000","run","http://client3:8000/run",1,TRUE,200,1109,252,3.59875011444092,"2026-05-22T23:39:22.008449Z","2026-05-22T23:39:25.607199Z",1779493162.00845,1779493165.6072,0.000567,0.000647,0.000693,3.584078,3.58421,3.583385,0.000132000000000243,3.5771,0.0216501144409178
"2026-05-22T23:39:29.352Z","run_bootstrap",105,"http://client1:8000","run","http://client1:8000/run",1,TRUE,200,1108,253,3.5854663848877,"2026-05-22T23:39:25.624439Z","2026-05-22T23:39:29.209906Z",1779493165.62444,1779493169.20991,0.000611,0.000668,0.000686,3.567528,3.56767,3.566842,0.000142000000000309,3.5593,0.0261663848876954
"2026-05-22T23:39:29.352Z","run_bootstrap",105,"http://client2:8000","run","http://client2:8000/run",1,TRUE,200,1108,252,3.25873041152954,"2026-05-22T23:39:25.625084Z","2026-05-22T23:39:28.883815Z",1779493165.62508,1779493168.88382,0.000522,0.000597,0.000628,3.23676,3.236903,3.236132,0.000143000000000004,3.2287,0.0300304115295411
"2026-05-22T23:39:29.352Z","run_bootstrap",105,"http://client3:8000","run","http://client3:8000/run",1,TRUE,200,1108,251,3.7204110622406,"2026-05-22T23:39:25.624274Z","2026-05-22T23:39:29.344685Z",1779493165.62427,1779493169.34469,0.000721,0.000813,0.000836,3.705554,3.705681,3.704718,0.000126999999999988,3.6985,0.0219110622406005
"2026-05-22T23:39:33.148Z","run_bootstrap",106,"http://client1:8000","run","http://client1:8000/run",1,TRUE,200,1108,253,3.48413562774658,"2026-05-22T23:39:29.369026Z","2026-05-22T23:39:32.853162Z",1779493169.36903,1779493172.85316,0.000573,0.000673,0.000707,3.472086,3.472224,3.471379,0.000138000000000194,3.4647,0.0194356277465819
"2026-05-22T23:39:33.148Z","run_bootstrap",106,"http://client2:8000","run","http://client2:8000/run",1,TRUE,200,1108,252,3.77178597450256,"2026-05-22T23:39:29.368775Z","2026-05-22T23:39:33.140561Z",1779493169.36878,1779493173.14056,0.000478,0.00056,6e-04,3.759959,3.760094,3.759359,0.000135000000000218,3.7531,0.0186859745025636
"2026-05-22T23:39:33.148Z","run_bootstrap",106,"http://client3:8000","run","http://client3:8000/run",1,TRUE,200,1108,251,3.77220892906189,"2026-05-22T23:39:29.370490Z","2026-05-22T23:39:33.142699Z",1779493169.37049,1779493173.1427,0.000505,0.000619,0.00068,3.755914,3.756041,3.755234,0.000126999999999988,3.7489,0.0233089290618897
"2026-05-22T23:39:36.919Z","run_bootstrap",107,"http://client1:8000","run","http://client1:8000/run",1,TRUE,200,1109,253,3.59683346748352,"2026-05-22T23:39:33.164794Z","2026-05-22T23:39:36.761628Z",1779493173.16479,1779493176.76163,0.000634,0.000748,0.000784,3.579242,3.579381,3.578458,0.000139000000000333,3.5719,0.0249334674835207
"2026-05-22T23:39:36.919Z","run_bootstrap",107,"http://client2:8000","run","http://client2:8000/run",1,TRUE,200,1109,252,3.54792428016663,"2026-05-22T23:39:33.165455Z","2026-05-22T23:39:36.713380Z",1779493173.16546,1779493176.71338,0.000493,0.000578,0.00061,3.527745,3.527888,3.527135,0.000143000000000004,3.5204,0.027524280166626
"2026-05-22T23:39:36.919Z","run_bootstrap",107,"http://client3:8000","run","http://client3:8000/run",1,TRUE,200,1109,251,3.74806594848633,"2026-05-22T23:39:33.165912Z","2026-05-22T23:39:36.913978Z",1779493173.16591,1779493176.91398,0.000586,0.000696,0.000731,3.734056,3.734199,3.733325,0.000143000000000004,3.726,0.0220659484863281
"2026-05-22T23:39:40.655Z","run_bootstrap",108,"http://client1:8000","run","http://client1:8000/run",1,TRUE,200,1109,253,3.71649599075317,"2026-05-22T23:39:36.932012Z","2026-05-22T23:39:40.648508Z",1779493176.93201,1779493180.64851,0.000579,0.000691,0.00073,3.697832,3.697999,3.697102,0.000166999999999806,3.6908,0.025695990753174
"2026-05-22T23:39:40.655Z","run_bootstrap",108,"http://client2:8000","run","http://client2:8000/run",1,TRUE,200,1109,252,3.58478879928589,"2026-05-22T23:39:36.932728Z","2026-05-22T23:39:40.517517Z",1779493176.93273,1779493180.51752,0.000538,0.000651,0.000691,3.565151,3.565292,3.56446,0.000140999999999725,3.5584,0.0263887992858889
"2026-05-22T23:39:40.655Z","run_bootstrap",108,"http://client3:8000","run","http://client3:8000/run",1,TRUE,200,1109,250,3.51083326339722,"2026-05-22T23:39:36.931933Z","2026-05-22T23:39:40.442767Z",1779493176.93193,1779493180.44277,0.000651,0.000759,0.000799,3.496833,3.496918,3.496034,8.49999999998907e-05,3.49,0.0208332633972166
"2026-05-22T23:39:44.505Z","run_bootstrap",109,"http://client1:8000","run","http://client1:8000/run",1,TRUE,200,1109,253,3.83341574668884,"2026-05-22T23:39:40.667584Z","2026-05-22T23:39:44.501000Z",1779493180.66758,1779493184.501,0.000496,0.000573,6e-04,3.819406,3.819571,3.818806,0.000164999999999971,3.8121,0.0213157466888427
"2026-05-22T23:39:44.505Z","run_bootstrap",109,"http://client2:8000","run","http://client2:8000/run",1,TRUE,200,1109,253,3.66296815872192,"2026-05-22T23:39:40.668388Z","2026-05-22T23:39:44.331357Z",1779493180.66839,1779493184.33136,0.000631,0.000691,0.000728,3.64977,3.649891,3.649042,0.000121000000000038,3.6427,0.0202681587219238
"2026-05-22T23:39:44.505Z","run_bootstrap",109,"http://client3:8000","run","http://client3:8000/run",1,TRUE,200,1109,253,3.42121839523315,"2026-05-22T23:39:40.669670Z","2026-05-22T23:39:44.090888Z",1779493180.66967,1779493184.09089,0.000506,0.000584,0.000624,3.407502,3.407643,3.406878,0.000141000000000169,3.3981,0.0231183952331544
"2026-05-22T23:39:48.381Z","run_bootstrap",110,"http://client1:8000","run","http://client1:8000/run",1,TRUE,200,1109,253,3.59445405006409,"2026-05-22T23:39:44.519385Z","2026-05-22T23:39:48.113839Z",1779493184.51939,1779493188.11384,0.000637,0.00074,0.000781,3.571252,3.571419,3.570471,0.00016700000000025,3.5637,0.030754050064087
"2026-05-22T23:39:48.381Z","run_bootstrap",110,"http://client2:8000","run","http://client2:8000/run",1,TRUE,200,1109,253,3.856032371521,"2026-05-22T23:39:44.520118Z","2026-05-22T23:39:48.376150Z",1779493184.52012,1779493188.37615,0.000537,0.00064,0.000681,3.833529,3.833656,3.832848,0.000126999999999988,3.8259,0.0301323715209962
"2026-05-22T23:39:48.381Z","run_bootstrap",110,"http://client3:8000","run","http://client3:8000/run",1,TRUE,200,1109,253,3.54407572746277,"2026-05-22T23:39:44.520608Z","2026-05-22T23:39:48.064684Z",1779493184.52061,1779493188.06468,0.000647,0.000755,0.000796,3.528939,3.529024,3.528143,8.50000000003348e-05,3.5212,0.0228757274627687
"2026-05-22T23:39:52.236Z","run_bootstrap",111,"http://client1:8000","run","http://client1:8000/run",1,TRUE,200,1109,252,3.58627724647522,"2026-05-22T23:39:48.394349Z","2026-05-22T23:39:51.980626Z",1779493188.39435,1779493191.98063,0.000725,0.000835,0.000871,3.563787,3.563821,3.562916,3.39999999998675e-05,3.5561,0.0301772464752199
"2026-05-22T23:39:52.236Z","run_bootstrap",111,"http://client2:8000","run","http://client2:8000/run",1,TRUE,200,1109,253,3.83738422393799,"2026-05-22T23:39:48.394989Z","2026-05-22T23:39:52.232373Z",1779493188.39499,1779493192.23237,0.000575,0.000661,0.000685,3.814214,3.814245,3.813529,3.09999999998922e-05,3.8065,0.0308842239379881
"2026-05-22T23:39:52.236Z","run_bootstrap",111,"http://client3:8000","run","http://client3:8000/run",1,TRUE,200,1109,253,3.54920601844788,"2026-05-22T23:39:48.394160Z","2026-05-22T23:39:51.943366Z",1779493188.39416,1779493191.94337,0.000646,0.00075,0.000784,3.530859,3.530895,3.530075,3.6000000000147e-05,3.5231,0.0261060184478761
"2026-05-22T23:39:56.084Z","run_bootstrap",112,"http://client1:8000","run","http://client1:8000/run",1,TRUE,200,1109,252,3.5488588809967,"2026-05-22T23:39:52.251214Z","2026-05-22T23:39:55.800073Z",1779493192.25121,1779493195.80007,0.000554,0.000635,0.000671,3.532459,3.532567,3.531788,0.000107999999999997,3.5239,0.0249588809967043
"2026-05-22T23:39:56.084Z","run_bootstrap",112,"http://client2:8000","run","http://client2:8000/run",1,TRUE,200,1109,253,3.82521200180054,"2026-05-22T23:39:52.251904Z","2026-05-22T23:39:56.077116Z",1779493192.2519,1779493196.07712,0.000869,0.000984,0.001027,3.810445,3.810612,3.809418,0.000166999999999806,3.8016,0.023612001800537
"2026-05-22T23:39:56.084Z","run_bootstrap",112,"http://client3:8000","run","http://client3:8000/run",1,TRUE,200,1109,253,3.60619044303894,"2026-05-22T23:39:52.252461Z","2026-05-22T23:39:55.858652Z",1779493192.25246,1779493195.85865,0.000792,0.000922,0.000992,3.591948,3.592089,3.590956,0.000141000000000169,3.5833,0.0228904430389405
"2026-05-22T23:39:59.961Z","run_bootstrap",113,"http://client1:8000","run","http://client1:8000/run",1,TRUE,200,1109,255,3.85514616966248,"2026-05-22T23:39:56.101553Z","2026-05-22T23:39:59.956699Z",1779493196.10155,1779493199.9567,0.000662,0.000768,0.000815,3.838297,3.838388,3.837482,9.10000000002853e-05,3.8205,0.0346461696624756
"2026-05-22T23:39:59.961Z","run_bootstrap",113,"http://client2:8000","run","http://client2:8000/run",1,TRUE,200,1109,254,3.57889294624329,"2026-05-22T23:39:56.102014Z","2026-05-22T23:39:59.680907Z",1779493196.10201,1779493199.68091,0.000499,0.000622,0.000666,3.558091,3.558236,3.557425,0.00014499999999984,3.5507,0.0281929462432862
"2026-05-22T23:39:59.961Z","run_bootstrap",113,"http://client3:8000","run","http://client3:8000/run",1,TRUE,200,1109,251,3.45227646827698,"2026-05-22T23:39:56.102394Z","2026-05-22T23:39:59.554670Z",1779493196.10239,1779493199.55467,0.000527,0.00064,0.000685,3.432286,3.432426,3.431601,0.000140000000000029,3.4248,0.0274764682769777
"2026-05-22T23:40:03.810Z","run_bootstrap",114,"http://client1:8000","run","http://client1:8000/run",1,TRUE,200,1109,255,3.82902050018311,"2026-05-22T23:39:59.974207Z","2026-05-22T23:40:03.803228Z",1779493199.97421,1779493203.80323,0.000721,0.000783,0.000802,3.812563,3.812729,3.811761,0.000166000000000111,3.8031,0.0259205001831053
"2026-05-22T23:40:03.810Z","run_bootstrap",114,"http://client2:8000","run","http://client2:8000/run",1,TRUE,200,1109,253,3.57836294174194,"2026-05-22T23:39:59.975037Z","2026-05-22T23:40:03.553400Z",1779493199.97504,1779493203.5534,0.000429,0.000507,0.000531,3.561716,3.561847,3.561185,0.000131000000000103,3.555,0.0233629417419432
"2026-05-22T23:40:03.810Z","run_bootstrap",114,"http://client3:8000","run","http://client3:8000/run",1,TRUE,200,1109,251,3.55707883834839,"2026-05-22T23:39:59.975655Z","2026-05-22T23:40:03.532734Z",1779493199.97566,1779493203.53273,0.000574,0.000668,0.000691,3.542951,3.543072,3.54226,0.000121000000000038,3.5359,0.0211788383483889
"2026-05-22T23:40:07.573Z","run_bootstrap",115,"http://client1:8000","run","http://client1:8000/run",1,TRUE,200,1108,254,3.64478325843811,"2026-05-22T23:40:03.828049Z","2026-05-22T23:40:07.472832Z",1779493203.82805,1779493207.47283,0.000459,0.00053,0.000561,3.62995,3.630082,3.629389,0.000131999999999799,3.6225,0.0222832584381103
"2026-05-22T23:40:07.573Z","run_bootstrap",115,"http://client2:8000","run","http://client2:8000/run",1,TRUE,200,1108,254,3.61477732658386,"2026-05-22T23:40:03.828498Z","2026-05-22T23:40:07.443275Z",1779493203.8285,1779493207.44328,0.000464,0.000539,0.000569,3.599928,3.600063,3.599359,0.000135000000000218,3.5927,0.0220773265838625
"2026-05-22T23:40:07.573Z","run_bootstrap",115,"http://client3:8000","run","http://client3:8000/run",1,TRUE,200,1108,252,3.7408766746521,"2026-05-22T23:40:03.827592Z","2026-05-22T23:40:07.568469Z",1779493203.82759,1779493207.56847,0.000715,0.000834,0.000869,3.726254,3.726399,3.725385,0.00014499999999984,3.7186,0.0222766746520997
"2026-05-22T23:40:11.272Z","run_bootstrap",116,"http://client1:8000","run","http://client1:8000/run",1,TRUE,200,1108,251,3.62429141998291,"2026-05-22T23:40:07.586742Z","2026-05-22T23:40:11.211034Z",1779493207.58674,1779493211.21103,0.000721,0.000833,0.000869,3.60779,3.607873,3.606921,8.30000000000553e-05,3.6,0.0242914199829101
"2026-05-22T23:40:11.272Z","run_bootstrap",116,"http://client2:8000","run","http://client2:8000/run",1,TRUE,200,1108,254,3.67763566970825,"2026-05-22T23:40:07.587528Z","2026-05-22T23:40:11.265164Z",1779493207.58753,1779493211.26516,0.000839,0.000938,0.000986,3.661894,3.662026,3.660908,0.000131999999999799,3.6533,0.0243356697082517
"2026-05-22T23:40:11.272Z","run_bootstrap",116,"http://client3:8000","run","http://client3:8000/run",1,TRUE,200,1108,252,3.56152272224426,"2026-05-22T23:40:07.588168Z","2026-05-22T23:40:11.149691Z",1779493207.58817,1779493211.14969,0.00046,0.000549,0.000582,3.545905,3.546046,3.545323,0.000141000000000169,3.5372,0.0243227222442628
"2026-05-22T23:40:15.212Z","run_bootstrap",117,"http://client1:8000","run","http://client1:8000/run",1,TRUE,200,1109,252,3.64984202384949,"2026-05-22T23:40:11.288995Z","2026-05-22T23:40:14.938837Z",1779493211.289,1779493214.93884,0.000632,0.000743,0.000778,3.632972,3.632996,3.632194,2.3999999999802e-05,3.625,0.0248420238494873
"2026-05-22T23:40:15.212Z","run_bootstrap",117,"http://client2:8000","run","http://client2:8000/run",1,TRUE,200,1109,255,3.91664385795593,"2026-05-22T23:40:11.290813Z","2026-05-22T23:40:15.207457Z",1779493211.29081,1779493215.20746,0.000562,0.000678,0.000714,3.897387,3.897417,3.896673,2.99999999997524e-05,3.8886,0.0280438579559328
"2026-05-22T23:40:15.212Z","run_bootstrap",117,"http://client3:8000","run","http://client3:8000/run",1,TRUE,200,1109,252,3.88536596298218,"2026-05-22T23:40:11.291405Z","2026-05-22T23:40:15.176771Z",1779493211.29141,1779493215.17677,0.000814,0.000893,0.000923,3.866787,3.86682,3.865864,3.30000000001718e-05,3.8579,0.0274659629821778
"2026-05-22T23:40:19.141Z","run_bootstrap",118,"http://client1:8000","run","http://client1:8000/run",1,TRUE,200,1109,253,3.65136909484863,"2026-05-22T23:40:15.233755Z","2026-05-22T23:40:18.885124Z",1779493215.23376,1779493218.88512,0.000476,0.00057,0.000603,3.634675,3.63483,3.634072,0.000154999999999905,3.6261,0.0252690948486327
"2026-05-22T23:40:19.141Z","run_bootstrap",118,"http://client2:8000","run","http://client2:8000/run",1,TRUE,200,1109,255,3.89930486679077,"2026-05-22T23:40:15.234512Z","2026-05-22T23:40:19.133817Z",1779493215.23451,1779493219.13382,0.000568,0.000646,0.000676,3.879291,3.879444,3.878615,0.00015300000000007,3.8579,0.0414048667907716
"2026-05-22T23:40:19.141Z","run_bootstrap",118,"http://client3:8000","run","http://client3:8000/run",1,TRUE,200,1109,252,3.74647617340088,"2026-05-22T23:40:15.234856Z","2026-05-22T23:40:18.981332Z",1779493215.23486,1779493218.98133,0.000653,0.000763,0.000798,3.731874,3.732028,3.731076,0.00015400000000021,3.7085,0.037976173400879
"2026-05-22T23:40:22.950Z","run_bootstrap",119,"http://client1:8000","run","http://client1:8000/run",1,TRUE,200,1109,252,3.5142126083374,"2026-05-22T23:40:19.152835Z","2026-05-22T23:40:22.667047Z",1779493219.15284,1779493222.66705,0.000553,0.000645,0.000683,3.493817,3.493907,3.493134,9.00000000001455e-05,3.4787,0.0355126083374024
"2026-05-22T23:40:22.950Z","run_bootstrap",119,"http://client2:8000","run","http://client2:8000/run",1,TRUE,200,1109,255,3.74439978599548,"2026-05-22T23:40:19.152376Z","2026-05-22T23:40:22.896776Z",1779493219.15238,1779493222.89678,0.000603,0.000713,0.000756,3.730397,3.730529,3.729641,0.000132000000000243,3.7179,0.0264997859954832
"2026-05-22T23:40:22.950Z","run_bootstrap",119,"http://client3:8000","run","http://client3:8000/run",1,TRUE,200,1109,251,3.78951215744019,"2026-05-22T23:40:19.154121Z","2026-05-22T23:40:22.943633Z",1779493219.15412,1779493222.94363,0.000613,0.000703,0.000744,3.770434,3.770567,3.76969,0.000132999999999939,3.7624,0.0271121574401856
"2026-05-22T23:40:27.135Z","run_bootstrap",120,"http://client1:8000","run","http://client1:8000/run",1,TRUE,200,1109,252,4.1672306060791,"2026-05-22T23:40:22.963740Z","2026-05-22T23:40:27.130971Z",1779493222.96374,1779493227.13097,0.000598,0.000716,0.000755,4.151226,4.151392,4.150471,0.000166000000000111,3.9862,0.181030606079101
"2026-05-22T23:40:27.135Z","run_bootstrap",120,"http://client2:8000","run","http://client2:8000/run",1,TRUE,200,1109,255,3.85379791259766,"2026-05-22T23:40:22.962992Z","2026-05-22T23:40:26.816790Z",1779493222.96299,1779493226.81679,0.000652,0.000763,0.000803,3.839965,3.840107,3.839162,0.000142000000000309,3.6863,0.167497912597656
"2026-05-22T23:40:27.135Z","run_bootstrap",120,"http://client3:8000","run","http://client3:8000/run",1,TRUE,200,1109,251,3.95850157737732,"2026-05-22T23:40:22.964607Z","2026-05-22T23:40:26.923108Z",1779493222.96461,1779493226.92311,0.000434,0.000523,0.000561,3.941928,3.942056,3.941367,0.000128000000000128,3.7767,0.181801577377319
"2026-05-22T23:40:30.848Z","run_bootstrap",121,"http://client1:8000","run","http://client1:8000/run",1,TRUE,200,1108,252,3.44845223426819,"2026-05-22T23:40:27.146774Z","2026-05-22T23:40:30.595227Z",1779493227.14677,1779493230.59523,0.000657,0.000789,0.000834,3.433035,3.433178,3.432201,0.000143000000000004,3.4261,0.0223522342681886
"2026-05-22T23:40:30.848Z","run_bootstrap",121,"http://client2:8000","run","http://client2:8000/run",1,TRUE,200,1108,255,3.45094561576843,"2026-05-22T23:40:27.147499Z","2026-05-22T23:40:30.598445Z",1779493227.1475,1779493230.59845,0.000515,0.00061,0.000642,3.436273,3.43641,3.435631,0.000137000000000054,3.4297,0.0212456157684326
"2026-05-22T23:40:30.848Z","run_bootstrap",121,"http://client3:8000","run","http://client3:8000/run",1,TRUE,200,1108,251,3.69412565231323,"2026-05-22T23:40:27.149344Z","2026-05-22T23:40:30.843470Z",1779493227.14934,1779493230.84347,0.000458,0.000552,0.000581,3.678249,3.678373,3.677668,0.000124000000000013,3.672,0.0221256523132323
"2026-05-22T23:40:34.684Z","run_bootstrap",122,"http://client1:8000","run","http://client1:8000/run",1,TRUE,200,1108,252,3.62099313735962,"2026-05-22T23:40:30.860576Z","2026-05-22T23:40:34.481569Z",1779493230.86058,1779493234.48157,0.000734,0.000846,0.000883,3.602707,3.60274,3.601824,3.29999999997277e-05,3.5953,0.0256931373596192
"2026-05-22T23:40:34.684Z","run_bootstrap",122,"http://client2:8000","run","http://client2:8000/run",1,TRUE,200,1108,255,3.8144543170929,"2026-05-22T23:40:30.862684Z","2026-05-22T23:40:34.677138Z",1779493230.86268,1779493234.67714,0.000568,0.00068,0.000722,3.795588,3.795622,3.794866,3.39999999998675e-05,3.7885,0.0259543170928955
"2026-05-22T23:40:34.684Z","run_bootstrap",122,"http://client3:8000","run","http://client3:8000/run",1,TRUE,200,1108,252,3.62851428985596,"2026-05-22T23:40:30.862815Z","2026-05-22T23:40:34.491329Z",1779493230.86282,1779493234.49133,0.000561,0.000672,0.00071,3.609738,3.609774,3.609028,3.59999999997029e-05,3.6028,0.0257142898559573
"2026-05-22T23:40:38.279Z","run_bootstrap",123,"http://client1:8000","run","http://client1:8000/run",1,TRUE,200,1106,253,3.57396459579468,"2026-05-22T23:40:34.700622Z","2026-05-22T23:40:38.274586Z",1779493234.70062,1779493238.27459,0.000743,0.00083,0.000852,3.555185,3.55534,3.554333,0.000155000000000349,3.5471,0.0268645957946778
"2026-05-22T23:40:38.279Z","run_bootstrap",123,"http://client2:8000","run","http://client2:8000/run",1,TRUE,200,1106,254,3.51916027069092,"2026-05-22T23:40:34.699924Z","2026-05-22T23:40:38.219084Z",1779493234.69992,1779493238.21908,0.000667,0.000779,0.000814,3.505448,3.505537,3.504634,8.90000000000057e-05,3.4983,0.020860270690918
"2026-05-22T23:40:38.279Z","run_bootstrap",123,"http://client3:8000","run","http://client3:8000/run",1,TRUE,200,1106,252,3.47143721580505,"2026-05-22T23:40:34.701519Z","2026-05-22T23:40:38.172956Z",1779493234.70152,1779493238.17296,0.000593,0.000694,0.000728,3.450797,3.450935,3.450069,0.000137999999999749,3.4439,0.0275372158050535
"2026-05-22T23:40:42.021Z","run_bootstrap",124,"http://client1:8000","run","http://client1:8000/run",1,TRUE,200,1106,253,3.53255438804626,"2026-05-22T23:40:38.291337Z","2026-05-22T23:40:41.823891Z",1779493238.29134,1779493241.82389,0.000611,0.000719,0.000753,3.516709,3.516823,3.515956,0.000113999999999947,3.5091,0.0234543880462645
"2026-05-22T23:40:42.021Z","run_bootstrap",124,"http://client2:8000","run","http://client2:8000/run",1,TRUE,200,1106,254,3.72249102592468,"2026-05-22T23:40:38.292033Z","2026-05-22T23:40:42.014524Z",1779493238.29203,1779493242.01452,0.000518,0.000657,0.000694,3.704596,3.704733,3.703902,0.000137000000000054,3.6966,0.0258910259246825
"2026-05-22T23:40:42.021Z","run_bootstrap",124,"http://client3:8000","run","http://client3:8000/run",1,TRUE,200,1106,252,3.28627729415894,"2026-05-22T23:40:38.291286Z","2026-05-22T23:40:41.577563Z",1779493238.29129,1779493241.57756,0.000812,0.000921,0.000956,3.272064,3.272201,3.271108,0.000137000000000054,3.2615,0.0247772941589357
"2026-05-22T23:40:45.768Z","run_bootstrap",125,"http://client1:8000","run","http://client1:8000/run",1,TRUE,200,1109,253,3.72237229347229,"2026-05-22T23:40:42.038845Z","2026-05-22T23:40:45.761217Z",1779493242.03885,1779493245.76122,0.000536,0.000639,0.000678,3.702001,3.702107,3.701323,0.000105999999999717,3.6941,0.0282722934722899
"2026-05-22T23:40:45.768Z","run_bootstrap",125,"http://client2:8000","run","http://client2:8000/run",1,TRUE,200,1109,252,3.4632580280304,"2026-05-22T23:40:42.038660Z","2026-05-22T23:40:45.501918Z",1779493242.03866,1779493245.50192,0.000713,0.00082,0.000858,3.449301,3.449377,3.448443,7.5999999999965e-05,3.4418,0.0214580280303953
"2026-05-22T23:40:45.768Z","run_bootstrap",125,"http://client3:8000","run","http://client3:8000/run",1,TRUE,200,1109,251,3.45060133934021,"2026-05-22T23:40:42.040238Z","2026-05-22T23:40:45.490839Z",1779493242.04024,1779493245.49084,0.000523,0.000637,0.000679,3.437818,3.437949,3.437139,0.000131000000000103,3.4294,0.0212013393402102
"2026-05-22T23:40:49.549Z","run_bootstrap",126,"http://client1:8000","run","http://client1:8000/run",1,TRUE,200,1109,253,3.75622034072876,"2026-05-22T23:40:45.787788Z","2026-05-22T23:40:49.544008Z",1779493245.78779,1779493249.54401,0.00052,0.000607,0.00065,3.734083,3.734206,3.733433,0.000122999999999873,3.7271,0.0291203407287597
"2026-05-22T23:40:49.549Z","run_bootstrap",126,"http://client2:8000","run","http://client2:8000/run",1,TRUE,200,1109,252,3.50506782531738,"2026-05-22T23:40:45.787961Z","2026-05-22T23:40:49.293029Z",1779493245.78796,1779493249.29303,0.000668,0.000779,0.000824,3.485419,3.485552,3.484595,0.000133000000000383,3.4784,0.0266678253173827
"2026-05-22T23:40:49.549Z","run_bootstrap",126,"http://client3:8000","run","http://client3:8000/run",1,TRUE,200,1109,250,3.60938692092896,"2026-05-22T23:40:45.788438Z","2026-05-22T23:40:49.397825Z",1779493245.78844,1779493249.39783,0.000507,0.000593,0.000628,3.587011,3.587126,3.586383,0.000115000000000087,3.579,0.0303869209289549
"2026-05-22T23:40:53.319Z","run_bootstrap",127,"http://client1:8000","run","http://client1:8000/run",1,TRUE,200,1109,255,3.50092530250549,"2026-05-22T23:40:49.561774Z","2026-05-22T23:40:53.062700Z",1779493249.56177,1779493253.0627,0.00064,0.000749,0.000784,3.482017,3.482145,3.481233,0.000128000000000128,3.4746,0.026325302505493
"2026-05-22T23:40:53.319Z","run_bootstrap",127,"http://client2:8000","run","http://client2:8000/run",1,TRUE,200,1109,254,3.75257468223572,"2026-05-22T23:40:49.562581Z","2026-05-22T23:40:53.315156Z",1779493249.56258,1779493253.31516,0.00049,0.000601,0.000638,3.730246,3.730378,3.729608,0.000131999999999799,3.7233,0.0292746822357177
"2026-05-22T23:40:53.319Z","run_bootstrap",127,"http://client3:8000","run","http://client3:8000/run",1,TRUE,200,1109,252,3.53425693511963,"2026-05-22T23:40:49.563251Z","2026-05-22T23:40:53.097508Z",1779493249.56325,1779493253.09751,0.000607,0.000683,0.000715,3.512977,3.513112,3.512262,0.000135000000000218,3.5054,0.0288569351196291
"2026-05-22T23:40:57.033Z","run_bootstrap",128,"http://client1:8000","run","http://client1:8000/run",1,TRUE,200,1109,254,3.58974862098694,"2026-05-22T23:40:53.332542Z","2026-05-22T23:40:56.922291Z",1779493253.33254,1779493256.92229,0.000693,8e-04,0.000834,3.571331,3.571533,3.570497,0.000202000000000258,3.564,0.0257486209869384
"2026-05-22T23:40:57.033Z","run_bootstrap",128,"http://client2:8000","run","http://client2:8000/run",1,TRUE,200,1109,254,3.50032663345337,"2026-05-22T23:40:53.333351Z","2026-05-22T23:40:56.833678Z",1779493253.33335,1779493256.83368,0.000628,0.000748,0.000782,3.477137,3.47717,3.476355,3.30000000001718e-05,3.4701,0.0302266334533692
"2026-05-22T23:40:57.033Z","run_bootstrap",128,"http://client3:8000","run","http://client3:8000/run",1,TRUE,200,1109,252,3.69247937202454,"2026-05-22T23:40:53.333928Z","2026-05-22T23:40:57.026407Z",1779493253.33393,1779493257.02641,0.000416,0.000502,0.000533,3.668605,3.668645,3.668072,4.0000000000262e-05,3.6618,0.0306793720245362
"2026-05-22T23:41:00.708Z","run_bootstrap",129,"http://client1:8000","run","http://client1:8000/run",1,TRUE,200,1109,254,3.65277719497681,"2026-05-22T23:40:57.048336Z","2026-05-22T23:41:00.701113Z",1779493257.04834,1779493260.70111,0.00068,0.000758,0.000789,3.638974,3.639136,3.638185,0.000161999999999995,3.632,0.0207771949768065
"2026-05-22T23:41:00.708Z","run_bootstrap",129,"http://client2:8000","run","http://client2:8000/run",1,TRUE,200,1109,254,3.51787304878235,"2026-05-22T23:40:57.048587Z","2026-05-22T23:41:00.566460Z",1779493257.04859,1779493260.56646,0.000653,0.000766,8e-04,3.498657,3.4988,3.497857,0.000143000000000004,3.4913,0.0265730487823488
"2026-05-22T23:41:00.708Z","run_bootstrap",129,"http://client3:8000","run","http://client3:8000/run",1,TRUE,200,1109,251,3.62430667877197,"2026-05-22T23:40:57.048377Z","2026-05-22T23:41:00.672684Z",1779493257.04838,1779493260.67268,0.000637,0.000748,0.000786,3.610559,3.610701,3.609773,0.000142000000000309,3.6037,0.0206066787719728
"2026-05-22T23:41:04.808Z","run_bootstrap",130,"http://client1:8000","run","http://client1:8000/run",1,TRUE,200,1109,255,3.76912093162537,"2026-05-22T23:41:00.719722Z","2026-05-22T23:41:04.488843Z",1779493260.71972,1779493264.48884,0.000687,0.000803,0.000844,3.755242,3.755399,3.754398,0.000157000000000185,3.7413,0.0278209316253664
"2026-05-22T23:41:04.808Z","run_bootstrap",130,"http://client2:8000","run","http://client2:8000/run",1,TRUE,200,1109,254,4.08076333999634,"2026-05-22T23:41:00.721693Z","2026-05-22T23:41:04.802456Z",1779493260.72169,1779493264.80246,0.000678,0.000745,0.00078,4.061269,4.061393,4.060489,0.000123999999999569,4.0486,0.0321633399963375
"2026-05-22T23:41:04.808Z","run_bootstrap",130,"http://client3:8000","run","http://client3:8000/run",1,TRUE,200,1109,251,4.06723189353943,"2026-05-22T23:41:00.721503Z","2026-05-22T23:41:04.788735Z",1779493260.7215,1779493264.78874,0.000507,0.000612,0.000652,4.053204,4.053347,4.052552,0.00014299999999956,4.0402,0.0270318935394291
"2026-05-22T23:41:08.686Z","run_bootstrap",131,"http://client1:8000","run","http://client1:8000/run",1,TRUE,200,1109,253,3.62942123413086,"2026-05-22T23:41:04.822660Z","2026-05-22T23:41:08.452082Z",1779493264.82266,1779493268.45208,0.000599,0.000736,0.000784,3.609863,3.609957,3.609079,9.40000000002605e-05,3.601,0.0284212341308594
"2026-05-22T23:41:08.686Z","run_bootstrap",131,"http://client2:8000","run","http://client2:8000/run",1,TRUE,200,1109,252,3.73874926567078,"2026-05-22T23:41:04.823899Z","2026-05-22T23:41:08.562648Z",1779493264.8239,1779493268.56265,0.000788,0.00093,0.000983,3.714118,3.714275,3.713135,0.000157000000000185,3.7052,0.0335492656707763
"2026-05-22T23:41:08.686Z","run_bootstrap",131,"http://client3:8000","run","http://client3:8000/run",1,TRUE,200,1109,251,3.85325193405151,"2026-05-22T23:41:04.825986Z","2026-05-22T23:41:08.679238Z",1779493264.82599,1779493268.67924,0.000395,0.000474,5e-04,3.83536,3.835495,3.83486,0.000134999999999774,3.8271,0.0261519340515135
"2026-05-22T23:41:12.470Z","run_bootstrap",132,"http://client1:8000","run","http://client1:8000/run",1,TRUE,200,1109,254,3.76556634902954,"2026-05-22T23:41:08.700251Z","2026-05-22T23:41:12.465817Z",1779493268.70025,1779493272.46582,0.000535,0.000607,0.000651,3.745035,3.745264,3.744384,0.000229000000000035,3.7373,0.0282663490295412
"2026-05-22T23:41:12.470Z","run_bootstrap",132,"http://client2:8000","run","http://client2:8000/run",1,TRUE,200,1109,252,3.6014609336853,"2026-05-22T23:41:08.700675Z","2026-05-22T23:41:12.302136Z",1779493268.70068,1779493272.30214,0.000637,0.000691,0.000713,3.578529,3.578686,3.577816,0.000156999999999741,3.5714,0.0300609336853026
"2026-05-22T23:41:12.470Z","run_bootstrap",132,"http://client3:8000","run","http://client3:8000/run",1,TRUE,200,1109,251,3.71004104614258,"2026-05-22T23:41:08.701154Z","2026-05-22T23:41:12.411195Z",1779493268.70115,1779493272.4112,0.000678,0.00076,0.000785,3.690932,3.691057,3.690147,0.000124999999999709,3.6838,0.0262410461425779
"2026-05-22T23:41:16.352Z","run_bootstrap",133,"http://client1:8000","run","http://client1:8000/run",1,TRUE,200,1108,255,3.66545987129211,"2026-05-22T23:41:12.483398Z","2026-05-22T23:41:16.148858Z",1779493272.4834,1779493276.14886,0.000504,0.000564,0.000587,3.643572,3.643692,3.642985,0.000120000000000342,3.6351,0.0303598712921143
"2026-05-22T23:41:16.352Z","run_bootstrap",133,"http://client2:8000","run","http://client2:8000/run",1,TRUE,200,1108,254,3.85795617103577,"2026-05-22T23:41:12.484066Z","2026-05-22T23:41:16.342022Z",1779493272.48407,1779493276.34202,0.000446,0.000563,0.000607,3.840113,3.840224,3.839506,0.000110999999999972,3.8331,0.0248561710357666
"2026-05-22T23:41:16.352Z","run_bootstrap",133,"http://client3:8000","run","http://client3:8000/run",1,TRUE,200,1108,252,3.52797317504883,"2026-05-22T23:41:12.484341Z","2026-05-22T23:41:16.012314Z",1779493272.48434,1779493276.01231,0.00051,0.000604,0.000642,3.51037,3.510526,3.509728,0.000156000000000045,3.5033,0.0246731750488283
"2026-05-22T23:41:20.106Z","run_bootstrap",134,"http://client1:8000","run","http://client1:8000/run",1,TRUE,200,1108,255,3.70004081726074,"2026-05-22T23:41:16.366489Z","2026-05-22T23:41:20.066530Z",1779493276.36649,1779493280.06653,0.000585,0.000698,0.000736,3.686261,3.686414,3.685525,0.00015300000000007,3.6788,0.0212408172607423
"2026-05-22T23:41:20.106Z","run_bootstrap",134,"http://client2:8000","run","http://client2:8000/run",1,TRUE,200,1108,254,3.73353219032288,"2026-05-22T23:41:16.368361Z","2026-05-22T23:41:20.101894Z",1779493276.36836,1779493280.10189,0.000706,0.000825,0.000869,3.715407,3.715533,3.714538,0.000126000000000293,3.7081,0.025432190322876
"2026-05-22T23:41:20.106Z","run_bootstrap",134,"http://client3:8000","run","http://client3:8000/run",1,TRUE,200,1108,251,3.72111916542053,"2026-05-22T23:41:16.368910Z","2026-05-22T23:41:20.090029Z",1779493276.36891,1779493280.09003,0.000456,0.000538,0.000582,3.703151,3.703298,3.702569,0.000147000000000119,3.696,0.0251191654205321
"2026-05-22T23:41:23.938Z","run_bootstrap",135,"http://client1:8000","run","http://client1:8000/run",1,TRUE,200,1109,255,3.67937088012695,"2026-05-22T23:41:20.118010Z","2026-05-22T23:41:23.797380Z",1779493280.11801,1779493283.79738,0.000463,0.000551,0.000589,3.663495,3.663609,3.662906,0.000113999999999947,3.6545,0.024870880126953
"2026-05-22T23:41:23.938Z","run_bootstrap",135,"http://client2:8000","run","http://client2:8000/run",1,TRUE,200,1109,255,3.8149356842041,"2026-05-22T23:41:20.118499Z","2026-05-22T23:41:23.933435Z",1779493280.1185,1779493283.93344,0.000507,0.000619,0.00066,3.801909,3.802052,3.801249,0.000143000000000004,3.7879,0.0270356842041015
"2026-05-22T23:41:23.938Z","run_bootstrap",135,"http://client3:8000","run","http://client3:8000/run",1,TRUE,200,1109,250,3.71350574493408,"2026-05-22T23:41:20.117750Z","2026-05-22T23:41:23.831256Z",1779493280.11775,1779493283.83126,0.000667,0.000771,0.000807,3.699666,3.699778,3.698859,0.000111999999999668,3.6843,0.0292057449340821
"2026-05-22T23:41:27.639Z","run_bootstrap",136,"http://client1:8000","run","http://client1:8000/run",1,TRUE,200,1109,255,3.63901782035828,"2026-05-22T23:41:23.951073Z","2026-05-22T23:41:27.590090Z",1779493283.95107,1779493287.59009,0.000347,0.000425,0.000447,3.622115,3.622286,3.621668,0.000170999999999921,3.6136,0.0254178203582764
"2026-05-22T23:41:27.639Z","run_bootstrap",136,"http://client2:8000","run","http://client2:8000/run",1,TRUE,200,1109,255,3.68171215057373,"2026-05-22T23:41:23.951671Z","2026-05-22T23:41:27.633383Z",1779493283.95167,1779493287.63338,0.000552,0.000637,0.000669,3.665399,3.665547,3.66473,0.000148000000000259,3.6572,0.0245121505737305
"2026-05-22T23:41:27.639Z","run_bootstrap",136,"http://client3:8000","run","http://client3:8000/run",1,TRUE,200,1109,249,3.64605474472046,"2026-05-22T23:41:23.952084Z","2026-05-22T23:41:27.598139Z",1779493283.95208,1779493287.59814,0.000457,0.000518,0.000541,3.630106,3.630251,3.629565,0.00014499999999984,3.622,0.0240547447204591
"2026-05-22T23:41:31.491Z","run_bootstrap",137,"http://client1:8000","run","http://client1:8000/run",1,TRUE,200,1108,254,3.784264087677,"2026-05-22T23:41:27.702397Z","2026-05-22T23:41:31.486661Z",1779493287.7024,1779493291.48666,0.00073,0.000844,0.000878,3.768099,3.768244,3.767221,0.000145000000000284,3.7594,0.0248640876770021
"2026-05-22T23:41:31.491Z","run_bootstrap",137,"http://client2:8000","run","http://client2:8000/run",1,TRUE,200,1108,249,3.61892056465149,"2026-05-22T23:41:27.703168Z","2026-05-22T23:41:31.322088Z",1779493287.70317,1779493291.32209,0.000535,0.00067,0.00071,3.600044,3.600187,3.599334,0.000143000000000004,3.5923,0.0266205646514894
"2026-05-22T23:41:31.491Z","run_bootstrap",137,"http://client3:8000","run","http://client3:8000/run",1,TRUE,200,1108,255,3.73348641395569,"2026-05-22T23:41:27.702100Z","2026-05-22T23:41:31.435587Z",1779493287.7021,1779493291.43559,0.000655,0.000763,0.000798,3.720524,3.720627,3.719726,0.000102999999999742,3.7126,0.0208864139556884
"2026-05-22T23:41:35.401Z","run_bootstrap",138,"http://client1:8000","run","http://client1:8000/run",1,TRUE,200,1108,254,3.71702456474304,"2026-05-22T23:41:31.504274Z","2026-05-22T23:41:35.221299Z",1779493291.50427,1779493295.2213,0.000539,0.000645,0.00068,3.700627,3.700779,3.699947,0.00015199999999993,3.6927,0.0243245647430421
"2026-05-22T23:41:35.401Z","run_bootstrap",138,"http://client2:8000","run","http://client2:8000/run",1,TRUE,200,1108,249,3.89282321929932,"2026-05-22T23:41:31.503545Z","2026-05-22T23:41:35.396368Z",1779493291.50355,1779493295.39637,0.000698,0.00078,0.000802,3.879567,3.879709,3.878765,0.000141999999999864,3.8723,0.0205232192993163
"2026-05-22T23:41:35.401Z","run_bootstrap",138,"http://client3:8000","run","http://client3:8000/run",1,TRUE,200,1108,255,3.40923428535461,"2026-05-22T23:41:31.505317Z","2026-05-22T23:41:34.914551Z",1779493291.50532,1779493294.91455,0.000486,0.000567,0.000598,3.394815,3.394972,3.394217,0.000157000000000185,3.3846,0.0246342853546144
"2026-05-22T23:41:39.436Z","run_bootstrap",139,"http://client1:8000","run","http://client1:8000/run",1,TRUE,200,1110,265,3.77378702163696,"2026-05-22T23:41:35.415824Z","2026-05-22T23:41:39.189611Z",1779493295.41582,1779493299.18961,0.00065,0.000706,0.000727,3.759045,3.759106,3.758318,6.10000000000888e-05,3.7515,0.0222870216369628
"2026-05-22T23:41:39.436Z","run_bootstrap",139,"http://client2:8000","run","http://client2:8000/run",1,TRUE,200,1110,264,3.83663558959961,"2026-05-22T23:41:35.416433Z","2026-05-22T23:41:39.253069Z",1779493295.41643,1779493299.25307,0.000505,0.000576,6e-04,3.822322,3.82248,3.821722,0.00015799999999988,3.8133,0.0233355895996095
"2026-05-22T23:41:39.436Z","run_bootstrap",139,"http://client3:8000","run","http://client3:8000/run",1,TRUE,200,1110,262,4.01190137863159,"2026-05-22T23:41:35.416946Z","2026-05-22T23:41:39.428848Z",1779493295.41695,1779493299.42885,0.000577,0.000656,0.00069,3.99225,3.992384,3.99156,0.000134000000000079,3.984,0.0279013786315918
"2026-05-22T23:41:43.729Z","run_bootstrap",140,"http://client1:8000","run","http://client1:8000/run",1,TRUE,200,1110,265,4.2770459651947,"2026-05-22T23:41:39.448257Z","2026-05-22T23:41:43.725303Z",1779493299.44826,1779493303.7253,0.000753,0.000876,0.00092,4.263655,4.263761,4.262735,0.000105999999999717,4.0999,0.177145965194702
"2026-05-22T23:41:43.729Z","run_bootstrap",140,"http://client2:8000","run","http://client2:8000/run",1,TRUE,200,1110,264,4.04514694213867,"2026-05-22T23:41:39.448801Z","2026-05-22T23:41:43.493948Z",1779493299.4488,1779493303.49395,0.000581,0.000702,0.000746,4.02368,4.023787,4.022934,0.000106999999999857,3.8622,0.182946942138672
"2026-05-22T23:41:43.729Z","run_bootstrap",140,"http://client3:8000","run","http://client3:8000/run",1,TRUE,200,1110,263,4.02033805847168,"2026-05-22T23:41:39.449215Z","2026-05-22T23:41:43.469553Z",1779493299.44922,1779493303.46955,0.000598,0.000691,0.000728,4.000231,4.000356,3.999503,0.000124999999999709,3.8313,0.18903805847168
"2026-05-22T23:41:47.448Z","run_bootstrap",141,"http://client1:8000","run","http://client1:8000/run",1,TRUE,200,1109,251,3.45543122291565,"2026-05-22T23:41:43.741443Z","2026-05-22T23:41:47.196874Z",1779493303.74144,1779493307.19687,0.000588,0.000647,0.000667,3.436563,3.436702,3.435896,0.000138999999999889,3.4257,0.0297312229156494
"2026-05-22T23:41:47.448Z","run_bootstrap",141,"http://client2:8000","run","http://client2:8000/run",1,TRUE,200,1109,251,3.70129251480103,"2026-05-22T23:41:43.742254Z","2026-05-22T23:41:47.443547Z",1779493303.74225,1779493307.44355,0.000474,0.000585,0.000613,3.684029,3.684159,3.683416,0.000129999999999963,3.677,0.0242925148010253
"2026-05-22T23:41:47.448Z","run_bootstrap",141,"http://client3:8000","run","http://client3:8000/run",1,TRUE,200,1109,256,3.52252578735352,"2026-05-22T23:41:43.743042Z","2026-05-22T23:41:47.265568Z",1779493303.74304,1779493307.26557,0.000498,0.000574,0.000611,3.502307,3.502438,3.501696,0.000131000000000103,3.4953,0.0272257873535158
"2026-05-22T23:41:51.208Z","run_bootstrap",142,"http://client1:8000","run","http://client1:8000/run",1,TRUE,200,1109,251,3.50265145301819,"2026-05-22T23:41:47.461738Z","2026-05-22T23:41:50.964389Z",1779493307.46174,1779493310.96439,0.000471,0.000566,0.00059,3.483052,3.4831,3.482462,4.8000000000048e-05,3.4749,0.0277514530181886
"2026-05-22T23:41:51.208Z","run_bootstrap",142,"http://client2:8000","run","http://client2:8000/run",1,TRUE,200,1109,252,3.48516011238098,"2026-05-22T23:41:47.462228Z","2026-05-22T23:41:50.947388Z",1779493307.46223,1779493310.94739,0.000591,0.000647,0.000668,3.466771,3.466796,3.466103,2.49999999999417e-05,3.4585,0.0266601123809815
"2026-05-22T23:41:51.208Z","run_bootstrap",142,"http://client3:8000","run","http://client3:8000/run",1,TRUE,200,1109,256,3.73885154724121,"2026-05-22T23:41:47.463024Z","2026-05-22T23:41:51.201875Z",1779493307.46302,1779493311.20188,0.000612,0.000707,0.00074,3.712961,3.712994,3.712221,3.30000000001718e-05,3.7061,0.0327515472412108
"2026-05-22T23:41:54.979Z","run_bootstrap",143,"http://client1:8000","run","http://client1:8000/run",1,TRUE,200,1109,251,3.748211145401,"2026-05-22T23:41:51.223625Z","2026-05-22T23:41:54.971836Z",1779493311.22363,1779493314.97184,0.000574,0.000685,0.000724,3.730421,3.730564,3.729697,0.000143000000000004,3.7229,0.0253111454010009
"2026-05-22T23:41:54.979Z","run_bootstrap",143,"http://client2:8000","run","http://client2:8000/run",1,TRUE,200,1109,252,3.53423810005188,"2026-05-22T23:41:51.222747Z","2026-05-22T23:41:54.756985Z",1779493311.22275,1779493314.75699,0.000778,9e-04,0.000947,3.520447,3.520586,3.5195,0.000139000000000333,3.5132,0.02103810005188
"2026-05-22T23:41:54.979Z","run_bootstrap",143,"http://client3:8000","run","http://client3:8000/run",1,TRUE,200,1109,256,3.57572293281555,"2026-05-22T23:41:51.224172Z","2026-05-22T23:41:54.799895Z",1779493311.22417,1779493314.7999,0.000503,0.000622,0.000662,3.562353,3.562508,3.561691,0.000154999999999905,3.5553,0.0204229328155519
"2026-05-22T23:41:58.726Z","run_bootstrap",144,"http://client1:8000","run","http://client1:8000/run",1,TRUE,200,1109,251,3.4634108543396,"2026-05-22T23:41:54.992015Z","2026-05-22T23:41:58.455426Z",1779493314.99202,1779493318.45543,0.000682,0.000743,0.000768,3.449439,3.449543,3.448671,0.000103999999999882,3.4413,0.0221108543395996
"2026-05-22T23:41:58.726Z","run_bootstrap",144,"http://client2:8000","run","http://client2:8000/run",1,TRUE,200,1109,252,3.72934818267822,"2026-05-22T23:41:54.992355Z","2026-05-22T23:41:58.721703Z",1779493314.99236,1779493318.7217,0.00065,0.000735,0.000762,3.716086,3.716217,3.715324,0.000131000000000103,3.7092,0.0201481826782226
"2026-05-22T23:41:58.726Z","run_bootstrap",144,"http://client3:8000","run","http://client3:8000/run",1,TRUE,200,1109,255,3.48067617416382,"2026-05-22T23:41:54.992808Z","2026-05-22T23:41:58.473484Z",1779493314.99281,1779493318.47348,0.000689,0.00075,0.00077,3.46789,3.468001,3.46712,0.000110999999999972,3.461,0.0196761741638185
"2026-05-22T23:42:02.536Z","run_bootstrap",145,"http://client1:8000","run","http://client1:8000/run",1,TRUE,200,1108,254,3.79265260696411,"2026-05-22T23:41:58.736775Z","2026-05-22T23:42:02.529428Z",1779493318.73678,1779493322.52943,0.000717,0.000823,0.000859,3.778231,3.778382,3.777372,0.000151000000000234,3.7707,0.0219526069641112
"2026-05-22T23:42:02.536Z","run_bootstrap",145,"http://client2:8000","run","http://client2:8000/run",1,TRUE,200,1108,252,3.47800636291504,"2026-05-22T23:41:58.738856Z","2026-05-22T23:42:02.216862Z",1779493318.73886,1779493322.21686,0.000702,0.000816,0.000855,3.463203,3.463288,3.462348,8.49999999998907e-05,3.4553,0.0227063629150392
"2026-05-22T23:42:02.536Z","run_bootstrap",145,"http://client3:8000","run","http://client3:8000/run",1,TRUE,200,1108,255,3.56518840789795,"2026-05-22T23:41:58.739195Z","2026-05-22T23:42:02.304384Z",1779493318.7392,1779493322.30438,0.000583,0.000694,0.00073,3.550106,3.550256,3.549376,0.000150000000000095,3.5425,0.0226884078979492
"2026-05-22T23:42:06.279Z","run_bootstrap",146,"http://client1:8000","run","http://client1:8000/run",1,TRUE,200,1108,254,3.42169141769409,"2026-05-22T23:42:02.555230Z","2026-05-22T23:42:05.976922Z",1779493322.55523,1779493325.97692,0.000689,8e-04,0.00084,3.398963,3.39906,3.398123,9.69999999997917e-05,3.3914,0.0302914176940918
"2026-05-22T23:42:06.279Z","run_bootstrap",146,"http://client2:8000","run","http://client2:8000/run",1,TRUE,200,1108,252,3.6145191192627,"2026-05-22T23:42:02.555621Z","2026-05-22T23:42:06.170140Z",1779493322.55562,1779493326.17014,0.000865,0.000956,0.000998,3.592106,3.592246,3.591108,0.000140000000000029,3.5846,0.0299191192626953
"2026-05-22T23:42:06.279Z","run_bootstrap",146,"http://client3:8000","run","http://client3:8000/run",1,TRUE,200,1108,255,3.71608662605286,"2026-05-22T23:42:02.556017Z","2026-05-22T23:42:06.272104Z",1779493322.55602,1779493326.2721,0.000782,0.000858,0.000894,3.694158,3.694295,3.693264,0.000137000000000054,3.6865,0.0295866260528563
"2026-05-22T23:42:09.883Z","run_bootstrap",147,"http://client1:8000","run","http://client1:8000/run",1,TRUE,200,1108,254,3.58128714561462,"2026-05-22T23:42:06.297254Z","2026-05-22T23:42:09.878541Z",1779493326.29725,1779493329.87854,0.00065,0.000754,0.000792,3.566591,3.566765,3.565799,0.000174000000000341,3.5583,0.022987145614624
"2026-05-22T23:42:09.883Z","run_bootstrap",147,"http://client2:8000","run","http://client2:8000/run",1,TRUE,200,1108,251,3.54025053977966,"2026-05-22T23:42:06.297723Z","2026-05-22T23:42:09.837973Z",1779493326.29772,1779493329.83797,0.000282,0.000331,0.000351,3.522173,3.52231,3.521822,0.000137000000000054,3.5157,0.0245505397796633
"2026-05-22T23:42:09.883Z","run_bootstrap",147,"http://client3:8000","run","http://client3:8000/run",1,TRUE,200,1108,255,3.412837266922,"2026-05-22T23:42:06.296937Z","2026-05-22T23:42:09.709774Z",1779493326.29694,1779493329.70977,0.00073,0.00081,0.000835,3.397864,3.398003,3.397029,0.000138999999999889,3.3906,0.022237266921997
"2026-05-22T23:42:13.711Z","run_bootstrap",148,"http://client1:8000","run","http://client1:8000/run",1,TRUE,200,1108,254,3.806560754776,"2026-05-22T23:42:09.900874Z","2026-05-22T23:42:13.707435Z",1779493329.90087,1779493333.70744,0.000628,0.000691,0.000714,3.795161,3.795199,3.794447,3.80000000004266e-05,3.7874,0.0191607547760011
"2026-05-22T23:42:13.711Z","run_bootstrap",148,"http://client2:8000","run","http://client2:8000/run",1,TRUE,200,1108,251,3.54018926620483,"2026-05-22T23:42:09.900857Z","2026-05-22T23:42:13.441046Z",1779493329.90086,1779493333.44105,0.000612,0.000689,0.000712,3.528145,3.52818,3.527433,3.50000000000072e-05,3.5177,0.0224892662048339
"2026-05-22T23:42:13.711Z","run_bootstrap",148,"http://client3:8000","run","http://client3:8000/run",1,TRUE,200,1108,255,3.47472929954529,"2026-05-22T23:42:09.900857Z","2026-05-22T23:42:13.375586Z",1779493329.90086,1779493333.37559,0.000786,0.000971,0.001005,3.46222,3.462257,3.461215,3.70000000002868e-05,3.4518,0.0229292995452881
"2026-05-22T23:42:17.517Z","run_bootstrap",149,"http://client1:8000","run","http://client1:8000/run",1,TRUE,200,1108,254,3.60558700561523,"2026-05-22T23:42:13.724865Z","2026-05-22T23:42:17.330452Z",1779493333.72487,1779493337.33045,0.000545,0.000652,0.000686,3.592339,3.592492,3.591653,0.00015300000000007,3.5818,0.0237870056152345
"2026-05-22T23:42:17.517Z","run_bootstrap",149,"http://client2:8000","run","http://client2:8000/run",1,TRUE,200,1108,248,3.78599810600281,"2026-05-22T23:42:13.726687Z","2026-05-22T23:42:17.512685Z",1779493333.72669,1779493337.51269,0.000628,0.000722,0.000755,3.764592,3.764751,3.763837,0.00015900000000002,3.7561,0.0298981060028076
"2026-05-22T23:42:17.517Z","run_bootstrap",149,"http://client3:8000","run","http://client3:8000/run",1,TRUE,200,1108,254,3.48874449729919,"2026-05-22T23:42:13.727077Z","2026-05-22T23:42:17.215821Z",1779493333.72708,1779493337.21582,0.000519,0.000599,0.000636,3.467248,3.467383,3.466612,0.000134999999999774,3.459,0.0297444972991943
"2026-05-22T23:42:21.362Z","run_bootstrap",150,"http://client1:8000","run","http://client1:8000/run",1,TRUE,200,1108,254,3.82845783233643,"2026-05-22T23:42:17.528798Z","2026-05-22T23:42:21.357256Z",1779493337.5288,1779493341.35726,0.000603,0.00067,0.000705,3.814077,3.81421,3.813372,0.000132999999999939,3.8069,0.0215578323364256
"2026-05-22T23:42:21.362Z","run_bootstrap",150,"http://client2:8000","run","http://client2:8000/run",1,TRUE,200,1108,248,3.34372115135193,"2026-05-22T23:42:17.529617Z","2026-05-22T23:42:20.873338Z",1779493337.52962,1779493340.87334,0.000629,0.000735,0.000776,3.330066,3.330219,3.32929,0.00015300000000007,3.3193,0.0244211513519286
"2026-05-22T23:42:21.362Z","run_bootstrap",150,"http://client3:8000","run","http://client3:8000/run",1,TRUE,200,1108,255,3.80682349205017,"2026-05-22T23:42:17.531130Z","2026-05-22T23:42:21.337954Z",1779493337.53113,1779493341.33795,0.000595,0.000668,0.000692,3.787652,3.78777,3.78696,0.000118000000000062,3.7808,0.0260234920501707
"2026-05-22T23:42:25.110Z","run_bootstrap",151,"http://client1:8000","run","http://client1:8000/run",1,TRUE,200,1108,252,3.72800445556641,"2026-05-22T23:42:21.375121Z","2026-05-22T23:42:25.103125Z",1779493341.37512,1779493345.10313,0.000655,0.000748,0.000788,3.709429,3.709594,3.708641,0.000164999999999971,3.7011,0.0269044555664064
"2026-05-22T23:42:25.110Z","run_bootstrap",151,"http://client2:8000","run","http://client2:8000/run",1,TRUE,200,1108,251,3.64746022224426,"2026-05-22T23:42:21.375744Z","2026-05-22T23:42:25.023204Z",1779493341.37574,1779493345.0232,0.000515,0.000633,0.000678,3.629203,3.629305,3.628525,0.000102000000000046,3.6214,0.0260602222442627
"2026-05-22T23:42:25.110Z","run_bootstrap",151,"http://client3:8000","run","http://client3:8000/run",1,TRUE,200,1108,255,3.53663539886475,"2026-05-22T23:42:21.376168Z","2026-05-22T23:42:24.912803Z",1779493341.37617,1779493344.9128,0.000714,0.000818,0.000856,3.522108,3.522287,3.521252,0.000179000000000151,3.5146,0.0220353988647459
"2026-05-22T23:42:29.098Z","run_bootstrap",152,"http://client1:8000","run","http://client1:8000/run",1,TRUE,200,1108,252,3.80174970626831,"2026-05-22T23:42:25.122923Z","2026-05-22T23:42:28.924673Z",1779493345.12292,1779493348.92467,0.000443,0.000527,0.00057,3.7866,3.786777,3.78603,0.000176999999999872,3.7796,0.0221497062683107
"2026-05-22T23:42:29.098Z","run_bootstrap",152,"http://client2:8000","run","http://client2:8000/run",1,TRUE,200,1108,250,3.94010806083679,"2026-05-22T23:42:25.123578Z","2026-05-22T23:42:29.063686Z",1779493345.12358,1779493349.06369,0.000524,0.000602,0.000639,3.925963,3.926121,3.925324,0.000158000000000325,3.919,0.021108060836792
"2026-05-22T23:42:29.098Z","run_bootstrap",152,"http://client3:8000","run","http://client3:8000/run",1,TRUE,200,1108,255,3.97008013725281,"2026-05-22T23:42:25.124053Z","2026-05-22T23:42:29.094133Z",1779493345.12405,1779493349.09413,0.000414,0.000482,0.000506,3.956914,3.957049,3.956408,0.000135000000000218,3.9499,0.0201801372528077
"2026-05-22T23:42:33.097Z","run_bootstrap",153,"http://client1:8000","run","http://client1:8000/run",1,TRUE,200,1107,251,3.90055823326111,"2026-05-22T23:42:29.109965Z","2026-05-22T23:42:33.010523Z",1779493349.10997,1779493353.01052,0.000603,0.000668,0.000689,3.88148,3.881512,3.880791,3.2000000000032e-05,3.8743,0.0262582332611085
"2026-05-22T23:42:33.097Z","run_bootstrap",153,"http://client2:8000","run","http://client2:8000/run",1,TRUE,200,1107,250,3.65833592414856,"2026-05-22T23:42:29.110791Z","2026-05-22T23:42:32.769127Z",1779493349.11079,1779493352.76913,0.000597,0.000678,0.000701,3.639911,3.639973,3.63921,6.19999999997844e-05,3.6287,0.0296359241485598
"2026-05-22T23:42:33.097Z","run_bootstrap",153,"http://client3:8000","run","http://client3:8000/run",1,TRUE,200,1107,256,3.98167133331299,"2026-05-22T23:42:29.111212Z","2026-05-22T23:42:33.092883Z",1779493349.11121,1779493353.09288,0.000669,0.000724,0.000742,3.96376,3.963792,3.963018,3.2000000000032e-05,3.9548,0.0268713333129882
"2026-05-22T23:42:37.145Z","run_bootstrap",154,"http://client1:8000","run","http://client1:8000/run",1,TRUE,200,1107,251,4.02951693534851,"2026-05-22T23:42:33.111553Z","2026-05-22T23:42:37.141070Z",1779493353.11155,1779493357.14107,0.000655,0.000761,0.000801,4.01525,4.015405,4.014449,0.000155000000000349,4.0068,0.0227169353485106
"2026-05-22T23:42:37.145Z","run_bootstrap",154,"http://client2:8000","run","http://client2:8000/run",1,TRUE,200,1107,249,3.85895323753357,"2026-05-22T23:42:33.113830Z","2026-05-22T23:42:36.972784Z",1779493353.11383,1779493356.97278,0.000685,0.000797,0.00084,3.844335,3.844525,3.843495,0.000189999999999912,3.821,0.0379532375335692
"2026-05-22T23:42:37.145Z","run_bootstrap",154,"http://client3:8000","run","http://client3:8000/run",1,TRUE,200,1107,256,4.02444934844971,"2026-05-22T23:42:33.114252Z","2026-05-22T23:42:37.138701Z",1779493353.11425,1779493357.1387,0.00064,0.000764,0.000812,4.008869,4.00902,4.008057,0.00015099999999979,3.9872,0.037249348449707
"2026-05-22T23:42:41.237Z","run_bootstrap",155,"http://client1:8000","run","http://client1:8000/run",1,TRUE,200,1107,253,3.98027396202087,"2026-05-22T23:42:37.156278Z","2026-05-22T23:42:41.136552Z",1779493357.15628,1779493361.13655,0.000512,0.000601,0.000634,3.96408,3.964215,3.963446,0.000134999999999774,3.9568,0.0234739620208742
"2026-05-22T23:42:41.237Z","run_bootstrap",155,"http://client2:8000","run","http://client2:8000/run",1,TRUE,200,1107,251,4.07576894760132,"2026-05-22T23:42:37.156711Z","2026-05-22T23:42:41.232480Z",1779493357.15671,1779493361.23248,0.00056,0.000669,0.000712,4.058676,4.058829,4.057964,0.00015300000000007,4.0506,0.0251689476013182
"2026-05-22T23:42:41.237Z","run_bootstrap",155,"http://client3:8000","run","http://client3:8000/run",1,TRUE,200,1107,256,3.85120391845703,"2026-05-22T23:42:37.156092Z","2026-05-22T23:42:41.007296Z",1779493357.15609,1779493361.0073,0.000695,0.000803,0.000838,3.837155,3.837246,3.836317,9.09999999998412e-05,3.8245,0.0267039184570312
"2026-05-22T23:42:45.131Z","run_bootstrap",156,"http://client1:8000","run","http://client1:8000/run",1,TRUE,200,1107,253,3.76354217529297,"2026-05-22T23:42:41.249732Z","2026-05-22T23:42:45.013274Z",1779493361.24973,1779493365.01327,0.000591,0.000655,0.000681,3.743927,3.744107,3.743246,0.000180000000000291,3.7368,0.0267421752929686
"2026-05-22T23:42:45.131Z","run_bootstrap",156,"http://client2:8000","run","http://client2:8000/run",1,TRUE,200,1107,251,3.72507429122925,"2026-05-22T23:42:41.250370Z","2026-05-22T23:42:44.975444Z",1779493361.25037,1779493364.97544,0.000581,0.000656,0.000682,3.706047,3.70621,3.705365,0.000163000000000135,3.6991,0.025974291229248
"2026-05-22T23:42:45.131Z","run_bootstrap",156,"http://client3:8000","run","http://client3:8000/run",1,TRUE,200,1107,256,3.87478184700012,"2026-05-22T23:42:41.250792Z","2026-05-22T23:42:45.125573Z",1779493361.25079,1779493365.12557,0.000665,0.000744,0.00078,3.856272,3.85643,3.855492,0.00015799999999988,3.8488,0.0259818470001218
"2026-05-22T23:42:48.998Z","run_bootstrap",157,"http://client1:8000","run","http://client1:8000/run",1,TRUE,200,1109,249,3.3512499332428,"2026-05-22T23:42:45.142933Z","2026-05-22T23:42:48.494183Z",1779493365.14293,1779493368.49418,0.000633,0.000711,0.000745,3.337434,3.337578,3.336689,0.000144000000000144,3.3277,0.0235499332427977
"2026-05-22T23:42:48.998Z","run_bootstrap",157,"http://client2:8000","run","http://client2:8000/run",1,TRUE,200,1109,249,3.84807825088501,"2026-05-22T23:42:45.143861Z","2026-05-22T23:42:48.991939Z",1779493365.14386,1779493368.99194,0.000454,0.00055,0.000587,3.831031,3.831157,3.830444,0.000126000000000293,3.8232,0.0248782508850098
"2026-05-22T23:42:48.998Z","run_bootstrap",157,"http://client3:8000","run","http://client3:8000/run",1,TRUE,200,1109,254,3.64118671417236,"2026-05-22T23:42:45.143001Z","2026-05-22T23:42:48.784188Z",1779493365.143,1779493368.78419,0.000467,0.000545,0.00057,3.627915,3.628041,3.627345,0.000126000000000293,3.6208,0.0203867141723633
"2026-05-22T23:42:52.745Z","run_bootstrap",158,"http://client1:8000","run","http://client1:8000/run",1,TRUE,200,1109,249,3.72875738143921,"2026-05-22T23:42:49.010445Z","2026-05-22T23:42:52.739202Z",1779493369.01045,1779493372.7392,0.000679,0.000778,0.000812,3.713836,3.713987,3.713024,0.00015099999999979,3.7063,0.0224573814392088
"2026-05-22T23:42:52.745Z","run_bootstrap",158,"http://client2:8000","run","http://client2:8000/run",1,TRUE,200,1109,249,3.51188087463379,"2026-05-22T23:42:49.012881Z","2026-05-22T23:42:52.524762Z",1779493369.01288,1779493372.52476,0.000572,0.000678,0.000713,3.492303,3.492417,3.49159,0.000113999999999947,3.4855,0.026380874633789
"2026-05-22T23:42:52.745Z","run_bootstrap",158,"http://client3:8000","run","http://client3:8000/run",1,TRUE,200,1109,254,3.50080013275146,"2026-05-22T23:42:49.012878Z","2026-05-22T23:42:52.513678Z",1779493369.01288,1779493372.51368,0.000743,0.000849,0.000882,3.486665,3.48681,3.485783,0.000145000000000284,3.4795,0.021300132751465
"2026-05-22T23:42:56.510Z","run_bootstrap",159,"http://client1:8000","run","http://client1:8000/run",1,TRUE,200,1109,251,3.74722909927368,"2026-05-22T23:42:52.758934Z","2026-05-22T23:42:56.506163Z",1779493372.75893,1779493376.50616,0.000573,0.000682,0.000716,3.72704,3.727078,3.726324,3.79999999999825e-05,3.7196,0.0276290992736818
"2026-05-22T23:42:56.510Z","run_bootstrap",159,"http://client2:8000","run","http://client2:8000/run",1,TRUE,200,1109,251,3.57555818557739,"2026-05-22T23:42:52.759303Z","2026-05-22T23:42:56.334861Z",1779493372.7593,1779493376.33486,0.000583,0.000695,0.000729,3.55155,3.551585,3.550821,3.50000000000072e-05,3.5444,0.0311581855773926
"2026-05-22T23:42:56.510Z","run_bootstrap",159,"http://client3:8000","run","http://client3:8000/run",1,TRUE,200,1109,256,3.44056034088135,"2026-05-22T23:42:52.759973Z","2026-05-22T23:42:56.200533Z",1779493372.75997,1779493376.20053,0.000654,0.000772,0.00081,3.423993,3.424029,3.423183,3.6000000000147e-05,3.4162,0.0243603408813478
"2026-05-22T23:43:00.382Z","run_bootstrap",160,"http://client1:8000","run","http://client1:8000/run",1,TRUE,200,1109,251,3.43699598312378,"2026-05-22T23:42:56.525749Z","2026-05-22T23:42:59.962745Z",1779493376.52575,1779493379.96275,0.00074,0.000849,0.00089,3.418928,3.419081,3.418038,0.000152999999999626,3.2648,0.172195983123779
"2026-05-22T23:43:00.382Z","run_bootstrap",160,"http://client2:8000","run","http://client2:8000/run",1,TRUE,200,1109,251,3.85121917724609,"2026-05-22T23:42:56.526525Z","2026-05-22T23:43:00.377745Z",1779493376.52653,1779493380.37775,0.000393,0.000467,0.000502,3.833483,3.833678,3.832981,0.000194999999999723,3.6813,0.169919177246094
"2026-05-22T23:43:00.382Z","run_bootstrap",160,"http://client3:8000","run","http://client3:8000/run",1,TRUE,200,1109,256,3.72076439857483,"2026-05-22T23:42:56.527150Z","2026-05-22T23:43:00.247914Z",1779493376.52715,1779493380.24791,0.000718,0.000822,0.000861,3.70497,3.705128,3.704109,0.000158000000000325,3.5566,0.164164398574829
"2026-05-22T23:43:03.985Z","run_bootstrap",161,"http://client1:8000","run","http://client1:8000/run",1,TRUE,200,1108,255,3.41140627861023,"2026-05-22T23:43:00.441274Z","2026-05-22T23:43:03.852681Z",1779493380.44127,1779493383.85268,0.000671,0.000782,0.000818,3.398702,3.398848,3.397884,0.000145999999999979,3.391,0.0204062786102295
"2026-05-22T23:43:03.985Z","run_bootstrap",161,"http://client2:8000","run","http://client2:8000/run",1,TRUE,200,1108,260,3.53576731681824,"2026-05-22T23:43:00.444440Z","2026-05-22T23:43:03.980207Z",1779493380.44444,1779493383.98021,0.000511,0.000604,0.000636,3.516546,3.516678,3.51591,0.000132000000000243,3.5095,0.0262673168182372
"2026-05-22T23:43:03.985Z","run_bootstrap",161,"http://client3:8000","run","http://client3:8000/run",1,TRUE,200,1108,257,3.48059868812561,"2026-05-22T23:43:00.443254Z","2026-05-22T23:43:03.923852Z",1779493380.44325,1779493383.92385,0.000705,8e-04,0.000823,3.468856,3.468975,3.468033,0.000118999999999758,3.4619,0.0186986881256104
"2026-05-22T23:43:07.534Z","run_bootstrap",162,"http://client1:8000","run","http://client1:8000/run",1,TRUE,200,1108,256,3.53162860870361,"2026-05-22T23:43:03.998074Z","2026-05-22T23:43:07.529702Z",1779493383.99807,1779493387.5297,0.000546,0.000664,0.000701,3.516232,3.516391,3.515531,0.00015900000000002,3.5088,0.0228286087036134
"2026-05-22T23:43:07.534Z","run_bootstrap",162,"http://client2:8000","run","http://client2:8000/run",1,TRUE,200,1108,260,3.50617647171021,"2026-05-22T23:43:03.998744Z","2026-05-22T23:43:07.504920Z",1779493383.99874,1779493387.50492,0.000398,0.000475,0.000513,3.490575,3.490695,3.490062,0.000119999999999898,3.4829,0.0232764717102052
"2026-05-22T23:43:07.534Z","run_bootstrap",162,"http://client3:8000","run","http://client3:8000/run",1,TRUE,200,1108,257,3.25009393692017,"2026-05-22T23:43:03.998207Z","2026-05-22T23:43:07.248301Z",1779493383.99821,1779493387.2483,0.000804,0.000925,0.000962,3.235835,3.235997,3.234873,0.000161999999999995,3.2261,0.0239939369201658
"2026-05-22T23:43:11.225Z","run_bootstrap",163,"http://client1:8000","run","http://client1:8000/run",1,TRUE,200,1109,266,3.67374086380005,"2026-05-22T23:43:07.546390Z","2026-05-22T23:43:11.220131Z",1779493387.54639,1779493391.22013,0.00048,0.000561,0.000583,3.660226,3.660362,3.659643,0.000135999999999914,3.6532,0.0205408638000488
"2026-05-22T23:43:11.225Z","run_bootstrap",163,"http://client2:8000","run","http://client2:8000/run",1,TRUE,200,1109,264,3.63643288612366,"2026-05-22T23:43:07.547019Z","2026-05-22T23:43:11.183452Z",1779493387.54702,1779493391.18345,0.000577,0.000639,0.000666,3.623946,3.624108,3.62328,0.000161999999999995,3.6161,0.0203328861236574
"2026-05-22T23:43:11.225Z","run_bootstrap",163,"http://client3:8000","run","http://client3:8000/run",1,TRUE,200,1109,264,3.56751823425293,"2026-05-22T23:43:07.546223Z","2026-05-22T23:43:11.113741Z",1779493387.54622,1779493391.11374,0.000536,0.000629,0.000665,3.55367,3.553816,3.553005,0.000145999999999979,3.5466,0.0209182342529295
"2026-05-22T23:43:14.967Z","run_bootstrap",164,"http://client1:8000","run","http://client1:8000/run",1,TRUE,200,1109,265,3.72498393058777,"2026-05-22T23:43:11.236966Z","2026-05-22T23:43:14.961950Z",1779493391.23697,1779493394.96195,0.000619,0.000676,0.000696,3.710594,3.710733,3.709898,0.000138999999999889,3.703,0.0219839305877687
"2026-05-22T23:43:14.967Z","run_bootstrap",164,"http://client2:8000","run","http://client2:8000/run",1,TRUE,200,1109,262,3.70038485527039,"2026-05-22T23:43:11.237311Z","2026-05-22T23:43:14.937696Z",1779493391.23731,1779493394.9377,0.000567,0.000642,0.000664,3.686707,3.686841,3.686043,0.000133999999999634,3.68,0.0203848552703856
"2026-05-22T23:43:14.967Z","run_bootstrap",164,"http://client3:8000","run","http://client3:8000/run",1,TRUE,200,1109,264,3.61861252784729,"2026-05-22T23:43:11.238515Z","2026-05-22T23:43:14.857128Z",1779493391.23852,1779493394.85713,0.000592,0.00065,0.000669,3.605285,3.605427,3.604616,0.000142000000000309,3.5986,0.0200125278472902
"2026-05-22T23:43:18.594Z","run_bootstrap",165,"http://client1:8000","run","http://client1:8000/run",1,TRUE,200,1108,252,3.54449558258057,"2026-05-22T23:43:14.980307Z","2026-05-22T23:43:18.524803Z",1779493394.98031,1779493398.5248,0.000585,0.000683,0.000722,3.52969,3.529834,3.528968,0.000144000000000144,3.5223,0.0221955825805664
"2026-05-22T23:43:18.594Z","run_bootstrap",165,"http://client2:8000","run","http://client2:8000/run",1,TRUE,200,1108,257,3.60651040077209,"2026-05-22T23:43:14.983377Z","2026-05-22T23:43:18.589888Z",1779493394.98338,1779493398.58989,0.00041,0.000491,0.00053,3.584197,3.58433,3.583667,0.000132999999999939,3.5776,0.0289104007720948
"2026-05-22T23:43:18.594Z","run_bootstrap",165,"http://client3:8000","run","http://client3:8000/run",1,TRUE,200,1108,254,3.59235811233521,"2026-05-22T23:43:14.983660Z","2026-05-22T23:43:18.576019Z",1779493394.98366,1779493398.57602,0.000506,0.000603,0.000641,3.574076,3.57424,3.573435,0.000164000000000275,3.567,0.0253581123352049
"2026-05-22T23:43:22.253Z","run_bootstrap",166,"http://client1:8000","run","http://client1:8000/run",1,TRUE,200,1108,252,3.62516450881958,"2026-05-22T23:43:18.606334Z","2026-05-22T23:43:22.231499Z",1779493398.60633,1779493402.2315,0.000674,0.000779,0.000817,3.60606,3.606187,3.605243,0.000126999999999988,3.5986,0.0265645088195803
"2026-05-22T23:43:22.253Z","run_bootstrap",166,"http://client2:8000","run","http://client2:8000/run",1,TRUE,200,1108,256,3.64110612869263,"2026-05-22T23:43:18.608613Z","2026-05-22T23:43:22.249719Z",1779493398.60861,1779493402.24972,0.000525,0.000634,0.000672,3.62184,3.621972,3.621168,0.000131999999999799,3.615,0.0261061286926267
"2026-05-22T23:43:22.253Z","run_bootstrap",166,"http://client3:8000","run","http://client3:8000/run",1,TRUE,200,1108,255,3.60980081558228,"2026-05-22T23:43:18.609071Z","2026-05-22T23:43:22.218871Z",1779493398.60907,1779493402.21887,0.000615,0.000735,0.000774,3.591024,3.591157,3.59025,0.000132999999999939,3.5841,0.0257008155822755
"2026-05-22T23:43:25.895Z","run_bootstrap",167,"http://client1:8000","run","http://client1:8000/run",1,TRUE,200,1109,253,3.60916805267334,"2026-05-22T23:43:22.268172Z","2026-05-22T23:43:25.877340Z",1779493402.26817,1779493405.87734,0.000619,0.000699,0.00073,3.592149,3.5923,3.591419,0.00015099999999979,3.5849,0.0242680526733396
"2026-05-22T23:43:25.895Z","run_bootstrap",167,"http://client2:8000","run","http://client2:8000/run",1,TRUE,200,1109,255,3.43245148658752,"2026-05-22T23:43:22.268940Z","2026-05-22T23:43:25.701392Z",1779493402.26894,1779493405.70139,0.00052,0.000608,0.000639,3.415967,3.416106,3.415328,0.000138999999999889,3.4061,0.0263514865875245
"2026-05-22T23:43:25.895Z","run_bootstrap",167,"http://client3:8000","run","http://client3:8000/run",1,TRUE,200,1109,255,3.62174487113953,"2026-05-22T23:43:22.269429Z","2026-05-22T23:43:25.891174Z",1779493402.26943,1779493405.89117,0.00047,0.00055,0.000571,3.606766,3.606893,3.606195,0.000126999999999988,3.5991,0.0226448711395264
"2026-05-22T23:43:29.629Z","run_bootstrap",168,"http://client1:8000","run","http://client1:8000/run",1,TRUE,200,1109,253,3.71567702293396,"2026-05-22T23:43:25.908255Z","2026-05-22T23:43:29.623932Z",1779493405.90826,1779493409.62393,0.000756,0.00086,0.000896,3.701781,3.701922,3.700885,0.000141000000000169,3.6942,0.02147702293396
"2026-05-22T23:43:29.629Z","run_bootstrap",168,"http://client2:8000","run","http://client2:8000/run",1,TRUE,200,1109,255,3.65110087394714,"2026-05-22T23:43:25.908892Z","2026-05-22T23:43:29.559993Z",1779493405.90889,1779493409.55999,0.000505,0.000571,0.000592,3.637339,3.637469,3.636747,0.000129999999999963,3.6307,0.0204008739471435
"2026-05-22T23:43:29.629Z","run_bootstrap",168,"http://client3:8000","run","http://client3:8000/run",1,TRUE,200,1109,255,3.62136745452881,"2026-05-22T23:43:25.908107Z","2026-05-22T23:43:29.529474Z",1779493405.90811,1779493409.52947,0.000772,0.000852,0.00089,3.607268,3.607394,3.606378,0.000126000000000293,3.5988,0.0225674545288084
"2026-05-22T23:43:33.531Z","run_bootstrap",169,"http://client1:8000","run","http://client1:8000/run",1,TRUE,200,1109,254,3.5796365737915,"2026-05-22T23:43:29.641594Z","2026-05-22T23:43:33.221230Z",1779493409.64159,1779493413.22123,0.000537,0.000641,0.000676,3.55726,3.557412,3.556584,0.00015199999999993,3.5482,0.0314365737915039
"2026-05-22T23:43:33.531Z","run_bootstrap",169,"http://client2:8000","run","http://client2:8000/run",1,TRUE,200,1109,254,3.81475377082825,"2026-05-22T23:43:29.642142Z","2026-05-22T23:43:33.456895Z",1779493409.64214,1779493413.4569,0.000761,0.000871,0.000905,3.798496,3.798675,3.797591,0.000178999999999707,3.79,0.024753770828247
"2026-05-22T23:43:33.531Z","run_bootstrap",169,"http://client3:8000","run","http://client3:8000/run",1,TRUE,200,1109,254,3.88254857063293,"2026-05-22T23:43:29.642719Z","2026-05-22T23:43:33.525267Z",1779493409.64272,1779493413.52527,0.000491,0.000603,0.00064,3.86414,3.864286,3.8635,0.000145999999999979,3.8557,0.0268485706329344
"2026-05-22T23:43:37.295Z","run_bootstrap",170,"http://client1:8000","run","http://client1:8000/run",1,TRUE,200,1109,254,3.67013788223267,"2026-05-22T23:43:33.544885Z","2026-05-22T23:43:37.215023Z",1779493413.54489,1779493417.21502,0.000598,0.000713,0.000765,3.648998,3.649186,3.648233,0.000187999999999633,3.6407,0.0294378822326662
"2026-05-22T23:43:37.295Z","run_bootstrap",170,"http://client2:8000","run","http://client2:8000/run",1,TRUE,200,1109,256,3.74433279037476,"2026-05-22T23:43:33.545587Z","2026-05-22T23:43:37.289920Z",1779493413.54559,1779493417.28992,0.000434,0.000525,0.000566,3.723628,3.723786,3.723062,0.00015799999999988,3.7162,0.0281327903747557
"2026-05-22T23:43:37.295Z","run_bootstrap",170,"http://client3:8000","run","http://client3:8000/run",1,TRUE,200,1109,254,3.61848258972168,"2026-05-22T23:43:33.546135Z","2026-05-22T23:43:37.164618Z",1779493413.54614,1779493417.16462,0.000514,0.000626,0.000678,3.598433,3.598592,3.597755,0.00015900000000002,3.5912,0.0272825897216795
"2026-05-22T23:43:41.130Z","run_bootstrap",171,"http://client1:8000","run","http://client1:8000/run",1,TRUE,200,1109,254,3.65545916557312,"2026-05-22T23:43:37.308202Z","2026-05-22T23:43:40.963661Z",1779493417.3082,1779493420.96366,0.000521,6e-04,0.000624,3.640835,3.64098,3.640211,0.00014499999999984,3.6337,0.02175916557312
"2026-05-22T23:43:41.130Z","run_bootstrap",171,"http://client2:8000","run","http://client2:8000/run",1,TRUE,200,1109,255,3.81672096252441,"2026-05-22T23:43:37.309060Z","2026-05-22T23:43:41.125781Z",1779493417.30906,1779493421.12578,0.000572,0.000646,0.000676,3.8021,3.802244,3.801424,0.000144000000000144,3.7946,0.0221209625244141
"2026-05-22T23:43:41.130Z","run_bootstrap",171,"http://client3:8000","run","http://client3:8000/run",1,TRUE,200,1109,253,3.44735383987427,"2026-05-22T23:43:37.308499Z","2026-05-22T23:43:40.755852Z",1779493417.3085,1779493420.75585,0.000633,0.000717,0.000752,3.433098,3.433261,3.432346,0.000162999999999691,3.4256,0.0217538398742674
"2026-05-22T23:43:44.872Z","run_bootstrap",172,"http://client1:8000","run","http://client1:8000/run",1,TRUE,200,1109,254,3.61583733558655,"2026-05-22T23:43:41.147891Z","2026-05-22T23:43:44.763728Z",1779493421.14789,1779493424.76373,0.000563,0.000675,0.000711,3.603948,3.60398,3.603237,3.2000000000032e-05,3.5964,0.0194373355865478
"2026-05-22T23:43:44.872Z","run_bootstrap",172,"http://client2:8000","run","http://client2:8000/run",1,TRUE,200,1109,255,3.71476316452026,"2026-05-22T23:43:41.151170Z","2026-05-22T23:43:44.865933Z",1779493421.15117,1779493424.86593,0.000559,0.000637,0.000667,3.702508,3.702538,3.701841,3.00000000001965e-05,3.6955,0.0192631645202637
"2026-05-22T23:43:44.872Z","run_bootstrap",172,"http://client3:8000","run","http://client3:8000/run",1,TRUE,200,1109,253,3.64068937301636,"2026-05-22T23:43:41.149151Z","2026-05-22T23:43:44.789840Z",1779493421.14915,1779493424.78984,0.000457,0.000547,0.00057,3.628451,3.628481,3.627881,2.99999999997524e-05,3.6216,0.0190893730163575
"2026-05-22T23:43:48.567Z","run_bootstrap",173,"http://client1:8000","run","http://client1:8000/run",1,TRUE,200,1109,254,3.61550378799438,"2026-05-22T23:43:44.885898Z","2026-05-22T23:43:48.501402Z",1779493424.8859,1779493428.5014,0.000727,0.000846,0.000897,3.601639,3.601763,3.600742,0.000124000000000013,3.5937,0.0218037879943846
"2026-05-22T23:43:48.567Z","run_bootstrap",173,"http://client2:8000","run","http://client2:8000/run",1,TRUE,200,1109,255,3.66490745544434,"2026-05-22T23:43:44.887705Z","2026-05-22T23:43:48.552613Z",1779493424.88771,1779493428.55261,0.000472,0.00058,0.000619,3.645717,3.645859,3.645098,0.000142000000000309,3.6377,0.0272074554443358
"2026-05-22T23:43:48.567Z","run_bootstrap",173,"http://client3:8000","run","http://client3:8000/run",1,TRUE,200,1109,251,3.67428994178772,"2026-05-22T23:43:44.887912Z","2026-05-22T23:43:48.562202Z",1779493424.88791,1779493428.5622,0.000554,0.00066,0.000694,3.656209,3.656356,3.655515,0.000147000000000119,3.649,0.0252899417877197
"2026-05-22T23:43:52.277Z","run_bootstrap",174,"http://client1:8000","run","http://client1:8000/run",1,TRUE,200,1109,254,3.69206619262695,"2026-05-22T23:43:48.578965Z","2026-05-22T23:43:52.271032Z",1779493428.57897,1779493432.27103,0.000468,0.000545,0.000572,3.677958,3.678051,3.677386,9.30000000001208e-05,3.6698,0.0222661926269532
"2026-05-22T23:43:52.277Z","run_bootstrap",174,"http://client2:8000","run","http://client2:8000/run",1,TRUE,200,1109,254,3.68237280845642,"2026-05-22T23:43:48.580307Z","2026-05-22T23:43:52.262680Z",1779493428.58031,1779493432.26268,0.000589,0.000647,0.000666,3.669598,3.669679,3.668932,8.09999999997757e-05,3.661,0.0213728084564209
"2026-05-22T23:43:52.277Z","run_bootstrap",174,"http://client3:8000","run","http://client3:8000/run",1,TRUE,200,1109,252,3.63575053215027,"2026-05-22T23:43:48.579773Z","2026-05-22T23:43:52.215524Z",1779493428.57977,1779493432.21552,0.000489,0.000544,0.000572,3.62248,3.622556,3.621908,7.5999999999965e-05,3.6108,0.0249505321502688
"2026-05-22T23:43:56.139Z","run_bootstrap",175,"http://client1:8000","run","http://client1:8000/run",1,TRUE,200,1110,254,3.6469464302063,"2026-05-22T23:43:52.289039Z","2026-05-22T23:43:55.935985Z",1779493432.28904,1779493435.93599,0.000325,0.000407,0.00044,3.625605,3.625705,3.625165,9.99999999997669e-05,3.6129,0.034046430206299
"2026-05-22T23:43:56.139Z","run_bootstrap",175,"http://client2:8000","run","http://client2:8000/run",1,TRUE,200,1110,255,3.84434413909912,"2026-05-22T23:43:52.289760Z","2026-05-22T23:43:56.134104Z",1779493432.28976,1779493436.1341,0.000463,0.000518,0.000539,3.8247,3.824852,3.824161,0.00015199999999993,3.8172,0.0271441390991209
"2026-05-22T23:43:56.139Z","run_bootstrap",175,"http://client3:8000","run","http://client3:8000/run",1,TRUE,200,1110,252,3.64156460762024,"2026-05-22T23:43:52.290080Z","2026-05-22T23:43:55.931644Z",1779493432.29008,1779493435.93164,0.000364,0.000437,0.000458,3.622269,3.622397,3.621811,0.000127999999999684,3.6144,0.0271646076202394
"2026-05-22T23:44:00.072Z","run_bootstrap",176,"http://client1:8000","run","http://client1:8000/run",1,TRUE,200,1110,253,3.67027068138123,"2026-05-22T23:43:56.152659Z","2026-05-22T23:43:59.822930Z",1779493436.15266,1779493439.82293,0.000567,0.000646,0.000679,3.654509,3.654648,3.65383,0.000138999999999889,3.647,0.0232706813812258
"2026-05-22T23:44:00.072Z","run_bootstrap",176,"http://client2:8000","run","http://client2:8000/run",1,TRUE,200,1110,255,3.74658179283142,"2026-05-22T23:43:56.153288Z","2026-05-22T23:43:59.899870Z",1779493436.15329,1779493439.89987,0.000473,0.000559,0.000592,3.725135,3.725275,3.724543,0.000140000000000029,3.7071,0.0394817928314208
"2026-05-22T23:44:00.072Z","run_bootstrap",176,"http://client3:8000","run","http://client3:8000/run",1,TRUE,200,1110,252,3.91209721565247,"2026-05-22T23:43:56.152513Z","2026-05-22T23:44:00.064610Z",1779493436.15251,1779493440.06461,0.000754,0.000867,0.000905,3.89728,3.897424,3.896375,0.000144000000000144,3.8792,0.0328972156524658
"2026-05-22T23:44:04.063Z","run_bootstrap",177,"http://client1:8000","run","http://client1:8000/run",1,TRUE,200,1109,253,3.76567578315735,"2026-05-22T23:44:00.090434Z","2026-05-22T23:44:03.856110Z",1779493440.09043,1779493443.85611,0.000503,0.000578,0.000609,3.738837,3.738954,3.738228,0.000116999999999923,3.7213,0.0443757831573488
"2026-05-22T23:44:04.063Z","run_bootstrap",177,"http://client2:8000","run","http://client2:8000/run",1,TRUE,200,1109,252,3.96615886688232,"2026-05-22T23:44:00.090969Z","2026-05-22T23:44:04.057128Z",1779493440.09097,1779493444.05713,0.000676,0.000755,0.00079,3.941946,3.942112,3.941156,0.000165999999999666,3.934,0.0321588668823241
"2026-05-22T23:44:04.063Z","run_bootstrap",177,"http://client3:8000","run","http://client3:8000/run",1,TRUE,200,1109,250,3.71955943107605,"2026-05-22T23:44:00.091732Z","2026-05-22T23:44:03.811292Z",1779493440.09173,1779493443.81129,0.000646,0.000724,0.000747,3.69617,3.696278,3.695423,0.000107999999999997,3.6884,0.0311594310760497
"2026-05-22T23:44:08.054Z","run_bootstrap",178,"http://client1:8000","run","http://client1:8000/run",1,TRUE,200,1109,253,3.77823901176453,"2026-05-22T23:44:04.077511Z","2026-05-22T23:44:07.855750Z",1779493444.07751,1779493447.85575,0.000685,0.000809,0.000852,3.765074,3.765258,3.764222,0.000184000000000406,3.7565,0.0217390117645264
"2026-05-22T23:44:08.054Z","run_bootstrap",178,"http://client2:8000","run","http://client2:8000/run",1,TRUE,200,1109,252,3.70909476280212,"2026-05-22T23:44:04.078983Z","2026-05-22T23:44:07.788078Z",1779493444.07898,1779493447.78808,0.00055,0.000751,0.000793,3.696899,3.697022,3.696106,0.000122999999999873,3.689,0.020094762802124
"2026-05-22T23:44:08.054Z","run_bootstrap",178,"http://client3:8000","run","http://client3:8000/run",1,TRUE,200,1109,250,3.97042989730835,"2026-05-22T23:44:04.078623Z","2026-05-22T23:44:08.049053Z",1779493444.07862,1779493448.04905,0.000493,0.000587,0.000627,3.957834,3.957967,3.957207,0.000132999999999939,3.9496,0.0208298973083494
"2026-05-22T23:44:12.076Z","run_bootstrap",179,"http://client1:8000","run","http://client1:8000/run",1,TRUE,200,1108,251,3.81818461418152,"2026-05-22T23:44:08.065879Z","2026-05-22T23:44:11.884064Z",1779493448.06588,1779493451.88406,0.000629,0.000732,0.000765,3.805093,3.805214,3.804328,0.000121000000000038,3.797,0.0211846141815184
"2026-05-22T23:44:12.076Z","run_bootstrap",179,"http://client2:8000","run","http://client2:8000/run",1,TRUE,200,1108,254,3.71030521392822,"2026-05-22T23:44:08.066972Z","2026-05-22T23:44:11.777278Z",1779493448.06697,1779493451.77728,0.000662,0.000775,0.000809,3.692992,3.693127,3.692183,0.000135000000000218,3.6845,0.0258052139282228
"2026-05-22T23:44:12.076Z","run_bootstrap",179,"http://client3:8000","run","http://client3:8000/run",1,TRUE,200,1108,250,4.00405073165894,"2026-05-22T23:44:08.067494Z","2026-05-22T23:44:12.071544Z",1779493448.06749,1779493452.07154,0.000721,0.000832,0.000866,3.985441,3.985536,3.984575,9.50000000004003e-05,3.9759,0.0281507316589353
"2026-05-22T23:44:16.264Z","run_bootstrap",180,"http://client1:8000","run","http://client1:8000/run",1,TRUE,200,1108,252,3.98081159591675,"2026-05-22T23:44:12.087530Z","2026-05-22T23:44:16.068342Z",1779493452.08753,1779493456.06834,0.000667,0.000771,0.000805,3.967356,3.967457,3.966551,0.000100999999999907,3.8152,0.165611595916748
"2026-05-22T23:44:16.264Z","run_bootstrap",180,"http://client2:8000","run","http://client2:8000/run",1,TRUE,200,1108,254,4.16942381858826,"2026-05-22T23:44:12.089832Z","2026-05-22T23:44:16.259256Z",1779493452.08983,1779493456.25926,0.000649,0.000758,0.000792,4.155444,4.155805,4.154652,0.000360999999999834,4.0048,0.164623818588256
"2026-05-22T23:44:16.264Z","run_bootstrap",180,"http://client3:8000","run","http://client3:8000/run",1,TRUE,200,1108,250,3.77559232711792,"2026-05-22T23:44:12.090204Z","2026-05-22T23:44:15.865796Z",1779493452.0902,1779493455.8658,0.000545,0.000664,0.000702,3.758592,3.758718,3.75789,0.000125999999999848,3.6055,0.17009232711792
"2026-05-22T23:44:19.930Z","run_bootstrap",181,"http://client1:8000","run","http://client1:8000/run",1,TRUE,200,1109,254,3.4809889793396,"2026-05-22T23:44:16.276685Z","2026-05-22T23:44:19.757674Z",1779493456.27669,1779493459.75767,0.000701,0.000776,0.000809,3.462982,3.463103,3.462173,0.000121000000000038,3.4563,0.0246889793395995
"2026-05-22T23:44:19.930Z","run_bootstrap",181,"http://client2:8000","run","http://client2:8000/run",1,TRUE,200,1109,254,3.64816880226135,"2026-05-22T23:44:16.277351Z","2026-05-22T23:44:19.925520Z",1779493456.27735,1779493459.92552,0.00069,0.000776,0.000809,3.630384,3.630495,3.629575,0.000110999999999972,3.6237,0.0244688022613526
"2026-05-22T23:44:19.930Z","run_bootstrap",181,"http://client3:8000","run","http://client3:8000/run",1,TRUE,200,1109,252,3.41413140296936,"2026-05-22T23:44:16.277839Z","2026-05-22T23:44:19.691970Z",1779493456.27784,1779493459.69197,0.000622,7e-04,0.000722,3.397175,3.397313,3.396453,0.000138000000000194,3.3906,0.0235314029693603
"2026-05-22T23:44:23.686Z","run_bootstrap",182,"http://client1:8000","run","http://client1:8000/run",1,TRUE,200,1109,254,3.73768639564514,"2026-05-22T23:44:19.943859Z","2026-05-22T23:44:23.681545Z",1779493459.94386,1779493463.68155,0.000533,0.000622,0.000655,3.722049,3.722191,3.721394,0.000141999999999864,3.7145,0.0231863956451415
"2026-05-22T23:44:23.686Z","run_bootstrap",182,"http://client2:8000","run","http://client2:8000/run",1,TRUE,200,1109,254,3.54628753662109,"2026-05-22T23:44:19.944524Z","2026-05-22T23:44:23.490812Z",1779493459.94452,1779493463.49081,0.000586,0.000655,0.000686,3.531333,3.531465,3.530647,0.000131999999999799,3.5245,0.0217875366210936
"2026-05-22T23:44:23.686Z","run_bootstrap",182,"http://client3:8000","run","http://client3:8000/run",1,TRUE,200,1109,251,3.34286093711853,"2026-05-22T23:44:19.943671Z","2026-05-22T23:44:23.286532Z",1779493459.94367,1779493463.28653,0.000739,0.000862,0.000902,3.328117,3.328248,3.327215,0.000130999999999659,3.321,0.0218609371185301
"2026-05-22T23:44:27.374Z","run_bootstrap",183,"http://client1:8000","run","http://client1:8000/run",1,TRUE,200,1107,251,3.43265342712402,"2026-05-22T23:44:23.696977Z","2026-05-22T23:44:27.129630Z",1779493463.69698,1779493467.12963,0.000435,0.000521,0.000553,3.414495,3.414632,3.413942,0.000137000000000054,3.4075,0.0251534271240232
"2026-05-22T23:44:27.374Z","run_bootstrap",183,"http://client2:8000","run","http://client2:8000/run",1,TRUE,200,1107,253,3.49437355995178,"2026-05-22T23:44:23.698792Z","2026-05-22T23:44:27.193165Z",1779493463.69879,1779493467.19317,0.000484,0.00054,0.00056,3.478143,3.478255,3.477583,0.000111999999999668,3.4715,0.0228735599517824
"2026-05-22T23:44:27.374Z","run_bootstrap",183,"http://client3:8000","run","http://client3:8000/run",1,TRUE,200,1107,251,3.66872072219849,"2026-05-22T23:44:23.698041Z","2026-05-22T23:44:27.366762Z",1779493463.69804,1779493467.36676,0.000431,0.000503,0.000526,3.650993,3.651095,3.650467,0.000102000000000046,3.6445,0.0242207221984865
"2026-05-22T23:44:31.107Z","run_bootstrap",184,"http://client1:8000","run","http://client1:8000/run",1,TRUE,200,1107,251,3.50391483306885,"2026-05-22T23:44:27.395662Z","2026-05-22T23:44:30.899577Z",1779493467.39566,1779493470.89958,0.000733,0.000789,0.00081,3.485798,3.485958,3.484988,0.00016000000000016,3.4768,0.0271148330688478
"2026-05-22T23:44:31.107Z","run_bootstrap",184,"http://client2:8000","run","http://client2:8000/run",1,TRUE,200,1107,252,3.7066433429718,"2026-05-22T23:44:27.396274Z","2026-05-22T23:44:31.102917Z",1779493467.39627,1779493471.10292,0.000664,0.000738,0.000761,3.689157,3.689296,3.688396,0.000139000000000333,3.682,0.0246433429718018
"2026-05-22T23:44:31.107Z","run_bootstrap",184,"http://client3:8000","run","http://client3:8000/run",1,TRUE,200,1107,251,3.54446649551392,"2026-05-22T23:44:27.397054Z","2026-05-22T23:44:30.941521Z",1779493467.39705,1779493470.94152,0.000681,0.000763,0.000796,3.527439,3.527559,3.526643,0.000119999999999898,3.5205,0.0239664955139158
"2026-05-22T23:44:34.747Z","run_bootstrap",185,"http://client1:8000","run","http://client1:8000/run",1,TRUE,200,1109,254,3.46204662322998,"2026-05-22T23:44:31.119229Z","2026-05-22T23:44:34.581275Z",1779493471.11923,1779493474.58128,0.000741,0.000843,0.000879,3.447863,3.448007,3.446984,0.000144000000000144,3.4392,0.0228466232299804
"2026-05-22T23:44:34.747Z","run_bootstrap",185,"http://client2:8000","run","http://client2:8000/run",1,TRUE,200,1109,255,3.62271356582642,"2026-05-22T23:44:31.120113Z","2026-05-22T23:44:34.742827Z",1779493471.12011,1779493474.74283,6e-04,0.000724,0.00076,3.607948,3.608055,3.607188,0.000106999999999857,3.6007,0.0220135658264162
"2026-05-22T23:44:34.747Z","run_bootstrap",185,"http://client3:8000","run","http://client3:8000/run",1,TRUE,200,1109,249,3.58274841308594,"2026-05-22T23:44:31.119333Z","2026-05-22T23:44:34.702082Z",1779493471.11933,1779493474.70208,0.000721,0.000818,0.000854,3.569181,3.569533,3.568327,0.000351999999999908,3.5618,0.0209484130859376
"2026-05-22T23:44:38.498Z","run_bootstrap",186,"http://client1:8000","run","http://client1:8000/run",1,TRUE,200,1109,254,3.73267126083374,"2026-05-22T23:44:34.759670Z","2026-05-22T23:44:38.492341Z",1779493474.75967,1779493478.49234,0.000784,0.000889,0.000926,3.718047,3.718173,3.717121,0.000126000000000293,3.7107,0.0219712608337401
"2026-05-22T23:44:38.498Z","run_bootstrap",186,"http://client2:8000","run","http://client2:8000/run",1,TRUE,200,1109,255,3.48186922073364,"2026-05-22T23:44:34.760564Z","2026-05-22T23:44:38.242433Z",1779493474.76056,1779493478.24243,0.000695,0.000802,0.00084,3.467894,3.468082,3.467054,0.000188000000000077,3.4609,0.0209692207336425
"2026-05-22T23:44:38.498Z","run_bootstrap",186,"http://client3:8000","run","http://client3:8000/run",1,TRUE,200,1109,249,3.47583818435669,"2026-05-22T23:44:34.761796Z","2026-05-22T23:44:38.237634Z",1779493474.7618,1779493478.23763,0.000648,0.00074,0.000771,3.463451,3.463562,3.46268,0.000110999999999972,3.4553,0.0205381843566896
"2026-05-22T23:44:42.317Z","run_bootstrap",187,"http://client1:8000","run","http://client1:8000/run",1,TRUE,200,1109,254,3.67122554779053,"2026-05-22T23:44:38.511085Z","2026-05-22T23:44:42.182310Z",1779493478.51109,1779493482.18231,0.000443,0.000494,0.000517,3.652446,3.65258,3.651929,0.000134000000000079,3.6445,0.0267255477905275
"2026-05-22T23:44:42.317Z","run_bootstrap",187,"http://client2:8000","run","http://client2:8000/run",1,TRUE,200,1109,253,3.57543134689331,"2026-05-22T23:44:38.511720Z","2026-05-22T23:44:42.087151Z",1779493478.51172,1779493482.08715,0.000358,0.00042,0.000441,3.556424,3.556575,3.555983,0.000151000000000234,3.55,0.0254313468933107
"2026-05-22T23:44:42.317Z","run_bootstrap",187,"http://client3:8000","run","http://client3:8000/run",1,TRUE,200,1109,250,3.80208849906921,"2026-05-22T23:44:38.510807Z","2026-05-22T23:44:42.312896Z",1779493478.51081,1779493482.3129,0.000493,0.000597,0.000634,3.787737,3.787903,3.787103,0.000166000000000111,3.7809,0.0211884990692139
"2026-05-22T23:44:46.134Z","run_bootstrap",188,"http://client1:8000","run","http://client1:8000/run",1,TRUE,200,1109,254,3.65985798835754,"2026-05-22T23:44:42.330985Z","2026-05-22T23:44:45.990843Z",1779493482.33099,1779493485.99084,0.00056,0.000672,0.000712,3.638237,3.638363,3.637525,0.000125999999999848,3.6309,0.0289579883575439
"2026-05-22T23:44:46.134Z","run_bootstrap",188,"http://client2:8000","run","http://client2:8000/run",1,TRUE,200,1109,255,3.60466194152832,"2026-05-22T23:44:42.331719Z","2026-05-22T23:44:45.936381Z",1779493482.33172,1779493485.93638,0.000639,0.000723,0.000756,3.579405,3.579549,3.578649,0.000144000000000144,3.5723,0.0323619415283205
"2026-05-22T23:44:46.134Z","run_bootstrap",188,"http://client3:8000","run","http://client3:8000/run",1,TRUE,200,1109,250,3.79732537269592,"2026-05-22T23:44:42.332337Z","2026-05-22T23:44:46.129662Z",1779493482.33234,1779493486.12966,6e-04,0.000704,0.000739,3.777707,3.777828,3.776968,0.000121000000000038,3.7707,0.0266253726959227
"2026-05-22T23:44:49.830Z","run_bootstrap",189,"http://client1:8000","run","http://client1:8000/run",1,TRUE,200,1109,254,3.67359471321106,"2026-05-22T23:44:46.148785Z","2026-05-22T23:44:49.822380Z",1779493486.14879,1779493489.82238,0.000526,0.000609,0.000645,3.65513,3.655281,3.654485,0.00015099999999979,3.6479,0.0256947132110596
"2026-05-22T23:44:49.830Z","run_bootstrap",189,"http://client2:8000","run","http://client2:8000/run",1,TRUE,200,1109,255,3.6769847869873,"2026-05-22T23:44:46.148452Z","2026-05-22T23:44:49.825437Z",1779493486.14845,1779493489.82544,0.000749,0.000828,0.000852,3.663669,3.663803,3.662817,0.000134000000000079,3.6564,0.0205847869873046
"2026-05-22T23:44:49.830Z","run_bootstrap",189,"http://client3:8000","run","http://client3:8000/run",1,TRUE,200,1109,253,3.58057689666748,"2026-05-22T23:44:46.150034Z","2026-05-22T23:44:49.730611Z",1779493486.15003,1779493489.73061,0.000554,0.00064,0.000676,3.563965,3.564112,3.563289,0.000147000000000119,3.5558,0.0247768966674804
"2026-05-22T23:44:53.701Z","run_bootstrap",190,"http://client1:8000","run","http://client1:8000/run",1,TRUE,200,1109,254,3.85540318489075,"2026-05-22T23:44:49.841402Z","2026-05-22T23:44:53.696805Z",1779493489.8414,1779493493.69681,0.000677,0.000781,0.000816,3.841867,3.842004,3.841051,0.000137000000000054,3.8333,0.0221031848907471
"2026-05-22T23:44:53.701Z","run_bootstrap",190,"http://client2:8000","run","http://client2:8000/run",1,TRUE,200,1109,255,3.53605842590332,"2026-05-22T23:44:49.843359Z","2026-05-22T23:44:53.379417Z",1779493489.84336,1779493493.37942,0.000723,0.00083,0.000867,3.522318,3.522488,3.521451,0.000170000000000226,3.5151,0.0209584259033204
"2026-05-22T23:44:53.701Z","run_bootstrap",190,"http://client3:8000","run","http://client3:8000/run",1,TRUE,200,1109,253,3.60248160362244,"2026-05-22T23:44:49.844095Z","2026-05-22T23:44:53.446577Z",1779493489.8441,1779493493.44658,0.000684,0.000796,0.00083,3.58794,3.588056,3.58711,0.000115999999999783,3.5808,0.0216816036224365
"2026-05-22T23:44:57.497Z","run_bootstrap",191,"http://client1:8000","run","http://client1:8000/run",1,TRUE,200,1108,254,3.77762293815613,"2026-05-22T23:44:53.713635Z","2026-05-22T23:44:57.491258Z",1779493493.71364,1779493497.49126,0.000664,0.000716,0.000735,3.762341,3.762493,3.761606,0.00015199999999993,3.7548,0.022822938156128
"2026-05-22T23:44:57.497Z","run_bootstrap",191,"http://client2:8000","run","http://client2:8000/run",1,TRUE,200,1108,255,3.71308755874634,"2026-05-22T23:44:53.714197Z","2026-05-22T23:44:57.427284Z",1779493493.7142,1779493497.42728,0.000608,0.000664,0.000682,3.699112,3.699234,3.69843,0.000122000000000178,3.6922,0.0208875587463377
"2026-05-22T23:44:57.497Z","run_bootstrap",191,"http://client3:8000","run","http://client3:8000/run",1,TRUE,200,1108,252,3.65852332115173,"2026-05-22T23:44:53.714831Z","2026-05-22T23:44:57.373354Z",1779493493.71483,1779493497.37335,0.000463,0.000552,0.000575,3.644327,3.644484,3.643752,0.000156999999999741,3.6372,0.0213233211517334
"2026-05-22T23:45:01.401Z","run_bootstrap",192,"http://client1:8000","run","http://client1:8000/run",1,TRUE,200,1108,254,3.88533020019531,"2026-05-22T23:44:57.510385Z","2026-05-22T23:45:01.395715Z",1779493497.51039,1779493501.39572,0.000511,0.00062,0.000658,3.865896,3.866078,3.865238,0.000181999999999682,3.8565,0.0288302001953125
"2026-05-22T23:45:01.401Z","run_bootstrap",192,"http://client2:8000","run","http://client2:8000/run",1,TRUE,200,1108,255,3.59902620315552,"2026-05-22T23:44:57.510865Z","2026-05-22T23:45:01.109892Z",1779493497.51087,1779493501.10989,0.000644,0.000754,0.000788,3.581207,3.581355,3.580419,0.000147999999999815,3.5724,0.0266262031555176
"2026-05-22T23:45:01.401Z","run_bootstrap",192,"http://client3:8000","run","http://client3:8000/run",1,TRUE,200,1108,252,3.62404036521912,"2026-05-22T23:44:57.511134Z","2026-05-22T23:45:01.135174Z",1779493497.51113,1779493501.13517,0.000548,0.000663,0.000699,3.609528,3.609742,3.608829,0.000213999999999714,3.6007,0.0233403652191164
"2026-05-22T23:45:05.156Z","run_bootstrap",193,"http://client1:8000","run","http://client1:8000/run",1,TRUE,200,1109,251,3.73689556121826,"2026-05-22T23:45:01.414106Z","2026-05-22T23:45:05.151001Z",1779493501.41411,1779493505.151,0.000622,0.000726,0.000765,3.722395,3.722448,3.72163,5.29999999998587e-05,3.713,0.0238955612182616
"2026-05-22T23:45:05.156Z","run_bootstrap",193,"http://client2:8000","run","http://client2:8000/run",1,TRUE,200,1109,252,3.51173377037048,"2026-05-22T23:45:01.414954Z","2026-05-22T23:45:04.926688Z",1779493501.41495,1779493504.92669,0.000575,0.000648,0.000678,3.498192,3.498348,3.497514,0.000156000000000045,3.49,0.0217337703704832
"2026-05-22T23:45:05.156Z","run_bootstrap",193,"http://client3:8000","run","http://client3:8000/run",1,TRUE,200,1109,253,3.72323155403137,"2026-05-22T23:45:01.415511Z","2026-05-22T23:45:05.138742Z",1779493501.41551,1779493505.13874,0.000475,0.000556,0.000591,3.704912,3.705045,3.704321,0.000132999999999939,3.6978,0.0254315540313721
"2026-05-22T23:45:09.047Z","run_bootstrap",194,"http://client1:8000","run","http://client1:8000/run",1,TRUE,200,1109,252,3.87141132354736,"2026-05-22T23:45:05.168871Z","2026-05-22T23:45:09.040282Z",1779493505.16887,1779493509.04028,0.000731,0.000812,0.000853,3.850406,3.85052,3.849553,0.000113999999999947,3.8384,0.0330113235473632
"2026-05-22T23:45:09.047Z","run_bootstrap",194,"http://client2:8000","run","http://client2:8000/run",1,TRUE,200,1109,254,3.68204545974731,"2026-05-22T23:45:05.169467Z","2026-05-22T23:45:08.851512Z",1779493505.16947,1779493508.85151,0.000486,0.000597,0.000618,3.662142,3.662277,3.661524,0.000135000000000218,3.6543,0.0277454597473143
"2026-05-22T23:45:09.047Z","run_bootstrap",194,"http://client3:8000","run","http://client3:8000/run",1,TRUE,200,1109,253,3.69827389717102,"2026-05-22T23:45:05.169901Z","2026-05-22T23:45:08.868175Z",1779493505.1699,1779493508.86818,0.000573,0.000603,0.000616,3.67894,3.679063,3.678324,0.000123000000000317,3.6716,0.0266738971710203
"2026-05-22T23:45:12.937Z","run_bootstrap",195,"http://client1:8000","run","http://client1:8000/run",1,TRUE,200,1108,252,3.82605314254761,"2026-05-22T23:45:09.062306Z","2026-05-22T23:45:12.888359Z",1779493509.06231,1779493512.88836,0.000623,0.000715,0.000746,3.81196,3.812112,3.811214,0.00015199999999993,3.8033,0.0227531425476073
"2026-05-22T23:45:12.937Z","run_bootstrap",195,"http://client2:8000","run","http://client2:8000/run",1,TRUE,200,1108,255,3.7020947933197,"2026-05-22T23:45:09.062810Z","2026-05-22T23:45:12.764905Z",1779493509.06281,1779493512.76491,0.000546,0.000622,0.000644,3.688463,3.6886,3.687819,0.000137000000000054,3.6814,0.0206947933197021
"2026-05-22T23:45:12.937Z","run_bootstrap",195,"http://client3:8000","run","http://client3:8000/run",1,TRUE,200,1108,252,3.87034964561462,"2026-05-22T23:45:09.062133Z","2026-05-22T23:45:12.932483Z",1779493509.06213,1779493512.93248,0.000567,0.000626,0.000645,3.856742,3.85686,3.856097,0.000118000000000062,3.8499,0.0204496456146241
"2026-05-22T23:45:16.838Z","run_bootstrap",196,"http://client1:8000","run","http://client1:8000/run",1,TRUE,200,1108,252,3.59775280952454,"2026-05-22T23:45:12.949676Z","2026-05-22T23:45:16.547428Z",1779493512.94968,1779493516.54743,0.000566,0.000656,0.000689,3.581097,3.581236,3.580408,0.000138999999999889,3.5735,0.024252809524536
"2026-05-22T23:45:16.838Z","run_bootstrap",196,"http://client2:8000","run","http://client2:8000/run",1,TRUE,200,1108,255,3.58415913581848,"2026-05-22T23:45:12.950259Z","2026-05-22T23:45:16.534418Z",1779493512.95026,1779493516.53442,0.000715,0.000827,0.000863,3.568056,3.568161,3.567193,0.000105000000000022,3.5606,0.0235591358184815
"2026-05-22T23:45:16.838Z","run_bootstrap",196,"http://client3:8000","run","http://client3:8000/run",1,TRUE,200,1108,252,3.88444447517395,"2026-05-22T23:45:12.949624Z","2026-05-22T23:45:16.834068Z",1779493512.94962,1779493516.83407,0.000661,0.000787,0.000823,3.870982,3.871123,3.870159,0.000140999999999725,3.8637,0.0207444751739501
"2026-05-22T23:45:20.803Z","run_bootstrap",197,"http://client1:8000","run","http://client1:8000/run",1,TRUE,200,1109,254,3.94539856910706,"2026-05-22T23:45:16.850513Z","2026-05-22T23:45:20.795912Z",1779493516.85051,1779493520.79591,0.000386,0.000506,0.000546,3.927078,3.927196,3.926532,0.000118000000000062,3.9199,0.0254985691070555
"2026-05-22T23:45:20.803Z","run_bootstrap",197,"http://client2:8000","run","http://client2:8000/run",1,TRUE,200,1109,253,3.61096453666687,"2026-05-22T23:45:16.851176Z","2026-05-22T23:45:20.462141Z",1779493516.85118,1779493520.46214,0.000491,0.000568,0.000601,3.593215,3.593371,3.592614,0.000156000000000045,3.5852,0.0257645366668702
"2026-05-22T23:45:20.803Z","run_bootstrap",197,"http://client3:8000","run","http://client3:8000/run",1,TRUE,200,1109,252,3.65586352348328,"2026-05-22T23:45:16.850486Z","2026-05-22T23:45:20.506350Z",1779493516.85049,1779493520.50635,0.000606,0.000722,0.000757,3.642178,3.642303,3.641421,0.000125000000000153,3.6337,0.0221635234832762
"2026-05-22T23:45:24.587Z","run_bootstrap",198,"http://client1:8000","run","http://client1:8000/run",1,TRUE,200,1109,254,3.65207052230835,"2026-05-22T23:45:20.817508Z","2026-05-22T23:45:24.469579Z",1779493520.81751,1779493524.46958,0.000821,0.000909,0.000944,3.637283,3.637444,3.636339,0.000160999999999856,3.6281,0.0239705223083497
"2026-05-22T23:45:24.587Z","run_bootstrap",198,"http://client2:8000","run","http://client2:8000/run",1,TRUE,200,1109,253,3.76487588882446,"2026-05-22T23:45:20.817763Z","2026-05-22T23:45:24.582638Z",1779493520.81776,1779493524.58264,0.00065,0.000745,0.00078,3.75025,3.750394,3.74947,0.000144000000000144,3.7361,0.0287758888244629
"2026-05-22T23:45:24.587Z","run_bootstrap",198,"http://client3:8000","run","http://client3:8000/run",1,TRUE,200,1109,252,3.56602191925049,"2026-05-22T23:45:20.817409Z","2026-05-22T23:45:24.383431Z",1779493520.81741,1779493524.38343,0.000701,0.000812,0.000851,3.551122,3.55123,3.550271,0.000107999999999997,3.5383,0.0277219192504883
"2026-05-22T23:45:28.464Z","run_bootstrap",199,"http://client1:8000","run","http://client1:8000/run",1,TRUE,200,1109,254,3.85306239128113,"2026-05-22T23:45:24.600553Z","2026-05-22T23:45:28.453615Z",1779493524.60055,1779493528.45362,0.000799,0.000899,0.000922,3.837601,3.837746,3.836679,0.000145000000000284,3.8289,0.024162391281128
"2026-05-22T23:45:28.464Z","run_bootstrap",199,"http://client2:8000","run","http://client2:8000/run",1,TRUE,200,1109,254,3.62184596061707,"2026-05-22T23:45:24.601195Z","2026-05-22T23:45:28.223041Z",1779493524.6012,1779493528.22304,0.000456,0.000534,0.000564,3.606388,3.606519,3.605824,0.000131000000000103,3.5841,0.0377459606170656
"2026-05-22T23:45:28.464Z","run_bootstrap",199,"http://client3:8000","run","http://client3:8000/run",1,TRUE,200,1109,252,3.7912859916687,"2026-05-22T23:45:24.601727Z","2026-05-22T23:45:28.393013Z",1779493524.60173,1779493528.39301,0.000558,0.000643,0.000674,3.777149,3.777282,3.776475,0.000132999999999939,3.7548,0.0364859916687013
"2026-05-22T23:45:32.681Z","run_bootstrap",200,"http://client1:8000","run","http://client1:8000/run",1,TRUE,200,1109,254,4.19816303253174,"2026-05-22T23:45:28.478265Z","2026-05-22T23:45:32.676428Z",1779493528.47827,1779493532.67643,0.000616,0.000718,0.00076,4.184423,4.184565,4.183663,0.000142000000000309,4.0102,0.187963032531738
"2026-05-22T23:45:32.681Z","run_bootstrap",200,"http://client2:8000","run","http://client2:8000/run",1,TRUE,200,1109,252,4.055743932724,"2026-05-22T23:45:28.480228Z","2026-05-22T23:45:32.535972Z",1779493528.48023,1779493532.53597,0.000411,0.000471,0.000502,4.040728,4.040868,4.040226,0.000140000000000029,3.88,0.175743932723999
"2026-05-22T23:45:32.681Z","run_bootstrap",200,"http://client3:8000","run","http://client3:8000/run",1,TRUE,200,1109,252,3.77225065231323,"2026-05-22T23:45:28.480680Z","2026-05-22T23:45:32.252931Z",1779493528.48068,1779493532.25293,0.00067,0.000754,0.000788,3.758172,3.758427,3.757384,0.000255000000000116,3.5888,0.183450652313232
"2026-05-22T23:45:36.399Z","run_bootstrap",201,"http://client1:8000","run","http://client1:8000/run",1,TRUE,200,1107,254,3.540203332901,"2026-05-22T23:45:32.692763Z","2026-05-22T23:45:36.232966Z",1779493532.69276,1779493536.23297,0.000362,0.00043,0.000466,3.518235,3.518377,3.517769,0.000142000000000309,3.5117,0.0285033329010012
"2026-05-22T23:45:36.399Z","run_bootstrap",201,"http://client2:8000","run","http://client2:8000/run",1,TRUE,200,1107,253,3.69867300987244,"2026-05-22T23:45:32.693430Z","2026-05-22T23:45:36.392103Z",1779493532.69343,1779493536.3921,0.000379,0.000448,0.00048,3.677498,3.677629,3.677018,0.000131000000000103,3.6712,0.0274730098724367
"2026-05-22T23:45:36.399Z","run_bootstrap",201,"http://client3:8000","run","http://client3:8000/run",1,TRUE,200,1107,251,3.45549201965332,"2026-05-22T23:45:32.694068Z","2026-05-22T23:45:36.149560Z",1779493532.69407,1779493536.14956,0.00059,0.000695,0.000734,3.438317,3.438449,3.437583,0.000131999999999799,3.4318,0.0236920196533204
"2026-05-22T23:45:40.136Z","run_bootstrap",202,"http://client1:8000","run","http://client1:8000/run",1,TRUE,200,1107,253,3.58778929710388,"2026-05-22T23:45:36.413658Z","2026-05-22T23:45:40.001447Z",1779493536.41366,1779493540.00145,0.000449,0.000535,0.000573,3.566177,3.566347,3.565604,0.000169999999999781,3.559,0.0287892971038817
"2026-05-22T23:45:40.136Z","run_bootstrap",202,"http://client2:8000","run","http://client2:8000/run",1,TRUE,200,1107,252,3.71555352210999,"2026-05-22T23:45:36.413942Z","2026-05-22T23:45:40.129495Z",1779493536.41394,1779493540.1295,0.000619,0.00071,0.000742,3.694355,3.69451,3.693613,0.000155000000000349,3.683,0.0325535221099855
"2026-05-22T23:45:40.136Z","run_bootstrap",202,"http://client3:8000","run","http://client3:8000/run",1,TRUE,200,1107,251,3.47417855262756,"2026-05-22T23:45:36.414103Z","2026-05-22T23:45:39.888281Z",1779493536.4141,1779493539.88828,0.000547,0.00066,0.000703,3.460054,3.460193,3.459351,0.000138999999999889,3.4521,0.0220785526275633
