"timestamp","phase","round_id","client","endpoint","url","attempt","ok","status","request_bytes","response_bytes","elapsed_sec","request_start_ts_utc","request_end_ts_utc","request_start_epoch_sec","request_end_epoch_sec","curl_namelookup_sec","curl_connect_sec","curl_pretransfer_sec","curl_starttransfer_sec","curl_total_sec","curl_ttfb_sec","curl_response_transfer_sec","client_compute_sec","net_overhead_sec"
"2026-05-22T21:31:33.491Z","init",1,"http://client1:8000","init","http://client1:8000/init",1,TRUE,200,2713,387,0.366917610168457,"2026-05-22T21:31:33.070345Z","2026-05-22T21:31:33.437262Z",1779485493.07035,1779485493.43726,0.000736,0.000817,0.000842,0.353616,0.353645,0.352774,2.90000000000012e-05,NA,NA
"2026-05-22T21:31:33.491Z","init",1,"http://client2:8000","init","http://client2:8000/init",1,TRUE,200,2713,387,0.363640069961548,"2026-05-22T21:31:33.070861Z","2026-05-22T21:31:33.434501Z",1779485493.07086,1779485493.4345,0.000712,0.000799,0.000942,0.350647,0.350695,0.349705,4.79999999999925e-05,NA,NA
"2026-05-22T21:31:33.491Z","init",1,"http://client3:8000","init","http://client3:8000/init",1,TRUE,200,2713,387,0.363244771957397,"2026-05-22T21:31:33.071257Z","2026-05-22T21:31:33.434502Z",1779485493.07126,1779485493.4345,0.000643,0.00076,8e-04,0.350756,0.350805,0.349956,4.89999999999657e-05,NA,NA
"2026-05-22T21:31:39.253Z","run_bootstrap",1,"http://client1:8000","run","http://client1:8000/run",1,TRUE,200,1107,256,5.54084086418152,"2026-05-22T21:31:33.708450Z","2026-05-22T21:31:39.249291Z",1779485493.70845,1779485499.24929,0.000526,0.000602,0.000628,5.527998,5.52804,5.52737,4.19999999996534e-05,5.4714,0.0694408641815185
"2026-05-22T21:31:39.253Z","run_bootstrap",1,"http://client2:8000","run","http://client2:8000/run",1,TRUE,200,1107,259,5.49827241897583,"2026-05-22T21:31:33.709444Z","2026-05-22T21:31:39.207716Z",1779485493.70944,1779485499.20772,0.000699,0.000761,0.000785,5.48554,5.485594,5.484755,5.39999999995544e-05,5.4257,0.0725724189758301
"2026-05-22T21:31:39.253Z","run_bootstrap",1,"http://client3:8000","run","http://client3:8000/run",1,TRUE,200,1107,253,5.381343126297,"2026-05-22T21:31:33.710512Z","2026-05-22T21:31:39.091855Z",1779485493.71051,1779485499.09186,0.000582,0.000692,0.000732,5.362058,5.362107,5.361326,4.89999999997437e-05,5.3063,0.0750431262969968
"2026-05-22T21:31:42.955Z","run_bootstrap",2,"http://client1:8000","run","http://client1:8000/run",1,TRUE,200,1107,256,3.55021214485168,"2026-05-22T21:31:39.304726Z","2026-05-22T21:31:42.854938Z",1779485499.30473,1779485502.85494,0.000681,0.000784,0.000818,3.535633,3.535676,3.534815,4.30000000002373e-05,3.4239,0.126312144851684
"2026-05-22T21:31:42.955Z","run_bootstrap",2,"http://client2:8000","run","http://client2:8000/run",1,TRUE,200,1107,259,3.64437913894653,"2026-05-22T21:31:39.306011Z","2026-05-22T21:31:42.950390Z",1779485499.30601,1779485502.95039,0.000632,0.000722,0.000756,3.630338,3.630399,3.629582,6.10000000000888e-05,3.5195,0.124879138946533
"2026-05-22T21:31:42.955Z","run_bootstrap",2,"http://client3:8000","run","http://client3:8000/run",1,TRUE,200,1107,253,3.44131875038147,"2026-05-22T21:31:39.307333Z","2026-05-22T21:31:42.748652Z",1779485499.30733,1779485502.74865,0.000521,6e-04,0.000631,3.428255,3.428298,3.427624,4.29999999997932e-05,3.3168,0.12451875038147
"2026-05-22T21:31:46.571Z","run_bootstrap",3,"http://client1:8000","run","http://client1:8000/run",1,TRUE,200,1109,262,3.53321146965027,"2026-05-22T21:31:42.972802Z","2026-05-22T21:31:46.506014Z",1779485502.9728,1779485506.50601,0.000439,0.000552,0.000607,3.511658,3.511703,3.511051,4.49999999996287e-05,3.5048,0.0284114696502686
"2026-05-22T21:31:46.571Z","run_bootstrap",3,"http://client2:8000","run","http://client2:8000/run",1,TRUE,200,1109,263,3.56641960144043,"2026-05-22T21:31:42.973513Z","2026-05-22T21:31:46.539932Z",1779485502.97351,1779485506.53993,0.00063,0.000739,0.000779,3.551132,3.551178,3.550353,4.60000000002125e-05,3.5445,0.0219196014404295
"2026-05-22T21:31:46.571Z","run_bootstrap",3,"http://client3:8000","run","http://client3:8000/run",1,TRUE,200,1109,264,3.59084415435791,"2026-05-22T21:31:42.974150Z","2026-05-22T21:31:46.564995Z",1779485502.97415,1779485506.565,0.000514,0.000602,0.000639,3.570748,3.570791,3.570109,4.29999999997932e-05,3.5634,0.02744415435791
"2026-05-22T21:31:50.373Z","run_bootstrap",4,"http://client1:8000","run","http://client1:8000/run",1,TRUE,200,1109,261,3.59965801239014,"2026-05-22T21:31:46.585847Z","2026-05-22T21:31:50.185505Z",1779485506.58585,1779485510.18551,0.000692,0.000808,0.000844,3.585033,3.585087,3.584189,5.39999999999985e-05,3.578,0.0216580123901369
"2026-05-22T21:31:50.373Z","run_bootstrap",4,"http://client2:8000","run","http://client2:8000/run",1,TRUE,200,1109,263,3.78278803825378,"2026-05-22T21:31:46.586411Z","2026-05-22T21:31:50.369199Z",1779485506.58641,1779485510.3692,0.000524,0.000615,0.000651,3.764134,3.764179,3.763483,4.50000000000728e-05,3.7564,0.026388038253784
"2026-05-22T21:31:50.373Z","run_bootstrap",4,"http://client3:8000","run","http://client3:8000/run",1,TRUE,200,1109,264,3.75357937812805,"2026-05-22T21:31:46.586870Z","2026-05-22T21:31:50.340449Z",1779485506.58687,1779485510.34045,0.000611,0.00072,0.000756,3.736061,3.73612,3.735305,5.90000000002533e-05,3.7293,0.0242793781280519
"2026-05-22T21:31:53.956Z","run_bootstrap",5,"http://client1:8000","run","http://client1:8000/run",1,TRUE,200,1108,255,3.56703424453735,"2026-05-22T21:31:50.384626Z","2026-05-22T21:31:53.951660Z",1779485510.38463,1779485513.95166,0.000471,0.000591,0.000629,3.542369,3.5424,3.54174,3.10000000003363e-05,3.5354,0.0316342445373534
"2026-05-22T21:31:53.956Z","run_bootstrap",5,"http://client2:8000","run","http://client2:8000/run",1,TRUE,200,1108,258,3.5610077381134,"2026-05-22T21:31:50.384979Z","2026-05-22T21:31:53.945987Z",1779485510.38498,1779485513.94599,0.000786,0.000906,0.000942,3.536702,3.536734,3.53576,3.2000000000032e-05,3.5293,0.0317077381134032
"2026-05-22T21:31:53.956Z","run_bootstrap",5,"http://client3:8000","run","http://client3:8000/run",1,TRUE,200,1108,253,3.51597261428833,"2026-05-22T21:31:50.385569Z","2026-05-22T21:31:53.901541Z",1779485510.38557,1779485513.90154,0.000471,0.000561,0.000594,3.490792,3.490835,3.490198,4.30000000002373e-05,3.4836,0.03237261428833
"2026-05-22T21:31:57.611Z","run_bootstrap",6,"http://client1:8000","run","http://client1:8000/run",1,TRUE,200,1108,255,3.63435816764832,"2026-05-22T21:31:53.972209Z","2026-05-22T21:31:57.606567Z",1779485513.97221,1779485517.60657,0.000561,0.000642,0.000672,3.613323,3.613365,3.612651,4.20000000000975e-05,3.6063,0.0280581676483154
"2026-05-22T21:31:57.611Z","run_bootstrap",6,"http://client2:8000","run","http://client2:8000/run",1,TRUE,200,1108,258,3.5119800567627,"2026-05-22T21:31:53.972281Z","2026-05-22T21:31:57.484261Z",1779485513.97228,1779485517.48426,0.000501,0.000592,0.000625,3.495548,3.495593,3.494923,4.50000000000728e-05,3.4884,0.0235800567626954
"2026-05-22T21:31:57.611Z","run_bootstrap",6,"http://client3:8000","run","http://client3:8000/run",1,TRUE,200,1108,253,3.28154420852661,"2026-05-22T21:31:53.972717Z","2026-05-22T21:31:57.254261Z",1779485513.97272,1779485517.25426,0.00065,0.000772,0.000865,3.266238,3.266387,3.265373,0.000148999999999955,3.2559,0.0256442085266113
"2026-05-22T21:32:01.327Z","run_bootstrap",7,"http://client1:8000","run","http://client1:8000/run",1,TRUE,200,1108,257,3.530513048172,"2026-05-22T21:31:57.623417Z","2026-05-22T21:32:01.153930Z",1779485517.62342,1779485521.15393,0.000505,0.000585,0.000608,3.515303,3.515348,3.514695,4.50000000000728e-05,3.5085,0.0220130481719969
"2026-05-22T21:32:01.327Z","run_bootstrap",7,"http://client2:8000","run","http://client2:8000/run",1,TRUE,200,1108,256,3.27766275405884,"2026-05-22T21:31:57.624071Z","2026-05-22T21:32:00.901734Z",1779485517.62407,1779485520.90173,0.000534,0.000585,0.000605,3.263002,3.263052,3.262397,4.99999999998835e-05,3.253,0.0246627540588378
"2026-05-22T21:32:01.327Z","run_bootstrap",7,"http://client3:8000","run","http://client3:8000/run",1,TRUE,200,1108,254,3.69619035720825,"2026-05-22T21:31:57.624787Z","2026-05-22T21:32:01.320977Z",1779485517.62479,1779485521.32098,0.000515,0.000565,0.000584,3.679478,3.679527,3.678894,4.90000000001878e-05,3.6718,0.0243903572082518
"2026-05-22T21:32:05.053Z","run_bootstrap",8,"http://client1:8000","run","http://client1:8000/run",1,TRUE,200,1108,257,3.70777463912964,"2026-05-22T21:32:01.339271Z","2026-05-22T21:32:05.047045Z",1779485521.33927,1779485525.04705,0.000754,0.000785,0.000797,3.692847,3.692891,3.69205,4.3999999999933e-05,3.6858,0.0219746391296387
"2026-05-22T21:32:05.053Z","run_bootstrap",8,"http://client2:8000","run","http://client2:8000/run",1,TRUE,200,1108,257,3.70809698104858,"2026-05-22T21:32:01.339870Z","2026-05-22T21:32:05.047967Z",1779485521.33987,1779485525.04797,0.000626,0.000716,0.000738,3.694677,3.69471,3.693939,3.30000000001718e-05,3.6861,0.0219969810485838
"2026-05-22T21:32:05.053Z","run_bootstrap",8,"http://client3:8000","run","http://client3:8000/run",1,TRUE,200,1108,254,3.57422971725464,"2026-05-22T21:32:01.340421Z","2026-05-22T21:32:04.914650Z",1779485521.34042,1779485524.91465,0.00053,0.000615,0.000646,3.554762,3.554811,3.554116,4.89999999997437e-05,3.5477,0.0265297172546388
"2026-05-22T21:32:08.912Z","run_bootstrap",9,"http://client1:8000","run","http://client1:8000/run",1,TRUE,200,1107,254,3.79474329948425,"2026-05-22T21:32:05.063756Z","2026-05-22T21:32:08.858499Z",1779485525.06376,1779485528.8585,0.000657,0.000717,0.000735,3.775258,3.775303,3.774523,4.50000000000728e-05,3.7682,0.0265432994842527
"2026-05-22T21:32:08.912Z","run_bootstrap",9,"http://client2:8000","run","http://client2:8000/run",1,TRUE,200,1107,258,3.84351515769958,"2026-05-22T21:32:05.064247Z","2026-05-22T21:32:08.907762Z",1779485525.06425,1779485528.90776,0.000485,0.000564,0.000593,3.824733,3.824777,3.82414,4.3999999999933e-05,3.8179,0.0256151576995851
"2026-05-22T21:32:08.912Z","run_bootstrap",9,"http://client3:8000","run","http://client3:8000/run",1,TRUE,200,1107,253,3.81937503814697,"2026-05-22T21:32:05.064733Z","2026-05-22T21:32:08.884108Z",1779485525.06473,1779485528.88411,0.000591,0.000669,0.000691,3.800837,3.800879,3.800146,4.20000000000975e-05,3.7936,0.0257750381469726
"2026-05-22T21:32:12.982Z","run_bootstrap",10,"http://client1:8000","run","http://client1:8000/run",1,TRUE,200,1107,254,3.8990273475647,"2026-05-22T21:32:08.922584Z","2026-05-22T21:32:12.821611Z",1779485528.92258,1779485532.82161,0.00075,0.000853,0.000897,3.885621,3.88567,3.884724,4.90000000001878e-05,3.8783,0.0207273475646974
"2026-05-22T21:32:12.982Z","run_bootstrap",10,"http://client2:8000","run","http://client2:8000/run",1,TRUE,200,1107,258,4.053706407547,"2026-05-22T21:32:08.924659Z","2026-05-22T21:32:12.978366Z",1779485528.92466,1779485532.97837,0.000555,0.000673,0.000716,4.036261,4.036478,4.035545,0.000217000000000134,4.0283,0.0254064075469973
"2026-05-22T21:32:12.982Z","run_bootstrap",10,"http://client3:8000","run","http://client3:8000/run",1,TRUE,200,1107,253,3.74952864646912,"2026-05-22T21:32:08.925102Z","2026-05-22T21:32:12.674630Z",1779485528.9251,1779485532.67463,0.000552,0.000653,0.000692,3.729583,3.729632,3.728891,4.90000000001878e-05,3.7128,0.0367286464691161
"2026-05-22T21:32:17.064Z","run_bootstrap",11,"http://client1:8000","run","http://client1:8000/run",1,TRUE,200,1107,254,4.06191873550415,"2026-05-22T21:32:12.997578Z","2026-05-22T21:32:17.059497Z",1779485532.99758,1779485537.0595,0.000556,0.00067,0.000736,4.046958,4.047002,4.046222,4.3999999999933e-05,4.0401,0.0218187355041506
"2026-05-22T21:32:17.064Z","run_bootstrap",11,"http://client2:8000","run","http://client2:8000/run",1,TRUE,200,1107,255,3.89765000343323,"2026-05-22T21:32:12.999266Z","2026-05-22T21:32:16.896916Z",1779485532.99927,1779485536.89692,0.000442,0.000527,0.000562,3.879467,3.879669,3.878905,0.000201999999999813,3.8728,0.0248500034332277
"2026-05-22T21:32:17.064Z","run_bootstrap",11,"http://client3:8000","run","http://client3:8000/run",1,TRUE,200,1107,253,3.81500482559204,"2026-05-22T21:32:12.999392Z","2026-05-22T21:32:16.814397Z",1779485532.99939,1779485536.8144,0.000463,0.000535,0.000579,3.799608,3.799652,3.799029,4.3999999999933e-05,3.7923,0.022704825592041
"2026-05-22T21:32:21.082Z","run_bootstrap",12,"http://client1:8000","run","http://client1:8000/run",1,TRUE,200,1107,254,3.77198052406311,"2026-05-22T21:32:17.079627Z","2026-05-22T21:32:20.851608Z",1779485537.07963,1779485540.85161,0.000468,0.000582,0.000624,3.756703,3.756744,3.756079,4.09999999999577e-05,3.7499,0.0220805240631106
"2026-05-22T21:32:21.082Z","run_bootstrap",12,"http://client2:8000","run","http://client2:8000/run",1,TRUE,200,1107,255,3.99530029296875,"2026-05-22T21:32:17.079496Z","2026-05-22T21:32:21.074796Z",1779485537.0795,1779485541.0748,0.000721,0.000801,0.000844,3.981517,3.981561,3.980673,4.3999999999933e-05,3.9745,0.0208002929687501
"2026-05-22T21:32:21.082Z","run_bootstrap",12,"http://client3:8000","run","http://client3:8000/run",1,TRUE,200,1107,253,3.74094557762146,"2026-05-22T21:32:17.079581Z","2026-05-22T21:32:20.820527Z",1779485537.07958,1779485540.82053,0.000611,0.000718,0.000761,3.727047,3.727107,3.726286,5.9999999999949e-05,3.7168,0.0241455776214599
"2026-05-22T21:32:24.755Z","run_bootstrap",13,"http://client1:8000","run","http://client1:8000/run",1,TRUE,200,1107,252,3.5269250869751,"2026-05-22T21:32:21.094914Z","2026-05-22T21:32:24.621840Z",1779485541.09491,1779485544.62184,0.000586,0.000707,0.000745,3.513574,3.51362,3.512829,4.59999999997684e-05,3.5064,0.0205250869750975
"2026-05-22T21:32:24.755Z","run_bootstrap",13,"http://client2:8000","run","http://client2:8000/run",1,TRUE,200,1107,258,3.65593504905701,"2026-05-22T21:32:21.094568Z","2026-05-22T21:32:24.750503Z",1779485541.09457,1779485544.7505,0.000733,0.000828,0.000861,3.64291,3.642962,3.642049,5.19999999997189e-05,3.6362,0.0197350490570067
"2026-05-22T21:32:24.755Z","run_bootstrap",13,"http://client3:8000","run","http://client3:8000/run",1,TRUE,200,1107,254,3.49512076377869,"2026-05-22T21:32:21.096212Z","2026-05-22T21:32:24.591333Z",1779485541.09621,1779485544.59133,0.000504,0.000592,0.000624,3.476428,3.476474,3.475804,4.60000000002125e-05,3.4687,0.0264207637786864
"2026-05-22T21:32:28.309Z","run_bootstrap",14,"http://client1:8000","run","http://client1:8000/run",1,TRUE,200,1107,252,3.51305174827576,"2026-05-22T21:32:24.767167Z","2026-05-22T21:32:28.280219Z",1779485544.76717,1779485548.28022,0.000692,0.000753,0.000798,3.492174,3.492215,3.491376,4.09999999999577e-05,3.4843,0.0287517482757567
"2026-05-22T21:32:28.309Z","run_bootstrap",14,"http://client2:8000","run","http://client2:8000/run",1,TRUE,200,1107,258,3.42968964576721,"2026-05-22T21:32:24.767889Z","2026-05-22T21:32:28.197579Z",1779485544.76789,1779485548.19758,0.000415,0.000499,0.000526,3.409453,3.409496,3.408927,4.29999999997932e-05,3.4031,0.0265896457672121
"2026-05-22T21:32:28.309Z","run_bootstrap",14,"http://client3:8000","run","http://client3:8000/run",1,TRUE,200,1107,254,3.53739428520203,"2026-05-22T21:32:24.768245Z","2026-05-22T21:32:28.305639Z",1779485544.76825,1779485548.30564,0.000636,0.00074,0.00079,3.521448,3.521495,3.520658,4.69999999999082e-05,3.5144,0.0229942852020262
"2026-05-22T21:32:31.814Z","run_bootstrap",15,"http://client1:8000","run","http://client1:8000/run",1,TRUE,200,1108,255,3.40041089057922,"2026-05-22T21:32:28.321073Z","2026-05-22T21:32:31.721484Z",1779485548.32107,1779485551.72148,0.000437,0.000508,0.000538,3.379177,3.379229,3.378639,5.2000000000163e-05,3.3719,0.0285108905792235
"2026-05-22T21:32:31.814Z","run_bootstrap",15,"http://client2:8000","run","http://client2:8000/run",1,TRUE,200,1108,252,3.48780798912048,"2026-05-22T21:32:28.321411Z","2026-05-22T21:32:31.809219Z",1779485548.32141,1779485551.80922,0.000518,0.000583,0.000604,3.466925,3.466966,3.466321,4.10000000004018e-05,3.4606,0.0272079891204835
"2026-05-22T21:32:31.814Z","run_bootstrap",15,"http://client3:8000","run","http://client3:8000/run",1,TRUE,200,1108,253,3.36598515510559,"2026-05-22T21:32:28.321855Z","2026-05-22T21:32:31.687840Z",1779485548.32186,1779485551.68784,0.000558,0.000666,0.000708,3.348065,3.34811,3.347357,4.50000000000728e-05,3.3413,0.0246851551055909
"2026-05-22T21:32:35.423Z","run_bootstrap",16,"http://client1:8000","run","http://client1:8000/run",1,TRUE,200,1108,253,3.48803305625916,"2026-05-22T21:32:31.825204Z","2026-05-22T21:32:35.313237Z",1779485551.8252,1779485555.31324,0.000659,0.000758,0.000789,3.467255,3.467295,3.466466,3.9999999999818e-05,3.46,0.0280330562591553
"2026-05-22T21:32:35.423Z","run_bootstrap",16,"http://client2:8000","run","http://client2:8000/run",1,TRUE,200,1108,252,3.45889234542847,"2026-05-22T21:32:31.826530Z","2026-05-22T21:32:35.285422Z",1779485551.82653,1779485555.28542,0.000555,0.000637,0.000678,3.439498,3.439532,3.43882,3.39999999998675e-05,3.4327,0.0261923454284667
"2026-05-22T21:32:35.423Z","run_bootstrap",16,"http://client3:8000","run","http://client3:8000/run",1,TRUE,200,1108,253,3.59264898300171,"2026-05-22T21:32:31.826086Z","2026-05-22T21:32:35.418735Z",1779485551.82609,1779485555.41874,0.00049,0.000598,0.000631,3.573343,3.573375,3.572712,3.2000000000032e-05,3.5668,0.0258489830017088
"2026-05-22T21:32:38.908Z","run_bootstrap",17,"http://client1:8000","run","http://client1:8000/run",1,TRUE,200,1108,254,3.38379073143005,"2026-05-22T21:32:35.436614Z","2026-05-22T21:32:38.820405Z",1779485555.43661,1779485558.82041,0.000747,0.000862,0.000898,3.36857,3.368613,3.367672,4.29999999997932e-05,3.3613,0.0224907314300538
"2026-05-22T21:32:38.908Z","run_bootstrap",17,"http://client2:8000","run","http://client2:8000/run",1,TRUE,200,1108,254,3.46332430839539,"2026-05-22T21:32:35.438882Z","2026-05-22T21:32:38.902206Z",1779485555.43888,1779485558.90221,0.000523,0.00064,0.000681,3.448378,3.44842,3.447697,4.20000000000975e-05,3.4415,0.0218243083953857
"2026-05-22T21:32:38.908Z","run_bootstrap",17,"http://client3:8000","run","http://client3:8000/run",1,TRUE,200,1108,248,3.16651630401611,"2026-05-22T21:32:35.439238Z","2026-05-22T21:32:38.605754Z",1779485555.43924,1779485558.60575,0.000627,0.000719,0.000753,3.151769,3.151814,3.151016,4.50000000000728e-05,3.1418,0.0247163040161134
"2026-05-22T21:32:42.566Z","run_bootstrap",18,"http://client1:8000","run","http://client1:8000/run",1,TRUE,200,1108,254,3.53827905654907,"2026-05-22T21:32:38.922119Z","2026-05-22T21:32:42.460398Z",1779485558.92212,1779485562.4604,0.000554,0.000642,0.000686,3.518061,3.518111,3.517375,5.00000000003276e-05,3.5111,0.0271790565490724
"2026-05-22T21:32:42.566Z","run_bootstrap",18,"http://client2:8000","run","http://client2:8000/run",1,TRUE,200,1108,254,3.63864493370056,"2026-05-22T21:32:38.922744Z","2026-05-22T21:32:42.561389Z",1779485558.92274,1779485562.56139,0.000504,0.000588,0.000632,3.618728,3.618774,3.618096,4.60000000002125e-05,3.6121,0.0265449337005617
"2026-05-22T21:32:42.566Z","run_bootstrap",18,"http://client3:8000","run","http://client3:8000/run",1,TRUE,200,1108,248,3.38470506668091,"2026-05-22T21:32:38.922695Z","2026-05-22T21:32:42.307400Z",1779485558.9227,1779485562.3074,0.000751,0.000864,0.000904,3.371302,3.371349,3.370398,4.69999999999082e-05,3.3638,0.0209050666809083
"2026-05-22T21:32:46.223Z","run_bootstrap",19,"http://client1:8000","run","http://client1:8000/run",1,TRUE,200,1108,255,3.63872218132019,"2026-05-22T21:32:42.577980Z","2026-05-22T21:32:46.216702Z",1779485562.57798,1779485566.2167,0.000669,0.000772,0.000806,3.623334,3.623407,3.622528,7.29999999999897e-05,3.6161,0.0226221813201906
"2026-05-22T21:32:46.223Z","run_bootstrap",19,"http://client2:8000","run","http://client2:8000/run",1,TRUE,200,1108,255,3.48485612869263,"2026-05-22T21:32:42.578549Z","2026-05-22T21:32:46.063405Z",1779485562.57855,1779485566.06341,0.000577,0.000661,0.000695,3.464079,3.464129,3.463384,4.99999999998835e-05,3.4575,0.0273561286926269
"2026-05-22T21:32:46.223Z","run_bootstrap",19,"http://client3:8000","run","http://client3:8000/run",1,TRUE,200,1108,251,3.45442342758179,"2026-05-22T21:32:42.579056Z","2026-05-22T21:32:46.033479Z",1779485562.57906,1779485566.03348,0.000655,0.00077,0.000833,3.436966,3.437009,3.436133,4.30000000002373e-05,3.429,0.0254234275817873
"2026-05-22T21:32:49.906Z","run_bootstrap",20,"http://client1:8000","run","http://client1:8000/run",1,TRUE,200,1108,255,3.65985441207886,"2026-05-22T21:32:46.241791Z","2026-05-22T21:32:49.901646Z",1779485566.24179,1779485569.90165,0.000443,0.000519,0.000551,3.640858,3.640888,3.640307,2.99999999997524e-05,3.4766,0.183254412078858
"2026-05-22T21:32:49.906Z","run_bootstrap",20,"http://client2:8000","run","http://client2:8000/run",1,TRUE,200,1108,255,3.63331747055054,"2026-05-22T21:32:46.241016Z","2026-05-22T21:32:49.874333Z",1779485566.24102,1779485569.87433,0.000648,0.00075,0.000783,3.62057,3.620611,3.619787,4.09999999999577e-05,3.4693,0.164017470550537
"2026-05-22T21:32:49.906Z","run_bootstrap",20,"http://client3:8000","run","http://client3:8000/run",1,TRUE,200,1108,252,3.64847135543823,"2026-05-22T21:32:46.242821Z","2026-05-22T21:32:49.891292Z",1779485566.24282,1779485569.89129,0.000489,0.000574,0.000605,3.636293,3.636328,3.635688,3.49999999995632e-05,3.4731,0.175371355438232
"2026-05-22T21:32:53.597Z","run_bootstrap",21,"http://client1:8000","run","http://client1:8000/run",1,TRUE,200,1107,255,3.67734670639038,"2026-05-22T21:32:49.915597Z","2026-05-22T21:32:53.592944Z",1779485569.9156,1779485573.59294,0.000737,0.000825,0.000851,3.664527,3.664563,3.663676,3.59999999997029e-05,3.6578,0.0195467063903809
"2026-05-22T21:32:53.597Z","run_bootstrap",21,"http://client2:8000","run","http://client2:8000/run",1,TRUE,200,1107,255,3.37751483917236,"2026-05-22T21:32:49.917583Z","2026-05-22T21:32:53.295098Z",1779485569.91758,1779485573.2951,0.000449,0.000539,0.000573,3.36466,3.364703,3.364087,4.29999999997932e-05,3.3583,0.0192148391723634
"2026-05-22T21:32:53.597Z","run_bootstrap",21,"http://client3:8000","run","http://client3:8000/run",1,TRUE,200,1107,252,3.48625373840332,"2026-05-22T21:32:49.917039Z","2026-05-22T21:32:53.403292Z",1779485569.91704,1779485573.40329,0.000481,0.000547,0.00057,3.473683,3.473715,3.473113,3.2000000000032e-05,3.4676,0.0186537384033203
"2026-05-22T21:32:57.199Z","run_bootstrap",22,"http://client1:8000","run","http://client1:8000/run",1,TRUE,200,1107,255,3.53475141525269,"2026-05-22T21:32:53.612985Z","2026-05-22T21:32:57.147737Z",1779485573.61299,1779485577.14774,0.000737,0.000856,0.000892,3.520339,3.52039,3.519447,5.10000000000232e-05,3.5129,0.0218514152526854
"2026-05-22T21:32:57.199Z","run_bootstrap",22,"http://client2:8000","run","http://client2:8000/run",1,TRUE,200,1107,255,3.23836755752563,"2026-05-22T21:32:53.616660Z","2026-05-22T21:32:56.855027Z",1779485573.61666,1779485576.85503,0.000517,0.000652,0.000688,3.22181,3.221854,3.221122,4.3999999999933e-05,3.2137,0.024667557525635
"2026-05-22T21:32:57.199Z","run_bootstrap",22,"http://client3:8000","run","http://client3:8000/run",1,TRUE,200,1107,252,3.57548427581787,"2026-05-22T21:32:53.617060Z","2026-05-22T21:32:57.192544Z",1779485573.61706,1779485577.19254,0.000639,0.000728,0.000763,3.559116,3.559168,3.558353,5.2000000000163e-05,3.5521,0.0233842758178713
"2026-05-22T21:33:00.808Z","run_bootstrap",23,"http://client1:8000","run","http://client1:8000/run",1,TRUE,200,1106,255,3.397545337677,"2026-05-22T21:32:57.211328Z","2026-05-22T21:33:00.608874Z",1779485577.21133,1779485580.60887,0.000677,0.000782,0.000827,3.383372,3.383508,3.382545,0.000135999999999914,3.3761,0.0214453376770019
"2026-05-22T21:33:00.808Z","run_bootstrap",23,"http://client2:8000","run","http://client2:8000/run",1,TRUE,200,1106,255,3.50119185447693,"2026-05-22T21:32:57.213248Z","2026-05-22T21:33:00.714440Z",1779485577.21325,1779485580.71444,0.000577,0.000688,0.000733,3.487687,3.487815,3.486954,0.000127999999999684,3.4807,0.0204918544769286
"2026-05-22T21:33:00.808Z","run_bootstrap",23,"http://client3:8000","run","http://client3:8000/run",1,TRUE,200,1106,251,3.58856463432312,"2026-05-22T21:32:57.213857Z","2026-05-22T21:33:00.802422Z",1779485577.21386,1779485580.80242,0.000572,0.000714,0.000763,3.573578,3.573728,3.572815,0.000150000000000095,3.5666,0.0219646343231199
"2026-05-22T21:33:04.562Z","run_bootstrap",24,"http://client1:8000","run","http://client1:8000/run",1,TRUE,200,1106,255,3.73559522628784,"2026-05-22T21:33:00.819556Z","2026-05-22T21:33:04.555151Z",1779485580.81956,1779485584.55515,0.00065,0.000762,0.000798,3.721667,3.72171,3.720869,4.29999999997932e-05,3.7143,0.0212952262878416
"2026-05-22T21:33:04.562Z","run_bootstrap",24,"http://client2:8000","run","http://client2:8000/run",1,TRUE,200,1106,255,3.44173264503479,"2026-05-22T21:33:00.821543Z","2026-05-22T21:33:04.263276Z",1779485580.82154,1779485584.26328,0.00073,0.000869,0.000906,3.427438,3.427483,3.426532,4.50000000000728e-05,3.4196,0.0221326450347901
"2026-05-22T21:33:04.562Z","run_bootstrap",24,"http://client3:8000","run","http://client3:8000/run",1,TRUE,200,1106,250,3.55649995803833,"2026-05-22T21:33:00.821489Z","2026-05-22T21:33:04.377989Z",1779485580.82149,1779485584.37799,0.000608,0.000723,0.000758,3.542957,3.542998,3.542199,4.09999999999577e-05,3.536,0.02049995803833
"2026-05-22T21:33:08.311Z","run_bootstrap",25,"http://client1:8000","run","http://client1:8000/run",1,TRUE,200,1108,253,3.47725582122803,"2026-05-22T21:33:04.573261Z","2026-05-22T21:33:08.050517Z",1779485584.57326,1779485588.05052,0.000755,0.000937,0.000987,3.464562,3.464605,3.463575,4.30000000002373e-05,3.4569,0.0203558212280273
"2026-05-22T21:33:08.311Z","run_bootstrap",25,"http://client2:8000","run","http://client2:8000/run",1,TRUE,200,1108,257,3.73285055160522,"2026-05-22T21:33:04.573935Z","2026-05-22T21:33:08.306785Z",1779485584.57394,1779485588.30679,0.000686,0.000765,0.000797,3.716628,3.71666,3.715831,3.2000000000032e-05,3.7093,0.0235505516052248
"2026-05-22T21:33:08.311Z","run_bootstrap",25,"http://client3:8000","run","http://client3:8000/run",1,TRUE,200,1108,253,3.46678996086121,"2026-05-22T21:33:04.574459Z","2026-05-22T21:33:08.041249Z",1779485584.57446,1779485588.04125,0.00067,0.000773,0.000827,3.45023,3.450279,3.449403,4.90000000001878e-05,3.4426,0.024189960861206
"2026-05-22T21:33:12.072Z","run_bootstrap",26,"http://client1:8000","run","http://client1:8000/run",1,TRUE,200,1108,253,3.74425482749939,"2026-05-22T21:33:08.322006Z","2026-05-22T21:33:12.066261Z",1779485588.32201,1779485592.06626,0.00065,0.000767,0.000803,3.730885,3.730926,3.730082,4.10000000004018e-05,3.7221,0.0221548274993895
"2026-05-22T21:33:12.072Z","run_bootstrap",26,"http://client2:8000","run","http://client2:8000/run",1,TRUE,200,1108,257,3.55867695808411,"2026-05-22T21:33:08.323565Z","2026-05-22T21:33:11.882242Z",1779485588.32357,1779485591.88224,0.000493,0.000576,0.000608,3.544129,3.544173,3.543521,4.3999999999933e-05,3.5236,0.0350769580841064
"2026-05-22T21:33:12.072Z","run_bootstrap",26,"http://client3:8000","run","http://client3:8000/run",1,TRUE,200,1108,253,3.46270418167114,"2026-05-22T21:33:08.322891Z","2026-05-22T21:33:11.785595Z",1779485588.32289,1779485591.7856,0.000537,0.000631,0.000665,3.449753,3.449797,3.449088,4.3999999999933e-05,3.4405,0.0222041816711425
"2026-05-22T21:33:15.860Z","run_bootstrap",27,"http://client1:8000","run","http://client1:8000/run",1,TRUE,200,1107,255,3.76969480514526,"2026-05-22T21:33:12.083121Z","2026-05-22T21:33:15.852816Z",1779485592.08312,1779485595.85282,0.000661,0.000769,0.000807,3.746369,3.7464,3.745562,3.09999999998922e-05,3.7392,0.0304948051452638
"2026-05-22T21:33:15.860Z","run_bootstrap",27,"http://client2:8000","run","http://client2:8000/run",1,TRUE,200,1107,255,3.59172749519348,"2026-05-22T21:33:12.083974Z","2026-05-22T21:33:15.675702Z",1779485592.08397,1779485595.6757,0.000675,0.000792,0.000828,3.565391,3.565424,3.564563,3.30000000001718e-05,3.5574,0.0343274951934815
"2026-05-22T21:33:15.860Z","run_bootstrap",27,"http://client3:8000","run","http://client3:8000/run",1,TRUE,200,1107,253,3.49532556533813,"2026-05-22T21:33:12.084545Z","2026-05-22T21:33:15.579870Z",1779485592.08455,1779485595.57987,0.000659,0.000766,8e-04,3.476493,3.476523,3.475693,2.99999999997524e-05,3.4695,0.0258255653381347
"2026-05-22T21:33:19.630Z","run_bootstrap",28,"http://client1:8000","run","http://client1:8000/run",1,TRUE,200,1107,255,3.53306102752686,"2026-05-22T21:33:15.876286Z","2026-05-22T21:33:19.409347Z",1779485595.87629,1779485599.40935,0.000736,0.000836,0.000873,3.519037,3.51918,3.518164,0.000143000000000004,3.5115,0.0215610275268556
"2026-05-22T21:33:19.630Z","run_bootstrap",28,"http://client2:8000","run","http://client2:8000/run",1,TRUE,200,1107,255,3.74810433387756,"2026-05-22T21:33:15.876531Z","2026-05-22T21:33:19.624635Z",1779485595.87653,1779485599.62464,0.000595,0.000701,0.000747,3.734002,3.734122,3.733255,0.000120000000000342,3.7266,0.0215043338775636
"2026-05-22T21:33:19.630Z","run_bootstrap",28,"http://client3:8000","run","http://client3:8000/run",1,TRUE,200,1107,253,3.72881841659546,"2026-05-22T21:33:15.877948Z","2026-05-22T21:33:19.606766Z",1779485595.87795,1779485599.60677,0.000588,0.000669,0.000706,3.711474,3.711602,3.710768,0.000128000000000128,3.7044,0.0244184165954588
"2026-05-22T21:33:23.374Z","run_bootstrap",29,"http://client1:8000","run","http://client1:8000/run",1,TRUE,200,1104,255,3.4751079082489,"2026-05-22T21:33:19.641544Z","2026-05-22T21:33:23.116652Z",1779485599.64154,1779485603.11665,0.000672,0.000779,0.000812,3.461753,3.461799,3.460941,4.60000000002125e-05,3.4543,0.0208079082489014
"2026-05-22T21:33:23.374Z","run_bootstrap",29,"http://client2:8000","run","http://client2:8000/run",1,TRUE,200,1104,256,3.72710585594177,"2026-05-22T21:33:19.642714Z","2026-05-22T21:33:23.369820Z",1779485599.64271,1779485603.36982,0.00063,0.000704,0.000737,3.708184,3.708227,3.707447,4.29999999997932e-05,3.6957,0.0314058559417725
"2026-05-22T21:33:23.374Z","run_bootstrap",29,"http://client3:8000","run","http://client3:8000/run",1,TRUE,200,1104,253,3.44484066963196,"2026-05-22T21:33:19.643074Z","2026-05-22T21:33:23.087915Z",1779485599.64307,1779485603.08792,0.000673,0.000786,0.000822,3.426371,3.42642,3.425549,4.89999999997437e-05,3.4185,0.0263406696319581
"2026-05-22T21:33:27.153Z","run_bootstrap",30,"http://client1:8000","run","http://client1:8000/run",1,TRUE,200,1104,255,3.55921602249146,"2026-05-22T21:33:23.386426Z","2026-05-22T21:33:26.945642Z",1779485603.38643,1779485606.94564,0.000452,0.000518,0.000548,3.540499,3.54054,3.539951,4.09999999999577e-05,3.5336,0.0256160224914552
"2026-05-22T21:33:27.153Z","run_bootstrap",30,"http://client2:8000","run","http://client2:8000/run",1,TRUE,200,1104,255,3.75934076309204,"2026-05-22T21:33:23.386831Z","2026-05-22T21:33:27.146172Z",1779485603.38683,1779485607.14617,0.000653,0.000767,0.000806,3.741081,3.741125,3.740275,4.3999999999933e-05,3.734,0.025340763092041
"2026-05-22T21:33:27.153Z","run_bootstrap",30,"http://client3:8000","run","http://client3:8000/run",1,TRUE,200,1104,253,3.54572677612305,"2026-05-22T21:33:23.387279Z","2026-05-22T21:33:26.933006Z",1779485603.38728,1779485606.93301,0.000427,0.00055,0.000588,3.524965,3.525006,3.524377,4.09999999999577e-05,3.5175,0.0282267761230468
"2026-05-22T21:33:30.936Z","run_bootstrap",31,"http://client1:8000","run","http://client1:8000/run",1,TRUE,200,1107,256,3.46023201942444,"2026-05-22T21:33:27.166173Z","2026-05-22T21:33:30.626405Z",1779485607.16617,1779485610.62641,0.000662,0.000779,0.000816,3.446744,3.44679,3.445928,4.60000000002125e-05,3.4394,0.0208320194244385
"2026-05-22T21:33:30.936Z","run_bootstrap",31,"http://client2:8000","run","http://client2:8000/run",1,TRUE,200,1107,256,3.53132486343384,"2026-05-22T21:33:27.167749Z","2026-05-22T21:33:30.699074Z",1779485607.16775,1779485610.69907,0.000518,0.00066,0.00072,3.510683,3.510912,3.509963,0.000228999999999591,3.5028,0.0285248634338378
"2026-05-22T21:33:30.936Z","run_bootstrap",31,"http://client3:8000","run","http://client3:8000/run",1,TRUE,200,1107,252,3.76434373855591,"2026-05-22T21:33:27.168105Z","2026-05-22T21:33:30.932449Z",1779485607.16811,1779485610.93245,0.000638,0.000715,0.000731,3.744173,3.744216,3.743442,4.30000000002373e-05,3.7367,0.0276437385559083
"2026-05-22T21:33:34.706Z","run_bootstrap",32,"http://client1:8000","run","http://client1:8000/run",1,TRUE,200,1107,256,3.49347805976868,"2026-05-22T21:33:30.948993Z","2026-05-22T21:33:34.442471Z",1779485610.94899,1779485614.44247,0.000685,0.000778,0.000815,3.472424,3.472484,3.471609,5.9999999999949e-05,3.4647,0.0287780597686766
"2026-05-22T21:33:34.706Z","run_bootstrap",32,"http://client2:8000","run","http://client2:8000/run",1,TRUE,200,1107,256,3.52969670295715,"2026-05-22T21:33:30.948828Z","2026-05-22T21:33:34.478525Z",1779485610.94883,1779485614.47853,0.000717,0.000825,0.000859,3.516476,3.516527,3.515617,5.10000000000232e-05,3.5093,0.0203967029571532
"2026-05-22T21:33:34.706Z","run_bootstrap",32,"http://client3:8000","run","http://client3:8000/run",1,TRUE,200,1107,252,3.74611306190491,"2026-05-22T21:33:30.950456Z","2026-05-22T21:33:34.696569Z",1779485610.95046,1779485614.69657,0.000653,0.000775,0.000812,3.727264,3.72731,3.726452,4.60000000002125e-05,3.7202,0.0259130619049071
"2026-05-22T21:33:38.588Z","run_bootstrap",33,"http://client1:8000","run","http://client1:8000/run",1,TRUE,200,1108,254,3.86044025421143,"2026-05-22T21:33:34.720207Z","2026-05-22T21:33:38.580647Z",1779485614.72021,1779485618.58065,0.000692,0.000797,0.000838,3.845384,3.845515,3.844546,0.000130999999999659,3.8378,0.0226402542114257
"2026-05-22T21:33:38.588Z","run_bootstrap",33,"http://client2:8000","run","http://client2:8000/run",1,TRUE,200,1108,255,3.56123948097229,"2026-05-22T21:33:34.722206Z","2026-05-22T21:33:38.283446Z",1779485614.72221,1779485618.28345,0.000641,0.00076,0.000806,3.539162,3.539302,3.538356,0.000140000000000029,3.5287,0.0325394809722899
"2026-05-22T21:33:38.588Z","run_bootstrap",33,"http://client3:8000","run","http://client3:8000/run",1,TRUE,200,1108,252,3.6012499332428,"2026-05-22T21:33:34.722732Z","2026-05-22T21:33:38.323982Z",1779485614.72273,1779485618.32398,0.000711,0.00082,0.000862,3.5858,3.585889,3.584938,8.90000000000057e-05,3.5787,0.0225499332427979
"2026-05-22T21:33:42.295Z","run_bootstrap",34,"http://client1:8000","run","http://client1:8000/run",1,TRUE,200,1108,254,3.68797874450684,"2026-05-22T21:33:38.601771Z","2026-05-22T21:33:42.289750Z",1779485618.60177,1779485622.28975,0.00057,0.000644,0.000674,3.67036,3.670406,3.669686,4.59999999997684e-05,3.6631,0.0248787445068359
"2026-05-22T21:33:42.295Z","run_bootstrap",34,"http://client2:8000","run","http://client2:8000/run",1,TRUE,200,1108,255,3.68133330345154,"2026-05-22T21:33:38.602032Z","2026-05-22T21:33:42.283365Z",1779485618.60203,1779485622.28337,0.000536,0.000589,0.000606,3.668396,3.668441,3.66779,4.50000000000728e-05,3.6616,0.0197333034515381
"2026-05-22T21:33:42.295Z","run_bootstrap",34,"http://client3:8000","run","http://client3:8000/run",1,TRUE,200,1108,252,3.61541175842285,"2026-05-22T21:33:38.602714Z","2026-05-22T21:33:42.218125Z",1779485618.60271,1779485622.21813,0.000418,0.000497,0.00052,3.603446,3.603484,3.602926,3.79999999999825e-05,3.5965,0.0189117584228518
"2026-05-22T21:33:46.133Z","run_bootstrap",35,"http://client1:8000","run","http://client1:8000/run",1,TRUE,200,1106,256,3.68438339233398,"2026-05-22T21:33:42.306406Z","2026-05-22T21:33:45.990789Z",1779485622.30641,1779485625.99079,0.000575,0.00063,0.000652,3.669155,3.669193,3.668503,3.79999999999825e-05,3.662,0.0223833923339845
"2026-05-22T21:33:46.133Z","run_bootstrap",35,"http://client2:8000","run","http://client2:8000/run",1,TRUE,200,1106,256,3.82231783866882,"2026-05-22T21:33:42.306967Z","2026-05-22T21:33:46.129285Z",1779485622.30697,1779485626.12929,0.000571,0.000627,0.000651,3.807865,3.807897,3.807214,3.2000000000032e-05,3.8013,0.0210178386688233
"2026-05-22T21:33:46.133Z","run_bootstrap",35,"http://client3:8000","run","http://client3:8000/run",1,TRUE,200,1106,250,3.38198781013489,"2026-05-22T21:33:42.307568Z","2026-05-22T21:33:45.689556Z",1779485622.30757,1779485625.68956,0.000482,0.000563,0.000587,3.367494,3.367538,3.366907,4.3999999999933e-05,3.3575,0.0244878101348878
"2026-05-22T21:33:49.862Z","run_bootstrap",36,"http://client1:8000","run","http://client1:8000/run",1,TRUE,200,1106,257,3.70896768569946,"2026-05-22T21:33:46.145698Z","2026-05-22T21:33:49.854665Z",1779485626.1457,1779485629.85467,0.000482,0.000596,0.000631,3.693657,3.693703,3.693026,4.60000000002125e-05,3.6865,0.0224676856994628
"2026-05-22T21:33:49.862Z","run_bootstrap",36,"http://client2:8000","run","http://client2:8000/run",1,TRUE,200,1106,256,3.6575825214386,"2026-05-22T21:33:46.146328Z","2026-05-22T21:33:49.803911Z",1779485626.14633,1779485629.80391,0.000428,0.00049,0.000518,3.638626,3.638671,3.638108,4.50000000000728e-05,3.6318,0.0257825214385985
"2026-05-22T21:33:49.862Z","run_bootstrap",36,"http://client3:8000","run","http://client3:8000/run",1,TRUE,200,1106,250,3.56937789916992,"2026-05-22T21:33:46.145681Z","2026-05-22T21:33:49.715059Z",1779485626.14568,1779485629.71506,0.00063,0.000732,0.000766,3.555775,3.55582,3.555009,4.50000000000728e-05,3.5443,0.0250778991699221
"2026-05-22T21:33:53.715Z","run_bootstrap",37,"http://client1:8000","run","http://client1:8000/run",1,TRUE,200,1108,254,3.83139371871948,"2026-05-22T21:33:49.877053Z","2026-05-22T21:33:53.708446Z",1779485629.87705,1779485633.70845,0.000648,0.000741,0.000776,3.814563,3.814679,3.813787,0.000115999999999783,3.8073,0.0240937187194823
"2026-05-22T21:33:53.715Z","run_bootstrap",37,"http://client2:8000","run","http://client2:8000/run",1,TRUE,200,1108,255,3.70059466362,"2026-05-22T21:33:49.877674Z","2026-05-22T21:33:53.578269Z",1779485629.87767,1779485633.57827,0.000563,0.000688,0.000728,3.684176,3.684221,3.683448,4.50000000000728e-05,3.6765,0.0240946636199952
"2026-05-22T21:33:53.715Z","run_bootstrap",37,"http://client3:8000","run","http://client3:8000/run",1,TRUE,200,1108,253,3.70880913734436,"2026-05-22T21:33:49.877735Z","2026-05-22T21:33:53.586544Z",1779485629.87774,1779485633.58654,0.000545,0.000652,0.000687,3.695722,3.695779,3.695035,5.69999999999737e-05,3.6878,0.0210091373443602
"2026-05-22T21:33:57.618Z","run_bootstrap",38,"http://client1:8000","run","http://client1:8000/run",1,TRUE,200,1108,254,3.87847995758057,"2026-05-22T21:33:53.733223Z","2026-05-22T21:33:57.611703Z",1779485633.73322,1779485637.6117,0.000362,0.000476,0.000513,3.856979,3.857022,3.856466,4.30000000002373e-05,3.8484,0.0300799575805666
"2026-05-22T21:33:57.618Z","run_bootstrap",38,"http://client2:8000","run","http://client2:8000/run",1,TRUE,200,1108,255,3.68724298477173,"2026-05-22T21:33:53.733885Z","2026-05-22T21:33:57.421128Z",1779485633.73389,1779485637.42113,0.000524,0.000608,0.000639,3.661,3.661046,3.660361,4.59999999997684e-05,3.6528,0.0344429847717285
"2026-05-22T21:33:57.618Z","run_bootstrap",38,"http://client3:8000","run","http://client3:8000/run",1,TRUE,200,1108,252,3.61230731010437,"2026-05-22T21:33:53.734662Z","2026-05-22T21:33:57.346969Z",1779485633.73466,1779485637.34697,0.000646,0.000752,0.000787,3.593472,3.593518,3.592685,4.59999999997684e-05,3.586,0.0263073101043703
"2026-05-22T21:34:01.449Z","run_bootstrap",39,"http://client1:8000","run","http://client1:8000/run",1,TRUE,200,1106,255,3.48504185676575,"2026-05-22T21:33:57.634283Z","2026-05-22T21:34:01.119325Z",1779485637.63428,1779485641.11933,0.000602,0.00069,0.000736,3.463167,3.463208,3.462431,4.09999999999577e-05,3.4541,0.0309418567657471
"2026-05-22T21:34:01.449Z","run_bootstrap",39,"http://client2:8000","run","http://client2:8000/run",1,TRUE,200,1106,253,3.69012975692749,"2026-05-22T21:33:57.634966Z","2026-05-22T21:34:01.325096Z",1779485637.63497,1779485641.3251,0.000585,0.000681,0.000723,3.668998,3.669046,3.668275,4.79999999996039e-05,3.6621,0.0280297569274901
"2026-05-22T21:34:01.449Z","run_bootstrap",39,"http://client3:8000","run","http://client3:8000/run",1,TRUE,200,1106,252,3.81107997894287,"2026-05-22T21:33:57.634269Z","2026-05-22T21:34:01.445349Z",1779485637.63427,1779485641.44535,0.000739,0.000825,0.000848,3.797993,3.798034,3.797145,4.09999999999577e-05,3.7781,0.0329799789428713
"2026-05-22T21:34:05.476Z","run_bootstrap",40,"http://client1:8000","run","http://client1:8000/run",1,TRUE,200,1106,255,4.0093560218811,"2026-05-22T21:34:01.462738Z","2026-05-22T21:34:05.472094Z",1779485641.46274,1779485645.47209,0.000537,0.000654,0.000688,3.989567,3.989771,3.988879,0.000204000000000093,3.8494,0.159956021881103
"2026-05-22T21:34:05.476Z","run_bootstrap",40,"http://client2:8000","run","http://client2:8000/run",1,TRUE,200,1106,252,3.6242253780365,"2026-05-22T21:34:01.463430Z","2026-05-22T21:34:05.087656Z",1779485641.46343,1779485645.08766,0.000405,0.000477,0.000507,3.60367,3.603744,3.603163,7.39999999996854e-05,3.453,0.171225378036499
"2026-05-22T21:34:05.476Z","run_bootstrap",40,"http://client3:8000","run","http://client3:8000/run",1,TRUE,200,1106,251,3.68644380569458,"2026-05-22T21:34:01.462751Z","2026-05-22T21:34:05.149195Z",1779485641.46275,1779485645.1492,0.000646,0.000747,0.000781,3.673521,3.673558,3.67274,3.69999999998427e-05,3.525,0.16144380569458
"2026-05-22T21:34:09.191Z","run_bootstrap",41,"http://client1:8000","run","http://client1:8000/run",1,TRUE,200,1107,255,3.64569139480591,"2026-05-22T21:34:05.538624Z","2026-05-22T21:34:09.184315Z",1779485645.53862,1779485649.18432,0.000732,0.000845,0.000884,3.632376,3.632525,3.631492,0.000148999999999955,3.624,0.0216913948059081
"2026-05-22T21:34:09.191Z","run_bootstrap",41,"http://client2:8000","run","http://client2:8000/run",1,TRUE,200,1107,255,3.34658288955688,"2026-05-22T21:34:05.540033Z","2026-05-22T21:34:08.886615Z",1779485645.54003,1779485648.88662,0.000583,0.000714,0.000758,3.333637,3.333831,3.332879,0.000194000000000027,3.326,0.0205828895568847
"2026-05-22T21:34:09.191Z","run_bootstrap",41,"http://client3:8000","run","http://client3:8000/run",1,TRUE,200,1107,252,3.40939140319824,"2026-05-22T21:34:05.541845Z","2026-05-22T21:34:08.951237Z",1779485645.54185,1779485648.95124,0.000737,0.000857,0.000897,3.393201,3.393335,3.392304,0.000134000000000079,3.3859,0.0234914031982423
"2026-05-22T21:34:12.829Z","run_bootstrap",42,"http://client1:8000","run","http://client1:8000/run",1,TRUE,200,1107,256,3.39470767974854,"2026-05-22T21:34:09.209203Z","2026-05-22T21:34:12.603910Z",1779485649.2092,1779485652.60391,0.000646,0.000755,0.000799,3.38065,3.380807,3.379851,0.000156999999999741,3.3732,0.021507679748535
"2026-05-22T21:34:12.829Z","run_bootstrap",42,"http://client2:8000","run","http://client2:8000/run",1,TRUE,200,1107,256,3.44915294647217,"2026-05-22T21:34:09.210128Z","2026-05-22T21:34:12.659281Z",1779485649.21013,1779485652.65928,0.000533,0.000615,0.000651,3.428476,3.428619,3.427825,0.000143000000000004,3.4219,0.027252946472168
"2026-05-22T21:34:12.829Z","run_bootstrap",42,"http://client3:8000","run","http://client3:8000/run",1,TRUE,200,1107,251,3.61565494537354,"2026-05-22T21:34:09.209542Z","2026-05-22T21:34:12.825197Z",1779485649.20954,1779485652.8252,0.000693,0.000762,0.000787,3.602743,3.602885,3.601956,0.000142000000000309,3.596,0.0196549453735351
"2026-05-22T21:34:16.649Z","run_bootstrap",43,"http://client1:8000","run","http://client1:8000/run",1,TRUE,200,1108,264,3.80457544326782,"2026-05-22T21:34:12.839966Z","2026-05-22T21:34:16.644541Z",1779485652.83997,1779485656.64454,0.000651,0.000756,0.000794,3.790651,3.790825,3.789857,0.000173999999999896,3.7734,0.0311754432678222
"2026-05-22T21:34:16.649Z","run_bootstrap",43,"http://client2:8000","run","http://client2:8000/run",1,TRUE,200,1108,263,3.49969506263733,"2026-05-22T21:34:12.841689Z","2026-05-22T21:34:16.341384Z",1779485652.84169,1779485656.34138,0.00051,0.000589,0.000621,3.479241,3.479393,3.47862,0.00015199999999993,3.4725,0.027195062637329
"2026-05-22T21:34:16.649Z","run_bootstrap",43,"http://client3:8000","run","http://client3:8000/run",1,TRUE,200,1108,260,3.50254726409912,"2026-05-22T21:34:12.842023Z","2026-05-22T21:34:16.344571Z",1779485652.84202,1779485656.34457,0.000815,0.000903,0.000925,3.488083,3.488205,3.487158,0.000121999999999733,3.4803,0.0222472640991209
"2026-05-22T21:34:20.281Z","run_bootstrap",44,"http://client1:8000","run","http://client1:8000/run",1,TRUE,200,1108,264,3.50810217857361,"2026-05-22T21:34:16.661715Z","2026-05-22T21:34:20.169817Z",1779485656.66172,1779485660.16982,0.000684,0.000786,0.000821,3.491893,3.491994,3.491072,0.000100999999999907,3.4849,0.0232021785736083
"2026-05-22T21:34:20.281Z","run_bootstrap",44,"http://client2:8000","run","http://client2:8000/run",1,TRUE,200,1108,263,3.61185216903687,"2026-05-22T21:34:16.662303Z","2026-05-22T21:34:20.274155Z",1779485656.6623,1779485660.27416,0.00065,0.000738,0.000776,3.590095,3.59024,3.589319,0.000145000000000284,3.5824,0.0294521690368654
"2026-05-22T21:34:20.281Z","run_bootstrap",44,"http://client3:8000","run","http://client3:8000/run",1,TRUE,200,1108,260,3.59604597091675,"2026-05-22T21:34:16.662749Z","2026-05-22T21:34:20.258795Z",1779485656.66275,1779485660.2588,0.000588,0.000705,0.000744,3.575508,3.575646,3.574764,0.000137999999999749,3.5683,0.0277459709167482
"2026-05-22T21:34:24.030Z","run_bootstrap",45,"http://client1:8000","run","http://client1:8000/run",1,TRUE,200,1108,252,3.51638531684875,"2026-05-22T21:34:20.294574Z","2026-05-22T21:34:23.810959Z",1779485660.29457,1779485663.81096,0.000555,0.000669,0.000706,3.495871,3.496014,3.495165,0.000143000000000004,3.4888,0.027585316848755
"2026-05-22T21:34:24.030Z","run_bootstrap",45,"http://client2:8000","run","http://client2:8000/run",1,TRUE,200,1108,258,3.63900184631348,"2026-05-22T21:34:20.294693Z","2026-05-22T21:34:23.933695Z",1779485660.29469,1779485663.9337,0.000605,0.000709,0.000744,3.620537,3.620698,3.619793,0.000160999999999856,3.6132,0.0258018463134766
"2026-05-22T21:34:24.030Z","run_bootstrap",45,"http://client3:8000","run","http://client3:8000/run",1,TRUE,200,1108,254,3.73062372207642,"2026-05-22T21:34:20.295045Z","2026-05-22T21:34:24.025669Z",1779485660.29505,1779485664.02567,0.000701,0.000817,0.000852,3.715984,3.716134,3.715132,0.00014999999999965,3.708,0.0226237220764158
"2026-05-22T21:34:27.817Z","run_bootstrap",46,"http://client1:8000","run","http://client1:8000/run",1,TRUE,200,1108,251,3.76712918281555,"2026-05-22T21:34:24.043412Z","2026-05-22T21:34:27.810541Z",1779485664.04341,1779485667.81054,0.000486,0.000574,0.000608,3.749041,3.749181,3.748433,0.000140000000000029,3.742,0.0251291828155518
"2026-05-22T21:34:27.817Z","run_bootstrap",46,"http://client2:8000","run","http://client2:8000/run",1,TRUE,200,1108,257,3.46546483039856,"2026-05-22T21:34:24.042917Z","2026-05-22T21:34:27.508381Z",1779485664.04292,1779485667.50838,0.000785,0.000897,0.000934,3.448048,3.448216,3.447114,0.000167999999999946,3.441,0.0244648303985597
"2026-05-22T21:34:27.817Z","run_bootstrap",46,"http://client3:8000","run","http://client3:8000/run",1,TRUE,200,1108,255,3.73799109458923,"2026-05-22T21:34:24.044512Z","2026-05-22T21:34:27.782503Z",1779485664.04451,1779485667.7825,0.000544,0.000626,0.000659,3.718267,3.718381,3.717608,0.000113999999999947,3.7117,0.0262910945892334
"2026-05-22T21:34:31.636Z","run_bootstrap",47,"http://client1:8000","run","http://client1:8000/run",1,TRUE,200,1107,255,3.80077266693115,"2026-05-22T21:34:27.830528Z","2026-05-22T21:34:31.631300Z",1779485667.83053,1779485671.6313,0.000419,0.000507,0.000543,3.784352,3.784497,3.783809,0.00014499999999984,3.7678,0.0329726669311525
"2026-05-22T21:34:31.636Z","run_bootstrap",47,"http://client2:8000","run","http://client2:8000/run",1,TRUE,200,1107,256,3.49286913871765,"2026-05-22T21:34:27.830148Z","2026-05-22T21:34:31.323018Z",1779485667.83015,1779485671.32302,7e-04,0.000819,0.00086,3.478865,3.479007,3.478005,0.000142000000000309,3.4718,0.0210691387176514
"2026-05-22T21:34:31.636Z","run_bootstrap",47,"http://client3:8000","run","http://client3:8000/run",1,TRUE,200,1107,254,3.76468420028687,"2026-05-22T21:34:27.831688Z","2026-05-22T21:34:31.596372Z",1779485667.83169,1779485671.59637,0.000555,0.000638,0.000672,3.746104,3.746219,3.745432,0.000115000000000087,3.7382,0.0264842002868653
"2026-05-22T21:34:35.288Z","run_bootstrap",48,"http://client1:8000","run","http://client1:8000/run",1,TRUE,200,1107,255,3.63598322868347,"2026-05-22T21:34:31.648417Z","2026-05-22T21:34:35.284400Z",1779485671.64842,1779485675.2844,0.000497,0.000599,0.000648,3.617326,3.617416,3.616678,9.00000000001455e-05,3.6105,0.0254832286834716
"2026-05-22T21:34:35.288Z","run_bootstrap",48,"http://client2:8000","run","http://client2:8000/run",1,TRUE,200,1107,256,3.62699198722839,"2026-05-22T21:34:31.647631Z","2026-05-22T21:34:35.274623Z",1779485671.64763,1779485675.27462,0.000588,0.000694,0.000728,3.612709,3.612802,3.611981,9.29999999996767e-05,3.6036,0.0233919872283934
"2026-05-22T21:34:35.288Z","run_bootstrap",48,"http://client3:8000","run","http://client3:8000/run",1,TRUE,200,1107,254,3.55911326408386,"2026-05-22T21:34:31.650001Z","2026-05-22T21:34:35.209115Z",1779485671.65,1779485675.20912,0.000556,0.000656,7e-04,3.544054,3.54416,3.543354,0.000106000000000162,3.5372,0.0219132640838624
"2026-05-22T21:34:39.112Z","run_bootstrap",49,"http://client1:8000","run","http://client1:8000/run",1,TRUE,200,1107,251,3.62967276573181,"2026-05-22T21:34:35.299777Z","2026-05-22T21:34:38.929450Z",1779485675.29978,1779485678.92945,0.000635,0.000753,0.000792,3.61377,3.613923,3.612978,0.00015300000000007,3.6063,0.0233727657318115
"2026-05-22T21:34:39.112Z","run_bootstrap",49,"http://client2:8000","run","http://client2:8000/run",1,TRUE,200,1107,256,3.8042733669281,"2026-05-22T21:34:35.300275Z","2026-05-22T21:34:39.104548Z",1779485675.30028,1779485679.10455,0.000522,0.000639,0.000676,3.786723,3.786833,3.786047,0.000110000000000277,3.7798,0.0244733669281008
"2026-05-22T21:34:39.112Z","run_bootstrap",49,"http://client3:8000","run","http://client3:8000/run",1,TRUE,200,1107,252,3.52285861968994,"2026-05-22T21:34:35.300751Z","2026-05-22T21:34:38.823610Z",1779485675.30075,1779485678.82361,0.000633,0.000748,0.000788,3.508435,3.508569,3.507647,0.000134000000000079,3.5014,0.0214586196899416
"2026-05-22T21:34:42.923Z","run_bootstrap",50,"http://client1:8000","run","http://client1:8000/run",1,TRUE,200,1107,251,3.65053939819336,"2026-05-22T21:34:39.129578Z","2026-05-22T21:34:42.780117Z",1779485679.12958,1779485682.78012,0.000729,0.000852,0.000888,3.635938,3.636053,3.63505,0.000115000000000087,3.6284,0.0221393981933593
"2026-05-22T21:34:42.923Z","run_bootstrap",50,"http://client2:8000","run","http://client2:8000/run",1,TRUE,200,1107,256,3.49773669242859,"2026-05-22T21:34:39.131561Z","2026-05-22T21:34:42.629298Z",1779485679.13156,1779485682.6293,0.000581,0.000683,0.000722,3.474216,3.474326,3.473494,0.000109999999999832,3.4672,0.0305366924285888
"2026-05-22T21:34:42.923Z","run_bootstrap",50,"http://client3:8000","run","http://client3:8000/run",1,TRUE,200,1107,252,3.78735685348511,"2026-05-22T21:34:39.131715Z","2026-05-22T21:34:42.919072Z",1779485679.13172,1779485682.91907,0.000553,0.000752,0.000797,3.76474,3.764863,3.763943,0.000122999999999873,3.7573,0.0300568534851076
"2026-05-22T21:34:46.741Z","run_bootstrap",51,"http://client1:8000","run","http://client1:8000/run",1,TRUE,200,1108,252,3.58851552009583,"2026-05-22T21:34:42.936278Z","2026-05-22T21:34:46.524793Z",1779485682.93628,1779485686.52479,0.000492,0.000583,0.000616,3.572994,3.573072,3.572378,7.79999999998005e-05,3.5641,0.0244155200958254
"2026-05-22T21:34:46.741Z","run_bootstrap",51,"http://client2:8000","run","http://client2:8000/run",1,TRUE,200,1108,255,3.63752436637878,"2026-05-22T21:34:42.936999Z","2026-05-22T21:34:46.574523Z",1779485682.937,1779485686.57452,0.000854,0.000954,0.000989,3.616421,3.616591,3.615432,0.000170000000000226,3.5978,0.0397243663787843
"2026-05-22T21:34:46.741Z","run_bootstrap",51,"http://client3:8000","run","http://client3:8000/run",1,TRUE,200,1108,252,3.79955554008484,"2026-05-22T21:34:42.936261Z","2026-05-22T21:34:46.735816Z",1779485682.93626,1779485686.73582,0.000746,0.000871,0.000908,3.785001,3.785135,3.784093,0.000134000000000079,3.7734,0.0261555400848388
"2026-05-22T21:34:50.544Z","run_bootstrap",52,"http://client1:8000","run","http://client1:8000/run",1,TRUE,200,1108,252,3.61364078521729,"2026-05-22T21:34:46.757295Z","2026-05-22T21:34:50.370936Z",1779485686.7573,1779485690.37094,0.000574,0.000635,0.000656,3.601947,3.602167,3.601291,0.000220000000000109,3.5949,0.0187407852172852
"2026-05-22T21:34:50.544Z","run_bootstrap",52,"http://client2:8000","run","http://client2:8000/run",1,TRUE,200,1108,255,3.6037073135376,"2026-05-22T21:34:46.757295Z","2026-05-22T21:34:50.361003Z",1779485686.7573,1779485690.361,0.000518,0.000602,0.000624,3.592086,3.592204,3.591462,0.000118000000000062,3.5844,0.0193073135375976
"2026-05-22T21:34:50.544Z","run_bootstrap",52,"http://client3:8000","run","http://client3:8000/run",1,TRUE,200,1108,252,3.77867364883423,"2026-05-22T21:34:46.758841Z","2026-05-22T21:34:50.537514Z",1779485686.75884,1779485690.53751,0.000559,0.000659,0.000693,3.760635,3.76077,3.759942,0.000134999999999774,3.7532,0.0254736488342284
"2026-05-22T21:34:54.377Z","run_bootstrap",53,"http://client1:8000","run","http://client1:8000/run",1,TRUE,200,1108,251,3.81087636947632,"2026-05-22T21:34:50.562035Z","2026-05-22T21:34:54.372911Z",1779485690.56204,1779485694.37291,0.000563,0.000657,0.000701,3.797026,3.797146,3.796325,0.000120000000000342,3.7888,0.0220763694763182
"2026-05-22T21:34:54.377Z","run_bootstrap",53,"http://client2:8000","run","http://client2:8000/run",1,TRUE,200,1108,256,3.50469589233398,"2026-05-22T21:34:50.562306Z","2026-05-22T21:34:54.067002Z",1779485690.56231,1779485694.067,0.000553,0.000661,0.000704,3.490237,3.490386,3.489533,0.000148999999999955,3.4829,0.0217958923339845
"2026-05-22T21:34:54.377Z","run_bootstrap",53,"http://client3:8000","run","http://client3:8000/run",1,TRUE,200,1108,252,3.53612232208252,"2026-05-22T21:34:50.562631Z","2026-05-22T21:34:54.098753Z",1779485690.56263,1779485694.09875,0.000613,0.000689,0.000729,3.522081,3.522236,3.521352,0.000154999999999905,3.5149,0.0212223220825196
"2026-05-22T21:34:58.037Z","run_bootstrap",54,"http://client1:8000","run","http://client1:8000/run",1,TRUE,200,1108,251,3.6421754360199,"2026-05-22T21:34:54.389245Z","2026-05-22T21:34:58.031420Z",1779485694.38925,1779485698.03142,0.000816,0.000928,0.000963,3.626455,3.626632,3.625492,0.000176999999999872,3.6187,0.0234754360198974
"2026-05-22T21:34:58.037Z","run_bootstrap",54,"http://client2:8000","run","http://client2:8000/run",1,TRUE,200,1108,256,3.50745606422424,"2026-05-22T21:34:54.389722Z","2026-05-22T21:34:57.897178Z",1779485694.38972,1779485697.89718,0.000605,0.000721,0.000756,3.487009,3.487108,3.486253,9.90000000000713e-05,3.4786,0.028856064224243
"2026-05-22T21:34:58.037Z","run_bootstrap",54,"http://client3:8000","run","http://client3:8000/run",1,TRUE,200,1108,252,3.61519813537598,"2026-05-22T21:34:54.390088Z","2026-05-22T21:34:58.005286Z",1779485694.39009,1779485698.00529,0.000534,0.000641,0.000675,3.597983,3.598099,3.597308,0.000115999999999783,3.5907,0.0244981353759766
"2026-05-22T21:35:01.707Z","run_bootstrap",55,"http://client1:8000","run","http://client1:8000/run",1,TRUE,200,1108,252,3.52646994590759,"2026-05-22T21:34:58.048670Z","2026-05-22T21:35:01.575140Z",1779485698.04867,1779485701.57514,0.000576,0.000648,0.000679,3.505621,3.50575,3.504942,0.000128999999999824,3.4948,0.0316699459075926
"2026-05-22T21:35:01.707Z","run_bootstrap",55,"http://client2:8000","run","http://client2:8000/run",1,TRUE,200,1108,255,3.65352034568787,"2026-05-22T21:34:58.049141Z","2026-05-22T21:35:01.702661Z",1779485698.04914,1779485701.70266,0.000545,0.000632,0.000663,3.633199,3.633295,3.632536,9.6000000000096e-05,3.6249,0.0286203456878664
"2026-05-22T21:35:01.707Z","run_bootstrap",55,"http://client3:8000","run","http://client3:8000/run",1,TRUE,200,1108,249,3.63718295097351,"2026-05-22T21:34:58.049657Z","2026-05-22T21:35:01.686840Z",1779485698.04966,1779485701.68684,0.000643,0.000749,0.000784,3.619719,3.619829,3.618935,0.000110000000000277,3.6127,0.0244829509735109
"2026-05-22T21:35:05.455Z","run_bootstrap",56,"http://client1:8000","run","http://client1:8000/run",1,TRUE,200,1108,252,3.63968539237976,"2026-05-22T21:35:01.720180Z","2026-05-22T21:35:05.359865Z",1779485701.72018,1779485705.35987,0.000422,0.000513,0.000536,3.625174,3.625314,3.624638,0.000140000000000029,3.6182,0.0214853923797609
"2026-05-22T21:35:05.455Z","run_bootstrap",56,"http://client2:8000","run","http://client2:8000/run",1,TRUE,200,1108,255,3.59765529632568,"2026-05-22T21:35:01.721046Z","2026-05-22T21:35:05.318701Z",1779485701.72105,1779485705.3187,0.000516,0.000603,0.000635,3.584783,3.584906,3.584148,0.000123000000000317,3.5781,0.0195552963256835
"2026-05-22T21:35:05.455Z","run_bootstrap",56,"http://client3:8000","run","http://client3:8000/run",1,TRUE,200,1108,249,3.7304105758667,"2026-05-22T21:35:01.720324Z","2026-05-22T21:35:05.450735Z",1779485701.72032,1779485705.45074,0.000551,0.00059,0.000608,3.716816,3.716957,3.716208,0.000140999999999725,3.7089,0.0215105758666994
"2026-05-22T21:35:09.208Z","run_bootstrap",57,"http://client1:8000","run","http://client1:8000/run",1,TRUE,200,1108,251,3.64559197425842,"2026-05-22T21:35:05.467917Z","2026-05-22T21:35:09.113509Z",1779485705.46792,1779485709.11351,0.000637,0.00075,0.00079,3.627636,3.627795,3.626846,0.00015900000000002,3.6202,0.0253919742584228
"2026-05-22T21:35:09.208Z","run_bootstrap",57,"http://client2:8000","run","http://client2:8000/run",1,TRUE,200,1108,255,3.62367725372314,"2026-05-22T21:35:05.468683Z","2026-05-22T21:35:09.092360Z",1779485705.46868,1779485709.09236,0.000708,0.000823,0.00086,3.602261,3.602363,3.601401,0.000102000000000046,3.5949,0.0287772537231445
"2026-05-22T21:35:09.208Z","run_bootstrap",57,"http://client3:8000","run","http://client3:8000/run",1,TRUE,200,1108,251,3.73352837562561,"2026-05-22T21:35:05.469270Z","2026-05-22T21:35:09.202798Z",1779485705.46927,1779485709.2028,0.000629,0.00075,0.000788,3.714662,3.714796,3.713874,0.000134000000000079,3.7075,0.0260283756256103
"2026-05-22T21:35:12.926Z","run_bootstrap",58,"http://client1:8000","run","http://client1:8000/run",1,TRUE,200,1108,251,3.69975709915161,"2026-05-22T21:35:09.222535Z","2026-05-22T21:35:12.922292Z",1779485709.22254,1779485712.92229,0.000563,0.000642,0.000664,3.68718,3.687213,3.686516,3.29999999997277e-05,3.6783,0.0214570991516112
"2026-05-22T21:35:12.926Z","run_bootstrap",58,"http://client2:8000","run","http://client2:8000/run",1,TRUE,200,1108,255,3.66282272338867,"2026-05-22T21:35:09.222136Z","2026-05-22T21:35:12.884959Z",1779485709.22214,1779485712.88496,0.000582,0.000638,0.000662,3.649806,3.649847,3.649144,4.09999999999577e-05,3.6424,0.020422723388672
"2026-05-22T21:35:12.926Z","run_bootstrap",58,"http://client3:8000","run","http://client3:8000/run",1,TRUE,200,1108,251,3.65338611602783,"2026-05-22T21:35:09.222507Z","2026-05-22T21:35:12.875893Z",1779485709.22251,1779485712.87589,0.00065,0.000774,0.000808,3.640182,3.640318,3.639374,0.000136000000000358,3.6329,0.0204861160278322
"2026-05-22T21:35:16.849Z","run_bootstrap",59,"http://client1:8000","run","http://client1:8000/run",1,TRUE,200,1107,250,3.64465618133545,"2026-05-22T21:35:12.938469Z","2026-05-22T21:35:16.583125Z",1779485712.93847,1779485716.58313,0.000544,0.000623,0.000658,3.626759,3.626905,3.626101,0.000145999999999979,3.6185,0.0261561813354492
"2026-05-22T21:35:16.849Z","run_bootstrap",59,"http://client2:8000","run","http://client2:8000/run",1,TRUE,200,1107,255,3.60190415382385,"2026-05-22T21:35:12.939029Z","2026-05-22T21:35:16.540933Z",1779485712.93903,1779485716.54093,0.000461,0.000552,0.000591,3.586871,3.586983,3.58628,0.000112000000000112,3.5788,0.0231041538238523
"2026-05-22T21:35:16.849Z","run_bootstrap",59,"http://client3:8000","run","http://client3:8000/run",1,TRUE,200,1107,252,3.90508460998535,"2026-05-22T21:35:12.939578Z","2026-05-22T21:35:16.844663Z",1779485712.93958,1779485716.84466,0.000601,0.000713,0.000757,3.890902,3.891043,3.890145,0.000140999999999725,3.8837,0.0213846099853514
"2026-05-22T21:35:20.988Z","run_bootstrap",60,"http://client1:8000","run","http://client1:8000/run",1,TRUE,200,1107,250,4.12166714668274,"2026-05-22T21:35:16.861925Z","2026-05-22T21:35:20.983592Z",1779485716.86193,1779485720.98359,0.000821,0.000907,0.000934,4.107903,4.108022,4.106969,0.000118999999999758,3.9452,0.176467146682739
"2026-05-22T21:35:20.988Z","run_bootstrap",60,"http://client2:8000","run","http://client2:8000/run",1,TRUE,200,1107,255,3.77327489852905,"2026-05-22T21:35:16.862462Z","2026-05-22T21:35:20.635736Z",1779485716.86246,1779485720.63574,0.000521,6e-04,0.00063,3.759307,3.759412,3.758677,0.000105000000000022,3.6004,0.172874898529053
"2026-05-22T21:35:20.988Z","run_bootstrap",60,"http://client3:8000","run","http://client3:8000/run",1,TRUE,200,1107,252,4.05739283561707,"2026-05-22T21:35:16.862984Z","2026-05-22T21:35:20.920377Z",1779485716.86298,1779485720.92038,0.000529,0.000611,0.000644,4.040151,4.040289,4.039507,0.000137999999999749,3.8928,0.164592835617066
"2026-05-22T21:35:24.723Z","run_bootstrap",61,"http://client1:8000","run","http://client1:8000/run",1,TRUE,200,1107,252,3.71680641174316,"2026-05-22T21:35:21.000278Z","2026-05-22T21:35:24.717085Z",1779485721.00028,1779485724.71709,0.000845,0.000921,0.000958,3.70241,3.702541,3.701452,0.000131000000000103,3.6955,0.0213064117431641
"2026-05-22T21:35:24.723Z","run_bootstrap",61,"http://client2:8000","run","http://client2:8000/run",1,TRUE,200,1107,254,3.47502279281616,"2026-05-22T21:35:21.001195Z","2026-05-22T21:35:24.476218Z",1779485721.0012,1779485724.47622,0.000612,0.000722,0.000758,3.458278,3.458409,3.45752,0.000131000000000103,3.4517,0.0233227928161619
"2026-05-22T21:35:24.723Z","run_bootstrap",61,"http://client3:8000","run","http://client3:8000/run",1,TRUE,200,1107,252,3.55062174797058,"2026-05-22T21:35:21.000557Z","2026-05-22T21:35:24.551178Z",1779485721.00056,1779485724.55118,0.000802,0.000913,0.000954,3.536461,3.536594,3.535507,0.000132999999999939,3.5282,0.0224217479705811
"2026-05-22T21:35:28.289Z","run_bootstrap",62,"http://client1:8000","run","http://client1:8000/run",1,TRUE,200,1107,252,3.4340808391571,"2026-05-22T21:35:24.736749Z","2026-05-22T21:35:28.170830Z",1779485724.73675,1779485728.17083,0.000554,0.000722,0.000773,3.411294,3.411438,3.410521,0.000144000000000144,3.4038,0.0302808391571046
"2026-05-22T21:35:28.289Z","run_bootstrap",62,"http://client2:8000","run","http://client2:8000/run",1,TRUE,200,1107,254,3.54723262786865,"2026-05-22T21:35:24.737463Z","2026-05-22T21:35:28.284696Z",1779485724.73746,1779485728.2847,0.000554,0.000631,0.00068,3.525256,3.525382,3.524576,0.000125999999999848,3.5185,0.0287326278686524
"2026-05-22T21:35:28.289Z","run_bootstrap",62,"http://client3:8000","run","http://client3:8000/run",1,TRUE,200,1107,252,3.52583885192871,"2026-05-22T21:35:24.737888Z","2026-05-22T21:35:28.263727Z",1779485724.73789,1779485728.26373,0.000632,0.000739,0.000794,3.507569,3.507706,3.506775,0.000137000000000054,3.5007,0.0251388519287108
"2026-05-22T21:35:31.839Z","run_bootstrap",63,"http://client1:8000","run","http://client1:8000/run",1,TRUE,200,1108,249,3.51840305328369,"2026-05-22T21:35:28.300275Z","2026-05-22T21:35:31.818678Z",1779485728.30028,1779485731.81868,0.000467,0.000543,0.000566,3.501806,3.501936,3.50124,0.000129999999999963,3.4839,0.0345030532836912
"2026-05-22T21:35:31.839Z","run_bootstrap",63,"http://client2:8000","run","http://client2:8000/run",1,TRUE,200,1108,252,3.45642423629761,"2026-05-22T21:35:28.300517Z","2026-05-22T21:35:31.756942Z",1779485728.30052,1779485731.75694,0.000595,0.000678,0.000712,3.439544,3.439596,3.438832,5.19999999997189e-05,3.4327,0.0237242362976073
"2026-05-22T21:35:31.839Z","run_bootstrap",63,"http://client3:8000","run","http://client3:8000/run",1,TRUE,200,1108,251,3.53300356864929,"2026-05-22T21:35:28.301763Z","2026-05-22T21:35:31.834767Z",1779485728.30176,1779485731.83477,0.000526,0.000601,0.000632,3.514779,3.514834,3.514147,5.50000000001383e-05,3.4975,0.0355035686492919
"2026-05-22T21:35:35.558Z","run_bootstrap",64,"http://client1:8000","run","http://client1:8000/run",1,TRUE,200,1108,249,3.52188897132874,"2026-05-22T21:35:31.851558Z","2026-05-22T21:35:35.373447Z",1779485731.85156,1779485735.37345,0.000676,0.000781,0.000822,3.508589,3.508717,3.507767,0.000127999999999684,3.5013,0.0205889713287353
"2026-05-22T21:35:35.558Z","run_bootstrap",64,"http://client2:8000","run","http://client2:8000/run",1,TRUE,200,1108,252,3.42649364471436,"2026-05-22T21:35:31.853565Z","2026-05-22T21:35:35.280059Z",1779485731.85357,1779485735.28006,0.000571,0.000684,0.000726,3.407345,3.40743,3.406619,8.50000000003348e-05,3.3996,0.0268936447143555
"2026-05-22T21:35:35.558Z","run_bootstrap",64,"http://client3:8000","run","http://client3:8000/run",1,TRUE,200,1108,251,3.69704914093018,"2026-05-22T21:35:31.854039Z","2026-05-22T21:35:35.551088Z",1779485731.85404,1779485735.55109,0.000605,0.00071,0.000751,3.682408,3.682545,3.681657,0.000137000000000054,3.6745,0.0225491409301757
"2026-05-22T21:35:39.276Z","run_bootstrap",65,"http://client1:8000","run","http://client1:8000/run",1,TRUE,200,1107,249,3.44532084465027,"2026-05-22T21:35:35.575155Z","2026-05-22T21:35:39.020475Z",1779485735.57516,1779485739.02048,0.000648,0.000732,0.000763,3.425444,3.425579,3.424681,0.000134999999999774,3.4181,0.0272208446502686
"2026-05-22T21:35:39.276Z","run_bootstrap",65,"http://client2:8000","run","http://client2:8000/run",1,TRUE,200,1107,253,3.25817060470581,"2026-05-22T21:35:35.574657Z","2026-05-22T21:35:38.832827Z",1779485735.57466,1779485738.83283,0.000775,0.000876,0.000911,3.244248,3.244357,3.243337,0.000109000000000137,3.2364,0.0217706047058104
"2026-05-22T21:35:39.276Z","run_bootstrap",65,"http://client3:8000","run","http://client3:8000/run",1,TRUE,200,1107,254,3.69461464881897,"2026-05-22T21:35:35.575468Z","2026-05-22T21:35:39.270082Z",1779485735.57547,1779485739.27008,0.000624,0.000734,0.000771,3.681398,3.681532,3.680627,0.000133999999999634,3.6738,0.0208146488189698
"2026-05-22T21:35:43.020Z","run_bootstrap",66,"http://client1:8000","run","http://client1:8000/run",1,TRUE,200,1107,249,3.51485705375671,"2026-05-22T21:35:39.289115Z","2026-05-22T21:35:42.803972Z",1779485739.28912,1779485742.80397,0.000665,0.000772,0.000807,3.498172,3.498261,3.497365,8.90000000000057e-05,3.4898,0.0250570537567141
"2026-05-22T21:35:43.020Z","run_bootstrap",66,"http://client2:8000","run","http://client2:8000/run",1,TRUE,200,1107,253,3.723552942276,"2026-05-22T21:35:39.289574Z","2026-05-22T21:35:43.013127Z",1779485739.28957,1779485743.01313,0.000475,0.000559,0.00059,3.705187,3.705312,3.704597,0.000125000000000153,3.6977,0.0258529422760008
"2026-05-22T21:35:43.020Z","run_bootstrap",66,"http://client3:8000","run","http://client3:8000/run",1,TRUE,200,1107,253,3.51706910133362,"2026-05-22T21:35:39.290169Z","2026-05-22T21:35:42.807238Z",1779485739.29017,1779485742.80724,0.000546,0.000638,0.000671,3.498805,3.498929,3.498134,0.000124000000000013,3.492,0.0250691013336182
"2026-05-22T21:35:46.777Z","run_bootstrap",67,"http://client1:8000","run","http://client1:8000/run",1,TRUE,200,1108,252,3.45881581306458,"2026-05-22T21:35:43.036583Z","2026-05-22T21:35:46.495399Z",1779485743.03658,1779485746.4954,0.000673,0.000779,0.000825,3.443768,3.443882,3.442943,0.000113999999999947,3.4366,0.0222158130645753
"2026-05-22T21:35:46.777Z","run_bootstrap",67,"http://client2:8000","run","http://client2:8000/run",1,TRUE,200,1108,253,3.42215609550476,"2026-05-22T21:35:43.038694Z","2026-05-22T21:35:46.460850Z",1779485743.03869,1779485746.46085,0.000513,0.000615,0.000657,3.401455,3.401687,3.400798,0.00023200000000001,3.3948,0.0273560955047607
"2026-05-22T21:35:46.777Z","run_bootstrap",67,"http://client3:8000","run","http://client3:8000/run",1,TRUE,200,1108,252,3.73094296455383,"2026-05-22T21:35:43.038404Z","2026-05-22T21:35:46.769347Z",1779485743.0384,1779485746.76935,0.000538,0.000644,0.000692,3.716912,3.717017,3.71622,0.000104999999999578,3.7101,0.0208429645538328
"2026-05-22T21:35:50.521Z","run_bootstrap",68,"http://client1:8000","run","http://client1:8000/run",1,TRUE,200,1108,252,3.48596477508545,"2026-05-22T21:35:46.795886Z","2026-05-22T21:35:50.281850Z",1779485746.79589,1779485750.28185,0.000636,0.000739,0.000773,3.460749,3.460893,3.459976,0.000144000000000144,3.4533,0.0326647750854492
"2026-05-22T21:35:50.521Z","run_bootstrap",68,"http://client2:8000","run","http://client2:8000/run",1,TRUE,200,1108,253,3.5154402256012,"2026-05-22T21:35:46.796383Z","2026-05-22T21:35:50.311823Z",1779485746.79638,1779485750.31182,0.000577,0.000665,0.000688,3.489457,3.489594,3.488769,0.000137000000000054,3.4818,0.0336402256011965
"2026-05-22T21:35:50.521Z","run_bootstrap",68,"http://client3:8000","run","http://client3:8000/run",1,TRUE,200,1108,252,3.72124743461609,"2026-05-22T21:35:46.796777Z","2026-05-22T21:35:50.518025Z",1779485746.79678,1779485750.51803,0.000559,0.000654,0.000688,3.696025,3.696246,3.695337,0.000220999999999805,3.6893,0.0319474346160891
"2026-05-22T21:35:54.121Z","run_bootstrap",69,"http://client1:8000","run","http://client1:8000/run",1,TRUE,200,1107,251,3.58278918266296,"2026-05-22T21:35:50.534538Z","2026-05-22T21:35:54.117327Z",1779485750.53454,1779485754.11733,0.000714,0.000827,0.00087,3.568907,3.569027,3.568037,0.000120000000000342,3.5616,0.021189182662964
"2026-05-22T21:35:54.121Z","run_bootstrap",69,"http://client2:8000","run","http://client2:8000/run",1,TRUE,200,1107,254,3.42681980133057,"2026-05-22T21:35:50.536043Z","2026-05-22T21:35:53.962862Z",1779485750.53604,1779485753.96286,0.000531,0.000618,0.000655,3.413527,3.413637,3.412872,0.000109999999999832,3.404,0.0228198013305665
"2026-05-22T21:35:54.121Z","run_bootstrap",69,"http://client3:8000","run","http://client3:8000/run",1,TRUE,200,1107,252,3.5797016620636,"2026-05-22T21:35:50.536736Z","2026-05-22T21:35:54.116438Z",1779485750.53674,1779485754.11644,0.000581,0.000677,0.000719,3.559097,3.559234,3.558378,0.000137000000000054,3.5517,0.0280016620635988
"2026-05-22T21:35:57.922Z","run_bootstrap",70,"http://client1:8000","run","http://client1:8000/run",1,TRUE,200,1107,251,3.35413765907288,"2026-05-22T21:35:54.132383Z","2026-05-22T21:35:57.486521Z",1779485754.13238,1779485757.48652,0.000656,0.000759,0.000793,3.340379,3.340464,3.339586,8.49999999998907e-05,3.3331,0.021037659072876
"2026-05-22T21:35:57.922Z","run_bootstrap",70,"http://client2:8000","run","http://client2:8000/run",1,TRUE,200,1107,255,3.78385138511658,"2026-05-22T21:35:54.134171Z","2026-05-22T21:35:57.918022Z",1779485754.13417,1779485757.91802,0.000461,0.00057,0.000608,3.767095,3.767225,3.766487,0.000129999999999963,3.7604,0.023451385116577
"2026-05-22T21:35:57.922Z","run_bootstrap",70,"http://client3:8000","run","http://client3:8000/run",1,TRUE,200,1107,252,3.72714519500732,"2026-05-22T21:35:54.134471Z","2026-05-22T21:35:57.861616Z",1779485754.13447,1779485757.86162,0.00071,0.000787,0.000824,3.710575,3.710706,3.709751,0.000131000000000103,3.7026,0.0245451950073243
"2026-05-22T21:36:01.574Z","run_bootstrap",71,"http://client1:8000","run","http://client1:8000/run",1,TRUE,200,1106,252,3.63379335403442,"2026-05-22T21:35:57.933090Z","2026-05-22T21:36:01.566884Z",1779485757.93309,1779485761.56688,0.000685,0.000795,0.000829,3.619754,3.619832,3.618925,7.80000000002445e-05,3.6125,0.021293354034424
"2026-05-22T21:36:01.574Z","run_bootstrap",71,"http://client2:8000","run","http://client2:8000/run",1,TRUE,200,1106,255,3.59439373016357,"2026-05-22T21:35:57.935006Z","2026-05-22T21:36:01.529400Z",1779485757.93501,1779485761.5294,0.000587,0.000671,0.000703,3.578342,3.578475,3.577639,0.000132999999999939,3.5594,0.0349937301635741
"2026-05-22T21:36:01.574Z","run_bootstrap",71,"http://client3:8000","run","http://client3:8000/run",1,TRUE,200,1106,254,3.61317658424377,"2026-05-22T21:35:57.934200Z","2026-05-22T21:36:01.547376Z",1779485757.9342,1779485761.54738,0.000497,0.000585,0.000618,3.599425,3.599558,3.598807,0.000132999999999939,3.5924,0.0207765842437744
"2026-05-22T21:36:05.277Z","run_bootstrap",72,"http://client1:8000","run","http://client1:8000/run",1,TRUE,200,1106,252,3.68169450759888,"2026-05-22T21:36:01.590877Z","2026-05-22T21:36:05.272572Z",1779485761.59088,1779485765.27257,0.000518,0.000594,0.00063,3.662583,3.662711,3.661953,0.000127999999999684,3.6552,0.0264945075988772
"2026-05-22T21:36:05.277Z","run_bootstrap",72,"http://client2:8000","run","http://client2:8000/run",1,TRUE,200,1106,255,3.63721227645874,"2026-05-22T21:36:01.591487Z","2026-05-22T21:36:05.228699Z",1779485761.59149,1779485765.2287,0.000409,0.000484,0.000521,3.619148,3.61928,3.618627,0.000131999999999799,3.6122,0.0250122764587402
"2026-05-22T21:36:05.277Z","run_bootstrap",72,"http://client3:8000","run","http://client3:8000/run",1,TRUE,200,1106,253,3.56046080589294,"2026-05-22T21:36:01.590926Z","2026-05-22T21:36:05.151387Z",1779485761.59093,1779485765.15139,0.000689,0.000804,0.000846,3.545122,3.545255,3.544276,0.000132999999999939,3.537,0.0234608058929444
"2026-05-22T21:36:09.147Z","run_bootstrap",73,"http://client1:8000","run","http://client1:8000/run",1,TRUE,200,1108,252,3.74987816810608,"2026-05-22T21:36:05.289583Z","2026-05-22T21:36:09.039461Z",1779485765.28958,1779485769.03946,0.000535,0.000596,0.000615,3.736305,3.73646,3.73569,0.000154999999999905,3.7292,0.020678168106079
"2026-05-22T21:36:09.147Z","run_bootstrap",73,"http://client2:8000","run","http://client2:8000/run",1,TRUE,200,1108,252,3.8515899181366,"2026-05-22T21:36:05.290846Z","2026-05-22T21:36:09.142436Z",1779485765.29085,1779485769.14244,0.000454,0.000535,0.000559,3.839296,3.839426,3.838737,0.000129999999999963,3.8324,0.0191899181365969
"2026-05-22T21:36:09.147Z","run_bootstrap",73,"http://client3:8000","run","http://client3:8000/run",1,TRUE,200,1108,253,3.56553292274475,"2026-05-22T21:36:05.289960Z","2026-05-22T21:36:08.855493Z",1779485765.28996,1779485768.85549,0.000567,0.000645,0.000675,3.552005,3.55214,3.55133,0.000135000000000218,3.545,0.020532922744751
"2026-05-22T21:36:13.026Z","run_bootstrap",74,"http://client1:8000","run","http://client1:8000/run",1,TRUE,200,1108,251,3.79340982437134,"2026-05-22T21:36:09.159789Z","2026-05-22T21:36:12.953199Z",1779485769.15979,1779485772.9532,0.000583,0.000677,0.000712,3.774751,3.774895,3.774039,0.0001439999999997,3.767,0.026409824371338
"2026-05-22T21:36:13.026Z","run_bootstrap",74,"http://client2:8000","run","http://client2:8000/run",1,TRUE,200,1108,252,3.6421799659729,"2026-05-22T21:36:09.160298Z","2026-05-22T21:36:12.802478Z",1779485769.1603,1779485772.80248,0.000505,0.000623,0.000665,3.62445,3.624584,3.623785,0.000134000000000079,3.6175,0.0246799659729002
"2026-05-22T21:36:13.026Z","run_bootstrap",74,"http://client3:8000","run","http://client3:8000/run",1,TRUE,200,1108,254,3.86075973510742,"2026-05-22T21:36:09.159650Z","2026-05-22T21:36:13.020410Z",1779485769.15965,1779485773.02041,0.000691,0.000794,0.000829,3.842836,3.843074,3.842007,0.00023799999999996,3.8254,0.0353597351074217
"2026-05-22T21:36:16.931Z","run_bootstrap",75,"http://client1:8000","run","http://client1:8000/run",1,TRUE,200,1107,252,3.74619555473328,"2026-05-22T21:36:13.040273Z","2026-05-22T21:36:16.786468Z",1779485773.04027,1779485776.78647,0.000509,0.00059,0.000625,3.733096,3.733222,3.732471,0.000125999999999848,3.7251,0.0210955547332765
"2026-05-22T21:36:16.931Z","run_bootstrap",75,"http://client2:8000","run","http://client2:8000/run",1,TRUE,200,1107,255,3.88760161399841,"2026-05-22T21:36:13.039792Z","2026-05-22T21:36:16.927393Z",1779485773.03979,1779485776.92739,0.000582,0.000643,0.000666,3.874389,3.874509,3.873723,0.000120000000000342,3.8667,0.0209016139984133
"2026-05-22T21:36:16.931Z","run_bootstrap",75,"http://client3:8000","run","http://client3:8000/run",1,TRUE,200,1107,254,3.70361065864563,"2026-05-22T21:36:13.040574Z","2026-05-22T21:36:16.744184Z",1779485773.04057,1779485776.74418,0.000526,0.000596,0.00062,3.691139,3.691261,3.690519,0.000121999999999733,3.6842,0.0194106586456297
"2026-05-22T21:36:20.825Z","run_bootstrap",76,"http://client1:8000","run","http://client1:8000/run",1,TRUE,200,1107,252,3.67152070999146,"2026-05-22T21:36:16.943428Z","2026-05-22T21:36:20.614949Z",1779485776.94343,1779485780.61495,0.000794,0.000904,0.000938,3.657291,3.657458,3.656353,0.00016700000000025,3.6493,0.0222207099914549
"2026-05-22T21:36:20.825Z","run_bootstrap",76,"http://client2:8000","run","http://client2:8000/run",1,TRUE,200,1107,255,3.87404012680054,"2026-05-22T21:36:16.945223Z","2026-05-22T21:36:20.819263Z",1779485776.94522,1779485780.81926,0.000532,0.000604,0.000636,3.860731,3.860844,3.860095,0.000113000000000252,3.8496,0.024440126800537
"2026-05-22T21:36:20.825Z","run_bootstrap",76,"http://client3:8000","run","http://client3:8000/run",1,TRUE,200,1107,254,3.67641758918762,"2026-05-22T21:36:16.944658Z","2026-05-22T21:36:20.621076Z",1779485776.94466,1779485780.62108,0.000615,0.000727,0.000763,3.662781,3.662913,3.662018,0.000132000000000243,3.6546,0.0218175891876222
"2026-05-22T21:36:24.742Z","run_bootstrap",77,"http://client1:8000","run","http://client1:8000/run",1,TRUE,200,1108,252,3.70335149765015,"2026-05-22T21:36:20.836161Z","2026-05-22T21:36:24.539512Z",1779485780.83616,1779485784.53951,0.000673,0.000779,0.000824,3.688869,3.689,3.688045,0.000131000000000103,3.6745,0.0288514976501464
"2026-05-22T21:36:24.742Z","run_bootstrap",77,"http://client2:8000","run","http://client2:8000/run",1,TRUE,200,1108,251,3.64472222328186,"2026-05-22T21:36:20.837144Z","2026-05-22T21:36:24.481866Z",1779485780.83714,1779485784.48187,0.000548,0.000632,0.000672,3.631659,3.631793,3.630987,0.000134000000000079,3.6244,0.0203222232818603
"2026-05-22T21:36:24.742Z","run_bootstrap",77,"http://client3:8000","run","http://client3:8000/run",1,TRUE,200,1108,254,3.89741015434265,"2026-05-22T21:36:20.837880Z","2026-05-22T21:36:24.735290Z",1779485780.83788,1779485784.73529,0.000561,0.000645,0.000684,3.877654,3.877784,3.87697,0.000129999999999963,3.8703,0.0271101543426515
"2026-05-22T21:36:28.606Z","run_bootstrap",78,"http://client1:8000","run","http://client1:8000/run",1,TRUE,200,1108,252,3.48243355751038,"2026-05-22T21:36:24.762105Z","2026-05-22T21:36:28.244539Z",1779485784.76211,1779485788.24454,0.000669,0.000795,0.000846,3.467751,3.467892,3.466905,0.000141000000000169,3.4594,0.0230335575103759
"2026-05-22T21:36:28.606Z","run_bootstrap",78,"http://client2:8000","run","http://client2:8000/run",1,TRUE,200,1108,251,3.73993945121765,"2026-05-22T21:36:24.762438Z","2026-05-22T21:36:28.502377Z",1779485784.76244,1779485788.50238,0.000666,0.000744,0.000781,3.717733,3.717858,3.716952,0.000125000000000153,3.7105,0.0294394512176512
"2026-05-22T21:36:28.606Z","run_bootstrap",78,"http://client3:8000","run","http://client3:8000/run",1,TRUE,200,1108,254,3.83811616897583,"2026-05-22T21:36:24.762815Z","2026-05-22T21:36:28.600931Z",1779485784.76282,1779485788.60093,0.00063,0.000742,0.000779,3.815844,3.815978,3.815065,0.000134000000000079,3.8082,0.0299161689758303
"2026-05-22T21:36:32.419Z","run_bootstrap",79,"http://client1:8000","run","http://client1:8000/run",1,TRUE,200,1107,252,3.75530958175659,"2026-05-22T21:36:28.618072Z","2026-05-22T21:36:32.373382Z",1779485788.61807,1779485792.37338,0.000568,0.000681,0.00072,3.741241,3.741338,3.740521,9.69999999997917e-05,3.7337,0.021609581756592
"2026-05-22T21:36:32.419Z","run_bootstrap",79,"http://client2:8000","run","http://client2:8000/run",1,TRUE,200,1107,254,3.6305205821991,"2026-05-22T21:36:28.619649Z","2026-05-22T21:36:32.250170Z",1779485788.61965,1779485792.25017,0.00056,0.000636,0.000668,3.613926,3.614063,3.613258,0.00013699999999961,3.6058,0.0247205821990968
"2026-05-22T21:36:32.419Z","run_bootstrap",79,"http://client3:8000","run","http://client3:8000/run",1,TRUE,200,1107,254,3.79213738441467,"2026-05-22T21:36:28.618806Z","2026-05-22T21:36:32.410943Z",1779485788.61881,1779485792.41094,0.000619,0.000718,0.000754,3.778839,3.778971,3.778085,0.000131999999999799,3.7717,0.0204373844146728
"2026-05-22T21:36:36.505Z","run_bootstrap",80,"http://client1:8000","run","http://client1:8000/run",1,TRUE,200,1107,252,3.83831715583801,"2026-05-22T21:36:32.433852Z","2026-05-22T21:36:36.272170Z",1779485792.43385,1779485796.27217,0.000637,0.000735,0.000773,3.823182,3.823322,3.822409,0.000140000000000029,3.6661,0.172217155838013
"2026-05-22T21:36:36.505Z","run_bootstrap",80,"http://client2:8000","run","http://client2:8000/run",1,TRUE,200,1107,254,3.8227846622467,"2026-05-22T21:36:32.434547Z","2026-05-22T21:36:36.257332Z",1779485792.43455,1779485796.25733,0.000679,0.000788,0.000826,3.808306,3.808431,3.80748,0.000125000000000153,3.6469,0.175884662246704
"2026-05-22T21:36:36.505Z","run_bootstrap",80,"http://client3:8000","run","http://client3:8000/run",1,TRUE,200,1107,254,4.06575012207031,"2026-05-22T21:36:32.435202Z","2026-05-22T21:36:36.500952Z",1779485792.4352,1779485796.50095,0.000434,0.000523,0.000543,4.050272,4.050595,4.049729,0.000323000000000739,3.8914,0.174350122070313
"2026-05-22T21:36:40.317Z","run_bootstrap",81,"http://client1:8000","run","http://client1:8000/run",1,TRUE,200,1107,252,3.55909490585327,"2026-05-22T21:36:36.517243Z","2026-05-22T21:36:40.076338Z",1779485796.51724,1779485800.07634,0.000428,0.000508,0.00053,3.54034,3.540466,3.53981,0.000125999999999848,3.5328,0.0262949058532715
"2026-05-22T21:36:40.317Z","run_bootstrap",81,"http://client2:8000","run","http://client2:8000/run",1,TRUE,200,1107,255,3.39542603492737,"2026-05-22T21:36:36.517859Z","2026-05-22T21:36:39.913285Z",1779485796.51786,1779485799.91329,0.000483,0.000567,6e-04,3.37634,3.376498,3.37574,0.000158000000000325,3.3699,0.0255260349273683
"2026-05-22T21:36:40.317Z","run_bootstrap",81,"http://client3:8000","run","http://client3:8000/run",1,TRUE,200,1107,254,3.79380989074707,"2026-05-22T21:36:36.518834Z","2026-05-22T21:36:40.312644Z",1779485796.51883,1779485800.31264,0.000521,0.000596,0.000626,3.773713,3.773848,3.773087,0.000135000000000218,3.7675,0.0263098907470702
"2026-05-22T21:36:44.314Z","run_bootstrap",82,"http://client1:8000","run","http://client1:8000/run",1,TRUE,200,1107,252,3.82462310791016,"2026-05-22T21:36:40.329432Z","2026-05-22T21:36:44.154055Z",1779485800.32943,1779485804.15406,0.000563,0.000678,0.000713,3.806502,3.806582,3.805789,8.000000000008e-05,3.7993,0.0253231079101561
"2026-05-22T21:36:44.314Z","run_bootstrap",82,"http://client2:8000","run","http://client2:8000/run",1,TRUE,200,1107,255,3.73699235916138,"2026-05-22T21:36:40.330331Z","2026-05-22T21:36:44.067323Z",1779485800.33033,1779485804.06732,0.000578,0.000685,0.000722,3.716067,3.716202,3.715345,0.000135000000000218,3.7073,0.0296923591613769
"2026-05-22T21:36:44.314Z","run_bootstrap",82,"http://client3:8000","run","http://client3:8000/run",1,TRUE,200,1107,254,3.9791886806488,"2026-05-22T21:36:40.330868Z","2026-05-22T21:36:44.310056Z",1779485800.33087,1779485804.31006,0.000742,0.000808,0.00083,3.959651,3.959786,3.958821,0.000134999999999774,3.9527,0.0264886806488036
"2026-05-22T21:36:48.358Z","run_bootstrap",83,"http://client1:8000","run","http://client1:8000/run",1,TRUE,200,1107,254,3.74193572998047,"2026-05-22T21:36:44.377364Z","2026-05-22T21:36:48.119300Z",1779485804.37736,1779485808.1193,0.000782,0.000862,0.000898,3.728847,3.72899,3.727949,0.000143000000000004,3.7206,0.0213357299804686
"2026-05-22T21:36:48.358Z","run_bootstrap",83,"http://client2:8000","run","http://client2:8000/run",1,TRUE,200,1107,253,3.97169852256775,"2026-05-22T21:36:44.378898Z","2026-05-22T21:36:48.350597Z",1779485804.3789,1779485808.3506,0.000563,0.000635,0.000665,3.959507,3.959616,3.958842,0.000109000000000137,3.9519,0.0197985225677488
"2026-05-22T21:36:48.358Z","run_bootstrap",83,"http://client3:8000","run","http://client3:8000/run",1,TRUE,200,1107,252,3.80411100387573,"2026-05-22T21:36:44.380773Z","2026-05-22T21:36:48.184884Z",1779485804.38077,1779485808.18488,0.000654,0.000751,0.000812,3.78588,3.786018,3.785068,0.000137999999999749,3.7782,0.0259110038757324
"2026-05-22T21:36:52.287Z","run_bootstrap",84,"http://client1:8000","run","http://client1:8000/run",1,TRUE,200,1107,254,3.85576677322388,"2026-05-22T21:36:48.371797Z","2026-05-22T21:36:52.227563Z",1779485808.3718,1779485812.22756,0.000815,0.000898,0.000922,3.833967,3.834069,3.833045,0.000102000000000046,3.8253,0.030466773223877
"2026-05-22T21:36:52.287Z","run_bootstrap",84,"http://client2:8000","run","http://client2:8000/run",1,TRUE,200,1107,253,3.74884653091431,"2026-05-22T21:36:48.372188Z","2026-05-22T21:36:52.121034Z",1779485808.37219,1779485812.12103,0.000541,0.000619,0.000662,3.727716,3.727928,3.727054,0.000211999999999879,3.7208,0.0280465309143065
"2026-05-22T21:36:52.287Z","run_bootstrap",84,"http://client3:8000","run","http://client3:8000/run",1,TRUE,200,1107,252,3.91092014312744,"2026-05-22T21:36:48.372488Z","2026-05-22T21:36:52.283408Z",1779485808.37249,1779485812.28341,0.00049,0.000543,0.000565,3.890136,3.890281,3.889571,0.00014499999999984,3.8835,0.0274201431274412
"2026-05-22T21:36:56.382Z","run_bootstrap",85,"http://client1:8000","run","http://client1:8000/run",1,TRUE,200,1108,263,3.82294273376465,"2026-05-22T21:36:52.298253Z","2026-05-22T21:36:56.121196Z",1779485812.29825,1779485816.1212,0.000691,0.000804,0.000838,3.808776,3.808921,3.807938,0.00014499999999984,3.8013,0.0216427337646485
"2026-05-22T21:36:56.382Z","run_bootstrap",85,"http://client2:8000","run","http://client2:8000/run",1,TRUE,200,1108,261,4.0370044708252,"2026-05-22T21:36:52.300263Z","2026-05-22T21:36:56.337268Z",1779485812.30026,1779485816.33727,0.000692,0.000815,0.00085,4.023044,4.023186,4.022194,0.000142000000000309,4.0149,0.0221044708251954
"2026-05-22T21:36:56.382Z","run_bootstrap",85,"http://client3:8000","run","http://client3:8000/run",1,TRUE,200,1108,261,4.07427096366882,"2026-05-22T21:36:52.300835Z","2026-05-22T21:36:56.375106Z",1779485812.30084,1779485816.37511,0.000512,0.000605,0.000652,4.055217,4.055335,4.054565,0.000118000000000507,4.0473,0.0269709636688233
"2026-05-22T21:37:00.219Z","run_bootstrap",86,"http://client1:8000","run","http://client1:8000/run",1,TRUE,200,1108,263,3.81871771812439,"2026-05-22T21:36:56.394178Z","2026-05-22T21:37:00.212896Z",1779485816.39418,1779485820.2129,0.00061,0.000697,0.000741,3.804116,3.804261,3.803375,0.00014499999999984,3.7969,0.0218177181243897
"2026-05-22T21:37:00.219Z","run_bootstrap",86,"http://client2:8000","run","http://client2:8000/run",1,TRUE,200,1108,261,3.64718770980835,"2026-05-22T21:36:56.395657Z","2026-05-22T21:37:00.042845Z",1779485816.39566,1779485820.04285,5e-04,0.000596,0.000633,3.634431,3.634588,3.633798,0.000156999999999741,3.6268,0.0203877098083498
"2026-05-22T21:37:00.219Z","run_bootstrap",86,"http://client3:8000","run","http://client3:8000/run",1,TRUE,200,1108,261,3.68658781051636,"2026-05-22T21:36:56.394792Z","2026-05-22T21:37:00.081380Z",1779485816.39479,1779485820.08138,0.000556,0.00067,0.000714,3.672442,3.672558,3.671728,0.000115999999999783,3.6656,0.0209878105163575
"2026-05-22T21:37:03.899Z","run_bootstrap",87,"http://client1:8000","run","http://client1:8000/run",1,TRUE,200,1107,254,3.2931911945343,"2026-05-22T21:37:00.232002Z","2026-05-22T21:37:03.525194Z",1779485820.232,1779485823.52519,0.000624,0.000713,0.000734,3.272841,3.272984,3.272107,0.000143000000000004,3.249,0.0441911945343016
"2026-05-22T21:37:03.899Z","run_bootstrap",87,"http://client2:8000","run","http://client2:8000/run",1,TRUE,200,1107,253,3.57637977600098,"2026-05-22T21:37:00.232708Z","2026-05-22T21:37:03.809088Z",1779485820.23271,1779485823.80909,0.000453,0.000538,0.000574,3.557396,3.557516,3.556822,0.000120000000000342,3.5483,0.0280797760009768
"2026-05-22T21:37:03.899Z","run_bootstrap",87,"http://client3:8000","run","http://client3:8000/run",1,TRUE,200,1107,252,3.66168332099915,"2026-05-22T21:37:00.233213Z","2026-05-22T21:37:03.894896Z",1779485820.23321,1779485823.8949,0.000561,0.00062,0.000643,3.643344,3.643494,3.642701,0.000150000000000095,3.6349,0.0267833209991455
"2026-05-22T21:37:07.603Z","run_bootstrap",88,"http://client1:8000","run","http://client1:8000/run",1,TRUE,200,1107,255,3.40178203582764,"2026-05-22T21:37:03.911942Z","2026-05-22T21:37:07.313724Z",1779485823.91194,1779485827.31372,0.000642,0.000752,0.000813,3.384649,3.384843,3.383836,0.000194000000000027,3.3765,0.0252820358276367
"2026-05-22T21:37:07.603Z","run_bootstrap",88,"http://client2:8000","run","http://client2:8000/run",1,TRUE,200,1107,252,3.68328046798706,"2026-05-22T21:37:03.913764Z","2026-05-22T21:37:07.597045Z",1779485823.91376,1779485827.59705,0.000485,0.000564,0.000618,3.660807,3.660959,3.660189,0.00015199999999993,3.654,0.0292804679870606
"2026-05-22T21:37:07.603Z","run_bootstrap",88,"http://client3:8000","run","http://client3:8000/run",1,TRUE,200,1107,252,3.6236252784729,"2026-05-22T21:37:03.914215Z","2026-05-22T21:37:07.537840Z",1779485823.91422,1779485827.53784,0.000588,0.000658,0.000681,3.602475,3.602602,3.601794,0.000126999999999988,3.5957,0.0279252784729005
"2026-05-22T21:37:11.305Z","run_bootstrap",89,"http://client1:8000","run","http://client1:8000/run",1,TRUE,200,1108,255,3.23560428619385,"2026-05-22T21:37:07.617573Z","2026-05-22T21:37:10.853178Z",1779485827.61757,1779485830.85318,0.000384,0.000469,0.000505,3.215137,3.215241,3.214632,0.000103999999999882,3.2079,0.0277042861938477
"2026-05-22T21:37:11.305Z","run_bootstrap",89,"http://client2:8000","run","http://client2:8000/run",1,TRUE,200,1108,252,3.6804530620575,"2026-05-22T21:37:07.618125Z","2026-05-22T21:37:11.298578Z",1779485827.61813,1779485831.29858,0.000602,0.000693,0.000729,3.661189,3.66134,3.66046,0.000151000000000234,3.6535,0.0269530620574949
"2026-05-22T21:37:11.305Z","run_bootstrap",89,"http://client3:8000","run","http://client3:8000/run",1,TRUE,200,1108,250,3.52459716796875,"2026-05-22T21:37:07.617296Z","2026-05-22T21:37:11.141893Z",1779485827.6173,1779485831.14189,0.000635,0.000748,0.000789,3.510613,3.510747,3.509824,0.000133999999999634,3.5031,0.0214971679687501
"2026-05-22T21:37:15.013Z","run_bootstrap",90,"http://client1:8000","run","http://client1:8000/run",1,TRUE,200,1108,255,3.49601364135742,"2026-05-22T21:37:11.323884Z","2026-05-22T21:37:14.819897Z",1779485831.32388,1779485834.8199,0.000542,0.000621,0.000651,3.474297,3.474435,3.473646,0.000138000000000194,3.4672,0.0288136413574218
"2026-05-22T21:37:15.013Z","run_bootstrap",90,"http://client2:8000","run","http://client2:8000/run",1,TRUE,200,1108,252,3.68424010276794,"2026-05-22T21:37:11.324317Z","2026-05-22T21:37:15.008558Z",1779485831.32432,1779485835.00856,0.000412,0.000514,0.000609,3.663302,3.663434,3.662693,0.000132000000000243,3.6566,0.0276401027679443
"2026-05-22T21:37:15.013Z","run_bootstrap",90,"http://client3:8000","run","http://client3:8000/run",1,TRUE,200,1108,250,3.38565278053284,"2026-05-22T21:37:11.323634Z","2026-05-22T21:37:14.709287Z",1779485831.32363,1779485834.70929,0.000644,0.000774,0.000812,3.371433,3.371564,3.370621,0.000130999999999659,3.3645,0.0211527805328369
"2026-05-22T21:37:18.638Z","run_bootstrap",91,"http://client1:8000","run","http://client1:8000/run",1,TRUE,200,1105,255,3.57139539718628,"2026-05-22T21:37:15.027224Z","2026-05-22T21:37:18.598619Z",1779485835.02722,1779485838.59862,0.000549,0.000628,0.000651,3.557278,3.557411,3.556627,0.000132999999999939,3.5488,0.0225953971862793
"2026-05-22T21:37:18.638Z","run_bootstrap",91,"http://client2:8000","run","http://client2:8000/run",1,TRUE,200,1105,253,3.60666394233704,"2026-05-22T21:37:15.027455Z","2026-05-22T21:37:18.634119Z",1779485835.02746,1779485838.63412,0.000822,0.00092,0.000953,3.593137,3.593271,3.592184,0.000134000000000079,3.5861,0.0205639423370361
"2026-05-22T21:37:18.638Z","run_bootstrap",91,"http://client3:8000","run","http://client3:8000/run",1,TRUE,200,1105,253,3.39081406593323,"2026-05-22T21:37:15.027224Z","2026-05-22T21:37:18.418038Z",1779485835.02722,1779485838.41804,0.000634,0.000729,0.000767,3.375686,3.375815,3.374919,0.000128999999999824,3.3685,0.0223140659332275
"2026-05-22T21:37:22.350Z","run_bootstrap",92,"http://client1:8000","run","http://client1:8000/run",1,TRUE,200,1105,255,3.51108503341675,"2026-05-22T21:37:18.651628Z","2026-05-22T21:37:22.162713Z",1779485838.65163,1779485842.16271,0.000592,0.000711,0.000759,3.495819,3.495954,3.49506,0.000134999999999774,3.4885,0.0225850334167479
"2026-05-22T21:37:22.350Z","run_bootstrap",92,"http://client2:8000","run","http://client2:8000/run",1,TRUE,200,1105,253,3.69048023223877,"2026-05-22T21:37:18.652459Z","2026-05-22T21:37:22.342939Z",1779485838.65246,1779485842.34294,0.000494,0.000601,0.000636,3.671102,3.671209,3.670466,0.000107000000000301,3.6641,0.0263802322387696
"2026-05-22T21:37:22.350Z","run_bootstrap",92,"http://client3:8000","run","http://client3:8000/run",1,TRUE,200,1105,253,3.4713933467865,"2026-05-22T21:37:18.652420Z","2026-05-22T21:37:22.123814Z",1779485838.65242,1779485842.12381,0.000703,0.000794,0.000824,3.456899,3.457041,3.456075,0.000141999999999864,3.4498,0.0215933467864988
"2026-05-22T21:37:26.101Z","run_bootstrap",93,"http://client1:8000","run","http://client1:8000/run",1,TRUE,200,1107,252,3.51949381828308,"2026-05-22T21:37:22.368478Z","2026-05-22T21:37:25.887972Z",1779485842.36848,1779485845.88797,0.000542,0.000616,0.000655,3.497036,3.497138,3.496381,0.000102000000000046,3.4896,0.0298938182830812
"2026-05-22T21:37:26.101Z","run_bootstrap",93,"http://client2:8000","run","http://client2:8000/run",1,TRUE,200,1107,253,3.51362371444702,"2026-05-22T21:37:22.368889Z","2026-05-22T21:37:25.882512Z",1779485842.36889,1779485845.88251,0.000696,0.00079,0.000826,3.490836,3.490944,3.49001,0.000107999999999997,3.4839,0.0297237144470213
"2026-05-22T21:37:26.101Z","run_bootstrap",93,"http://client3:8000","run","http://client3:8000/run",1,TRUE,200,1107,250,3.72448015213013,"2026-05-22T21:37:22.369384Z","2026-05-22T21:37:26.093864Z",1779485842.36938,1779485846.09386,0.000609,0.000719,0.000762,3.70223,3.702351,3.701468,0.000121000000000038,3.6952,0.0292801521301271
"2026-05-22T21:37:29.794Z","run_bootstrap",94,"http://client1:8000","run","http://client1:8000/run",1,TRUE,200,1107,252,3.41176819801331,"2026-05-22T21:37:26.120219Z","2026-05-22T21:37:29.531987Z",1779485846.12022,1779485849.53199,0.00057,0.00065,0.000687,3.392695,3.392827,3.392008,0.000132000000000243,3.3845,0.0272681980133056
"2026-05-22T21:37:29.794Z","run_bootstrap",94,"http://client2:8000","run","http://client2:8000/run",1,TRUE,200,1107,253,3.66681861877441,"2026-05-22T21:37:26.120212Z","2026-05-22T21:37:29.787030Z",1779485846.12021,1779485849.78703,0.00046,0.000546,0.000584,3.650789,3.650927,3.650205,0.000137999999999749,3.6443,0.0225186187744142
"2026-05-22T21:37:29.794Z","run_bootstrap",94,"http://client3:8000","run","http://client3:8000/run",1,TRUE,200,1107,249,3.53232073783875,"2026-05-22T21:37:26.118268Z","2026-05-22T21:37:29.650589Z",1779485846.11827,1779485849.65059,0.000644,0.000728,0.000756,3.520093,3.52018,3.519337,8.69999999997262e-05,3.513,0.0193207378387452
"2026-05-22T21:37:33.617Z","run_bootstrap",95,"http://client1:8000","run","http://client1:8000/run",1,TRUE,200,1104,254,3.54640507698059,"2026-05-22T21:37:29.809837Z","2026-05-22T21:37:33.356242Z",1779485849.80984,1779485853.35624,0.000621,0.000737,0.000777,3.532559,3.532719,3.531782,0.00016000000000016,3.5249,0.0215050769805907
"2026-05-22T21:37:33.617Z","run_bootstrap",95,"http://client2:8000","run","http://client2:8000/run",1,TRUE,200,1104,253,3.80241799354553,"2026-05-22T21:37:29.809887Z","2026-05-22T21:37:33.612305Z",1779485849.80989,1779485853.61231,0.000527,0.000607,0.000638,3.785725,3.785864,3.785087,0.000139000000000333,3.7789,0.0235179935455321
"2026-05-22T21:37:33.617Z","run_bootstrap",95,"http://client3:8000","run","http://client3:8000/run",1,TRUE,200,1104,253,3.52763676643372,"2026-05-22T21:37:29.810038Z","2026-05-22T21:37:33.337675Z",1779485849.81004,1779485853.33768,0.000647,0.00074,0.000773,3.514716,3.514852,3.513943,0.000135999999999914,3.5071,0.0205367664337159
"2026-05-22T21:37:37.303Z","run_bootstrap",96,"http://client1:8000","run","http://client1:8000/run",1,TRUE,200,1104,254,3.66620063781738,"2026-05-22T21:37:33.629872Z","2026-05-22T21:37:37.296073Z",1779485853.62987,1779485857.29607,0.000696,0.000819,0.000854,3.65206,3.652154,3.651206,9.39999999998165e-05,3.6438,0.0224006378173827
"2026-05-22T21:37:37.303Z","run_bootstrap",96,"http://client2:8000","run","http://client2:8000/run",1,TRUE,200,1104,253,3.61238837242126,"2026-05-22T21:37:33.630613Z","2026-05-22T21:37:37.243001Z",1779485853.63061,1779485857.243,0.000604,0.000701,0.000735,3.594678,3.594825,3.593943,0.000147000000000119,3.5875,0.0248883724212647
"2026-05-22T21:37:37.303Z","run_bootstrap",96,"http://client3:8000","run","http://client3:8000/run",1,TRUE,200,1104,253,3.65086579322815,"2026-05-22T21:37:33.631090Z","2026-05-22T21:37:37.281956Z",1779485853.63109,1779485857.28196,0.000561,0.000648,0.000681,3.635633,3.635719,3.634952,8.60000000000305e-05,3.6287,0.0221657932281496
"2026-05-22T21:37:40.997Z","run_bootstrap",97,"http://client1:8000","run","http://client1:8000/run",1,TRUE,200,1108,255,3.58193898200989,"2026-05-22T21:37:37.320093Z","2026-05-22T21:37:40.902032Z",1779485857.32009,1779485860.90203,0.000419,0.000533,0.000575,3.563658,3.563817,3.563083,0.000158999999999576,3.5551,0.0268389820098878
"2026-05-22T21:37:40.997Z","run_bootstrap",97,"http://client2:8000","run","http://client2:8000/run",1,TRUE,200,1108,251,3.66856575012207,"2026-05-22T21:37:37.320566Z","2026-05-22T21:37:40.989132Z",1779485857.32057,1779485860.98913,0.000609,0.000702,0.000739,3.650885,3.651163,3.650146,0.000277999999999778,3.6439,0.0246657501220704
"2026-05-22T21:37:40.997Z","run_bootstrap",97,"http://client3:8000","run","http://client3:8000/run",1,TRUE,200,1108,252,3.67232871055603,"2026-05-22T21:37:37.320566Z","2026-05-22T21:37:40.992894Z",1779485857.32057,1779485860.99289,0.00064,0.000748,0.000783,3.658664,3.658803,3.657881,0.000138999999999889,3.652,0.0203287105560301
"2026-05-22T21:37:44.721Z","run_bootstrap",98,"http://client1:8000","run","http://client1:8000/run",1,TRUE,200,1108,255,3.64527654647827,"2026-05-22T21:37:41.010426Z","2026-05-22T21:37:44.655703Z",1779485861.01043,1779485864.6557,0.000465,0.00052,0.000539,3.628855,3.628977,3.628316,0.000121999999999733,3.6214,0.0238765464782715
"2026-05-22T21:37:44.721Z","run_bootstrap",98,"http://client2:8000","run","http://client2:8000/run",1,TRUE,200,1108,251,3.70554637908936,"2026-05-22T21:37:41.010900Z","2026-05-22T21:37:44.716447Z",1779485861.0109,1779485864.71645,0.000444,5e-04,0.000523,3.690397,3.690554,3.689874,0.000157000000000185,3.6839,0.0216463790893555
"2026-05-22T21:37:44.721Z","run_bootstrap",98,"http://client3:8000","run","http://client3:8000/run",1,TRUE,200,1108,253,3.58973813056946,"2026-05-22T21:37:41.011548Z","2026-05-22T21:37:44.601286Z",1779485861.01155,1779485864.60129,0.000423,0.000501,0.000523,3.574974,3.575108,3.574451,0.000134000000000079,3.5683,0.0214381305694582
"2026-05-22T21:37:48.611Z","run_bootstrap",99,"http://client1:8000","run","http://client1:8000/run",1,TRUE,200,1108,250,3.64806342124939,"2026-05-22T21:37:44.733791Z","2026-05-22T21:37:48.381855Z",1779485864.73379,1779485868.38186,0.00055,0.000608,0.000626,3.625908,3.62604,3.625282,0.000132000000000243,3.618,0.0300634212493898
"2026-05-22T21:37:48.611Z","run_bootstrap",99,"http://client2:8000","run","http://client2:8000/run",1,TRUE,200,1108,254,3.87163019180298,"2026-05-22T21:37:44.733026Z","2026-05-22T21:37:48.604656Z",1779485864.73303,1779485868.60466,0.000715,0.00082,0.000856,3.853922,3.854006,3.853066,8.4000000000195e-05,3.8466,0.0250301918029785
"2026-05-22T21:37:48.611Z","run_bootstrap",99,"http://client3:8000","run","http://client3:8000/run",1,TRUE,200,1108,251,3.67311215400696,"2026-05-22T21:37:44.734858Z","2026-05-22T21:37:48.407970Z",1779485864.73486,1779485868.40797,0.000749,0.000834,0.000856,3.653727,3.653856,3.652871,0.000129000000000268,3.646,0.0271121540069581
"2026-05-22T21:37:52.634Z","run_bootstrap",100,"http://client1:8000","run","http://client1:8000/run",1,TRUE,200,1108,251,3.75239515304565,"2026-05-22T21:37:48.625357Z","2026-05-22T21:37:52.377752Z",1779485868.62536,1779485872.37775,0.000654,0.000764,0.000804,3.735183,3.735317,3.734379,0.000134000000000079,3.5945,0.157895153045654
"2026-05-22T21:37:52.634Z","run_bootstrap",100,"http://client2:8000","run","http://client2:8000/run",1,TRUE,200,1108,254,4.00413250923157,"2026-05-22T21:37:48.625687Z","2026-05-22T21:37:52.629819Z",1779485868.62569,1779485872.62982,0.000533,6e-04,0.000634,3.985467,3.985614,3.984833,0.000147000000000119,3.8346,0.169532509231567
"2026-05-22T21:37:52.634Z","run_bootstrap",100,"http://client3:8000","run","http://client3:8000/run",1,TRUE,200,1108,251,3.94091439247131,"2026-05-22T21:37:48.626198Z","2026-05-22T21:37:52.567112Z",1779485868.6262,1779485872.56711,0.00048,0.000554,0.000591,3.922883,3.923029,3.922292,0.000145999999999979,3.776,0.164914392471314
"2026-05-22T21:37:56.309Z","run_bootstrap",101,"http://client1:8000","run","http://client1:8000/run",1,TRUE,200,1108,252,3.40886449813843,"2026-05-22T21:37:52.645776Z","2026-05-22T21:37:56.054640Z",1779485872.64578,1779485876.05464,0.000518,0.000622,0.000657,3.390335,3.390478,3.389678,0.000143000000000004,3.3836,0.0252644981384278
"2026-05-22T21:37:56.309Z","run_bootstrap",101,"http://client2:8000","run","http://client2:8000/run",1,TRUE,200,1108,252,3.65484714508057,"2026-05-22T21:37:52.646664Z","2026-05-22T21:37:56.301511Z",1779485872.64666,1779485876.30151,0.000551,0.000648,0.000683,3.634221,3.634362,3.633538,0.000140999999999725,3.628,0.0268471450805663
"2026-05-22T21:37:56.309Z","run_bootstrap",101,"http://client3:8000","run","http://client3:8000/run",1,TRUE,200,1108,251,3.49442338943481,"2026-05-22T21:37:52.647302Z","2026-05-22T21:37:56.141725Z",1779485872.6473,1779485876.14173,0.000609,0.000724,0.000759,3.477873,3.478001,3.477114,0.000127999999999684,3.4713,0.0231233894348146
"2026-05-22T21:37:59.857Z","run_bootstrap",102,"http://client1:8000","run","http://client1:8000/run",1,TRUE,200,1108,251,3.41749620437622,"2026-05-22T21:37:56.327390Z","2026-05-22T21:37:59.744887Z",1779485876.32739,1779485879.74489,0.000527,0.000601,0.000638,3.395159,3.395295,3.394521,0.000135999999999914,3.386,0.0314962043762206
"2026-05-22T21:37:59.857Z","run_bootstrap",102,"http://client2:8000","run","http://client2:8000/run",1,TRUE,200,1108,253,3.42367911338806,"2026-05-22T21:37:56.327672Z","2026-05-22T21:37:59.751351Z",1779485876.32767,1779485879.75135,0.000457,0.000552,0.000588,3.401788,3.401913,3.4012,0.000125000000000153,3.3953,0.0283791133880613
"2026-05-22T21:37:59.857Z","run_bootstrap",102,"http://client3:8000","run","http://client3:8000/run",1,TRUE,200,1108,251,3.52238869667053,"2026-05-22T21:37:56.326993Z","2026-05-22T21:37:59.849382Z",1779485876.32699,1779485879.84938,0.000622,0.000728,0.000762,3.507899,3.508039,3.507137,0.000140000000000029,3.5009,0.0214886966705321
"2026-05-22T21:38:03.559Z","run_bootstrap",103,"http://client1:8000","run","http://client1:8000/run",1,TRUE,200,1108,251,3.50418376922607,"2026-05-22T21:37:59.871747Z","2026-05-22T21:38:03.375931Z",1779485879.87175,1779485883.37593,0.000605,0.000691,0.000723,3.489313,3.489467,3.48859,0.000153999999999765,3.4821,0.0220837692260742
"2026-05-22T21:38:03.559Z","run_bootstrap",103,"http://client2:8000","run","http://client2:8000/run",1,TRUE,200,1108,253,3.3989725112915,"2026-05-22T21:37:59.872462Z","2026-05-22T21:38:03.271435Z",1779485879.87246,1779485883.27144,0.000409,0.000525,0.000561,3.384336,3.384487,3.383775,0.000151000000000234,3.3745,0.0244725112915041
"2026-05-22T21:38:03.559Z","run_bootstrap",103,"http://client3:8000","run","http://client3:8000/run",1,TRUE,200,1108,253,3.68032050132751,"2026-05-22T21:37:59.871536Z","2026-05-22T21:38:03.551857Z",1779485879.87154,1779485883.55186,0.000782,0.000896,0.00094,3.664932,3.665086,3.663992,0.00015400000000021,3.6579,0.0224205013275145
"2026-05-22T21:38:07.090Z","run_bootstrap",104,"http://client1:8000","run","http://client1:8000/run",1,TRUE,200,1108,250,3.49650764465332,"2026-05-22T21:38:03.572876Z","2026-05-22T21:38:07.069384Z",1779485883.57288,1779485887.06938,0.000861,0.000947,0.000992,3.481844,3.481969,3.480852,0.000124999999999709,3.474,0.0225076446533201
"2026-05-22T21:38:07.090Z","run_bootstrap",104,"http://client2:8000","run","http://client2:8000/run",1,TRUE,200,1108,253,3.49517965316772,"2026-05-22T21:38:03.573180Z","2026-05-22T21:38:07.068360Z",1779485883.57318,1779485887.06836,0.000692,0.000807,0.000864,3.480538,3.480671,3.479674,0.000132999999999939,3.4727,0.0224796531677245
"2026-05-22T21:38:07.090Z","run_bootstrap",104,"http://client3:8000","run","http://client3:8000/run",1,TRUE,200,1108,253,3.5126965045929,"2026-05-22T21:38:03.573194Z","2026-05-22T21:38:07.085891Z",1779485883.57319,1779485887.08589,0.000847,0.000938,0.000983,3.498789,3.498925,3.497806,0.000135999999999914,3.4915,0.0211965045928957
"2026-05-22T21:38:10.774Z","run_bootstrap",105,"http://client1:8000","run","http://client1:8000/run",1,TRUE,200,1107,254,3.43337488174438,"2026-05-22T21:38:07.105244Z","2026-05-22T21:38:10.538619Z",1779485887.10524,1779485890.53862,0.000791,0.000885,0.000919,3.415808,3.415977,3.414889,0.000168999999999642,3.4083,0.0250748817443847
"2026-05-22T21:38:10.774Z","run_bootstrap",105,"http://client2:8000","run","http://client2:8000/run",1,TRUE,200,1107,253,3.50056767463684,"2026-05-22T21:38:07.105850Z","2026-05-22T21:38:10.606417Z",1779485887.10585,1779485890.60642,0.000794,0.000873,0.000911,3.483327,3.483494,3.482416,0.000166999999999806,3.4764,0.0241676746368409
"2026-05-22T21:38:10.774Z","run_bootstrap",105,"http://client3:8000","run","http://client3:8000/run",1,TRUE,200,1107,251,3.66346502304077,"2026-05-22T21:38:07.106247Z","2026-05-22T21:38:10.769712Z",1779485887.10625,1779485890.76971,0.000707,0.000813,0.000854,3.64632,3.646474,3.645466,0.00015400000000021,3.6394,0.0240650230407713
"2026-05-22T21:38:14.413Z","run_bootstrap",106,"http://client1:8000","run","http://client1:8000/run",1,TRUE,200,1107,254,3.61767554283142,"2026-05-22T21:38:10.788195Z","2026-05-22T21:38:14.405870Z",1779485890.7882,1779485894.40587,0.000583,0.00065,0.00067,3.604535,3.604676,3.603865,0.000141000000000169,3.5968,0.0208755428314209
"2026-05-22T21:38:14.413Z","run_bootstrap",106,"http://client2:8000","run","http://client2:8000/run",1,TRUE,200,1107,253,3.56323266029358,"2026-05-22T21:38:10.787535Z","2026-05-22T21:38:14.350768Z",1779485890.78754,1779485894.35077,0.000673,0.000724,0.000744,3.549433,3.549563,3.548689,0.000129999999999963,3.5426,0.0206326602935789
"2026-05-22T21:38:14.413Z","run_bootstrap",106,"http://client3:8000","run","http://client3:8000/run",1,TRUE,200,1107,251,3.51117587089539,"2026-05-22T21:38:10.787896Z","2026-05-22T21:38:14.299072Z",1779485890.7879,1779485894.29907,0.000501,0.000612,0.000655,3.498471,3.498614,3.497816,0.000143000000000004,3.4905,0.0206758708953858
"2026-05-22T21:38:18.210Z","run_bootstrap",107,"http://client1:8000","run","http://client1:8000/run",1,TRUE,200,1107,253,3.61670708656311,"2026-05-22T21:38:14.424987Z","2026-05-22T21:38:18.041694Z",1779485894.42499,1779485898.04169,0.000523,0.000615,0.000656,3.603132,3.603428,3.602476,0.000296000000000074,3.5951,0.0216070865631104
"2026-05-22T21:38:18.210Z","run_bootstrap",107,"http://client2:8000","run","http://client2:8000/run",1,TRUE,200,1107,254,3.78112602233887,"2026-05-22T21:38:14.425380Z","2026-05-22T21:38:18.206506Z",1779485894.42538,1779485898.20651,0.000395,0.000524,0.000675,3.765875,3.766009,3.7652,0.000134000000000079,3.7593,0.0218260223388671
"2026-05-22T21:38:18.210Z","run_bootstrap",107,"http://client3:8000","run","http://client3:8000/run",1,TRUE,200,1107,253,3.58173966407776,"2026-05-22T21:38:14.424530Z","2026-05-22T21:38:18.006270Z",1779485894.42453,1779485898.00627,0.000564,0.000632,0.000658,3.568592,3.568719,3.567934,0.000126999999999988,3.5618,0.0199396640777589
"2026-05-22T21:38:22.054Z","run_bootstrap",108,"http://client1:8000","run","http://client1:8000/run",1,TRUE,200,1107,253,3.82666254043579,"2026-05-22T21:38:18.223117Z","2026-05-22T21:38:22.049779Z",1779485898.22312,1779485902.04978,0.000507,0.000622,0.000662,3.808407,3.808537,3.807745,0.000129999999999963,3.7999,0.026762540435791
"2026-05-22T21:38:22.054Z","run_bootstrap",108,"http://client2:8000","run","http://client2:8000/run",1,TRUE,200,1107,254,3.63041424751282,"2026-05-22T21:38:18.222512Z","2026-05-22T21:38:21.852926Z",1779485898.22251,1779485901.85293,0.000716,0.000841,0.000882,3.615767,3.615898,3.614885,0.000131000000000103,3.6077,0.0227142475128175
"2026-05-22T21:38:22.054Z","run_bootstrap",108,"http://client3:8000","run","http://client3:8000/run",1,TRUE,200,1107,253,3.51873469352722,"2026-05-22T21:38:18.224182Z","2026-05-22T21:38:21.742916Z",1779485898.22418,1779485901.74292,0.000644,0.000757,0.000796,3.502339,3.502487,3.501543,0.000147999999999815,3.4954,0.0233346935272216
"2026-05-22T21:38:25.905Z","run_bootstrap",109,"http://client1:8000","run","http://client1:8000/run",1,TRUE,200,1108,255,3.55172157287598,"2026-05-22T21:38:22.065720Z","2026-05-22T21:38:25.617441Z",1779485902.06572,1779485905.61744,0.000598,0.000694,0.000818,3.536454,3.536618,3.535636,0.000163999999999831,3.5281,0.0236215728759768
"2026-05-22T21:38:25.905Z","run_bootstrap",109,"http://client2:8000","run","http://client2:8000/run",1,TRUE,200,1108,255,3.61557507514954,"2026-05-22T21:38:22.066280Z","2026-05-22T21:38:25.681855Z",1779485902.06628,1779485905.68186,0.000601,0.000688,0.000712,3.601659,3.601733,3.600947,7.39999999996854e-05,3.5947,0.0208750751495361
"2026-05-22T21:38:25.905Z","run_bootstrap",109,"http://client3:8000","run","http://client3:8000/run",1,TRUE,200,1108,253,3.82904767990112,"2026-05-22T21:38:22.068435Z","2026-05-22T21:38:25.897483Z",1779485902.06844,1779485905.89748,0.000627,7e-04,0.000732,3.81411,3.814233,3.813378,0.000123000000000317,3.8069,0.0221476799011229
"2026-05-22T21:38:29.775Z","run_bootstrap",110,"http://client1:8000","run","http://client1:8000/run",1,TRUE,200,1108,255,3.85416221618652,"2026-05-22T21:38:25.917602Z","2026-05-22T21:38:29.771764Z",1779485905.9176,1779485909.77176,0.000853,0.000949,0.000997,3.836975,3.83713,3.835978,0.000155000000000349,3.8273,0.0268622161865233
"2026-05-22T21:38:29.775Z","run_bootstrap",110,"http://client2:8000","run","http://client2:8000/run",1,TRUE,200,1108,255,3.39763808250427,"2026-05-22T21:38:25.917999Z","2026-05-22T21:38:29.315637Z",1779485905.918,1779485909.31564,0.000787,0.000902,0.000962,3.380087,3.380127,3.379125,3.9999999999818e-05,3.3729,0.0247380825042725
"2026-05-22T21:38:29.775Z","run_bootstrap",110,"http://client3:8000","run","http://client3:8000/run",1,TRUE,200,1108,253,3.80785870552063,"2026-05-22T21:38:25.917603Z","2026-05-22T21:38:29.725461Z",1779485905.9176,1779485909.72546,0.000813,0.000901,0.000951,3.79007,3.790106,3.789119,3.6000000000147e-05,3.7822,0.0256587055206299
"2026-05-22T21:38:33.508Z","run_bootstrap",111,"http://client1:8000","run","http://client1:8000/run",1,TRUE,200,1107,254,3.65154576301575,"2026-05-22T21:38:29.791841Z","2026-05-22T21:38:33.443387Z",1779485909.79184,1779485913.44339,0.000622,0.000696,0.000726,3.635505,3.635646,3.634779,0.000140999999999725,3.6263,0.025245763015747
"2026-05-22T21:38:33.508Z","run_bootstrap",111,"http://client2:8000","run","http://client2:8000/run",1,TRUE,200,1107,252,3.71075892448425,"2026-05-22T21:38:29.792425Z","2026-05-22T21:38:33.503184Z",1779485909.79243,1779485913.50318,0.000521,0.000581,0.000604,3.69544,3.695578,3.694836,0.000137999999999749,3.6879,0.022858924484253
"2026-05-22T21:38:33.508Z","run_bootstrap",111,"http://client3:8000","run","http://client3:8000/run",1,TRUE,200,1107,251,3.44573950767517,"2026-05-22T21:38:29.791658Z","2026-05-22T21:38:33.237397Z",1779485909.79166,1779485913.2374,0.000498,0.000582,0.000604,3.429806,3.429859,3.429202,5.29999999998587e-05,3.4224,0.0233395076751708
"2026-05-22T21:38:37.320Z","run_bootstrap",112,"http://client1:8000","run","http://client1:8000/run",1,TRUE,200,1107,254,3.79535698890686,"2026-05-22T21:38:33.520330Z","2026-05-22T21:38:37.315687Z",1779485913.52033,1779485917.31569,0.000659,0.000737,0.000767,3.782257,3.782386,3.78149,0.000128999999999824,3.7744,0.0209569889068604
"2026-05-22T21:38:37.320Z","run_bootstrap",112,"http://client2:8000","run","http://client2:8000/run",1,TRUE,200,1107,252,3.66246294975281,"2026-05-22T21:38:33.520118Z","2026-05-22T21:38:37.182581Z",1779485913.52012,1779485917.18258,0.000448,0.000523,0.000542,3.649345,3.64947,3.648803,0.000125000000000153,3.6414,0.0210629497528076
"2026-05-22T21:38:37.320Z","run_bootstrap",112,"http://client3:8000","run","http://client3:8000/run",1,TRUE,200,1107,251,3.53653478622437,"2026-05-22T21:38:33.520191Z","2026-05-22T21:38:37.056726Z",1779485913.52019,1779485917.05673,0.000423,0.000499,0.000521,3.523513,3.523661,3.522992,0.000148000000000259,3.5149,0.0216347862243653
"2026-05-22T21:38:41.177Z","run_bootstrap",113,"http://client1:8000","run","http://client1:8000/run",1,TRUE,200,1107,253,3.84175729751587,"2026-05-22T21:38:37.330942Z","2026-05-22T21:38:41.172699Z",1779485917.33094,1779485921.1727,0.000775,0.000886,0.000928,3.827485,3.827649,3.826557,0.000164000000000275,3.8094,0.032357297515869
"2026-05-22T21:38:41.177Z","run_bootstrap",113,"http://client2:8000","run","http://client2:8000/run",1,TRUE,200,1107,255,3.62322783470154,"2026-05-22T21:38:37.332745Z","2026-05-22T21:38:40.955973Z",1779485917.33275,1779485920.95597,0.000524,0.000607,0.000642,3.602129,3.602264,3.601487,0.000134999999999774,3.5952,0.0280278347015379
"2026-05-22T21:38:41.177Z","run_bootstrap",113,"http://client3:8000","run","http://client3:8000/run",1,TRUE,200,1107,251,3.55387306213379,"2026-05-22T21:38:37.333167Z","2026-05-22T21:38:40.887040Z",1779485917.33317,1779485920.88704,0.000536,0.000625,0.000663,3.53718,3.537309,3.536517,0.000128999999999824,3.5295,0.024373062133789
"2026-05-22T21:38:44.874Z","run_bootstrap",114,"http://client1:8000","run","http://client1:8000/run",1,TRUE,200,1107,253,3.68015694618225,"2026-05-22T21:38:41.189448Z","2026-05-22T21:38:44.869605Z",1779485921.18945,1779485924.86961,0.000719,0.00083,0.000869,3.666116,3.666225,3.665247,0.000108999999999693,3.6568,0.0233569461822509
"2026-05-22T21:38:44.874Z","run_bootstrap",114,"http://client2:8000","run","http://client2:8000/run",1,TRUE,200,1107,255,3.57406568527222,"2026-05-22T21:38:41.190584Z","2026-05-22T21:38:44.764649Z",1779485921.19058,1779485924.76465,0.000659,0.00079,0.000834,3.551885,3.551995,3.551051,0.000109999999999832,3.5444,0.0296656852722168
"2026-05-22T21:38:44.874Z","run_bootstrap",114,"http://client3:8000","run","http://client3:8000/run",1,TRUE,200,1107,251,3.66666054725647,"2026-05-22T21:38:41.191003Z","2026-05-22T21:38:44.857664Z",1779485921.191,1779485924.85766,0.000659,0.000769,0.000812,3.6444,3.64454,3.643588,0.000140000000000029,3.6373,0.0293605472564695
"2026-05-22T21:38:48.728Z","run_bootstrap",115,"http://client1:8000","run","http://client1:8000/run",1,TRUE,200,1106,255,3.83694553375244,"2026-05-22T21:38:44.887024Z","2026-05-22T21:38:48.723970Z",1779485924.88702,1779485928.72397,0.000395,0.000586,0.000627,3.822575,3.822702,3.821948,0.000126999999999988,3.8139,0.0230455337524416
"2026-05-22T21:38:48.728Z","run_bootstrap",115,"http://client2:8000","run","http://client2:8000/run",1,TRUE,200,1106,254,3.53552460670471,"2026-05-22T21:38:44.887463Z","2026-05-22T21:38:48.422988Z",1779485924.88746,1779485928.42299,0.000457,0.000559,0.000597,3.521553,3.521812,3.520956,0.000259000000000231,3.5142,0.0213246067047117
"2026-05-22T21:38:48.728Z","run_bootstrap",115,"http://client3:8000","run","http://client3:8000/run",1,TRUE,200,1106,251,3.56323194503784,"2026-05-22T21:38:44.886707Z","2026-05-22T21:38:48.449939Z",1779485924.88671,1779485928.44994,0.000787,0.000895,0.000939,3.548918,3.549091,3.547979,0.000173000000000201,3.5414,0.0218319450378419
"2026-05-22T21:38:52.574Z","run_bootstrap",116,"http://client1:8000","run","http://client1:8000/run",1,TRUE,200,1106,255,3.76501083374023,"2026-05-22T21:38:48.741020Z","2026-05-22T21:38:52.506031Z",1779485928.74102,1779485932.50603,0.000664,0.000821,0.000971,3.747977,3.748103,3.747006,0.000125999999999848,3.7403,0.0247108337402344
"2026-05-22T21:38:52.574Z","run_bootstrap",116,"http://client2:8000","run","http://client2:8000/run",1,TRUE,200,1106,254,3.61409997940063,"2026-05-22T21:38:48.742163Z","2026-05-22T21:38:52.356263Z",1779485928.74216,1779485932.35626,0.000682,0.000769,0.000799,3.596498,3.596599,3.595699,0.000100999999999907,3.5872,0.0268999794006346
"2026-05-22T21:38:52.574Z","run_bootstrap",116,"http://client3:8000","run","http://client3:8000/run",1,TRUE,200,1106,251,3.82584857940674,"2026-05-22T21:38:48.742602Z","2026-05-22T21:38:52.568451Z",1779485928.7426,1779485932.56845,0.000583,0.000701,0.000795,3.80466,3.804793,3.803865,0.000132999999999939,3.7972,0.0286485794067382
"2026-05-22T21:38:56.471Z","run_bootstrap",117,"http://client1:8000","run","http://client1:8000/run",1,TRUE,200,1108,254,3.70084357261658,"2026-05-22T21:38:52.588553Z","2026-05-22T21:38:56.289397Z",1779485932.58855,1779485936.2894,0.000652,0.000754,0.000792,3.68705,3.687183,3.686258,0.000132999999999939,3.6788,0.0220435726165773
"2026-05-22T21:38:56.471Z","run_bootstrap",117,"http://client2:8000","run","http://client2:8000/run",1,TRUE,200,1108,253,3.6906111240387,"2026-05-22T21:38:52.589155Z","2026-05-22T21:38:56.279766Z",1779485932.58916,1779485936.27977,0.000353,0.000441,0.000474,3.676098,3.676252,3.675624,0.000153999999999765,3.6569,0.0337111240386965
"2026-05-22T21:38:56.471Z","run_bootstrap",117,"http://client3:8000","run","http://client3:8000/run",1,TRUE,200,1108,250,3.87648510932922,"2026-05-22T21:38:52.588458Z","2026-05-22T21:38:56.464943Z",1779485932.58846,1779485936.46494,0.000597,0.000714,0.000752,3.862219,3.86236,3.861467,0.000140999999999725,3.8536,0.0228851093292235
"2026-05-22T21:39:00.420Z","run_bootstrap",118,"http://client1:8000","run","http://client1:8000/run",1,TRUE,200,1108,254,3.65372371673584,"2026-05-22T21:38:56.489708Z","2026-05-22T21:39:00.143431Z",1779485936.48971,1779485940.14343,0.000614,0.000713,0.000746,3.637964,3.638082,3.637218,0.000117999999999618,3.6292,0.0245237167358399
"2026-05-22T21:39:00.420Z","run_bootstrap",118,"http://client2:8000","run","http://client2:8000/run",1,TRUE,200,1108,253,3.92552495002747,"2026-05-22T21:38:56.490109Z","2026-05-22T21:39:00.415634Z",1779485936.49011,1779485940.41563,0.000768,0.000878,0.000914,3.905047,3.905176,3.904133,0.000128999999999824,3.8965,0.0290249500274657
"2026-05-22T21:39:00.420Z","run_bootstrap",118,"http://client3:8000","run","http://client3:8000/run",1,TRUE,200,1108,250,3.62721800804138,"2026-05-22T21:38:56.490497Z","2026-05-22T21:39:00.117715Z",1779485936.4905,1779485940.11772,0.000786,0.000895,0.000933,3.606462,3.606595,3.605529,0.000132999999999939,3.5925,0.034718008041382
"2026-05-22T21:39:04.378Z","run_bootstrap",119,"http://client1:8000","run","http://client1:8000/run",1,TRUE,200,1108,255,3.65715551376343,"2026-05-22T21:39:00.431764Z","2026-05-22T21:39:04.088920Z",1779485940.43176,1779485944.08892,0.000598,0.00071,0.000747,3.638493,3.638626,3.637746,0.000132999999999939,3.6296,0.0275555137634278
"2026-05-22T21:39:04.378Z","run_bootstrap",119,"http://client2:8000","run","http://client2:8000/run",1,TRUE,200,1108,253,3.94104814529419,"2026-05-22T21:39:00.432579Z","2026-05-22T21:39:04.373627Z",1779485940.43258,1779485944.37363,0.00047,0.000577,0.000615,3.920156,3.92028,3.919541,0.000124000000000013,3.913,0.0280481452941896
"2026-05-22T21:39:04.378Z","run_bootstrap",119,"http://client3:8000","run","http://client3:8000/run",1,TRUE,200,1108,252,3.83309054374695,"2026-05-22T21:39:00.433102Z","2026-05-22T21:39:04.266193Z",1779485940.4331,1779485944.26619,0.000651,0.000757,0.000793,3.816887,3.817017,3.816094,0.000129999999999963,3.8086,0.024490543746948
"2026-05-22T21:39:08.463Z","run_bootstrap",120,"http://client1:8000","run","http://client1:8000/run",1,TRUE,200,1108,255,3.94134855270386,"2026-05-22T21:39:04.391288Z","2026-05-22T21:39:08.332637Z",1779485944.39129,1779485948.33264,0.000744,0.000813,0.000847,3.918681,3.918808,3.917834,0.000126999999999988,3.7584,0.182948552703857
"2026-05-22T21:39:08.463Z","run_bootstrap",120,"http://client2:8000","run","http://client2:8000/run",1,TRUE,200,1108,254,3.87755274772644,"2026-05-22T21:39:04.391854Z","2026-05-22T21:39:08.269407Z",1779485944.39185,1779485948.26941,0.00036,0.000436,0.000469,3.855358,3.85549,3.854889,0.000132000000000243,3.7011,0.176452747726441
"2026-05-22T21:39:08.463Z","run_bootstrap",120,"http://client3:8000","run","http://client3:8000/run",1,TRUE,200,1108,252,4.06807589530945,"2026-05-22T21:39:04.390897Z","2026-05-22T21:39:08.458973Z",1779485944.3909,1779485948.45897,0.000628,0.000733,0.000769,4.054099,4.054324,4.05333,0.000225000000000364,3.8859,0.182175895309448
"2026-05-22T21:39:12.126Z","run_bootstrap",121,"http://client1:8000","run","http://client1:8000/run",1,TRUE,200,1108,253,3.6417088508606,"2026-05-22T21:39:08.474953Z","2026-05-22T21:39:12.116662Z",1779485948.47495,1779485952.11666,0.00066,0.000768,0.000808,3.627525,3.627643,3.626717,0.000118000000000062,3.6203,0.0214088508605959
"2026-05-22T21:39:12.126Z","run_bootstrap",121,"http://client2:8000","run","http://client2:8000/run",1,TRUE,200,1108,253,3.50504684448242,"2026-05-22T21:39:08.477369Z","2026-05-22T21:39:11.982416Z",1779485948.47737,1779485951.98242,0.000404,0.000486,0.000515,3.487373,3.487519,3.486858,0.000145999999999979,3.481,0.024046844482422
"2026-05-22T21:39:12.126Z","run_bootstrap",121,"http://client3:8000","run","http://client3:8000/run",1,TRUE,200,1108,249,3.44168877601624,"2026-05-22T21:39:08.477853Z","2026-05-22T21:39:11.919542Z",1779485948.47785,1779485951.91954,0.000515,0.000573,0.000599,3.425328,3.425453,3.424729,0.000125000000000153,3.419,0.0226887760162353
"2026-05-22T21:39:15.858Z","run_bootstrap",122,"http://client1:8000","run","http://client1:8000/run",1,TRUE,200,1108,253,3.46110796928406,"2026-05-22T21:39:12.141352Z","2026-05-22T21:39:15.602460Z",1779485952.14135,1779485955.60246,0.000515,0.000633,0.000665,3.441828,3.441964,3.441163,0.000135999999999914,3.4347,0.0264079692840578
"2026-05-22T21:39:15.858Z","run_bootstrap",122,"http://client2:8000","run","http://client2:8000/run",1,TRUE,200,1108,254,3.70906162261963,"2026-05-22T21:39:12.141938Z","2026-05-22T21:39:15.851000Z",1779485952.14194,1779485955.851,5e-04,0.000589,0.000621,3.695189,3.69532,3.694568,0.000131000000000103,3.6882,0.0208616226196288
"2026-05-22T21:39:15.858Z","run_bootstrap",122,"http://client3:8000","run","http://client3:8000/run",1,TRUE,200,1108,250,3.5527617931366,"2026-05-22T21:39:12.141648Z","2026-05-22T21:39:15.694409Z",1779485952.14165,1779485955.69441,0.000684,0.000789,0.000825,3.539495,3.539579,3.53867,8.39999999997509e-05,3.5325,0.0202617931365965
"2026-05-22T21:39:19.578Z","run_bootstrap",123,"http://client1:8000","run","http://client1:8000/run",1,TRUE,200,1106,255,3.70252156257629,"2026-05-22T21:39:15.871587Z","2026-05-22T21:39:19.574108Z",1779485955.87159,1779485959.57411,0.000716,0.000808,0.000842,3.688911,3.689048,3.688069,0.000137000000000054,3.6804,0.0221215625762938
"2026-05-22T21:39:19.578Z","run_bootstrap",123,"http://client2:8000","run","http://client2:8000/run",1,TRUE,200,1106,254,3.5709183216095,"2026-05-22T21:39:15.872025Z","2026-05-22T21:39:19.442943Z",1779485955.87203,1779485959.44294,0.000624,0.000699,0.000734,3.557646,3.557897,3.556912,0.000251000000000001,3.5508,0.0201183216094969
"2026-05-22T21:39:19.578Z","run_bootstrap",123,"http://client3:8000","run","http://client3:8000/run",1,TRUE,200,1106,251,3.46464848518372,"2026-05-22T21:39:15.872433Z","2026-05-22T21:39:19.337082Z",1779485955.87243,1779485959.33708,0.00058,0.000698,0.000734,3.451128,3.451258,3.450394,0.000129999999999963,3.444,0.0206484851837159
"2026-05-22T21:39:23.189Z","run_bootstrap",124,"http://client1:8000","run","http://client1:8000/run",1,TRUE,200,1106,255,3.4598400592804,"2026-05-22T21:39:19.589953Z","2026-05-22T21:39:23.049793Z",1779485959.58995,1779485963.04979,0.000711,0.000817,0.000852,3.445506,3.445591,3.444654,8.49999999998907e-05,3.4376,0.0222400592803953
"2026-05-22T21:39:23.189Z","run_bootstrap",124,"http://client2:8000","run","http://client2:8000/run",1,TRUE,200,1106,254,3.59220123291016,"2026-05-22T21:39:19.591727Z","2026-05-22T21:39:23.183928Z",1779485959.59173,1779485963.18393,0.000577,0.000674,0.000711,3.577826,3.577959,3.577115,0.000132999999999939,3.5706,0.021601232910156
"2026-05-22T21:39:23.189Z","run_bootstrap",124,"http://client3:8000","run","http://client3:8000/run",1,TRUE,200,1106,251,3.52700066566467,"2026-05-22T21:39:19.591947Z","2026-05-22T21:39:23.118948Z",1779485959.59195,1779485963.11895,0.000545,0.000638,0.000673,3.513024,3.513161,3.512351,0.000137000000000054,3.506,0.0210006656646731
"2026-05-22T21:39:26.924Z","run_bootstrap",125,"http://client1:8000","run","http://client1:8000/run",1,TRUE,200,1108,254,3.71871066093445,"2026-05-22T21:39:23.201085Z","2026-05-22T21:39:26.919796Z",1779485963.20109,1779485966.9198,0.000566,0.000641,0.000664,3.704605,3.704746,3.703941,0.000141000000000169,3.6971,0.0216106609344484
"2026-05-22T21:39:26.924Z","run_bootstrap",125,"http://client2:8000","run","http://client2:8000/run",1,TRUE,200,1108,251,3.54023146629333,"2026-05-22T21:39:23.200648Z","2026-05-22T21:39:26.740879Z",1779485963.20065,1779485966.74088,0.000651,0.00071,0.00073,3.526333,3.52645,3.525603,0.000116999999999923,3.5196,0.0206314662933349
"2026-05-22T21:39:26.924Z","run_bootstrap",125,"http://client3:8000","run","http://client3:8000/run",1,TRUE,200,1108,249,3.31074452400208,"2026-05-22T21:39:23.200893Z","2026-05-22T21:39:26.511638Z",1779485963.20089,1779485966.51164,0.000749,0.000827,0.000859,3.296295,3.296382,3.295436,8.69999999997262e-05,3.289,0.021744524002075
"2026-05-22T21:39:30.568Z","run_bootstrap",126,"http://client1:8000","run","http://client1:8000/run",1,TRUE,200,1108,254,3.62620997428894,"2026-05-22T21:39:26.937813Z","2026-05-22T21:39:30.564023Z",1779485966.93781,1779485970.56402,0.000656,0.000719,0.000742,3.610848,3.610992,3.610106,0.000144000000000144,3.6024,0.0238099742889406
"2026-05-22T21:39:30.568Z","run_bootstrap",126,"http://client2:8000","run","http://client2:8000/run",1,TRUE,200,1108,250,3.5830864906311,"2026-05-22T21:39:26.938522Z","2026-05-22T21:39:30.521608Z",1779485966.93852,1779485970.52161,0.000653,0.000734,0.00077,3.56808,3.568265,3.56731,0.000184999999999658,3.561,0.0220864906311036
"2026-05-22T21:39:30.568Z","run_bootstrap",126,"http://client3:8000","run","http://client3:8000/run",1,TRUE,200,1108,250,3.44109916687012,"2026-05-22T21:39:26.939104Z","2026-05-22T21:39:30.380203Z",1779485966.9391,1779485970.3802,0.000618,0.000694,0.000721,3.426697,3.426822,3.425976,0.000125000000000153,3.4195,0.021599166870117
"2026-05-22T21:39:34.247Z","run_bootstrap",127,"http://client1:8000","run","http://client1:8000/run",1,TRUE,200,1108,253,3.66019940376282,"2026-05-22T21:39:30.580566Z","2026-05-22T21:39:34.240766Z",1779485970.58057,1779485974.24077,0.000499,0.000581,0.000613,3.639512,3.639553,3.638899,4.09999999999577e-05,3.6325,0.0276994037628175
"2026-05-22T21:39:34.247Z","run_bootstrap",127,"http://client2:8000","run","http://client2:8000/run",1,TRUE,200,1108,253,3.55109024047852,"2026-05-22T21:39:30.581045Z","2026-05-22T21:39:34.132136Z",1779485970.58105,1779485974.13214,0.000509,0.000566,0.000588,3.531609,3.531643,3.531021,3.39999999998675e-05,3.5244,0.0266902404785156
"2026-05-22T21:39:34.247Z","run_bootstrap",127,"http://client3:8000","run","http://client3:8000/run",1,TRUE,200,1108,252,3.49680590629578,"2026-05-22T21:39:30.581526Z","2026-05-22T21:39:34.078332Z",1779485970.58153,1779485974.07833,0.000427,0.000497,0.000519,3.477495,3.477529,3.476976,3.40000000003116e-05,3.4706,0.0262059062957762
"2026-05-22T21:39:37.841Z","run_bootstrap",128,"http://client1:8000","run","http://client1:8000/run",1,TRUE,200,1108,253,3.49307870864868,"2026-05-22T21:39:34.261200Z","2026-05-22T21:39:37.754279Z",1779485974.2612,1779485977.75428,0.000737,0.000823,0.000849,3.479499,3.479635,3.47865,0.000135999999999914,3.4721,0.0209787086486815
"2026-05-22T21:39:37.841Z","run_bootstrap",128,"http://client2:8000","run","http://client2:8000/run",1,TRUE,200,1108,253,3.57160353660583,"2026-05-22T21:39:34.262352Z","2026-05-22T21:39:37.833956Z",1779485974.26235,1779485977.83396,0.000612,0.000691,0.000727,3.558254,3.558404,3.557527,0.000150000000000095,3.5511,0.020503536605835
"2026-05-22T21:39:37.841Z","run_bootstrap",128,"http://client3:8000","run","http://client3:8000/run",1,TRUE,200,1108,252,3.43430590629578,"2026-05-22T21:39:34.263161Z","2026-05-22T21:39:37.697467Z",1779485974.26316,1779485977.69747,0.000516,0.00059,0.000626,3.418722,3.418864,3.418096,0.000142000000000309,3.4109,0.0234059062957765
"2026-05-22T21:39:41.526Z","run_bootstrap",129,"http://client1:8000","run","http://client1:8000/run",1,TRUE,200,1107,253,3.42343974113464,"2026-05-22T21:39:37.853416Z","2026-05-22T21:39:41.276855Z",1779485977.85342,1779485981.27686,0.000541,0.000657,0.000697,3.400865,3.400958,3.400168,9.30000000001208e-05,3.3897,0.0337397411346436
"2026-05-22T21:39:41.526Z","run_bootstrap",129,"http://client2:8000","run","http://client2:8000/run",1,TRUE,200,1107,252,3.66746520996094,"2026-05-22T21:39:37.853819Z","2026-05-22T21:39:41.521285Z",1779485977.85382,1779485981.52129,0.000546,0.000652,0.000692,3.645271,3.645405,3.644579,0.000133999999999634,3.6381,0.0293652099609374
"2026-05-22T21:39:41.526Z","run_bootstrap",129,"http://client3:8000","run","http://client3:8000/run",1,TRUE,200,1107,252,3.62485384941101,"2026-05-22T21:39:37.854219Z","2026-05-22T21:39:41.479073Z",1779485977.85422,1779485981.47907,0.00064,0.000739,0.000776,3.60298,3.60309,3.602204,0.000109999999999832,3.5957,0.0291538494110108
"2026-05-22T21:39:45.301Z","run_bootstrap",130,"http://client1:8000","run","http://client1:8000/run",1,TRUE,200,1107,253,3.39401316642761,"2026-05-22T21:39:41.538890Z","2026-05-22T21:39:44.932903Z",1779485981.53889,1779485984.9329,0.000605,0.000695,0.000738,3.378425,3.378572,3.377687,0.000147000000000119,3.3709,0.0231131664276125
"2026-05-22T21:39:45.301Z","run_bootstrap",130,"http://client2:8000","run","http://client2:8000/run",1,TRUE,200,1107,252,3.75772786140442,"2026-05-22T21:39:41.538403Z","2026-05-22T21:39:45.296131Z",1779485981.5384,1779485985.29613,0.00068,0.000815,0.000857,3.743241,3.743365,3.742384,0.000124000000000013,3.7362,0.0215278614044188
"2026-05-22T21:39:45.301Z","run_bootstrap",130,"http://client3:8000","run","http://client3:8000/run",1,TRUE,200,1107,252,3.69193720817566,"2026-05-22T21:39:41.539993Z","2026-05-22T21:39:45.231930Z",1779485981.53999,1779485985.23193,0.000644,0.000761,0.000804,3.677836,3.677954,3.677032,0.000118000000000062,3.6703,0.0216372081756591
"2026-05-22T21:39:49.150Z","run_bootstrap",131,"http://client1:8000","run","http://client1:8000/run",1,TRUE,200,1106,254,3.57835388183594,"2026-05-22T21:39:45.313544Z","2026-05-22T21:39:48.891898Z",1779485985.31354,1779485988.8919,0.00073,0.00084,0.000878,3.559336,3.559476,3.558458,0.000140000000000029,3.5518,0.0265538818359374
"2026-05-22T21:39:49.150Z","run_bootstrap",131,"http://client2:8000","run","http://client2:8000/run",1,TRUE,200,1106,253,3.83056259155273,"2026-05-22T21:39:45.314380Z","2026-05-22T21:39:49.144942Z",1779485985.31438,1779485989.14494,0.00091,0.001017,0.001052,3.814586,3.814726,3.813534,0.000140000000000029,3.806,0.0245625915527343
"2026-05-22T21:39:49.150Z","run_bootstrap",131,"http://client3:8000","run","http://client3:8000/run",1,TRUE,200,1106,253,3.8004891872406,"2026-05-22T21:39:45.314847Z","2026-05-22T21:39:49.115336Z",1779485985.31485,1779485989.11534,0.000311,0.000402,0.000436,3.782167,3.78231,3.781731,0.000143000000000004,3.7752,0.0252891872406007
"2026-05-22T21:39:53.036Z","run_bootstrap",132,"http://client1:8000","run","http://client1:8000/run",1,TRUE,200,1106,254,3.59212493896484,"2026-05-22T21:39:49.163421Z","2026-05-22T21:39:52.755546Z",1779485989.16342,1779485992.75555,0.000603,0.000676,0.00071,3.577157,3.577281,3.576447,0.000124000000000013,3.5693,0.0228249389648436
"2026-05-22T21:39:53.036Z","run_bootstrap",132,"http://client2:8000","run","http://client2:8000/run",1,TRUE,200,1106,254,3.58063006401062,"2026-05-22T21:39:49.163901Z","2026-05-22T21:39:52.744531Z",1779485989.1639,1779485992.74453,0.000513,0.000586,0.00061,3.566661,3.5668,3.566051,0.000139000000000333,3.5599,0.0207300640106203
"2026-05-22T21:39:53.036Z","run_bootstrap",132,"http://client3:8000","run","http://client3:8000/run",1,TRUE,200,1106,253,3.86190223693848,"2026-05-22T21:39:49.164490Z","2026-05-22T21:39:53.026392Z",1779485989.16449,1779485993.02639,0.000438,0.000515,0.000552,3.84828,3.848427,3.847728,0.000147000000000119,3.8409,0.0210022369384766
"2026-05-22T21:39:56.853Z","run_bootstrap",133,"http://client1:8000","run","http://client1:8000/run",1,TRUE,200,1107,253,3.74906158447266,"2026-05-22T21:39:53.100123Z","2026-05-22T21:39:56.849184Z",1779485993.10012,1779485996.84918,0.000564,0.000631,0.00066,3.730847,3.730988,3.730187,0.000141000000000169,3.7224,0.0266615844726563
"2026-05-22T21:39:56.853Z","run_bootstrap",133,"http://client2:8000","run","http://client2:8000/run",1,TRUE,200,1107,254,3.61009359359741,"2026-05-22T21:39:53.100658Z","2026-05-22T21:39:56.710752Z",1779485993.10066,1779485996.71075,0.000652,0.000768,0.000802,3.595691,3.595817,3.594889,0.000125999999999848,3.5877,0.0223935935974122
"2026-05-22T21:39:56.853Z","run_bootstrap",133,"http://client3:8000","run","http://client3:8000/run",1,TRUE,200,1107,252,3.62923526763916,"2026-05-22T21:39:53.099944Z","2026-05-22T21:39:56.729179Z",1779485993.09994,1779485996.72918,0.00065,0.000753,0.000788,3.615788,3.615925,3.615,0.000137000000000054,3.6064,0.0228352676391603
"2026-05-22T21:40:00.778Z","run_bootstrap",134,"http://client1:8000","run","http://client1:8000/run",1,TRUE,200,1107,253,3.9071249961853,"2026-05-22T21:39:56.864690Z","2026-05-22T21:40:00.771815Z",1779485996.86469,1779486000.77182,0.000707,0.000796,0.000819,3.893499,3.893634,3.89268,0.000135000000000218,3.8844,0.0227249961853029
"2026-05-22T21:40:00.778Z","run_bootstrap",134,"http://client2:8000","run","http://client2:8000/run",1,TRUE,200,1107,254,3.71580171585083,"2026-05-22T21:39:56.867130Z","2026-05-22T21:40:00.582931Z",1779485996.86713,1779486000.58293,0.000558,0.000661,0.000697,3.695361,3.695491,3.694664,0.000129999999999963,3.6866,0.0292017158508302
"2026-05-22T21:40:00.778Z","run_bootstrap",134,"http://client3:8000","run","http://client3:8000/run",1,TRUE,200,1107,252,3.62314534187317,"2026-05-22T21:39:56.867536Z","2026-05-22T21:40:00.490682Z",1779485996.86754,1779486000.49068,0.000597,0.000676,0.000707,3.608484,3.608616,3.607777,0.000132000000000243,3.6013,0.0218453418731688
"2026-05-22T21:40:04.551Z","run_bootstrap",135,"http://client1:8000","run","http://client1:8000/run",1,TRUE,200,1108,263,3.67383813858032,"2026-05-22T21:40:00.795438Z","2026-05-22T21:40:04.469276Z",1779486000.79544,1779486004.46928,0.000542,0.00064,0.000673,3.660583,3.660707,3.65991,0.000124000000000013,3.6518,0.0220381385803221
"2026-05-22T21:40:04.551Z","run_bootstrap",135,"http://client2:8000","run","http://client2:8000/run",1,TRUE,200,1108,261,3.75011801719666,"2026-05-22T21:40:00.796523Z","2026-05-22T21:40:04.546641Z",1779486000.79652,1779486004.54664,0.000634,0.000719,0.000751,3.730048,3.730189,3.729297,0.000141000000000169,3.7226,0.0275180171966554
"2026-05-22T21:40:04.551Z","run_bootstrap",135,"http://client3:8000","run","http://client3:8000/run",1,TRUE,200,1108,261,3.65718173980713,"2026-05-22T21:40:00.796061Z","2026-05-22T21:40:04.453243Z",1779486000.79606,1779486004.45324,0.000585,0.000644,0.000673,3.643883,3.643962,3.64321,7.89999999999402e-05,3.6293,0.0278817398071287
"2026-05-22T21:40:08.519Z","run_bootstrap",136,"http://client1:8000","run","http://client1:8000/run",1,TRUE,200,1108,261,3.69423723220825,"2026-05-22T21:40:04.563738Z","2026-05-22T21:40:08.257975Z",1779486004.56374,1779486008.25798,0.000608,0.000681,0.000717,3.677628,3.677762,3.676911,0.000134000000000079,3.67,0.024237232208252
"2026-05-22T21:40:08.519Z","run_bootstrap",136,"http://client2:8000","run","http://client2:8000/run",1,TRUE,200,1108,261,3.75002980232239,"2026-05-22T21:40:04.564004Z","2026-05-22T21:40:08.314034Z",1779486004.564,1779486008.31403,0.000597,0.000673,0.000701,3.736308,3.736443,3.735607,0.000134999999999774,3.7293,0.0207298023223879
"2026-05-22T21:40:08.519Z","run_bootstrap",136,"http://client3:8000","run","http://client3:8000/run",1,TRUE,200,1108,261,3.94891214370728,"2026-05-22T21:40:04.563690Z","2026-05-22T21:40:08.512602Z",1779486004.56369,1779486008.5126,0.000777,0.000868,0.000908,3.934802,3.934987,3.933894,0.000185000000000102,3.9246,0.0243121437072755
"2026-05-22T21:40:12.424Z","run_bootstrap",137,"http://client1:8000","run","http://client1:8000/run",1,TRUE,200,1108,255,3.62689661979675,"2026-05-22T21:40:08.537021Z","2026-05-22T21:40:12.163918Z",1779486008.53702,1779486012.16392,0.000768,0.00084,0.000862,3.604889,3.605026,3.604027,0.000137000000000054,3.5962,0.0306966197967529
"2026-05-22T21:40:12.424Z","run_bootstrap",137,"http://client2:8000","run","http://client2:8000/run",1,TRUE,200,1108,251,3.72127819061279,"2026-05-22T21:40:08.536536Z","2026-05-22T21:40:12.257815Z",1779486008.53654,1779486012.25782,0.000664,0.00079,0.00083,3.70571,3.705798,3.70488,8.80000000003101e-05,3.6983,0.0229781906127928
"2026-05-22T21:40:12.424Z","run_bootstrap",137,"http://client3:8000","run","http://client3:8000/run",1,TRUE,200,1108,255,3.88185381889343,"2026-05-22T21:40:08.538056Z","2026-05-22T21:40:12.419910Z",1779486008.53806,1779486012.41991,0.000522,0.000595,0.00063,3.868219,3.868443,3.867589,0.000224000000000224,3.8613,0.0205538188934327
"2026-05-22T21:40:16.367Z","run_bootstrap",138,"http://client1:8000","run","http://client1:8000/run",1,TRUE,200,1108,255,3.92333984375,"2026-05-22T21:40:12.437934Z","2026-05-22T21:40:16.361274Z",1779486012.43793,1779486016.36127,0.000662,0.000773,0.000809,3.901534,3.901572,3.900725,3.79999999999825e-05,3.8891,0.03423984375
"2026-05-22T21:40:16.367Z","run_bootstrap",138,"http://client2:8000","run","http://client2:8000/run",1,TRUE,200,1108,251,3.72390341758728,"2026-05-22T21:40:12.438520Z","2026-05-22T21:40:16.162424Z",1779486012.43852,1779486016.16242,0.000553,0.000672,0.00071,3.69929,3.699327,3.69858,3.69999999998427e-05,3.6898,0.0341034175872803
"2026-05-22T21:40:16.367Z","run_bootstrap",138,"http://client3:8000","run","http://client3:8000/run",1,TRUE,200,1108,255,3.72843837738037,"2026-05-22T21:40:12.439023Z","2026-05-22T21:40:16.167462Z",1779486012.43902,1779486016.16746,0.000626,0.000731,0.000767,3.709747,3.709786,3.70898,3.89999999996782e-05,3.7017,0.0267383773803709
"2026-05-22T21:40:20.166Z","run_bootstrap",139,"http://client1:8000","run","http://client1:8000/run",1,TRUE,200,1108,255,3.77963805198669,"2026-05-22T21:40:16.382047Z","2026-05-22T21:40:20.161685Z",1779486016.38205,1779486020.16169,0.000683,0.000791,0.000826,3.760437,3.760582,3.759611,0.00014499999999984,3.7528,0.0268380519866942
"2026-05-22T21:40:20.166Z","run_bootstrap",139,"http://client2:8000","run","http://client2:8000/run",1,TRUE,200,1108,252,3.73848700523376,"2026-05-22T21:40:16.382803Z","2026-05-22T21:40:20.121290Z",1779486016.3828,1779486020.12129,0.000494,0.000613,0.000657,3.717409,3.717556,3.716752,0.000147000000000119,3.7102,0.0282870052337647
"2026-05-22T21:40:20.166Z","run_bootstrap",139,"http://client3:8000","run","http://client3:8000/run",1,TRUE,200,1108,253,3.61443686485291,"2026-05-22T21:40:16.383281Z","2026-05-22T21:40:19.997718Z",1779486016.38328,1779486019.99772,0.000668,0.000778,0.000815,3.595577,3.595691,3.594762,0.000113999999999947,3.5875,0.0269368648529054
"2026-05-22T21:40:24.272Z","run_bootstrap",140,"http://client1:8000","run","http://client1:8000/run",1,TRUE,200,1108,254,3.92991209030151,"2026-05-22T21:40:20.178728Z","2026-05-22T21:40:24.108640Z",1779486020.17873,1779486024.10864,0.000621,0.000695,0.000726,3.916127,3.916251,3.915401,0.000124000000000013,3.745,0.184912090301514
"2026-05-22T21:40:24.272Z","run_bootstrap",140,"http://client2:8000","run","http://client2:8000/run",1,TRUE,200,1108,252,4.08836960792542,"2026-05-22T21:40:20.179294Z","2026-05-22T21:40:24.267663Z",1779486020.17929,1779486024.26766,0.000506,0.000564,0.000585,4.075906,4.076032,4.075321,0.000125999999999848,3.9191,0.169269607925415
"2026-05-22T21:40:24.272Z","run_bootstrap",140,"http://client3:8000","run","http://client3:8000/run",1,TRUE,200,1108,253,3.91509509086609,"2026-05-22T21:40:20.178598Z","2026-05-22T21:40:24.093693Z",1779486020.1786,1779486024.09369,0.000483,0.000558,0.00058,3.901936,3.902066,3.901356,0.000129999999999963,3.7349,0.180195090866089
"2026-05-22T21:40:27.947Z","run_bootstrap",141,"http://client1:8000","run","http://client1:8000/run",1,TRUE,200,1108,254,3.47806906700134,"2026-05-22T21:40:24.283132Z","2026-05-22T21:40:27.761201Z",1779486024.28313,1779486027.7612,0.000733,0.000812,0.000833,3.464907,3.46503,3.464074,0.000122999999999873,3.4577,0.0203690670013428
"2026-05-22T21:40:27.947Z","run_bootstrap",141,"http://client2:8000","run","http://client2:8000/run",1,TRUE,200,1108,253,3.50080609321594,"2026-05-22T21:40:24.284927Z","2026-05-22T21:40:27.785733Z",1779486024.28493,1779486027.78573,0.000542,0.000629,0.000661,3.483536,3.483765,3.482875,0.000229000000000035,3.4742,0.0266060932159422
"2026-05-22T21:40:27.947Z","run_bootstrap",141,"http://client3:8000","run","http://client3:8000/run",1,TRUE,200,1108,249,3.65700721740723,"2026-05-22T21:40:24.285344Z","2026-05-22T21:40:27.942351Z",1779486024.28534,1779486027.94235,0.000588,0.000693,0.000729,3.637852,3.638019,3.637123,0.000166999999999806,3.6307,0.0263072174072265
"2026-05-22T21:40:31.701Z","run_bootstrap",142,"http://client1:8000","run","http://client1:8000/run",1,TRUE,200,1108,254,3.68756651878357,"2026-05-22T21:40:27.958894Z","2026-05-22T21:40:31.646461Z",1779486027.95889,1779486031.64646,0.00081,0.000907,0.000946,3.673697,3.673829,3.672751,0.000131999999999799,3.6662,0.0213665187835694
"2026-05-22T21:40:31.701Z","run_bootstrap",142,"http://client2:8000","run","http://client2:8000/run",1,TRUE,200,1108,253,3.73577570915222,"2026-05-22T21:40:27.960662Z","2026-05-22T21:40:31.696438Z",1779486027.96066,1779486031.69644,0.000527,0.000606,0.000643,3.722412,3.722567,3.721769,0.000155000000000349,3.7144,0.0213757091522218
"2026-05-22T21:40:31.701Z","run_bootstrap",142,"http://client3:8000","run","http://client3:8000/run",1,TRUE,200,1108,249,3.43036460876465,"2026-05-22T21:40:27.959699Z","2026-05-22T21:40:31.390064Z",1779486027.9597,1779486031.39006,0.000681,0.000791,0.000839,3.41675,3.416885,3.415911,0.000135000000000218,3.4091,0.0212646087646484
"2026-05-22T21:40:35.278Z","run_bootstrap",143,"http://client1:8000","run","http://client1:8000/run",1,TRUE,200,1107,252,3.50031733512878,"2026-05-22T21:40:31.712069Z","2026-05-22T21:40:35.212387Z",1779486031.71207,1779486035.21239,0.000483,0.000573,0.000598,3.484994,3.485133,3.484396,0.000138999999999889,3.4776,0.0227173351287844
"2026-05-22T21:40:35.278Z","run_bootstrap",143,"http://client2:8000","run","http://client2:8000/run",1,TRUE,200,1107,253,3.55807495117188,"2026-05-22T21:40:31.712623Z","2026-05-22T21:40:35.270698Z",1779486031.71262,1779486035.2707,0.000636,0.000705,0.000729,3.543296,3.543469,3.542567,0.000173000000000201,3.5365,0.0215749511718748
"2026-05-22T21:40:35.278Z","run_bootstrap",143,"http://client3:8000","run","http://client3:8000/run",1,TRUE,200,1107,250,3.47748303413391,"2026-05-22T21:40:31.714062Z","2026-05-22T21:40:35.191545Z",1779486031.71406,1779486035.19155,0.000552,0.00063,0.000657,3.46501,3.465144,3.464353,0.000134000000000079,3.456,0.0214830341339112
"2026-05-22T21:40:39.052Z","run_bootstrap",144,"http://client1:8000","run","http://client1:8000/run",1,TRUE,200,1107,252,3.55741882324219,"2026-05-22T21:40:35.297734Z","2026-05-22T21:40:38.855152Z",1779486035.29773,1779486038.85515,0.000603,0.000728,0.000766,3.545787,3.545829,3.545021,4.20000000000975e-05,3.5386,0.0188188232421873
"2026-05-22T21:40:39.052Z","run_bootstrap",144,"http://client2:8000","run","http://client2:8000/run",1,TRUE,200,1107,253,3.47154641151428,"2026-05-22T21:40:35.298590Z","2026-05-22T21:40:38.770136Z",1779486035.29859,1779486038.77014,0.000354,0.000512,0.000548,3.455956,3.455992,3.455408,3.6000000000147e-05,3.4492,0.0223464115142824
"2026-05-22T21:40:39.052Z","run_bootstrap",144,"http://client3:8000","run","http://client3:8000/run",1,TRUE,200,1107,251,3.75176191329956,"2026-05-22T21:40:35.296282Z","2026-05-22T21:40:39.048044Z",1779486035.29628,1779486039.04804,0.000664,0.000776,0.000811,3.739044,3.739081,3.738233,3.70000000002868e-05,3.7316,0.0201619132995607
"2026-05-22T21:40:42.838Z","run_bootstrap",145,"http://client1:8000","run","http://client1:8000/run",1,TRUE,200,1108,254,3.60278034210205,"2026-05-22T21:40:39.066475Z","2026-05-22T21:40:42.669255Z",1779486039.06648,1779486042.66926,0.000749,0.000826,0.000847,3.588477,3.588629,3.58763,0.00015199999999993,3.581,0.0217803421020508
"2026-05-22T21:40:42.838Z","run_bootstrap",145,"http://client2:8000","run","http://client2:8000/run",1,TRUE,200,1108,253,3.76709985733032,"2026-05-22T21:40:39.067227Z","2026-05-22T21:40:42.834327Z",1779486039.06723,1779486042.83433,0.000526,0.000604,0.000635,3.749039,3.749176,3.748404,0.000137000000000054,3.7412,0.0258998573303222
"2026-05-22T21:40:42.838Z","run_bootstrap",145,"http://client3:8000","run","http://client3:8000/run",1,TRUE,200,1108,251,3.40414834022522,"2026-05-22T21:40:39.067822Z","2026-05-22T21:40:42.471971Z",1779486039.06782,1779486042.47197,0.00069,0.000778,0.00081,3.391176,3.391302,3.390366,0.000125999999999848,3.3834,0.0207483402252198
"2026-05-22T21:40:46.610Z","run_bootstrap",146,"http://client1:8000","run","http://client1:8000/run",1,TRUE,200,1108,254,3.75331854820251,"2026-05-22T21:40:42.849766Z","2026-05-22T21:40:46.603085Z",1779486042.84977,1779486046.60309,0.000621,0.000723,0.000765,3.739334,3.739427,3.738569,9.30000000001208e-05,3.732,0.0213185482025144
"2026-05-22T21:40:46.610Z","run_bootstrap",146,"http://client2:8000","run","http://client2:8000/run",1,TRUE,200,1108,252,3.61101341247559,"2026-05-22T21:40:42.851855Z","2026-05-22T21:40:46.462869Z",1779486042.85186,1779486046.46287,0.000704,0.000823,0.000864,3.59597,3.59609,3.595106,0.000119999999999898,3.589,0.022013412475586
"2026-05-22T21:40:46.610Z","run_bootstrap",146,"http://client3:8000","run","http://client3:8000/run",1,TRUE,200,1108,251,3.62092018127441,"2026-05-22T21:40:42.852323Z","2026-05-22T21:40:46.473243Z",1779486042.85232,1779486046.47324,0.000557,0.000626,0.000662,3.600143,3.600289,3.599481,0.000145999999999979,3.5927,0.0282201812744143
"2026-05-22T21:40:50.293Z","run_bootstrap",147,"http://client1:8000","run","http://client1:8000/run",1,TRUE,200,1108,254,3.53243017196655,"2026-05-22T21:40:46.627539Z","2026-05-22T21:40:50.159970Z",1779486046.62754,1779486050.15997,0.000661,0.000745,0.000769,3.510382,3.51053,3.509613,0.000148000000000259,3.5029,0.0295301719665528
"2026-05-22T21:40:50.293Z","run_bootstrap",147,"http://client2:8000","run","http://client2:8000/run",1,TRUE,200,1108,252,3.66119742393494,"2026-05-22T21:40:46.628126Z","2026-05-22T21:40:50.289323Z",1779486046.62813,1779486050.28932,0.000815,0.00088,0.000904,3.64065,3.64078,3.639746,0.000129999999999963,3.6334,0.0277974239349366
"2026-05-22T21:40:50.293Z","run_bootstrap",147,"http://client3:8000","run","http://client3:8000/run",1,TRUE,200,1108,250,3.57726764678955,"2026-05-22T21:40:46.628908Z","2026-05-22T21:40:50.206176Z",1779486046.62891,1779486050.20618,0.000629,0.000756,0.000801,3.559363,3.559462,3.558562,9.90000000000713e-05,3.5522,0.0250676467895508
"2026-05-22T21:40:54.101Z","run_bootstrap",148,"http://client1:8000","run","http://client1:8000/run",1,TRUE,200,1108,254,3.53704524040222,"2026-05-22T21:40:50.306103Z","2026-05-22T21:40:53.843148Z",1779486050.3061,1779486053.84315,0.000605,0.000692,0.000725,3.520949,3.521083,3.520224,0.000134000000000079,3.5137,0.0233452404022216
"2026-05-22T21:40:54.101Z","run_bootstrap",148,"http://client2:8000","run","http://client2:8000/run",1,TRUE,200,1108,252,3.67775344848633,"2026-05-22T21:40:50.305726Z","2026-05-22T21:40:53.983479Z",1779486050.30573,1779486053.98348,0.000807,0.000927,0.000963,3.663411,3.663543,3.662448,0.000132000000000243,3.6552,0.0225534484863283
"2026-05-22T21:40:54.101Z","run_bootstrap",148,"http://client3:8000","run","http://client3:8000/run",1,TRUE,200,1108,250,3.78643274307251,"2026-05-22T21:40:50.307538Z","2026-05-22T21:40:54.093971Z",1779486050.30754,1779486054.09397,0.000519,0.000596,0.000627,3.771696,3.771829,3.771069,0.000132999999999939,3.7647,0.0217327430725098
"2026-05-22T21:40:57.919Z","run_bootstrap",149,"http://client1:8000","run","http://client1:8000/run",1,TRUE,200,1107,254,3.80202269554138,"2026-05-22T21:40:54.112987Z","2026-05-22T21:40:57.915010Z",1779486054.11299,1779486057.91501,0.000574,0.000658,0.000692,3.783495,3.783524,3.782803,2.90000000000568e-05,3.7753,0.0267226955413817
"2026-05-22T21:40:57.919Z","run_bootstrap",149,"http://client2:8000","run","http://client2:8000/run",1,TRUE,200,1107,253,3.53443217277527,"2026-05-22T21:40:54.114683Z","2026-05-22T21:40:57.649115Z",1779486054.11468,1779486057.64912,0.000568,0.000639,0.00067,3.516827,3.516863,3.516157,3.59999999997029e-05,3.5097,0.0247321727752685
"2026-05-22T21:40:57.919Z","run_bootstrap",149,"http://client3:8000","run","http://client3:8000/run",1,TRUE,200,1107,251,3.56648731231689,"2026-05-22T21:40:54.113866Z","2026-05-22T21:40:57.680354Z",1779486054.11387,1779486057.68035,0.000505,0.00059,0.000614,3.548774,3.548799,3.54816,2.49999999999417e-05,3.5417,0.0247873123168945
"2026-05-22T21:41:01.724Z","run_bootstrap",150,"http://client1:8000","run","http://client1:8000/run",1,TRUE,200,1107,254,3.59931063652039,"2026-05-22T21:40:57.933681Z","2026-05-22T21:41:01.532992Z",1779486057.93368,1779486061.53299,0.000641,0.000749,0.000791,3.585418,3.58551,3.584627,9.1999999999981e-05,3.5781,0.0212106365203857
"2026-05-22T21:41:01.724Z","run_bootstrap",150,"http://client2:8000","run","http://client2:8000/run",1,TRUE,200,1107,253,3.78241658210754,"2026-05-22T21:40:57.934604Z","2026-05-22T21:41:01.717020Z",1779486057.9346,1779486061.71702,0.00055,0.000632,0.000665,3.76925,3.769399,3.768585,0.000148999999999955,3.7621,0.0203165821075437
"2026-05-22T21:41:01.724Z","run_bootstrap",150,"http://client3:8000","run","http://client3:8000/run",1,TRUE,200,1107,251,3.49518394470215,"2026-05-22T21:40:57.934875Z","2026-05-22T21:41:01.430059Z",1779486057.93488,1779486061.43006,0.000513,0.000609,0.000644,3.482227,3.482367,3.481583,0.000140000000000029,3.4753,0.0198839447021486
"2026-05-22T21:41:05.587Z","run_bootstrap",151,"http://client1:8000","run","http://client1:8000/run",1,TRUE,200,1108,254,3.84214305877686,"2026-05-22T21:41:01.741122Z","2026-05-22T21:41:05.583265Z",1779486061.74112,1779486065.58327,0.00073,0.000799,0.00082,3.829349,3.829467,3.828529,0.000118000000000062,3.822,0.0201430587768554
"2026-05-22T21:41:05.587Z","run_bootstrap",151,"http://client2:8000","run","http://client2:8000/run",1,TRUE,200,1108,253,3.70502710342407,"2026-05-22T21:41:01.741904Z","2026-05-22T21:41:05.446931Z",1779486061.7419,1779486065.44693,0.000565,0.000649,0.000691,3.684987,3.685139,3.684296,0.00015199999999993,3.6778,0.0272271034240723
"2026-05-22T21:41:05.587Z","run_bootstrap",151,"http://client3:8000","run","http://client3:8000/run",1,TRUE,200,1108,250,3.56584048271179,"2026-05-22T21:41:01.741156Z","2026-05-22T21:41:05.306997Z",1779486061.74116,1779486065.307,0.000593,0.000698,0.000737,3.552124,3.552296,3.551387,0.000172000000000061,3.545,0.0208404827117921
"2026-05-22T21:41:09.586Z","run_bootstrap",152,"http://client1:8000","run","http://client1:8000/run",1,TRUE,200,1108,255,3.84288358688354,"2026-05-22T21:41:05.598847Z","2026-05-22T21:41:09.441730Z",1779486065.59885,1779486069.44173,0.00074,0.000854,0.000902,3.829535,3.829686,3.828633,0.000151000000000234,3.8221,0.0207835868835451
"2026-05-22T21:41:09.586Z","run_bootstrap",152,"http://client2:8000","run","http://client2:8000/run",1,TRUE,200,1108,252,3.86012649536133,"2026-05-22T21:41:05.600935Z","2026-05-22T21:41:09.461061Z",1779486065.60094,1779486069.46106,0.000712,0.000814,0.000853,3.838588,3.838736,3.837735,0.000147999999999815,3.829,0.0311264953613279
"2026-05-22T21:41:09.586Z","run_bootstrap",152,"http://client3:8000","run","http://client3:8000/run",1,TRUE,200,1108,251,3.98080611228943,"2026-05-22T21:41:05.601143Z","2026-05-22T21:41:09.581949Z",1779486065.60114,1779486069.58195,0.000746,0.000809,0.000837,3.960256,3.960393,3.959419,0.00013699999999961,3.9532,0.0276061122894289
"2026-05-22T21:41:13.588Z","run_bootstrap",153,"http://client1:8000","run","http://client1:8000/run",1,TRUE,200,1106,253,3.98152470588684,"2026-05-22T21:41:09.602130Z","2026-05-22T21:41:13.583655Z",1779486069.60213,1779486073.58366,0.000606,0.000711,0.000751,3.967673,3.967778,3.966922,0.000105000000000022,3.9601,0.0214247058868406
"2026-05-22T21:41:13.588Z","run_bootstrap",153,"http://client2:8000","run","http://client2:8000/run",1,TRUE,200,1106,253,3.79900908470154,"2026-05-22T21:41:09.602808Z","2026-05-22T21:41:13.401818Z",1779486069.60281,1779486073.40182,0.000665,0.000748,0.000775,3.777979,3.778129,3.777204,0.00014999999999965,3.7711,0.027909084701538
"2026-05-22T21:41:13.588Z","run_bootstrap",153,"http://client3:8000","run","http://client3:8000/run",1,TRUE,200,1106,251,3.84960103034973,"2026-05-22T21:41:09.603475Z","2026-05-22T21:41:13.453076Z",1779486069.60348,1779486073.45308,0.000598,0.000707,0.000752,3.828936,3.829088,3.828184,0.00015199999999993,3.8214,0.0282010303497313
"2026-05-22T21:41:17.674Z","run_bootstrap",154,"http://client1:8000","run","http://client1:8000/run",1,TRUE,200,1106,253,3.94439291954041,"2026-05-22T21:41:13.599506Z","2026-05-22T21:41:17.543899Z",1779486073.59951,1779486077.5439,0.000723,0.000831,0.000872,3.929626,3.929713,3.928754,8.70000000001703e-05,3.9221,0.0222929195404054
"2026-05-22T21:41:17.674Z","run_bootstrap",154,"http://client2:8000","run","http://client2:8000/run",1,TRUE,200,1106,253,3.85388827323914,"2026-05-22T21:41:13.601054Z","2026-05-22T21:41:17.454943Z",1779486073.60105,1779486077.45494,0.000656,0.000776,0.000817,3.839326,3.839418,3.838509,9.20000000004251e-05,3.8312,0.0226882732391358
"2026-05-22T21:41:17.674Z","run_bootstrap",154,"http://client3:8000","run","http://client3:8000/run",1,TRUE,200,1106,251,4.06724071502686,"2026-05-22T21:41:13.602418Z","2026-05-22T21:41:17.669659Z",1779486073.60242,1779486077.66966,0.000545,0.000656,0.000695,4.050936,4.051029,4.050241,9.29999999996767e-05,4.0307,0.0365407150268551
"2026-05-22T21:41:21.806Z","run_bootstrap",155,"http://client1:8000","run","http://client1:8000/run",1,TRUE,200,1108,253,4.06103420257568,"2026-05-22T21:41:17.688020Z","2026-05-22T21:41:21.749054Z",1779486077.68802,1779486081.74905,0.000536,0.00064,0.000674,4.036642,4.036678,4.035968,3.60000000005911e-05,4.0293,0.0317342025756835
"2026-05-22T21:41:21.806Z","run_bootstrap",155,"http://client2:8000","run","http://client2:8000/run",1,TRUE,200,1108,253,4.11386871337891,"2026-05-22T21:41:17.688602Z","2026-05-22T21:41:21.802471Z",1779486077.6886,1779486081.80247,0.000523,0.000636,0.000677,4.088601,4.088633,4.087924,3.2000000000032e-05,4.0806,0.0332687133789067
"2026-05-22T21:41:21.806Z","run_bootstrap",155,"http://client3:8000","run","http://client3:8000/run",1,TRUE,200,1108,251,3.74239993095398,"2026-05-22T21:41:17.689273Z","2026-05-22T21:41:21.431673Z",1779486077.68927,1779486081.43167,0.000803,0.000923,0.00096,3.724197,3.724337,3.723237,0.000139999999999585,3.7151,0.0272999309539794
"2026-05-22T21:41:25.853Z","run_bootstrap",156,"http://client1:8000","run","http://client1:8000/run",1,TRUE,200,1108,253,3.77940917015076,"2026-05-22T21:41:21.819806Z","2026-05-22T21:41:25.599215Z",1779486081.81981,1779486085.59922,0.000629,0.000743,0.000795,3.765838,3.76602,3.765043,0.000182000000000127,3.7584,0.0210091701507569
"2026-05-22T21:41:25.853Z","run_bootstrap",156,"http://client2:8000","run","http://client2:8000/run",1,TRUE,200,1108,253,3.87959218025208,"2026-05-22T21:41:21.821954Z","2026-05-22T21:41:25.701547Z",1779486081.82195,1779486085.70155,0.000527,0.000609,0.000645,3.862668,3.862849,3.862023,0.000180999999999987,3.8556,0.0239921802520753
"2026-05-22T21:41:25.853Z","run_bootstrap",156,"http://client3:8000","run","http://client3:8000/run",1,TRUE,200,1108,251,4.02662324905396,"2026-05-22T21:41:21.822418Z","2026-05-22T21:41:25.849041Z",1779486081.82242,1779486085.84904,0.000577,0.000669,0.000693,4.011729,4.011868,4.011036,0.000138999999999889,4.0047,0.0219232490539554
"2026-05-22T21:41:29.785Z","run_bootstrap",157,"http://client1:8000","run","http://client1:8000/run",1,TRUE,200,1108,254,3.38611221313477,"2026-05-22T21:41:25.864460Z","2026-05-22T21:41:29.250572Z",1779486085.86446,1779486089.25057,0.000723,0.000831,0.000864,3.372349,3.372454,3.371485,0.000105000000000022,3.361,0.0251122131347654
"2026-05-22T21:41:29.785Z","run_bootstrap",157,"http://client2:8000","run","http://client2:8000/run",1,TRUE,200,1108,253,3.91382312774658,"2026-05-22T21:41:25.866351Z","2026-05-22T21:41:29.780174Z",1779486085.86635,1779486089.78017,0.00071,0.00083,0.000867,3.896124,3.896256,3.895257,0.000132000000000243,3.8884,0.0254231277465822
"2026-05-22T21:41:29.785Z","run_bootstrap",157,"http://client3:8000","run","http://client3:8000/run",1,TRUE,200,1108,249,3.84852957725525,"2026-05-22T21:41:25.866666Z","2026-05-22T21:41:29.715195Z",1779486085.86667,1779486089.7152,0.000498,0.000597,0.000636,3.827225,3.827372,3.826589,0.000147000000000119,3.8203,0.028229577255249
"2026-05-22T21:41:33.466Z","run_bootstrap",158,"http://client1:8000","run","http://client1:8000/run",1,TRUE,200,1108,255,3.53657627105713,"2026-05-22T21:41:29.797045Z","2026-05-22T21:41:33.333621Z",1779486089.79705,1779486093.33362,0.000699,0.000806,0.000841,3.522441,3.522571,3.5216,0.000129999999999963,3.5147,0.021876271057129
"2026-05-22T21:41:33.466Z","run_bootstrap",158,"http://client2:8000","run","http://client2:8000/run",1,TRUE,200,1108,253,3.65938234329224,"2026-05-22T21:41:29.799462Z","2026-05-22T21:41:33.458845Z",1779486089.79946,1779486093.45885,0.000384,0.000478,0.000612,3.645749,3.64588,3.645137,0.000131000000000103,3.6391,0.0202823432922363
"2026-05-22T21:41:33.466Z","run_bootstrap",158,"http://client3:8000","run","http://client3:8000/run",1,TRUE,200,1108,249,3.47211480140686,"2026-05-22T21:41:29.799672Z","2026-05-22T21:41:33.271787Z",1779486089.79967,1779486093.27179,0.000522,0.000593,0.000622,3.458311,3.45845,3.457689,0.000138999999999889,3.4514,0.0207148014068603
"2026-05-22T21:41:37.035Z","run_bootstrap",159,"http://client1:8000","run","http://client1:8000/run",1,TRUE,200,1108,253,3.54031157493591,"2026-05-22T21:41:33.483392Z","2026-05-22T21:41:37.023704Z",1779486093.48339,1779486097.0237,0.000399,0.000472,0.00051,3.519601,3.519713,3.519091,0.000111999999999668,3.5124,0.0279115749359131
"2026-05-22T21:41:37.035Z","run_bootstrap",159,"http://client2:8000","run","http://client2:8000/run",1,TRUE,200,1108,252,3.44666576385498,"2026-05-22T21:41:33.484064Z","2026-05-22T21:41:36.930730Z",1779486093.48406,1779486096.93073,0.000548,0.000651,0.000686,3.425589,3.425731,3.424903,0.000141999999999864,3.4185,0.0281657638549806
"2026-05-22T21:41:37.035Z","run_bootstrap",159,"http://client3:8000","run","http://client3:8000/run",1,TRUE,200,1108,250,3.54394745826721,"2026-05-22T21:41:33.484550Z","2026-05-22T21:41:37.028498Z",1779486093.48455,1779486097.0285,0.000683,0.000765,0.000788,3.526257,3.526376,3.525469,0.000118999999999758,3.5179,0.0260474582672119
"2026-05-22T21:41:40.767Z","run_bootstrap",160,"http://client1:8000","run","http://client1:8000/run",1,TRUE,200,1108,253,3.43740677833557,"2026-05-22T21:41:37.048243Z","2026-05-22T21:41:40.485650Z",1779486097.04824,1779486100.48565,0.000632,0.000724,0.00076,3.418051,3.418081,3.417291,2.99999999997524e-05,3.2656,0.171806778335571
"2026-05-22T21:41:40.767Z","run_bootstrap",160,"http://client2:8000","run","http://client2:8000/run",1,TRUE,200,1108,252,3.71319365501404,"2026-05-22T21:41:37.049968Z","2026-05-22T21:41:40.763161Z",1779486097.04997,1779486100.76316,0.000514,0.000598,0.00063,3.69257,3.692606,3.69194,3.6000000000147e-05,3.5387,0.174493655014038
"2026-05-22T21:41:40.767Z","run_bootstrap",160,"http://client3:8000","run","http://client3:8000/run",1,TRUE,200,1108,250,3.68426418304443,"2026-05-22T21:41:37.050533Z","2026-05-22T21:41:40.734797Z",1779486097.05053,1779486100.7348,0.000605,0.000689,0.000722,3.665241,3.665276,3.664519,3.50000000000072e-05,3.5152,0.169064183044433
"2026-05-22T21:41:44.328Z","run_bootstrap",161,"http://client1:8000","run","http://client1:8000/run",1,TRUE,200,1107,254,3.53807187080383,"2026-05-22T21:41:40.780972Z","2026-05-22T21:41:44.319044Z",1779486100.78097,1779486104.31904,0.00068,0.000796,0.000834,3.523866,3.524011,3.523032,0.00014499999999984,3.5153,0.0227718708038331
"2026-05-22T21:41:44.328Z","run_bootstrap",161,"http://client2:8000","run","http://client2:8000/run",1,TRUE,200,1107,252,3.539963722229,"2026-05-22T21:41:40.782825Z","2026-05-22T21:41:44.322789Z",1779486100.78283,1779486104.32279,0.000563,0.000637,0.000676,3.526465,3.526606,3.525789,0.000141000000000169,3.5201,0.0198637222290041
"2026-05-22T21:41:44.328Z","run_bootstrap",161,"http://client3:8000","run","http://client3:8000/run",1,TRUE,200,1107,251,3.46099615097046,"2026-05-22T21:41:40.782557Z","2026-05-22T21:41:44.243553Z",1779486100.78256,1779486104.24355,0.000502,0.000619,0.00066,3.447142,3.447266,3.446482,0.000124000000000013,3.4395,0.0214961509704592
"2026-05-22T21:41:47.891Z","run_bootstrap",162,"http://client1:8000","run","http://client1:8000/run",1,TRUE,200,1107,254,3.54795432090759,"2026-05-22T21:41:44.339350Z","2026-05-22T21:41:47.887305Z",1779486104.33935,1779486107.88731,0.000711,0.000823,0.00086,3.534242,3.534345,3.533382,0.000103000000000186,3.5269,0.0210543209075928
"2026-05-22T21:41:47.891Z","run_bootstrap",162,"http://client2:8000","run","http://client2:8000/run",1,TRUE,200,1107,252,3.4115788936615,"2026-05-22T21:41:44.340336Z","2026-05-22T21:41:47.751915Z",1779486104.34034,1779486107.75192,0.000571,0.000659,0.000692,3.398201,3.398352,3.397509,0.000151000000000234,3.3913,0.0202788936614988
"2026-05-22T21:41:47.891Z","run_bootstrap",162,"http://client3:8000","run","http://client3:8000/run",1,TRUE,200,1107,251,3.22907781600952,"2026-05-22T21:41:44.341982Z","2026-05-22T21:41:47.571060Z",1779486104.34198,1779486107.57106,0.000534,0.000615,0.000647,3.214989,3.215069,3.214342,8.000000000008e-05,3.2081,0.0209778160095215
"2026-05-22T21:41:51.612Z","run_bootstrap",163,"http://client1:8000","run","http://client1:8000/run",1,TRUE,200,1107,253,3.50097632408142,"2026-05-22T21:41:47.904212Z","2026-05-22T21:41:51.405189Z",1779486107.90421,1779486111.40519,0.000619,0.000726,0.000769,3.486752,3.486908,3.485983,0.000156000000000045,3.4784,0.0225763240814207
"2026-05-22T21:41:51.612Z","run_bootstrap",163,"http://client2:8000","run","http://client2:8000/run",1,TRUE,200,1107,250,3.70253276824951,"2026-05-22T21:41:47.905300Z","2026-05-22T21:41:51.607832Z",1779486107.9053,1779486111.60783,0.000446,0.000512,0.000537,3.686824,3.686987,3.686287,0.000162999999999691,3.679,0.0235327682495119
"2026-05-22T21:41:51.612Z","run_bootstrap",163,"http://client3:8000","run","http://client3:8000/run",1,TRUE,200,1107,250,3.32500433921814,"2026-05-22T21:41:47.904518Z","2026-05-22T21:41:51.229522Z",1779486107.90452,1779486111.22952,0.000643,0.000721,0.000764,3.311058,3.311215,3.310294,0.000156999999999741,3.303,0.0220043392181397
"2026-05-22T21:41:55.393Z","run_bootstrap",164,"http://client1:8000","run","http://client1:8000/run",1,TRUE,200,1107,253,3.76371264457703,"2026-05-22T21:41:51.624763Z","2026-05-22T21:41:55.388475Z",1779486111.62476,1779486115.38848,0.000655,0.000762,0.000806,3.748709,3.748849,3.747903,0.000140000000000029,3.7316,0.0321126445770266
"2026-05-22T21:41:55.393Z","run_bootstrap",164,"http://client2:8000","run","http://client2:8000/run",1,TRUE,200,1107,251,3.33755207061768,"2026-05-22T21:41:51.625488Z","2026-05-22T21:41:54.963040Z",1779486111.62549,1779486114.96304,0.000517,0.000625,0.000667,3.322163,3.322339,3.321496,0.000175999999999732,3.3152,0.0223520706176759
"2026-05-22T21:41:55.393Z","run_bootstrap",164,"http://client3:8000","run","http://client3:8000/run",1,TRUE,200,1107,251,3.57544875144958,"2026-05-22T21:41:51.626061Z","2026-05-22T21:41:55.201510Z",1779486111.62606,1779486115.20151,0.000538,0.000617,0.00066,3.560759,3.560887,3.560099,0.000128000000000128,3.5537,0.0217487514495849
"2026-05-22T21:41:59.163Z","run_bootstrap",165,"http://client1:8000","run","http://client1:8000/run",1,TRUE,200,1107,254,3.53618550300598,"2026-05-22T21:41:55.405003Z","2026-05-22T21:41:58.941188Z",1779486115.405,1779486118.94119,0.000648,0.000794,0.000833,3.514081,3.514177,3.513248,9.6000000000096e-05,3.5067,0.0294855030059815
"2026-05-22T21:41:59.163Z","run_bootstrap",165,"http://client2:8000","run","http://client2:8000/run",1,TRUE,200,1107,252,3.75274348258972,"2026-05-22T21:41:55.405462Z","2026-05-22T21:41:59.158206Z",1779486115.40546,1779486119.15821,0.000603,0.000683,0.000716,3.729822,3.729994,3.729106,0.000172000000000061,3.723,0.0297434825897218
"2026-05-22T21:41:59.163Z","run_bootstrap",165,"http://client3:8000","run","http://client3:8000/run",1,TRUE,200,1107,250,3.49420142173767,"2026-05-22T21:41:55.406175Z","2026-05-22T21:41:58.900377Z",1779486115.40618,1779486118.90038,0.000544,0.000642,0.000678,3.472362,3.472802,3.471684,0.000440000000000218,3.465,0.029201421737671
"2026-05-22T21:42:02.991Z","run_bootstrap",166,"http://client1:8000","run","http://client1:8000/run",1,TRUE,200,1107,253,3.50296425819397,"2026-05-22T21:41:59.177114Z","2026-05-22T21:42:02.680078Z",1779486119.17711,1779486122.68008,0.000502,0.000589,0.000621,3.483839,3.483873,3.483218,3.39999999998675e-05,3.473,0.0299642581939699
"2026-05-22T21:42:02.991Z","run_bootstrap",166,"http://client2:8000","run","http://client2:8000/run",1,TRUE,200,1107,253,3.65015482902527,"2026-05-22T21:41:59.177835Z","2026-05-22T21:42:02.827990Z",1779486119.17784,1779486122.82799,0.000513,0.000603,0.00064,3.626566,3.626595,3.625926,2.90000000000568e-05,3.6191,0.0310548290252686
"2026-05-22T21:42:02.991Z","run_bootstrap",166,"http://client3:8000","run","http://client3:8000/run",1,TRUE,200,1107,251,3.80762243270874,"2026-05-22T21:41:59.176766Z","2026-05-22T21:42:02.984388Z",1779486119.17677,1779486122.98439,0.000749,0.000864,0.000903,3.789904,3.78994,3.789001,3.6000000000147e-05,3.7817,0.0259224327087404
"2026-05-22T21:42:06.630Z","run_bootstrap",167,"http://client1:8000","run","http://client1:8000/run",1,TRUE,200,1107,255,3.61571741104126,"2026-05-22T21:42:03.007479Z","2026-05-22T21:42:06.623196Z",1779486123.00748,1779486126.6232,0.000576,0.000656,0.000687,3.595931,3.596044,3.595244,0.000112999999999808,3.5877,0.0280174110412599
"2026-05-22T21:42:06.630Z","run_bootstrap",167,"http://client2:8000","run","http://client2:8000/run",1,TRUE,200,1107,253,3.61871433258057,"2026-05-22T21:42:03.006938Z","2026-05-22T21:42:06.625653Z",1779486123.00694,1779486126.62565,0.000418,0.000511,0.000533,3.605341,3.605477,3.604808,0.000135999999999914,3.5987,0.0200143325805664
"2026-05-22T21:42:06.630Z","run_bootstrap",167,"http://client3:8000","run","http://client3:8000/run",1,TRUE,200,1107,250,3.38269782066345,"2026-05-22T21:42:03.007222Z","2026-05-22T21:42:06.389920Z",1779486123.00722,1779486126.38992,0.000607,0.000668,0.000688,3.369068,3.369219,3.36838,0.000151000000000234,3.3578,0.024897820663452
"2026-05-22T21:42:10.464Z","run_bootstrap",168,"http://client1:8000","run","http://client1:8000/run",1,TRUE,200,1107,255,3.37061309814453,"2026-05-22T21:42:06.645939Z","2026-05-22T21:42:10.016552Z",1779486126.64594,1779486130.01655,0.000521,0.000609,0.000633,3.357186,3.357352,3.356553,0.000166000000000111,3.3462,0.0244130981445312
"2026-05-22T21:42:10.464Z","run_bootstrap",168,"http://client2:8000","run","http://client2:8000/run",1,TRUE,200,1107,252,3.63673615455627,"2026-05-22T21:42:06.645411Z","2026-05-22T21:42:10.282147Z",1779486126.64541,1779486130.28215,0.000594,0.000657,0.000678,3.623649,3.623798,3.622971,0.000148999999999955,3.617,0.0197361545562744
"2026-05-22T21:42:10.464Z","run_bootstrap",168,"http://client3:8000","run","http://client3:8000/run",1,TRUE,200,1107,250,3.81016516685486,"2026-05-22T21:42:06.647067Z","2026-05-22T21:42:10.457232Z",1779486126.64707,1779486130.45723,0.000464,0.000541,0.000579,3.79731,3.79749,3.796731,0.000179999999999847,3.7896,0.0205651668548583
"2026-05-22T21:42:14.231Z","run_bootstrap",169,"http://client1:8000","run","http://client1:8000/run",1,TRUE,200,1107,251,3.65615248680115,"2026-05-22T21:42:10.480476Z","2026-05-22T21:42:14.136629Z",1779486130.48048,1779486134.13663,0.000474,0.000552,0.000573,3.633582,3.633725,3.633009,0.000143000000000004,3.624,0.0321524868011474
"2026-05-22T21:42:14.231Z","run_bootstrap",169,"http://client2:8000","run","http://client2:8000/run",1,TRUE,200,1107,253,3.42263031005859,"2026-05-22T21:42:10.480929Z","2026-05-22T21:42:13.903559Z",1779486130.48093,1779486133.90356,0.000562,0.000622,0.000643,3.400457,3.400602,3.399814,0.000145000000000284,3.3916,0.0310303100585938
"2026-05-22T21:42:14.231Z","run_bootstrap",169,"http://client3:8000","run","http://client3:8000/run",1,TRUE,200,1107,250,3.74592471122742,"2026-05-22T21:42:10.481284Z","2026-05-22T21:42:14.227208Z",1779486130.48128,1779486134.22721,4e-04,0.000596,0.000634,3.724882,3.725029,3.724248,0.000147000000000119,3.7167,0.0292247112274171
"2026-05-22T21:42:18.069Z","run_bootstrap",170,"http://client1:8000","run","http://client1:8000/run",1,TRUE,200,1107,251,3.52809524536133,"2026-05-22T21:42:14.243218Z","2026-05-22T21:42:17.771313Z",1779486134.24322,1779486137.77131,0.00062,0.000731,0.000776,3.513585,3.513669,3.512809,8.4000000000195e-05,3.506,0.0220952453613283
"2026-05-22T21:42:18.069Z","run_bootstrap",170,"http://client2:8000","run","http://client2:8000/run",1,TRUE,200,1107,253,3.7151415348053,"2026-05-22T21:42:14.244947Z","2026-05-22T21:42:17.960088Z",1779486134.24495,1779486137.96009,0.000644,0.000838,0.000913,3.701911,3.702046,3.700998,0.000135000000000218,3.6934,0.0217415348052978
"2026-05-22T21:42:18.069Z","run_bootstrap",170,"http://client3:8000","run","http://client3:8000/run",1,TRUE,200,1107,250,3.81889486312866,"2026-05-22T21:42:14.245447Z","2026-05-22T21:42:18.064342Z",1779486134.24545,1779486138.06434,0.000523,0.000587,0.000609,3.801724,3.801844,3.801115,0.000119999999999898,3.7948,0.0240948631286622
"2026-05-22T21:42:21.923Z","run_bootstrap",171,"http://client1:8000","run","http://client1:8000/run",1,TRUE,200,1108,254,3.65823841094971,"2026-05-22T21:42:18.081756Z","2026-05-22T21:42:21.739995Z",1779486138.08176,1779486141.74,0.000558,0.000645,0.000677,3.6406,3.640761,3.639923,0.000160999999999856,3.6323,0.0259384109497072
"2026-05-22T21:42:21.923Z","run_bootstrap",171,"http://client2:8000","run","http://client2:8000/run",1,TRUE,200,1108,253,3.55456042289734,"2026-05-22T21:42:18.082436Z","2026-05-22T21:42:21.636997Z",1779486138.08244,1779486141.637,0.000488,0.000564,0.000587,3.538464,3.538621,3.537877,0.000157000000000185,3.5315,0.023060422897339
"2026-05-22T21:42:21.923Z","run_bootstrap",171,"http://client3:8000","run","http://client3:8000/run",1,TRUE,200,1108,250,3.83176469802856,"2026-05-22T21:42:18.083040Z","2026-05-22T21:42:21.914805Z",1779486138.08304,1779486141.91481,0.000629,0.000687,7e-04,3.816187,3.816316,3.815487,0.000128999999999824,3.8087,0.0230646980285645
"2026-05-22T21:42:25.774Z","run_bootstrap",172,"http://client1:8000","run","http://client1:8000/run",1,TRUE,200,1108,254,3.83168172836304,"2026-05-22T21:42:21.937531Z","2026-05-22T21:42:25.769213Z",1779486141.93753,1779486145.76921,0.000675,0.000785,0.000819,3.817865,3.817948,3.817046,8.30000000000553e-05,3.8087,0.0229817283630371
"2026-05-22T21:42:25.774Z","run_bootstrap",172,"http://client2:8000","run","http://client2:8000/run",1,TRUE,200,1108,253,3.65111565589905,"2026-05-22T21:42:21.938899Z","2026-05-22T21:42:25.590015Z",1779486141.9389,1779486145.59002,0.000522,0.000633,0.000668,3.637462,3.637607,3.636794,0.00014499999999984,3.6303,0.0208156558990478
"2026-05-22T21:42:25.774Z","run_bootstrap",172,"http://client3:8000","run","http://client3:8000/run",1,TRUE,200,1108,250,3.8066680431366,"2026-05-22T21:42:21.940422Z","2026-05-22T21:42:25.747090Z",1779486141.94042,1779486145.74709,0.000626,0.000746,0.000781,3.785435,3.785583,3.784654,0.000147999999999815,3.7781,0.0285680431365969
"2026-05-22T21:42:29.656Z","run_bootstrap",173,"http://client1:8000","run","http://client1:8000/run",1,TRUE,200,1107,252,3.81227731704712,"2026-05-22T21:42:25.836189Z","2026-05-22T21:42:29.648467Z",1779486145.83619,1779486149.64847,0.000699,0.000812,0.000848,3.798895,3.799027,3.798047,0.000132000000000243,3.7903,0.0219773170471194
"2026-05-22T21:42:29.656Z","run_bootstrap",173,"http://client2:8000","run","http://client2:8000/run",1,TRUE,200,1107,254,3.58769464492798,"2026-05-22T21:42:25.837312Z","2026-05-22T21:42:29.425006Z",1779486145.83731,1779486149.42501,0.000656,0.000777,0.000816,3.575642,3.57596,3.574826,0.000317999999999596,3.5675,0.0201946449279786
"2026-05-22T21:42:29.656Z","run_bootstrap",173,"http://client3:8000","run","http://client3:8000/run",1,TRUE,200,1107,254,3.37321519851685,"2026-05-22T21:42:25.837960Z","2026-05-22T21:42:29.211175Z",1779486145.83796,1779486149.21118,0.000752,0.000818,0.000839,3.361973,3.362099,3.361134,0.000126000000000293,3.3491,0.0241151985168457
"2026-05-22T21:42:33.507Z","run_bootstrap",174,"http://client1:8000","run","http://client1:8000/run",1,TRUE,200,1107,252,3.67316126823425,"2026-05-22T21:42:29.668843Z","2026-05-22T21:42:33.342004Z",1779486149.66884,1779486153.342,0.000515,0.000596,0.00062,3.653004,3.653147,3.652384,0.000143000000000004,3.6443,0.0288612682342531
"2026-05-22T21:42:33.507Z","run_bootstrap",174,"http://client2:8000","run","http://client2:8000/run",1,TRUE,200,1107,254,3.57418036460876,"2026-05-22T21:42:29.669229Z","2026-05-22T21:42:33.243409Z",1779486149.66923,1779486153.24341,0.000508,0.000581,0.000612,3.552544,3.552689,3.551932,0.00014499999999984,3.5444,0.0297803646087647
"2026-05-22T21:42:33.507Z","run_bootstrap",174,"http://client3:8000","run","http://client3:8000/run",1,TRUE,200,1107,254,3.82989621162415,"2026-05-22T21:42:29.669779Z","2026-05-22T21:42:33.499675Z",1779486149.66978,1779486153.49968,0.000563,0.000654,0.000687,3.809871,3.810024,3.809184,0.00015300000000007,3.8015,0.0283962116241456
"2026-05-22T21:42:37.448Z","run_bootstrap",175,"http://client1:8000","run","http://client1:8000/run",1,TRUE,200,1109,257,3.91973614692688,"2026-05-22T21:42:33.522806Z","2026-05-22T21:42:37.442542Z",1779486153.52281,1779486157.44254,0.000648,0.000756,0.000803,3.905806,3.905938,3.905003,0.000131999999999799,3.8946,0.0251361469268798
"2026-05-22T21:42:37.448Z","run_bootstrap",175,"http://client2:8000","run","http://client2:8000/run",1,TRUE,200,1109,256,3.40972948074341,"2026-05-22T21:42:33.524611Z","2026-05-22T21:42:36.934341Z",1779486153.52461,1779486156.93434,0.000644,0.000738,0.000776,3.387916,3.388078,3.38714,0.000161999999999995,3.3807,0.0290294807434082
"2026-05-22T21:42:37.448Z","run_bootstrap",175,"http://client3:8000","run","http://client3:8000/run",1,TRUE,200,1109,256,3.88277769088745,"2026-05-22T21:42:33.524873Z","2026-05-22T21:42:37.407651Z",1779486153.52487,1779486157.40765,0.000622,0.000736,0.000775,3.861237,3.861384,3.860462,0.000147000000000119,3.8539,0.0288776908874513
"2026-05-22T21:42:41.228Z","run_bootstrap",176,"http://client1:8000","run","http://client1:8000/run",1,TRUE,200,1109,257,3.76372528076172,"2026-05-22T21:42:37.459907Z","2026-05-22T21:42:41.223632Z",1779486157.45991,1779486161.22363,0.000641,0.000786,0.000841,3.748683,3.74882,3.747842,0.00013699999999961,3.7287,0.0350252807617188
"2026-05-22T21:42:41.228Z","run_bootstrap",176,"http://client2:8000","run","http://client2:8000/run",1,TRUE,200,1109,256,3.73612093925476,"2026-05-22T21:42:37.461938Z","2026-05-22T21:42:41.198059Z",1779486157.46194,1779486161.19806,0.000622,0.000728,0.000775,3.721697,3.72184,3.720922,0.000143000000000004,3.7137,0.022420939254761
"2026-05-22T21:42:41.228Z","run_bootstrap",176,"http://client3:8000","run","http://client3:8000/run",1,TRUE,200,1109,256,3.66963124275208,"2026-05-22T21:42:37.462270Z","2026-05-22T21:42:41.131902Z",1779486157.46227,1779486161.1319,0.000573,0.000661,0.000701,3.646537,3.646671,3.645836,0.000134000000000079,3.6395,0.0301312427520752
"2026-05-22T21:42:45.218Z","run_bootstrap",177,"http://client1:8000","run","http://client1:8000/run",1,TRUE,200,1106,251,3.97193908691406,"2026-05-22T21:42:41.241407Z","2026-05-22T21:42:45.213346Z",1779486161.24141,1779486165.21335,0.000507,0.000583,0.000606,3.956421,3.956551,3.955815,0.000129999999999963,3.9479,0.0240390869140623
"2026-05-22T21:42:45.218Z","run_bootstrap",177,"http://client2:8000","run","http://client2:8000/run",1,TRUE,200,1106,250,3.62070035934448,"2026-05-22T21:42:41.241826Z","2026-05-22T21:42:44.862527Z",1779486161.24183,1779486164.86253,0.000573,0.000651,0.000687,3.604792,3.604929,3.604105,0.00013699999999961,3.5956,0.0251003593444823
"2026-05-22T21:42:45.218Z","run_bootstrap",177,"http://client3:8000","run","http://client3:8000/run",1,TRUE,200,1106,255,3.84641623497009,"2026-05-22T21:42:41.242375Z","2026-05-22T21:42:45.088791Z",1779486161.24238,1779486165.08879,0.000512,0.000576,0.000599,3.831884,3.832015,3.831285,0.000131000000000103,3.8242,0.022216234970093
"2026-05-22T21:42:49.047Z","run_bootstrap",178,"http://client1:8000","run","http://client1:8000/run",1,TRUE,200,1106,251,3.5898904800415,"2026-05-22T21:42:45.231584Z","2026-05-22T21:42:48.821475Z",1779486165.23158,1779486168.82148,0.000644,0.000752,0.00079,3.569954,3.570002,3.569164,4.8000000000048e-05,3.5586,0.0312904800415037
"2026-05-22T21:42:49.047Z","run_bootstrap",178,"http://client2:8000","run","http://client2:8000/run",1,TRUE,200,1106,250,3.7380645275116,"2026-05-22T21:42:45.232281Z","2026-05-22T21:42:48.970346Z",1779486165.23228,1779486168.97035,0.000686,0.000798,0.000834,3.714492,3.714529,3.713658,3.70000000002868e-05,3.7071,0.0309645275115966
"2026-05-22T21:42:49.047Z","run_bootstrap",178,"http://client3:8000","run","http://client3:8000/run",1,TRUE,200,1106,255,3.80995869636536,"2026-05-22T21:42:45.232903Z","2026-05-22T21:42:49.042861Z",1779486165.2329,1779486169.04286,0.000536,0.000649,0.000693,3.785182,3.785216,3.784489,3.40000000003116e-05,3.7776,0.0323586963653564
"2026-05-22T21:42:52.881Z","run_bootstrap",179,"http://client1:8000","run","http://client1:8000/run",1,TRUE,200,1106,252,3.8120002746582,"2026-05-22T21:42:49.061943Z","2026-05-22T21:42:52.873943Z",1779486169.06194,1779486172.87394,0.000452,0.000539,0.000574,3.793288,3.793387,3.792714,9.90000000000713e-05,3.7849,0.0271002746582032
"2026-05-22T21:42:52.881Z","run_bootstrap",179,"http://client2:8000","run","http://client2:8000/run",1,TRUE,200,1106,254,3.66177082061768,"2026-05-22T21:42:49.062658Z","2026-05-22T21:42:52.724428Z",1779486169.06266,1779486172.72443,0.000671,0.000776,0.000818,3.644396,3.644544,3.643578,0.000147999999999815,3.6372,0.0245708206176758
"2026-05-22T21:42:52.881Z","run_bootstrap",179,"http://client3:8000","run","http://client3:8000/run",1,TRUE,200,1106,253,3.80892014503479,"2026-05-22T21:42:49.063241Z","2026-05-22T21:42:52.872161Z",1779486169.06324,1779486172.87216,0.000473,0.000546,0.00058,3.791792,3.791939,3.791212,0.000147000000000119,3.7841,0.02482014503479
"2026-05-22T21:42:56.890Z","run_bootstrap",180,"http://client1:8000","run","http://client1:8000/run",1,TRUE,200,1106,252,3.99012637138367,"2026-05-22T21:42:52.895226Z","2026-05-22T21:42:56.885353Z",1779486172.89523,1779486176.88535,0.000513,0.000574,0.000595,3.972815,3.972942,3.97222,0.000126999999999988,3.8153,0.174826371383667
"2026-05-22T21:42:56.890Z","run_bootstrap",180,"http://client2:8000","run","http://client2:8000/run",1,TRUE,200,1106,254,3.89098453521729,"2026-05-22T21:42:52.894588Z","2026-05-22T21:42:56.785573Z",1779486172.89459,1779486176.78557,0.00075,0.00084,0.00088,3.877443,3.877575,3.876563,0.000132000000000243,3.7128,0.178184535217285
"2026-05-22T21:42:56.890Z","run_bootstrap",180,"http://client3:8000","run","http://client3:8000/run",1,TRUE,200,1106,253,3.82560563087463,"2026-05-22T21:42:52.895567Z","2026-05-22T21:42:56.721172Z",1779486172.89557,1779486176.72117,0.000659,0.000773,0.000819,3.812389,3.812538,3.81157,0.000148999999999955,3.6563,0.169305630874634
"2026-05-22T21:43:00.565Z","run_bootstrap",181,"http://client1:8000","run","http://client1:8000/run",1,TRUE,200,1108,250,3.4119725227356,"2026-05-22T21:42:56.901128Z","2026-05-22T21:43:00.313101Z",1779486176.90113,1779486180.3131,0.00074,0.000818,0.000839,3.397692,3.3978,3.396853,0.000107999999999997,3.3904,0.0215725227355956
"2026-05-22T21:43:00.565Z","run_bootstrap",181,"http://client2:8000","run","http://client2:8000/run",1,TRUE,200,1108,251,3.5181291103363,"2026-05-22T21:42:56.902815Z","2026-05-22T21:43:00.420944Z",1779486176.90282,1779486180.42094,0.000574,0.000663,0.000697,3.500206,3.50035,3.499509,0.000144000000000144,3.4936,0.0245291103363039
"2026-05-22T21:43:00.565Z","run_bootstrap",181,"http://client3:8000","run","http://client3:8000/run",1,TRUE,200,1108,253,3.65726947784424,"2026-05-22T21:42:56.903355Z","2026-05-22T21:43:00.560625Z",1779486176.90336,1779486180.56063,0.000476,0.000531,0.000551,3.640514,3.640641,3.639963,0.000126999999999988,3.6345,0.0227694778442382
"2026-05-22T21:43:04.347Z","run_bootstrap",182,"http://client1:8000","run","http://client1:8000/run",1,TRUE,200,1108,250,3.76450705528259,"2026-05-22T21:43:00.578598Z","2026-05-22T21:43:04.343105Z",1779486180.5786,1779486184.34311,0.000731,0.000851,0.000892,3.741468,3.7416,3.740576,0.000132000000000243,3.7332,0.0313070552825927
"2026-05-22T21:43:04.347Z","run_bootstrap",182,"http://client2:8000","run","http://client2:8000/run",1,TRUE,200,1108,251,3.44266533851624,"2026-05-22T21:43:00.579270Z","2026-05-22T21:43:04.021936Z",1779486180.57927,1779486184.02194,0.000717,0.000831,0.00087,3.420342,3.420472,3.419472,0.000129999999999963,3.4132,0.0294653385162356
"2026-05-22T21:43:04.347Z","run_bootstrap",182,"http://client3:8000","run","http://client3:8000/run",1,TRUE,200,1108,252,3.50057029724121,"2026-05-22T21:43:00.579712Z","2026-05-22T21:43:04.080282Z",1779486180.57971,1779486184.08028,0.000639,0.000751,0.000788,3.484774,3.484879,3.483986,0.000105000000000022,3.478,0.0225702972412107
"2026-05-22T21:43:08.091Z","run_bootstrap",183,"http://client1:8000","run","http://client1:8000/run",1,TRUE,200,1108,250,3.72699761390686,"2026-05-22T21:43:04.360575Z","2026-05-22T21:43:08.087573Z",1779486184.36058,1779486188.08757,0.000523,0.000612,0.000646,3.710784,3.710929,3.710138,0.000145000000000284,3.7038,0.0231976139068601
"2026-05-22T21:43:08.091Z","run_bootstrap",183,"http://client2:8000","run","http://client2:8000/run",1,TRUE,200,1108,251,3.44286823272705,"2026-05-22T21:43:04.361413Z","2026-05-22T21:43:07.804281Z",1779486184.36141,1779486187.80428,0.000451,0.000527,0.000551,3.426957,3.427112,3.426406,0.000155000000000349,3.4193,0.023568232727051
"2026-05-22T21:43:08.091Z","run_bootstrap",183,"http://client3:8000","run","http://client3:8000/run",1,TRUE,200,1108,251,3.72238945960999,"2026-05-22T21:43:04.362046Z","2026-05-22T21:43:08.084436Z",1779486184.36205,1779486188.08444,0.000561,0.000638,0.000668,3.706772,3.706917,3.706104,0.00014499999999984,3.6999,0.0224894596099854
"2026-05-22T21:43:11.854Z","run_bootstrap",184,"http://client1:8000","run","http://client1:8000/run",1,TRUE,200,1108,250,3.46179413795471,"2026-05-22T21:43:08.114915Z","2026-05-22T21:43:11.576709Z",1779486188.11492,1779486191.57671,0.000464,0.000542,0.000568,3.45025,3.450295,3.449682,4.50000000000728e-05,3.4433,0.0184941379547121
"2026-05-22T21:43:11.854Z","run_bootstrap",184,"http://client2:8000","run","http://client2:8000/run",1,TRUE,200,1108,251,3.73603296279907,"2026-05-22T21:43:08.114113Z","2026-05-22T21:43:11.850146Z",1779486188.11411,1779486191.85015,0.000491,0.00059,0.000628,3.723697,3.723743,3.723069,4.59999999997684e-05,3.7168,0.0192329627990722
"2026-05-22T21:43:11.854Z","run_bootstrap",184,"http://client3:8000","run","http://client3:8000/run",1,TRUE,200,1108,250,3.66677641868591,"2026-05-22T21:43:08.114534Z","2026-05-22T21:43:11.781311Z",1779486188.11453,1779486191.78131,0.000545,0.000604,0.000625,3.654836,3.654885,3.654211,4.90000000001878e-05,3.647,0.0197764186859133
"2026-05-22T21:43:15.608Z","run_bootstrap",185,"http://client1:8000","run","http://client1:8000/run",1,TRUE,200,1108,250,3.67279052734375,"2026-05-22T21:43:11.867986Z","2026-05-22T21:43:15.540776Z",1779486191.86799,1779486195.54078,0.000654,0.00082,0.001006,3.659652,3.659686,3.658646,3.40000000003116e-05,3.6519,0.0208905273437501
"2026-05-22T21:43:15.608Z","run_bootstrap",185,"http://client2:8000","run","http://client2:8000/run",1,TRUE,200,1108,252,3.29508638381958,"2026-05-22T21:43:11.870095Z","2026-05-22T21:43:15.165181Z",1779486191.8701,1779486195.16518,0.000661,0.000801,0.000822,3.281216,3.281262,3.280394,4.59999999997684e-05,3.2742,0.0208863838195801
"2026-05-22T21:43:15.608Z","run_bootstrap",185,"http://client3:8000","run","http://client3:8000/run",1,TRUE,200,1108,252,3.73395705223083,"2026-05-22T21:43:11.870401Z","2026-05-22T21:43:15.604358Z",1779486191.8704,1779486195.60436,0.000547,0.000611,0.000629,3.7211,3.721137,3.720471,3.70000000002868e-05,3.7143,0.0196570522308348
"2026-05-22T21:43:19.273Z","run_bootstrap",186,"http://client1:8000","run","http://client1:8000/run",1,TRUE,200,1108,250,3.37155151367188,"2026-05-22T21:43:15.621275Z","2026-05-22T21:43:18.992826Z",1779486195.62128,1779486198.99283,0.000587,0.000705,0.000742,3.352064,3.352181,3.351322,0.000116999999999923,3.3399,0.0316515136718749
"2026-05-22T21:43:19.273Z","run_bootstrap",186,"http://client2:8000","run","http://client2:8000/run",1,TRUE,200,1108,252,3.64644241333008,"2026-05-22T21:43:15.622029Z","2026-05-22T21:43:19.268472Z",1779486195.62203,1779486199.26847,0.000418,0.000519,0.000578,3.627653,3.627697,3.627075,4.3999999999933e-05,3.6209,0.0255424133300783
"2026-05-22T21:43:19.273Z","run_bootstrap",186,"http://client3:8000","run","http://client3:8000/run",1,TRUE,200,1108,252,3.54172778129578,"2026-05-22T21:43:15.622455Z","2026-05-22T21:43:19.164183Z",1779486195.62246,1779486199.16418,0.000787,0.000906,0.000941,3.524815,3.524862,3.523874,4.70000000003523e-05,3.5172,0.0245277812957765
"2026-05-22T21:43:22.933Z","run_bootstrap",187,"http://client1:8000","run","http://client1:8000/run",1,TRUE,200,1108,251,3.64208698272705,"2026-05-22T21:43:19.284029Z","2026-05-22T21:43:22.926116Z",1779486199.28403,1779486202.92612,0.000666,0.000774,0.000811,3.627464,3.627509,3.626653,4.50000000000728e-05,3.6189,0.0231869827270508
"2026-05-22T21:43:22.933Z","run_bootstrap",187,"http://client2:8000","run","http://client2:8000/run",1,TRUE,200,1108,252,3.54501938819885,"2026-05-22T21:43:19.285866Z","2026-05-22T21:43:22.830885Z",1779486199.28587,1779486202.83089,0.000626,0.000725,0.00076,3.529075,3.529121,3.528315,4.59999999997684e-05,3.5218,0.0232193881988527
"2026-05-22T21:43:22.933Z","run_bootstrap",187,"http://client3:8000","run","http://client3:8000/run",1,TRUE,200,1108,252,3.3797242641449,"2026-05-22T21:43:19.286191Z","2026-05-22T21:43:22.665916Z",1779486199.28619,1779486202.66592,0.000641,0.000759,0.000796,3.362231,3.362277,3.361435,4.60000000002125e-05,3.354,0.0257242641448974
"2026-05-22T21:43:26.561Z","run_bootstrap",188,"http://client1:8000","run","http://client1:8000/run",1,TRUE,200,1108,251,3.55333781242371,"2026-05-22T21:43:22.947829Z","2026-05-22T21:43:26.501166Z",1779486202.94783,1779486206.50117,0.000709,8e-04,0.000822,3.538339,3.538468,3.537517,0.000128999999999824,3.5308,0.0225378124237059
"2026-05-22T21:43:26.561Z","run_bootstrap",188,"http://client2:8000","run","http://client2:8000/run",1,TRUE,200,1108,252,3.60390615463257,"2026-05-22T21:43:22.949886Z","2026-05-22T21:43:26.553792Z",1779486202.94989,1779486206.55379,0.000448,0.000527,0.00056,3.587129,3.587237,3.586569,0.000107999999999997,3.5803,0.0236061546325685
"2026-05-22T21:43:26.561Z","run_bootstrap",188,"http://client3:8000","run","http://client3:8000/run",1,TRUE,200,1108,253,3.6005973815918,"2026-05-22T21:43:22.950429Z","2026-05-22T21:43:26.551027Z",1779486202.95043,1779486206.55103,0.000538,0.000647,0.000684,3.583276,3.583413,3.582592,0.000137000000000054,3.5761,0.024497381591797
"2026-05-22T21:43:30.395Z","run_bootstrap",189,"http://client1:8000","run","http://client1:8000/run",1,TRUE,200,1108,252,3.66527366638184,"2026-05-22T21:43:26.574380Z","2026-05-22T21:43:30.239654Z",1779486206.57438,1779486210.23965,0.00071,0.000828,0.000869,3.646358,3.646395,3.645489,3.69999999998427e-05,3.6388,0.0264736663818361
"2026-05-22T21:43:30.395Z","run_bootstrap",189,"http://client2:8000","run","http://client2:8000/run",1,TRUE,200,1108,254,3.81345844268799,"2026-05-22T21:43:26.576034Z","2026-05-22T21:43:30.389492Z",1779486206.57603,1779486210.38949,0.000561,0.000649,0.000686,3.791433,3.791467,3.790747,3.39999999998675e-05,3.7845,0.0289584426879883
"2026-05-22T21:43:30.395Z","run_bootstrap",189,"http://client3:8000","run","http://client3:8000/run",1,TRUE,200,1108,252,3.64844560623169,"2026-05-22T21:43:26.576374Z","2026-05-22T21:43:30.224820Z",1779486206.57637,1779486210.22482,0.000541,0.000617,0.000653,3.625524,3.625556,3.624871,3.2000000000032e-05,3.6188,0.0296456062316897
"2026-05-22T21:43:34.103Z","run_bootstrap",190,"http://client1:8000","run","http://client1:8000/run",1,TRUE,200,1108,251,3.68593311309814,"2026-05-22T21:43:30.410707Z","2026-05-22T21:43:34.096641Z",1779486210.41071,1779486214.09664,0.000623,0.000694,0.000718,3.67127,3.6714,3.670552,0.000130000000000408,3.664,0.0219331130981444
"2026-05-22T21:43:34.103Z","run_bootstrap",190,"http://client2:8000","run","http://client2:8000/run",1,TRUE,200,1108,254,3.64394807815552,"2026-05-22T21:43:30.411183Z","2026-05-22T21:43:34.055131Z",1779486210.41118,1779486214.05513,0.000599,0.000675,0.000711,3.623964,3.624107,3.623253,0.000143000000000004,3.6052,0.0387480781555176
"2026-05-22T21:43:34.103Z","run_bootstrap",190,"http://client3:8000","run","http://client3:8000/run",1,TRUE,200,1108,252,3.67752718925476,"2026-05-22T21:43:30.411660Z","2026-05-22T21:43:34.089187Z",1779486210.41166,1779486214.08919,0.000644,0.000704,0.000725,3.664552,3.664677,3.663827,0.000125000000000153,3.6579,0.0196271892547606
"2026-05-22T21:43:38.000Z","run_bootstrap",191,"http://client1:8000","run","http://client1:8000/run",1,TRUE,200,1108,253,3.61983513832092,"2026-05-22T21:43:34.114812Z","2026-05-22T21:43:37.734647Z",1779486214.11481,1779486217.73465,0.000448,0.000528,0.00056,3.604673,3.604836,3.604113,0.000163000000000135,3.5974,0.0224351383209229
"2026-05-22T21:43:38.000Z","run_bootstrap",191,"http://client2:8000","run","http://client2:8000/run",1,TRUE,200,1108,254,3.87788891792297,"2026-05-22T21:43:34.115479Z","2026-05-22T21:43:37.993368Z",1779486214.11548,1779486217.99337,0.000554,0.000643,0.000678,3.863804,3.863918,3.863126,0.000113999999999947,3.8565,0.0213889179229736
"2026-05-22T21:43:38.000Z","run_bootstrap",191,"http://client3:8000","run","http://client3:8000/run",1,TRUE,200,1108,252,3.48722076416016,"2026-05-22T21:43:34.114718Z","2026-05-22T21:43:37.601939Z",1779486214.11472,1779486217.60194,0.000661,0.000766,0.000803,3.473201,3.473288,3.472398,8.70000000001703e-05,3.4653,0.0219207641601562
"2026-05-22T21:43:41.750Z","run_bootstrap",192,"http://client1:8000","run","http://client1:8000/run",1,TRUE,200,1108,253,3.69880485534668,"2026-05-22T21:43:38.012547Z","2026-05-22T21:43:41.711352Z",1779486218.01255,1779486221.71135,0.000711,0.00082,0.000859,3.684575,3.684662,3.683716,8.69999999997262e-05,3.6744,0.0244048553466798
"2026-05-22T21:43:41.750Z","run_bootstrap",192,"http://client2:8000","run","http://client2:8000/run",1,TRUE,200,1108,254,3.69993948936462,"2026-05-22T21:43:38.014269Z","2026-05-22T21:43:41.714209Z",1779486218.01427,1779486221.71421,0.000633,0.000749,0.000786,3.686909,3.687035,3.686123,0.000125999999999848,3.6798,0.0201394893646238
"2026-05-22T21:43:41.750Z","run_bootstrap",192,"http://client3:8000","run","http://client3:8000/run",1,TRUE,200,1108,252,3.73219466209412,"2026-05-22T21:43:38.013703Z","2026-05-22T21:43:41.745898Z",1779486218.0137,1779486221.7459,0.00073,0.000823,0.00086,3.718454,3.7186,3.717594,0.000145999999999979,3.7097,0.022494662094116
"2026-05-22T21:43:45.593Z","run_bootstrap",193,"http://client1:8000","run","http://client1:8000/run",1,TRUE,200,1108,252,3.82208156585693,"2026-05-22T21:43:41.762474Z","2026-05-22T21:43:45.584555Z",1779486221.76247,1779486225.58456,0.000674,0.000783,0.000818,3.800462,3.800592,3.799644,0.000129999999999963,3.7927,0.0293815658569336
"2026-05-22T21:43:45.593Z","run_bootstrap",193,"http://client2:8000","run","http://client2:8000/run",1,TRUE,200,1108,253,3.82503986358643,"2026-05-22T21:43:41.763044Z","2026-05-22T21:43:45.588083Z",1779486221.76304,1779486225.58808,0.000664,0.000767,0.000802,3.805892,3.806012,3.80509,0.000119999999999898,3.7988,0.0262398635864258
"2026-05-22T21:43:45.593Z","run_bootstrap",193,"http://client3:8000","run","http://client3:8000/run",1,TRUE,200,1108,253,3.61024594306946,"2026-05-22T21:43:41.763683Z","2026-05-22T21:43:45.373929Z",1779486221.76368,1779486225.37393,0.00052,0.000607,0.000641,3.587761,3.587903,3.58712,0.000141999999999864,3.5804,0.029845943069458
"2026-05-22T21:43:49.378Z","run_bootstrap",194,"http://client1:8000","run","http://client1:8000/run",1,TRUE,200,1108,252,3.54736089706421,"2026-05-22T21:43:45.606091Z","2026-05-22T21:43:49.153451Z",1779486225.60609,1779486229.15345,0.000442,0.000494,0.000515,3.532794,3.532927,3.532279,0.000132999999999939,3.5245,0.0228608970642088
"2026-05-22T21:43:49.378Z","run_bootstrap",194,"http://client2:8000","run","http://client2:8000/run",1,TRUE,200,1108,253,3.76502466201782,"2026-05-22T21:43:45.607719Z","2026-05-22T21:43:49.372744Z",1779486225.60772,1779486229.37274,0.000526,0.000601,0.000636,3.749998,3.750133,3.749362,0.000134999999999774,3.7417,0.0233246620178225
"2026-05-22T21:43:49.378Z","run_bootstrap",194,"http://client3:8000","run","http://client3:8000/run",1,TRUE,200,1108,253,3.66095781326294,"2026-05-22T21:43:45.606830Z","2026-05-22T21:43:49.267788Z",1779486225.60683,1779486229.26779,0.000377,0.000459,0.000484,3.647147,3.647282,3.646663,0.000135000000000218,3.6401,0.0208578132629396
"2026-05-22T21:43:53.311Z","run_bootstrap",195,"http://client1:8000","run","http://client1:8000/run",1,TRUE,200,1107,252,3.91651058197021,"2026-05-22T21:43:49.390197Z","2026-05-22T21:43:53.306708Z",1779486229.3902,1779486233.30671,0.000484,0.000606,0.000647,3.894972,3.895007,3.894325,3.50000000000072e-05,3.8876,0.0289105819702149
"2026-05-22T21:43:53.311Z","run_bootstrap",195,"http://client2:8000","run","http://client2:8000/run",1,TRUE,200,1107,251,3.63715410232544,"2026-05-22T21:43:49.390807Z","2026-05-22T21:43:53.027961Z",1779486229.39081,1779486233.02796,0.000779,0.000893,0.000928,3.619573,3.619839,3.618645,0.000265999999999877,3.6121,0.0250541023254396
"2026-05-22T21:43:53.311Z","run_bootstrap",195,"http://client3:8000","run","http://client3:8000/run",1,TRUE,200,1107,253,3.62626338005066,"2026-05-22T21:43:49.391315Z","2026-05-22T21:43:53.017579Z",1779486229.39132,1779486233.01758,0.000494,0.000592,0.000633,3.605752,3.6058,3.605119,4.8000000000048e-05,3.5988,0.027463380050659
"2026-05-22T21:43:57.256Z","run_bootstrap",196,"http://client1:8000","run","http://client1:8000/run",1,TRUE,200,1107,252,3.85819530487061,"2026-05-22T21:43:53.326551Z","2026-05-22T21:43:57.184746Z",1779486233.32655,1779486237.18475,0.000624,0.000734,0.000784,3.840053,3.840203,3.839269,0.00014999999999965,3.8316,0.0265953048706056
"2026-05-22T21:43:57.256Z","run_bootstrap",196,"http://client2:8000","run","http://client2:8000/run",1,TRUE,200,1107,251,3.92140555381775,"2026-05-22T21:43:53.327473Z","2026-05-22T21:43:57.248879Z",1779486233.32747,1779486237.24888,0.000567,0.000683,0.000733,3.904064,3.904226,3.903331,0.000161999999999995,3.8948,0.026605553817749
"2026-05-22T21:43:57.256Z","run_bootstrap",196,"http://client3:8000","run","http://client3:8000/run",1,TRUE,200,1107,253,3.70764446258545,"2026-05-22T21:43:53.328153Z","2026-05-22T21:43:57.035798Z",1779486233.32815,1779486237.0358,0.000725,0.000839,0.000882,3.693886,3.69405,3.693004,0.000163999999999831,3.6851,0.0225444625854494
"2026-05-22T21:44:01.036Z","run_bootstrap",197,"http://client1:8000","run","http://client1:8000/run",1,TRUE,200,1108,251,3.758868932724,"2026-05-22T21:43:57.271388Z","2026-05-22T21:44:01.030257Z",1779486237.27139,1779486241.03026,0.000489,0.00057,0.000605,3.742493,3.742629,3.741888,0.000135999999999914,3.7343,0.0245689327239988
"2026-05-22T21:44:01.036Z","run_bootstrap",197,"http://client2:8000","run","http://client2:8000/run",1,TRUE,200,1108,252,3.53229689598083,"2026-05-22T21:43:57.271657Z","2026-05-22T21:44:00.803954Z",1779486237.27166,1779486240.80395,0.000539,0.000628,0.00066,3.516648,3.516789,3.515988,0.000141000000000169,3.4992,0.0330968959808349
"2026-05-22T21:44:01.036Z","run_bootstrap",197,"http://client3:8000","run","http://client3:8000/run",1,TRUE,200,1108,253,3.69572257995605,"2026-05-22T21:43:57.271625Z","2026-05-22T21:44:00.967348Z",1779486237.27163,1779486240.96735,0.000608,0.00072,0.000757,3.681672,3.68181,3.680915,0.000138000000000194,3.6725,0.0232225799560548
"2026-05-22T21:44:04.923Z","run_bootstrap",198,"http://client1:8000","run","http://client1:8000/run",1,TRUE,200,1108,251,3.62578749656677,"2026-05-22T21:44:01.048938Z","2026-05-22T21:44:04.674725Z",1779486241.04894,1779486244.67473,0.000527,0.000606,0.000627,3.611908,3.61205,3.611281,0.000141999999999864,3.6031,0.0226874965667725
"2026-05-22T21:44:04.923Z","run_bootstrap",198,"http://client2:8000","run","http://client2:8000/run",1,TRUE,200,1108,252,3.86945486068726,"2026-05-22T21:44:01.049034Z","2026-05-22T21:44:04.918489Z",1779486241.04903,1779486244.91849,0.000542,0.000598,0.000621,3.855514,3.855658,3.854893,0.000144000000000144,3.8474,0.0220548606872559
"2026-05-22T21:44:04.923Z","run_bootstrap",198,"http://client3:8000","run","http://client3:8000/run",1,TRUE,200,1108,253,3.686359167099,"2026-05-22T21:44:01.050789Z","2026-05-22T21:44:04.737148Z",1779486241.05079,1779486244.73715,0.000593,0.000672,0.000702,3.673401,3.673554,3.672699,0.00015300000000007,3.6603,0.0260591670989991
"2026-05-22T21:44:08.753Z","run_bootstrap",199,"http://client1:8000","run","http://client1:8000/run",1,TRUE,200,1108,251,3.81264710426331,"2026-05-22T21:44:04.934882Z","2026-05-22T21:44:08.747529Z",1779486244.93488,1779486248.74753,0.000683,0.000794,0.000828,3.797446,3.797619,3.796618,0.000173000000000201,3.7874,0.0252471042633058
"2026-05-22T21:44:08.753Z","run_bootstrap",199,"http://client2:8000","run","http://client2:8000/run",1,TRUE,200,1108,251,3.68706655502319,"2026-05-22T21:44:04.937502Z","2026-05-22T21:44:08.624568Z",1779486244.9375,1779486248.62457,0.000554,0.000643,0.000677,3.672099,3.672221,3.671422,0.000122000000000178,3.665,0.0220665550231933
"2026-05-22T21:44:08.753Z","run_bootstrap",199,"http://client3:8000","run","http://client3:8000/run",1,TRUE,200,1108,251,3.7028636932373,"2026-05-22T21:44:04.937784Z","2026-05-22T21:44:08.640648Z",1779486244.93778,1779486248.64065,0.000565,0.000645,0.000677,3.68865,3.688784,3.687973,0.000134000000000079,3.6652,0.0376636932373047
"2026-05-22T21:44:12.885Z","run_bootstrap",200,"http://client1:8000","run","http://client1:8000/run",1,TRUE,200,1108,251,3.78473973274231,"2026-05-22T21:44:08.767393Z","2026-05-22T21:44:12.552132Z",1779486248.76739,1779486252.55213,0.000592,0.000673,0.000711,3.76639,3.766419,3.765679,2.90000000000568e-05,3.5933,0.191439732742309
"2026-05-22T21:44:12.885Z","run_bootstrap",200,"http://client2:8000","run","http://client2:8000/run",1,TRUE,200,1108,252,4.11070609092712,"2026-05-22T21:44:08.767934Z","2026-05-22T21:44:12.878640Z",1779486248.76793,1779486252.87864,0.000463,0.00054,0.000568,4.092036,4.092077,4.091468,4.09999999995136e-05,3.9271,0.183606090927124
"2026-05-22T21:44:12.885Z","run_bootstrap",200,"http://client3:8000","run","http://client3:8000/run",1,TRUE,200,1108,251,3.96761775016785,"2026-05-22T21:44:08.768488Z","2026-05-22T21:44:12.736106Z",1779486248.76849,1779486252.73611,0.000542,0.000602,0.000624,3.950342,3.950375,3.949718,3.30000000001718e-05,3.7903,0.177317750167847
"2026-05-22T21:44:16.455Z","run_bootstrap",201,"http://client1:8000","run","http://client1:8000/run",1,TRUE,200,1106,251,3.44361400604248,"2026-05-22T21:44:12.906242Z","2026-05-22T21:44:16.349856Z",1779486252.90624,1779486256.34986,0.000659,0.000738,0.000778,3.42343,3.423579,3.422652,0.000148999999999955,3.4162,0.0274140060424806
"2026-05-22T21:44:16.455Z","run_bootstrap",201,"http://client2:8000","run","http://client2:8000/run",1,TRUE,200,1106,253,3.54396319389343,"2026-05-22T21:44:12.907271Z","2026-05-22T21:44:16.451234Z",1779486252.90727,1779486256.45123,0.000686,0.000747,0.000782,3.524816,3.524965,3.524034,0.000148999999999955,3.518,0.0259631938934328
"2026-05-22T21:44:16.455Z","run_bootstrap",201,"http://client3:8000","run","http://client3:8000/run",1,TRUE,200,1106,253,3.33978080749512,"2026-05-22T21:44:12.907910Z","2026-05-22T21:44:16.247691Z",1779486252.90791,1779486256.24769,0.000641,0.000738,0.000758,3.32045,3.320595,3.319692,0.00014499999999984,3.3122,0.0275808074951174
"2026-05-22T21:44:20.134Z","run_bootstrap",202,"http://client1:8000","run","http://client1:8000/run",1,TRUE,200,1106,251,3.57735300064087,"2026-05-22T21:44:16.467265Z","2026-05-22T21:44:20.044618Z",1779486256.46727,1779486260.04462,0.000639,0.000718,0.000757,3.564176,3.564308,3.563419,0.000132000000000243,3.5568,0.0205530006408692
"2026-05-22T21:44:20.134Z","run_bootstrap",202,"http://client2:8000","run","http://client2:8000/run",1,TRUE,200,1106,254,3.66243195533752,"2026-05-22T21:44:16.467910Z","2026-05-22T21:44:20.130342Z",1779486256.46791,1779486260.13034,0.000659,0.000722,0.000758,3.649847,3.649984,3.649089,0.000137000000000054,3.6432,0.0192319553375242
"2026-05-22T21:44:20.134Z","run_bootstrap",202,"http://client3:8000","run","http://client3:8000/run",1,TRUE,200,1106,253,3.53591656684875,"2026-05-22T21:44:16.469461Z","2026-05-22T21:44:20.005378Z",1779486256.46946,1779486260.00538,0.000443,0.00052,0.000557,3.522314,3.52245,3.521757,0.000135999999999914,3.5148,0.0211165668487547
"2026-05-22T21:44:23.933Z","run_bootstrap",203,"http://client1:8000","run","http://client1:8000/run",1,TRUE,200,1106,251,3.78299808502197,"2026-05-22T21:44:20.145374Z","2026-05-22T21:44:23.928372Z",1779486260.14537,1779486263.92837,0.000805,0.000891,0.000914,3.769003,3.769116,3.768089,0.000112999999999808,3.7613,0.0216980850219728
"2026-05-22T21:44:23.933Z","run_bootstrap",203,"http://client2:8000","run","http://client2:8000/run",1,TRUE,200,1106,252,3.61160516738892,"2026-05-22T21:44:20.147466Z","2026-05-22T21:44:23.759071Z",1779486260.14747,1779486263.75907,0.000601,0.000676,0.000707,3.593405,3.593571,3.592698,0.000165999999999666,3.5865,0.025105167388916
"2026-05-22T21:44:23.933Z","run_bootstrap",203,"http://client3:8000","run","http://client3:8000/run",1,TRUE,200,1106,251,3.47335743904114,"2026-05-22T21:44:20.146744Z","2026-05-22T21:44:23.620101Z",1779486260.14674,1779486263.6201,0.000668,0.000728,0.000745,3.459703,3.459781,3.458958,7.79999999998005e-05,3.4522,0.0211574390411378
"2026-05-22T21:44:27.708Z","run_bootstrap",204,"http://client1:8000","run","http://client1:8000/run",1,TRUE,200,1106,251,3.56480860710144,"2026-05-22T21:44:23.947310Z","2026-05-22T21:44:27.512119Z",1779486263.94731,1779486267.51212,0.000733,0.000809,0.000854,3.550749,3.550897,3.549895,0.000147999999999815,3.5403,0.0245086071014406
"2026-05-22T21:44:27.708Z","run_bootstrap",204,"http://client2:8000","run","http://client2:8000/run",1,TRUE,200,1106,252,3.59880471229553,"2026-05-22T21:44:23.946776Z","2026-05-22T21:44:27.545581Z",1779486263.94678,1779486267.54558,0.000686,0.000771,0.000803,3.584227,3.584317,3.583424,9.00000000001455e-05,3.5772,0.0216047122955323
"2026-05-22T21:44:27.708Z","run_bootstrap",204,"http://client3:8000","run","http://client3:8000/run",1,TRUE,200,1106,251,3.75563168525696,"2026-05-22T21:44:23.947246Z","2026-05-22T21:44:27.702878Z",1779486263.94725,1779486267.70288,0.000682,0.000756,0.000778,3.742309,3.742429,3.741531,0.000119999999999898,3.7331,0.0225316852569581
"2026-05-22T21:44:31.517Z","run_bootstrap",205,"http://client1:8000","run","http://client1:8000/run",1,TRUE,200,1107,250,3.47191071510315,"2026-05-22T21:44:27.722695Z","2026-05-22T21:44:31.194605Z",1779486267.7227,1779486271.19461,0.000585,0.000654,0.000676,3.457239,3.457387,3.456563,0.000148000000000259,3.4493,0.0226107151031494
"2026-05-22T21:44:31.517Z","run_bootstrap",205,"http://client2:8000","run","http://client2:8000/run",1,TRUE,200,1107,251,3.78700375556946,"2026-05-22T21:44:27.723634Z","2026-05-22T21:44:31.510637Z",1779486267.72363,1779486271.51064,0.00052,0.000635,0.000668,3.773398,3.773532,3.77273,0.000134000000000079,3.7654,0.0216037555694579
"2026-05-22T21:44:31.517Z","run_bootstrap",205,"http://client3:8000","run","http://client3:8000/run",1,TRUE,200,1107,252,3.4877393245697,"2026-05-22T21:44:27.723861Z","2026-05-22T21:44:31.211600Z",1779486267.72386,1779486271.2116,0.000423,0.000477,0.000495,3.474164,3.474304,3.473669,0.000140000000000029,3.4672,0.0205393245697021
"2026-05-22T21:44:35.311Z","run_bootstrap",206,"http://client1:8000","run","http://client1:8000/run",1,TRUE,200,1107,250,3.62202930450439,"2026-05-22T21:44:31.530111Z","2026-05-22T21:44:35.152140Z",1779486271.53011,1779486275.15214,0.000464,0.000556,0.000588,3.599192,3.599312,3.598604,0.000119999999999898,3.5917,0.0303293045043946
"2026-05-22T21:44:35.311Z","run_bootstrap",206,"http://client2:8000","run","http://client2:8000/run",1,TRUE,200,1107,251,3.50043916702271,"2026-05-22T21:44:31.530659Z","2026-05-22T21:44:35.031098Z",1779486271.53066,1779486275.0311,0.000417,0.000499,0.000532,3.474481,3.474599,3.473949,0.000118000000000062,3.4677,0.0327391670227053
"2026-05-22T21:44:35.311Z","run_bootstrap",206,"http://client3:8000","run","http://client3:8000/run",1,TRUE,200,1107,252,3.77577233314514,"2026-05-22T21:44:31.531306Z","2026-05-22T21:44:35.307079Z",1779486271.53131,1779486275.30708,0.000607,0.000716,0.000751,3.754974,3.755287,3.754223,0.00031300000000023,3.7479,0.0278723331451416
"2026-05-22T21:44:39.116Z","run_bootstrap",207,"http://client1:8000","run","http://client1:8000/run",1,TRUE,200,1108,250,3.78689765930176,"2026-05-22T21:44:35.325511Z","2026-05-22T21:44:39.112409Z",1779486275.32551,1779486279.11241,0.000725,0.000832,0.000867,3.771714,3.771854,3.770847,0.000140000000000029,3.7629,0.0239976593017577
"2026-05-22T21:44:39.116Z","run_bootstrap",207,"http://client2:8000","run","http://client2:8000/run",1,TRUE,200,1108,253,3.73788237571716,"2026-05-22T21:44:35.326380Z","2026-05-22T21:44:39.064262Z",1779486275.32638,1779486279.06426,0.000557,0.000644,0.000677,3.721549,3.721687,3.720872,0.000138000000000194,3.7143,0.0235823757171629
"2026-05-22T21:44:39.116Z","run_bootstrap",207,"http://client3:8000","run","http://client3:8000/run",1,TRUE,200,1108,252,3.4777512550354,"2026-05-22T21:44:35.326962Z","2026-05-22T21:44:38.804713Z",1779486275.32696,1779486278.80471,0.000485,0.000563,0.000594,3.463427,3.463591,3.462833,0.000164000000000275,3.4565,0.0212512550354003
"2026-05-22T21:44:42.914Z","run_bootstrap",208,"http://client1:8000","run","http://client1:8000/run",1,TRUE,200,1108,250,3.77766919136047,"2026-05-22T21:44:39.129408Z","2026-05-22T21:44:42.907077Z",1779486279.12941,1779486282.90708,0.000529,0.000635,0.000671,3.756572,3.756686,3.755901,0.000114000000000392,3.7483,0.0293691913604737
"2026-05-22T21:44:42.914Z","run_bootstrap",208,"http://client2:8000","run","http://client2:8000/run",1,TRUE,200,1108,253,3.52099323272705,"2026-05-22T21:44:39.130152Z","2026-05-22T21:44:42.651145Z",1779486279.13015,1779486282.65115,0.000552,0.000627,0.000657,3.503806,3.503943,3.503149,0.000137000000000054,3.4968,0.0241932327270509
"2026-05-22T21:44:42.914Z","run_bootstrap",208,"http://client3:8000","run","http://client3:8000/run",1,TRUE,200,1108,252,3.5855450630188,"2026-05-22T21:44:39.130819Z","2026-05-22T21:44:42.716364Z",1779486279.13082,1779486282.71636,0.000776,0.000856,0.000879,3.571598,3.571723,3.570719,0.000125000000000153,3.5644,0.0211450630187988
"2026-05-22T21:44:46.757Z","run_bootstrap",209,"http://client1:8000","run","http://client1:8000/run",1,TRUE,200,1108,250,3.82576656341553,"2026-05-22T21:44:42.926679Z","2026-05-22T21:44:46.752446Z",1779486282.92668,1779486286.75245,0.00071,0.000814,0.000849,3.811784,3.811881,3.810935,9.70000000002358e-05,3.8043,0.0214665634155273
"2026-05-22T21:44:46.757Z","run_bootstrap",209,"http://client2:8000","run","http://client2:8000/run",1,TRUE,200,1108,253,3.58242034912109,"2026-05-22T21:44:42.928775Z","2026-05-22T21:44:46.511195Z",1779486282.92878,1779486286.5112,0.000634,0.000718,0.000743,3.568403,3.568509,3.56766,0.000106000000000162,3.5613,0.0211203491210936
"2026-05-22T21:44:46.757Z","run_bootstrap",209,"http://client3:8000","run","http://client3:8000/run",1,TRUE,200,1108,253,3.62459063529968,"2026-05-22T21:44:42.929268Z","2026-05-22T21:44:46.553859Z",1779486282.92927,1779486286.55386,0.00055,0.000612,0.000631,3.604072,3.604197,3.603441,0.000125000000000153,3.5964,0.0281906352996826
"2026-05-22T21:44:50.611Z","run_bootstrap",210,"http://client1:8000","run","http://client1:8000/run",1,TRUE,200,1108,250,3.76557874679565,"2026-05-22T21:44:46.770542Z","2026-05-22T21:44:50.536121Z",1779486286.77054,1779486290.53612,0.000676,0.000782,0.000819,3.746779,3.746867,3.74596,8.7999999999866e-05,3.7395,0.0260787467956543
"2026-05-22T21:44:50.611Z","run_bootstrap",210,"http://client2:8000","run","http://client2:8000/run",1,TRUE,200,1108,253,3.63147521018982,"2026-05-22T21:44:46.771119Z","2026-05-22T21:44:50.402594Z",1779486286.77112,1779486290.40259,0.000516,0.00062,0.000655,3.608462,3.608609,3.607807,0.000147000000000119,3.6005,0.0309752101898195
"2026-05-22T21:44:50.611Z","run_bootstrap",210,"http://client3:8000","run","http://client3:8000/run",1,TRUE,200,1108,253,3.83453941345215,"2026-05-22T21:44:46.771664Z","2026-05-22T21:44:50.606204Z",1779486286.77166,1779486290.6062,0.000419,0.000493,0.000527,3.812178,3.812314,3.811651,0.000136000000000358,3.7909,0.0436394134521483
