"timestamp","phase","round_id","client","endpoint","url","attempt","ok","status","request_bytes","response_bytes","elapsed_sec","request_start_ts_utc","request_end_ts_utc","request_start_epoch_sec","request_end_epoch_sec","curl_namelookup_sec","curl_connect_sec","curl_pretransfer_sec","curl_starttransfer_sec","curl_total_sec","curl_ttfb_sec","curl_response_transfer_sec","client_compute_sec","net_overhead_sec"
"2026-05-21T13:13:38.950Z","init",1,"http://client1:8000","init","http://client1:8000/init",1,FALSE,NA,2372,0,0.0140542984008789,"2026-05-21T13:13:33.137065Z","2026-05-21T13:13:33.151120Z",1779369213.13707,1779369213.15112,NA,NA,NA,NA,NA,NA,NA,NA,NA
"2026-05-21T13:13:38.950Z","init",1,"http://client1:8000","init","http://client1:8000/init",1,TRUE,200,2372,63,0.349732398986816,"2026-05-21T13:13:38.201301Z","2026-05-21T13:13:38.551033Z",1779369218.2013,1779369218.55103,1.5e-05,0.000128,0.00016,0.344954,0.345003,0.344794,4.90000000000212e-05,NA,NA
"2026-05-21T13:13:38.950Z","init",1,"http://client2:8000","init","http://client2:8000/init",1,FALSE,NA,2372,0,0.0134527683258057,"2026-05-21T13:13:33.137685Z","2026-05-21T13:13:33.151138Z",1779369213.13769,1779369213.15114,NA,NA,NA,NA,NA,NA,NA,NA,NA
"2026-05-21T13:13:38.950Z","init",1,"http://client2:8000","init","http://client2:8000/init",1,TRUE,200,2372,63,0.358027219772339,"2026-05-21T13:13:38.341096Z","2026-05-21T13:13:38.699124Z",1779369218.3411,1779369218.69912,1.5e-05,0.00012,0.000145,0.352941,0.352982,0.352796,4.10000000000132e-05,NA,NA
"2026-05-21T13:13:38.950Z","init",1,"http://client3:8000","init","http://client3:8000/init",1,TRUE,200,2372,63,0.370300769805908,"2026-05-21T13:13:38.559665Z","2026-05-21T13:13:38.929966Z",1779369218.55967,1779369218.92997,0.000419,0.00053,0.000561,0.36024,0.360289,0.359679,4.90000000000212e-05,NA,NA
"2026-05-21T13:13:51.613Z","run",1,"http://client1:8000","run","http://client1:8000/run",1,TRUE,200,306,240,6.34395051002502,"2026-05-21T13:13:39.126029Z","2026-05-21T13:13:45.469979Z",1779369219.12603,1779369225.46998,0.000655,0.000772,0.000809,6.326917,6.327049,6.326108,0.000131999999999799,6.2885,0.0554505100250244
"2026-05-21T13:13:51.613Z","run",1,"http://client2:8000","run","http://client2:8000/run",1,TRUE,200,306,242,6.30387496948242,"2026-05-21T13:13:39.127292Z","2026-05-21T13:13:45.431167Z",1779369219.12729,1779369225.43117,0.000845,0.000966,0.001003,6.284751,6.284893,6.283748,0.000142000000000309,6.2454,0.0584749694824218
"2026-05-21T13:13:51.613Z","run",1,"http://client3:8000","run","http://client3:8000/run",1,TRUE,200,306,244,6.12989735603333,"2026-05-21T13:13:45.478197Z","2026-05-21T13:13:51.608094Z",1779369225.4782,1779369231.60809,0.000602,0.000709,0.000739,6.126619,6.126767,6.12588,0.000148000000000259,6.0916,0.0382973560333255
"2026-05-21T13:14:00.178Z","run",2,"http://client1:8000","run","http://client1:8000/run",1,TRUE,200,306,240,4.3959755897522,"2026-05-21T13:13:51.667780Z","2026-05-21T13:13:56.063755Z",1779369231.66778,1779369236.06376,0.000672,0.000752,0.000777,4.380753,4.380884,4.379976,0.000130999999999659,4.3359,0.0600755897521976
"2026-05-21T13:14:00.178Z","run",2,"http://client2:8000","run","http://client2:8000/run",1,TRUE,200,306,242,4.30312538146973,"2026-05-21T13:13:51.668928Z","2026-05-21T13:13:55.972054Z",1779369231.66893,1779369235.97205,0.000543,0.000612,0.000634,4.288189,4.288329,4.287555,0.000140000000000029,4.2406,0.0625253814697269
"2026-05-21T13:14:00.178Z","run",2,"http://client3:8000","run","http://client3:8000/run",1,TRUE,200,306,244,4.10244417190552,"2026-05-21T13:13:56.070659Z","2026-05-21T13:14:00.173103Z",1779369236.07066,1779369240.1731,0.00052,0.000612,0.000639,4.099018,4.099128,4.098379,0.000110000000000277,4.0529,0.0495441719055174
"2026-05-21T13:14:08.680Z","run",3,"http://client1:8000","run","http://client1:8000/run",1,TRUE,200,305,245,4.32772469520569,"2026-05-21T13:14:00.197444Z","2026-05-21T13:14:04.525169Z",1779369240.19744,1779369244.52517,0.000621,0.000754,0.000799,4.314206,4.314284,4.313407,7.79999999993564e-05,4.3093,0.0184246952056881
"2026-05-21T13:14:08.680Z","run",3,"http://client2:8000","run","http://client2:8000/run",1,TRUE,200,305,245,4.30639457702637,"2026-05-21T13:14:00.198418Z","2026-05-21T13:14:04.504813Z",1779369240.19842,1779369244.50481,0.000507,0.000594,0.000627,4.293083,4.293226,4.292456,0.00014299999999956,4.2894,0.0169945770263675
"2026-05-21T13:14:08.680Z","run",3,"http://client3:8000","run","http://client3:8000/run",1,TRUE,200,305,245,4.13926291465759,"2026-05-21T13:14:04.534918Z","2026-05-21T13:14:08.674181Z",1779369244.53492,1779369248.67418,0.000525,0.000648,0.000677,4.136039,4.13618,4.135362,0.000141000000000169,4.132,0.0072629146575931
"2026-05-21T13:14:17.492Z","run",4,"http://client1:8000","run","http://client1:8000/run",1,TRUE,200,305,245,4.46602058410645,"2026-05-21T13:14:08.698387Z","2026-05-21T13:14:13.164407Z",1779369248.69839,1779369253.16441,0.000744,0.000855,0.00089,4.452879,4.45292,4.451989,4.09999999995136e-05,4.4483,0.0177205841064456
"2026-05-21T13:14:17.492Z","run",4,"http://client2:8000","run","http://client2:8000/run",1,TRUE,200,305,245,4.4402801990509,"2026-05-21T13:14:08.700702Z","2026-05-21T13:14:13.140982Z",1779369248.7007,1779369253.14098,0.000579,0.000666,0.000698,4.426851,4.426893,4.426153,4.19999999996534e-05,4.4231,0.0171801990509035
"2026-05-21T13:14:17.492Z","run",4,"http://client3:8000","run","http://client3:8000/run",1,TRUE,200,305,246,4.31293320655823,"2026-05-21T13:14:13.172348Z","2026-05-21T13:14:17.485281Z",1779369253.17235,1779369257.48528,0.000512,0.000605,0.000634,4.309762,4.309878,4.309128,0.000116000000000227,4.3059,0.00703320655822726
"2026-05-21T13:14:26.142Z","run",5,"http://client1:8000","run","http://client1:8000/run",1,TRUE,200,306,239,4.41734504699707,"2026-05-21T13:14:17.513712Z","2026-05-21T13:14:21.931057Z",1779369257.51371,1779369261.93106,0.000782,0.000876,0.00091,4.402178,4.402221,4.401268,4.29999999997932e-05,4.3974,0.0199450469970701
"2026-05-21T13:14:26.142Z","run",5,"http://client2:8000","run","http://client2:8000/run",1,TRUE,200,306,242,4.38954091072083,"2026-05-21T13:14:17.515340Z","2026-05-21T13:14:21.904881Z",1779369257.51534,1779369261.90488,0.000544,0.000636,0.000667,4.373287,4.373333,4.37262,4.59999999993244e-05,4.3696,0.019940910720825
"2026-05-21T13:14:26.142Z","run",5,"http://client3:8000","run","http://client3:8000/run",1,TRUE,200,306,239,4.19862031936646,"2026-05-21T13:14:21.938791Z","2026-05-21T13:14:26.137411Z",1779369261.93879,1779369266.13741,0.000537,0.000655,0.000698,4.195136,4.195326,4.194438,0.000189999999999912,4.1914,0.00722031936645529
"2026-05-21T13:14:34.791Z","run",6,"http://client1:8000","run","http://client1:8000/run",1,TRUE,200,306,239,4.40891051292419,"2026-05-21T13:14:26.159678Z","2026-05-21T13:14:30.568589Z",1779369266.15968,1779369270.56859,0.000708,0.000816,0.000849,4.395005,4.395049,4.394156,4.3999999999933e-05,4.3909,0.0180105129241941
"2026-05-21T13:14:34.791Z","run",6,"http://client2:8000","run","http://client2:8000/run",1,TRUE,200,306,242,4.42736887931824,"2026-05-21T13:14:26.161706Z","2026-05-21T13:14:30.589075Z",1779369266.16171,1779369270.58908,0.000595,0.000704,0.000737,4.407445,4.407487,4.406708,4.19999999996534e-05,4.4038,0.0235688793182369
"2026-05-21T13:14:34.791Z","run",6,"http://client3:8000","run","http://client3:8000/run",1,TRUE,200,306,239,4.20665431022644,"2026-05-21T13:14:30.579417Z","2026-05-21T13:14:34.786071Z",1779369270.57942,1779369274.78607,0.000632,0.000745,0.000776,4.203143,4.203312,4.202367,0.00016900000000053,4.1987,0.00795431022644078
"2026-05-21T13:14:43.405Z","run",7,"http://client1:8000","run","http://client1:8000/run",1,TRUE,200,307,240,4.42028975486755,"2026-05-21T13:14:34.806362Z","2026-05-21T13:14:39.226652Z",1779369274.80636,1779369279.22665,0.000635,0.000761,0.000796,4.404072,4.404114,4.403276,4.19999999996534e-05,4.3992,0.0210897548675533
"2026-05-21T13:14:43.405Z","run",7,"http://client2:8000","run","http://client2:8000/run",1,TRUE,200,307,241,4.38087391853333,"2026-05-21T13:14:34.807053Z","2026-05-21T13:14:39.187927Z",1779369274.80705,1779369279.18793,0.000512,0.000632,0.000666,4.360939,4.36098,4.360273,4.09999999995136e-05,4.3573,0.0235739185333248
"2026-05-21T13:14:43.405Z","run",7,"http://client3:8000","run","http://client3:8000/run",1,TRUE,200,307,243,4.16381978988647,"2026-05-21T13:14:39.234028Z","2026-05-21T13:14:43.397848Z",1779369279.23403,1779369283.39785,0.000563,0.000672,0.000702,4.160637,4.16072,4.159935,8.30000000000553e-05,4.1565,0.0073197898864743
"2026-05-21T13:14:52.090Z","run",8,"http://client1:8000","run","http://client1:8000/run",1,TRUE,200,307,240,4.42167973518372,"2026-05-21T13:14:43.421504Z","2026-05-21T13:14:47.843183Z",1779369283.4215,1779369287.84318,0.000729,0.000839,0.000876,4.408728,4.408768,4.407852,4.0000000000262e-05,4.4042,0.0174797351837155
"2026-05-21T13:14:52.090Z","run",8,"http://client2:8000","run","http://client2:8000/run",1,TRUE,200,307,241,4.38892602920532,"2026-05-21T13:14:43.422671Z","2026-05-21T13:14:47.811597Z",1779369283.42267,1779369287.8116,0.000409,0.000499,0.000532,4.376229,4.37627,4.375697,4.09999999995136e-05,4.3728,0.0161260292053225
"2026-05-21T13:14:52.090Z","run",8,"http://client3:8000","run","http://client3:8000/run",1,TRUE,200,307,243,4.23525190353394,"2026-05-21T13:14:47.850373Z","2026-05-21T13:14:52.085624Z",1779369287.85037,1779369292.08562,0.000603,0.000703,0.000733,4.227803,4.227944,4.22707,0.000141000000000169,4.2241,0.0111519035339356
"2026-05-21T13:15:00.885Z","run",9,"http://client1:8000","run","http://client1:8000/run",1,TRUE,200,306,239,4.52965784072876,"2026-05-21T13:14:52.108567Z","2026-05-21T13:14:56.638225Z",1779369292.10857,1779369296.63823,0.000695,0.000795,0.000828,4.51413,4.51424,4.513302,0.000110000000000277,4.5101,0.0195578407287593
"2026-05-21T13:15:00.885Z","run",9,"http://client2:8000","run","http://client2:8000/run",1,TRUE,200,306,240,4.48640775680542,"2026-05-21T13:14:52.109310Z","2026-05-21T13:14:56.595718Z",1779369292.10931,1779369296.59572,0.000702,0.000807,0.00084,4.467965,4.468091,4.467125,0.000125999999999848,4.4643,0.0221077568054202
"2026-05-21T13:15:00.885Z","run",9,"http://client3:8000","run","http://client3:8000/run",1,TRUE,200,306,240,4.23510980606079,"2026-05-21T13:14:56.645944Z","2026-05-21T13:15:00.881053Z",1779369296.64594,1779369300.88105,0.000556,0.00065,0.000678,4.23177,4.231903,4.231092,0.000132999999999939,4.227,0.0081098060607907
"2026-05-21T13:15:09.653Z","run",10,"http://client1:8000","run","http://client1:8000/run",1,TRUE,200,306,239,4.4406054019928,"2026-05-21T13:15:00.903033Z","2026-05-21T13:15:05.343639Z",1779369300.90303,1779369305.34364,0.000439,0.000512,0.000533,4.425661,4.425695,4.425128,3.40000000003116e-05,4.4219,0.0187054019927979
"2026-05-21T13:15:09.653Z","run",10,"http://client2:8000","run","http://client2:8000/run",1,TRUE,200,306,240,4.38955497741699,"2026-05-21T13:15:00.903956Z","2026-05-21T13:15:05.293511Z",1779369300.90396,1779369305.29351,0.000512,0.000575,0.000592,4.375474,4.375505,4.374882,3.10000000007804e-05,4.3719,0.0176549774169921
"2026-05-21T13:15:09.653Z","run",10,"http://client3:8000","run","http://client3:8000/run",1,TRUE,200,306,239,4.2981390953064,"2026-05-21T13:15:05.350837Z","2026-05-21T13:15:09.648976Z",1779369305.35084,1779369309.64898,0.000497,0.000593,0.000629,4.294821,4.294936,4.294192,0.000115000000000087,4.29,0.00813909530639645
"2026-05-21T13:15:18.310Z","run",11,"http://client1:8000","run","http://client1:8000/run",1,TRUE,200,305,240,4.41380000114441,"2026-05-21T13:15:09.668967Z","2026-05-21T13:15:14.082767Z",1779369309.66897,1779369314.08277,0.000569,0.000658,0.00069,4.397649,4.397689,4.396959,3.99999999993739e-05,4.3939,0.0199000011444088
"2026-05-21T13:15:18.310Z","run",11,"http://client2:8000","run","http://client2:8000/run",1,TRUE,200,305,241,4.38119912147522,"2026-05-21T13:15:09.668796Z","2026-05-21T13:15:14.049995Z",1779369309.6688,1779369314.05,0.000771,0.000886,0.00092,4.36777,4.36781,4.36685,4.0000000000262e-05,4.3639,0.0172991214752196
"2026-05-21T13:15:18.310Z","run",11,"http://client3:8000","run","http://client3:8000/run",1,TRUE,200,305,240,4.21260333061218,"2026-05-21T13:15:14.090321Z","2026-05-21T13:15:18.302925Z",1779369314.09032,1779369318.30293,0.000538,0.000633,0.000662,4.20927,4.209401,4.208608,0.000130999999999659,4.2056,0.00700333061218306
"2026-05-21T13:15:26.984Z","run",12,"http://client1:8000","run","http://client1:8000/run",1,TRUE,200,305,240,4.43515372276306,"2026-05-21T13:15:18.325241Z","2026-05-21T13:15:22.760395Z",1779369318.32524,1779369322.7604,0.000744,0.000803,0.000823,4.418818,4.418862,4.417995,4.3999999999933e-05,4.4153,0.0198537227630613
"2026-05-21T13:15:26.984Z","run",12,"http://client2:8000","run","http://client2:8000/run",1,TRUE,200,305,240,4.38579392433167,"2026-05-21T13:15:18.326178Z","2026-05-21T13:15:22.711972Z",1779369318.32618,1779369322.71197,0.000571,0.000648,0.000671,4.369622,4.369663,4.368951,4.10000000004018e-05,4.366,0.0197939243316654
"2026-05-21T13:15:26.984Z","run",12,"http://client3:8000","run","http://client3:8000/run",1,TRUE,200,305,240,4.20623421669006,"2026-05-21T13:15:22.772123Z","2026-05-21T13:15:26.978357Z",1779369322.77212,1779369326.97836,0.000571,0.000674,0.000705,4.20221,4.202242,4.201505,3.2000000000032e-05,4.1985,0.00773421669006336
"2026-05-21T13:15:35.612Z","run",13,"http://client1:8000","run","http://client1:8000/run",1,TRUE,200,307,240,4.42391800880432,"2026-05-21T13:15:27.003473Z","2026-05-21T13:15:31.427391Z",1779369327.00347,1779369331.42739,0.00054,0.000601,0.000622,4.408552,4.408594,4.40793,4.19999999996534e-05,4.4051,0.0188180088043213
"2026-05-21T13:15:35.612Z","run",13,"http://client2:8000","run","http://client2:8000/run",1,TRUE,200,307,238,4.37523746490479,"2026-05-21T13:15:27.004186Z","2026-05-21T13:15:31.379423Z",1779369327.00419,1779369331.37942,0.000518,0.000595,0.000616,4.35957,4.359612,4.358954,4.20000000005416e-05,4.356,0.0192374649047853
"2026-05-21T13:15:35.612Z","run",13,"http://client3:8000","run","http://client3:8000/run",1,TRUE,200,307,240,4.1730797290802,"2026-05-21T13:15:31.434577Z","2026-05-21T13:15:35.607657Z",1779369331.43458,1779369335.60766,0.000554,0.000645,0.000673,4.170159,4.170271,4.169486,0.000111999999999668,4.1658,0.00727972908020025
"2026-05-21T13:15:44.113Z","run",14,"http://client1:8000","run","http://client1:8000/run",1,TRUE,200,307,240,4.29676103591919,"2026-05-21T13:15:35.628294Z","2026-05-21T13:15:39.925055Z",1779369335.62829,1779369339.92506,0.000661,0.000783,0.000817,4.283143,4.283183,4.282326,4.0000000000262e-05,4.2783,0.0184610359191897
"2026-05-21T13:15:44.113Z","run",14,"http://client2:8000","run","http://client2:8000/run",1,TRUE,200,307,239,4.27291202545166,"2026-05-21T13:15:35.629284Z","2026-05-21T13:15:39.902196Z",1779369335.62928,1779369339.9022,0.000612,0.000724,0.000762,4.259968,4.260002,4.259206,3.40000000003116e-05,4.2561,0.0168120254516602
"2026-05-21T13:15:44.113Z","run",14,"http://client3:8000","run","http://client3:8000/run",1,TRUE,200,307,240,4.17491483688354,"2026-05-21T13:15:39.932236Z","2026-05-21T13:15:44.107151Z",1779369339.93224,1779369344.10715,0.00057,0.000672,0.000702,4.171494,4.171633,4.170792,0.000138999999999889,4.1673,0.00761483688354492
"2026-05-21T13:15:52.340Z","run",15,"http://client1:8000","run","http://client1:8000/run",1,TRUE,200,306,238,4.18685555458069,"2026-05-21T13:15:44.128042Z","2026-05-21T13:15:48.314898Z",1779369344.12804,1779369348.3149,0.000643,0.000735,0.000757,4.173489,4.173524,4.172732,3.49999999995632e-05,4.1698,0.0170555545806881
"2026-05-21T13:15:52.340Z","run",15,"http://client2:8000","run","http://client2:8000/run",1,TRUE,200,306,242,4.13424062728882,"2026-05-21T13:15:44.127887Z","2026-05-21T13:15:48.262128Z",1779369344.12789,1779369348.26213,0.000579,0.000688,0.000723,4.121412,4.121453,4.120689,4.09999999995136e-05,4.1165,0.0177406272888181
"2026-05-21T13:15:52.340Z","run",15,"http://client3:8000","run","http://client3:8000/run",1,TRUE,200,306,242,4.01322674751282,"2026-05-21T13:15:48.321820Z","2026-05-21T13:15:52.335047Z",1779369348.32182,1779369352.33505,0.000522,0.00062,0.000648,4.010064,4.010178,4.009416,0.000113999999999947,4.006,0.00722674751281716
"2026-05-21T13:16:00.753Z","run",16,"http://client1:8000","run","http://client1:8000/run",1,TRUE,200,306,238,4.22618746757507,"2026-05-21T13:15:52.355354Z","2026-05-21T13:15:56.581541Z",1779369352.35535,1779369356.58154,0.000548,0.000635,0.000669,4.205352,4.205406,4.204683,5.39999999995544e-05,4.2014,0.0247874675750737
"2026-05-21T13:16:00.753Z","run",16,"http://client2:8000","run","http://client2:8000/run",1,TRUE,200,306,242,4.19458103179932,"2026-05-21T13:15:52.355956Z","2026-05-21T13:15:56.550537Z",1779369352.35596,1779369356.55054,0.000424,0.000508,0.000532,4.173032,4.173077,4.1725,4.50000000000728e-05,4.1683,0.0262810317993161
"2026-05-21T13:16:00.753Z","run",16,"http://client3:8000","run","http://client3:8000/run",1,TRUE,200,306,243,4.15459775924683,"2026-05-21T13:15:56.589164Z","2026-05-21T13:16:00.743762Z",1779369356.58916,1779369360.74376,0.000541,0.000643,0.000672,4.151081,4.151248,4.150409,0.00016700000000025,4.1469,0.00769775924682659
"2026-05-21T13:16:09.184Z","run",17,"http://client1:8000","run","http://client1:8000/run",1,TRUE,200,306,240,4.2644636631012,"2026-05-21T13:16:00.771575Z","2026-05-21T13:16:05.036038Z",1779369360.77158,1779369365.03604,0.000641,0.000715,0.000736,4.251608,4.251643,4.250872,3.49999999995632e-05,4.2467,0.0177636631011966
"2026-05-21T13:16:09.184Z","run",17,"http://client2:8000","run","http://client2:8000/run",1,TRUE,200,306,240,4.25372624397278,"2026-05-21T13:16:00.773233Z","2026-05-21T13:16:05.026959Z",1779369360.77323,1779369365.02696,0.000508,0.000588,0.00062,4.237223,4.237266,4.236603,4.29999999997932e-05,4.2335,0.0202262439727781
"2026-05-21T13:16:09.184Z","run",17,"http://client3:8000","run","http://client3:8000/run",1,TRUE,200,306,242,4.13689160346985,"2026-05-21T13:16:05.043077Z","2026-05-21T13:16:09.179969Z",1779369365.04308,1779369369.17997,0.000725,0.000805,0.000822,4.13391,4.134035,4.133088,0.000124999999999709,4.1301,0.00679160346984897
"2026-05-21T13:16:17.622Z","run",18,"http://client1:8000","run","http://client1:8000/run",1,TRUE,200,306,240,4.33786225318909,"2026-05-21T13:16:09.200133Z","2026-05-21T13:16:13.537996Z",1779369369.20013,1779369373.538,0.000572,0.000671,0.000704,4.324297,4.32434,4.323593,4.30000000006814e-05,4.3204,0.0174622531890867
"2026-05-21T13:16:17.622Z","run",18,"http://client2:8000","run","http://client2:8000/run",1,TRUE,200,306,240,4.31734299659729,"2026-05-21T13:16:09.202254Z","2026-05-21T13:16:13.519597Z",1779369369.20225,1779369373.5196,0.000575,0.000698,0.000735,4.302556,4.30261,4.301821,5.39999999995544e-05,4.2986,0.0187429965972896
"2026-05-21T13:16:17.622Z","run",18,"http://client3:8000","run","http://client3:8000/run",1,TRUE,200,306,242,4.07079553604126,"2026-05-21T13:16:13.546406Z","2026-05-21T13:16:17.617202Z",1779369373.54641,1779369377.6172,0.000644,0.000749,0.000777,4.067607,4.067737,4.06683,0.000130000000000408,4.0633,0.00749553604125985
"2026-05-21T13:16:26.079Z","run",19,"http://client1:8000","run","http://client1:8000/run",1,TRUE,200,307,240,4.30474781990051,"2026-05-21T13:16:17.636895Z","2026-05-21T13:16:21.941643Z",1779369377.6369,1779369381.94164,0.00077,0.000888,0.000923,4.291581,4.291621,4.290658,4.0000000000262e-05,4.2866,0.0181478199005127
"2026-05-21T13:16:26.079Z","run",19,"http://client2:8000","run","http://client2:8000/run",1,TRUE,200,307,240,4.25714159011841,"2026-05-21T13:16:17.638915Z","2026-05-21T13:16:21.896056Z",1779369377.63892,1779369381.89606,0.000478,0.000594,0.00063,4.242456,4.242498,4.241826,4.20000000005416e-05,4.2386,0.0185415901184083
"2026-05-21T13:16:26.079Z","run",19,"http://client3:8000","run","http://client3:8000/run",1,TRUE,200,307,241,4.12455248832703,"2026-05-21T13:16:21.949935Z","2026-05-21T13:16:26.074488Z",1779369381.94994,1779369386.07449,0.000538,0.000666,0.000697,4.121311,4.121448,4.120614,0.00013699999999961,4.1166,0.00795248832702633
"2026-05-21T13:16:34.820Z","run",20,"http://client1:8000","run","http://client1:8000/run",1,TRUE,200,307,239,4.44435334205627,"2026-05-21T13:16:26.094238Z","2026-05-21T13:16:30.538591Z",1779369386.09424,1779369390.53859,0.000762,0.000873,0.000908,4.425581,4.425624,4.424673,4.29999999997932e-05,4.274,0.170353342056274
"2026-05-21T13:16:34.820Z","run",20,"http://client2:8000","run","http://client2:8000/run",1,TRUE,200,307,240,4.42540621757507,"2026-05-21T13:16:26.095268Z","2026-05-21T13:16:30.520675Z",1779369386.09527,1779369390.52068,0.000605,0.000726,0.000762,4.406205,4.406244,4.405443,3.90000000001223e-05,4.2549,0.170506217575073
"2026-05-21T13:16:34.820Z","run",20,"http://client3:8000","run","http://client3:8000/run",1,TRUE,200,307,241,4.26936483383179,"2026-05-21T13:16:30.546772Z","2026-05-21T13:16:34.816137Z",1779369390.54677,1779369394.81614,0.000589,0.000679,0.000707,4.265657,4.265788,4.26495,0.000130999999999659,4.1164,0.152964833831787
"2026-05-21T13:16:43.099Z","run",21,"http://client1:8000","run","http://client1:8000/run",1,TRUE,200,305,238,4.21770215034485,"2026-05-21T13:16:34.837675Z","2026-05-21T13:16:39.055377Z",1779369394.83768,1779369399.05538,0.000641,0.000749,0.000784,4.204441,4.204483,4.203657,4.19999999996534e-05,4.2008,0.0169021503448485
"2026-05-21T13:16:43.099Z","run",21,"http://client2:8000","run","http://client2:8000/run",1,TRUE,200,305,242,4.19117188453674,"2026-05-21T13:16:34.839413Z","2026-05-21T13:16:39.030585Z",1779369394.83941,1779369399.03059,0.000587,0.000707,0.000744,4.178727,4.178778,4.177983,5.10000000000232e-05,4.1754,0.0157718845367434
"2026-05-21T13:16:43.099Z","run",21,"http://client3:8000","run","http://client3:8000/run",1,TRUE,200,305,240,4.03187108039856,"2026-05-21T13:16:39.062592Z","2026-05-21T13:16:43.094463Z",1779369399.06259,1779369403.09446,0.000532,0.000645,0.000676,4.028281,4.028424,4.027605,0.000143000000000448,4.0248,0.00707108039855964
"2026-05-21T13:16:51.468Z","run",22,"http://client1:8000","run","http://client1:8000/run",1,TRUE,200,305,238,4.25621557235718,"2026-05-21T13:16:43.115927Z","2026-05-21T13:16:47.372143Z",1779369403.11593,1779369407.37214,0.000683,0.00079,0.000825,4.239309,4.23935,4.238484,4.09999999995136e-05,4.2353,0.0209155723571781
"2026-05-21T13:16:51.468Z","run",22,"http://client2:8000","run","http://client2:8000/run",1,TRUE,200,305,242,4.23260903358459,"2026-05-21T13:16:43.116680Z","2026-05-21T13:16:47.349289Z",1779369403.11668,1779369407.34929,0.000455,0.000525,0.000554,4.215352,4.215395,4.214798,4.29999999997932e-05,4.2116,0.0210090335845949
"2026-05-21T13:16:51.468Z","run",22,"http://client3:8000","run","http://client3:8000/run",1,TRUE,200,305,240,4.08306360244751,"2026-05-21T13:16:47.379232Z","2026-05-21T13:16:51.462296Z",1779369407.37923,1779369411.4623,0.000559,0.00066,0.00069,4.079689,4.079826,4.078999,0.00013699999999961,4.0758,0.00726360244750968
"2026-05-21T13:16:59.866Z","run",23,"http://client1:8000","run","http://client1:8000/run",1,TRUE,200,305,236,4.27529740333557,"2026-05-21T13:16:51.483191Z","2026-05-21T13:16:55.758488Z",1779369411.48319,1779369415.75849,0.000514,0.000617,0.000651,4.258264,4.258306,4.257613,4.20000000005416e-05,4.2542,0.0210974033355713
"2026-05-21T13:16:59.866Z","run",23,"http://client2:8000","run","http://client2:8000/run",1,TRUE,200,305,241,4.25558257102966,"2026-05-21T13:16:51.483999Z","2026-05-21T13:16:55.739582Z",1779369411.484,1779369415.73958,0.000715,0.000829,0.000864,4.236306,4.236358,4.235442,5.2000000000163e-05,4.2324,0.0231825710296629
"2026-05-21T13:16:59.866Z","run",23,"http://client3:8000","run","http://client3:8000/run",1,TRUE,200,305,242,4.09588170051575,"2026-05-21T13:16:55.765329Z","2026-05-21T13:16:59.861211Z",1779369415.76533,1779369419.86121,0.000593,0.000695,0.000725,4.092716,4.092831,4.091991,0.000115000000000087,4.0889,0.00698170051574731
"2026-05-21T13:17:08.309Z","run",24,"http://client1:8000","run","http://client1:8000/run",1,TRUE,200,305,234,4.29637718200684,"2026-05-21T13:16:59.886210Z","2026-05-21T13:17:04.182588Z",1779369419.88621,1779369424.18259,0.000742,0.000804,0.000824,4.283732,4.283764,4.282908,3.2000000000032e-05,4.28,0.0163771820068357
"2026-05-21T13:17:08.309Z","run",24,"http://client2:8000","run","http://client2:8000/run",1,TRUE,200,305,241,4.27595734596252,"2026-05-21T13:16:59.887058Z","2026-05-21T13:17:04.163015Z",1779369419.88706,1779369424.16302,0.000486,0.000573,0.000595,4.264113,4.264148,4.263518,3.49999999995632e-05,4.2604,0.0155573459625247
"2026-05-21T13:17:08.309Z","run",24,"http://client3:8000","run","http://client3:8000/run",1,TRUE,200,305,242,4.10893321037292,"2026-05-21T13:17:04.190198Z","2026-05-21T13:17:08.299132Z",1779369424.1902,1779369428.29913,0.000605,0.000744,0.000774,4.105555,4.105721,4.104781,0.000166000000000111,4.1007,0.00823321037292502
"2026-05-21T13:17:16.762Z","run",25,"http://client1:8000","run","http://client1:8000/run",1,TRUE,200,306,236,4.29735636711121,"2026-05-21T13:17:08.329806Z","2026-05-21T13:17:12.627163Z",1779369428.32981,1779369432.62716,0.000747,0.000834,0.000857,4.282797,4.282827,4.28194,2.99999999997524e-05,4.2788,0.0185563671112057
"2026-05-21T13:17:16.762Z","run",25,"http://client2:8000","run","http://client2:8000/run",1,TRUE,200,306,242,4.26284527778625,"2026-05-21T13:17:08.330721Z","2026-05-21T13:17:12.593566Z",1779369428.33072,1779369432.59357,0.000566,0.000653,0.000688,4.244932,4.244989,4.244244,5.69999999999737e-05,4.2403,0.0225452777862545
"2026-05-21T13:17:16.762Z","run",25,"http://client3:8000","run","http://client3:8000/run",1,TRUE,200,306,242,4.1230936050415,"2026-05-21T13:17:12.634715Z","2026-05-21T13:17:16.757809Z",1779369432.63472,1779369436.75781,0.000653,0.00075,0.000769,4.120132,4.120267,4.119363,0.000135000000000218,4.1153,0.0077936050415035
"2026-05-21T13:17:25.211Z","run",26,"http://client1:8000","run","http://client1:8000/run",1,TRUE,200,306,236,4.30667161941528,"2026-05-21T13:17:16.777474Z","2026-05-21T13:17:21.084146Z",1779369436.77747,1779369441.08415,0.000639,0.00073,0.000756,4.293393,4.293438,4.292637,4.50000000000728e-05,4.2861,0.020571619415283
"2026-05-21T13:17:25.211Z","run",26,"http://client2:8000","run","http://client2:8000/run",1,TRUE,200,306,242,4.29614639282227,"2026-05-21T13:17:16.779522Z","2026-05-21T13:17:21.075668Z",1779369436.77952,1779369441.07567,0.000545,0.000626,0.000655,4.281419,4.281459,4.280764,4.0000000000262e-05,4.2761,0.0200463928222661
"2026-05-21T13:17:25.211Z","run",26,"http://client3:8000","run","http://client3:8000/run",1,TRUE,200,306,242,4.11417841911316,"2026-05-21T13:17:21.091459Z","2026-05-21T13:17:25.205637Z",1779369441.09146,1779369445.20564,0.000611,0.000706,0.000735,4.110907,4.111053,4.110172,0.000145999999999979,4.1059,0.00827841911315907
"2026-05-21T13:17:33.691Z","run",27,"http://client1:8000","run","http://client1:8000/run",1,TRUE,200,304,239,4.31111407279968,"2026-05-21T13:17:25.227212Z","2026-05-21T13:17:29.538326Z",1779369445.22721,1779369449.53833,0.000645,0.000804,0.000851,4.298202,4.298238,4.297351,3.59999999997029e-05,4.2926,0.0185140727996824
"2026-05-21T13:17:33.691Z","run",27,"http://client2:8000","run","http://client2:8000/run",1,TRUE,200,304,239,4.27578496932983,"2026-05-21T13:17:25.227929Z","2026-05-21T13:17:29.503714Z",1779369445.22793,1779369449.50371,0.000669,0.000763,0.000793,4.261698,4.261739,4.260905,4.10000000004018e-05,4.2573,0.0184849693298341
"2026-05-21T13:17:33.691Z","run",27,"http://client3:8000","run","http://client3:8000/run",1,TRUE,200,304,240,4.13525390625,"2026-05-21T13:17:29.545267Z","2026-05-21T13:17:33.680521Z",1779369449.54527,1779369453.68052,0.000562,0.000665,0.000693,4.132087,4.132203,4.131394,0.000115999999999339,4.1281,0.00715390625000012
"2026-05-21T13:17:42.189Z","run",28,"http://client1:8000","run","http://client1:8000/run",1,TRUE,200,304,239,4.32959961891174,"2026-05-21T13:17:33.710345Z","2026-05-21T13:17:38.039944Z",1779369453.71035,1779369458.03994,0.000605,0.000714,0.000748,4.311921,4.31213,4.311173,0.000208999999999904,4.3079,0.0216996189117431
"2026-05-21T13:17:42.189Z","run",28,"http://client2:8000","run","http://client2:8000/run",1,TRUE,200,304,239,4.29148197174072,"2026-05-21T13:17:33.711087Z","2026-05-21T13:17:38.002569Z",1779369453.71109,1779369458.00257,0.000621,0.000739,0.000788,4.275059,4.275114,4.274271,5.50000000005824e-05,4.2707,0.0207819717407229
"2026-05-21T13:17:42.189Z","run",28,"http://client3:8000","run","http://client3:8000/run",1,TRUE,200,304,240,4.1353075504303,"2026-05-21T13:17:38.046928Z","2026-05-21T13:17:42.182236Z",1779369458.04693,1779369462.18224,0.000595,0.000693,0.000721,4.131913,4.131974,4.131192,6.09999999996447e-05,4.1279,0.0074075504302975
"2026-05-21T13:17:50.738Z","run",29,"http://client1:8000","run","http://client1:8000/run",1,TRUE,200,307,240,4.34829020500183,"2026-05-21T13:17:42.205420Z","2026-05-21T13:17:46.553711Z",1779369462.20542,1779369466.55371,0.000795,0.000874,0.000904,4.334784,4.334827,4.33388,4.29999999997932e-05,4.3304,0.017890205001831
"2026-05-21T13:17:50.738Z","run",29,"http://client2:8000","run","http://client2:8000/run",1,TRUE,200,307,240,4.32226061820984,"2026-05-21T13:17:42.205591Z","2026-05-21T13:17:46.527851Z",1779369462.20559,1779369466.52785,0.000702,0.000804,0.000841,4.308493,4.308535,4.307652,4.19999999996534e-05,4.3042,0.0180606182098391
"2026-05-21T13:17:50.738Z","run",29,"http://client3:8000","run","http://client3:8000/run",1,TRUE,200,307,242,4.16947388648987,"2026-05-21T13:17:46.561226Z","2026-05-21T13:17:50.730700Z",1779369466.56123,1779369470.7307,0.000556,0.00067,0.000702,4.165898,4.166053,4.165196,0.000154999999999461,4.1613,0.00817388648986839
"2026-05-21T13:17:59.317Z","run",30,"http://client1:8000","run","http://client1:8000/run",1,TRUE,200,307,240,4.3801383972168,"2026-05-21T13:17:50.754433Z","2026-05-21T13:17:55.134571Z",1779369470.75443,1779369475.13457,0.000846,0.000958,0.000993,4.367033,4.367074,4.36604,4.09999999995136e-05,4.3627,0.0174383972167966
"2026-05-21T13:17:59.317Z","run",30,"http://client2:8000","run","http://client2:8000/run",1,TRUE,200,307,240,4.32409429550171,"2026-05-21T13:17:50.756068Z","2026-05-21T13:17:55.080163Z",1779369470.75607,1779369475.08016,0.000611,0.000722,0.000757,4.311113,4.311163,4.310356,4.99999999998835e-05,4.3066,0.0174942955017086
"2026-05-21T13:17:59.317Z","run",30,"http://client3:8000","run","http://client3:8000/run",1,TRUE,200,307,242,4.16867065429688,"2026-05-21T13:17:55.141548Z","2026-05-21T13:17:59.310219Z",1779369475.14155,1779369479.31022,0.000562,0.000673,0.000703,4.165462,4.165601,4.164759,0.000138999999999889,4.1617,0.00697065429687527
"2026-05-21T13:18:07.941Z","run",31,"http://client1:8000","run","http://client1:8000/run",1,TRUE,200,306,239,4.39459776878357,"2026-05-21T13:17:59.331662Z","2026-05-21T13:18:03.726259Z",1779369479.33166,1779369483.72626,0.000653,0.000764,0.000799,4.382259,4.382302,4.38146,4.29999999997932e-05,4.3778,0.0167977687835696
"2026-05-21T13:18:07.941Z","run",31,"http://client2:8000","run","http://client2:8000/run",1,TRUE,200,306,241,4.37126421928406,"2026-05-21T13:17:59.333264Z","2026-05-21T13:18:03.704529Z",1779369479.33326,1779369483.70453,0.000513,0.000641,0.000679,4.355223,4.355265,4.354544,4.20000000005416e-05,4.3514,0.0198642192840577
"2026-05-21T13:18:07.941Z","run",31,"http://client3:8000","run","http://client3:8000/run",1,TRUE,200,306,239,4.20260310173035,"2026-05-21T13:18:03.733031Z","2026-05-21T13:18:07.935635Z",1779369483.73303,1779369487.93564,0.000538,0.000641,0.000671,4.195082,4.195111,4.194411,2.89999999996127e-05,4.1902,0.0124031017303468
"2026-05-21T13:18:16.536Z","run",32,"http://client1:8000","run","http://client1:8000/run",1,TRUE,200,306,239,4.38697791099548,"2026-05-21T13:18:07.959933Z","2026-05-21T13:18:12.346910Z",1779369487.95993,1779369492.34691,0.000684,0.000746,0.000764,4.374501,4.374537,4.373737,3.59999999997029e-05,4.3693,0.0176779109954834
"2026-05-21T13:18:16.536Z","run",32,"http://client2:8000","run","http://client2:8000/run",1,TRUE,200,306,241,4.34463286399841,"2026-05-21T13:18:07.960561Z","2026-05-21T13:18:12.305194Z",1779369487.96056,1779369492.30519,0.000638,0.000708,0.00073,4.332774,4.332808,4.332044,3.40000000003116e-05,4.3274,0.0172328639984132
"2026-05-21T13:18:16.536Z","run",32,"http://client3:8000","run","http://client3:8000/run",1,TRUE,200,306,239,4.17566204071045,"2026-05-21T13:18:12.354140Z","2026-05-21T13:18:16.529802Z",1779369492.35414,1779369496.5298,0.000486,0.00059,0.00062,4.172123,4.172242,4.171503,0.000118999999999758,4.1665,0.00916204071044913
"2026-05-21T13:18:25.177Z","run",33,"http://client1:8000","run","http://client1:8000/run",1,TRUE,200,304,239,4.40060758590698,"2026-05-21T13:18:16.551616Z","2026-05-21T13:18:20.952223Z",1779369496.55162,1779369500.95222,0.000743,0.00085,0.000884,4.387139,4.38718,4.386255,4.09999999995136e-05,4.3825,0.0181075859069821
"2026-05-21T13:18:25.177Z","run",33,"http://client2:8000","run","http://client2:8000/run",1,TRUE,200,304,239,4.36063718795776,"2026-05-21T13:18:16.552577Z","2026-05-21T13:18:20.913215Z",1779369496.55258,1779369500.91322,0.000527,0.000615,0.000657,4.347246,4.347289,4.346589,4.29999999997932e-05,4.3416,0.019037187957764
"2026-05-21T13:18:25.177Z","run",33,"http://client3:8000","run","http://client3:8000/run",1,TRUE,200,304,235,4.21005535125732,"2026-05-21T13:18:20.962026Z","2026-05-21T13:18:25.172081Z",1779369500.96203,1779369505.17208,0.000559,0.000663,0.000692,4.206595,4.206741,4.205903,0.000145999999999979,4.2005,0.00955535125732432
"2026-05-21T13:18:33.818Z","run",34,"http://client1:8000","run","http://client1:8000/run",1,TRUE,200,304,238,4.40501546859741,"2026-05-21T13:18:25.192149Z","2026-05-21T13:18:29.597164Z",1779369505.19215,1779369509.59716,0.000598,0.000703,0.000737,4.391929,4.391971,4.391192,4.19999999996534e-05,4.388,0.0170154685974122
"2026-05-21T13:18:33.818Z","run",34,"http://client2:8000","run","http://client2:8000/run",1,TRUE,200,304,239,4.38158106803894,"2026-05-21T13:18:25.194019Z","2026-05-21T13:18:29.575600Z",1779369505.19402,1779369509.5756,0.000676,0.000793,0.000828,4.365986,4.366029,4.365158,4.29999999997932e-05,4.3605,0.0210810680389404
"2026-05-21T13:18:33.818Z","run",34,"http://client3:8000","run","http://client3:8000/run",1,TRUE,200,304,235,4.20532965660095,"2026-05-21T13:18:29.606920Z","2026-05-21T13:18:33.812249Z",1779369509.60692,1779369513.81225,0.000575,0.000707,0.000738,4.202102,4.202245,4.201364,0.00014299999999956,4.1978,0.00752965660095217
"2026-05-21T13:18:42.493Z","run",35,"http://client1:8000","run","http://client1:8000/run",1,TRUE,200,307,238,4.41138386726379,"2026-05-21T13:18:33.831597Z","2026-05-21T13:18:38.242980Z",1779369513.8316,1779369518.24298,0.00062,0.000727,0.000761,4.398312,4.398362,4.397551,4.99999999998835e-05,4.3936,0.0177838672637938
"2026-05-21T13:18:42.493Z","run",35,"http://client2:8000","run","http://client2:8000/run",1,TRUE,200,307,240,4.39224004745483,"2026-05-21T13:18:33.833163Z","2026-05-21T13:18:38.225404Z",1779369513.83316,1779369518.2254,0.000569,0.000798,0.000843,4.379483,4.379526,4.37864,4.30000000006814e-05,4.3756,0.0166400474548336
"2026-05-21T13:18:42.493Z","run",35,"http://client3:8000","run","http://client3:8000/run",1,TRUE,200,307,239,4.23198556900024,"2026-05-21T13:18:38.255250Z","2026-05-21T13:18:42.487236Z",1779369518.25525,1779369522.48724,0.00052,0.00063,0.000678,4.228006,4.228154,4.227328,0.000148000000000259,4.2233,0.00868556900024409
"2026-05-21T13:18:51.178Z","run",36,"http://client1:8000","run","http://client1:8000/run",1,TRUE,200,307,238,4.4312002658844,"2026-05-21T13:18:42.512740Z","2026-05-21T13:18:46.943940Z",1779369522.51274,1779369526.94394,0.000565,0.000642,0.000672,4.413508,4.413557,4.412836,4.89999999997437e-05,4.4095,0.021700265884399
"2026-05-21T13:18:51.178Z","run",36,"http://client2:8000","run","http://client2:8000/run",1,TRUE,200,307,240,4.37888479232788,"2026-05-21T13:18:42.513468Z","2026-05-21T13:18:46.892352Z",1779369522.51347,1779369526.89235,0.000759,0.000849,0.000871,4.36473,4.364765,4.363859,3.50000000004513e-05,4.3599,0.0189847923278812
"2026-05-21T13:18:51.178Z","run",36,"http://client3:8000","run","http://client3:8000/run",1,TRUE,200,307,239,4.21677184104919,"2026-05-21T13:18:46.953751Z","2026-05-21T13:18:51.170523Z",1779369526.95375,1779369531.17052,0.000409,0.000516,0.000546,4.213322,4.213464,4.212776,0.000142000000000309,4.2095,0.00727184104919409
"2026-05-21T13:18:59.903Z","run",37,"http://client1:8000","run","http://client1:8000/run",1,TRUE,200,305,240,4.44453859329224,"2026-05-21T13:18:51.199390Z","2026-05-21T13:18:55.643929Z",1779369531.19939,1779369535.64393,0.000593,0.000767,0.000809,4.429925,4.429966,4.429116,4.10000000004018e-05,4.4257,0.0188385932922364
"2026-05-21T13:18:59.903Z","run",37,"http://client2:8000","run","http://client2:8000/run",1,TRUE,200,305,240,4.40687441825867,"2026-05-21T13:18:51.200165Z","2026-05-21T13:18:55.607040Z",1779369531.20017,1779369535.60704,0.000569,0.000688,0.000722,4.393032,4.393071,4.39231,3.90000000001223e-05,4.3888,0.0180744182586672
"2026-05-21T13:18:59.903Z","run",37,"http://client3:8000","run","http://client3:8000/run",1,TRUE,200,305,237,4.2439136505127,"2026-05-21T13:18:55.652065Z","2026-05-21T13:18:59.895979Z",1779369535.65207,1779369539.89598,0.000527,0.000642,0.000672,4.240776,4.240931,4.240104,0.000154999999999461,4.2356,0.0083136505126955
"2026-05-21T13:19:08.616Z","run",38,"http://client1:8000","run","http://client1:8000/run",1,TRUE,200,305,240,4.44658470153809,"2026-05-21T13:18:59.919023Z","2026-05-21T13:19:04.365607Z",1779369539.91902,1779369544.36561,0.000707,0.000811,0.000846,4.430365,4.430406,4.429519,4.09999999995136e-05,4.4242,0.022384701538086
"2026-05-21T13:19:08.616Z","run",38,"http://client2:8000","run","http://client2:8000/run",1,TRUE,200,305,240,4.39339089393616,"2026-05-21T13:18:59.919656Z","2026-05-21T13:19:04.313046Z",1779369539.91966,1779369544.31305,0.000558,0.000662,0.000697,4.377459,4.377509,4.376762,4.99999999998835e-05,4.3735,0.0198908939361573
"2026-05-21T13:19:08.616Z","run",38,"http://client3:8000","run","http://client3:8000/run",1,TRUE,200,305,237,4.2383713722229,"2026-05-21T13:19:04.372863Z","2026-05-21T13:19:08.611234Z",1779369544.37286,1779369548.61123,0.000559,0.000685,0.000715,4.235467,4.235687,4.234752,0.000220000000000553,4.2313,0.00707137222290033
"2026-05-21T13:19:17.323Z","run",39,"http://client1:8000","run","http://client1:8000/run",1,TRUE,200,306,241,4.4312858581543,"2026-05-21T13:19:08.630791Z","2026-05-21T13:19:13.062077Z",1779369548.63079,1779369553.06208,0.000669,0.000759,0.000782,4.403589,4.403613,4.402807,2.3999999999802e-05,4.3985,0.0327858581542966
"2026-05-21T13:19:17.323Z","run",39,"http://client2:8000","run","http://client2:8000/run",1,TRUE,200,306,240,4.43705797195435,"2026-05-21T13:19:08.631697Z","2026-05-21T13:19:13.068755Z",1779369548.6317,1779369553.06876,0.000722,0.000785,0.000804,4.409544,4.409594,4.40874,4.99999999998835e-05,4.4056,0.031457971954346
"2026-05-21T13:19:17.323Z","run",39,"http://client3:8000","run","http://client3:8000/run",1,TRUE,200,306,238,4.24715065956116,"2026-05-21T13:19:13.069315Z","2026-05-21T13:19:17.316466Z",1779369553.06932,1779369557.31647,0.000555,0.000671,0.000701,4.242574,4.242628,4.241873,5.39999999995544e-05,4.2386,0.0085506595611573
"2026-05-21T13:19:26.334Z","run",40,"http://client1:8000","run","http://client1:8000/run",1,TRUE,200,306,241,4.59844040870667,"2026-05-21T13:19:17.348064Z","2026-05-21T13:19:21.946505Z",1779369557.34806,1779369561.94651,0.000775,0.00087,0.000902,4.585662,4.585705,4.58476,4.29999999997932e-05,4.4375,0.160940408706665
"2026-05-21T13:19:26.334Z","run",40,"http://client2:8000","run","http://client2:8000/run",1,TRUE,200,306,240,4.52325177192688,"2026-05-21T13:19:17.347875Z","2026-05-21T13:19:21.871127Z",1779369557.34788,1779369561.87113,0.000704,0.000814,0.000854,4.510313,4.510564,4.509459,0.000250999999999557,4.3699,0.15335177192688
"2026-05-21T13:19:26.334Z","run",40,"http://client3:8000","run","http://client3:8000/run",1,TRUE,200,306,238,4.37604355812073,"2026-05-21T13:19:21.953634Z","2026-05-21T13:19:26.329678Z",1779369561.95363,1779369566.32968,0.000544,0.000647,0.000676,4.37317,4.373282,4.372494,0.000111999999999668,4.2315,0.144543558120728
"2026-05-21T13:19:34.608Z","run",41,"http://client1:8000","run","http://client1:8000/run",1,TRUE,200,306,241,4.20921468734741,"2026-05-21T13:19:26.350030Z","2026-05-21T13:19:30.559244Z",1779369566.35003,1779369570.55924,0.000596,7e-04,0.000735,4.192686,4.192731,4.191951,4.50000000000728e-05,4.1891,0.0201146873474123
"2026-05-21T13:19:34.608Z","run",41,"http://client2:8000","run","http://client2:8000/run",1,TRUE,200,306,240,4.17563676834106,"2026-05-21T13:19:26.350859Z","2026-05-21T13:19:30.526496Z",1779369566.35086,1779369570.5265,0.000724,0.000835,0.00087,4.154584,4.15464,4.153714,5.5999999999834e-05,4.1501,0.0255367683410643
"2026-05-21T13:19:34.608Z","run",41,"http://client3:8000","run","http://client3:8000/run",1,TRUE,200,306,239,4.03319239616394,"2026-05-21T13:19:30.570079Z","2026-05-21T13:19:34.603271Z",1779369570.57008,1779369574.60327,0.000656,0.000773,0.000803,4.030293,4.030425,4.02949,0.000131999999999799,4.0265,0.00669239616394002
"2026-05-21T13:19:42.923Z","run",42,"http://client1:8000","run","http://client1:8000/run",1,TRUE,200,306,241,4.22294187545776,"2026-05-21T13:19:34.623384Z","2026-05-21T13:19:38.846326Z",1779369574.62338,1779369578.84633,0.000711,0.000822,0.000869,4.208629,4.208683,4.20776,5.39999999995544e-05,4.2037,0.0192418754577632
"2026-05-21T13:19:42.923Z","run",42,"http://client2:8000","run","http://client2:8000/run",1,TRUE,200,306,240,4.19694089889526,"2026-05-21T13:19:34.624961Z","2026-05-21T13:19:38.821902Z",1779369574.62496,1779369578.8219,0.000604,0.000695,0.00073,4.183962,4.18401,4.183232,4.79999999996039e-05,4.1794,0.0175408988952634
"2026-05-21T13:19:42.923Z","run",42,"http://client3:8000","run","http://client3:8000/run",1,TRUE,200,306,239,4.06452178955078,"2026-05-21T13:19:38.853614Z","2026-05-21T13:19:42.918136Z",1779369578.85361,1779369582.91814,0.000564,0.000667,0.000696,4.061295,4.061408,4.060599,0.000112999999999808,4.0574,0.00712178955078091
"2026-05-21T13:19:51.306Z","run",43,"http://client1:8000","run","http://client1:8000/run",1,TRUE,200,305,241,4.25728130340576,"2026-05-21T13:19:42.937533Z","2026-05-21T13:19:47.194814Z",1779369582.93753,1779369587.19481,0.000661,0.00077,0.000805,4.236471,4.236516,4.235666,4.50000000000728e-05,4.2317,0.0255813034057617
"2026-05-21T13:19:51.306Z","run",43,"http://client2:8000","run","http://client2:8000/run",1,TRUE,200,305,241,4.24963116645813,"2026-05-21T13:19:42.939244Z","2026-05-21T13:19:47.188875Z",1779369582.93924,1779369587.18888,0.000684,0.000802,0.000837,4.229382,4.229426,4.228545,4.3999999999933e-05,4.2248,0.0248311664581298
"2026-05-21T13:19:51.306Z","run",43,"http://client3:8000","run","http://client3:8000/run",1,TRUE,200,305,241,4.09821629524231,"2026-05-21T13:19:47.203317Z","2026-05-21T13:19:51.301533Z",1779369587.20332,1779369591.30153,0.000584,0.000732,0.000753,4.094809,4.094938,4.094056,0.000129000000000268,4.0901,0.00811629524230995
"2026-05-21T13:19:59.707Z","run",44,"http://client1:8000","run","http://client1:8000/run",1,TRUE,200,305,241,4.27782487869263,"2026-05-21T13:19:51.327189Z","2026-05-21T13:19:55.605014Z",1779369591.32719,1779369595.60501,0.000596,0.000681,0.000712,4.258002,4.258049,4.25729,4.69999999994641e-05,4.2538,0.0240248786926269
"2026-05-21T13:19:59.707Z","run",44,"http://client2:8000","run","http://client2:8000/run",1,TRUE,200,305,241,4.26215386390686,"2026-05-21T13:19:51.327949Z","2026-05-21T13:19:55.590103Z",1779369591.32795,1779369595.5901,0.000702,0.000794,0.000815,4.244175,4.244226,4.24336,5.10000000000232e-05,4.2399,0.0222538639068608
"2026-05-21T13:19:59.707Z","run",44,"http://client3:8000","run","http://client3:8000/run",1,TRUE,200,305,241,4.08976125717163,"2026-05-21T13:19:55.612470Z","2026-05-21T13:19:59.702231Z",1779369595.61247,1779369599.70223,0.000533,0.00063,0.000659,4.086359,4.086501,4.0857,0.000142000000000309,4.0821,0.00766125717163124
"2026-05-21T13:20:08.120Z","run",45,"http://client1:8000","run","http://client1:8000/run",1,TRUE,200,307,240,4.28861975669861,"2026-05-21T13:19:59.723690Z","2026-05-21T13:20:04.012310Z",1779369599.72369,1779369604.01231,0.000662,0.000784,0.000819,4.274319,4.274365,4.2735,4.60000000002125e-05,4.2703,0.0183197566986086
"2026-05-21T13:20:08.120Z","run",45,"http://client2:8000","run","http://client2:8000/run",1,TRUE,200,307,242,4.26511120796204,"2026-05-21T13:19:59.725182Z","2026-05-21T13:20:03.990293Z",1779369599.72518,1779369603.99029,0.000641,0.000772,0.000812,4.251344,4.251394,4.250532,5.00000000007716e-05,4.247,0.0181112079620362
"2026-05-21T13:20:08.120Z","run",45,"http://client3:8000","run","http://client3:8000/run",1,TRUE,200,307,243,4.0937020778656,"2026-05-21T13:20:04.021507Z","2026-05-21T13:20:08.115209Z",1779369604.02151,1779369608.11521,0.000418,0.000517,0.000547,4.090611,4.090825,4.090064,0.000213999999999714,4.0861,0.00760207786560052
"2026-05-21T13:20:16.586Z","run",46,"http://client1:8000","run","http://client1:8000/run",1,TRUE,200,307,239,4.30587029457092,"2026-05-21T13:20:08.135807Z","2026-05-21T13:20:12.441677Z",1779369608.13581,1779369612.44168,0.00056,0.000658,0.000688,4.292628,4.292675,4.29194,4.70000000003523e-05,4.288,0.0178702945709226
"2026-05-21T13:20:16.586Z","run",46,"http://client2:8000","run","http://client2:8000/run",1,TRUE,200,307,243,4.27402091026306,"2026-05-21T13:20:08.135689Z","2026-05-21T13:20:12.409709Z",1779369608.13569,1779369612.40971,0.000467,0.00055,0.000572,4.26124,4.261288,4.260668,4.80000000004921e-05,4.2573,0.0167209102630617
"2026-05-21T13:20:16.586Z","run",46,"http://client3:8000","run","http://client3:8000/run",1,TRUE,200,307,243,4.13291049003601,"2026-05-21T13:20:12.448859Z","2026-05-21T13:20:16.581770Z",1779369612.44886,1779369616.58177,0.00053,0.00064,0.00068,4.129807,4.129965,4.129127,0.000158000000000769,4.1249,0.00801049003601051
"2026-05-21T13:20:25.072Z","run",47,"http://client1:8000","run","http://client1:8000/run",1,TRUE,200,306,242,4.31003785133362,"2026-05-21T13:20:16.606227Z","2026-05-21T13:20:20.916265Z",1779369616.60623,1779369620.91627,0.000635,0.000744,0.000783,4.294467,4.29451,4.293684,4.29999999997932e-05,4.2906,0.0194378513336178
"2026-05-21T13:20:25.072Z","run",47,"http://client2:8000","run","http://client2:8000/run",1,TRUE,200,306,243,4.3024640083313,"2026-05-21T13:20:16.608502Z","2026-05-21T13:20:20.910966Z",1779369616.6085,1779369620.91097,0.000638,0.000749,0.000784,4.28853,4.288569,4.287746,3.90000000001223e-05,4.2846,0.0178640083312986
"2026-05-21T13:20:25.072Z","run",47,"http://client3:8000","run","http://client3:8000/run",1,TRUE,200,306,240,4.14113974571228,"2026-05-21T13:20:20.924875Z","2026-05-21T13:20:25.066015Z",1779369620.92488,1779369625.06602,0.00049,0.000582,0.000611,4.137916,4.138048,4.137305,0.000132000000000687,4.1331,0.0080397457122805
"2026-05-21T13:20:33.587Z","run",48,"http://client1:8000","run","http://client1:8000/run",1,TRUE,200,306,242,4.31679153442383,"2026-05-21T13:20:25.090751Z","2026-05-21T13:20:29.407543Z",1779369625.09075,1779369629.40754,0.000667,0.000736,0.000756,4.304338,4.304377,4.303582,3.89999999992341e-05,4.3003,0.0164915344238281
"2026-05-21T13:20:33.587Z","run",48,"http://client2:8000","run","http://client2:8000/run",1,TRUE,200,306,243,4.3108983039856,"2026-05-21T13:20:25.091184Z","2026-05-21T13:20:29.402082Z",1779369625.09118,1779369629.40208,0.000594,0.000707,0.000743,4.297919,4.297978,4.297176,5.89999999993651e-05,4.2939,0.0169983039855959
"2026-05-21T13:20:33.587Z","run",48,"http://client3:8000","run","http://client3:8000/run",1,TRUE,200,306,240,4.16517686843872,"2026-05-21T13:20:29.414497Z","2026-05-21T13:20:33.579674Z",1779369629.4145,1779369633.57967,0.000618,0.000727,0.000759,4.161657,4.161813,4.160898,0.000156000000000489,4.1576,0.0075768684387203
"2026-05-21T13:20:42.193Z","run",49,"http://client1:8000","run","http://client1:8000/run",1,TRUE,200,307,239,4.39851045608521,"2026-05-21T13:20:33.605322Z","2026-05-21T13:20:38.003832Z",1779369633.60532,1779369638.00383,0.000761,0.000875,0.00091,4.383341,4.38339,4.382431,4.90000000006319e-05,4.3789,0.0196104560852053
"2026-05-21T13:20:42.193Z","run",49,"http://client2:8000","run","http://client2:8000/run",1,TRUE,200,307,243,4.32214450836182,"2026-05-21T13:20:33.605961Z","2026-05-21T13:20:37.928106Z",1779369633.60596,1779369637.92811,0.000553,0.000676,0.000714,4.304552,4.304605,4.303838,5.29999999994146e-05,4.3004,0.0217445083618166
"2026-05-21T13:20:42.193Z","run",49,"http://client3:8000","run","http://client3:8000/run",1,TRUE,200,307,242,4.17172741889954,"2026-05-21T13:20:38.013905Z","2026-05-21T13:20:42.185632Z",1779369638.01391,1779369642.18563,0.000504,0.000603,0.000633,4.168206,4.168345,4.167573,0.000139000000000777,4.1643,0.00742741889953624
"2026-05-21T13:20:50.746Z","run",50,"http://client1:8000","run","http://client1:8000/run",1,TRUE,200,307,239,4.34790730476379,"2026-05-21T13:20:42.208199Z","2026-05-21T13:20:46.556107Z",1779369642.2082,1779369646.55611,0.000596,0.000682,0.000704,4.335501,4.335536,4.334797,3.50000000004513e-05,4.3314,0.0165073047637936
"2026-05-21T13:20:50.746Z","run",50,"http://client2:8000","run","http://client2:8000/run",1,TRUE,200,307,243,4.32461881637573,"2026-05-21T13:20:42.209196Z","2026-05-21T13:20:46.533814Z",1779369642.2092,1779369646.53381,0.00056,0.000618,0.000636,4.312399,4.312435,4.311763,3.59999999997029e-05,4.3089,0.015718816375732
"2026-05-21T13:20:50.746Z","run",50,"http://client3:8000","run","http://client3:8000/run",1,TRUE,200,307,242,4.17096662521362,"2026-05-21T13:20:46.562974Z","2026-05-21T13:20:50.733940Z",1779369646.56297,1779369650.73394,0.000572,0.000664,0.000693,4.167705,4.167789,4.167012,8.4000000000195e-05,4.1639,0.00706662521362311
"2026-05-21T13:20:59.391Z","run",51,"http://client1:8000","run","http://client1:8000/run",1,TRUE,200,307,239,4.41833877563477,"2026-05-21T13:20:50.765476Z","2026-05-21T13:20:55.183815Z",1779369650.76548,1779369655.18382,0.000627,0.000746,0.000784,4.401607,4.401656,4.400823,4.89999999997437e-05,4.3975,0.0208387756347657
"2026-05-21T13:20:59.391Z","run",51,"http://client2:8000","run","http://client2:8000/run",1,TRUE,200,307,240,4.34425640106201,"2026-05-21T13:20:50.764710Z","2026-05-21T13:20:55.108966Z",1779369650.76471,1779369655.10897,0.000668,0.000775,0.00081,4.328865,4.328912,4.328055,4.69999999994641e-05,4.325,0.0192564010620115
"2026-05-21T13:20:59.391Z","run",51,"http://client3:8000","run","http://client3:8000/run",1,TRUE,200,307,242,4.19222283363342,"2026-05-21T13:20:55.193881Z","2026-05-21T13:20:59.386103Z",1779369655.19388,1779369659.3861,0.000542,0.000659,0.000708,4.188971,4.189121,4.188263,0.000150000000000539,4.1844,0.00782283363342273
"2026-05-21T13:21:07.932Z","run",52,"http://client1:8000","run","http://client1:8000/run",1,TRUE,200,307,239,4.34123873710632,"2026-05-21T13:20:59.409017Z","2026-05-21T13:21:03.750256Z",1779369659.40902,1779369663.75026,0.000585,0.000694,0.000729,4.327797,4.327846,4.327068,4.89999999997437e-05,4.3238,0.0174387371063229
"2026-05-21T13:21:07.932Z","run",52,"http://client2:8000","run","http://client2:8000/run",1,TRUE,200,307,241,4.33401560783386,"2026-05-21T13:20:59.409496Z","2026-05-21T13:21:03.743511Z",1779369659.4095,1779369663.74351,0.000612,0.000693,0.000729,4.320907,4.320956,4.320178,4.89999999997437e-05,4.3169,0.0171156078338619
"2026-05-21T13:21:07.932Z","run",52,"http://client3:8000","run","http://client3:8000/run",1,TRUE,200,307,241,4.16970252990723,"2026-05-21T13:21:03.758387Z","2026-05-21T13:21:07.928089Z",1779369663.75839,1779369667.92809,0.000547,0.000638,0.000667,4.166449,4.166588,4.165782,0.000138999999999889,4.162,0.00770252990722664
"2026-05-21T13:21:16.539Z","run",53,"http://client1:8000","run","http://client1:8000/run",1,TRUE,200,306,241,4.39694452285767,"2026-05-21T13:21:07.948195Z","2026-05-21T13:21:12.345140Z",1779369667.9482,1779369672.34514,0.000701,0.000809,0.000844,4.38313,4.383183,4.382286,5.29999999994146e-05,4.3792,0.017744522857666
"2026-05-21T13:21:16.539Z","run",53,"http://client2:8000","run","http://client2:8000/run",1,TRUE,200,306,242,4.35181307792664,"2026-05-21T13:21:07.948982Z","2026-05-21T13:21:12.300796Z",1779369667.94898,1779369672.3008,0.000644,0.000711,0.000731,4.339302,4.339342,4.338571,4.0000000000262e-05,4.3356,0.0162130779266354
"2026-05-21T13:21:16.539Z","run",53,"http://client3:8000","run","http://client3:8000/run",1,TRUE,200,306,240,4.17953300476074,"2026-05-21T13:21:12.352438Z","2026-05-21T13:21:16.531971Z",1779369672.35244,1779369676.53197,0.000514,0.000619,0.000649,4.176298,4.176435,4.175649,0.00013699999999961,4.1725,0.00703300476074187
"2026-05-21T13:21:25.199Z","run",54,"http://client1:8000","run","http://client1:8000/run",1,TRUE,200,306,241,4.40025210380554,"2026-05-21T13:21:16.553767Z","2026-05-21T13:21:20.954019Z",1779369676.55377,1779369680.95402,0.000701,0.00082,0.000863,4.387854,4.388005,4.386991,0.00015099999999979,4.3834,0.016852103805542
"2026-05-21T13:21:25.199Z","run",54,"http://client2:8000","run","http://client2:8000/run",1,TRUE,200,306,242,4.36989498138428,"2026-05-21T13:21:16.554592Z","2026-05-21T13:21:20.924487Z",1779369676.55459,1779369680.92449,0.000609,0.000704,0.000736,4.35771,4.35776,4.356974,4.99999999998835e-05,4.3534,0.0164949813842776
"2026-05-21T13:21:25.199Z","run",54,"http://client3:8000","run","http://client3:8000/run",1,TRUE,200,306,240,4.22838759422302,"2026-05-21T13:21:20.960801Z","2026-05-21T13:21:25.189188Z",1779369680.9608,1779369685.18919,0.000523,0.000617,0.000646,4.220119,4.220167,4.219473,4.79999999996039e-05,4.2152,0.0131875942230222
"2026-05-21T13:21:33.857Z","run",55,"http://client1:8000","run","http://client1:8000/run",1,TRUE,200,307,241,4.4172728061676,"2026-05-21T13:21:25.219672Z","2026-05-21T13:21:29.636945Z",1779369685.21967,1779369689.63695,0.000573,0.00068,0.000722,4.399689,4.399835,4.398967,0.000145999999999979,4.3956,0.0216728061676026
"2026-05-21T13:21:33.857Z","run",55,"http://client2:8000","run","http://client2:8000/run",1,TRUE,200,307,240,4.38130354881287,"2026-05-21T13:21:25.220088Z","2026-05-21T13:21:29.601392Z",1779369685.22009,1779369689.60139,0.000575,0.00069,0.000731,4.363278,4.363313,4.362547,3.49999999995632e-05,4.3593,0.022003548812866
"2026-05-21T13:21:33.857Z","run",55,"http://client3:8000","run","http://client3:8000/run",1,TRUE,200,307,239,4.20649576187134,"2026-05-21T13:21:29.643697Z","2026-05-21T13:21:33.850192Z",1779369689.6437,1779369693.85019,0.000564,0.00069,0.000738,4.203111,4.203242,4.202373,0.000131000000000547,4.1992,0.00729576187133762
"2026-05-21T13:21:42.584Z","run",56,"http://client1:8000","run","http://client1:8000/run",1,TRUE,200,307,240,4.45021104812622,"2026-05-21T13:21:33.875797Z","2026-05-21T13:21:38.326009Z",1779369693.8758,1779369698.32601,0.000492,0.000574,0.000605,4.432992,4.433039,4.432387,4.70000000003523e-05,4.429,0.0212110481262204
"2026-05-21T13:21:42.584Z","run",56,"http://client2:8000","run","http://client2:8000/run",1,TRUE,200,307,240,4.40224385261536,"2026-05-21T13:21:33.875485Z","2026-05-21T13:21:38.277729Z",1779369693.87549,1779369698.27773,0.000768,0.000861,0.000883,4.389104,4.38916,4.388221,5.60000000007221e-05,4.3847,0.0175438526153568
"2026-05-21T13:21:42.584Z","run",56,"http://client3:8000","run","http://client3:8000/run",1,TRUE,200,307,239,4.24064087867737,"2026-05-21T13:21:38.337878Z","2026-05-21T13:21:42.578519Z",1779369698.33788,1779369702.57852,0.000538,0.000641,0.000671,4.237214,4.237348,4.236543,0.000134000000000079,4.2328,0.00784087867736805
"2026-05-21T13:21:51.317Z","run",57,"http://client1:8000","run","http://client1:8000/run",1,TRUE,200,306,241,4.44513535499573,"2026-05-21T13:21:42.599888Z","2026-05-21T13:21:47.045024Z",1779369702.59989,1779369707.04502,0.000641,0.000932,0.00099,4.431005,4.431041,4.430015,3.59999999997029e-05,4.4259,0.0192353549957271
"2026-05-21T13:21:51.317Z","run",57,"http://client2:8000","run","http://client2:8000/run",1,TRUE,200,306,240,4.44119191169739,"2026-05-21T13:21:42.600151Z","2026-05-21T13:21:47.041343Z",1779369702.60015,1779369707.04134,0.000662,0.000772,0.000807,4.427374,4.427425,4.426567,5.10000000000232e-05,4.4219,0.0192919116973878
"2026-05-21T13:21:51.317Z","run",57,"http://client3:8000","run","http://client3:8000/run",1,TRUE,200,306,239,4.25715613365173,"2026-05-21T13:21:47.052438Z","2026-05-21T13:21:51.309594Z",1779369707.05244,1779369711.30959,0.000591,0.000699,0.000729,4.253915,4.254029,4.253186,0.000113999999999947,4.2497,0.00745613365173359
"2026-05-21T13:22:00.111Z","run",58,"http://client1:8000","run","http://client1:8000/run",1,TRUE,200,306,240,4.46629953384399,"2026-05-21T13:21:51.332035Z","2026-05-21T13:21:55.798334Z",1779369711.33204,1779369715.79833,0.000782,0.000897,0.000934,4.453163,4.453216,4.452229,5.30000000003028e-05,4.448,0.0182995338439937
"2026-05-21T13:22:00.111Z","run",58,"http://client2:8000","run","http://client2:8000/run",1,TRUE,200,306,240,4.42428708076477,"2026-05-21T13:21:51.333698Z","2026-05-21T13:21:55.757985Z",1779369711.3337,1779369715.75799,0.000524,0.000598,0.000628,4.411543,4.41159,4.410915,4.70000000003523e-05,4.4063,0.0179870807647706
"2026-05-21T13:22:00.111Z","run",58,"http://client3:8000","run","http://client3:8000/run",1,TRUE,200,306,239,4.29728126525879,"2026-05-21T13:21:55.807109Z","2026-05-21T13:22:00.104390Z",1779369715.80711,1779369720.10439,0.000599,0.000701,0.000731,4.287799,4.287915,4.287068,0.000116000000000227,4.2834,0.0138812652587887
"2026-05-21T13:22:08.902Z","run",59,"http://client1:8000","run","http://client1:8000/run",1,TRUE,200,307,241,4.45449542999268,"2026-05-21T13:22:00.130942Z","2026-05-21T13:22:04.585438Z",1779369720.13094,1779369724.58544,0.000614,0.000723,0.000758,4.439553,4.439606,4.438795,5.30000000003028e-05,4.4344,0.0200954299926757
"2026-05-21T13:22:08.902Z","run",59,"http://client2:8000","run","http://client2:8000/run",1,TRUE,200,307,242,4.47769093513489,"2026-05-21T13:22:00.131989Z","2026-05-21T13:22:04.609680Z",1779369720.13199,1779369724.60968,0.000762,0.000881,0.000918,4.463616,4.463665,4.462698,4.89999999997437e-05,4.4597,0.0179909351348879
"2026-05-21T13:22:08.902Z","run",59,"http://client3:8000","run","http://client3:8000/run",1,TRUE,200,307,240,4.298495054245,"2026-05-21T13:22:04.597427Z","2026-05-21T13:22:08.895922Z",1779369724.59743,1779369728.89592,0.000591,0.000695,0.000726,4.293324,4.293455,4.292598,0.000130999999999659,4.2894,0.00909505424499546
"2026-05-21T13:22:18.046Z","run",60,"http://client1:8000","run","http://client1:8000/run",1,TRUE,200,307,241,4.64742684364319,"2026-05-21T13:22:08.918996Z","2026-05-21T13:22:13.566423Z",1779369728.919,1779369733.56642,0.000834,0.000939,0.000978,4.634287,4.63432,4.633309,3.30000000001718e-05,4.4766,0.170826843643188
"2026-05-21T13:22:18.046Z","run",60,"http://client2:8000","run","http://client2:8000/run",1,TRUE,200,307,242,4.62802171707153,"2026-05-21T13:22:08.919300Z","2026-05-21T13:22:13.547322Z",1779369728.9193,1779369733.54732,0.000767,0.000896,0.000937,4.615257,4.615306,4.61432,4.90000000006319e-05,4.4594,0.168621717071534
"2026-05-21T13:22:18.046Z","run",60,"http://client3:8000","run","http://client3:8000/run",1,TRUE,200,307,240,4.46756219863892,"2026-05-21T13:22:13.574052Z","2026-05-21T13:22:18.041615Z",1779369733.57405,1779369738.04162,0.000555,0.000643,0.000671,4.464507,4.464641,4.463836,0.000134000000000079,4.3092,0.158362198638916
"2026-05-21T13:22:26.350Z","run",61,"http://client1:8000","run","http://client1:8000/run",1,TRUE,200,306,239,4.22956490516663,"2026-05-21T13:22:18.061432Z","2026-05-21T13:22:22.290997Z",1779369738.06143,1779369742.291,0.000606,0.000715,0.000749,4.213589,4.213637,4.21284,4.80000000004921e-05,4.2099,0.0196649051666258
"2026-05-21T13:22:26.350Z","run",61,"http://client2:8000","run","http://client2:8000/run",1,TRUE,200,306,242,4.19292283058167,"2026-05-21T13:22:18.061160Z","2026-05-21T13:22:22.254082Z",1779369738.06116,1779369742.25408,0.000787,0.000906,0.00094,4.179252,4.179301,4.178312,4.89999999997437e-05,4.1754,0.0175228305816653
"2026-05-21T13:22:26.350Z","run",61,"http://client3:8000","run","http://client3:8000/run",1,TRUE,200,306,239,4.04361414909363,"2026-05-21T13:22:22.301023Z","2026-05-21T13:22:26.344637Z",1779369742.30102,1779369746.34464,0.000573,0.000675,0.000705,4.040341,4.040502,4.039636,0.0001610000000003,4.0369,0.00671414909362777
"2026-05-21T13:22:34.734Z","run",62,"http://client1:8000","run","http://client1:8000/run",1,TRUE,200,306,239,4.26055455207825,"2026-05-21T13:22:26.365796Z","2026-05-21T13:22:30.626350Z",1779369746.3658,1779369750.62635,0.000659,0.000766,0.000799,4.246946,4.24699,4.246147,4.3999999999933e-05,4.2422,0.0183545520782467
"2026-05-21T13:22:34.734Z","run",62,"http://client2:8000","run","http://client2:8000/run",1,TRUE,200,306,242,4.22981548309326,"2026-05-21T13:22:26.366687Z","2026-05-21T13:22:30.596503Z",1779369746.36669,1779369750.5965,0.00083,0.000919,0.000941,4.216426,4.216459,4.215485,3.30000000001718e-05,4.2123,0.0175154830932618
"2026-05-21T13:22:34.734Z","run",62,"http://client3:8000","run","http://client3:8000/run",1,TRUE,200,306,239,4.08362150192261,"2026-05-21T13:22:30.642429Z","2026-05-21T13:22:34.726051Z",1779369750.64243,1779369754.72605,0.000599,0.000688,0.000708,4.079864,4.079896,4.079156,3.2000000000032e-05,4.0759,0.00772150192260757
"2026-05-21T13:22:43.108Z","run",63,"http://client1:8000","run","http://client1:8000/run",1,TRUE,200,305,240,4.25521755218506,"2026-05-21T13:22:34.754181Z","2026-05-21T13:22:39.009399Z",1779369754.75418,1779369759.0094,0.000397,0.000481,0.000503,4.241739,4.241787,4.241236,4.80000000004921e-05,4.2377,0.0175175521850583
"2026-05-21T13:22:43.108Z","run",63,"http://client2:8000","run","http://client2:8000/run",1,TRUE,200,305,241,4.22117948532104,"2026-05-21T13:22:34.754758Z","2026-05-21T13:22:38.975938Z",1779369754.75476,1779369758.97594,0.000461,0.000514,0.000532,4.208614,4.208651,4.208082,3.69999999998427e-05,4.2051,0.0160794853210451
"2026-05-21T13:22:43.108Z","run",63,"http://client3:8000","run","http://client3:8000/run",1,TRUE,200,305,239,4.08425140380859,"2026-05-21T13:22:39.016493Z","2026-05-21T13:22:43.100744Z",1779369759.01649,1779369763.10074,0.000479,0.000582,0.00061,4.08084,4.080987,4.08023,0.000147000000000119,4.077,0.00725140380859379
"2026-05-21T13:22:51.500Z","run",64,"http://client1:8000","run","http://client1:8000/run",1,TRUE,200,305,240,4.2671582698822,"2026-05-21T13:22:43.124108Z","2026-05-21T13:22:47.391266Z",1779369763.12411,1779369767.39127,0.000695,0.000828,0.000864,4.253841,4.253886,4.252977,4.49999999991846e-05,4.2488,0.018358269882202
"2026-05-21T13:22:51.500Z","run",64,"http://client2:8000","run","http://client2:8000/run",1,TRUE,200,305,241,4.25585198402405,"2026-05-21T13:22:43.124977Z","2026-05-21T13:22:47.380829Z",1779369763.12498,1779369767.38083,0.000542,0.000636,0.000669,4.242002,4.242058,4.241333,5.5999999999834e-05,4.2372,0.0186519840240482
"2026-05-21T13:22:51.500Z","run",64,"http://client3:8000","run","http://client3:8000/run",1,TRUE,200,305,240,4.09668707847595,"2026-05-21T13:22:47.398592Z","2026-05-21T13:22:51.495280Z",1779369767.39859,1779369771.49528,0.000678,0.00084,0.000863,4.093786,4.093938,4.092923,0.00015199999999993,4.0894,0.00728707847595178
"2026-05-21T13:22:59.875Z","run",65,"http://client1:8000","run","http://client1:8000/run",1,TRUE,200,307,240,4.26542782783508,"2026-05-21T13:22:51.515354Z","2026-05-21T13:22:55.780781Z",1779369771.51535,1779369775.78078,0.000663,0.000768,0.000805,4.24463,4.244674,4.243825,4.3999999999933e-05,4.2407,0.0247278278350826
"2026-05-21T13:22:59.875Z","run",65,"http://client2:8000","run","http://client2:8000/run",1,TRUE,200,307,241,4.25570845603943,"2026-05-21T13:22:51.516250Z","2026-05-21T13:22:55.771959Z",1779369771.51625,1779369775.77196,0.000674,0.000778,0.000815,4.235712,4.235764,4.234897,5.19999999992748e-05,4.2318,0.0239084560394289
"2026-05-21T13:22:59.875Z","run",65,"http://client3:8000","run","http://client3:8000/run",1,TRUE,200,307,240,4.08166861534119,"2026-05-21T13:22:55.787756Z","2026-05-21T13:22:59.869424Z",1779369775.78776,1779369779.86942,0.000541,0.000652,0.000689,4.078382,4.078524,4.077693,0.00014199999999942,4.0742,0.00746861534118626
"2026-05-21T13:23:08.296Z","run",66,"http://client1:8000","run","http://client1:8000/run",1,TRUE,200,307,240,4.29104709625244,"2026-05-21T13:22:59.891260Z","2026-05-21T13:23:04.182307Z",1779369779.89126,1779369784.18231,0.000563,0.000669,0.000702,4.2713,4.271341,4.270598,4.09999999995136e-05,4.2674,0.0236470962524411
"2026-05-21T13:23:08.296Z","run",66,"http://client2:8000","run","http://client2:8000/run",1,TRUE,200,307,241,4.26980972290039,"2026-05-21T13:22:59.892167Z","2026-05-21T13:23:04.161977Z",1779369779.89217,1779369784.16198,0.00066,0.000757,0.000789,4.249627,4.249675,4.248838,4.79999999996039e-05,4.2457,0.0241097229003904
"2026-05-21T13:23:08.296Z","run",66,"http://client3:8000","run","http://client3:8000/run",1,TRUE,200,307,240,4.09683156013489,"2026-05-21T13:23:04.191806Z","2026-05-21T13:23:08.288637Z",1779369784.19181,1779369788.28864,0.000621,0.000723,0.000754,4.092997,4.093137,4.092243,0.000139999999999141,4.0889,0.00793156013488794
"2026-05-21T13:23:16.822Z","run",67,"http://client1:8000","run","http://client1:8000/run",1,TRUE,200,307,239,4.35496211051941,"2026-05-21T13:23:08.316234Z","2026-05-21T13:23:12.671196Z",1779369788.31623,1779369792.6712,0.000641,0.000756,0.000796,4.337943,4.33799,4.337147,4.69999999994641e-05,4.334,0.0209621105194095
"2026-05-21T13:23:16.822Z","run",67,"http://client2:8000","run","http://client2:8000/run",1,TRUE,200,307,241,4.29524183273315,"2026-05-21T13:23:08.316944Z","2026-05-21T13:23:12.612185Z",1779369788.31694,1779369792.61219,0.000596,0.00069,0.000722,4.278728,4.278774,4.278006,4.60000000002125e-05,4.2739,0.021341832733154
"2026-05-21T13:23:16.822Z","run",67,"http://client3:8000","run","http://client3:8000/run",1,TRUE,200,307,240,4.13526558876038,"2026-05-21T13:23:12.679207Z","2026-05-21T13:23:16.814473Z",1779369792.67921,1779369796.81447,0.000552,0.000647,0.000675,4.132031,4.132155,4.131356,0.000124000000000457,4.1277,0.00756558876037605
"2026-05-21T13:23:25.335Z","run",68,"http://client1:8000","run","http://client1:8000/run",1,TRUE,200,307,240,4.31522035598755,"2026-05-21T13:23:16.841429Z","2026-05-21T13:23:21.156650Z",1779369796.84143,1779369801.15665,0.000516,0.000627,0.000662,4.302239,4.302288,4.301577,4.89999999997437e-05,4.2984,0.0168203559875488
"2026-05-21T13:23:25.335Z","run",68,"http://client2:8000","run","http://client2:8000/run",1,TRUE,200,307,241,4.31263589859009,"2026-05-21T13:23:16.842787Z","2026-05-21T13:23:21.155423Z",1779369796.84279,1779369801.15542,0.000573,0.00066,0.000692,4.299634,4.299684,4.298942,4.99999999998835e-05,4.2959,0.0167358985900883
"2026-05-21T13:23:25.335Z","run",68,"http://client3:8000","run","http://client3:8000/run",1,TRUE,200,307,240,4.16675114631653,"2026-05-21T13:23:21.163789Z","2026-05-21T13:23:25.330540Z",1779369801.16379,1779369805.33054,6e-04,0.000722,0.000753,4.163936,4.164073,4.163183,0.000137000000000498,4.1596,0.00715114631652813
"2026-05-21T13:23:33.871Z","run",69,"http://client1:8000","run","http://client1:8000/run",1,TRUE,200,306,240,4.34280705451965,"2026-05-21T13:23:25.350120Z","2026-05-21T13:23:29.692927Z",1779369805.35012,1779369809.69293,0.000675,0.000782,0.000817,4.329403,4.329451,4.328586,4.79999999996039e-05,4.3243,0.0185070545196533
"2026-05-21T13:23:33.871Z","run",69,"http://client2:8000","run","http://client2:8000/run",1,TRUE,200,306,240,4.33166432380676,"2026-05-21T13:23:25.351555Z","2026-05-21T13:23:29.683220Z",1779369805.35156,1779369809.68322,0.000769,0.000853,0.000876,4.317087,4.317136,4.316211,4.89999999997437e-05,4.3127,0.0189643238067623
"2026-05-21T13:23:33.871Z","run",69,"http://client3:8000","run","http://client3:8000/run",1,TRUE,200,306,239,4.16612362861633,"2026-05-21T13:23:29.700064Z","2026-05-21T13:23:33.866188Z",1779369809.70006,1779369813.86619,0.000599,0.000703,0.000734,4.16316,4.163334,4.162426,0.000173999999999452,4.1578,0.00832362861633307
"2026-05-21T13:23:42.511Z","run",70,"http://client1:8000","run","http://client1:8000/run",1,TRUE,200,306,240,4.41693735122681,"2026-05-21T13:23:33.886633Z","2026-05-21T13:23:38.303570Z",1779369813.88663,1779369818.30357,0.000591,7e-04,0.000754,4.393387,4.393419,4.392633,3.2000000000032e-05,4.3883,0.0286373512268066
"2026-05-21T13:23:42.511Z","run",70,"http://client2:8000","run","http://client2:8000/run",1,TRUE,200,306,240,4.36320900917053,"2026-05-21T13:23:33.887748Z","2026-05-21T13:23:38.250957Z",1779369813.88775,1779369818.25096,0.000508,0.000594,0.000627,4.33982,4.339858,4.339193,3.80000000008707e-05,4.3359,0.0273090091705326
"2026-05-21T13:23:42.511Z","run",70,"http://client3:8000","run","http://client3:8000/run",1,TRUE,200,306,239,4.18995666503906,"2026-05-21T13:23:38.316263Z","2026-05-21T13:23:42.506220Z",1779369818.31626,1779369822.50622,7e-04,0.000792,0.000811,4.18517,4.185295,4.184359,0.000124999999999709,4.1807,0.00925666503906264
"2026-05-21T13:23:51.132Z","run",71,"http://client1:8000","run","http://client1:8000/run",1,TRUE,200,306,239,4.38100838661194,"2026-05-21T13:23:42.532486Z","2026-05-21T13:23:46.913495Z",1779369822.53249,1779369826.9135,0.000647,0.000751,0.000785,4.362794,4.362907,4.362009,0.000112999999999808,4.3571,0.0239083866119385
"2026-05-21T13:23:51.132Z","run",71,"http://client2:8000","run","http://client2:8000/run",1,TRUE,200,306,240,4.37759399414062,"2026-05-21T13:23:42.533378Z","2026-05-21T13:23:46.910972Z",1779369822.53338,1779369826.91097,0.00064,0.000744,0.000778,4.357616,4.357668,4.356838,5.2000000000163e-05,4.3527,0.0248939941406254
"2026-05-21T13:23:51.132Z","run",71,"http://client3:8000","run","http://client3:8000/run",1,TRUE,200,306,240,4.20580172538757,"2026-05-21T13:23:46.920548Z","2026-05-21T13:23:51.126350Z",1779369826.92055,1779369831.12635,0.000655,0.000747,0.000777,4.202205,4.202442,4.201428,0.000236999999999377,4.1977,0.00810172538757303
"2026-05-21T13:23:59.794Z","run",72,"http://client1:8000","run","http://client1:8000/run",1,TRUE,200,306,239,4.41124796867371,"2026-05-21T13:23:51.148994Z","2026-05-21T13:23:55.560242Z",1779369831.14899,1779369835.56024,0.000629,0.000738,0.000771,4.394281,4.394322,4.39351,4.09999999995136e-05,4.3902,0.021047968673706
"2026-05-21T13:23:59.794Z","run",72,"http://client2:8000","run","http://client2:8000/run",1,TRUE,200,306,240,4.40466690063477,"2026-05-21T13:23:51.149884Z","2026-05-21T13:23:55.554551Z",1779369831.14988,1779369835.55455,0.000581,0.000646,0.000665,4.384907,4.38494,4.384242,3.30000000001718e-05,4.3812,0.0234669006347659
"2026-05-21T13:23:59.794Z","run",72,"http://client3:8000","run","http://client3:8000/run",1,TRUE,200,306,240,4.219571352005,"2026-05-21T13:23:55.567695Z","2026-05-21T13:23:59.787266Z",1779369835.5677,1779369839.78727,0.000574,0.000676,0.000705,4.216258,4.216405,4.215553,0.000147000000000119,4.2119,0.00767135200500491
"2026-05-21T13:24:08.502Z","run",73,"http://client1:8000","run","http://client1:8000/run",1,TRUE,200,306,241,4.43484449386597,"2026-05-21T13:23:59.809294Z","2026-05-21T13:24:04.244138Z",1779369839.80929,1779369844.24414,0.000614,0.000725,0.000759,4.421655,4.421712,4.420896,5.69999999999737e-05,4.4176,0.0172444938659666
"2026-05-21T13:24:08.502Z","run",73,"http://client2:8000","run","http://client2:8000/run",1,TRUE,200,306,240,4.40941739082336,"2026-05-21T13:23:59.810143Z","2026-05-21T13:24:04.219561Z",1779369839.81014,1779369844.21956,0.000646,0.000735,0.000767,4.3965,4.396542,4.395733,4.20000000005416e-05,4.3925,0.0169173908233642
"2026-05-21T13:24:08.502Z","run",73,"http://client3:8000","run","http://client3:8000/run",1,TRUE,200,306,240,4.24671125411987,"2026-05-21T13:24:04.251386Z","2026-05-21T13:24:08.498097Z",1779369844.25139,1779369848.4981,0.00054,0.000639,0.000667,4.243755,4.243805,4.243088,4.99999999998835e-05,4.2395,0.00721125411987344
"2026-05-21T13:24:17.249Z","run",74,"http://client1:8000","run","http://client1:8000/run",1,TRUE,200,306,241,4.46462321281433,"2026-05-21T13:24:08.521589Z","2026-05-21T13:24:12.986212Z",1779369848.52159,1779369852.98621,0.000539,0.000658,0.000692,4.442132,4.442173,4.44144,4.10000000004018e-05,4.4383,0.0263232128143311
"2026-05-21T13:24:17.249Z","run",74,"http://client2:8000","run","http://client2:8000/run",1,TRUE,200,306,240,4.4524621963501,"2026-05-21T13:24:08.522452Z","2026-05-21T13:24:12.974914Z",1779369848.52245,1779369852.97491,0.000639,0.000756,0.000791,4.42812,4.428163,4.427329,4.29999999997932e-05,4.4239,0.0285621963500979
"2026-05-21T13:24:17.249Z","run",74,"http://client3:8000","run","http://client3:8000/run",1,TRUE,200,306,240,4.24815607070923,"2026-05-21T13:24:12.994254Z","2026-05-21T13:24:17.242410Z",1779369852.99425,1779369857.24241,0.000512,0.000624,0.000659,4.244309,4.244442,4.24365,0.000132999999999939,4.2401,0.00805607070922854
"2026-05-21T13:24:25.979Z","run",75,"http://client1:8000","run","http://client1:8000/run",1,TRUE,200,306,241,4.43869352340698,"2026-05-21T13:24:17.268993Z","2026-05-21T13:24:21.707686Z",1779369857.26899,1779369861.70769,0.000831,0.000917,0.000939,4.425441,4.425475,4.424502,3.39999999994234e-05,4.4212,0.0174935234069826
"2026-05-21T13:24:25.979Z","run",75,"http://client2:8000","run","http://client2:8000/run",1,TRUE,200,306,240,4.45107054710388,"2026-05-21T13:24:17.269984Z","2026-05-21T13:24:21.721055Z",1779369857.26998,1779369861.72106,0.000586,0.000636,0.000654,4.437963,4.438008,4.437309,4.50000000000728e-05,4.4335,0.0175705471038814
"2026-05-21T13:24:25.979Z","run",75,"http://client3:8000","run","http://client3:8000/run",1,TRUE,200,306,240,4.25897860527039,"2026-05-21T13:24:21.715045Z","2026-05-21T13:24:25.974024Z",1779369861.71505,1779369865.97402,6e-04,0.000711,0.000742,4.255652,4.255777,4.25491,0.000124999999999709,4.2506,0.00837860527038536
"2026-05-21T13:24:34.737Z","run",76,"http://client1:8000","run","http://client1:8000/run",1,TRUE,200,306,241,4.4587574005127,"2026-05-21T13:24:25.994441Z","2026-05-21T13:24:30.453199Z",1779369865.99444,1779369870.4532,0.000728,0.000811,0.000845,4.445774,4.445813,4.444929,3.90000000001223e-05,4.4387,0.0200574005126954
"2026-05-21T13:24:34.737Z","run",76,"http://client2:8000","run","http://client2:8000/run",1,TRUE,200,306,240,4.4281632900238,"2026-05-21T13:24:25.996477Z","2026-05-21T13:24:30.424640Z",1779369865.99648,1779369870.42464,0.000548,0.000631,0.000663,4.413883,4.413927,4.41322,4.3999999999933e-05,4.4091,0.0190632900238041
"2026-05-21T13:24:34.737Z","run",76,"http://client3:8000","run","http://client3:8000/run",1,TRUE,200,306,240,4.26888203620911,"2026-05-21T13:24:30.460266Z","2026-05-21T13:24:34.729148Z",1779369870.46027,1779369874.72915,0.00058,0.000674,0.000703,4.265658,4.265776,4.264955,0.000117999999999618,4.2613,0.00758203620910614
"2026-05-21T13:24:43.545Z","run",77,"http://client1:8000","run","http://client1:8000/run",1,TRUE,200,307,242,4.45579171180725,"2026-05-21T13:24:34.758297Z","2026-05-21T13:24:39.214089Z",1779369874.7583,1779369879.21409,0.000668,0.000778,0.000816,4.442675,4.442803,4.441859,0.00012799999999924,4.4387,0.0170917118072511
"2026-05-21T13:24:43.545Z","run",77,"http://client2:8000","run","http://client2:8000/run",1,TRUE,200,307,239,4.44930148124695,"2026-05-21T13:24:34.759948Z","2026-05-21T13:24:39.209249Z",1779369874.75995,1779369879.20925,0.000541,0.000634,0.000667,4.43482,4.43495,4.434153,0.000129999999999519,4.4296,0.0197014812469485
"2026-05-21T13:24:43.545Z","run",77,"http://client3:8000","run","http://client3:8000/run",1,TRUE,200,307,239,4.3199634552002,"2026-05-21T13:24:39.221035Z","2026-05-21T13:24:43.540999Z",1779369879.22104,1779369883.541,0.00055,0.00064,0.000668,4.316727,4.316778,4.316059,5.10000000000232e-05,4.3124,0.00756345520019508
"2026-05-21T13:24:52.853Z","run",78,"http://client1:8000","run","http://client1:8000/run",1,TRUE,200,307,241,4.83216881752014,"2026-05-21T13:24:43.568653Z","2026-05-21T13:24:48.400821Z",1779369883.56865,1779369888.40082,6e-04,0.000692,0.000725,4.816568,4.816609,4.815843,4.09999999995136e-05,4.812,0.0201688175201413
"2026-05-21T13:24:52.853Z","run",78,"http://client2:8000","run","http://client2:8000/run",1,TRUE,200,307,239,4.77792358398438,"2026-05-21T13:24:43.567158Z","2026-05-21T13:24:48.345081Z",1779369883.56716,1779369888.34508,0.000567,0.000676,0.000711,4.76204,4.762083,4.761329,4.29999999997932e-05,4.7578,0.0201235839843754
"2026-05-21T13:24:52.853Z","run",78,"http://client3:8000","run","http://client3:8000/run",1,TRUE,200,307,239,4.4385347366333,"2026-05-21T13:24:48.408974Z","2026-05-21T13:24:52.847508Z",1779369888.40897,1779369892.84751,0.000538,0.000641,0.00067,4.43528,4.435417,4.43461,0.000137000000000498,4.4308,0.00773473663330115
"2026-05-21T13:25:02.418Z","run",79,"http://client1:8000","run","http://client1:8000/run",1,TRUE,200,306,242,4.62622952461243,"2026-05-21T13:24:52.871530Z","2026-05-21T13:24:57.497759Z",1779369892.87153,1779369897.49776,0.000598,0.000679,0.000701,4.613411,4.613453,4.61271,4.19999999996534e-05,4.6096,0.0166295246124264
"2026-05-21T13:25:02.418Z","run",79,"http://client2:8000","run","http://client2:8000/run",1,TRUE,200,306,241,4.61033511161804,"2026-05-21T13:24:52.871738Z","2026-05-21T13:24:57.482073Z",1779369892.87174,1779369897.48207,0.000763,0.000853,0.000886,4.597019,4.597063,4.596133,4.3999999999933e-05,4.5929,0.0174351116180418
"2026-05-21T13:25:02.418Z","run",79,"http://client3:8000","run","http://client3:8000/run",1,TRUE,200,306,237,4.90689992904663,"2026-05-21T13:24:57.504958Z","2026-05-21T13:25:02.411858Z",1779369897.50496,1779369902.41186,0.000465,0.000543,0.000563,4.903616,4.903745,4.903053,0.00012899999999938,4.8992,0.00769992904663042
"2026-05-21T13:25:11.838Z","run",80,"http://client1:8000","run","http://client1:8000/run",1,TRUE,200,306,242,4.82142686843872,"2026-05-21T13:25:02.434873Z","2026-05-21T13:25:07.256299Z",1779369902.43487,1779369907.2563,0.000553,0.000684,0.000726,4.804226,4.804253,4.8035,2.70000000002213e-05,4.6462,0.17522686843872
"2026-05-21T13:25:11.838Z","run",80,"http://client2:8000","run","http://client2:8000/run",1,TRUE,200,306,241,4.81875467300415,"2026-05-21T13:25:02.435721Z","2026-05-21T13:25:07.254476Z",1779369902.43572,1779369907.25448,0.000692,0.000821,0.000857,4.804149,4.804196,4.803292,4.70000000003523e-05,4.6491,0.169654673004151
"2026-05-21T13:25:11.838Z","run",80,"http://client3:8000","run","http://client3:8000/run",1,TRUE,200,306,237,4.5703399181366,"2026-05-21T13:25:07.263005Z","2026-05-21T13:25:11.833345Z",1779369907.26301,1779369911.83335,0.000555,0.000656,0.000684,4.567495,4.567572,4.566811,7.70000000001048e-05,4.4117,0.158639918136597
"2026-05-21T13:25:20.433Z","run",81,"http://client1:8000","run","http://client1:8000/run",1,TRUE,200,306,241,4.39142870903015,"2026-05-21T13:25:11.853081Z","2026-05-21T13:25:16.244510Z",1779369911.85308,1779369916.24451,0.000805,0.000888,0.000921,4.375723,4.375777,4.374802,5.40000000004426e-05,4.3718,0.019628709030151
"2026-05-21T13:25:20.433Z","run",81,"http://client2:8000","run","http://client2:8000/run",1,TRUE,200,306,241,4.37401533126831,"2026-05-21T13:25:11.853747Z","2026-05-21T13:25:16.227762Z",1779369911.85375,1779369916.22776,0.000519,0.000597,0.000627,4.355597,4.355642,4.35497,4.49999999991846e-05,4.3516,0.0224153312683102
"2026-05-21T13:25:20.433Z","run",81,"http://client3:8000","run","http://client3:8000/run",1,TRUE,200,306,241,4.17059278488159,"2026-05-21T13:25:16.251533Z","2026-05-21T13:25:20.422126Z",1779369916.25153,1779369920.42213,0.000507,0.000619,0.00065,4.167401,4.167452,4.166751,5.10000000000232e-05,4.1635,0.00709278488159182
"2026-05-21T13:25:29.051Z","run",82,"http://client1:8000","run","http://client1:8000/run",1,TRUE,200,306,241,4.40957403182983,"2026-05-21T13:25:20.452498Z","2026-05-21T13:25:24.862072Z",1779369920.4525,1779369924.86207,0.000865,0.000973,0.001008,4.393661,4.393706,4.392653,4.50000000000728e-05,4.3893,0.0202740318298336
"2026-05-21T13:25:29.051Z","run",82,"http://client2:8000","run","http://client2:8000/run",1,TRUE,200,306,241,4.39503264427185,"2026-05-21T13:25:20.454828Z","2026-05-21T13:25:24.849860Z",1779369920.45483,1779369924.84986,0.000561,0.000675,0.000711,4.378586,4.37863,4.377875,4.3999999999933e-05,4.3748,0.020232644271851
"2026-05-21T13:25:29.051Z","run",82,"http://client3:8000","run","http://client3:8000/run",1,TRUE,200,306,240,4.1762375831604,"2026-05-21T13:25:24.869084Z","2026-05-21T13:25:29.045322Z",1779369924.86908,1779369929.04532,0.000643,0.000754,0.000784,4.172849,4.172992,4.172065,0.00014299999999956,4.168,0.00823758316040024
"2026-05-21T13:25:37.712Z","run",83,"http://client1:8000","run","http://client1:8000/run",1,TRUE,200,307,242,4.40993237495422,"2026-05-21T13:25:29.067994Z","2026-05-21T13:25:33.477926Z",1779369929.06799,1779369933.47793,0.000664,0.000773,0.000807,4.396634,4.396678,4.395827,4.3999999999933e-05,4.3927,0.017232374954224
"2026-05-21T13:25:37.712Z","run",83,"http://client2:8000","run","http://client2:8000/run",1,TRUE,200,307,238,4.39708542823792,"2026-05-21T13:25:29.069964Z","2026-05-21T13:25:33.467049Z",1779369929.06996,1779369933.46705,0.000709,0.000832,0.000868,4.381077,4.38112,4.380209,4.29999999997932e-05,4.377,0.0200854282379153
"2026-05-21T13:25:37.712Z","run",83,"http://client3:8000","run","http://client3:8000/run",1,TRUE,200,307,240,4.22239375114441,"2026-05-21T13:25:33.485537Z","2026-05-21T13:25:37.707931Z",1779369933.48554,1779369937.70793,0.000565,0.000675,0.000705,4.219218,4.21935,4.218513,0.000132000000000687,4.2145,0.00789375114440904
"2026-05-21T13:25:46.397Z","run",84,"http://client1:8000","run","http://client1:8000/run",1,TRUE,200,307,242,4.42484903335571,"2026-05-21T13:25:37.728245Z","2026-05-21T13:25:42.153094Z",1779369937.72825,1779369942.15309,0.000712,0.00082,0.000854,4.411074,4.411117,4.41022,4.29999999997932e-05,4.3938,0.0310490333557132
"2026-05-21T13:25:46.397Z","run",84,"http://client2:8000","run","http://client2:8000/run",1,TRUE,200,307,239,4.38968396186829,"2026-05-21T13:25:37.729705Z","2026-05-21T13:25:42.119389Z",1779369937.72971,1779369942.11939,0.000637,0.000753,0.000794,4.373943,4.373996,4.373149,5.30000000003028e-05,4.3701,0.0195839618682863
"2026-05-21T13:25:46.397Z","run",84,"http://client3:8000","run","http://client3:8000/run",1,TRUE,200,307,240,4.2284562587738,"2026-05-21T13:25:42.161660Z","2026-05-21T13:25:46.390116Z",1779369942.16166,1779369946.39012,0.000555,0.000658,0.000688,4.225218,4.225269,4.22453,5.10000000000232e-05,4.2213,0.00715625877380344
"2026-05-21T13:25:55.060Z","run",85,"http://client1:8000","run","http://client1:8000/run",1,TRUE,200,306,241,4.42654323577881,"2026-05-21T13:25:46.411993Z","2026-05-21T13:25:50.838536Z",1779369946.41199,1779369950.83854,0.00085,0.000926,0.000957,4.413287,4.41334,4.41233,5.29999999994146e-05,4.409,0.0175432357788088
"2026-05-21T13:25:55.060Z","run",85,"http://client2:8000","run","http://client2:8000/run",1,TRUE,200,306,243,4.40553307533264,"2026-05-21T13:25:46.412040Z","2026-05-21T13:25:50.817573Z",1779369946.41204,1779369950.81757,0.000721,0.000828,0.000866,4.392713,4.392756,4.391847,4.30000000006814e-05,4.3888,0.0167330753326418
"2026-05-21T13:25:55.060Z","run",85,"http://client3:8000","run","http://client3:8000/run",1,TRUE,200,306,240,4.20157885551453,"2026-05-21T13:25:50.847759Z","2026-05-21T13:25:55.049338Z",1779369950.84776,1779369955.04934,0.000546,0.000663,0.000692,4.192923,4.192956,4.192231,3.29999999992836e-05,4.1889,0.0126788555145261
"2026-05-21T13:26:03.739Z","run",86,"http://client1:8000","run","http://client1:8000/run",1,TRUE,200,306,242,4.43012642860413,"2026-05-21T13:25:55.081438Z","2026-05-21T13:25:59.511564Z",1779369955.08144,1779369959.51156,0.000557,0.000641,0.000671,4.412381,4.412452,4.41171,7.10000000001543e-05,4.4076,0.0225264286041256
"2026-05-21T13:26:03.739Z","run",86,"http://client2:8000","run","http://client2:8000/run",1,TRUE,200,306,243,4.37321925163269,"2026-05-21T13:25:55.082051Z","2026-05-21T13:25:59.455270Z",1779369955.08205,1779369959.45527,0.000455,0.000535,0.000558,4.355541,4.355584,4.354983,4.30000000006814e-05,4.3519,0.0213192516326908
"2026-05-21T13:26:03.739Z","run",86,"http://client3:8000","run","http://client3:8000/run",1,TRUE,200,306,240,4.21534562110901,"2026-05-21T13:25:59.518544Z","2026-05-21T13:26:03.733890Z",1779369959.51854,1779369963.73389,0.00052,0.000618,0.00066,4.211774,4.21183,4.211114,5.5999999999834e-05,4.2071,0.00824562110900917
"2026-05-21T13:26:12.452Z","run",87,"http://client1:8000","run","http://client1:8000/run",1,TRUE,200,306,242,4.43786215782166,"2026-05-21T13:26:03.759089Z","2026-05-21T13:26:08.196951Z",1779369963.75909,1779369968.19695,0.000761,0.000849,0.000871,4.423986,4.424028,4.423115,4.19999999996534e-05,4.4191,0.018762157821655
"2026-05-21T13:26:12.452Z","run",87,"http://client2:8000","run","http://client2:8000/run",1,TRUE,200,306,242,4.39884233474731,"2026-05-21T13:26:03.760494Z","2026-05-21T13:26:08.159337Z",1779369963.76049,1779369968.15934,0.000509,0.000634,0.000664,4.384324,4.384368,4.38366,4.3999999999933e-05,4.3805,0.0183423347473148
"2026-05-21T13:26:12.452Z","run",87,"http://client3:8000","run","http://client3:8000/run",1,TRUE,200,306,240,4.24071645736694,"2026-05-21T13:26:08.204352Z","2026-05-21T13:26:12.445068Z",1779369968.20435,1779369972.44507,0.000528,0.000623,0.000652,4.237347,4.237478,4.236695,0.000131000000000547,4.2336,0.00711645736694333
"2026-05-21T13:26:20.989Z","run",88,"http://client1:8000","run","http://client1:8000/run",1,TRUE,200,306,242,4.34167075157166,"2026-05-21T13:26:12.474057Z","2026-05-21T13:26:16.815728Z",1779369972.47406,1779369976.81573,0.000671,0.000784,0.000822,4.328207,4.328249,4.327385,4.19999999996534e-05,4.3242,0.017470751571655
"2026-05-21T13:26:20.989Z","run",88,"http://client2:8000","run","http://client2:8000/run",1,TRUE,200,306,242,4.30912971496582,"2026-05-21T13:26:12.474765Z","2026-05-21T13:26:16.783895Z",1779369972.47477,1779369976.7839,0.000518,0.000599,0.000631,4.296202,4.296244,4.295571,4.19999999996534e-05,4.2919,0.0172297149658203
"2026-05-21T13:26:20.989Z","run",88,"http://client3:8000","run","http://client3:8000/run",1,TRUE,200,306,239,4.15693235397339,"2026-05-21T13:26:16.827298Z","2026-05-21T13:26:20.984230Z",1779369976.8273,1779369980.98423,0.00054,0.000641,0.00067,4.152998,4.15305,4.152328,5.2000000000163e-05,4.149,0.00793235397338865
"2026-05-21T13:26:29.330Z","run",89,"http://client1:8000","run","http://client1:8000/run",1,TRUE,200,307,242,4.27317833900452,"2026-05-21T13:26:21.005038Z","2026-05-21T13:26:25.278216Z",1779369981.00504,1779369985.27822,0.00057,0.000677,0.000714,4.258792,4.258921,4.258078,0.000129000000000268,4.2549,0.0182783390045165
"2026-05-21T13:26:29.330Z","run",89,"http://client2:8000","run","http://client2:8000/run",1,TRUE,200,307,243,4.19532680511475,"2026-05-21T13:26:21.005902Z","2026-05-21T13:26:25.201229Z",1779369981.0059,1779369985.20123,0.000676,0.00077,0.000802,4.181733,4.181876,4.180931,0.00014299999999956,4.1774,0.0179268051147465
"2026-05-21T13:26:29.330Z","run",89,"http://client3:8000","run","http://client3:8000/run",1,TRUE,200,307,240,4.02821779251099,"2026-05-21T13:26:25.293468Z","2026-05-21T13:26:29.321686Z",1779369985.29347,1779369989.32169,0.00054,0.000646,0.000677,4.022809,4.022849,4.022132,4.0000000000262e-05,4.0182,0.0100177925109861
"2026-05-21T13:26:37.699Z","run",90,"http://client1:8000","run","http://client1:8000/run",1,TRUE,200,307,242,4.25068855285645,"2026-05-21T13:26:29.356643Z","2026-05-21T13:26:33.607331Z",1779369989.35664,1779369993.60733,0.000709,0.000819,0.000855,4.236197,4.236238,4.235342,4.10000000004018e-05,4.2323,0.0183885528564449
"2026-05-21T13:26:37.699Z","run",90,"http://client2:8000","run","http://client2:8000/run",1,TRUE,200,307,243,4.22809672355652,"2026-05-21T13:26:29.357518Z","2026-05-21T13:26:33.585614Z",1779369989.35752,1779369993.58561,0.000538,0.00063,0.000664,4.2145,4.214533,4.213836,3.30000000001718e-05,4.2108,0.0172967235565187
"2026-05-21T13:26:37.699Z","run",90,"http://client3:8000","run","http://client3:8000/run",1,TRUE,200,307,240,4.0755090713501,"2026-05-21T13:26:33.618805Z","2026-05-21T13:26:37.694314Z",1779369993.61881,1779369997.69431,0.000415,0.000515,0.000545,4.072094,4.072235,4.071549,0.000141000000000169,4.0685,0.00700907135009743
"2026-05-21T13:26:46.093Z","run",91,"http://client1:8000","run","http://client1:8000/run",1,TRUE,200,307,239,4.29394435882568,"2026-05-21T13:26:37.715805Z","2026-05-21T13:26:42.009750Z",1779369997.71581,1779370002.00975,0.000684,0.000765,0.000788,4.281099,4.281136,4.280311,3.69999999998427e-05,4.2772,0.0167443588256839
"2026-05-21T13:26:46.093Z","run",91,"http://client2:8000","run","http://client2:8000/run",1,TRUE,200,307,240,4.22607898712158,"2026-05-21T13:26:37.716413Z","2026-05-21T13:26:41.942492Z",1779369997.71641,1779370001.94249,0.000478,0.000588,0.000619,4.207201,4.207236,4.206582,3.49999999995632e-05,4.2035,0.022578987121582
"2026-05-21T13:26:46.093Z","run",91,"http://client3:8000","run","http://client3:8000/run",1,TRUE,200,307,240,4.06926608085632,"2026-05-21T13:26:42.016895Z","2026-05-21T13:26:46.086161Z",1779370002.0169,1779370006.08616,0.000593,0.000698,0.000729,4.065926,4.066043,4.065197,0.000116999999999479,4.062,0.00726608085632297
"2026-05-21T13:26:54.566Z","run",92,"http://client1:8000","run","http://client1:8000/run",1,TRUE,200,307,239,4.30840253829956,"2026-05-21T13:26:46.109360Z","2026-05-21T13:26:50.417763Z",1779370006.10936,1779370010.41776,0.000636,0.000752,0.000815,4.29479,4.294831,4.293975,4.10000000004018e-05,4.2906,0.0178025382995601
"2026-05-21T13:26:54.566Z","run",92,"http://client2:8000","run","http://client2:8000/run",1,TRUE,200,307,240,4.24924778938293,"2026-05-21T13:26:46.110244Z","2026-05-21T13:26:50.359492Z",1779370006.11024,1779370010.35949,0.00055,0.000634,0.000664,4.236322,4.236377,4.235658,5.49999999996942e-05,4.2321,0.0171477893829346
"2026-05-21T13:26:54.566Z","run",92,"http://client3:8000","run","http://client3:8000/run",1,TRUE,200,307,241,4.13229179382324,"2026-05-21T13:26:50.429656Z","2026-05-21T13:26:54.561948Z",1779370010.42966,1779370014.56195,0.000577,0.000681,0.00071,4.128736,4.128785,4.128026,4.89999999997437e-05,4.1246,0.00769179382324214
"2026-05-21T13:27:03.052Z","run",93,"http://client1:8000","run","http://client1:8000/run",1,TRUE,200,307,241,4.31418561935425,"2026-05-21T13:26:54.580601Z","2026-05-21T13:26:58.894787Z",1779370014.5806,1779370018.89479,0.000779,0.000863,0.000885,4.301554,4.301651,4.300669,9.69999999993476e-05,4.2976,0.016585619354248
"2026-05-21T13:27:03.052Z","run",93,"http://client2:8000","run","http://client2:8000/run",1,TRUE,200,307,241,4.26710557937622,"2026-05-21T13:26:54.582204Z","2026-05-21T13:26:58.849309Z",1779370014.5822,1779370018.84931,0.000606,0.000683,0.000713,4.254043,4.254159,4.25333,0.000115999999999339,4.2503,0.0168055793762205
"2026-05-21T13:27:03.052Z","run",93,"http://client3:8000","run","http://client3:8000/run",1,TRUE,200,307,239,4.13501739501953,"2026-05-21T13:26:58.908993Z","2026-05-21T13:27:03.044011Z",1779370018.90899,1779370023.04401,0.000589,0.000698,0.00073,4.131178,4.131245,4.130448,6.69999999995952e-05,4.1273,0.00771739501953128
"2026-05-21T13:27:11.554Z","run",94,"http://client1:8000","run","http://client1:8000/run",1,TRUE,200,307,241,4.32752251625061,"2026-05-21T13:27:03.073007Z","2026-05-21T13:27:07.400530Z",1779370023.07301,1779370027.40053,0.000685,0.000797,0.000832,4.31373,4.313772,4.312898,4.20000000005416e-05,4.3096,0.0179225162506107
"2026-05-21T13:27:11.554Z","run",94,"http://client2:8000","run","http://client2:8000/run",1,TRUE,200,307,241,4.3033664226532,"2026-05-21T13:27:03.074894Z","2026-05-21T13:27:07.378260Z",1779370023.07489,1779370027.37826,0.000552,0.00067,0.000705,4.286998,4.287046,4.286293,4.80000000004921e-05,4.2816,0.0217664226531982
"2026-05-21T13:27:11.554Z","run",94,"http://client3:8000","run","http://client3:8000/run",1,TRUE,200,307,238,4.1406843662262,"2026-05-21T13:27:07.407943Z","2026-05-21T13:27:11.548628Z",1779370027.40794,1779370031.54863,0.00072,0.000811,0.000831,4.137863,4.137987,4.137032,0.000123999999999569,4.133,0.00768436622619628
"2026-05-21T13:27:20.062Z","run",95,"http://client1:8000","run","http://client1:8000/run",1,TRUE,200,307,241,4.33800196647644,"2026-05-21T13:27:11.570059Z","2026-05-21T13:27:15.908061Z",1779370031.57006,1779370035.90806,0.000735,0.000821,0.000842,4.324895,4.324928,4.324053,3.30000000001718e-05,4.3206,0.0174019664764407
"2026-05-21T13:27:20.062Z","run",95,"http://client2:8000","run","http://client2:8000/run",1,TRUE,200,307,242,4.31308722496033,"2026-05-21T13:27:11.571165Z","2026-05-21T13:27:15.884253Z",1779370031.57117,1779370035.88425,0.000595,0.000677,0.000707,4.300264,4.300308,4.299557,4.3999999999933e-05,4.2947,0.0183872249603274
"2026-05-21T13:27:20.062Z","run",95,"http://client3:8000","run","http://client3:8000/run",1,TRUE,200,307,239,4.14215803146362,"2026-05-21T13:27:15.915565Z","2026-05-21T13:27:20.057723Z",1779370035.91557,1779370040.05772,0.000418,0.000517,0.000548,4.139328,4.139443,4.13878,0.000115000000000087,4.1353,0.00685803146362307
"2026-05-21T13:27:28.615Z","run",96,"http://client1:8000","run","http://client1:8000/run",1,TRUE,200,307,241,4.35568785667419,"2026-05-21T13:27:20.078978Z","2026-05-21T13:27:24.434666Z",1779370040.07898,1779370044.43467,0.000728,0.000811,0.000833,4.341871,4.341915,4.341038,4.3999999999933e-05,4.3381,0.0175878566741945
"2026-05-21T13:27:28.615Z","run",96,"http://client2:8000","run","http://client2:8000/run",1,TRUE,200,307,242,4.34466218948364,"2026-05-21T13:27:20.079761Z","2026-05-21T13:27:24.424423Z",1779370040.07976,1779370044.42442,0.000481,0.000559,0.000589,4.327533,4.327574,4.326944,4.10000000004018e-05,4.3238,0.0208621894836423
"2026-05-21T13:27:28.615Z","run",96,"http://client3:8000","run","http://client3:8000/run",1,TRUE,200,307,239,4.16913223266602,"2026-05-21T13:27:24.441394Z","2026-05-21T13:27:28.610526Z",1779370044.44139,1779370048.61053,0.000735,0.00084,0.000871,4.16593,4.165981,4.165059,5.10000000000232e-05,4.1609,0.0082322326660158
"2026-05-21T13:27:37.243Z","run",97,"http://client1:8000","run","http://client1:8000/run",1,TRUE,200,307,239,4.38135147094727,"2026-05-21T13:27:28.630807Z","2026-05-21T13:27:33.012158Z",1779370048.63081,1779370053.01216,0.000622,0.00073,0.000766,4.35986,4.359893,4.359094,3.29999999992836e-05,4.3559,0.0254514709472655
"2026-05-21T13:27:37.243Z","run",97,"http://client2:8000","run","http://client2:8000/run",1,TRUE,200,307,243,4.34718751907349,"2026-05-21T13:27:28.631607Z","2026-05-21T13:27:32.978794Z",1779370048.63161,1779370052.97879,0.000611,0.000725,0.000762,4.319252,4.319284,4.31849,3.2000000000032e-05,4.3149,0.0322875190734866
"2026-05-21T13:27:37.243Z","run",97,"http://client3:8000","run","http://client3:8000/run",1,TRUE,200,307,241,4.21304082870483,"2026-05-21T13:27:33.020848Z","2026-05-21T13:27:37.233889Z",1779370053.02085,1779370057.23389,0.000572,0.000678,0.000708,4.20893,4.208974,4.208222,4.40000000008212e-05,4.2039,0.00914082870483401
"2026-05-21T13:27:45.869Z","run",98,"http://client1:8000","run","http://client1:8000/run",1,TRUE,200,307,239,4.3953902721405,"2026-05-21T13:27:37.269558Z","2026-05-21T13:27:41.664948Z",1779370057.26956,1779370061.66495,0.000609,0.000723,0.000758,4.381729,4.381791,4.380971,6.19999999997844e-05,4.3779,0.0174902721405026
"2026-05-21T13:27:45.869Z","run",98,"http://client2:8000","run","http://client2:8000/run",1,TRUE,200,307,243,4.37654137611389,"2026-05-21T13:27:37.270390Z","2026-05-21T13:27:41.646931Z",1779370057.27039,1779370061.64693,0.000587,0.000678,0.000712,4.362999,4.363063,4.362287,6.4000000000064e-05,4.3588,0.017741376113892
"2026-05-21T13:27:45.869Z","run",98,"http://client3:8000","run","http://client3:8000/run",1,TRUE,200,307,241,4.19149255752563,"2026-05-21T13:27:41.672111Z","2026-05-21T13:27:45.863604Z",1779370061.67211,1779370065.8636,0.000611,0.000714,0.000743,4.188022,4.188164,4.187279,0.000142000000000309,4.1837,0.00779255752563479
"2026-05-21T13:27:54.554Z","run",99,"http://client1:8000","run","http://client1:8000/run",1,TRUE,200,306,239,4.42601752281189,"2026-05-21T13:27:45.883984Z","2026-05-21T13:27:50.310001Z",1779370065.88398,1779370070.31,0.000546,0.000629,0.000657,4.412892,4.412924,4.412235,3.2000000000032e-05,4.4089,0.0171175228118896
"2026-05-21T13:27:54.554Z","run",99,"http://client2:8000","run","http://client2:8000/run",1,TRUE,200,306,242,4.37345123291016,"2026-05-21T13:27:45.884728Z","2026-05-21T13:27:50.258180Z",1779370065.88473,1779370070.25818,0.000612,0.000688,0.000707,4.360998,4.361032,4.360291,3.39999999994234e-05,4.3571,0.0163512329101563
"2026-05-21T13:27:54.554Z","run",99,"http://client3:8000","run","http://client3:8000/run",1,TRUE,200,306,239,4.22896313667297,"2026-05-21T13:27:50.317278Z","2026-05-21T13:27:54.546241Z",1779370070.31728,1779370074.54624,0.000543,0.000644,0.000673,4.225729,4.225891,4.225056,0.000161999999999551,4.221,0.00796313667297355
"2026-05-21T13:28:03.516Z","run",100,"http://client1:8000","run","http://client1:8000/run",1,TRUE,200,306,239,4.57809662818909,"2026-05-21T13:27:54.569883Z","2026-05-21T13:27:59.147979Z",1779370074.56988,1779370079.14798,0.000606,0.000717,0.000751,4.561269,4.561542,4.560518,0.000272999999999968,4.4151,0.162996628189087
"2026-05-21T13:28:03.516Z","run",100,"http://client2:8000","run","http://client2:8000/run",1,TRUE,200,306,242,4.53073716163635,"2026-05-21T13:27:54.569722Z","2026-05-21T13:27:59.100459Z",1779370074.56972,1779370079.10046,0.000654,0.000764,8e-04,4.518286,4.518401,4.517486,0.000115000000000087,4.3714,0.159337161636352
"2026-05-21T13:28:03.516Z","run",100,"http://client3:8000","run","http://client3:8000/run",1,TRUE,200,306,240,4.35689187049866,"2026-05-21T13:27:59.155132Z","2026-05-21T13:28:03.512024Z",1779370079.15513,1779370083.51202,0.000563,0.000669,0.000699,4.353994,4.354046,4.353295,5.2000000000163e-05,4.2164,0.140491870498657
"2026-05-21T13:28:11.782Z","run",101,"http://client1:8000","run","http://client1:8000/run",1,TRUE,200,307,241,4.2106819152832,"2026-05-21T13:28:03.531239Z","2026-05-21T13:28:07.741921Z",1779370083.53124,1779370087.74192,0.000703,0.000822,0.000858,4.189775,4.189823,4.188917,4.79999999996039e-05,4.1862,0.0244819152832028
"2026-05-21T13:28:11.782Z","run",101,"http://client2:8000","run","http://client2:8000/run",1,TRUE,200,307,242,4.17893433570862,"2026-05-21T13:28:03.532051Z","2026-05-21T13:28:07.710985Z",1779370083.53205,1779370087.71099,0.000562,0.000655,0.000687,4.157266,4.157314,4.156579,4.80000000004921e-05,4.1532,0.0257343357086182
"2026-05-21T13:28:11.782Z","run",101,"http://client3:8000","run","http://client3:8000/run",1,TRUE,200,307,239,4.02500939369202,"2026-05-21T13:28:07.749876Z","2026-05-21T13:28:11.774886Z",1779370087.74988,1779370091.77489,0.000543,0.000655,0.000697,4.020818,4.020866,4.020121,4.79999999996039e-05,4.0173,0.00770939369201695
"2026-05-21T13:28:20.148Z","run",102,"http://client1:8000","run","http://client1:8000/run",1,TRUE,200,307,241,4.26472854614258,"2026-05-21T13:28:11.811655Z","2026-05-21T13:28:16.076384Z",1779370091.81166,1779370096.07638,0.000731,0.000872,0.000937,4.250155,4.250198,4.249218,4.29999999997932e-05,4.2453,0.0194285461425778
"2026-05-21T13:28:20.148Z","run",102,"http://client2:8000","run","http://client2:8000/run",1,TRUE,200,307,241,4.19701790809631,"2026-05-21T13:28:11.812410Z","2026-05-21T13:28:16.009428Z",1779370091.81241,1779370096.00943,0.000477,0.000579,0.000614,4.18324,4.183288,4.182626,4.80000000004921e-05,4.179,0.0180179080963132
"2026-05-21T13:28:20.148Z","run",102,"http://client3:8000","run","http://client3:8000/run",1,TRUE,200,307,238,4.06001138687134,"2026-05-21T13:28:16.084087Z","2026-05-21T13:28:20.144098Z",1779370096.08409,1779370100.1441,0.000621,0.000724,0.000754,4.057012,4.057134,4.056258,0.000121999999999289,4.052,0.00801138687133829
"2026-05-21T13:28:28.566Z","run",103,"http://client1:8000","run","http://client1:8000/run",1,TRUE,200,307,236,4.30137395858765,"2026-05-21T13:28:20.164055Z","2026-05-21T13:28:24.465429Z",1779370100.16406,1779370104.46543,0.000747,0.000859,0.000893,4.286714,4.286757,4.285821,4.29999999997932e-05,4.282,0.0193739585876465
"2026-05-21T13:28:28.566Z","run",103,"http://client2:8000","run","http://client2:8000/run",1,TRUE,200,307,243,4.23441433906555,"2026-05-21T13:28:20.165023Z","2026-05-21T13:28:24.399437Z",1779370100.16502,1779370104.39944,0.000744,0.00086,0.000895,4.219302,4.219348,4.218407,4.60000000002125e-05,4.2149,0.0195143390655517
"2026-05-21T13:28:28.566Z","run",103,"http://client3:8000","run","http://client3:8000/run",1,TRUE,200,307,240,4.08829092979431,"2026-05-21T13:28:24.473696Z","2026-05-21T13:28:28.561987Z",1779370104.4737,1779370108.56199,0.000552,0.00066,0.000702,4.08506,4.085106,4.084358,4.59999999993244e-05,4.0808,0.00749092979431154
"2026-05-21T13:28:37.001Z","run",104,"http://client1:8000","run","http://client1:8000/run",1,TRUE,200,307,237,4.2994019985199,"2026-05-21T13:28:28.582395Z","2026-05-21T13:28:32.881797Z",1779370108.5824,1779370112.8818,0.000767,0.00087,0.000906,4.285665,4.285713,4.284759,4.80000000004921e-05,4.2812,0.0182019985198973
"2026-05-21T13:28:37.001Z","run",104,"http://client2:8000","run","http://client2:8000/run",1,TRUE,200,307,243,4.24773144721985,"2026-05-21T13:28:28.583469Z","2026-05-21T13:28:32.831201Z",1779370108.58347,1779370112.8312,7e-04,0.000803,0.000839,4.235448,4.235488,4.234609,4.0000000000262e-05,4.2306,0.0171314472198487
"2026-05-21T13:28:37.001Z","run",104,"http://client3:8000","run","http://client3:8000/run",1,TRUE,200,307,240,4.10381746292114,"2026-05-21T13:28:32.893372Z","2026-05-21T13:28:36.997189Z",1779370112.89337,1779370116.99719,0.000541,0.000649,0.000679,4.100373,4.100421,4.099694,4.79999999996039e-05,4.0964,0.00741746292114254
"2026-05-21T13:28:45.475Z","run",105,"http://client1:8000","run","http://client1:8000/run",1,TRUE,200,306,239,4.31452584266663,"2026-05-21T13:28:37.021742Z","2026-05-21T13:28:41.336267Z",1779370117.02174,1779370121.33627,0.000693,8e-04,0.000835,4.298929,4.298982,4.298094,5.29999999994146e-05,4.2945,0.0200258426666258
"2026-05-21T13:28:45.475Z","run",105,"http://client2:8000","run","http://client2:8000/run",1,TRUE,200,306,243,4.30485343933105,"2026-05-21T13:28:37.024407Z","2026-05-21T13:28:41.329261Z",1779370117.02441,1779370121.32926,0.000836,0.000925,0.000948,4.290922,4.290952,4.289974,2.99999999997524e-05,4.2861,0.0187534393310544
"2026-05-21T13:28:45.475Z","run",105,"http://client3:8000","run","http://client3:8000/run",1,TRUE,200,306,238,4.12397503852844,"2026-05-21T13:28:41.346729Z","2026-05-21T13:28:45.470705Z",1779370121.34673,1779370125.47071,0.000601,0.000716,0.000759,4.120647,4.120794,4.119888,0.000147000000000119,4.1163,0.00767503852844253
"2026-05-21T13:28:53.987Z","run",106,"http://client1:8000","run","http://client1:8000/run",1,TRUE,200,306,239,4.32052659988403,"2026-05-21T13:28:45.493523Z","2026-05-21T13:28:49.814049Z",1779370125.49352,1779370129.81405,0.000697,0.000814,0.000849,4.306955,4.307058,4.306106,0.000102999999999298,4.3025,0.018026599884033
"2026-05-21T13:28:53.987Z","run",106,"http://client2:8000","run","http://client2:8000/run",1,TRUE,200,306,243,4.30944228172302,"2026-05-21T13:28:45.495688Z","2026-05-21T13:28:49.805130Z",1779370125.49569,1779370129.80513,0.00067,0.000779,0.000801,4.296559,4.296681,4.295758,0.000122000000000178,4.2929,0.0165422817230221
"2026-05-21T13:28:53.987Z","run",106,"http://client3:8000","run","http://client3:8000/run",1,TRUE,200,306,238,4.15963244438171,"2026-05-21T13:28:49.821740Z","2026-05-21T13:28:53.981372Z",1779370129.82174,1779370133.98137,0.000541,0.000758,0.000779,4.156478,4.156624,4.155699,0.000145999999999979,4.1522,0.0074324443817142
"2026-05-21T13:29:02.539Z","run",107,"http://client1:8000","run","http://client1:8000/run",1,TRUE,200,306,241,4.33464217185974,"2026-05-21T13:28:54.002950Z","2026-05-21T13:28:58.337592Z",1779370134.00295,1779370138.33759,0.000819,0.000883,9e-04,4.319839,4.319887,4.318939,4.79999999996039e-05,4.3154,0.0192421718597409
"2026-05-21T13:29:02.539Z","run",107,"http://client2:8000","run","http://client2:8000/run",1,TRUE,200,306,243,4.31257700920105,"2026-05-21T13:28:54.003869Z","2026-05-21T13:28:58.316446Z",1779370134.00387,1779370138.31645,0.000696,0.00081,0.000832,4.299436,4.299469,4.298604,3.30000000001718e-05,4.2953,0.0172770092010497
"2026-05-21T13:29:02.539Z","run",107,"http://client3:8000","run","http://client3:8000/run",1,TRUE,200,306,237,4.18804049491882,"2026-05-21T13:28:58.346657Z","2026-05-21T13:29:02.534698Z",1779370138.34666,1779370142.5347,0.000503,0.000586,0.000605,4.185241,4.185274,4.184636,3.29999999992836e-05,4.1811,0.00694049491882343
"2026-05-21T13:29:11.179Z","run",108,"http://client1:8000","run","http://client1:8000/run",1,TRUE,200,306,241,4.40381908416748,"2026-05-21T13:29:02.554707Z","2026-05-21T13:29:06.958526Z",1779370142.55471,1779370146.95853,0.000612,0.000732,0.000784,4.389848,4.389893,4.389064,4.50000000000728e-05,4.3854,0.0184190841674807
"2026-05-21T13:29:11.179Z","run",108,"http://client2:8000","run","http://client2:8000/run",1,TRUE,200,306,243,4.3292076587677,"2026-05-21T13:29:02.556781Z","2026-05-21T13:29:06.885988Z",1779370142.55678,1779370146.88599,0.00069,0.000799,0.000833,4.315438,4.315493,4.314605,5.49999999996942e-05,4.3112,0.0180076587676998
"2026-05-21T13:29:11.179Z","run",108,"http://client3:8000","run","http://client3:8000/run",1,TRUE,200,306,237,4.20251870155334,"2026-05-21T13:29:06.966131Z","2026-05-21T13:29:11.168650Z",1779370146.96613,1779370151.16865,0.000551,0.000649,0.000678,4.194914,4.194961,4.194236,4.70000000003523e-05,4.1908,0.0117187015533444
"2026-05-21T13:29:19.843Z","run",109,"http://client1:8000","run","http://client1:8000/run",1,TRUE,200,307,239,4.40857887268066,"2026-05-21T13:29:11.197259Z","2026-05-21T13:29:15.605838Z",1779370151.19726,1779370155.60584,0.00065,0.000755,0.000804,4.392405,4.392508,4.391601,0.000103000000000186,4.3879,0.0206788726806639
"2026-05-21T13:29:19.843Z","run",109,"http://client2:8000","run","http://client2:8000/run",1,TRUE,200,307,243,4.37074136734009,"2026-05-21T13:29:11.199241Z","2026-05-21T13:29:15.569983Z",1779370151.19924,1779370155.56998,0.000516,0.000604,0.000639,4.35268,4.352808,4.352041,0.00012799999999924,4.3487,0.0220413673400879
"2026-05-21T13:29:19.843Z","run",109,"http://client3:8000","run","http://client3:8000/run",1,TRUE,200,307,238,4.22543549537659,"2026-05-21T13:29:15.612723Z","2026-05-21T13:29:19.838159Z",1779370155.61272,1779370159.83816,0.000509,0.000618,0.000647,4.221969,4.222126,4.221322,0.000157000000000629,4.2172,0.00823549537658685
"2026-05-21T13:29:28.559Z","run",110,"http://client1:8000","run","http://client1:8000/run",1,TRUE,200,307,239,4.43058681488037,"2026-05-21T13:29:19.862003Z","2026-05-21T13:29:24.292589Z",1779370159.862,1779370164.29259,0.000614,0.000712,0.000758,4.414555,4.414666,4.413797,0.000111000000000416,4.4103,0.0202868148803708
"2026-05-21T13:29:28.559Z","run",110,"http://client2:8000","run","http://client2:8000/run",1,TRUE,200,307,243,4.37926864624023,"2026-05-21T13:29:19.861957Z","2026-05-21T13:29:24.241226Z",1779370159.86196,1779370164.24123,0.000636,0.000739,0.000774,4.365251,4.365302,4.364477,5.10000000000232e-05,4.3606,0.0186686462402346
"2026-05-21T13:29:28.559Z","run",110,"http://client3:8000","run","http://client3:8000/run",1,TRUE,200,307,238,4.25474953651428,"2026-05-21T13:29:24.299830Z","2026-05-21T13:29:28.554579Z",1779370164.29983,1779370168.55458,0.00057,0.000669,0.000698,4.251538,4.251718,4.25084,0.000180000000000291,4.2477,0.0070495365142822
"2026-05-21T13:29:37.268Z","run",111,"http://client1:8000","run","http://client1:8000/run",1,TRUE,200,305,240,4.42148733139038,"2026-05-21T13:29:28.576382Z","2026-05-21T13:29:32.997869Z",1779370168.57638,1779370172.99787,0.000699,0.000802,0.000836,4.407637,4.40773,4.406801,9.29999999996767e-05,4.4033,0.0181873313903811
"2026-05-21T13:29:37.268Z","run",111,"http://client2:8000","run","http://client2:8000/run",1,TRUE,200,305,242,4.40817618370056,"2026-05-21T13:29:28.577966Z","2026-05-21T13:29:32.986143Z",1779370168.57797,1779370172.98614,0.000565,0.000672,0.000706,4.394198,4.394343,4.393492,0.00014499999999984,4.3898,0.0183761837005614
"2026-05-21T13:29:37.268Z","run",111,"http://client3:8000","run","http://client3:8000/run",1,TRUE,200,305,239,4.25558757781982,"2026-05-21T13:29:33.004937Z","2026-05-21T13:29:37.260524Z",1779370173.00494,1779370177.26052,0.000547,0.000656,0.000684,4.252332,4.252383,4.251648,5.10000000000232e-05,4.248,0.007587577819824
"2026-05-21T13:29:46.002Z","run",112,"http://client1:8000","run","http://client1:8000/run",1,TRUE,200,305,240,4.41586494445801,"2026-05-21T13:29:37.286474Z","2026-05-21T13:29:41.702339Z",1779370177.28647,1779370181.70234,0.000553,0.000645,0.000669,4.402039,4.40209,4.40137,5.10000000000232e-05,4.3978,0.0180649444580077
"2026-05-21T13:29:46.002Z","run",112,"http://client2:8000","run","http://client2:8000/run",1,TRUE,200,305,242,4.47728276252747,"2026-05-21T13:29:37.287169Z","2026-05-21T13:29:41.764452Z",1779370177.28717,1779370181.76445,0.000655,0.000729,0.000747,4.46509,4.465132,4.464343,4.19999999996534e-05,4.4608,0.0164827625274659
"2026-05-21T13:29:46.002Z","run",112,"http://client3:8000","run","http://client3:8000/run",1,TRUE,200,305,240,4.27682185173035,"2026-05-21T13:29:41.718058Z","2026-05-21T13:29:45.994880Z",1779370181.71806,1779370185.99488,0.000561,0.000673,0.000704,4.270943,4.270977,4.270239,3.40000000003116e-05,4.2666,0.0102218517303463
"2026-05-21T13:29:54.728Z","run",113,"http://client1:8000","run","http://client1:8000/run",1,TRUE,200,305,240,4.42805194854736,"2026-05-21T13:29:46.022043Z","2026-05-21T13:29:50.450095Z",1779370186.02204,1779370190.4501,0.000649,0.000753,0.000787,4.408015,4.408124,4.407228,0.000109000000000137,4.4035,0.0245519485473631
"2026-05-21T13:29:54.728Z","run",113,"http://client2:8000","run","http://client2:8000/run",1,TRUE,200,305,242,4.41148948669434,"2026-05-21T13:29:46.022800Z","2026-05-21T13:29:50.434289Z",1779370186.0228,1779370190.43429,0.000589,0.000686,0.000718,4.394486,4.394624,4.393768,0.000138000000000638,4.3889,0.0225894866943364
"2026-05-21T13:29:54.728Z","run",113,"http://client3:8000","run","http://client3:8000/run",1,TRUE,200,305,239,4.26142048835754,"2026-05-21T13:29:50.459347Z","2026-05-21T13:29:54.720768Z",1779370190.45935,1779370194.72077,0.000594,0.000706,0.00074,4.257707,4.25786,4.256967,0.00015300000000007,4.2529,0.0085204883575436
"2026-05-21T13:30:03.529Z","run",114,"http://client1:8000","run","http://client1:8000/run",1,TRUE,200,305,240,4.49204587936401,"2026-05-21T13:29:54.745570Z","2026-05-21T13:29:59.237616Z",1779370194.74557,1779370199.23762,0.000629,7e-04,0.00073,4.478726,4.478855,4.477996,0.000129000000000268,4.4745,0.0175458793640138
"2026-05-21T13:30:03.529Z","run",114,"http://client2:8000","run","http://client2:8000/run",1,TRUE,200,305,242,4.4111168384552,"2026-05-21T13:29:54.746602Z","2026-05-21T13:29:59.157718Z",1779370194.7466,1779370199.15772,0.000689,0.000791,0.000826,4.398174,4.398307,4.397348,0.000132999999999939,4.3933,0.0178168384552002
"2026-05-21T13:30:03.529Z","run",114,"http://client3:8000","run","http://client3:8000/run",1,TRUE,200,305,239,4.27998447418213,"2026-05-21T13:29:59.245110Z","2026-05-21T13:30:03.525094Z",1779370199.24511,1779370203.52509,0.00067,0.000785,0.000814,4.277023,4.277163,4.276209,0.000140000000000029,4.2719,0.00808447418212932
"2026-05-21T13:30:12.332Z","run",115,"http://client1:8000","run","http://client1:8000/run",1,TRUE,200,306,240,4.44606232643127,"2026-05-21T13:30:03.545199Z","2026-05-21T13:30:07.991261Z",1779370203.5452,1779370207.99126,0.000635,0.000739,0.000774,4.432092,4.432174,4.431318,8.19999999999155e-05,4.427,0.0190623264312748
"2026-05-21T13:30:12.332Z","run",115,"http://client2:8000","run","http://client2:8000/run",1,TRUE,200,306,243,4.43934559822083,"2026-05-21T13:30:03.546609Z","2026-05-21T13:30:07.985955Z",1779370203.54661,1779370207.98596,0.000591,0.000675,0.000707,4.426508,4.426624,4.425801,0.000116000000000227,4.4225,0.0168455982208249
"2026-05-21T13:30:12.332Z","run",115,"http://client3:8000","run","http://client3:8000/run",1,TRUE,200,306,240,4.32803606987,"2026-05-21T13:30:07.999395Z","2026-05-21T13:30:12.327431Z",1779370207.9994,1779370212.32743,0.000538,0.000627,0.000656,4.324777,4.324821,4.324121,4.3999999999933e-05,4.3209,0.00713606986999515
"2026-05-21T13:30:21.117Z","run",116,"http://client1:8000","run","http://client1:8000/run",1,TRUE,200,306,241,4.47257828712463,"2026-05-21T13:30:12.348530Z","2026-05-21T13:30:16.821108Z",1779370212.34853,1779370216.82111,0.000693,0.000783,0.000806,4.458844,4.458893,4.458038,4.89999999997437e-05,4.4548,0.0177782871246341
"2026-05-21T13:30:21.117Z","run",116,"http://client2:8000","run","http://client2:8000/run",1,TRUE,200,306,243,4.44059801101685,"2026-05-21T13:30:12.349713Z","2026-05-21T13:30:16.790311Z",1779370212.34971,1779370216.79031,0.000646,0.000727,0.000757,4.420037,4.420217,4.41928,0.000180000000000291,4.4161,0.0244980110168456
"2026-05-21T13:30:21.117Z","run",116,"http://client3:8000","run","http://client3:8000/run",1,TRUE,200,306,240,4.27581739425659,"2026-05-21T13:30:16.836176Z","2026-05-21T13:30:21.111993Z",1779370216.83618,1779370221.11199,0.000551,0.000646,0.000674,4.272146,4.272179,4.271472,3.30000000001718e-05,4.2679,0.00791739425659177
"2026-05-21T13:30:29.924Z","run",117,"http://client1:8000","run","http://client1:8000/run",1,TRUE,200,306,240,4.46809792518616,"2026-05-21T13:30:21.136789Z","2026-05-21T13:30:25.604887Z",1779370221.13679,1779370225.60489,0.000615,0.000676,0.000694,4.455248,4.455365,4.454554,0.000116999999999479,4.4513,0.0167979251861574
"2026-05-21T13:30:29.924Z","run",117,"http://client2:8000","run","http://client2:8000/run",1,TRUE,200,306,243,4.46041345596313,"2026-05-21T13:30:21.137332Z","2026-05-21T13:30:25.597745Z",1779370221.13733,1779370225.59775,0.000507,0.000588,0.000609,4.44717,4.447331,4.446561,0.0001610000000003,4.4433,0.017113455963135
"2026-05-21T13:30:29.924Z","run",117,"http://client3:8000","run","http://client3:8000/run",1,TRUE,200,306,241,4.30784463882446,"2026-05-21T13:30:25.612068Z","2026-05-21T13:30:29.919913Z",1779370225.61207,1779370229.91991,0.000597,0.000684,0.000712,4.304655,4.304709,4.303943,5.39999999995544e-05,4.3006,0.00724463882446269
"2026-05-21T13:30:38.838Z","run",118,"http://client1:8000","run","http://client1:8000/run",1,TRUE,200,306,240,4.53654670715332,"2026-05-21T13:30:29.940255Z","2026-05-21T13:30:34.476801Z",1779370229.94026,1779370234.4768,0.000682,0.000785,0.000822,4.52293,4.523039,4.522108,0.000109000000000137,4.5187,0.0178467071533204
"2026-05-21T13:30:38.838Z","run",118,"http://client2:8000","run","http://client2:8000/run",1,TRUE,200,306,242,4.49699115753174,"2026-05-21T13:30:29.942509Z","2026-05-21T13:30:34.439500Z",1779370229.94251,1779370234.4395,0.000721,0.000829,0.000866,4.481277,4.481369,4.480411,9.19999999995369e-05,4.475,0.0219911575317386
"2026-05-21T13:30:38.838Z","run",118,"http://client3:8000","run","http://client3:8000/run",1,TRUE,200,306,241,4.34774136543274,"2026-05-21T13:30:34.484333Z","2026-05-21T13:30:38.832074Z",1779370234.48433,1779370238.83207,0.000541,0.000645,0.000674,4.344398,4.344515,4.343724,0.000117000000000367,4.3403,0.00744136543273921
"2026-05-21T13:30:47.751Z","run",119,"http://client1:8000","run","http://client1:8000/run",1,TRUE,200,307,240,4.52672147750854,"2026-05-21T13:30:38.854398Z","2026-05-21T13:30:43.381119Z",1779370238.8544,1779370243.38112,7e-04,0.000806,0.000846,4.512486,4.512577,4.51164,9.10000000002853e-05,4.5084,0.018321477508545
"2026-05-21T13:30:47.751Z","run",119,"http://client2:8000","run","http://client2:8000/run",1,TRUE,200,307,243,4.48499584197998,"2026-05-21T13:30:38.855436Z","2026-05-21T13:30:43.340432Z",1779370238.85544,1779370243.34043,0.000533,0.00062,0.000651,4.471997,4.472129,4.471346,0.000131999999999799,4.4668,0.0181958419799804
"2026-05-21T13:30:47.751Z","run",119,"http://client3:8000","run","http://client3:8000/run",1,TRUE,200,307,239,4.358638048172,"2026-05-21T13:30:43.388219Z","2026-05-21T13:30:47.746857Z",1779370243.38822,1779370247.74686,0.000641,0.000723,0.000742,4.355975,4.356015,4.355233,4.0000000000262e-05,4.352,0.00663804817199676
"2026-05-21T13:30:57.030Z","run",120,"http://client1:8000","run","http://client1:8000/run",1,TRUE,200,307,240,4.74401378631592,"2026-05-21T13:30:47.767122Z","2026-05-21T13:30:52.511136Z",1779370247.76712,1779370252.51114,0.000687,0.000749,0.000781,4.715434,4.715468,4.714653,3.40000000003116e-05,4.5538,0.190213786315918
"2026-05-21T13:30:57.030Z","run",120,"http://client2:8000","run","http://client2:8000/run",1,TRUE,200,307,243,4.6817455291748,"2026-05-21T13:30:47.768016Z","2026-05-21T13:30:52.449761Z",1779370247.76802,1779370252.44976,0.000624,0.000715,0.000738,4.654046,4.65408,4.653308,3.40000000003116e-05,4.4968,0.184945529174804
"2026-05-21T13:30:57.030Z","run",120,"http://client3:8000","run","http://client3:8000/run",1,TRUE,200,307,240,4.50642490386963,"2026-05-21T13:30:52.518833Z","2026-05-21T13:30:57.025258Z",1779370252.51883,1779370257.02526,0.000508,0.000581,0.000598,4.502771,4.502796,4.502173,2.49999999999417e-05,4.3521,0.154324903869629
"2026-05-21T13:31:05.643Z","run",121,"http://client1:8000","run","http://client1:8000/run",1,TRUE,200,306,242,4.41539740562439,"2026-05-21T13:30:57.053895Z","2026-05-21T13:31:01.469292Z",1779370257.0539,1779370261.46929,0.000692,0.000791,0.000827,4.401657,4.401809,4.40083,0.00015199999999993,4.3979,0.0174974056243897
"2026-05-21T13:31:05.643Z","run",121,"http://client2:8000","run","http://client2:8000/run",1,TRUE,200,306,242,4.22512865066528,"2026-05-21T13:30:57.055507Z","2026-05-21T13:31:01.280636Z",1779370257.05551,1779370261.28064,0.000661,0.000769,0.000818,4.211231,4.211372,4.210413,0.000141000000000169,4.2067,0.0184286506652835
"2026-05-21T13:31:05.643Z","run",121,"http://client3:8000","run","http://client3:8000/run",1,TRUE,200,306,239,4.15984439849854,"2026-05-21T13:31:01.477708Z","2026-05-21T13:31:05.637553Z",1779370261.47771,1779370265.63755,0.000529,0.000623,0.000651,4.155972,4.15613,4.155321,0.00015799999999988,4.1523,0.00754439849853483
"2026-05-21T13:31:14.136Z","run",122,"http://client1:8000","run","http://client1:8000/run",1,TRUE,200,306,242,4.32531905174255,"2026-05-21T13:31:05.659489Z","2026-05-21T13:31:09.984808Z",1779370265.65949,1779370269.98481,0.000643,0.000747,0.00078,4.306994,4.307142,4.306214,0.000147999999999371,4.3028,0.0225190517425533
"2026-05-21T13:31:14.136Z","run",122,"http://client2:8000","run","http://client2:8000/run",1,TRUE,200,306,242,4.28694152832031,"2026-05-21T13:31:05.660051Z","2026-05-21T13:31:09.946992Z",1779370265.66005,1779370269.94699,0.000567,0.000671,0.000737,4.268998,4.26911,4.268261,0.000112000000000556,4.2652,0.0217415283203124
"2026-05-21T13:31:14.136Z","run",122,"http://client3:8000","run","http://client3:8000/run",1,TRUE,200,306,239,4.13887190818787,"2026-05-21T13:31:09.992136Z","2026-05-21T13:31:14.131008Z",1779370269.99214,1779370274.13101,0.000607,0.000714,0.000743,4.135576,4.135721,4.134833,0.00014499999999984,4.1317,0.00717190818786584
"2026-05-21T13:31:22.607Z","run",123,"http://client1:8000","run","http://client1:8000/run",1,TRUE,200,306,242,4.30302381515503,"2026-05-21T13:31:14.152409Z","2026-05-21T13:31:18.455433Z",1779370274.15241,1779370278.45543,0.000612,0.000742,0.000781,4.286472,4.286632,4.285691,0.00016000000000016,4.2826,0.0204238151550289
"2026-05-21T13:31:22.607Z","run",123,"http://client2:8000","run","http://client2:8000/run",1,TRUE,200,306,243,4.26803183555603,"2026-05-21T13:31:14.153334Z","2026-05-21T13:31:18.421366Z",1779370274.15333,1779370278.42137,0.000632,0.000743,0.000775,4.252248,4.252374,4.251473,0.000125999999999848,4.2473,0.0207318355560302
"2026-05-21T13:31:22.607Z","run",123,"http://client3:8000","run","http://client3:8000/run",1,TRUE,200,306,240,4.13981628417969,"2026-05-21T13:31:18.462489Z","2026-05-21T13:31:22.602305Z",1779370278.46249,1779370282.60231,0.000538,0.000644,0.000673,4.136946,4.137132,4.136273,0.000186000000000242,4.133,0.00681628417968749
"2026-05-21T13:31:31.085Z","run",124,"http://client1:8000","run","http://client1:8000/run",1,TRUE,200,306,242,4.30554723739624,"2026-05-21T13:31:22.624635Z","2026-05-21T13:31:26.930182Z",1779370282.62464,1779370286.93018,0.000778,0.000831,0.000849,4.285661,4.285788,4.284812,0.000126999999999988,4.2817,0.0238472373962404
"2026-05-21T13:31:31.085Z","run",124,"http://client2:8000","run","http://client2:8000/run",1,TRUE,200,306,243,4.25918555259705,"2026-05-21T13:31:22.625000Z","2026-05-21T13:31:26.884185Z",1779370282.625,1779370286.88419,0.00064,0.000717,0.000739,4.238708,4.238823,4.237969,0.000115000000000087,4.2349,0.0242855525970462
"2026-05-21T13:31:31.085Z","run",124,"http://client3:8000","run","http://client3:8000/run",1,TRUE,200,306,241,4.14049601554871,"2026-05-21T13:31:26.938175Z","2026-05-21T13:31:31.078671Z",1779370286.93818,1779370291.07867,0.000556,0.00067,0.000698,4.136593,4.13669,4.135895,9.69999999993476e-05,4.1326,0.007896015548706
"2026-05-21T13:31:39.568Z","run",125,"http://client1:8000","run","http://client1:8000/run",1,TRUE,200,305,239,4.29014205932617,"2026-05-21T13:31:31.105268Z","2026-05-21T13:31:35.395411Z",1779370291.10527,1779370295.39541,0.000737,0.000835,0.000868,4.276132,4.276221,4.275264,8.90000000000057e-05,4.272,0.0181420593261716
"2026-05-21T13:31:39.568Z","run",125,"http://client2:8000","run","http://client2:8000/run",1,TRUE,200,305,243,4.27831149101257,"2026-05-21T13:31:31.107309Z","2026-05-21T13:31:35.385621Z",1779370291.10731,1779370295.38562,0.000601,0.000708,0.000745,4.264908,4.265049,4.264163,0.000141000000000169,4.261,0.0173114910125731
"2026-05-21T13:31:39.568Z","run",125,"http://client3:8000","run","http://client3:8000/run",1,TRUE,200,305,236,4.15979981422424,"2026-05-21T13:31:35.403114Z","2026-05-21T13:31:39.562914Z",1779370295.40311,1779370299.56291,0.00064,0.000732,0.000762,4.156511,4.156675,4.155749,0.000163999999999831,4.1525,0.00729981422424331
"2026-05-21T13:31:48.039Z","run",126,"http://client1:8000","run","http://client1:8000/run",1,TRUE,200,305,240,4.309818983078,"2026-05-21T13:31:39.584244Z","2026-05-21T13:31:43.894063Z",1779370299.58424,1779370303.89406,6e-04,0.000659,0.00068,4.293595,4.293745,4.292915,0.000150000000000539,4.2895,0.0203189830780026
"2026-05-21T13:31:48.039Z","run",126,"http://client2:8000","run","http://client2:8000/run",1,TRUE,200,305,244,4.28187322616577,"2026-05-21T13:31:39.585131Z","2026-05-21T13:31:43.867004Z",1779370299.58513,1779370303.867,0.00058,0.000658,0.000679,4.26583,4.26596,4.265151,0.000129999999999519,4.2608,0.0210732261657718
"2026-05-21T13:31:48.039Z","run",126,"http://client3:8000","run","http://client3:8000/run",1,TRUE,200,305,236,4.13037753105164,"2026-05-21T13:31:43.901313Z","2026-05-21T13:31:48.031691Z",1779370303.90131,1779370308.03169,0.000554,0.00065,0.000678,4.126926,4.127028,4.126248,0.000102000000000046,4.1229,0.00747753105163618
"2026-05-21T13:31:56.731Z","run",127,"http://client1:8000","run","http://client1:8000/run",1,TRUE,200,306,242,4.47184133529663,"2026-05-21T13:31:48.057469Z","2026-05-21T13:31:52.529310Z",1779370308.05747,1779370312.52931,0.000578,0.000643,0.000662,4.453246,4.453374,4.452584,0.000128000000000128,4.4493,0.0225413352966308
"2026-05-21T13:31:56.731Z","run",127,"http://client2:8000","run","http://client2:8000/run",1,TRUE,200,306,241,4.49031615257263,"2026-05-21T13:31:48.056794Z","2026-05-21T13:31:52.547110Z",1779370308.05679,1779370312.54711,0.000658,0.000755,0.000789,4.476757,4.476862,4.475968,0.000104999999999578,4.4728,0.0175161525726315
"2026-05-21T13:31:56.731Z","run",127,"http://client3:8000","run","http://client3:8000/run",1,TRUE,200,306,241,4.18718075752258,"2026-05-21T13:31:52.536485Z","2026-05-21T13:31:56.723666Z",1779370312.53649,1779370316.72367,0.000507,0.000599,0.000628,4.18379,4.183924,4.183162,0.000134000000000079,4.1798,0.00738075752258283
"2026-05-21T13:32:05.361Z","run",128,"http://client1:8000","run","http://client1:8000/run",1,TRUE,200,306,242,4.38433003425598,"2026-05-21T13:31:56.753267Z","2026-05-21T13:32:01.137597Z",1779370316.75327,1779370321.1376,0.000569,0.000641,0.00066,4.369718,4.369854,4.369058,0.000136000000000358,4.3659,0.0184300342559816
"2026-05-21T13:32:05.361Z","run",128,"http://client2:8000","run","http://client2:8000/run",1,TRUE,200,306,241,4.35118722915649,"2026-05-21T13:31:56.753905Z","2026-05-21T13:32:01.105092Z",1779370316.75391,1779370321.10509,0.00065,0.000729,0.000765,4.336315,4.336433,4.33555,0.000118000000000507,4.3325,0.0186872291564946
"2026-05-21T13:32:05.361Z","run",128,"http://client3:8000","run","http://client3:8000/run",1,TRUE,200,306,241,4.21130132675171,"2026-05-21T13:32:01.145101Z","2026-05-21T13:32:05.356403Z",1779370321.1451,1779370325.3564,0.000681,0.000758,0.000777,4.208541,4.208662,4.207764,0.000121000000000038,4.2048,0.00650132675170934
"2026-05-21T13:32:13.996Z","run",129,"http://client1:8000","run","http://client1:8000/run",1,TRUE,200,307,240,4.38715362548828,"2026-05-21T13:32:05.381597Z","2026-05-21T13:32:09.768751Z",1779370325.3816,1779370329.76875,0.000633,0.000732,0.000764,4.373568,4.373693,4.372804,0.000125000000000597,4.3685,0.0186536254882812
"2026-05-21T13:32:13.996Z","run",129,"http://client2:8000","run","http://client2:8000/run",1,TRUE,200,307,242,4.35192728042603,"2026-05-21T13:32:05.382783Z","2026-05-21T13:32:09.734710Z",1779370325.38278,1779370329.73471,0.000547,0.000647,0.00068,4.338021,4.338106,4.337341,8.49999999994466e-05,4.3337,0.0182272804260251
"2026-05-21T13:32:13.996Z","run",129,"http://client3:8000","run","http://client3:8000/run",1,TRUE,200,307,240,4.21522402763367,"2026-05-21T13:32:09.776287Z","2026-05-21T13:32:13.991511Z",1779370329.77629,1779370333.99151,0.000532,0.00063,0.000658,4.211541,4.211666,4.210883,0.000124999999999709,4.2077,0.007524027633667
"2026-05-21T13:32:22.656Z","run",130,"http://client1:8000","run","http://client1:8000/run",1,TRUE,200,307,240,4.39373588562012,"2026-05-21T13:32:14.012672Z","2026-05-21T13:32:18.406408Z",1779370334.01267,1779370338.40641,0.000661,0.000864,0.000911,4.380276,4.380405,4.379365,0.00012899999999938,4.3763,0.0174358856201176
"2026-05-21T13:32:22.656Z","run",130,"http://client2:8000","run","http://client2:8000/run",1,TRUE,200,307,242,4.36989760398865,"2026-05-21T13:32:14.013723Z","2026-05-21T13:32:18.383620Z",1779370334.01372,1779370338.38362,0.000569,0.000659,0.000692,4.355933,4.356037,4.355241,0.000103999999999438,4.3519,0.0179976039886478
"2026-05-21T13:32:22.656Z","run",130,"http://client3:8000","run","http://client3:8000/run",1,TRUE,200,307,240,4.23744320869446,"2026-05-21T13:32:18.413745Z","2026-05-21T13:32:22.651188Z",1779370338.41375,1779370342.65119,0.000516,0.000618,0.000646,4.233594,4.233703,4.232948,0.000109000000000137,4.2292,0.00824320869445838
"2026-05-21T13:32:31.359Z","run",131,"http://client1:8000","run","http://client1:8000/run",1,TRUE,200,307,241,4.42372751235962,"2026-05-21T13:32:22.671918Z","2026-05-21T13:32:27.095645Z",1779370342.67192,1779370347.09565,0.000779,0.000885,0.000923,4.410394,4.410532,4.409471,0.000137999999999749,4.4057,0.0180275123596187
"2026-05-21T13:32:31.359Z","run",131,"http://client2:8000","run","http://client2:8000/run",1,TRUE,200,307,243,4.37288355827332,"2026-05-21T13:32:22.673971Z","2026-05-21T13:32:27.046854Z",1779370342.67397,1779370347.04685,0.000477,0.000561,0.000592,4.357287,4.357415,4.356695,0.00012799999999924,4.3511,0.0217835582733157
"2026-05-21T13:32:31.359Z","run",131,"http://client3:8000","run","http://client3:8000/run",1,TRUE,200,307,239,4.24607229232788,"2026-05-21T13:32:27.108059Z","2026-05-21T13:32:31.354132Z",1779370347.10806,1779370351.35413,0.000571,0.00068,0.000708,4.241682,4.2418,4.240974,0.000117999999999618,4.2368,0.00927229232788118
"2026-05-21T13:32:40.114Z","run",132,"http://client1:8000","run","http://client1:8000/run",1,TRUE,200,307,241,4.44143104553223,"2026-05-21T13:32:31.379302Z","2026-05-21T13:32:35.820733Z",1779370351.3793,1779370355.82073,0.000678,0.000798,0.000833,4.423983,4.424109,4.42315,0.000125999999999848,4.4189,0.0225310455322267
"2026-05-21T13:32:40.114Z","run",132,"http://client2:8000","run","http://client2:8000/run",1,TRUE,200,307,242,4.48152875900269,"2026-05-21T13:32:31.379312Z","2026-05-21T13:32:35.860840Z",1779370351.37931,1779370355.86084,0.000643,0.00084,0.000882,4.464695,4.464825,4.463813,0.000130000000000408,4.459,0.0225287590026859
"2026-05-21T13:32:40.114Z","run",132,"http://client3:8000","run","http://client3:8000/run",1,TRUE,200,307,239,4.2766432762146,"2026-05-21T13:32:35.832056Z","2026-05-21T13:32:40.108699Z",1779370355.83206,1779370360.1087,0.000622,0.000725,0.000755,4.273253,4.27343,4.272498,0.000176999999999872,4.2676,0.00904327621459977
"2026-05-21T13:32:48.933Z","run",133,"http://client1:8000","run","http://client1:8000/run",1,TRUE,200,307,241,4.48495960235596,"2026-05-21T13:32:40.131594Z","2026-05-21T13:32:44.616553Z",1779370360.13159,1779370364.61655,0.000576,0.000694,0.000733,4.469856,4.469983,4.469123,0.000126999999999988,4.4659,0.0190596023559566
"2026-05-21T13:32:48.933Z","run",133,"http://client2:8000","run","http://client2:8000/run",1,TRUE,200,307,243,4.43373250961304,"2026-05-21T13:32:40.132616Z","2026-05-21T13:32:44.566348Z",1779370360.13262,1779370364.56635,0.000684,0.000776,0.00081,4.419589,4.419719,4.418779,0.000129999999999519,4.4145,0.0192325096130368
"2026-05-21T13:32:48.933Z","run",133,"http://client3:8000","run","http://client3:8000/run",1,TRUE,200,307,235,4.30373859405518,"2026-05-21T13:32:44.624439Z","2026-05-21T13:32:48.928178Z",1779370364.62444,1779370368.92818,0.000493,0.000591,0.000621,4.30037,4.300523,4.299749,0.00015300000000007,4.296,0.00773859405517552
"2026-05-21T13:32:57.850Z","run",134,"http://client1:8000","run","http://client1:8000/run",1,TRUE,200,307,241,4.55160069465637,"2026-05-21T13:32:48.948279Z","2026-05-21T13:32:53.499879Z",1779370368.94828,1779370373.49988,0.000719,0.000825,0.000859,4.537924,4.538031,4.537065,0.000106999999999857,4.5338,0.0178006946563718
"2026-05-21T13:32:57.850Z","run",134,"http://client2:8000","run","http://client2:8000/run",1,TRUE,200,307,243,4.46453094482422,"2026-05-21T13:32:48.948910Z","2026-05-21T13:32:53.413441Z",1779370368.94891,1779370373.41344,0.000686,0.000788,0.000823,4.451812,4.451895,4.450989,8.30000000000553e-05,4.4468,0.0177309448242191
"2026-05-21T13:32:57.850Z","run",134,"http://client3:8000","run","http://client3:8000/run",1,TRUE,200,307,236,4.3352792263031,"2026-05-21T13:32:53.509648Z","2026-05-21T13:32:57.844927Z",1779370373.50965,1779370377.84493,0.000565,0.000662,0.000694,4.331767,4.331921,4.331073,0.00015400000000021,4.3271,0.00817922630310086
"2026-05-21T13:33:06.754Z","run",135,"http://client1:8000","run","http://client1:8000/run",1,TRUE,200,307,240,4.52176094055176,"2026-05-21T13:32:57.866018Z","2026-05-21T13:33:02.387779Z",1779370377.86602,1779370382.38778,0.000627,0.000708,0.000739,4.503138,4.503241,4.502399,0.000103000000000186,4.4994,0.0223609405517582
"2026-05-21T13:33:06.754Z","run",135,"http://client2:8000","run","http://client2:8000/run",1,TRUE,200,307,242,4.48332333564758,"2026-05-21T13:32:57.866964Z","2026-05-21T13:33:02.350287Z",1779370377.86696,1779370382.35029,0.000583,0.000659,0.00068,4.46557,4.46572,4.46489,0.000150000000000539,4.4618,0.0215233356475828
"2026-05-21T13:33:06.754Z","run",135,"http://client3:8000","run","http://client3:8000/run",1,TRUE,200,307,241,4.34504890441895,"2026-05-21T13:33:02.396055Z","2026-05-21T13:33:06.741104Z",1779370382.39606,1779370386.7411,0.000562,0.000642,0.000661,4.341901,4.342005,4.34124,0.000104000000000326,4.3375,0.00754890441894496
"2026-05-21T13:33:15.715Z","run",136,"http://client1:8000","run","http://client1:8000/run",1,TRUE,200,307,239,4.57871794700623,"2026-05-21T13:33:06.774291Z","2026-05-21T13:33:11.353008Z",1779370386.77429,1779370391.35301,0.000696,0.000778,0.000823,4.562965,4.563102,4.562142,0.00013699999999961,4.558,0.0207179470062258
"2026-05-21T13:33:15.715Z","run",136,"http://client2:8000","run","http://client2:8000/run",1,TRUE,200,307,242,4.48974442481995,"2026-05-21T13:33:06.776466Z","2026-05-21T13:33:11.266210Z",1779370386.77647,1779370391.26621,0.00056,0.000639,0.000669,4.473949,4.474104,4.47328,0.000154999999999461,4.4702,0.0195444248199461
"2026-05-21T13:33:15.715Z","run",136,"http://client3:8000","run","http://client3:8000/run",1,TRUE,200,307,241,4.35010957717896,"2026-05-21T13:33:11.359927Z","2026-05-21T13:33:15.710037Z",1779370391.35993,1779370395.71004,0.000482,0.000585,0.000614,4.347041,4.347177,4.346427,0.000136000000000358,4.3417,0.00840957717895474
"2026-05-21T13:33:24.584Z","run",137,"http://client1:8000","run","http://client1:8000/run",1,TRUE,200,306,240,4.50384855270386,"2026-05-21T13:33:15.732873Z","2026-05-21T13:33:20.236721Z",1779370395.73287,1779370400.23672,0.000607,0.00073,0.000765,4.487672,4.487806,4.486907,0.000134000000000079,4.4824,0.0214485527038573
"2026-05-21T13:33:24.584Z","run",137,"http://client2:8000","run","http://client2:8000/run",1,TRUE,200,306,243,4.48653960227966,"2026-05-21T13:33:15.733811Z","2026-05-21T13:33:20.220351Z",1779370395.73381,1779370400.22035,0.000493,0.000561,0.00058,4.468843,4.468963,4.468263,0.000119999999999898,4.4645,0.022039602279663
"2026-05-21T13:33:24.584Z","run",137,"http://client3:8000","run","http://client3:8000/run",1,TRUE,200,306,240,4.33240056037903,"2026-05-21T13:33:20.244333Z","2026-05-21T13:33:24.576734Z",1779370400.24433,1779370404.57673,0.000498,0.000593,0.000623,4.328982,4.329143,4.328359,0.0001610000000003,4.3245,0.00790056037902875
"2026-05-21T13:33:33.535Z","run",138,"http://client1:8000","run","http://client1:8000/run",1,TRUE,200,306,240,4.54608821868896,"2026-05-21T13:33:24.601615Z","2026-05-21T13:33:29.147703Z",1779370404.60162,1779370409.1477,0.000667,0.000771,0.000809,4.53254,4.532648,4.531731,0.000107999999999997,4.5276,0.0184882186889652
"2026-05-21T13:33:33.535Z","run",138,"http://client2:8000","run","http://client2:8000/run",1,TRUE,200,306,243,4.50935673713684,"2026-05-21T13:33:24.603802Z","2026-05-21T13:33:29.113159Z",1779370404.6038,1779370409.11316,0.000498,0.000722,0.000764,4.495879,4.496005,4.495115,0.000125999999999848,4.4913,0.018056737136841
"2026-05-21T13:33:33.535Z","run",138,"http://client3:8000","run","http://client3:8000/run",1,TRUE,200,306,240,4.37516760826111,"2026-05-21T13:33:29.154935Z","2026-05-21T13:33:33.530103Z",1779370409.15494,1779370413.5301,0.000573,0.000675,0.000704,4.371844,4.371991,4.37114,0.000147000000000119,4.3672,0.00796760826110798
"2026-05-21T13:33:42.589Z","run",139,"http://client1:8000","run","http://client1:8000/run",1,TRUE,200,307,238,4.58328890800476,"2026-05-21T13:33:33.550219Z","2026-05-21T13:33:38.133507Z",1779370413.55022,1779370418.13351,0.000573,0.000722,0.000758,4.566642,4.56677,4.565884,0.000128000000000128,4.5623,0.0209889080047612
"2026-05-21T13:33:42.589Z","run",139,"http://client2:8000","run","http://client2:8000/run",1,TRUE,200,307,240,4.52620720863342,"2026-05-21T13:33:33.550607Z","2026-05-21T13:33:38.076814Z",1779370413.55061,1779370418.07681,0.000712,0.000816,0.00085,4.512569,4.512651,4.511719,8.19999999999155e-05,4.508,0.0182072086334228
"2026-05-21T13:33:42.589Z","run",139,"http://client3:8000","run","http://client3:8000/run",1,TRUE,200,307,240,4.4433958530426,"2026-05-21T13:33:38.140893Z","2026-05-21T13:33:42.584289Z",1779370418.14089,1779370422.58429,0.000656,0.000738,0.000758,4.434048,4.434075,4.43329,2.70000000002213e-05,4.4291,0.0142958530426025
"2026-05-21T13:33:51.957Z","run",140,"http://client1:8000","run","http://client1:8000/run",1,TRUE,200,307,238,4.748122215271,"2026-05-21T13:33:42.610776Z","2026-05-21T13:33:47.358899Z",1779370422.61078,1779370427.3589,0.000817,0.000887,0.000909,4.728597,4.728748,4.727688,0.000151000000000678,4.5682,0.179922215270996
"2026-05-21T13:33:51.957Z","run",140,"http://client2:8000","run","http://client2:8000/run",1,TRUE,200,307,241,4.70857167243958,"2026-05-21T13:33:42.611534Z","2026-05-21T13:33:47.320105Z",1779370422.61153,1779370427.32011,0.000677,0.00079,0.000829,4.689529,4.689863,4.6887,0.000333999999999612,4.5317,0.176871672439575
"2026-05-21T13:33:51.957Z","run",140,"http://client3:8000","run","http://client3:8000/run",1,TRUE,200,307,240,4.58683443069458,"2026-05-21T13:33:47.365993Z","2026-05-21T13:33:51.952827Z",1779370427.36599,1779370431.95283,0.000496,0.000586,0.000614,4.583896,4.584017,4.583282,0.000121000000000038,4.4238,0.16303443069458
"2026-05-21T13:34:00.377Z","run",141,"http://client1:8000","run","http://client1:8000/run",1,TRUE,200,306,239,4.26489901542664,"2026-05-21T13:33:51.975570Z","2026-05-21T13:33:56.240469Z",1779370431.97557,1779370436.24047,0.000747,0.00087,0.000907,4.250624,4.250765,4.249717,0.000141000000000169,4.2468,0.0180990154266354
"2026-05-21T13:34:00.377Z","run",141,"http://client2:8000","run","http://client2:8000/run",1,TRUE,200,306,243,4.23396015167236,"2026-05-21T13:33:51.976634Z","2026-05-21T13:33:56.210594Z",1779370431.97663,1779370436.21059,0.000619,0.000725,0.000757,4.2194,4.219495,4.218643,9.49999999999562e-05,4.216,0.0179601516723631
"2026-05-21T13:34:00.377Z","run",141,"http://client3:8000","run","http://client3:8000/run",1,TRUE,200,306,239,4.11980271339417,"2026-05-21T13:33:56.253175Z","2026-05-21T13:34:00.372978Z",1779370436.25318,1779370440.37298,0.000578,0.000677,0.000705,4.115684,4.115803,4.114979,0.000118999999999758,4.1116,0.0082027133941649
"2026-05-21T13:34:08.864Z","run",142,"http://client1:8000","run","http://client1:8000/run",1,TRUE,200,306,238,4.31003761291504,"2026-05-21T13:34:00.392718Z","2026-05-21T13:34:04.702756Z",1779370440.39272,1779370444.70276,0.00066,0.000878,0.000914,4.295866,4.29599,4.294952,0.000123999999999569,4.291,0.0190376129150387
"2026-05-21T13:34:08.864Z","run",142,"http://client2:8000","run","http://client2:8000/run",1,TRUE,200,306,244,4.27566432952881,"2026-05-21T13:34:00.394469Z","2026-05-21T13:34:04.670133Z",1779370440.39447,1779370444.67013,0.000691,0.000773,0.000805,4.261879,4.261963,4.261074,8.39999999993069e-05,4.2578,0.017864329528809
"2026-05-21T13:34:08.864Z","run",142,"http://client3:8000","run","http://client3:8000/run",1,TRUE,200,306,239,4.14690709114075,"2026-05-21T13:34:04.710220Z","2026-05-21T13:34:08.857127Z",1779370444.71022,1779370448.85713,0.000595,0.000691,0.00072,4.143791,4.143824,4.143071,3.30000000001718e-05,4.1387,0.00820709114074702
"2026-05-21T13:34:17.387Z","run",143,"http://client1:8000","run","http://client1:8000/run",1,TRUE,200,307,241,4.3250036239624,"2026-05-21T13:34:08.879157Z","2026-05-21T13:34:13.204160Z",1779370448.87916,1779370453.20416,0.000703,0.000805,0.00084,4.311893,4.311998,4.311053,0.000104999999999578,4.3079,0.0171036239624023
"2026-05-21T13:34:17.387Z","run",143,"http://client2:8000","run","http://client2:8000/run",1,TRUE,200,307,241,4.27780961990356,"2026-05-21T13:34:08.881119Z","2026-05-21T13:34:13.158929Z",1779370448.88112,1779370453.15893,0.000626,0.000732,0.000765,4.26143,4.261555,4.260665,0.000125000000000597,4.2575,0.0203096199035642
"2026-05-21T13:34:17.387Z","run",143,"http://client3:8000","run","http://client3:8000/run",1,TRUE,200,307,240,4.1603536605835,"2026-05-21T13:34:13.221178Z","2026-05-21T13:34:17.381531Z",1779370453.22118,1779370457.38153,0.00055,0.000655,0.000684,4.156367,4.156402,4.155683,3.49999999995632e-05,4.1516,0.00875366058349591
"2026-05-21T13:34:25.922Z","run",144,"http://client1:8000","run","http://client1:8000/run",1,TRUE,200,307,241,4.32482647895813,"2026-05-21T13:34:17.409951Z","2026-05-21T13:34:21.734778Z",1779370457.40995,1779370461.73478,0.000664,0.000781,0.000815,4.310461,4.310612,4.309646,0.00015099999999979,4.3059,0.0189264789581296
"2026-05-21T13:34:25.922Z","run",144,"http://client2:8000","run","http://client2:8000/run",1,TRUE,200,307,241,4.32391953468323,"2026-05-21T13:34:17.410892Z","2026-05-21T13:34:21.734812Z",1779370457.41089,1779370461.73481,0.000453,0.000536,0.000567,4.310063,4.31017,4.309496,0.000106999999999857,4.3061,0.0178195346832277
"2026-05-21T13:34:25.922Z","run",144,"http://client3:8000","run","http://client3:8000/run",1,TRUE,200,307,240,4.17418622970581,"2026-05-21T13:34:21.742780Z","2026-05-21T13:34:25.916966Z",1779370461.74278,1779370465.91697,0.000679,0.000764,0.000783,4.170974,4.171101,4.170191,0.000126999999999988,4.1672,0.00698622970581031
"2026-05-21T13:34:34.475Z","run",145,"http://client1:8000","run","http://client1:8000/run",1,TRUE,200,307,241,4.32870054244995,"2026-05-21T13:34:25.938308Z","2026-05-21T13:34:30.267008Z",1779370465.93831,1779370470.26701,0.000674,0.000784,0.000828,4.308166,4.308307,4.307338,0.000141000000000169,4.3038,0.0249005424499513
"2026-05-21T13:34:34.475Z","run",145,"http://client2:8000","run","http://client2:8000/run",1,TRUE,200,307,242,4.30947804450989,"2026-05-21T13:34:25.939341Z","2026-05-21T13:34:30.248819Z",1779370465.93934,1779370470.24882,0.000557,0.000667,7e-04,4.289254,4.289455,4.288554,0.000201000000000562,4.2849,0.0245780445098873
"2026-05-21T13:34:34.475Z","run",145,"http://client3:8000","run","http://client3:8000/run",1,TRUE,200,307,241,4.19308471679688,"2026-05-21T13:34:30.275539Z","2026-05-21T13:34:34.468624Z",1779370470.27554,1779370474.46862,0.000535,0.000631,0.00066,4.189784,4.189938,4.189124,0.000153999999999321,4.1851,0.00798471679687474
"2026-05-21T13:34:43.087Z","run",146,"http://client1:8000","run","http://client1:8000/run",1,TRUE,200,307,241,4.37971997261047,"2026-05-21T13:34:34.491271Z","2026-05-21T13:34:38.870991Z",1779370474.49127,1779370478.87099,0.000736,0.000817,0.000837,4.366508,4.366641,4.365671,0.000133000000000827,4.3617,0.0180199726104737
"2026-05-21T13:34:43.087Z","run",146,"http://client2:8000","run","http://client2:8000/run",1,TRUE,200,307,242,4.35226583480835,"2026-05-21T13:34:34.493264Z","2026-05-21T13:34:38.845530Z",1779370474.49326,1779370478.84553,0.000635,0.000726,0.000763,4.335208,4.335354,4.334445,0.000145999999999979,4.3298,0.02246583480835
"2026-05-21T13:34:43.087Z","run",146,"http://client3:8000","run","http://client3:8000/run",1,TRUE,200,307,241,4.20490384101868,"2026-05-21T13:34:38.877942Z","2026-05-21T13:34:43.082846Z",1779370478.87794,1779370483.08285,0.000533,0.000747,0.000768,4.202168,4.20229,4.2014,0.000121999999999289,4.1979,0.00700384101867702
"2026-05-21T13:34:51.706Z","run",147,"http://client1:8000","run","http://client1:8000/run",1,TRUE,200,305,239,4.37129902839661,"2026-05-21T13:34:43.101732Z","2026-05-21T13:34:47.473031Z",1779370483.10173,1779370487.47303,0.00051,0.000574,0.000598,4.35354,4.35366,4.352942,0.000119999999999898,4.3499,0.0213990283966066
"2026-05-21T13:34:51.706Z","run",147,"http://client2:8000","run","http://client2:8000/run",1,TRUE,200,305,242,4.35675001144409,"2026-05-21T13:34:43.102548Z","2026-05-21T13:34:47.459298Z",1779370483.10255,1779370487.4593,0.000499,0.000573,0.000597,4.33912,4.339242,4.338523,0.000121999999999289,4.3353,0.0214500114440916
"2026-05-21T13:34:51.706Z","run",147,"http://client3:8000","run","http://client3:8000/run",1,TRUE,200,305,240,4.21803760528564,"2026-05-21T13:34:47.482782Z","2026-05-21T13:34:51.700820Z",1779370487.48278,1779370491.70082,0.00061,0.000697,0.000716,4.214876,4.214901,4.21416,2.49999999999417e-05,4.2111,0.00693760528564447
"2026-05-21T13:35:00.339Z","run",148,"http://client1:8000","run","http://client1:8000/run",1,TRUE,200,305,239,4.3863730430603,"2026-05-21T13:34:51.727479Z","2026-05-21T13:34:56.113852Z",1779370491.72748,1779370496.11385,0.000607,0.000714,0.000748,4.372794,4.372878,4.372046,8.4000000000195e-05,4.3677,0.0186730430603026
"2026-05-21T13:35:00.339Z","run",148,"http://client2:8000","run","http://client2:8000/run",1,TRUE,200,305,241,4.36176419258118,"2026-05-21T13:34:51.729070Z","2026-05-21T13:34:56.090834Z",1779370491.72907,1779370496.09083,0.000696,0.000804,0.000838,4.348478,4.348616,4.34764,0.000137999999999749,4.343,0.0187641925811768
"2026-05-21T13:35:00.339Z","run",148,"http://client3:8000","run","http://client3:8000/run",1,TRUE,200,305,240,4.21081328392029,"2026-05-21T13:34:56.120919Z","2026-05-21T13:35:00.331732Z",1779370496.12092,1779370500.33173,0.000573,0.000674,0.000702,4.207418,4.207581,4.206716,0.000163000000000579,4.2017,0.00911328392028832
"2026-05-21T13:35:09.020Z","run",149,"http://client1:8000","run","http://client1:8000/run",1,TRUE,200,306,242,4.38749194145203,"2026-05-21T13:35:00.356644Z","2026-05-21T13:35:04.744136Z",1779370500.35664,1779370504.74414,0.000699,0.000799,0.000834,4.37294,4.373029,4.372106,8.90000000000057e-05,4.3677,0.0197919414520262
"2026-05-21T13:35:09.020Z","run",149,"http://client2:8000","run","http://client2:8000/run",1,TRUE,200,306,240,4.42491364479065,"2026-05-21T13:35:00.358449Z","2026-05-21T13:35:04.783362Z",1779370500.35845,1779370504.78336,0.000613,0.000715,0.00075,4.410787,4.410922,4.410037,0.000135000000000218,4.4058,0.0191136447906493
"2026-05-21T13:35:09.020Z","run",149,"http://client3:8000","run","http://client3:8000/run",1,TRUE,200,306,241,4.2609646320343,"2026-05-21T13:35:04.754611Z","2026-05-21T13:35:09.015576Z",1779370504.75461,1779370509.01558,0.000569,0.000687,0.00072,4.257634,4.257804,4.256914,0.000169999999999781,4.2509,0.0100646320343021
"2026-05-21T13:35:18.017Z","run",150,"http://client1:8000","run","http://client1:8000/run",1,TRUE,200,306,242,4.5804135799408,"2026-05-21T13:35:09.036151Z","2026-05-21T13:35:13.616565Z",1779370509.03615,1779370513.61657,0.000661,0.00078,0.000814,4.566985,4.567065,4.566171,8.00000000005241e-05,4.5629,0.0175135799407959
"2026-05-21T13:35:18.017Z","run",150,"http://client2:8000","run","http://client2:8000/run",1,TRUE,200,306,240,4.5408821105957,"2026-05-21T13:35:09.037632Z","2026-05-21T13:35:13.578514Z",1779370509.03763,1779370513.57851,0.000663,0.000762,0.000796,4.527014,4.527094,4.526218,7.99999999996359e-05,4.5231,0.0177821105957028
"2026-05-21T13:35:18.017Z","run",150,"http://client3:8000","run","http://client3:8000/run",1,TRUE,200,306,241,4.38715553283691,"2026-05-21T13:35:13.623611Z","2026-05-21T13:35:18.010767Z",1779370513.62361,1779370518.01077,0.000546,0.000648,0.000676,4.383907,4.384076,4.383231,0.00016900000000053,4.3791,0.00805553283691385
"2026-05-21T13:35:26.958Z","run",151,"http://client1:8000","run","http://client1:8000/run",1,TRUE,200,307,241,4.56157493591309,"2026-05-21T13:35:18.031527Z","2026-05-21T13:35:22.593101Z",1779370518.03153,1779370522.5931,0.000519,0.000596,0.000618,4.54216,4.54219,4.541542,2.99999999997524e-05,4.5383,0.0232749359130864
"2026-05-21T13:35:26.958Z","run",151,"http://client2:8000","run","http://client2:8000/run",1,TRUE,200,307,243,4.53137421607971,"2026-05-21T13:35:18.032296Z","2026-05-21T13:35:22.563670Z",1779370518.0323,1779370522.56367,0.000549,0.000609,0.00063,4.512695,4.512729,4.512065,3.40000000003116e-05,4.5079,0.0234742160797117
"2026-05-21T13:35:26.958Z","run",151,"http://client3:8000","run","http://client3:8000/run",1,TRUE,200,307,240,4.35319018363953,"2026-05-21T13:35:22.600853Z","2026-05-21T13:35:26.954043Z",1779370522.60085,1779370526.95404,0.000478,0.00057,0.000599,4.348708,4.348815,4.348109,0.000106999999999857,4.3449,0.00829018363952638
"2026-05-21T13:35:35.966Z","run",152,"http://client1:8000","run","http://client1:8000/run",1,TRUE,200,307,241,4.53623390197754,"2026-05-21T13:35:26.979013Z","2026-05-21T13:35:31.515247Z",1779370526.97901,1779370531.51525,0.000669,0.000767,8e-04,4.52171,4.521825,4.52091,0.000115000000000087,4.5176,0.0186339019775392
"2026-05-21T13:35:35.966Z","run",152,"http://client2:8000","run","http://client2:8000/run",1,TRUE,200,307,243,4.53546071052551,"2026-05-21T13:35:26.981245Z","2026-05-21T13:35:31.516705Z",1779370526.98125,1779370531.51671,0.000554,0.000654,0.000689,4.522229,4.52231,4.52154,8.09999999997757e-05,4.5185,0.0169607105255123
"2026-05-21T13:35:35.966Z","run",152,"http://client3:8000","run","http://client3:8000/run",1,TRUE,200,307,240,4.43509864807129,"2026-05-21T13:35:31.526931Z","2026-05-21T13:35:35.962029Z",1779370531.52693,1779370535.96203,0.00057,0.000673,0.000702,4.431892,4.432012,4.43119,0.000119999999999898,4.4279,0.00719864807128889
"2026-05-21T13:35:44.906Z","run",153,"http://client1:8000","run","http://client1:8000/run",1,TRUE,200,307,238,4.54180455207825,"2026-05-21T13:35:35.981229Z","2026-05-21T13:35:40.523033Z",1779370535.98123,1779370540.52303,0.00062,0.000726,0.00076,4.527777,4.527853,4.527017,7.5999999999965e-05,4.5228,0.0190045520782469
"2026-05-21T13:35:44.906Z","run",153,"http://client2:8000","run","http://client2:8000/run",1,TRUE,200,307,241,4.52120161056519,"2026-05-21T13:35:35.983021Z","2026-05-21T13:35:40.504223Z",1779370535.98302,1779370540.50422,0.000577,0.000668,0.000699,4.504895,4.505015,4.504196,0.000119999999999898,4.5012,0.0200016105651857
"2026-05-21T13:35:44.906Z","run",153,"http://client3:8000","run","http://client3:8000/run",1,TRUE,200,307,239,4.363685131073,"2026-05-21T13:35:40.535271Z","2026-05-21T13:35:44.898956Z",1779370540.53527,1779370544.89896,0.000564,0.000677,0.000705,4.36012,4.360271,4.359415,0.00015099999999979,4.3548,0.00888513107299804
"2026-05-21T13:35:53.797Z","run",154,"http://client1:8000","run","http://client1:8000/run",1,TRUE,200,307,238,4.52864384651184,"2026-05-21T13:35:44.925007Z","2026-05-21T13:35:49.453651Z",1779370544.92501,1779370549.45365,0.000698,0.000815,0.000885,4.514886,4.51503,4.514001,0.000144000000000588,4.5107,0.0179438465118409
"2026-05-21T13:35:53.797Z","run",154,"http://client2:8000","run","http://client2:8000/run",1,TRUE,200,307,241,4.5001494884491,"2026-05-21T13:35:44.926959Z","2026-05-21T13:35:49.427108Z",1779370544.92696,1779370549.42711,0.000634,0.000717,0.000738,4.486702,4.486847,4.485964,0.00014499999999984,4.4825,0.0176494884490968
"2026-05-21T13:35:53.797Z","run",154,"http://client3:8000","run","http://client3:8000/run",1,TRUE,200,307,239,4.3309690952301,"2026-05-21T13:35:49.461284Z","2026-05-21T13:35:53.792253Z",1779370549.46128,1779370553.79225,0.00037,0.000443,0.000461,4.328138,4.328274,4.327677,0.000136000000000358,4.3248,0.00616909523010278
"2026-05-21T13:36:02.674Z","run",155,"http://client1:8000","run","http://client1:8000/run",1,TRUE,200,306,242,4.51242089271545,"2026-05-21T13:35:53.812078Z","2026-05-21T13:35:58.324499Z",1779370553.81208,1779370558.3245,0.000686,0.000785,0.000817,4.491365,4.491478,4.490548,0.000112999999999808,4.4872,0.0252208927154545
"2026-05-21T13:36:02.674Z","run",155,"http://client2:8000","run","http://client2:8000/run",1,TRUE,200,306,242,4.47982382774353,"2026-05-21T13:35:53.813531Z","2026-05-21T13:35:58.293355Z",1779370553.81353,1779370558.29336,0.000676,0.000777,0.000811,4.457442,4.457556,4.456631,0.000113999999999947,4.4534,0.02642382774353
"2026-05-21T13:36:02.674Z","run",155,"http://client3:8000","run","http://client3:8000/run",1,TRUE,200,306,240,4.33636260032654,"2026-05-21T13:35:58.332044Z","2026-05-21T13:36:02.668407Z",1779370558.33204,1779370562.66841,0.000578,0.00067,0.000698,4.332947,4.333055,4.332249,0.000107999999999997,4.328,0.00836260032653779
"2026-05-21T13:36:11.645Z","run",156,"http://client1:8000","run","http://client1:8000/run",1,TRUE,200,306,242,4.59639811515808,"2026-05-21T13:36:02.695738Z","2026-05-21T13:36:07.292136Z",1779370562.69574,1779370567.29214,0.000684,0.000785,0.000818,4.582798,4.582916,4.58198,0.000117999999999618,4.5786,0.0177981151580813
"2026-05-21T13:36:11.645Z","run",156,"http://client2:8000","run","http://client2:8000/run",1,TRUE,200,306,242,4.48536396026611,"2026-05-21T13:36:02.696511Z","2026-05-21T13:36:07.181875Z",1779370562.69651,1779370567.18188,0.000672,0.000779,0.000811,4.470632,4.470727,4.469821,9.49999999999562e-05,4.4668,0.0185639602661132
"2026-05-21T13:36:11.645Z","run",156,"http://client3:8000","run","http://client3:8000/run",1,TRUE,200,306,241,4.340407371521,"2026-05-21T13:36:07.299383Z","2026-05-21T13:36:11.639791Z",1779370567.29938,1779370571.63979,0.000524,0.000622,0.000651,4.337052,4.337167,4.336401,0.000115000000000087,4.3328,0.00760737152099633
"2026-05-21T13:36:20.540Z","run",157,"http://client1:8000","run","http://client1:8000/run",1,TRUE,200,307,242,4.49911069869995,"2026-05-21T13:36:11.660995Z","2026-05-21T13:36:16.160106Z",1779370571.661,1779370576.16011,0.000743,0.000847,0.00088,4.481222,4.481311,4.480342,8.90000000000057e-05,4.4767,0.022410698699951
"2026-05-21T13:36:20.540Z","run",157,"http://client2:8000","run","http://client2:8000/run",1,TRUE,200,307,243,4.501793384552,"2026-05-21T13:36:11.661693Z","2026-05-21T13:36:16.163487Z",1779370571.66169,1779370576.16349,0.000516,0.000638,0.000673,4.483496,4.483662,4.482823,0.000166000000000111,4.4795,0.0222933845520021
"2026-05-21T13:36:20.540Z","run",157,"http://client3:8000","run","http://client3:8000/run",1,TRUE,200,307,241,4.36831402778625,"2026-05-21T13:36:16.167389Z","2026-05-21T13:36:20.535703Z",1779370576.16739,1779370580.5357,0.000542,0.000645,0.000675,4.364803,4.364923,4.364128,0.000119999999999898,4.3593,0.00901402778625471
"2026-05-21T13:36:29.448Z","run",158,"http://client1:8000","run","http://client1:8000/run",1,TRUE,200,307,242,4.53609251976013,"2026-05-21T13:36:20.556834Z","2026-05-21T13:36:25.092926Z",1779370580.55683,1779370585.09293,0.000529,0.000614,0.000645,4.520115,4.520246,4.51947,0.000131000000000547,4.5163,0.0197925197601316
"2026-05-21T13:36:29.448Z","run",158,"http://client2:8000","run","http://client2:8000/run",1,TRUE,200,307,243,4.55039048194885,"2026-05-21T13:36:20.557614Z","2026-05-21T13:36:25.108005Z",1779370580.55761,1779370585.10801,0.000724,0.000834,0.000868,4.535651,4.535786,4.534783,0.000135000000000218,4.5309,0.0194904819488526
"2026-05-21T13:36:29.448Z","run",158,"http://client3:8000","run","http://client3:8000/run",1,TRUE,200,307,241,4.33962345123291,"2026-05-21T13:36:25.103562Z","2026-05-21T13:36:29.443185Z",1779370585.10356,1779370589.44319,0.000532,0.000631,0.000659,4.336131,4.336289,4.335472,0.00015799999999988,4.3312,0.00842345123291022
"2026-05-21T13:36:38.231Z","run",159,"http://client1:8000","run","http://client1:8000/run",1,TRUE,200,306,241,4.43822240829468,"2026-05-21T13:36:29.466953Z","2026-05-21T13:36:33.905176Z",1779370589.46695,1779370593.90518,0.000691,0.000784,0.000819,4.421959,4.422099,4.42114,0.000140000000000029,4.418,0.0202224082946776
"2026-05-21T13:36:38.231Z","run",159,"http://client2:8000","run","http://client2:8000/run",1,TRUE,200,306,240,4.46921539306641,"2026-05-21T13:36:29.468063Z","2026-05-21T13:36:33.937278Z",1779370589.46806,1779370593.93728,0.000616,0.000693,0.000715,4.454704,4.454839,4.453989,0.00013499999999933,4.4493,0.0199153930664062
"2026-05-21T13:36:38.231Z","run",159,"http://client3:8000","run","http://client3:8000/run",1,TRUE,200,306,240,4.3134069442749,"2026-05-21T13:36:33.912806Z","2026-05-21T13:36:38.226213Z",1779370593.91281,1779370598.22621,0.000536,0.000647,0.000677,4.310034,4.31017,4.309357,0.000136000000000358,4.3048,0.00860694427490216
"2026-05-21T13:36:47.078Z","run",160,"http://client1:8000","run","http://client1:8000/run",1,TRUE,200,306,242,4.41829085350037,"2026-05-21T13:36:38.250186Z","2026-05-21T13:36:42.668477Z",1779370598.25019,1779370602.66848,0.000585,0.000662,0.000682,4.405172,4.405218,4.40449,4.59999999993244e-05,4.2564,0.161890853500366
"2026-05-21T13:36:47.078Z","run",160,"http://client2:8000","run","http://client2:8000/run",1,TRUE,200,306,239,4.54521369934082,"2026-05-21T13:36:38.250740Z","2026-05-21T13:36:42.795954Z",1779370598.25074,1779370602.79595,0.000587,0.000661,0.000682,4.53197,4.532114,4.531288,0.0001439999999997,4.382,0.163213699340821
"2026-05-21T13:36:47.078Z","run",160,"http://client3:8000","run","http://client3:8000/run",1,TRUE,200,306,240,4.39749526977539,"2026-05-21T13:36:42.675811Z","2026-05-21T13:36:47.073306Z",1779370602.67581,1779370607.07331,0.000531,0.000638,0.000665,4.394454,4.394563,4.393789,0.000109000000000137,4.2449,0.15259526977539
"2026-05-21T13:36:55.617Z","run",161,"http://client1:8000","run","http://client1:8000/run",1,TRUE,200,307,240,4.24028730392456,"2026-05-21T13:36:47.092977Z","2026-05-21T13:36:51.333264Z",1779370607.09298,1779370611.33326,0.00051,0.000636,0.000672,4.226255,4.226383,4.225583,0.000128000000000128,4.2219,0.0183873039245608
"2026-05-21T13:36:55.617Z","run",161,"http://client2:8000","run","http://client2:8000/run",1,TRUE,200,307,243,4.24400973320007,"2026-05-21T13:36:47.093479Z","2026-05-21T13:36:51.337489Z",1779370607.09348,1779370611.33749,0.000549,0.00063,0.000669,4.230456,4.230588,4.229787,0.000131999999999799,4.2271,0.0169097332000732
"2026-05-21T13:36:55.617Z","run",161,"http://client3:8000","run","http://client3:8000/run",1,TRUE,200,307,239,4.2714376449585,"2026-05-21T13:36:51.340674Z","2026-05-21T13:36:55.612112Z",1779370611.34067,1779370615.61211,0.000578,0.000672,7e-04,4.268056,4.268173,4.267356,0.000117000000000367,4.264,0.00743764495849586
"2026-05-21T13:37:04.108Z","run",162,"http://client1:8000","run","http://client1:8000/run",1,TRUE,200,307,240,4.30874085426331,"2026-05-21T13:36:55.633604Z","2026-05-21T13:36:59.942345Z",1779370615.6336,1779370619.94235,0.000451,0.000553,0.000591,4.291206,4.291281,4.290615,7.49999999998252e-05,4.2876,0.0211408542633054
"2026-05-21T13:37:04.108Z","run",162,"http://client2:8000","run","http://client2:8000/run",1,TRUE,200,307,243,4.30373311042786,"2026-05-21T13:36:55.634643Z","2026-05-21T13:36:59.938376Z",1779370615.63464,1779370619.93838,0.000399,0.000486,0.000523,4.283213,4.283353,4.28269,0.000140000000000029,4.2796,0.0241331104278562
"2026-05-21T13:37:04.108Z","run",162,"http://client3:8000","run","http://client3:8000/run",1,TRUE,200,307,240,4.15248584747314,"2026-05-21T13:36:59.949410Z","2026-05-21T13:37:04.101896Z",1779370619.94941,1779370624.1019,0.000577,0.000672,7e-04,4.144239,4.144383,4.143539,0.000144000000000588,4.1396,0.0128858474731448
"2026-05-21T13:37:12.610Z","run",163,"http://client1:8000","run","http://client1:8000/run",1,TRUE,200,306,242,4.30831170082092,"2026-05-21T13:37:04.128283Z","2026-05-21T13:37:08.436595Z",1779370624.12828,1779370628.4366,0.000789,0.000899,0.000933,4.288765,4.288895,4.287832,0.000130000000000408,4.2845,0.0238117008209224
"2026-05-21T13:37:12.610Z","run",163,"http://client2:8000","run","http://client2:8000/run",1,TRUE,200,306,241,4.45188808441162,"2026-05-21T13:37:04.130738Z","2026-05-21T13:37:08.582626Z",1779370624.13074,1779370628.58263,0.000598,0.000705,0.00074,4.431809,4.431896,4.431069,8.69999999997262e-05,4.4271,0.0247880844116208
"2026-05-21T13:37:12.610Z","run",163,"http://client3:8000","run","http://client3:8000/run",1,TRUE,200,306,241,4.16153264045715,"2026-05-21T13:37:08.443564Z","2026-05-21T13:37:12.605096Z",1779370628.44356,1779370632.6051,0.000584,0.000688,0.000717,4.158362,4.158497,4.157645,0.00013499999999933,4.1535,0.00803264045715313
"2026-05-21T13:37:21.129Z","run",164,"http://client1:8000","run","http://client1:8000/run",1,TRUE,200,306,242,4.33904123306274,"2026-05-21T13:37:12.627889Z","2026-05-21T13:37:16.966931Z",1779370632.62789,1779370636.96693,0.00073,0.000841,0.000875,4.324775,4.324879,4.3239,0.000104000000000326,4.3209,0.0181412330627442
"2026-05-21T13:37:21.129Z","run",164,"http://client2:8000","run","http://client2:8000/run",1,TRUE,200,306,241,4.29269862174988,"2026-05-21T13:37:12.628983Z","2026-05-21T13:37:16.921682Z",1779370632.62898,1779370636.92168,0.000591,0.000681,0.000711,4.278842,4.27899,4.278131,0.000148000000000259,4.2749,0.0177986217498782
"2026-05-21T13:37:21.129Z","run",164,"http://client3:8000","run","http://client3:8000/run",1,TRUE,200,306,241,4.1479651927948,"2026-05-21T13:37:16.976860Z","2026-05-21T13:37:21.124825Z",1779370636.97686,1779370641.12483,0.000496,0.000609,0.000637,4.144341,4.144566,4.143704,0.000225000000000364,4.1405,0.00746519279479951
"2026-05-21T13:37:29.838Z","run",165,"http://client1:8000","run","http://client1:8000/run",1,TRUE,200,306,241,4.48431205749512,"2026-05-21T13:37:21.145270Z","2026-05-21T13:37:25.629582Z",1779370641.14527,1779370645.62958,0.000688,0.000789,0.000823,4.470323,4.470407,4.4695,8.4000000000195e-05,4.4652,0.0191120574951169
"2026-05-21T13:37:29.838Z","run",165,"http://client2:8000","run","http://client2:8000/run",1,TRUE,200,306,240,4.48293447494507,"2026-05-21T13:37:21.147612Z","2026-05-21T13:37:25.630547Z",1779370641.14761,1779370645.63055,0.000567,0.000651,0.000683,4.469863,4.469946,4.46918,8.30000000000553e-05,4.466,0.0169344749450682
"2026-05-21T13:37:29.838Z","run",165,"http://client3:8000","run","http://client3:8000/run",1,TRUE,200,306,240,4.19332051277161,"2026-05-21T13:37:25.638051Z","2026-05-21T13:37:29.831372Z",1779370645.63805,1779370649.83137,0.000612,0.000726,0.000757,4.189887,4.190034,4.18913,0.000147000000000119,4.1858,0.00752051277160604
"2026-05-21T13:37:38.479Z","run",166,"http://client1:8000","run","http://client1:8000/run",1,TRUE,200,306,241,4.36863136291504,"2026-05-21T13:37:29.857702Z","2026-05-21T13:37:34.226333Z",1779370649.8577,1779370654.22633,0.00051,0.000588,0.000611,4.355111,4.355162,4.3545,5.10000000000232e-05,4.3515,0.0171313629150394
"2026-05-21T13:37:38.479Z","run",166,"http://client2:8000","run","http://client2:8000/run",1,TRUE,200,306,241,4.35452795028687,"2026-05-21T13:37:29.858232Z","2026-05-21T13:37:34.212760Z",1779370649.85823,1779370654.21276,0.00057,0.000651,0.000685,4.341098,4.341152,4.340413,5.40000000004426e-05,4.3374,0.0171279502868655
"2026-05-21T13:37:38.479Z","run",166,"http://client3:8000","run","http://client3:8000/run",1,TRUE,200,306,240,4.23155832290649,"2026-05-21T13:37:34.238559Z","2026-05-21T13:37:38.470118Z",1779370654.23856,1779370658.47012,0.000508,0.000612,0.000642,4.226089,4.226123,4.225447,3.40000000003116e-05,4.2223,0.00925832290649442
"2026-05-21T13:37:47.132Z","run",167,"http://client1:8000","run","http://client1:8000/run",1,TRUE,200,304,241,4.39236164093018,"2026-05-21T13:37:38.504960Z","2026-05-21T13:37:42.897322Z",1779370658.50496,1779370662.89732,0.000677,0.000782,0.000818,4.374716,4.374794,4.373898,7.79999999993564e-05,4.3707,0.0216616409301755
"2026-05-21T13:37:47.132Z","run",167,"http://client2:8000","run","http://client2:8000/run",1,TRUE,200,304,240,4.38532996177673,"2026-05-21T13:37:38.505666Z","2026-05-21T13:37:42.890995Z",1779370658.50567,1779370662.891,0.000613,0.000716,0.00075,4.366748,4.366852,4.365998,0.000103999999999438,4.3627,0.0226299617767332
"2026-05-21T13:37:47.132Z","run",167,"http://client3:8000","run","http://client3:8000/run",1,TRUE,200,304,239,4.21831464767456,"2026-05-21T13:37:42.906226Z","2026-05-21T13:37:47.124541Z",1779370662.90623,1779370667.12454,0.000509,6e-04,0.000628,4.214884,4.215016,4.214256,0.000132000000000687,4.2111,0.00721464767456048
"2026-05-21T13:37:55.806Z","run",168,"http://client1:8000","run","http://client1:8000/run",1,TRUE,200,304,241,4.40872502326965,"2026-05-21T13:37:47.150228Z","2026-05-21T13:37:51.558953Z",1779370667.15023,1779370671.55895,0.000668,0.000779,0.000814,4.394678,4.394811,4.393864,0.000132999999999939,4.3907,0.0180250232696535
"2026-05-21T13:37:55.806Z","run",168,"http://client2:8000","run","http://client2:8000/run",1,TRUE,200,304,240,4.44521284103394,"2026-05-21T13:37:47.151221Z","2026-05-21T13:37:51.596434Z",1779370667.15122,1779370671.59643,0.000572,0.000683,0.000717,4.431146,4.431293,4.430429,0.000147000000000119,4.4273,0.0179128410339358
"2026-05-21T13:37:55.806Z","run",168,"http://client3:8000","run","http://client3:8000/run",1,TRUE,200,304,239,4.23278498649597,"2026-05-21T13:37:51.568995Z","2026-05-21T13:37:55.801780Z",1779370671.569,1779370675.80178,0.000517,6e-04,0.000619,4.229936,4.230059,4.229317,0.000122999999999429,4.2249,0.0078849864959718
