"timestamp","phase","round_id","client","endpoint","url","attempt","ok","status","request_bytes","response_bytes","elapsed_sec","request_start_ts_utc","request_end_ts_utc","request_start_epoch_sec","request_end_epoch_sec","curl_namelookup_sec","curl_connect_sec","curl_pretransfer_sec","curl_starttransfer_sec","curl_total_sec","curl_ttfb_sec","curl_response_transfer_sec","client_compute_sec","net_overhead_sec"
"2026-05-22T01:46:53.546Z","init",1,"http://client1:8000","init","http://client1:8000/init",1,TRUE,200,2713,387,0.366346836090088,"2026-05-22T01:46:53.121919Z","2026-05-22T01:46:53.488266Z",1779414413.12192,1779414413.48827,0.000677,8e-04,0.000843,0.352307,0.352355,0.351464,4.79999999999925e-05,NA,NA
"2026-05-22T01:46:53.546Z","init",1,"http://client2:8000","init","http://client2:8000/init",1,TRUE,200,2713,387,0.362411022186279,"2026-05-22T01:46:53.122920Z","2026-05-22T01:46:53.485331Z",1779414413.12292,1779414413.48533,0.000642,0.000719,0.000756,0.348814,0.348867,0.348058,5.29999999999697e-05,NA,NA
"2026-05-22T01:46:53.546Z","init",1,"http://client3:8000","init","http://client3:8000/init",1,TRUE,200,2713,387,0.365254640579224,"2026-05-22T01:46:53.126122Z","2026-05-22T01:46:53.491377Z",1779414413.12612,1779414413.49138,0.000608,0.000735,0.000779,0.347571,0.34762,0.346792,4.89999999999657e-05,NA,NA
"2026-05-22T01:46:59.460Z","run_bootstrap",1,"http://client1:8000","run","http://client1:8000/run",1,TRUE,200,1108,252,5.50360655784607,"2026-05-22T01:46:53.763538Z","2026-05-22T01:46:59.267145Z",1779414413.76354,1779414419.26715,0.000637,0.000747,0.000789,5.490072,5.490123,5.489283,5.10000000000232e-05,5.43,0.0736065578460696
"2026-05-22T01:46:59.460Z","run_bootstrap",1,"http://client2:8000","run","http://client2:8000/run",1,TRUE,200,1108,257,5.51484155654907,"2026-05-22T01:46:53.765271Z","2026-05-22T01:46:59.280113Z",1779414413.76527,1779414419.28011,6e-04,0.000714,0.000757,5.501932,5.501974,5.501175,4.19999999996534e-05,5.4468,0.0680415565490726
"2026-05-22T01:46:59.460Z","run_bootstrap",1,"http://client3:8000","run","http://client3:8000/run",1,TRUE,200,1108,251,5.68928217887878,"2026-05-22T01:46:53.766149Z","2026-05-22T01:46:59.455431Z",1779414413.76615,1779414419.45543,0.000571,0.00068,0.000723,5.670098,5.670146,5.669375,4.79999999996039e-05,5.615,0.074282178878784
"2026-05-22T01:47:03.300Z","run_bootstrap",2,"http://client1:8000","run","http://client1:8000/run",1,TRUE,200,1108,253,3.59626126289368,"2026-05-22T01:46:59.514001Z","2026-05-22T01:47:03.110262Z",1779414419.514,1779414423.11026,0.000681,0.000791,0.000826,3.581505,3.581546,3.580679,4.09999999999577e-05,3.469,0.127261262893677
"2026-05-22T01:47:03.300Z","run_bootstrap",2,"http://client2:8000","run","http://client2:8000/run",1,TRUE,200,1108,257,3.77746391296387,"2026-05-22T01:46:59.515379Z","2026-05-22T01:47:03.292843Z",1779414419.51538,1779414423.29284,0.000517,0.000592,0.000622,3.763123,3.763173,3.762501,4.99999999998835e-05,3.6515,0.125963912963867
"2026-05-22T01:47:03.300Z","run_bootstrap",2,"http://client3:8000","run","http://client3:8000/run",1,TRUE,200,1108,252,3.60847067832947,"2026-05-22T01:46:59.516238Z","2026-05-22T01:47:03.124709Z",1779414419.51624,1779414423.12471,0.000483,0.000569,6e-04,3.593922,3.593963,3.593322,4.09999999999577e-05,3.4828,0.125670678329468
"2026-05-22T01:47:06.846Z","run_bootstrap",3,"http://client1:8000","run","http://client1:8000/run",1,TRUE,200,1110,258,3.52196836471558,"2026-05-22T01:47:03.317779Z","2026-05-22T01:47:06.839748Z",1779414423.31778,1779414426.83975,0.000747,0.000839,0.000875,3.503223,3.503264,3.502348,4.09999999999577e-05,3.4961,0.025868364715576
"2026-05-22T01:47:06.846Z","run_bootstrap",3,"http://client2:8000","run","http://client2:8000/run",1,TRUE,200,1110,254,3.47976088523865,"2026-05-22T01:47:03.318141Z","2026-05-22T01:47:06.797902Z",1779414423.31814,1779414426.7979,0.000596,0.000713,0.000756,3.461197,3.461246,3.460441,4.90000000001878e-05,3.4545,0.0252608852386476
"2026-05-22T01:47:06.846Z","run_bootstrap",3,"http://client3:8000","run","http://client3:8000/run",1,TRUE,200,1110,251,3.442227602005,"2026-05-22T01:47:03.318225Z","2026-05-22T01:47:06.760452Z",1779414423.31823,1779414426.76045,0.000669,0.000784,0.00082,3.42877,3.428834,3.42795,6.4000000000064e-05,3.4221,0.020127602005005
"2026-05-22T01:47:10.388Z","run_bootstrap",4,"http://client1:8000","run","http://client1:8000/run",1,TRUE,200,1110,258,3.48937606811523,"2026-05-22T01:47:06.861229Z","2026-05-22T01:47:10.350605Z",1779414426.86123,1779414430.35061,0.000451,0.000522,0.000571,3.472015,3.47205,3.471444,3.50000000000072e-05,3.4654,0.0239760681152346
"2026-05-22T01:47:10.388Z","run_bootstrap",4,"http://client2:8000","run","http://client2:8000/run",1,TRUE,200,1110,254,3.52244472503662,"2026-05-22T01:47:06.861913Z","2026-05-22T01:47:10.384358Z",1779414426.86191,1779414430.38436,0.00056,0.000646,0.000792,3.506249,3.506289,3.505457,4.0000000000262e-05,3.4995,0.0229447250366213
"2026-05-22T01:47:10.388Z","run_bootstrap",4,"http://client3:8000","run","http://client3:8000/run",1,TRUE,200,1110,251,3.49679160118103,"2026-05-22T01:47:06.862362Z","2026-05-22T01:47:10.359153Z",1779414426.86236,1779414430.35915,0.000541,0.000657,0.000709,3.480795,3.480839,3.480086,4.3999999999933e-05,3.4737,0.0230916011810303
"2026-05-22T01:47:13.942Z","run_bootstrap",5,"http://client1:8000","run","http://client1:8000/run",1,TRUE,200,1109,253,3.29754114151001,"2026-05-22T01:47:10.398848Z","2026-05-22T01:47:13.696389Z",1779414430.39885,1779414433.69639,0.000641,0.000719,0.000753,3.278264,3.278297,3.277511,3.29999999997277e-05,3.2685,0.0290411415100098
"2026-05-22T01:47:13.942Z","run_bootstrap",5,"http://client2:8000","run","http://client2:8000/run",1,TRUE,200,1109,254,3.38522219657898,"2026-05-22T01:47:10.399644Z","2026-05-22T01:47:13.784866Z",1779414430.39964,1779414433.78487,0.000471,0.000595,0.000617,3.367889,3.367929,3.367272,4.0000000000262e-05,3.3579,0.0273221965789796
"2026-05-22T01:47:13.942Z","run_bootstrap",5,"http://client3:8000","run","http://client3:8000/run",1,TRUE,200,1109,252,3.53603172302246,"2026-05-22T01:47:10.401010Z","2026-05-22T01:47:13.937041Z",1779414430.40101,1779414433.93704,0.000439,0.000541,0.000575,3.519727,3.51975,3.519152,2.30000000001063e-05,3.5126,0.023431723022461
"2026-05-22T01:47:17.511Z","run_bootstrap",6,"http://client1:8000","run","http://client1:8000/run",1,TRUE,200,1109,253,3.54828810691833,"2026-05-22T01:47:13.957663Z","2026-05-22T01:47:17.505951Z",1779414433.95766,1779414437.50595,0.000856,0.000909,0.000929,3.533962,3.534001,3.533033,3.90000000001223e-05,3.5264,0.0218881069183348
"2026-05-22T01:47:17.511Z","run_bootstrap",6,"http://client2:8000","run","http://client2:8000/run",1,TRUE,200,1109,254,3.47553730010986,"2026-05-22T01:47:13.958224Z","2026-05-22T01:47:17.433761Z",1779414433.95822,1779414437.43376,0.000573,0.000677,0.000713,3.462161,3.462206,3.461448,4.50000000000728e-05,3.4544,0.0211373001098631
"2026-05-22T01:47:17.511Z","run_bootstrap",6,"http://client3:8000","run","http://client3:8000/run",1,TRUE,200,1109,252,3.53044629096985,"2026-05-22T01:47:13.957429Z","2026-05-22T01:47:17.487875Z",1779414433.95743,1779414437.48788,0.000591,0.00079,0.000812,3.516634,3.516676,3.515822,4.20000000000975e-05,3.5076,0.0228462909698486
"2026-05-22T01:47:21.072Z","run_bootstrap",7,"http://client1:8000","run","http://client1:8000/run",1,TRUE,200,1109,253,3.54463148117065,"2026-05-22T01:47:17.521816Z","2026-05-22T01:47:21.066447Z",1779414437.52182,1779414441.06645,0.000609,0.000712,0.000754,3.530532,3.530578,3.529778,4.60000000002125e-05,3.5234,0.0212314811706542
"2026-05-22T01:47:21.072Z","run_bootstrap",7,"http://client2:8000","run","http://client2:8000/run",1,TRUE,200,1109,256,3.47158455848694,"2026-05-22T01:47:17.524196Z","2026-05-22T01:47:20.995780Z",1779414437.5242,1779414440.99578,0.000691,0.000801,0.00084,3.451827,3.45188,3.450987,5.29999999998587e-05,3.4452,0.0263845584869387
"2026-05-22T01:47:21.072Z","run_bootstrap",7,"http://client3:8000","run","http://client3:8000/run",1,TRUE,200,1109,251,3.31007266044617,"2026-05-22T01:47:17.524577Z","2026-05-22T01:47:20.834650Z",1779414437.52458,1779414440.83465,0.000698,0.00081,0.00085,3.295275,3.295344,3.294425,6.89999999998747e-05,3.2886,0.0214726604461668
"2026-05-22T01:47:24.978Z","run_bootstrap",8,"http://client1:8000","run","http://client1:8000/run",1,TRUE,200,1109,253,3.61919832229614,"2026-05-22T01:47:21.085283Z","2026-05-22T01:47:24.704482Z",1779414441.08528,1779414444.70448,0.000493,0.000551,0.000572,3.604737,3.604784,3.604165,4.69999999999082e-05,3.5982,0.0209983222961427
"2026-05-22T01:47:24.978Z","run_bootstrap",8,"http://client2:8000","run","http://client2:8000/run",1,TRUE,200,1109,256,3.88783931732178,"2026-05-22T01:47:21.085842Z","2026-05-22T01:47:24.973681Z",1779414441.08584,1779414444.97368,0.000604,0.000682,0.000719,3.873584,3.873631,3.872865,4.69999999999082e-05,3.8666,0.0212393173217773
"2026-05-22T01:47:24.978Z","run_bootstrap",8,"http://client3:8000","run","http://client3:8000/run",1,TRUE,200,1109,251,3.84492897987366,"2026-05-22T01:47:21.086666Z","2026-05-22T01:47:24.931595Z",1779414441.08667,1779414444.9316,4e-04,0.000483,0.000508,3.832159,3.832194,3.831651,3.50000000000072e-05,3.8256,0.0193289798736571
"2026-05-22T01:47:29.015Z","run_bootstrap",9,"http://client1:8000","run","http://client1:8000/run",1,TRUE,200,1109,256,3.86589384078979,"2026-05-22T01:47:24.988728Z","2026-05-22T01:47:28.854622Z",1779414444.98873,1779414448.85462,0.000791,0.000882,0.000922,3.853091,3.85314,3.852169,4.89999999997437e-05,3.8454,0.0204938407897948
"2026-05-22T01:47:29.015Z","run_bootstrap",9,"http://client2:8000","run","http://client2:8000/run",1,TRUE,200,1109,254,3.77720880508423,"2026-05-22T01:47:24.989488Z","2026-05-22T01:47:28.766697Z",1779414444.98949,1779414448.7667,0.000653,0.000768,0.000808,3.764815,3.764859,3.764007,4.3999999999933e-05,3.7579,0.0193088050842287
"2026-05-22T01:47:29.015Z","run_bootstrap",9,"http://client3:8000","run","http://client3:8000/run",1,TRUE,200,1109,253,4.02153515815735,"2026-05-22T01:47:24.989408Z","2026-05-22T01:47:29.010943Z",1779414444.98941,1779414449.01094,0.000706,0.000806,0.000842,4.008524,4.008566,4.007682,4.19999999996534e-05,4.0004,0.0211351581573487
"2026-05-22T01:47:32.918Z","run_bootstrap",10,"http://client1:8000","run","http://client1:8000/run",1,TRUE,200,1109,256,3.88598823547363,"2026-05-22T01:47:29.027180Z","2026-05-22T01:47:32.913169Z",1779414449.02718,1779414452.91317,0.000362,0.000549,0.000596,3.871099,3.871152,3.870503,5.29999999998587e-05,3.8632,0.0227882354736328
"2026-05-22T01:47:32.918Z","run_bootstrap",10,"http://client2:8000","run","http://client2:8000/run",1,TRUE,200,1109,254,3.86796402931213,"2026-05-22T01:47:29.027869Z","2026-05-22T01:47:32.895833Z",1779414449.02787,1779414452.89583,0.000309,0.000372,0.000416,3.853698,3.853759,3.853282,6.10000000000888e-05,3.8471,0.0208640293121336
"2026-05-22T01:47:32.918Z","run_bootstrap",10,"http://client3:8000","run","http://client3:8000/run",1,TRUE,200,1109,253,3.7702329158783,"2026-05-22T01:47:29.027189Z","2026-05-22T01:47:32.797422Z",1779414449.02719,1779414452.79742,0.000763,0.00088,0.000916,3.756285,3.756351,3.755369,6.59999999998995e-05,3.7392,0.031032915878296
"2026-05-22T01:47:36.822Z","run_bootstrap",11,"http://client1:8000","run","http://client1:8000/run",1,TRUE,200,1109,255,3.87788200378418,"2026-05-22T01:47:32.936810Z","2026-05-22T01:47:36.814692Z",1779414452.93681,1779414456.81469,0.000641,0.000753,0.000794,3.862999,3.86304,3.862205,4.09999999999577e-05,3.856,0.0218820037841798
"2026-05-22T01:47:36.822Z","run_bootstrap",11,"http://client2:8000","run","http://client2:8000/run",1,TRUE,200,1109,256,3.71234703063965,"2026-05-22T01:47:32.936860Z","2026-05-22T01:47:36.649207Z",1779414452.93686,1779414456.64921,0.000675,0.000749,0.000783,3.697584,3.697625,3.696801,4.09999999999577e-05,3.6909,0.0214470306396484
"2026-05-22T01:47:36.822Z","run_bootstrap",11,"http://client3:8000","run","http://client3:8000/run",1,TRUE,200,1109,254,3.82610297203064,"2026-05-22T01:47:32.936910Z","2026-05-22T01:47:36.763013Z",1779414452.93691,1779414456.76301,0.000567,0.000679,0.00072,3.811326,3.811372,3.810606,4.59999999997684e-05,3.8051,0.0210029720306397
"2026-05-22T01:47:40.733Z","run_bootstrap",12,"http://client1:8000","run","http://client1:8000/run",1,TRUE,200,1109,256,3.7978048324585,"2026-05-22T01:47:36.838370Z","2026-05-22T01:47:40.636174Z",1779414456.83837,1779414460.63617,0.000541,0.000628,0.000662,3.779356,3.779415,3.778694,5.90000000002533e-05,3.7725,0.0253048324584961
"2026-05-22T01:47:40.733Z","run_bootstrap",12,"http://client2:8000","run","http://client2:8000/run",1,TRUE,200,1109,256,3.75368595123291,"2026-05-22T01:47:36.838958Z","2026-05-22T01:47:40.592644Z",1779414456.83896,1779414460.59264,0.000705,0.000821,0.000854,3.738998,3.739056,3.738144,5.80000000001135e-05,3.7322,0.02148595123291
"2026-05-22T01:47:40.733Z","run_bootstrap",12,"http://client3:8000","run","http://client3:8000/run",1,TRUE,200,1109,254,3.8887255191803,"2026-05-22T01:47:36.839489Z","2026-05-22T01:47:40.728214Z",1779414456.83949,1779414460.72821,0.000541,0.000629,0.000663,3.871425,3.871482,3.870762,5.69999999999737e-05,3.8648,0.0239255191802981
"2026-05-22T01:47:44.522Z","run_bootstrap",13,"http://client1:8000","run","http://client1:8000/run",1,TRUE,200,1108,255,3.42330956459045,"2026-05-22T01:47:40.744125Z","2026-05-22T01:47:44.167435Z",1779414460.74413,1779414464.16744,0.000683,0.000798,0.000841,3.40936,3.409412,3.408519,5.2000000000163e-05,3.4023,0.0210095645904542
"2026-05-22T01:47:44.522Z","run_bootstrap",13,"http://client2:8000","run","http://client2:8000/run",1,TRUE,200,1108,253,3.35763311386108,"2026-05-22T01:47:40.745480Z","2026-05-22T01:47:44.103113Z",1779414460.74548,1779414464.10311,0.000607,0.000715,0.000759,3.344263,3.344322,3.343504,5.89999999998092e-05,3.3368,0.0208331138610838
"2026-05-22T01:47:44.522Z","run_bootstrap",13,"http://client3:8000","run","http://client3:8000/run",1,TRUE,200,1108,253,3.77193880081177,"2026-05-22T01:47:40.746206Z","2026-05-22T01:47:44.518144Z",1779414460.74621,1779414464.51814,0.000493,0.000613,0.000658,3.754964,3.755179,3.754306,0.000214999999999854,3.7482,0.0237388008117674
"2026-05-22T01:47:48.181Z","run_bootstrap",14,"http://client1:8000","run","http://client1:8000/run",1,TRUE,200,1108,254,3.48792457580566,"2026-05-22T01:47:44.534820Z","2026-05-22T01:47:48.022744Z",1779414464.53482,1779414468.02274,0.000618,0.000721,0.000758,3.472148,3.472201,3.47139,5.30000000003028e-05,3.465,0.0229245758056642
"2026-05-22T01:47:48.181Z","run_bootstrap",14,"http://client2:8000","run","http://client2:8000/run",1,TRUE,200,1108,253,3.34023189544678,"2026-05-22T01:47:44.535473Z","2026-05-22T01:47:47.875705Z",1779414464.53547,1779414467.87571,0.000417,0.000492,0.000523,3.319761,3.319817,3.319238,5.5999999999834e-05,3.3134,0.0268318954467772
"2026-05-22T01:47:48.181Z","run_bootstrap",14,"http://client3:8000","run","http://client3:8000/run",1,TRUE,200,1108,253,3.63786196708679,"2026-05-22T01:47:44.536106Z","2026-05-22T01:47:48.173968Z",1779414464.53611,1779414468.17397,0.000646,0.000758,0.000797,3.618358,3.618412,3.617561,5.39999999999985e-05,3.6117,0.0261619670867921
"2026-05-22T01:47:51.834Z","run_bootstrap",15,"http://client1:8000","run","http://client1:8000/run",1,TRUE,200,1108,255,3.44343638420105,"2026-05-22T01:47:48.197100Z","2026-05-22T01:47:51.640537Z",1779414468.1971,1779414471.64054,0.000457,0.000539,0.000562,3.429869,3.429924,3.429307,5.50000000001383e-05,3.4228,0.0206363842010497
"2026-05-22T01:47:51.834Z","run_bootstrap",15,"http://client2:8000","run","http://client2:8000/run",1,TRUE,200,1108,253,3.22672295570374,"2026-05-22T01:47:48.197665Z","2026-05-22T01:47:51.424388Z",1779414468.19767,1779414471.42439,0.000558,0.000636,0.000669,3.213317,3.213377,3.212648,5.9999999999949e-05,3.2065,0.0202229557037352
"2026-05-22T01:47:51.834Z","run_bootstrap",15,"http://client3:8000","run","http://client3:8000/run",1,TRUE,200,1108,252,3.63187837600708,"2026-05-22T01:47:48.198104Z","2026-05-22T01:47:51.829982Z",1779414468.1981,1779414471.82998,0.000541,0.000596,0.000614,3.619715,3.619761,3.619101,4.60000000002125e-05,3.6131,0.0187783760070799
"2026-05-22T01:47:55.517Z","run_bootstrap",16,"http://client1:8000","run","http://client1:8000/run",1,TRUE,200,1108,255,3.66576933860779,"2026-05-22T01:47:51.846121Z","2026-05-22T01:47:55.511890Z",1779414471.84612,1779414475.51189,0.000667,0.000779,0.00082,3.644155,3.644185,3.643335,2.99999999997524e-05,3.6368,0.0289693386077881
"2026-05-22T01:47:55.517Z","run_bootstrap",16,"http://client2:8000","run","http://client2:8000/run",1,TRUE,200,1108,252,3.63545560836792,"2026-05-22T01:47:51.846796Z","2026-05-22T01:47:55.482252Z",1779414471.8468,1779414475.48225,0.000522,0.000637,0.000673,3.611578,3.611609,3.610905,3.09999999998922e-05,3.604,0.0314556083679198
"2026-05-22T01:47:55.517Z","run_bootstrap",16,"http://client3:8000","run","http://client3:8000/run",1,TRUE,200,1108,252,3.38467025756836,"2026-05-22T01:47:51.847267Z","2026-05-22T01:47:55.231938Z",1779414471.84727,1779414475.23194,0.000479,0.000559,0.000591,3.358546,3.358579,3.357955,3.30000000001718e-05,3.3522,0.0324702575683595
"2026-05-22T01:47:59.014Z","run_bootstrap",17,"http://client1:8000","run","http://client1:8000/run",1,TRUE,200,1109,253,3.38592195510864,"2026-05-22T01:47:55.532405Z","2026-05-22T01:47:58.918327Z",1779414475.53241,1779414478.91833,0.000547,0.000626,0.000659,3.367683,3.367726,3.367024,4.30000000002373e-05,3.3607,0.0252219551086426
"2026-05-22T01:47:59.014Z","run_bootstrap",17,"http://client2:8000","run","http://client2:8000/run",1,TRUE,200,1109,253,3.47530341148376,"2026-05-22T01:47:55.532454Z","2026-05-22T01:47:59.007758Z",1779414475.53245,1779414479.00776,0.00069,0.000796,0.000831,3.460017,3.460191,3.459186,0.000173999999999896,3.4531,0.0222034114837646
"2026-05-22T01:47:59.014Z","run_bootstrap",17,"http://client3:8000","run","http://client3:8000/run",1,TRUE,200,1109,251,3.39362907409668,"2026-05-22T01:47:55.533403Z","2026-05-22T01:47:58.927032Z",1779414475.5334,1779414478.92703,0.000514,0.000619,0.00064,3.379603,3.379635,3.378963,3.2000000000032e-05,3.3731,0.0205290740966797
"2026-05-22T01:48:02.601Z","run_bootstrap",18,"http://client1:8000","run","http://client1:8000/run",1,TRUE,200,1109,253,3.56254649162292,"2026-05-22T01:47:59.034370Z","2026-05-22T01:48:02.596917Z",1779414479.03437,1779414482.59692,0.000694,0.000781,0.000816,3.542538,3.542801,3.541722,0.000262999999999902,3.5355,0.0270464916229249
"2026-05-22T01:48:02.601Z","run_bootstrap",18,"http://client2:8000","run","http://client2:8000/run",1,TRUE,200,1109,252,3.47454214096069,"2026-05-22T01:47:59.034913Z","2026-05-22T01:48:02.509455Z",1779414479.03491,1779414482.50946,0.000648,0.00075,0.000787,3.459864,3.459996,3.459077,0.000131999999999799,3.453,0.0215421409606935
"2026-05-22T01:48:02.601Z","run_bootstrap",18,"http://client3:8000","run","http://client3:8000/run",1,TRUE,200,1109,251,3.4254264831543,"2026-05-22T01:47:59.035450Z","2026-05-22T01:48:02.460877Z",1779414479.03545,1779414482.46088,0.000485,0.000596,0.000637,3.40574,3.405869,3.405103,0.000128999999999824,3.3987,0.026726483154297
"2026-05-22T01:48:06.133Z","run_bootstrap",19,"http://client1:8000","run","http://client1:8000/run",1,TRUE,200,1108,252,3.40438079833984,"2026-05-22T01:48:02.611867Z","2026-05-22T01:48:06.016248Z",1779414482.61187,1779414486.01625,0.000661,0.000768,0.000803,3.39011,3.390153,3.389307,4.30000000002373e-05,3.3817,0.0226807983398438
"2026-05-22T01:48:06.133Z","run_bootstrap",19,"http://client2:8000","run","http://client2:8000/run",1,TRUE,200,1108,253,3.51575183868408,"2026-05-22T01:48:02.613614Z","2026-05-22T01:48:06.129366Z",1779414482.61361,1779414486.12937,0.000611,7e-04,0.000732,3.500488,3.500527,3.499756,3.90000000001223e-05,3.4936,0.0221518386840822
"2026-05-22T01:48:06.133Z","run_bootstrap",19,"http://client3:8000","run","http://client3:8000/run",1,TRUE,200,1108,251,3.48087620735168,"2026-05-22T01:48:02.614008Z","2026-05-22T01:48:06.094885Z",1779414482.61401,1779414486.09489,0.000557,0.000638,0.000674,3.465538,3.465579,3.464864,4.09999999999577e-05,3.4577,0.0231762073516846
"2026-05-22T01:48:09.998Z","run_bootstrap",20,"http://client1:8000","run","http://client1:8000/run",1,TRUE,200,1108,252,3.64787292480469,"2026-05-22T01:48:06.145712Z","2026-05-22T01:48:09.793585Z",1779414486.14571,1779414489.79359,0.000717,0.00083,0.000867,3.630153,3.630195,3.629286,4.20000000000975e-05,3.4688,0.179072924804688
"2026-05-22T01:48:09.998Z","run_bootstrap",20,"http://client2:8000","run","http://client2:8000/run",1,TRUE,200,1108,253,3.6376359462738,"2026-05-22T01:48:06.146349Z","2026-05-22T01:48:09.783985Z",1779414486.14635,1779414489.78399,0.000619,0.000733,0.000767,3.623444,3.623504,3.622677,5.9999999999949e-05,3.4738,0.163835946273803
"2026-05-22T01:48:09.998Z","run_bootstrap",20,"http://client3:8000","run","http://client3:8000/run",1,TRUE,200,1108,251,3.84641432762146,"2026-05-22T01:48:06.146924Z","2026-05-22T01:48:09.993339Z",1779414486.14692,1779414489.99334,0.000477,0.000596,0.000631,3.82721,3.827248,3.826579,3.79999999999825e-05,3.6826,0.16381432762146
"2026-05-22T01:48:13.719Z","run_bootstrap",21,"http://client1:8000","run","http://client1:8000/run",1,TRUE,200,1108,251,3.70606541633606,"2026-05-22T01:48:10.009078Z","2026-05-22T01:48:13.715144Z",1779414490.00908,1779414493.71514,0.000642,0.000785,0.000821,3.688287,3.688332,3.687466,4.50000000000728e-05,3.6796,0.0264654163360594
"2026-05-22T01:48:13.719Z","run_bootstrap",21,"http://client2:8000","run","http://client2:8000/run",1,TRUE,200,1108,253,3.50318479537964,"2026-05-22T01:48:10.009898Z","2026-05-22T01:48:13.513083Z",1779414490.0099,1779414493.51308,0.000654,0.00074,0.00076,3.483647,3.483691,3.482887,4.3999999999933e-05,3.4762,0.0269847953796387
"2026-05-22T01:48:13.719Z","run_bootstrap",21,"http://client3:8000","run","http://client3:8000/run",1,TRUE,200,1108,250,3.39999747276306,"2026-05-22T01:48:10.010545Z","2026-05-22T01:48:13.410543Z",1779414490.01055,1779414493.41054,0.000598,0.00066,0.000748,3.381159,3.381198,3.380411,3.90000000001223e-05,3.3743,0.0256974727630617
"2026-05-22T01:48:17.453Z","run_bootstrap",22,"http://client1:8000","run","http://client1:8000/run",1,TRUE,200,1108,251,3.71108174324036,"2026-05-22T01:48:13.735426Z","2026-05-22T01:48:17.446508Z",1779414493.73543,1779414497.44651,0.000716,0.000831,0.000867,3.696049,3.696095,3.695182,4.60000000002125e-05,3.6887,0.0223817432403566
"2026-05-22T01:48:17.453Z","run_bootstrap",22,"http://client2:8000","run","http://client2:8000/run",1,TRUE,200,1108,253,3.50149607658386,"2026-05-22T01:48:13.738672Z","2026-05-22T01:48:17.240168Z",1779414493.73867,1779414497.24017,0.000647,0.00076,0.000793,3.485766,3.485809,3.484973,4.30000000002373e-05,3.4786,0.0228960765838622
"2026-05-22T01:48:17.453Z","run_bootstrap",22,"http://client3:8000","run","http://client3:8000/run",1,TRUE,200,1108,250,3.39773225784302,"2026-05-22T01:48:13.738782Z","2026-05-22T01:48:17.136514Z",1779414493.73878,1779414497.13651,0.000614,0.000725,0.000763,3.379501,3.379546,3.378738,4.50000000000728e-05,3.3726,0.0251322578430178
"2026-05-22T01:48:21.224Z","run_bootstrap",23,"http://client1:8000","run","http://client1:8000/run",1,TRUE,200,1110,253,3.74519062042236,"2026-05-22T01:48:17.472633Z","2026-05-22T01:48:21.217823Z",1779414497.47263,1779414501.21782,0.000731,0.000807,0.000842,3.722864,3.722907,3.722022,4.30000000002373e-05,3.7157,0.0294906204223633
"2026-05-22T01:48:21.224Z","run_bootstrap",23,"http://client2:8000","run","http://client2:8000/run",1,TRUE,200,1110,253,3.46214890480042,"2026-05-22T01:48:17.473061Z","2026-05-22T01:48:20.935209Z",1779414497.47306,1779414500.93521,0.000601,0.000735,0.000793,3.440225,3.440269,3.439432,4.3999999999933e-05,3.4333,0.028848904800415
"2026-05-22T01:48:21.224Z","run_bootstrap",23,"http://client3:8000","run","http://client3:8000/run",1,TRUE,200,1110,251,3.55993509292603,"2026-05-22T01:48:17.473501Z","2026-05-22T01:48:21.033436Z",1779414497.4735,1779414501.03344,0.000635,0.000741,0.000793,3.538485,3.538527,3.537692,4.20000000000975e-05,3.5315,0.0284350929260255
"2026-05-22T01:48:24.970Z","run_bootstrap",24,"http://client1:8000","run","http://client1:8000/run",1,TRUE,200,1110,252,3.53770017623901,"2026-05-22T01:48:21.236217Z","2026-05-22T01:48:24.773917Z",1779414501.23622,1779414504.77392,0.000598,0.000703,0.000758,3.524005,3.524046,3.523247,4.09999999999577e-05,3.517,0.0207001762390138
"2026-05-22T01:48:24.970Z","run_bootstrap",24,"http://client2:8000","run","http://client2:8000/run",1,TRUE,200,1110,253,3.72652864456177,"2026-05-22T01:48:21.237919Z","2026-05-22T01:48:24.964447Z",1779414501.23792,1779414504.96445,0.000534,0.000642,0.000682,3.707498,3.70754,3.706816,4.19999999996534e-05,3.6999,0.0266286445617676
"2026-05-22T01:48:24.970Z","run_bootstrap",24,"http://client3:8000","run","http://client3:8000/run",1,TRUE,200,1110,251,3.33650398254395,"2026-05-22T01:48:21.238204Z","2026-05-22T01:48:24.574708Z",1779414501.2382,1779414504.57471,0.000678,0.000786,0.000822,3.322134,3.322175,3.321312,4.09999999999577e-05,3.3131,0.0234039825439454
"2026-05-22T01:48:28.733Z","run_bootstrap",25,"http://client1:8000","run","http://client1:8000/run",1,TRUE,200,1109,253,3.74659180641174,"2026-05-22T01:48:24.981985Z","2026-05-22T01:48:28.728577Z",1779414504.98199,1779414508.72858,0.000676,0.000735,0.000754,3.732028,3.732068,3.731274,3.9999999999818e-05,3.7248,0.0217918064117431
"2026-05-22T01:48:28.733Z","run_bootstrap",25,"http://client2:8000","run","http://client2:8000/run",1,TRUE,200,1109,253,3.49960947036743,"2026-05-22T01:48:24.982590Z","2026-05-22T01:48:28.482200Z",1779414504.98259,1779414508.4822,0.000515,0.000598,0.000653,3.480274,3.480316,3.479621,4.20000000000975e-05,3.4735,0.0261094703674316
"2026-05-22T01:48:28.733Z","run_bootstrap",25,"http://client3:8000","run","http://client3:8000/run",1,TRUE,200,1109,250,3.44227623939514,"2026-05-22T01:48:24.983023Z","2026-05-22T01:48:28.425300Z",1779414504.98302,1779414508.4253,0.000523,0.000621,0.000646,3.428059,3.428101,3.427413,4.19999999996534e-05,3.4212,0.0210762393951418
"2026-05-22T01:48:32.505Z","run_bootstrap",26,"http://client1:8000","run","http://client1:8000/run",1,TRUE,200,1109,253,3.71178603172302,"2026-05-22T01:48:28.744266Z","2026-05-22T01:48:32.456052Z",1779414508.74427,1779414512.45605,0.000643,0.000744,0.000777,3.699068,3.699104,3.698291,3.6000000000147e-05,3.6905,0.0212860317230223
"2026-05-22T01:48:32.505Z","run_bootstrap",26,"http://client2:8000","run","http://client2:8000/run",1,TRUE,200,1109,253,3.75545477867126,"2026-05-22T01:48:28.745888Z","2026-05-22T01:48:32.501343Z",1779414508.74589,1779414512.50134,0.000743,0.000853,0.000887,3.741561,3.741601,3.740674,4.0000000000262e-05,3.7326,0.0228547786712645
"2026-05-22T01:48:32.505Z","run_bootstrap",26,"http://client3:8000","run","http://client3:8000/run",1,TRUE,200,1109,250,3.53122186660767,"2026-05-22T01:48:28.746431Z","2026-05-22T01:48:32.277653Z",1779414508.74643,1779414512.27765,0.000779,0.000894,0.00093,3.511765,3.511807,3.510835,4.20000000000975e-05,3.5022,0.0290218666076658
"2026-05-22T01:48:36.283Z","run_bootstrap",27,"http://client1:8000","run","http://client1:8000/run",1,TRUE,200,1107,252,3.762131690979,"2026-05-22T01:48:32.516465Z","2026-05-22T01:48:36.278597Z",1779414512.51647,1779414516.2786,0.000538,0.000616,0.000649,3.740035,3.740065,3.739386,2.99999999997524e-05,3.733,0.0291316909790038
"2026-05-22T01:48:36.283Z","run_bootstrap",27,"http://client2:8000","run","http://client2:8000/run",1,TRUE,200,1107,251,3.53246450424194,"2026-05-22T01:48:32.516108Z","2026-05-22T01:48:36.048572Z",1779414512.51611,1779414516.04857,0.000672,0.00078,0.000821,3.513059,3.513089,3.512238,2.99999999997524e-05,3.506,0.0264645042419436
"2026-05-22T01:48:36.283Z","run_bootstrap",27,"http://client3:8000","run","http://client3:8000/run",1,TRUE,200,1107,249,3.5415153503418,"2026-05-22T01:48:32.517249Z","2026-05-22T01:48:36.058764Z",1779414512.51725,1779414516.05876,0.000821,0.000917,0.000951,3.524117,3.52415,3.523166,3.30000000001718e-05,3.516,0.0255153503417969
"2026-05-22T01:48:40.066Z","run_bootstrap",28,"http://client1:8000","run","http://client1:8000/run",1,TRUE,200,1107,252,3.4983959197998,"2026-05-22T01:48:36.299758Z","2026-05-22T01:48:39.798154Z",1779414516.29976,1779414519.79815,0.000608,0.00072,0.000756,3.481477,3.481522,3.480721,4.50000000000728e-05,3.474,0.0243959197998045
"2026-05-22T01:48:40.066Z","run_bootstrap",28,"http://client2:8000","run","http://client2:8000/run",1,TRUE,200,1107,252,3.70617246627808,"2026-05-22T01:48:36.300257Z","2026-05-22T01:48:40.006429Z",1779414516.30026,1779414520.00643,0.00071,0.000824,0.000861,3.689949,3.689993,3.689088,4.3999999999933e-05,3.6827,0.0234724662780761
"2026-05-22T01:48:40.066Z","run_bootstrap",28,"http://client3:8000","run","http://client3:8000/run",1,TRUE,200,1107,250,3.75925922393799,"2026-05-22T01:48:36.300976Z","2026-05-22T01:48:40.060235Z",1779414516.30098,1779414520.06024,0.000489,0.000592,0.000629,3.738341,3.738388,3.737712,4.69999999999082e-05,3.7313,0.0279592239379882
"2026-05-22T01:48:43.830Z","run_bootstrap",29,"http://client1:8000","run","http://client1:8000/run",1,TRUE,200,1108,253,3.49193406105042,"2026-05-22T01:48:40.078472Z","2026-05-22T01:48:43.570406Z",1779414520.07847,1779414523.57041,0.000587,0.000668,0.000706,3.475882,3.475926,3.475176,4.3999999999933e-05,3.4651,0.026834061050415
"2026-05-22T01:48:43.830Z","run_bootstrap",29,"http://client2:8000","run","http://client2:8000/run",1,TRUE,200,1108,253,3.74558305740356,"2026-05-22T01:48:40.078237Z","2026-05-22T01:48:43.823820Z",1779414520.07824,1779414523.82382,0.000753,0.000867,0.000906,3.731693,3.731738,3.730787,4.50000000000728e-05,3.7225,0.0230830574035643
"2026-05-22T01:48:43.830Z","run_bootstrap",29,"http://client3:8000","run","http://client3:8000/run",1,TRUE,200,1108,251,3.44381928443909,"2026-05-22T01:48:40.079746Z","2026-05-22T01:48:43.523566Z",1779414520.07975,1779414523.52357,0.000552,0.000638,0.000684,3.429102,3.429151,3.428418,4.90000000001878e-05,3.4214,0.0224192844390867
"2026-05-22T01:48:47.450Z","run_bootstrap",30,"http://client1:8000","run","http://client1:8000/run",1,TRUE,200,1108,253,3.60348510742188,"2026-05-22T01:48:43.842643Z","2026-05-22T01:48:47.446128Z",1779414523.84264,1779414527.44613,0.000619,0.000703,0.000727,3.590568,3.5906,3.589841,3.19999999995879e-05,3.5826,0.0208851074218752
"2026-05-22T01:48:47.450Z","run_bootstrap",30,"http://client2:8000","run","http://client2:8000/run",1,TRUE,200,1108,253,3.57233142852783,"2026-05-22T01:48:43.843262Z","2026-05-22T01:48:47.415594Z",1779414523.84326,1779414527.41559,0.000613,0.000724,0.000755,3.55333,3.553393,3.552575,6.29999999999242e-05,3.5466,0.0257314285278318
"2026-05-22T01:48:47.450Z","run_bootstrap",30,"http://client3:8000","run","http://client3:8000/run",1,TRUE,200,1108,251,3.53980422019958,"2026-05-22T01:48:43.842568Z","2026-05-22T01:48:47.382373Z",1779414523.84257,1779414527.38237,0.000665,0.000729,0.000749,3.525884,3.525926,3.525135,4.20000000000975e-05,3.5191,0.0207042201995851
"2026-05-22T01:48:51.052Z","run_bootstrap",31,"http://client1:8000","run","http://client1:8000/run",1,TRUE,200,1108,252,3.56535148620605,"2026-05-22T01:48:47.461807Z","2026-05-22T01:48:51.027158Z",1779414527.46181,1779414531.02716,0.000427,0.000535,0.00057,3.545957,3.545995,3.545387,3.79999999999825e-05,3.539,0.0263514862060545
"2026-05-22T01:48:51.052Z","run_bootstrap",31,"http://client2:8000","run","http://client2:8000/run",1,TRUE,200,1108,254,3.5831241607666,"2026-05-22T01:48:47.462419Z","2026-05-22T01:48:51.045544Z",1779414527.46242,1779414531.04554,0.000451,0.000532,0.000563,3.56288,3.562918,3.562317,3.79999999999825e-05,3.5561,0.0270241607666017
"2026-05-22T01:48:51.052Z","run_bootstrap",31,"http://client3:8000","run","http://client3:8000/run",1,TRUE,200,1108,253,3.58197259902954,"2026-05-22T01:48:47.463015Z","2026-05-22T01:48:51.044987Z",1779414527.46302,1779414531.04499,0.000699,0.000826,0.000884,3.566059,3.5661,3.565175,4.09999999999577e-05,3.5582,0.0237725990295412
"2026-05-22T01:48:54.832Z","run_bootstrap",32,"http://client1:8000","run","http://client1:8000/run",1,TRUE,200,1108,253,3.66742134094238,"2026-05-22T01:48:51.067687Z","2026-05-22T01:48:54.735108Z",1779414531.06769,1779414534.73511,0.000694,0.000799,0.000843,3.65388,3.653923,3.653037,4.29999999997932e-05,3.6465,0.0209213409423827
"2026-05-22T01:48:54.832Z","run_bootstrap",32,"http://client2:8000","run","http://client2:8000/run",1,TRUE,200,1108,254,3.7534065246582,"2026-05-22T01:48:51.068917Z","2026-05-22T01:48:54.822324Z",1779414531.06892,1779414534.82232,0.000634,0.000724,0.000767,3.741151,3.741193,3.740384,4.20000000000975e-05,3.7337,0.0197065246582033
"2026-05-22T01:48:54.832Z","run_bootstrap",32,"http://client3:8000","run","http://client3:8000/run",1,TRUE,200,1108,252,3.51222491264343,"2026-05-22T01:48:51.068611Z","2026-05-22T01:48:54.580836Z",1779414531.06861,1779414534.58084,0.000652,0.000733,0.000773,3.499195,3.499246,3.498422,5.10000000000232e-05,3.492,0.0202249126434326
"2026-05-22T01:48:58.713Z","run_bootstrap",33,"http://client1:8000","run","http://client1:8000/run",1,TRUE,200,1108,251,3.86095762252808,"2026-05-22T01:48:54.847597Z","2026-05-22T01:48:58.708554Z",1779414534.8476,1779414538.70855,0.00056,0.000623,0.000641,3.845325,3.845356,3.844684,3.10000000003363e-05,3.8378,0.0231576225280761
"2026-05-22T01:48:58.713Z","run_bootstrap",33,"http://client2:8000","run","http://client2:8000/run",1,TRUE,200,1108,254,3.54489850997925,"2026-05-22T01:48:54.847525Z","2026-05-22T01:48:58.392423Z",1779414534.84753,1779414538.39242,0.000438,0.000523,0.000545,3.528322,3.528369,3.527777,4.69999999999082e-05,3.5196,0.025298509979248
"2026-05-22T01:48:58.713Z","run_bootstrap",33,"http://client3:8000","run","http://client3:8000/run",1,TRUE,200,1108,254,3.62534284591675,"2026-05-22T01:48:54.848730Z","2026-05-22T01:48:58.474073Z",1779414534.84873,1779414538.47407,0.000517,0.000592,0.000622,3.60941,3.609452,3.608788,4.20000000000975e-05,3.6014,0.0239428459167481
"2026-05-22T01:49:02.529Z","run_bootstrap",34,"http://client1:8000","run","http://client1:8000/run",1,TRUE,200,1108,250,3.62093663215637,"2026-05-22T01:48:58.725989Z","2026-05-22T01:49:02.346926Z",1779414538.72599,1779414542.34693,0.000723,0.000807,0.000832,3.605756,3.605791,3.604924,3.50000000000072e-05,3.598,0.0229366321563722
"2026-05-22T01:49:02.529Z","run_bootstrap",34,"http://client2:8000","run","http://client2:8000/run",1,TRUE,200,1108,254,3.57943677902222,"2026-05-22T01:48:58.726685Z","2026-05-22T01:49:02.306122Z",1779414538.72669,1779414542.30612,0.000487,0.000569,0.000606,3.559237,3.559281,3.558631,4.3999999999933e-05,3.5522,0.0272367790222168
"2026-05-22T01:49:02.529Z","run_bootstrap",34,"http://client3:8000","run","http://client3:8000/run",1,TRUE,200,1108,254,3.79534125328064,"2026-05-22T01:48:58.727335Z","2026-05-22T01:49:02.522676Z",1779414538.72734,1779414542.52268,0.000522,0.000628,0.00067,3.775194,3.775238,3.774524,4.3999999999933e-05,3.7685,0.0268412532806397
"2026-05-22T01:49:06.411Z","run_bootstrap",35,"http://client1:8000","run","http://client1:8000/run",1,TRUE,200,1107,252,3.67998075485229,"2026-05-22T01:49:02.541399Z","2026-05-22T01:49:06.221380Z",1779414542.5414,1779414546.22138,0.000648,0.000761,0.000803,3.657784,3.65783,3.656981,4.60000000002125e-05,3.6492,0.0307807548522949
"2026-05-22T01:49:06.411Z","run_bootstrap",35,"http://client2:8000","run","http://client2:8000/run",1,TRUE,200,1107,254,3.65524530410767,"2026-05-22T01:49:02.541991Z","2026-05-22T01:49:06.197237Z",1779414542.54199,1779414546.19724,0.000718,0.000792,0.000821,3.633778,3.633824,3.632957,4.60000000002125e-05,3.6267,0.028545304107666
"2026-05-22T01:49:06.411Z","run_bootstrap",35,"http://client3:8000","run","http://client3:8000/run",1,TRUE,200,1107,252,3.86409687995911,"2026-05-22T01:49:02.542530Z","2026-05-22T01:49:06.406627Z",1779414542.54253,1779414546.40663,0.000853,0.000925,0.000957,3.843863,3.843907,3.842906,4.40000000003771e-05,3.8369,0.0271968799591065
"2026-05-22T01:49:10.356Z","run_bootstrap",36,"http://client1:8000","run","http://client1:8000/run",1,TRUE,200,1107,252,3.92427468299866,"2026-05-22T01:49:06.424384Z","2026-05-22T01:49:10.348659Z",1779414546.42438,1779414550.34866,0.000658,0.000772,0.00082,3.908985,3.909034,3.908165,4.90000000001878e-05,3.9017,0.0225746829986573
"2026-05-22T01:49:10.356Z","run_bootstrap",36,"http://client2:8000","run","http://client2:8000/run",1,TRUE,200,1107,251,3.42727994918823,"2026-05-22T01:49:06.424893Z","2026-05-22T01:49:09.852173Z",1779414546.42489,1779414549.85217,0.000522,0.000606,0.000648,3.407598,3.407641,3.40695,4.29999999997932e-05,3.4,0.0272799491882325
"2026-05-22T01:49:10.356Z","run_bootstrap",36,"http://client3:8000","run","http://client3:8000/run",1,TRUE,200,1107,252,3.61955165863037,"2026-05-22T01:49:06.425499Z","2026-05-22T01:49:10.045051Z",1779414546.4255,1779414550.04505,0.000543,0.00065,0.000694,3.600065,3.600112,3.599371,4.70000000003523e-05,3.5918,0.027751658630371
"2026-05-22T01:49:14.099Z","run_bootstrap",37,"http://client1:8000","run","http://client1:8000/run",1,TRUE,200,1109,250,3.6474130153656,"2026-05-22T01:49:10.366468Z","2026-05-22T01:49:14.013881Z",1779414550.36647,1779414554.01388,0.000721,0.000799,0.000822,3.633557,3.633604,3.632735,4.69999999999082e-05,3.6259,0.0215130153656005
"2026-05-22T01:49:14.099Z","run_bootstrap",37,"http://client2:8000","run","http://client2:8000/run",1,TRUE,200,1109,254,3.69251489639282,"2026-05-22T01:49:10.367807Z","2026-05-22T01:49:14.060322Z",1779414550.36781,1779414554.06032,0.000524,0.000599,0.000629,3.678697,3.67876,3.678068,6.29999999999242e-05,3.6718,0.0207148963928221
"2026-05-22T01:49:14.099Z","run_bootstrap",37,"http://client3:8000","run","http://client3:8000/run",1,TRUE,200,1109,252,3.72551012039185,"2026-05-22T01:49:10.368325Z","2026-05-22T01:49:14.093835Z",1779414550.36833,1779414554.09384,0.000533,0.000612,0.000643,3.712245,3.712288,3.711602,4.30000000002373e-05,3.7053,0.0202101203918459
"2026-05-22T01:49:17.949Z","run_bootstrap",38,"http://client1:8000","run","http://client1:8000/run",1,TRUE,200,1109,250,3.68748140335083,"2026-05-22T01:49:14.109797Z","2026-05-22T01:49:17.797278Z",1779414554.1098,1779414557.79728,0.000696,0.000794,0.000831,3.667776,3.667819,3.666945,4.30000000002373e-05,3.6593,0.0281814033508301
"2026-05-22T01:49:17.949Z","run_bootstrap",38,"http://client2:8000","run","http://client2:8000/run",1,TRUE,200,1109,254,3.63537931442261,"2026-05-22T01:49:14.111612Z","2026-05-22T01:49:17.746992Z",1779414554.11161,1779414557.74699,0.000616,0.000726,0.000765,3.61749,3.617533,3.616725,4.29999999997932e-05,3.6098,0.0255793144226075
"2026-05-22T01:49:17.949Z","run_bootstrap",38,"http://client3:8000","run","http://client3:8000/run",1,TRUE,200,1109,252,3.83410835266113,"2026-05-22T01:49:14.110893Z","2026-05-22T01:49:17.945001Z",1779414554.11089,1779414557.945,0.000712,0.000786,0.000817,3.816181,3.816218,3.815364,3.70000000002868e-05,3.8082,0.025908352661133
"2026-05-22T01:49:21.843Z","run_bootstrap",39,"http://client1:8000","run","http://client1:8000/run",1,TRUE,200,1106,251,3.65982532501221,"2026-05-22T01:49:17.965236Z","2026-05-22T01:49:21.625061Z",1779414557.96524,1779414561.62506,0.000622,0.000705,0.000741,3.644907,3.644949,3.644166,4.20000000000975e-05,3.6359,0.0239253250122071
"2026-05-22T01:49:21.843Z","run_bootstrap",39,"http://client2:8000","run","http://client2:8000/run",1,TRUE,200,1106,252,3.87056970596313,"2026-05-22T01:49:17.965825Z","2026-05-22T01:49:21.836395Z",1779414557.96583,1779414561.8364,0.000572,0.000663,0.000705,3.85623,3.856274,3.855525,4.3999999999933e-05,3.8493,0.0212697059631348
"2026-05-22T01:49:21.843Z","run_bootstrap",39,"http://client3:8000","run","http://client3:8000/run",1,TRUE,200,1106,252,3.64492654800415,"2026-05-22T01:49:17.964895Z","2026-05-22T01:49:21.609821Z",1779414557.9649,1779414561.60982,0.000695,0.000814,0.000855,3.630997,3.631051,3.630142,5.39999999999985e-05,3.6111,0.0338265480041504
"2026-05-22T01:49:25.779Z","run_bootstrap",40,"http://client1:8000","run","http://client1:8000/run",1,TRUE,200,1106,251,3.91274356842041,"2026-05-22T01:49:21.862521Z","2026-05-22T01:49:25.775264Z",1779414561.86252,1779414565.77526,0.000627,0.000731,0.000765,3.895531,3.895816,3.894766,0.000284999999999869,3.7468,0.16594356842041
"2026-05-22T01:49:25.779Z","run_bootstrap",40,"http://client2:8000","run","http://client2:8000/run",1,TRUE,200,1106,252,3.82049012184143,"2026-05-22T01:49:21.862843Z","2026-05-22T01:49:25.683334Z",1779414561.86284,1779414565.68333,0.000509,0.000587,0.000632,3.8031,3.803136,3.802468,3.59999999997029e-05,3.6574,0.163090121841431
"2026-05-22T01:49:25.779Z","run_bootstrap",40,"http://client3:8000","run","http://client3:8000/run",1,TRUE,200,1106,251,3.76156067848206,"2026-05-22T01:49:21.863271Z","2026-05-22T01:49:25.624832Z",1779414561.86327,1779414565.62483,0.000429,0.000517,0.000551,3.744356,3.744401,3.743805,4.50000000000728e-05,3.597,0.164560678482056
"2026-05-22T01:49:29.461Z","run_bootstrap",41,"http://client1:8000","run","http://client1:8000/run",1,TRUE,200,1107,252,3.66542410850525,"2026-05-22T01:49:25.791277Z","2026-05-22T01:49:29.456701Z",1779414565.79128,1779414569.4567,0.000576,0.000652,0.000673,3.647539,3.647569,3.646866,2.99999999997524e-05,3.6402,0.0252241085052489
"2026-05-22T01:49:29.461Z","run_bootstrap",41,"http://client2:8000","run","http://client2:8000/run",1,TRUE,200,1107,253,3.62707948684692,"2026-05-22T01:49:25.791994Z","2026-05-22T01:49:29.419074Z",1779414565.79199,1779414569.41907,0.000389,0.000462,0.000491,3.606244,3.606284,3.605753,4.0000000000262e-05,3.6001,0.026979486846924
"2026-05-22T01:49:29.461Z","run_bootstrap",41,"http://client3:8000","run","http://client3:8000/run",1,TRUE,200,1107,252,3.37621831893921,"2026-05-22T01:49:25.792639Z","2026-05-22T01:49:29.168858Z",1779414565.79264,1779414569.16886,0.000592,0.000651,0.000673,3.359842,3.359873,3.359169,3.09999999998922e-05,3.353,0.0232183189392088
"2026-05-22T01:49:33.147Z","run_bootstrap",42,"http://client1:8000","run","http://client1:8000/run",1,TRUE,200,1107,252,3.41557288169861,"2026-05-22T01:49:29.472989Z","2026-05-22T01:49:32.888562Z",1779414569.47299,1779414572.88856,0.000562,0.000644,0.000681,3.395634,3.395677,3.394953,4.30000000002373e-05,3.3887,0.0268728816986084
"2026-05-22T01:49:33.147Z","run_bootstrap",42,"http://client2:8000","run","http://client2:8000/run",1,TRUE,200,1107,253,3.66760849952698,"2026-05-22T01:49:29.472851Z","2026-05-22T01:49:33.140459Z",1779414569.47285,1779414573.14046,0.00068,0.000788,0.000829,3.654059,3.654116,3.65323,5.69999999999737e-05,3.6473,0.0203084995269776
"2026-05-22T01:49:33.147Z","run_bootstrap",42,"http://client3:8000","run","http://client3:8000/run",1,TRUE,200,1107,253,3.47713613510132,"2026-05-22T01:49:29.474231Z","2026-05-22T01:49:32.951367Z",1779414569.47423,1779414572.95137,0.000486,0.000595,0.000635,3.461171,3.461218,3.460536,4.69999999999082e-05,3.4528,0.0243361351013185
"2026-05-22T01:49:36.753Z","run_bootstrap",43,"http://client1:8000","run","http://client1:8000/run",1,TRUE,200,1109,253,3.32883739471436,"2026-05-22T01:49:33.163554Z","2026-05-22T01:49:36.492391Z",1779414573.16355,1779414576.49239,0.000708,0.000797,0.00082,3.308941,3.308993,3.308121,5.2000000000163e-05,3.2912,0.0376373947143556
"2026-05-22T01:49:36.753Z","run_bootstrap",43,"http://client2:8000","run","http://client2:8000/run",1,TRUE,200,1109,254,3.58379626274109,"2026-05-22T01:49:33.165125Z","2026-05-22T01:49:36.748922Z",1779414573.16513,1779414576.74892,0.000743,0.00085,0.000887,3.557766,3.557807,3.556879,4.09999999999577e-05,3.541,0.0427962627410889
"2026-05-22T01:49:36.753Z","run_bootstrap",43,"http://client3:8000","run","http://client3:8000/run",1,TRUE,200,1109,253,3.52408862113953,"2026-05-22T01:49:33.165675Z","2026-05-22T01:49:36.689764Z",1779414573.16568,1779414576.68976,0.000385,0.000467,5e-04,3.498368,3.498404,3.497868,3.59999999997029e-05,3.4806,0.0434886211395265
"2026-05-22T01:49:40.427Z","run_bootstrap",44,"http://client1:8000","run","http://client1:8000/run",1,TRUE,200,1109,253,3.41974878311157,"2026-05-22T01:49:36.770432Z","2026-05-22T01:49:40.190181Z",1779414576.77043,1779414580.19018,0.000466,0.000542,0.000574,3.401394,3.401438,3.40082,4.40000000003771e-05,3.3945,0.0252487831115724
"2026-05-22T01:49:40.427Z","run_bootstrap",44,"http://client2:8000","run","http://client2:8000/run",1,TRUE,200,1109,255,3.65230536460876,"2026-05-22T01:49:36.770945Z","2026-05-22T01:49:40.423250Z",1779414576.77095,1779414580.42325,0.000607,0.00069,0.000714,3.638377,3.63841,3.637663,3.29999999997277e-05,3.6316,0.0207053646087645
"2026-05-22T01:49:40.427Z","run_bootstrap",44,"http://client3:8000","run","http://client3:8000/run",1,TRUE,200,1109,253,3.44065165519714,"2026-05-22T01:49:36.771714Z","2026-05-22T01:49:40.212366Z",1779414576.77171,1779414580.21237,0.000604,0.000714,0.000751,3.420029,3.420072,3.419278,4.29999999997932e-05,3.4134,0.0272516551971433
"2026-05-22T01:49:44.035Z","run_bootstrap",45,"http://client1:8000","run","http://client1:8000/run",1,TRUE,200,1108,253,3.52328896522522,"2026-05-22T01:49:40.440361Z","2026-05-22T01:49:43.963650Z",1779414580.44036,1779414583.96365,0.00062,0.000723,0.000757,3.507383,3.50743,3.506626,4.69999999999082e-05,3.5002,0.0230889652252197
"2026-05-22T01:49:44.035Z","run_bootstrap",45,"http://client2:8000","run","http://client2:8000/run",1,TRUE,200,1108,254,3.30995416641235,"2026-05-22T01:49:40.441075Z","2026-05-22T01:49:43.751029Z",1779414580.44108,1779414583.75103,0.000603,0.000736,0.000773,3.289683,3.289723,3.28891,3.9999999999818e-05,3.2828,0.0271541664123536
"2026-05-22T01:49:44.035Z","run_bootstrap",45,"http://client3:8000","run","http://client3:8000/run",1,TRUE,200,1108,251,3.58630847930908,"2026-05-22T01:49:40.441664Z","2026-05-22T01:49:44.027972Z",1779414580.44166,1779414584.02797,0.000496,0.000572,0.000602,3.56634,3.566382,3.565738,4.20000000000975e-05,3.5595,0.0268084793090821
"2026-05-22T01:49:47.697Z","run_bootstrap",46,"http://client1:8000","run","http://client1:8000/run",1,TRUE,200,1108,253,3.64176273345947,"2026-05-22T01:49:44.050941Z","2026-05-22T01:49:47.692704Z",1779414584.05094,1779414587.6927,0.000708,0.000768,0.000787,3.628313,3.628372,3.627526,5.90000000002533e-05,3.6201,0.0216627334594728
"2026-05-22T01:49:47.697Z","run_bootstrap",46,"http://client2:8000","run","http://client2:8000/run",1,TRUE,200,1108,254,3.55088448524475,"2026-05-22T01:49:44.050422Z","2026-05-22T01:49:47.601306Z",1779414584.05042,1779414587.60131,0.000565,0.000685,0.000707,3.537242,3.53728,3.536535,3.79999999999825e-05,3.5305,0.020384485244751
"2026-05-22T01:49:47.697Z","run_bootstrap",46,"http://client3:8000","run","http://client3:8000/run",1,TRUE,200,1108,251,3.54823279380798,"2026-05-22T01:49:44.050930Z","2026-05-22T01:49:47.599163Z",1779414584.05093,1779414587.59916,0.00058,0.000684,0.000706,3.53492,3.534962,3.534214,4.20000000000975e-05,3.5283,0.0199327938079832
"2026-05-22T01:49:51.366Z","run_bootstrap",47,"http://client1:8000","run","http://client1:8000/run",1,TRUE,200,1108,258,3.5527012348175,"2026-05-22T01:49:47.759333Z","2026-05-22T01:49:51.312034Z",1779414587.75933,1779414591.31203,0.000787,0.000906,0.000945,3.539446,3.539584,3.538501,0.000138000000000194,3.5211,0.0316012348175048
"2026-05-22T01:49:51.366Z","run_bootstrap",47,"http://client2:8000","run","http://client2:8000/run",1,TRUE,200,1108,254,3.59487581253052,"2026-05-22T01:49:47.761275Z","2026-05-22T01:49:51.356151Z",1779414587.76128,1779414591.35615,0.000568,0.000687,0.000733,3.581445,3.581604,3.580712,0.00015900000000002,3.5737,0.0211758125305175
"2026-05-22T01:49:51.366Z","run_bootstrap",47,"http://client3:8000","run","http://client3:8000/run",1,TRUE,200,1108,254,3.60020136833191,"2026-05-22T01:49:47.761604Z","2026-05-22T01:49:51.361805Z",1779414587.7616,1779414591.36181,0.000637,0.000733,0.000773,3.587224,3.587358,3.586451,0.000134000000000079,3.5782,0.0220013683319094
"2026-05-22T01:49:55.170Z","run_bootstrap",48,"http://client1:8000","run","http://client1:8000/run",1,TRUE,200,1108,258,3.5004780292511,"2026-05-22T01:49:51.378219Z","2026-05-22T01:49:54.878697Z",1779414591.37822,1779414594.8787,0.000699,0.000786,0.00082,3.486759,3.486907,3.485939,0.000147999999999815,3.4796,0.0208780292510986
"2026-05-22T01:49:55.170Z","run_bootstrap",48,"http://client2:8000","run","http://client2:8000/run",1,TRUE,200,1108,254,3.60688543319702,"2026-05-22T01:49:51.378390Z","2026-05-22T01:49:54.985276Z",1779414591.37839,1779414594.98528,0.000615,0.000696,0.00072,3.592962,3.593107,3.592242,0.00014499999999984,3.5861,0.0207854331970214
"2026-05-22T01:49:55.170Z","run_bootstrap",48,"http://client3:8000","run","http://client3:8000/run",1,TRUE,200,1108,254,3.78275179862976,"2026-05-22T01:49:51.380109Z","2026-05-22T01:49:55.162861Z",1779414591.38011,1779414595.16286,0.000487,0.000562,0.000598,3.770307,3.770453,3.769709,0.000145999999999979,3.7634,0.0193517986297609
"2026-05-22T01:49:59.075Z","run_bootstrap",49,"http://client1:8000","run","http://client1:8000/run",1,TRUE,200,1108,263,3.59068369865417,"2026-05-22T01:49:55.186020Z","2026-05-22T01:49:58.776704Z",1779414595.18602,1779414598.7767,0.000775,0.00089,0.000928,3.576283,3.576439,3.575355,0.000156000000000045,3.5688,0.0218836986541748
"2026-05-22T01:49:59.075Z","run_bootstrap",49,"http://client2:8000","run","http://client2:8000/run",1,TRUE,200,1108,263,3.88276958465576,"2026-05-22T01:49:55.187942Z","2026-05-22T01:49:59.070711Z",1779414595.18794,1779414599.07071,0.000649,0.000772,0.00081,3.862924,3.863107,3.862114,0.000182999999999822,3.8558,0.0269695846557618
"2026-05-22T01:49:59.075Z","run_bootstrap",49,"http://client3:8000","run","http://client3:8000/run",1,TRUE,200,1108,260,3.87131834030151,"2026-05-22T01:49:55.188426Z","2026-05-22T01:49:59.059744Z",1779414595.18843,1779414599.05974,0.000592,0.000709,0.000745,3.857682,3.857822,3.856937,0.000140000000000029,3.8509,0.0204183403015135
"2026-05-22T01:50:02.975Z","run_bootstrap",50,"http://client1:8000","run","http://client1:8000/run",1,TRUE,200,1108,263,3.70269966125488,"2026-05-22T01:49:59.087130Z","2026-05-22T01:50:02.789829Z",1779414599.08713,1779414602.78983,0.000625,0.000677,0.000702,3.687447,3.6876,3.686745,0.00015300000000007,3.6798,0.0228996612548826
"2026-05-22T01:50:02.975Z","run_bootstrap",50,"http://client2:8000","run","http://client2:8000/run",1,TRUE,200,1108,263,3.56264209747314,"2026-05-22T01:49:59.088055Z","2026-05-22T01:50:02.650697Z",1779414599.08806,1779414602.6507,0.000582,0.000664,0.000692,3.548427,3.548589,3.547735,0.000161999999999995,3.5414,0.0212420974731446
"2026-05-22T01:50:02.975Z","run_bootstrap",50,"http://client3:8000","run","http://client3:8000/run",1,TRUE,200,1108,260,3.88204526901245,"2026-05-22T01:49:59.089209Z","2026-05-22T01:50:02.971254Z",1779414599.08921,1779414602.97125,0.00057,0.000642,0.000679,3.867564,3.86771,3.866885,0.000146000000000424,3.8606,0.0214452690124514
"2026-05-22T01:50:06.790Z","run_bootstrap",51,"http://client1:8000","run","http://client1:8000/run",1,TRUE,200,1107,254,3.53261065483093,"2026-05-22T01:50:02.987527Z","2026-05-22T01:50:06.520138Z",1779414602.98753,1779414606.52014,0.000712,0.000816,0.00085,3.51781,3.517953,3.51696,0.000143000000000004,3.5082,0.0244106548309326
"2026-05-22T01:50:06.790Z","run_bootstrap",51,"http://client2:8000","run","http://client2:8000/run",1,TRUE,200,1107,252,3.79534888267517,"2026-05-22T01:50:02.989660Z","2026-05-22T01:50:06.785008Z",1779414602.98966,1779414606.78501,0.000696,0.000808,0.000849,3.77963,3.779778,3.778781,0.000147999999999815,3.7678,0.0275488826751711
"2026-05-22T01:50:06.790Z","run_bootstrap",51,"http://client3:8000","run","http://client3:8000/run",1,TRUE,200,1107,251,3.5347466468811,"2026-05-22T01:50:02.989847Z","2026-05-22T01:50:06.524593Z",1779414602.98985,1779414606.52459,0.000755,0.000853,0.000887,3.519314,3.519486,3.518427,0.000172000000000061,3.5047,0.0300466468811034
"2026-05-22T01:50:10.622Z","run_bootstrap",52,"http://client1:8000","run","http://client1:8000/run",1,TRUE,200,1107,254,3.81502032279968,"2026-05-22T01:50:06.802846Z","2026-05-22T01:50:10.617866Z",1779414606.80285,1779414610.61787,0.000603,0.000703,0.000735,3.798822,3.798969,3.798087,0.000147000000000119,3.7909,0.0241203227996825
"2026-05-22T01:50:10.622Z","run_bootstrap",52,"http://client2:8000","run","http://client2:8000/run",1,TRUE,200,1107,252,3.50562071800232,"2026-05-22T01:50:06.803293Z","2026-05-22T01:50:10.308914Z",1779414606.80329,1779414610.30891,0.000602,0.000699,0.000733,3.489086,3.489206,3.488353,0.000119999999999898,3.4816,0.0240207180023195
"2026-05-22T01:50:10.622Z","run_bootstrap",52,"http://client3:8000","run","http://client3:8000/run",1,TRUE,200,1107,251,3.57626557350159,"2026-05-22T01:50:06.803772Z","2026-05-22T01:50:10.380038Z",1779414606.80377,1779414610.38004,0.000504,0.000575,0.000599,3.561013,3.561132,3.560414,0.000119000000000202,3.5536,0.022665573501587
"2026-05-22T01:50:14.293Z","run_bootstrap",53,"http://client1:8000","run","http://client1:8000/run",1,TRUE,200,1109,254,3.61962366104126,"2026-05-22T01:50:10.635045Z","2026-05-22T01:50:14.254668Z",1779414610.63505,1779414614.25467,0.000712,0.000816,0.000857,3.605908,3.605993,3.605051,8.49999999998907e-05,3.5947,0.0249236610412598
"2026-05-22T01:50:14.293Z","run_bootstrap",53,"http://client2:8000","run","http://client2:8000/run",1,TRUE,200,1109,252,3.59789943695068,"2026-05-22T01:50:10.636745Z","2026-05-22T01:50:14.234644Z",1779414610.63675,1779414614.23464,0.00053,0.000614,0.00065,3.583842,3.583991,3.583192,0.000148999999999955,3.574,0.0238994369506838
"2026-05-22T01:50:14.293Z","run_bootstrap",53,"http://client3:8000","run","http://client3:8000/run",1,TRUE,200,1109,251,3.65050005912781,"2026-05-22T01:50:10.637252Z","2026-05-22T01:50:14.287752Z",1779414610.63725,1779414614.28775,0.000523,0.000649,0.000701,3.634642,3.634792,3.633941,0.000150000000000095,3.6265,0.0240000591278076
"2026-05-22T01:50:18.116Z","run_bootstrap",54,"http://client1:8000","run","http://client1:8000/run",1,TRUE,200,1109,254,3.62287354469299,"2026-05-22T01:50:14.305754Z","2026-05-22T01:50:17.928628Z",1779414614.30575,1779414617.92863,0.000548,0.000619,0.000653,3.604828,3.604955,3.604175,0.000126999999999988,3.5974,0.0254735446929932
"2026-05-22T01:50:18.116Z","run_bootstrap",54,"http://client2:8000","run","http://client2:8000/run",1,TRUE,200,1109,253,3.80569553375244,"2026-05-22T01:50:14.306188Z","2026-05-22T01:50:18.111883Z",1779414614.30619,1779414618.11188,0.000643,0.000749,0.000783,3.790774,3.790906,3.789991,0.000132000000000243,3.7824,0.0232955337524414
"2026-05-22T01:50:18.116Z","run_bootstrap",54,"http://client3:8000","run","http://client3:8000/run",1,TRUE,200,1109,251,3.37731695175171,"2026-05-22T01:50:14.306668Z","2026-05-22T01:50:17.683985Z",1779414614.30667,1779414617.68399,0.000495,0.000579,0.000611,3.360186,3.360318,3.359575,0.000131999999999799,3.3534,0.0239169517517088
"2026-05-22T01:50:21.797Z","run_bootstrap",55,"http://client1:8000","run","http://client1:8000/run",1,TRUE,200,1108,252,3.66453576087952,"2026-05-22T01:50:18.128077Z","2026-05-22T01:50:21.792613Z",1779414618.12808,1779414621.79261,0.000608,0.00073,0.000765,3.648503,3.6486,3.647738,9.70000000002358e-05,3.6362,0.0283357608795165
"2026-05-22T01:50:21.797Z","run_bootstrap",55,"http://client2:8000","run","http://client2:8000/run",1,TRUE,200,1108,256,3.61963438987732,"2026-05-22T01:50:18.128885Z","2026-05-22T01:50:21.748519Z",1779414618.12889,1779414621.74852,0.000542,0.000664,0.000703,3.597444,3.597588,3.596741,0.000144000000000144,3.5898,0.0298343898773195
"2026-05-22T01:50:21.797Z","run_bootstrap",55,"http://client3:8000","run","http://client3:8000/run",1,TRUE,200,1108,252,3.53999090194702,"2026-05-22T01:50:18.129375Z","2026-05-22T01:50:21.669366Z",1779414618.12938,1779414621.66937,0.00058,0.000695,0.000723,3.518227,3.518365,3.517504,0.000138000000000194,3.5088,0.0311909019470216
"2026-05-22T01:50:25.464Z","run_bootstrap",56,"http://client1:8000","run","http://client1:8000/run",1,TRUE,200,1108,252,3.64986753463745,"2026-05-22T01:50:21.809738Z","2026-05-22T01:50:25.459606Z",1779414621.80974,1779414625.45961,0.000535,0.000593,0.000614,3.631264,3.631394,3.63065,0.000129999999999963,3.6226,0.0272675346374514
"2026-05-22T01:50:25.464Z","run_bootstrap",56,"http://client2:8000","run","http://client2:8000/run",1,TRUE,200,1108,256,3.52728080749512,"2026-05-22T01:50:21.810183Z","2026-05-22T01:50:25.337464Z",1779414621.81018,1779414625.33746,0.000449,0.000564,0.000601,3.508854,3.508962,3.508253,0.000107999999999997,3.5022,0.025080807495117
"2026-05-22T01:50:25.464Z","run_bootstrap",56,"http://client3:8000","run","http://client3:8000/run",1,TRUE,200,1108,252,3.64388942718506,"2026-05-22T01:50:21.810659Z","2026-05-22T01:50:25.454549Z",1779414621.81066,1779414625.45455,0.000729,0.000816,0.00084,3.627202,3.627325,3.626362,0.000122999999999873,3.6202,0.0236894271850585
"2026-05-22T01:50:29.146Z","run_bootstrap",57,"http://client1:8000","run","http://client1:8000/run",1,TRUE,200,1109,251,3.66463541984558,"2026-05-22T01:50:25.476705Z","2026-05-22T01:50:29.141340Z",1779414625.47671,1779414629.14134,0.000496,0.000568,0.000607,3.648654,3.648816,3.648047,0.000161999999999995,3.6409,0.0237354198455813
"2026-05-22T01:50:29.146Z","run_bootstrap",57,"http://client2:8000","run","http://client2:8000/run",1,TRUE,200,1109,255,3.43731069564819,"2026-05-22T01:50:25.477361Z","2026-05-22T01:50:28.914671Z",1779414625.47736,1779414628.91467,0.000489,0.000567,0.000606,3.422704,3.422827,3.422098,0.000122999999999873,3.4127,0.0246106956481933
"2026-05-22T01:50:29.146Z","run_bootstrap",57,"http://client3:8000","run","http://client3:8000/run",1,TRUE,200,1109,251,3.62945175170898,"2026-05-22T01:50:25.477877Z","2026-05-22T01:50:29.107329Z",1779414625.47788,1779414629.10733,0.00053,0.000578,0.000603,3.611318,3.611475,3.610715,0.000157000000000185,3.6043,0.0251517517089845
"2026-05-22T01:50:32.869Z","run_bootstrap",58,"http://client1:8000","run","http://client1:8000/run",1,TRUE,200,1109,251,3.69872999191284,"2026-05-22T01:50:29.163537Z","2026-05-22T01:50:32.862267Z",1779414629.16354,1779414632.86227,0.000627,0.000713,0.000749,3.687086,3.687217,3.686337,0.000131000000000103,3.6797,0.0190299919128418
"2026-05-22T01:50:32.869Z","run_bootstrap",58,"http://client2:8000","run","http://client2:8000/run",1,TRUE,200,1109,255,3.58744978904724,"2026-05-22T01:50:29.163519Z","2026-05-22T01:50:32.750969Z",1779414629.16352,1779414632.75097,0.000583,0.000678,0.000711,3.575735,3.575875,3.575024,0.000140000000000029,3.5671,0.0203497890472413
"2026-05-22T01:50:32.869Z","run_bootstrap",58,"http://client3:8000","run","http://client3:8000/run",1,TRUE,200,1109,251,3.57204937934875,"2026-05-22T01:50:29.162582Z","2026-05-22T01:50:32.734632Z",1779414629.16258,1779414632.73463,0.000641,0.000756,0.000795,3.559726,3.559864,3.558931,0.000138000000000194,3.5524,0.0196493793487549
"2026-05-22T01:50:36.705Z","run_bootstrap",59,"http://client1:8000","run","http://client1:8000/run",1,TRUE,200,1109,252,3.78028059005737,"2026-05-22T01:50:32.881674Z","2026-05-22T01:50:36.661955Z",1779414632.88167,1779414636.66196,0.00069,0.000743,0.000765,3.767261,3.767399,3.766496,0.000138000000000194,3.7589,0.0213805900573729
"2026-05-22T01:50:36.705Z","run_bootstrap",59,"http://client2:8000","run","http://client2:8000/run",1,TRUE,200,1109,255,3.81895923614502,"2026-05-22T01:50:32.881913Z","2026-05-22T01:50:36.700872Z",1779414632.88191,1779414636.70087,0.000532,0.000624,0.000648,3.806242,3.806365,3.805594,0.000122999999999873,3.7987,0.0202592361450193
"2026-05-22T01:50:36.705Z","run_bootstrap",59,"http://client3:8000","run","http://client3:8000/run",1,TRUE,200,1109,250,3.68834757804871,"2026-05-22T01:50:32.883679Z","2026-05-22T01:50:36.572026Z",1779414632.88368,1779414636.57203,0.000498,0.00056,0.000581,3.674562,3.674725,3.673981,0.000163000000000135,3.6675,0.0208475780487061
"2026-05-22T01:50:40.796Z","run_bootstrap",60,"http://client1:8000","run","http://client1:8000/run",1,TRUE,200,1109,252,3.90865015983582,"2026-05-22T01:50:36.717934Z","2026-05-22T01:50:40.626584Z",1779414636.71793,1779414640.62658,0.000569,0.000659,7e-04,3.893838,3.894014,3.893138,0.000175999999999732,3.7431,0.165550159835815
"2026-05-22T01:50:40.796Z","run_bootstrap",60,"http://client2:8000","run","http://client2:8000/run",1,TRUE,200,1109,255,3.75833463668823,"2026-05-22T01:50:36.718522Z","2026-05-22T01:50:40.476856Z",1779414636.71852,1779414640.47686,0.000563,0.00064,0.000679,3.743904,3.744063,3.743225,0.00015900000000002,3.5935,0.164834636688232
"2026-05-22T01:50:40.796Z","run_bootstrap",60,"http://client3:8000","run","http://client3:8000/run",1,TRUE,200,1109,250,4.07407331466675,"2026-05-22T01:50:36.717816Z","2026-05-22T01:50:40.791890Z",1779414636.71782,1779414640.79189,0.000671,0.000776,0.000818,4.060208,4.060453,4.05939,0.000244999999999607,3.9012,0.172873314666748
"2026-05-22T01:50:44.416Z","run_bootstrap",61,"http://client1:8000","run","http://client1:8000/run",1,TRUE,200,1108,251,3.46666693687439,"2026-05-22T01:50:40.807985Z","2026-05-22T01:50:44.274652Z",1779414640.80799,1779414644.27465,0.000493,0.000582,0.000614,3.443457,3.443546,3.442843,8.90000000000057e-05,3.437,0.0296669368743898
"2026-05-22T01:50:44.416Z","run_bootstrap",61,"http://client2:8000","run","http://client2:8000/run",1,TRUE,200,1108,254,3.60137796401978,"2026-05-22T01:50:40.808526Z","2026-05-22T01:50:44.409904Z",1779414640.80853,1779414644.4099,0.000619,0.000726,0.00076,3.582115,3.582247,3.581355,0.000132000000000243,3.5757,0.0256779640197755
"2026-05-22T01:50:44.416Z","run_bootstrap",61,"http://client3:8000","run","http://client3:8000/run",1,TRUE,200,1108,254,3.41456890106201,"2026-05-22T01:50:40.809226Z","2026-05-22T01:50:44.223795Z",1779414640.80923,1779414644.2238,0.000653,0.000761,0.000796,3.392434,3.392574,3.391638,0.000140000000000029,3.3858,0.0287689010620116
"2026-05-22T01:50:48.047Z","run_bootstrap",62,"http://client1:8000","run","http://client1:8000/run",1,TRUE,200,1108,252,3.61012721061707,"2026-05-22T01:50:44.430077Z","2026-05-22T01:50:48.040204Z",1779414644.43008,1779414648.0402,0.000742,0.000815,0.000837,3.595006,3.595088,3.594169,8.19999999999155e-05,3.5879,0.0222272106170656
"2026-05-22T01:50:48.047Z","run_bootstrap",62,"http://client2:8000","run","http://client2:8000/run",1,TRUE,200,1108,254,3.53721570968628,"2026-05-22T01:50:44.430490Z","2026-05-22T01:50:47.967705Z",1779414644.43049,1779414647.96771,0.000637,0.000719,0.000749,3.522688,3.522818,3.521939,0.000129999999999963,3.5159,0.0213157096862795
"2026-05-22T01:50:48.047Z","run_bootstrap",62,"http://client3:8000","run","http://client3:8000/run",1,TRUE,200,1108,254,3.50734686851501,"2026-05-22T01:50:44.431058Z","2026-05-22T01:50:47.938405Z",1779414644.43106,1779414647.93841,0.000542,0.000621,0.000651,3.487167,3.487259,3.486516,9.1999999999981e-05,3.4802,0.0271468685150147
"2026-05-22T01:50:51.599Z","run_bootstrap",63,"http://client1:8000","run","http://client1:8000/run",1,TRUE,200,1107,250,3.48746585845947,"2026-05-22T01:50:48.057871Z","2026-05-22T01:50:51.545337Z",1779414648.05787,1779414651.54534,0.000606,0.000683,0.000711,3.470379,3.470498,3.469668,0.000119000000000202,3.4518,0.0356658584594727
"2026-05-22T01:50:51.599Z","run_bootstrap",63,"http://client2:8000","run","http://client2:8000/run",1,TRUE,200,1107,255,3.49556994438171,"2026-05-22T01:50:48.058864Z","2026-05-22T01:50:51.554434Z",1779414648.05886,1779414651.55443,0.000594,0.00071,0.000742,3.478755,3.478891,3.478013,0.000135999999999914,3.4628,0.0327699443817138
"2026-05-22T01:50:51.599Z","run_bootstrap",63,"http://client3:8000","run","http://client3:8000/run",1,TRUE,200,1107,253,3.53412485122681,"2026-05-22T01:50:48.060608Z","2026-05-22T01:50:51.594733Z",1779414648.06061,1779414651.59473,0.000439,0.000514,0.000545,3.517563,3.5178,3.517018,0.000236999999999821,3.5008,0.0333248512268067
"2026-05-22T01:50:55.327Z","run_bootstrap",64,"http://client1:8000","run","http://client1:8000/run",1,TRUE,200,1107,250,3.70964956283569,"2026-05-22T01:50:51.613861Z","2026-05-22T01:50:55.323510Z",1779414651.61386,1779414655.32351,0.00051,0.000589,0.000614,3.695007,3.695137,3.694393,0.000129999999999963,3.6882,0.0214495628356932
"2026-05-22T01:50:55.327Z","run_bootstrap",64,"http://client2:8000","run","http://client2:8000/run",1,TRUE,200,1107,255,3.54497599601746,"2026-05-22T01:50:51.614587Z","2026-05-22T01:50:55.159563Z",1779414651.61459,1779414655.15956,0.000656,0.00071,0.000731,3.530329,3.530445,3.529598,0.000115999999999783,3.5218,0.0231759960174562
"2026-05-22T01:50:55.327Z","run_bootstrap",64,"http://client3:8000","run","http://client3:8000/run",1,TRUE,200,1107,253,3.3223934173584,"2026-05-22T01:50:51.615143Z","2026-05-22T01:50:54.937536Z",1779414651.61514,1779414654.93754,0.000583,0.000643,0.000663,3.308157,3.308264,3.307494,0.000106999999999857,3.2985,0.0238934173583982
"2026-05-22T01:50:59.004Z","run_bootstrap",65,"http://client1:8000","run","http://client1:8000/run",1,TRUE,200,1108,251,3.65873003005981,"2026-05-22T01:50:55.338755Z","2026-05-22T01:50:58.997485Z",1779414655.33876,1779414658.99749,0.000695,0.000806,0.000846,3.645042,3.645138,3.644196,9.6000000000096e-05,3.6376,0.0211300300598145
"2026-05-22T01:50:59.004Z","run_bootstrap",65,"http://client2:8000","run","http://client2:8000/run",1,TRUE,200,1108,255,3.53706169128418,"2026-05-22T01:50:55.340548Z","2026-05-22T01:50:58.877609Z",1779414655.34055,1779414658.87761,0.00058,0.000711,0.000752,3.515443,3.51558,3.514691,0.000137000000000054,3.5077,0.0293616912841799
"2026-05-22T01:50:59.004Z","run_bootstrap",65,"http://client3:8000","run","http://client3:8000/run",1,TRUE,200,1108,254,3.34706330299377,"2026-05-22T01:50:55.341002Z","2026-05-22T01:50:58.688065Z",1779414655.341,1779414658.68807,0.000734,0.000863,0.000904,3.325788,3.325926,3.324884,0.000137999999999749,3.3178,0.0292633029937743
"2026-05-22T01:51:02.617Z","run_bootstrap",66,"http://client1:8000","run","http://client1:8000/run",1,TRUE,200,1108,251,3.58748054504395,"2026-05-22T01:50:59.023031Z","2026-05-22T01:51:02.610512Z",1779414659.02303,1779414662.61051,0.00062,0.000707,0.000738,3.565289,3.565447,3.564551,0.00015799999999988,3.5581,0.0293805450439453
"2026-05-22T01:51:02.617Z","run_bootstrap",66,"http://client2:8000","run","http://client2:8000/run",1,TRUE,200,1108,255,3.55783009529114,"2026-05-22T01:50:59.023720Z","2026-05-22T01:51:02.581550Z",1779414659.02372,1779414662.58155,0.000478,0.00055,0.000585,3.53641,3.536541,3.535825,0.000131000000000103,3.5294,0.0284300952911378
"2026-05-22T01:51:02.617Z","run_bootstrap",66,"http://client3:8000","run","http://client3:8000/run",1,TRUE,200,1108,254,3.54464507102966,"2026-05-22T01:50:59.022845Z","2026-05-22T01:51:02.567490Z",1779414659.02285,1779414662.56749,0.000595,0.000701,0.000736,3.530157,3.530302,3.529421,0.00014499999999984,3.5233,0.0213450710296632
"2026-05-22T01:51:06.362Z","run_bootstrap",67,"http://client1:8000","run","http://client1:8000/run",1,TRUE,200,1109,252,3.5834276676178,"2026-05-22T01:51:02.629504Z","2026-05-22T01:51:06.212932Z",1779414662.6295,1779414666.21293,0.000432,0.000549,0.000583,3.56147,3.561621,3.560887,0.000151000000000234,3.5545,0.0289276676177979
"2026-05-22T01:51:06.362Z","run_bootstrap",67,"http://client2:8000","run","http://client2:8000/run",1,TRUE,200,1109,254,3.72776794433594,"2026-05-22T01:51:02.629983Z","2026-05-22T01:51:06.357751Z",1779414662.62998,1779414666.35775,0.00063,0.000739,0.00078,3.712273,3.712367,3.711493,9.39999999998165e-05,3.7055,0.0222679443359377
"2026-05-22T01:51:06.362Z","run_bootstrap",67,"http://client3:8000","run","http://client3:8000/run",1,TRUE,200,1109,255,3.44371390342712,"2026-05-22T01:51:02.630572Z","2026-05-22T01:51:06.074286Z",1779414662.63057,1779414666.07429,0.000577,0.000695,0.000732,3.42346,3.423581,3.422728,0.000121000000000038,3.4165,0.0272139034271239
"2026-05-22T01:51:09.940Z","run_bootstrap",68,"http://client1:8000","run","http://client1:8000/run",1,TRUE,200,1109,252,3.55969309806824,"2026-05-22T01:51:06.375785Z","2026-05-22T01:51:09.935478Z",1779414666.37579,1779414669.93548,0.00059,0.000681,0.000714,3.537399,3.537553,3.536685,0.000153999999999765,3.5293,0.0303930980682372
"2026-05-22T01:51:09.940Z","run_bootstrap",68,"http://client2:8000","run","http://client2:8000/run",1,TRUE,200,1109,254,3.55118370056152,"2026-05-22T01:51:06.376495Z","2026-05-22T01:51:09.927679Z",1779414666.3765,1779414669.92768,0.000567,0.000674,0.000712,3.529497,3.529659,3.528785,0.000161999999999995,3.5226,0.0285837005615233
"2026-05-22T01:51:09.940Z","run_bootstrap",68,"http://client3:8000","run","http://client3:8000/run",1,TRUE,200,1109,255,3.45505738258362,"2026-05-22T01:51:06.377007Z","2026-05-22T01:51:09.832064Z",1779414666.37701,1779414669.83206,0.000631,0.000734,0.000768,3.437664,3.437747,3.436896,8.30000000000553e-05,3.4309,0.0241573825836183
"2026-05-22T01:51:13.725Z","run_bootstrap",69,"http://client1:8000","run","http://client1:8000/run",1,TRUE,200,1109,248,3.770103931427,"2026-05-22T01:51:09.950531Z","2026-05-22T01:51:13.720635Z",1779414669.95053,1779414673.72064,0.000451,0.000525,0.000549,3.752574,3.752721,3.752025,0.000147000000000119,3.7456,0.0245039314270019
"2026-05-22T01:51:13.725Z","run_bootstrap",69,"http://client2:8000","run","http://client2:8000/run",1,TRUE,200,1109,254,3.49279189109802,"2026-05-22T01:51:09.952344Z","2026-05-22T01:51:13.445136Z",1779414669.95234,1779414673.44514,0.000539,0.000611,0.000645,3.476468,3.476638,3.475823,0.000169999999999781,3.4691,0.0236918910980224
"2026-05-22T01:51:13.725Z","run_bootstrap",69,"http://client3:8000","run","http://client3:8000/run",1,TRUE,200,1109,254,3.56949591636658,"2026-05-22T01:51:09.951698Z","2026-05-22T01:51:13.521194Z",1779414669.9517,1779414673.52119,0.000499,0.000582,0.00062,3.552407,3.552562,3.551787,0.000154999999999905,3.5449,0.024595916366577
"2026-05-22T01:51:17.530Z","run_bootstrap",70,"http://client1:8000","run","http://client1:8000/run",1,TRUE,200,1109,248,3.52654314041138,"2026-05-22T01:51:13.738805Z","2026-05-22T01:51:17.265348Z",1779414673.73881,1779414677.26535,0.000824,0.000889,0.000927,3.512665,3.512803,3.511738,0.000137999999999749,3.5043,0.0222431404113768
"2026-05-22T01:51:17.530Z","run_bootstrap",70,"http://client2:8000","run","http://client2:8000/run",1,TRUE,200,1109,253,3.78516221046448,"2026-05-22T01:51:13.740613Z","2026-05-22T01:51:17.525775Z",1779414673.74061,1779414677.52578,0.000566,0.000643,0.000678,3.768849,3.768933,3.768171,8.4000000000195e-05,3.761,0.0241622104644774
"2026-05-22T01:51:17.530Z","run_bootstrap",70,"http://client3:8000","run","http://client3:8000/run",1,TRUE,200,1109,254,3.46018934249878,"2026-05-22T01:51:13.739809Z","2026-05-22T01:51:17.199999Z",1779414673.73981,1779414677.2,0.000558,0.000664,0.000706,3.447129,3.447244,3.446423,0.000115000000000087,3.4401,0.0200893424987791
"2026-05-22T01:51:21.372Z","run_bootstrap",71,"http://client1:8000","run","http://client1:8000/run",1,TRUE,200,1108,249,3.58123660087585,"2026-05-22T01:51:17.542163Z","2026-05-22T01:51:21.123399Z",1779414677.54216,1779414681.1234,0.000788,0.000912,0.000947,3.564788,3.564912,3.563841,0.000124000000000013,3.5572,0.0240366008758546
"2026-05-22T01:51:21.372Z","run_bootstrap",71,"http://client2:8000","run","http://client2:8000/run",1,TRUE,200,1108,253,3.64353728294373,"2026-05-22T01:51:17.543030Z","2026-05-22T01:51:21.186567Z",1779414677.54303,1779414681.18657,0.000651,0.000732,0.000763,3.626574,3.626726,3.625811,0.00015199999999993,3.6196,0.0239372829437254
"2026-05-22T01:51:21.372Z","run_bootstrap",71,"http://client3:8000","run","http://client3:8000/run",1,TRUE,200,1108,254,3.82096076011658,"2026-05-22T01:51:17.543650Z","2026-05-22T01:51:21.364611Z",1779414677.54365,1779414681.36461,0.000591,0.000682,0.000713,3.800297,3.800417,3.799584,0.000119999999999898,3.7915,0.0294607601165771
"2026-05-22T01:51:25.194Z","run_bootstrap",72,"http://client1:8000","run","http://client1:8000/run",1,TRUE,200,1108,249,3.64638757705688,"2026-05-22T01:51:21.389160Z","2026-05-22T01:51:25.035547Z",1779414681.38916,1779414685.03555,0.00207,0.002221,0.002269,3.626748,3.626872,3.624479,0.000124000000000013,3.6162,0.0301875770568847
"2026-05-22T01:51:25.194Z","run_bootstrap",72,"http://client2:8000","run","http://client2:8000/run",1,TRUE,200,1108,253,3.7997100353241,"2026-05-22T01:51:21.390424Z","2026-05-22T01:51:25.190134Z",1779414681.39042,1779414685.19013,0.000626,0.000765,0.000823,3.78052,3.780659,3.779697,0.000138999999999889,3.7705,0.0292100353240965
"2026-05-22T01:51:25.194Z","run_bootstrap",72,"http://client3:8000","run","http://client3:8000/run",1,TRUE,200,1108,254,3.67789578437805,"2026-05-22T01:51:21.391469Z","2026-05-22T01:51:25.069365Z",1779414681.39147,1779414685.06937,0.001962,0.002114,0.002165,3.66048,3.660606,3.658315,0.000125999999999848,3.6504,0.0274957843780519
"2026-05-22T01:51:29.079Z","run_bootstrap",73,"http://client1:8000","run","http://client1:8000/run",1,TRUE,200,1108,249,3.69424176216125,"2026-05-22T01:51:25.207204Z","2026-05-22T01:51:28.901446Z",1779414685.2072,1779414688.90145,0.000694,0.000806,0.00084,3.678207,3.678315,3.677367,0.000107999999999997,3.671,0.0232417621612551
"2026-05-22T01:51:29.079Z","run_bootstrap",73,"http://client2:8000","run","http://client2:8000/run",1,TRUE,200,1108,255,3.4052529335022,"2026-05-22T01:51:25.206654Z","2026-05-22T01:51:28.611907Z",1779414685.20665,1779414688.61191,0.000783,0.00089,0.000925,3.390556,3.390691,3.389631,0.000134999999999774,3.3676,0.0376529335021973
"2026-05-22T01:51:29.079Z","run_bootstrap",73,"http://client3:8000","run","http://client3:8000/run",1,TRUE,200,1108,253,3.86421227455139,"2026-05-22T01:51:25.208622Z","2026-05-22T01:51:29.072834Z",1779414685.20862,1779414689.07283,0.000647,0.000759,0.000792,3.842818,3.842942,3.842026,0.000124000000000013,3.8358,0.0284122745513917
"2026-05-22T01:51:32.993Z","run_bootstrap",74,"http://client1:8000","run","http://client1:8000/run",1,TRUE,200,1108,250,3.74620127677917,"2026-05-22T01:51:29.091735Z","2026-05-22T01:51:32.837937Z",1779414689.09174,1779414692.83794,0.000596,0.000708,0.000745,3.728202,3.72832,3.727457,0.000118000000000062,3.7207,0.0255012767791749
"2026-05-22T01:51:32.993Z","run_bootstrap",74,"http://client2:8000","run","http://client2:8000/run",1,TRUE,200,1108,255,3.86414551734924,"2026-05-22T01:51:29.093547Z","2026-05-22T01:51:32.957693Z",1779414689.09355,1779414692.95769,0.00047,0.000584,0.000624,3.839434,3.839567,3.83881,0.000133000000000383,3.8317,0.0324455173492431
"2026-05-22T01:51:32.993Z","run_bootstrap",74,"http://client3:8000","run","http://client3:8000/run",1,TRUE,200,1108,252,3.89471673965454,"2026-05-22T01:51:29.094003Z","2026-05-22T01:51:32.988720Z",1779414689.094,1779414692.98872,0.00062,0.000729,0.000763,3.872015,3.872154,3.871252,0.000138999999999889,3.865,0.0297167396545408
"2026-05-22T01:51:36.710Z","run_bootstrap",75,"http://client1:8000","run","http://client1:8000/run",1,TRUE,200,1109,250,3.66791677474976,"2026-05-22T01:51:33.007136Z","2026-05-22T01:51:36.675053Z",1779414693.00714,1779414696.67505,0.000567,0.00068,0.000715,3.649836,3.649968,3.649121,0.000131999999999799,3.6422,0.025716774749756
"2026-05-22T01:51:36.710Z","run_bootstrap",75,"http://client2:8000","run","http://client2:8000/run",1,TRUE,200,1109,253,3.59596157073975,"2026-05-22T01:51:33.007683Z","2026-05-22T01:51:36.603645Z",1779414693.00768,1779414696.60365,0.000635,0.000747,0.000782,3.581937,3.582082,3.581155,0.000145000000000284,3.5745,0.0214615707397461
"2026-05-22T01:51:36.710Z","run_bootstrap",75,"http://client3:8000","run","http://client3:8000/run",1,TRUE,200,1109,254,3.69746661186218,"2026-05-22T01:51:33.008297Z","2026-05-22T01:51:36.705764Z",1779414693.0083,1779414696.70576,0.000751,0.000868,0.000904,3.68209,3.682366,3.681186,0.000275999999999943,3.6749,0.0225666118621826
"2026-05-22T01:51:40.604Z","run_bootstrap",76,"http://client1:8000","run","http://client1:8000/run",1,TRUE,200,1109,250,3.62890768051147,"2026-05-22T01:51:36.722564Z","2026-05-22T01:51:40.351472Z",1779414696.72256,1779414700.35147,0.000636,0.00075,0.000791,3.613502,3.613647,3.612711,0.00014499999999984,3.6061,0.0228076805114745
"2026-05-22T01:51:40.604Z","run_bootstrap",76,"http://client2:8000","run","http://client2:8000/run",1,TRUE,200,1109,253,3.59546709060669,"2026-05-22T01:51:36.723239Z","2026-05-22T01:51:40.318706Z",1779414696.72324,1779414700.31871,0.000582,0.000734,0.000792,3.577862,3.578003,3.57707,0.000140999999999725,3.5689,0.0265670906066893
"2026-05-22T01:51:40.604Z","run_bootstrap",76,"http://client3:8000","run","http://client3:8000/run",1,TRUE,200,1109,254,3.87339639663696,"2026-05-22T01:51:36.723824Z","2026-05-22T01:51:40.597220Z",1779414696.72382,1779414700.59722,5e-04,0.000607,0.00065,3.856142,3.856277,3.855492,0.000134999999999774,3.8477,0.0256963966369628
"2026-05-22T01:51:44.522Z","run_bootstrap",77,"http://client1:8000","run","http://client1:8000/run",1,TRUE,200,1108,251,3.75051164627075,"2026-05-22T01:51:40.616111Z","2026-05-22T01:51:44.366623Z",1779414700.61611,1779414704.36662,0.000582,0.000688,0.000724,3.735917,3.736081,3.735193,0.000163999999999831,3.7207,0.0298116462707521
"2026-05-22T01:51:44.522Z","run_bootstrap",77,"http://client2:8000","run","http://client2:8000/run",1,TRUE,200,1108,253,3.90086936950684,"2026-05-22T01:51:40.616814Z","2026-05-22T01:51:44.517683Z",1779414700.61681,1779414704.51768,0.000652,0.000758,0.000793,3.881504,3.881582,3.880711,7.79999999998005e-05,3.8734,0.0274693695068358
"2026-05-22T01:51:44.522Z","run_bootstrap",77,"http://client3:8000","run","http://client3:8000/run",1,TRUE,200,1108,252,3.59566259384155,"2026-05-22T01:51:40.617393Z","2026-05-22T01:51:44.213055Z",1779414700.61739,1779414704.21306,0.00061,0.000716,0.000755,3.575573,3.575693,3.574818,0.000119999999999898,3.5686,0.0270625938415527
"2026-05-22T01:51:48.430Z","run_bootstrap",78,"http://client1:8000","run","http://client1:8000/run",1,TRUE,200,1108,251,3.67814207077026,"2026-05-22T01:51:44.534197Z","2026-05-22T01:51:48.212339Z",1779414704.5342,1779414708.21234,0.000665,0.000773,0.000816,3.663196,3.663292,3.66238,9.6000000000096e-05,3.6545,0.0236420707702636
"2026-05-22T01:51:48.430Z","run_bootstrap",78,"http://client2:8000","run","http://client2:8000/run",1,TRUE,200,1108,253,3.70655584335327,"2026-05-22T01:51:44.536194Z","2026-05-22T01:51:48.242749Z",1779414704.53619,1779414708.24275,0.000515,0.000584,0.00062,3.684828,3.684988,3.684208,0.00016000000000016,3.6776,0.0289558433532715
"2026-05-22T01:51:48.430Z","run_bootstrap",78,"http://client3:8000","run","http://client3:8000/run",1,TRUE,200,1108,250,3.88585186004639,"2026-05-22T01:51:44.536500Z","2026-05-22T01:51:48.422352Z",1779414704.5365,1779414708.42235,0.000561,0.000676,0.000721,3.867523,3.867679,3.866802,0.000156000000000045,3.86,0.0258518600463868
"2026-05-22T01:51:52.258Z","run_bootstrap",79,"http://client1:8000","run","http://client1:8000/run",1,TRUE,200,1107,250,3.64478778839111,"2026-05-22T01:51:48.446981Z","2026-05-22T01:51:52.091769Z",1779414708.44698,1779414712.09177,0.000582,0.000689,0.000735,3.629893,3.630025,3.629158,0.000131999999999799,3.622,0.0227877883911134
"2026-05-22T01:51:52.258Z","run_bootstrap",79,"http://client2:8000","run","http://client2:8000/run",1,TRUE,200,1107,255,3.80520796775818,"2026-05-22T01:51:48.448701Z","2026-05-22T01:51:52.253909Z",1779414708.4487,1779414712.25391,0.000627,0.000706,0.000756,3.783089,3.783221,3.782333,0.000132000000000243,3.7757,0.0295079677581787
"2026-05-22T01:51:52.258Z","run_bootstrap",79,"http://client3:8000","run","http://client3:8000/run",1,TRUE,200,1107,249,3.70467042922974,"2026-05-22T01:51:48.449260Z","2026-05-22T01:51:52.153930Z",1779414708.44926,1779414712.15393,0.000545,0.000653,0.000702,3.682996,3.683166,3.682294,0.000169999999999781,3.6757,0.0289704292297364
"2026-05-22T01:51:56.260Z","run_bootstrap",80,"http://client1:8000","run","http://client1:8000/run",1,TRUE,200,1107,251,3.98513412475586,"2026-05-22T01:51:52.271396Z","2026-05-22T01:51:56.256530Z",1779414712.2714,1779414716.25653,0.000777,0.000891,0.000926,3.968082,3.968214,3.967156,0.000132000000000243,3.8147,0.170434124755859
"2026-05-22T01:51:56.260Z","run_bootstrap",80,"http://client2:8000","run","http://client2:8000/run",1,TRUE,200,1107,255,3.75049924850464,"2026-05-22T01:51:52.271923Z","2026-05-22T01:51:56.022422Z",1779414712.27192,1779414716.02242,0.000553,0.000637,0.000661,3.733148,3.733277,3.732487,0.000129000000000268,3.5743,0.176199248504639
"2026-05-22T01:51:56.260Z","run_bootstrap",80,"http://client3:8000","run","http://client3:8000/run",1,TRUE,200,1107,249,3.85383653640747,"2026-05-22T01:51:52.271273Z","2026-05-22T01:51:56.125109Z",1779414712.27127,1779414716.12511,0.000686,0.000764,0.000799,3.83652,3.836661,3.835721,0.000140999999999725,3.6762,0.177636536407471
"2026-05-22T01:52:00.137Z","run_bootstrap",81,"http://client1:8000","run","http://client1:8000/run",1,TRUE,200,1107,250,3.85823845863342,"2026-05-22T01:51:56.274292Z","2026-05-22T01:52:00.132531Z",1779414716.27429,1779414720.13253,0.000588,0.000645,0.000666,3.842116,3.842237,3.84145,0.000121000000000038,3.8356,0.022638458633423
"2026-05-22T01:52:00.137Z","run_bootstrap",81,"http://client2:8000","run","http://client2:8000/run",1,TRUE,200,1107,256,3.57213354110718,"2026-05-22T01:51:56.274884Z","2026-05-22T01:51:59.847018Z",1779414716.27488,1779414719.84702,0.000646,0.000765,0.000802,3.555881,3.556021,3.555079,0.000140000000000029,3.5493,0.0228335411071776
"2026-05-22T01:52:00.137Z","run_bootstrap",81,"http://client3:8000","run","http://client3:8000/run",1,TRUE,200,1107,254,3.60956597328186,"2026-05-22T01:51:56.275613Z","2026-05-22T01:51:59.885179Z",1779414716.27561,1779414719.88518,0.00042,0.000495,0.000522,3.594702,3.594829,3.59418,0.000126999999999988,3.5883,0.0212659732818605
"2026-05-22T01:52:04.157Z","run_bootstrap",82,"http://client1:8000","run","http://client1:8000/run",1,TRUE,200,1107,250,3.77556586265564,"2026-05-22T01:52:00.149226Z","2026-05-22T01:52:03.924792Z",1779414720.14923,1779414723.92479,0.000648,0.000714,0.000735,3.753895,3.754036,3.75316,0.000141000000000169,3.7466,0.0289658626556397
"2026-05-22T01:52:04.157Z","run_bootstrap",82,"http://client2:8000","run","http://client2:8000/run",1,TRUE,200,1107,256,4.00449800491333,"2026-05-22T01:52:00.148933Z","2026-05-22T01:52:04.153431Z",1779414720.14893,1779414724.15343,0.00074,0.000854,0.000891,3.990617,3.990749,3.989726,0.000132000000000243,3.9837,0.0207980049133303
"2026-05-22T01:52:04.157Z","run_bootstrap",82,"http://client3:8000","run","http://client3:8000/run",1,TRUE,200,1107,254,3.84591197967529,"2026-05-22T01:52:00.150837Z","2026-05-22T01:52:03.996749Z",1779414720.15084,1779414723.99675,0.000538,0.000641,0.000676,3.825818,3.825949,3.825142,0.000131000000000103,3.8179,0.0280119796752931
"2026-05-22T01:52:08.135Z","run_bootstrap",83,"http://client1:8000","run","http://client1:8000/run",1,TRUE,200,1109,253,3.83542132377625,"2026-05-22T01:52:04.169612Z","2026-05-22T01:52:08.005033Z",1779414724.16961,1779414728.00503,0.000741,0.000795,0.000813,3.818901,3.819065,3.818088,0.000164000000000275,3.8092,0.026221323776245
"2026-05-22T01:52:08.135Z","run_bootstrap",83,"http://client2:8000","run","http://client2:8000/run",1,TRUE,200,1109,254,3.75471234321594,"2026-05-22T01:52:04.170310Z","2026-05-22T01:52:07.925022Z",1779414724.17031,1779414727.92502,0.000518,0.00061,0.000634,3.738812,3.738936,3.738178,0.000124000000000013,3.732,0.0227123432159422
"2026-05-22T01:52:08.135Z","run_bootstrap",83,"http://client3:8000","run","http://client3:8000/run",1,TRUE,200,1109,254,3.95902919769287,"2026-05-22T01:52:04.170961Z","2026-05-22T01:52:08.129990Z",1779414724.17096,1779414728.12999,0.000481,0.000609,0.000631,3.944253,3.944405,3.943622,0.000152000000000374,3.9374,0.0216291976928713
"2026-05-22T01:52:12.196Z","run_bootstrap",84,"http://client1:8000","run","http://client1:8000/run",1,TRUE,200,1109,253,3.90319752693176,"2026-05-22T01:52:08.149031Z","2026-05-22T01:52:12.052229Z",1779414728.14903,1779414732.05223,0.000589,0.000723,0.000769,3.888205,3.888338,3.887436,0.000132999999999939,3.8789,0.0242975269317629
"2026-05-22T01:52:12.196Z","run_bootstrap",84,"http://client2:8000","run","http://client2:8000/run",1,TRUE,200,1109,255,4.03865337371826,"2026-05-22T01:52:08.149878Z","2026-05-22T01:52:12.188532Z",1779414728.14988,1779414732.18853,0.000671,0.000779,0.000816,4.020805,4.020952,4.019989,0.000147000000000119,4.0136,0.0250533737182614
"2026-05-22T01:52:12.196Z","run_bootstrap",84,"http://client3:8000","run","http://client3:8000/run",1,TRUE,200,1109,254,3.77348327636719,"2026-05-22T01:52:08.150454Z","2026-05-22T01:52:11.923937Z",1779414728.15045,1779414731.92394,0.000684,0.000797,0.000832,3.758366,3.758484,3.757534,0.000118000000000062,3.7503,0.0231832763671873
"2026-05-22T01:52:16.286Z","run_bootstrap",85,"http://client1:8000","run","http://client1:8000/run",1,TRUE,200,1108,252,3.83358001708984,"2026-05-22T01:52:12.208679Z","2026-05-22T01:52:16.042259Z",1779414732.20868,1779414736.04226,0.000582,0.000668,7e-04,3.817633,3.817771,3.816933,0.000138000000000194,3.8077,0.0258800170898437
"2026-05-22T01:52:16.286Z","run_bootstrap",85,"http://client2:8000","run","http://client2:8000/run",1,TRUE,200,1108,255,3.89122891426086,"2026-05-22T01:52:12.208017Z","2026-05-22T01:52:16.099246Z",1779414732.20802,1779414736.09925,0.00068,0.000791,0.00083,3.876509,3.876647,3.875679,0.000138000000000194,3.8685,0.0227289142608642
"2026-05-22T01:52:16.286Z","run_bootstrap",85,"http://client3:8000","run","http://client3:8000/run",1,TRUE,200,1108,254,4.06553053855896,"2026-05-22T01:52:12.209634Z","2026-05-22T01:52:16.275165Z",1779414732.20963,1779414736.27517,0.000459,0.000549,0.000582,4.050635,4.050773,4.050053,0.000138000000000638,4.0434,0.0221305385589599
"2026-05-22T01:52:20.104Z","run_bootstrap",86,"http://client1:8000","run","http://client1:8000/run",1,TRUE,200,1108,252,3.8002405166626,"2026-05-22T01:52:16.299325Z","2026-05-22T01:52:20.099566Z",1779414736.29933,1779414740.09957,0.000645,0.000799,0.000822,3.785866,3.786,3.785044,0.000134000000000079,3.7766,0.0236405166625975
"2026-05-22T01:52:20.104Z","run_bootstrap",86,"http://client2:8000","run","http://client2:8000/run",1,TRUE,200,1108,255,3.64730191230774,"2026-05-22T01:52:16.300850Z","2026-05-22T01:52:19.948152Z",1779414736.30085,1779414739.94815,0.000804,0.000883,0.000913,3.63367,3.633786,3.632757,0.000116000000000227,3.6266,0.0207019123077394
"2026-05-22T01:52:20.104Z","run_bootstrap",86,"http://client3:8000","run","http://client3:8000/run",1,TRUE,200,1108,254,3.55979156494141,"2026-05-22T01:52:16.302047Z","2026-05-22T01:52:19.861838Z",1779414736.30205,1779414739.86184,0.000529,0.000647,0.000684,3.539886,3.539969,3.539202,8.30000000000553e-05,3.5323,0.027491564941406
"2026-05-22T01:52:23.799Z","run_bootstrap",87,"http://client1:8000","run","http://client1:8000/run",1,TRUE,200,1108,252,3.53711318969727,"2026-05-22T01:52:20.115834Z","2026-05-22T01:52:23.652947Z",1779414740.11583,1779414743.65295,0.000536,0.000591,0.00061,3.519047,3.519161,3.518437,0.000113999999999947,3.5019,0.0352131896972656
"2026-05-22T01:52:23.799Z","run_bootstrap",87,"http://client2:8000","run","http://client2:8000/run",1,TRUE,200,1108,252,3.40247511863708,"2026-05-22T01:52:20.116624Z","2026-05-22T01:52:23.519099Z",1779414740.11662,1779414743.5191,0.000494,0.00055,0.000568,3.384513,3.384645,3.383945,0.000131999999999799,3.3743,0.0281751186370851
"2026-05-22T01:52:23.799Z","run_bootstrap",87,"http://client3:8000","run","http://client3:8000/run",1,TRUE,200,1108,254,3.67807912826538,"2026-05-22T01:52:20.117049Z","2026-05-22T01:52:23.795128Z",1779414740.11705,1779414743.79513,0.000743,0.000853,0.000875,3.66283,3.66297,3.661955,0.000140000000000029,3.6555,0.0225791282653809
"2026-05-22T01:52:27.483Z","run_bootstrap",88,"http://client1:8000","run","http://client1:8000/run",1,TRUE,200,1108,252,3.48149228096008,"2026-05-22T01:52:23.810894Z","2026-05-22T01:52:27.292386Z",1779414743.81089,1779414747.29239,0.000672,0.000777,0.000814,3.467186,3.467301,3.466372,0.000115000000000087,3.4599,0.0215922809600828
"2026-05-22T01:52:27.483Z","run_bootstrap",88,"http://client2:8000","run","http://client2:8000/run",1,TRUE,200,1108,252,3.48533535003662,"2026-05-22T01:52:23.811849Z","2026-05-22T01:52:27.297184Z",1779414743.81185,1779414747.29718,0.000566,0.000687,0.000739,3.471374,3.471478,3.470635,0.000103999999999882,3.4644,0.0209353500366212
"2026-05-22T01:52:27.483Z","run_bootstrap",88,"http://client3:8000","run","http://client3:8000/run",1,TRUE,200,1108,254,3.66524815559387,"2026-05-22T01:52:23.813158Z","2026-05-22T01:52:27.478406Z",1779414743.81316,1779414747.47841,0.000732,0.000846,0.000882,3.650733,3.650859,3.649851,0.000126000000000293,3.6436,0.0216481555938719
"2026-05-22T01:52:31.054Z","run_bootstrap",89,"http://client1:8000","run","http://client1:8000/run",1,TRUE,200,1109,252,3.55430746078491,"2026-05-22T01:52:27.495223Z","2026-05-22T01:52:31.049530Z",1779414747.49522,1779414751.04953,0.000652,0.000759,0.000794,3.53769,3.537795,3.536896,0.000105000000000022,3.5305,0.0238074607849121
"2026-05-22T01:52:31.054Z","run_bootstrap",89,"http://client2:8000","run","http://client2:8000/run",1,TRUE,200,1109,254,3.41886496543884,"2026-05-22T01:52:27.495837Z","2026-05-22T01:52:30.914702Z",1779414747.49584,1779414750.9147,0.000554,0.000661,0.000697,3.400298,3.400421,3.399601,0.000123000000000317,3.3922,0.0266649654388429
"2026-05-22T01:52:31.054Z","run_bootstrap",89,"http://client3:8000","run","http://client3:8000/run",1,TRUE,200,1109,253,3.3202052116394,"2026-05-22T01:52:27.496502Z","2026-05-22T01:52:30.816707Z",1779414747.4965,1779414750.81671,0.000542,0.000657,0.000722,3.298661,3.298791,3.297939,0.000129999999999963,3.2919,0.0283052116394042
"2026-05-22T01:52:34.628Z","run_bootstrap",90,"http://client1:8000","run","http://client1:8000/run",1,TRUE,200,1109,252,3.43902969360352,"2026-05-22T01:52:31.067617Z","2026-05-22T01:52:34.506646Z",1779414751.06762,1779414754.50665,0.000639,0.000719,0.000743,3.419804,3.419937,3.419061,0.000132999999999939,3.4108,0.0282296936035156
"2026-05-22T01:52:34.628Z","run_bootstrap",90,"http://client2:8000","run","http://client2:8000/run",1,TRUE,200,1109,254,3.55400919914246,"2026-05-22T01:52:31.068361Z","2026-05-22T01:52:34.622370Z",1779414751.06836,1779414754.62237,0.000487,0.000575,0.000605,3.532307,3.532465,3.531702,0.000158000000000325,3.5254,0.0286091991424562
"2026-05-22T01:52:34.628Z","run_bootstrap",90,"http://client3:8000","run","http://client3:8000/run",1,TRUE,200,1109,253,3.5212779045105,"2026-05-22T01:52:31.068861Z","2026-05-22T01:52:34.590139Z",1779414751.06886,1779414754.59014,0.000694,8e-04,0.000835,3.504192,3.504332,3.503357,0.000139999999999585,3.4971,0.0241779045104979
"2026-05-22T01:52:38.209Z","run_bootstrap",91,"http://client1:8000","run","http://client1:8000/run",1,TRUE,200,1109,250,3.5636088848114,"2026-05-22T01:52:34.640832Z","2026-05-22T01:52:38.204441Z",1779414754.64083,1779414758.20444,0.00066,0.00079,0.000826,3.542531,3.542663,3.541705,0.000132000000000243,3.534,0.0296088848114016
"2026-05-22T01:52:38.209Z","run_bootstrap",91,"http://client2:8000","run","http://client2:8000/run",1,TRUE,200,1109,253,3.49394798278809,"2026-05-22T01:52:34.641521Z","2026-05-22T01:52:38.135469Z",1779414754.64152,1779414758.13547,0.000559,0.000646,0.000679,3.472321,3.472452,3.471642,0.000131000000000103,3.4655,0.0284479827880859
"2026-05-22T01:52:38.209Z","run_bootstrap",91,"http://client3:8000","run","http://client3:8000/run",1,TRUE,200,1109,254,3.30533623695374,"2026-05-22T01:52:34.641439Z","2026-05-22T01:52:37.946775Z",1779414754.64144,1779414757.94678,0.000659,0.000764,8e-04,3.287227,3.28736,3.286427,0.000132999999999939,3.2799,0.0254362369537353
"2026-05-22T01:52:41.760Z","run_bootstrap",92,"http://client1:8000","run","http://client1:8000/run",1,TRUE,200,1109,250,3.49776935577393,"2026-05-22T01:52:38.223203Z","2026-05-22T01:52:41.720973Z",1779414758.2232,1779414761.72097,0.000573,0.000654,0.000692,3.484004,3.484134,3.483312,0.000129999999999963,3.477,0.0207693557739259
"2026-05-22T01:52:41.760Z","run_bootstrap",92,"http://client2:8000","run","http://client2:8000/run",1,TRUE,200,1109,253,3.5325174331665,"2026-05-22T01:52:38.223954Z","2026-05-22T01:52:41.756471Z",1779414758.22395,1779414761.75647,0.000528,0.000614,0.000636,3.5201,3.52021,3.519464,0.000110000000000277,3.5132,0.019317433166504
"2026-05-22T01:52:41.760Z","run_bootstrap",92,"http://client3:8000","run","http://client3:8000/run",1,TRUE,200,1109,254,3.49538588523865,"2026-05-22T01:52:38.224470Z","2026-05-22T01:52:41.719856Z",1779414758.22447,1779414761.71986,0.000512,0.000567,0.000585,3.481969,3.482097,3.481384,0.000128000000000128,3.4742,0.0211858852386473
"2026-05-22T01:52:45.530Z","run_bootstrap",93,"http://client1:8000","run","http://client1:8000/run",1,TRUE,200,1108,251,3.5908043384552,"2026-05-22T01:52:41.772565Z","2026-05-22T01:52:45.363370Z",1779414761.77257,1779414765.36337,0.000675,0.00076,0.000792,3.570994,3.57108,3.570202,8.60000000000305e-05,3.5639,0.0269043384552003
"2026-05-22T01:52:45.530Z","run_bootstrap",93,"http://client2:8000","run","http://client2:8000/run",1,TRUE,200,1108,254,3.53005003929138,"2026-05-22T01:52:41.773143Z","2026-05-22T01:52:45.303193Z",1779414761.77314,1779414765.30319,0.000504,0.000576,0.000608,3.508851,3.508993,3.508243,0.000141999999999864,3.5011,0.0289500392913817
"2026-05-22T01:52:45.530Z","run_bootstrap",93,"http://client3:8000","run","http://client3:8000/run",1,TRUE,200,1108,252,3.75083994865417,"2026-05-22T01:52:41.772424Z","2026-05-22T01:52:45.523264Z",1779414761.77242,1779414765.52326,0.000597,0.000699,0.000736,3.736694,3.736816,3.735958,0.000122000000000178,3.7299,0.0209399486541746
"2026-05-22T01:52:49.342Z","run_bootstrap",94,"http://client1:8000","run","http://client1:8000/run",1,TRUE,200,1108,251,3.5364077091217,"2026-05-22T01:52:45.548625Z","2026-05-22T01:52:49.085032Z",1779414765.54863,1779414769.08503,0.000647,0.00072,0.000752,3.513401,3.513516,3.512649,0.000115000000000087,3.5061,0.0303077091217041
"2026-05-22T01:52:49.342Z","run_bootstrap",94,"http://client2:8000","run","http://client2:8000/run",1,TRUE,200,1108,254,3.6439380645752,"2026-05-22T01:52:45.549196Z","2026-05-22T01:52:49.193134Z",1779414765.5492,1779414769.19313,0.000546,0.000665,0.000703,3.621594,3.621769,3.620891,0.000175000000000036,3.6147,0.0292380645751953
"2026-05-22T01:52:49.342Z","run_bootstrap",94,"http://client3:8000","run","http://client3:8000/run",1,TRUE,200,1108,252,3.78650569915771,"2026-05-22T01:52:45.548284Z","2026-05-22T01:52:49.334789Z",1779414765.54828,1779414769.33479,0.000653,0.000767,0.000804,3.771212,3.771295,3.770408,8.30000000000553e-05,3.7641,0.0224056991577148
"2026-05-22T01:52:53.077Z","run_bootstrap",95,"http://client1:8000","run","http://client1:8000/run",1,TRUE,200,1109,251,3.70958375930786,"2026-05-22T01:52:49.360072Z","2026-05-22T01:52:53.069655Z",1779414769.36007,1779414773.06966,0.00042,0.000497,0.000529,3.686034,3.686158,3.685505,0.000124000000000013,3.679,0.0305837593078615
"2026-05-22T01:52:53.077Z","run_bootstrap",95,"http://client2:8000","run","http://client2:8000/run",1,TRUE,200,1109,255,3.52053332328796,"2026-05-22T01:52:49.360662Z","2026-05-22T01:52:52.881195Z",1779414769.36066,1779414772.8812,0.000398,0.000486,0.000523,3.497402,3.497543,3.496879,0.000140999999999725,3.4907,0.029833323287964
"2026-05-22T01:52:53.077Z","run_bootstrap",95,"http://client3:8000","run","http://client3:8000/run",1,TRUE,200,1109,254,3.63280868530273,"2026-05-22T01:52:49.361202Z","2026-05-22T01:52:52.994011Z",1779414769.3612,1779414772.99401,0.000497,0.000603,0.000642,3.613177,3.613275,3.612535,9.79999999999315e-05,3.6064,0.0264086853027345
"2026-05-22T01:52:56.939Z","run_bootstrap",96,"http://client1:8000","run","http://client1:8000/run",1,TRUE,200,1109,252,3.57109475135803,"2026-05-22T01:52:53.089926Z","2026-05-22T01:52:56.661020Z",1779414773.08993,1779414776.66102,0.000577,0.000669,0.000701,3.550813,3.55097,3.550112,0.000156999999999741,3.5426,0.028494751358032
"2026-05-22T01:52:56.939Z","run_bootstrap",96,"http://client2:8000","run","http://client2:8000/run",1,TRUE,200,1109,255,3.8401050567627,"2026-05-22T01:52:53.090382Z","2026-05-22T01:52:56.930487Z",1779414773.09038,1779414776.93049,0.000434,0.000517,0.000549,3.819735,3.819874,3.819186,0.000138999999999889,3.8129,0.0272050567626954
"2026-05-22T01:52:56.939Z","run_bootstrap",96,"http://client3:8000","run","http://client3:8000/run",1,TRUE,200,1109,254,3.7037308216095,"2026-05-22T01:52:53.090745Z","2026-05-22T01:52:56.794476Z",1779414773.09075,1779414776.79448,0.000744,0.000858,0.000894,3.689618,3.689731,3.688724,0.000113000000000252,3.6828,0.0209308216094972
"2026-05-22T01:53:00.835Z","run_bootstrap",97,"http://client1:8000","run","http://client1:8000/run",1,TRUE,200,1108,249,3.59889984130859,"2026-05-22T01:52:56.954690Z","2026-05-22T01:53:00.553590Z",1779414776.95469,1779414780.55359,0.00053,0.000608,0.000638,3.585319,3.585403,3.584681,8.39999999997509e-05,3.5756,0.0232998413085936
"2026-05-22T01:53:00.835Z","run_bootstrap",97,"http://client2:8000","run","http://client2:8000/run",1,TRUE,200,1108,253,3.68320989608765,"2026-05-22T01:52:56.954616Z","2026-05-22T01:53:00.637826Z",1779414776.95462,1779414780.63783,0.000533,0.000611,0.000637,3.670041,3.670176,3.669404,0.000135000000000218,3.6539,0.0293098960876463
"2026-05-22T01:53:00.835Z","run_bootstrap",97,"http://client3:8000","run","http://client3:8000/run",1,TRUE,200,1108,254,3.87637686729431,"2026-05-22T01:52:56.954846Z","2026-05-22T01:53:00.831223Z",1779414776.95485,1779414780.83122,0.000646,0.000766,0.00093,3.864094,3.864216,3.863164,0.000121999999999733,3.8476,0.0287768672943116
"2026-05-22T01:53:04.710Z","run_bootstrap",98,"http://client1:8000","run","http://client1:8000/run",1,TRUE,200,1108,249,3.59685063362122,"2026-05-22T01:53:00.846784Z","2026-05-22T01:53:04.443634Z",1779414780.84678,1779414784.44363,0.000683,0.000792,0.000857,3.582774,3.582874,3.581917,9.99999999997669e-05,3.5745,0.0223506336212158
"2026-05-22T01:53:04.710Z","run_bootstrap",98,"http://client2:8000","run","http://client2:8000/run",1,TRUE,200,1108,253,3.65340662002563,"2026-05-22T01:53:00.848313Z","2026-05-22T01:53:04.501719Z",1779414780.84831,1779414784.50172,0.000551,0.000642,0.000673,3.636302,3.636433,3.635629,0.000130999999999659,3.6292,0.0242066200256348
"2026-05-22T01:53:04.710Z","run_bootstrap",98,"http://client3:8000","run","http://client3:8000/run",1,TRUE,200,1108,254,3.85489535331726,"2026-05-22T01:53:00.847860Z","2026-05-22T01:53:04.702755Z",1779414780.84786,1779414784.70276,0.000616,0.000711,0.000744,3.84149,3.841624,3.840746,0.000134000000000079,3.8343,0.0205953533172609
"2026-05-22T01:53:08.594Z","run_bootstrap",99,"http://client1:8000","run","http://client1:8000/run",1,TRUE,200,1108,252,3.86926460266113,"2026-05-22T01:53:04.720622Z","2026-05-22T01:53:08.589887Z",1779414784.72062,1779414788.58989,0.000667,0.000778,0.000812,3.855823,3.855971,3.855011,0.000147999999999815,3.8474,0.0218646026611329
"2026-05-22T01:53:08.594Z","run_bootstrap",99,"http://client2:8000","run","http://client2:8000/run",1,TRUE,200,1108,255,3.56856942176819,"2026-05-22T01:53:04.722417Z","2026-05-22T01:53:08.290986Z",1779414784.72242,1779414788.29099,0.000635,0.000753,0.000788,3.550979,3.551089,3.550191,0.000110000000000277,3.5435,0.0250694217681886
"2026-05-22T01:53:08.594Z","run_bootstrap",99,"http://client3:8000","run","http://client3:8000/run",1,TRUE,200,1108,254,3.55248618125916,"2026-05-22T01:53:04.722902Z","2026-05-22T01:53:08.275388Z",1779414784.7229,1779414788.27539,0.000514,0.000634,0.00067,3.53871,3.538847,3.53804,0.000137000000000054,3.5314,0.0210861812591552
"2026-05-22T01:53:12.607Z","run_bootstrap",100,"http://client1:8000","run","http://client1:8000/run",1,TRUE,200,1108,252,3.76219582557678,"2026-05-22T01:53:08.607920Z","2026-05-22T01:53:12.370115Z",1779414788.60792,1779414792.37012,0.00053,0.000607,0.00064,3.741363,3.741483,3.740723,0.000119999999999898,3.5852,0.176995825576782
"2026-05-22T01:53:12.607Z","run_bootstrap",100,"http://client2:8000","run","http://client2:8000/run",1,TRUE,200,1108,255,3.99462556838989,"2026-05-22T01:53:08.608419Z","2026-05-22T01:53:12.603044Z",1779414788.60842,1779414792.60304,0.000532,0.000638,0.000674,3.973109,3.973364,3.972435,0.000255000000000116,3.8308,0.163825568389893
"2026-05-22T01:53:12.607Z","run_bootstrap",100,"http://client3:8000","run","http://client3:8000/run",1,TRUE,200,1108,254,3.69909811019897,"2026-05-22T01:53:08.608755Z","2026-05-22T01:53:12.307853Z",1779414788.60876,1779414792.30785,0.000771,0.000882,0.000918,3.679304,3.679467,3.678386,0.000162999999999691,3.5328,0.166298110198975
"2026-05-22T01:53:16.260Z","run_bootstrap",101,"http://client1:8000","run","http://client1:8000/run",1,TRUE,200,1108,257,3.58568787574768,"2026-05-22T01:53:12.670772Z","2026-05-22T01:53:16.256460Z",1779414792.67077,1779414796.25646,0.000777,0.000858,0.000884,3.572654,3.572809,3.57177,0.000154999999999905,3.5652,0.0204878757476807
"2026-05-22T01:53:16.260Z","run_bootstrap",101,"http://client2:8000","run","http://client2:8000/run",1,TRUE,200,1108,255,3.44443440437317,"2026-05-22T01:53:12.673095Z","2026-05-22T01:53:16.117530Z",1779414792.6731,1779414796.11753,0.000569,0.000649,0.00068,3.430842,3.430994,3.430162,0.00015199999999993,3.4241,0.0203344043731688
"2026-05-22T01:53:16.260Z","run_bootstrap",101,"http://client3:8000","run","http://client3:8000/run",1,TRUE,200,1108,254,3.462322473526,"2026-05-22T01:53:12.673898Z","2026-05-22T01:53:16.136221Z",1779414792.6739,1779414796.13622,0.000594,0.000703,0.000737,3.441991,3.442123,3.441254,0.000132000000000243,3.435,0.0273224735260009
"2026-05-22T01:53:19.807Z","run_bootstrap",102,"http://client1:8000","run","http://client1:8000/run",1,TRUE,200,1108,257,3.52926707267761,"2026-05-22T01:53:16.273268Z","2026-05-22T01:53:19.802535Z",1779414796.27327,1779414799.80254,0.000721,0.000825,0.00086,3.514964,3.51511,3.514104,0.000145999999999979,3.5074,0.0218670726776122
"2026-05-22T01:53:19.807Z","run_bootstrap",102,"http://client2:8000","run","http://client2:8000/run",1,TRUE,200,1108,255,3.43689107894897,"2026-05-22T01:53:16.274224Z","2026-05-22T01:53:19.711115Z",1779414796.27422,1779414799.71112,0.000484,0.00057,0.000593,3.422296,3.422454,3.421703,0.000158000000000325,3.4157,0.0211910789489744
"2026-05-22T01:53:19.807Z","run_bootstrap",102,"http://client3:8000","run","http://client3:8000/run",1,TRUE,200,1108,255,3.42996716499329,"2026-05-22T01:53:16.274774Z","2026-05-22T01:53:19.704741Z",1779414796.27477,1779414799.70474,0.000553,0.000634,0.000665,3.415054,3.415323,3.414389,0.000268999999999853,3.4081,0.021867164993286
"2026-05-22T01:53:23.595Z","run_bootstrap",103,"http://client1:8000","run","http://client1:8000/run",1,TRUE,200,1109,264,3.65721035003662,"2026-05-22T01:53:19.825473Z","2026-05-22T01:53:23.482683Z",1779414799.82547,1779414803.48268,0.000637,0.000753,0.000794,3.642731,3.642835,3.641937,0.000103999999999882,3.6356,0.0216103500366209
"2026-05-22T01:53:23.595Z","run_bootstrap",103,"http://client2:8000","run","http://client2:8000/run",1,TRUE,200,1109,263,3.76438879966736,"2026-05-22T01:53:19.826266Z","2026-05-22T01:53:23.590654Z",1779414799.82627,1779414803.59065,0.000548,0.000623,0.000654,3.749741,3.749888,3.749087,0.000146999999999675,3.742,0.0223887996673584
"2026-05-22T01:53:23.595Z","run_bootstrap",103,"http://client3:8000","run","http://client3:8000/run",1,TRUE,200,1109,260,3.54094123840332,"2026-05-22T01:53:19.826105Z","2026-05-22T01:53:23.367046Z",1779414799.82611,1779414803.36705,0.000722,0.000818,0.000853,3.527069,3.527217,3.526216,0.000147999999999815,3.519,0.0219412384033202
"2026-05-22T01:53:27.455Z","run_bootstrap",104,"http://client1:8000","run","http://client1:8000/run",1,TRUE,200,1109,264,3.5692286491394,"2026-05-22T01:53:23.608206Z","2026-05-22T01:53:27.177435Z",1779414803.60821,1779414807.17744,0.000834,0.000955,0.00099,3.552293,3.552448,3.551303,0.000154999999999905,3.5438,0.0254286491394042
"2026-05-22T01:53:27.455Z","run_bootstrap",104,"http://client2:8000","run","http://client2:8000/run",1,TRUE,200,1109,264,3.63784575462341,"2026-05-22T01:53:23.608697Z","2026-05-22T01:53:27.246543Z",1779414803.6087,1779414807.24654,0.000489,0.000568,0.000604,3.620081,3.62022,3.619477,0.000139000000000333,3.6135,0.0243457546234129
"2026-05-22T01:53:27.455Z","run_bootstrap",104,"http://client3:8000","run","http://client3:8000/run",1,TRUE,200,1109,261,3.83919787406921,"2026-05-22T01:53:23.609077Z","2026-05-22T01:53:27.448275Z",1779414803.60908,1779414807.44828,0.000495,0.000578,0.000612,3.817897,3.818039,3.817285,0.000142000000000309,3.8115,0.0276978740692138
"2026-05-22T01:53:31.133Z","run_bootstrap",105,"http://client1:8000","run","http://client1:8000/run",1,TRUE,200,1107,256,2.93473792076111,"2026-05-22T01:53:27.469029Z","2026-05-22T01:53:30.403767Z",1779414807.46903,1779414810.40377,0.000792,0.000868,0.000905,2.919248,2.919407,2.918343,0.00015900000000002,2.9082,0.0265379207611085
"2026-05-22T01:53:31.133Z","run_bootstrap",105,"http://client2:8000","run","http://client2:8000/run",1,TRUE,200,1107,254,3.61650586128235,"2026-05-22T01:53:27.469325Z","2026-05-22T01:53:31.085830Z",1779414807.46933,1779414811.08583,0.000715,0.000832,0.000878,3.601927,3.602076,3.601049,0.000148999999999955,3.5948,0.0217058612823484
"2026-05-22T01:53:31.133Z","run_bootstrap",105,"http://client3:8000","run","http://client3:8000/run",1,TRUE,200,1107,251,3.65710067749023,"2026-05-22T01:53:27.469396Z","2026-05-22T01:53:31.126497Z",1779414807.4694,1779414811.1265,0.000766,0.000854,0.000895,3.642005,3.642159,3.64111,0.000153999999999765,3.635,0.0221006774902346
"2026-05-22T01:53:34.928Z","run_bootstrap",106,"http://client1:8000","run","http://client1:8000/run",1,TRUE,200,1107,256,3.58341646194458,"2026-05-22T01:53:31.146574Z","2026-05-22T01:53:34.729990Z",1779414811.14657,1779414814.72999,5e-04,0.000577,0.000608,3.565734,3.565874,3.565126,0.000140000000000029,3.5583,0.0251164619445801
"2026-05-22T01:53:34.928Z","run_bootstrap",106,"http://client2:8000","run","http://client2:8000/run",1,TRUE,200,1107,254,3.77715086936951,"2026-05-22T01:53:31.146401Z","2026-05-22T01:53:34.923552Z",1779414811.1464,1779414814.92355,0.000392,0.000456,0.00048,3.760339,3.760497,3.759859,0.00015799999999988,3.7538,0.0233508693695068
"2026-05-22T01:53:34.928Z","run_bootstrap",106,"http://client3:8000","run","http://client3:8000/run",1,TRUE,200,1107,252,3.2933783531189,"2026-05-22T01:53:31.146228Z","2026-05-22T01:53:34.439606Z",1779414811.14623,1779414814.43961,0.00037,0.00045,0.000474,3.275656,3.27572,3.275182,6.4000000000064e-05,3.2667,0.0266783531188963
"2026-05-22T01:53:38.751Z","run_bootstrap",107,"http://client1:8000","run","http://client1:8000/run",1,TRUE,200,1109,256,3.59083342552185,"2026-05-22T01:53:34.941973Z","2026-05-22T01:53:38.532807Z",1779414814.94197,1779414818.53281,0.000505,0.000601,0.00079,3.576749,3.576889,3.575959,0.000140000000000029,3.5693,0.0215334255218504
"2026-05-22T01:53:38.751Z","run_bootstrap",107,"http://client2:8000","run","http://client2:8000/run",1,TRUE,200,1109,253,3.80143976211548,"2026-05-22T01:53:34.942937Z","2026-05-22T01:53:38.744377Z",1779414814.94294,1779414818.74438,0.000524,0.000598,0.000634,3.786984,3.787125,3.78635,0.000141000000000169,3.7793,0.0221397621154784
"2026-05-22T01:53:38.751Z","run_bootstrap",107,"http://client3:8000","run","http://client3:8000/run",1,TRUE,200,1109,254,3.3758749961853,"2026-05-22T01:53:34.942180Z","2026-05-22T01:53:38.318055Z",1779414814.94218,1779414818.31806,0.000536,0.000744,0.000805,3.362459,3.362572,3.361654,0.000113000000000252,3.3556,0.0202749961853028
"2026-05-22T01:53:42.576Z","run_bootstrap",108,"http://client1:8000","run","http://client1:8000/run",1,TRUE,200,1109,256,3.5325140953064,"2026-05-22T01:53:38.770190Z","2026-05-22T01:53:42.302704Z",1779414818.77019,1779414822.3027,0.000576,0.00068,0.000714,3.514056,3.514172,3.513342,0.000115999999999783,3.5068,0.0257140953063963
"2026-05-22T01:53:42.576Z","run_bootstrap",108,"http://client2:8000","run","http://client2:8000/run",1,TRUE,200,1109,253,3.65280246734619,"2026-05-22T01:53:38.771040Z","2026-05-22T01:53:42.423842Z",1779414818.77104,1779414822.42384,0.00049,0.000616,0.000655,3.632803,3.632947,3.632148,0.000144000000000144,3.6265,0.0263024673461913
"2026-05-22T01:53:42.576Z","run_bootstrap",108,"http://client3:8000","run","http://client3:8000/run",1,TRUE,200,1109,254,3.80063462257385,"2026-05-22T01:53:38.771538Z","2026-05-22T01:53:42.572172Z",1779414818.77154,1779414822.57217,0.000534,0.000614,0.000653,3.780775,3.780919,3.780122,0.0001439999999997,3.7734,0.0272346225738525
"2026-05-22T01:53:46.337Z","run_bootstrap",109,"http://client1:8000","run","http://client1:8000/run",1,TRUE,200,1105,253,3.70895004272461,"2026-05-22T01:53:42.588095Z","2026-05-22T01:53:46.297045Z",1779414822.5881,1779414826.29705,0.000514,0.000571,0.00059,3.687442,3.68757,3.686852,0.000128000000000128,3.6797,0.0292500427246094
"2026-05-22T01:53:46.337Z","run_bootstrap",109,"http://client2:8000","run","http://client2:8000/run",1,TRUE,200,1105,257,3.34134674072266,"2026-05-22T01:53:42.588574Z","2026-05-22T01:53:45.929921Z",1779414822.58857,1779414825.92992,0.000676,0.000794,0.000829,3.325679,3.325733,3.32485,5.39999999999985e-05,3.3149,0.0264467407226561
"2026-05-22T01:53:46.337Z","run_bootstrap",109,"http://client3:8000","run","http://client3:8000/run",1,TRUE,200,1105,251,3.74340105056763,"2026-05-22T01:53:42.589122Z","2026-05-22T01:53:46.332523Z",1779414822.58912,1779414826.33252,0.000637,0.000738,0.000762,3.722948,3.723077,3.722186,0.000128999999999824,3.7158,0.0276010505676267
"2026-05-22T01:53:50.150Z","run_bootstrap",110,"http://client1:8000","run","http://client1:8000/run",1,TRUE,200,1105,253,3.50299882888794,"2026-05-22T01:53:46.348578Z","2026-05-22T01:53:49.851577Z",1779414826.34858,1779414829.85158,0.000758,0.000871,0.000908,3.487903,3.488063,3.486995,0.000159999999999716,3.4763,0.0266988288879393
"2026-05-22T01:53:50.150Z","run_bootstrap",110,"http://client2:8000","run","http://client2:8000/run",1,TRUE,200,1105,255,3.63495874404907,"2026-05-22T01:53:46.350848Z","2026-05-22T01:53:49.985807Z",1779414826.35085,1779414829.98581,0.000548,0.000638,0.000672,3.617647,3.617785,3.616975,0.000138000000000194,3.61,0.0249587440490724
"2026-05-22T01:53:50.150Z","run_bootstrap",110,"http://client3:8000","run","http://client3:8000/run",1,TRUE,200,1105,251,3.79406118392944,"2026-05-22T01:53:46.351287Z","2026-05-22T01:53:50.145348Z",1779414826.35129,1779414830.14535,0.000569,0.000645,0.00068,3.776778,3.776918,3.776098,0.000140000000000029,3.7688,0.0252611839294432
"2026-05-22T01:53:53.949Z","run_bootstrap",111,"http://client1:8000","run","http://client1:8000/run",1,TRUE,200,1109,254,3.78265786170959,"2026-05-22T01:53:50.162105Z","2026-05-22T01:53:53.944763Z",1779414830.16211,1779414833.94476,0.00065,0.000758,0.000816,3.768784,3.768894,3.767968,0.000109999999999832,3.7598,0.0228578617095949
"2026-05-22T01:53:53.949Z","run_bootstrap",111,"http://client2:8000","run","http://client2:8000/run",1,TRUE,200,1109,256,3.54768395423889,"2026-05-22T01:53:50.163344Z","2026-05-22T01:53:53.711028Z",1779414830.16334,1779414833.71103,0.000474,0.000584,0.00063,3.533576,3.533708,3.532946,0.000131999999999799,3.5233,0.0243839542388917
"2026-05-22T01:53:53.949Z","run_bootstrap",111,"http://client3:8000","run","http://client3:8000/run",1,TRUE,200,1109,252,3.65770363807678,"2026-05-22T01:53:50.163047Z","2026-05-22T01:53:53.820751Z",1779414830.16305,1779414833.82075,0.000505,0.000575,0.000618,3.64339,3.643524,3.642772,0.000134000000000079,3.6363,0.0214036380767824
"2026-05-22T01:53:57.636Z","run_bootstrap",112,"http://client1:8000","run","http://client1:8000/run",1,TRUE,200,1109,254,3.66351199150085,"2026-05-22T01:53:53.968414Z","2026-05-22T01:53:57.631926Z",1779414833.96841,1779414837.63193,0.00048,0.000546,0.000566,3.649065,3.64934,3.648499,0.000275000000000247,3.6419,0.0216119915008544
"2026-05-22T01:53:57.636Z","run_bootstrap",112,"http://client2:8000","run","http://client2:8000/run",1,TRUE,200,1109,255,3.64360666275024,"2026-05-22T01:53:53.966364Z","2026-05-22T01:53:57.609971Z",1779414833.96636,1779414837.60997,0.000735,0.000888,0.000911,3.631972,3.632116,3.631061,0.0001439999999997,3.623,0.0206066627502439
"2026-05-22T01:53:57.636Z","run_bootstrap",112,"http://client3:8000","run","http://client3:8000/run",1,TRUE,200,1109,252,3.61417841911316,"2026-05-22T01:53:53.968414Z","2026-05-22T01:53:57.582592Z",1779414833.96841,1779414837.58259,0.00054,0.000628,0.00066,3.599147,3.599303,3.598487,0.000156000000000045,3.5909,0.0232784191131592
"2026-05-22T01:54:01.495Z","run_bootstrap",113,"http://client1:8000","run","http://client1:8000/run",1,TRUE,200,1110,253,3.70381784439087,"2026-05-22T01:53:57.649871Z","2026-05-22T01:54:01.353688Z",1779414837.64987,1779414841.35369,0.00055,0.000636,0.000668,3.687936,3.688049,3.687268,0.000112999999999808,3.6804,0.023417844390869
"2026-05-22T01:54:01.495Z","run_bootstrap",113,"http://client2:8000","run","http://client2:8000/run",1,TRUE,200,1110,256,3.8386766910553,"2026-05-22T01:53:57.650574Z","2026-05-22T01:54:01.489251Z",1779414837.65057,1779414841.48925,0.000326,0.000408,0.000441,3.822713,3.822841,3.822272,0.000128000000000128,3.8158,0.022876691055298
"2026-05-22T01:54:01.495Z","run_bootstrap",113,"http://client3:8000","run","http://client3:8000/run",1,TRUE,200,1110,252,3.62519431114197,"2026-05-22T01:53:57.649997Z","2026-05-22T01:54:01.275191Z",1779414837.65,1779414841.27519,0.000724,0.000837,0.000872,3.61069,3.610799,3.609818,0.000109000000000137,3.5985,0.0266943111419677
"2026-05-22T01:54:05.326Z","run_bootstrap",114,"http://client1:8000","run","http://client1:8000/run",1,TRUE,200,1110,253,3.61554527282715,"2026-05-22T01:54:01.507833Z","2026-05-22T01:54:05.123378Z",1779414841.50783,1779414845.12338,0.000632,0.000744,0.000779,3.596749,3.596858,3.59597,0.000109000000000137,3.5885,0.0270452728271486
"2026-05-22T01:54:05.326Z","run_bootstrap",114,"http://client2:8000","run","http://client2:8000/run",1,TRUE,200,1110,256,3.64749932289124,"2026-05-22T01:54:01.508492Z","2026-05-22T01:54:05.155992Z",1779414841.50849,1779414845.15599,0.000528,0.000615,0.000646,3.629369,3.62967,3.628723,0.000300999999999885,3.6223,0.0251993228912353
"2026-05-22T01:54:05.326Z","run_bootstrap",114,"http://client3:8000","run","http://client3:8000/run",1,TRUE,200,1110,252,3.8143789768219,"2026-05-22T01:54:01.507780Z","2026-05-22T01:54:05.322159Z",1779414841.50778,1779414845.32216,0.000631,0.000741,0.000778,3.801129,3.801253,3.800351,0.000124000000000013,3.7938,0.0205789768218994
"2026-05-22T01:54:09.169Z","run_bootstrap",115,"http://client1:8000","run","http://client1:8000/run",1,TRUE,200,1110,251,3.57591795921326,"2026-05-22T01:54:05.338666Z","2026-05-22T01:54:08.914584Z",1779414845.33867,1779414848.91458,0.000679,0.000784,0.000822,3.55916,3.559293,3.558338,0.000132999999999939,3.5502,0.025717959213257
"2026-05-22T01:54:09.169Z","run_bootstrap",115,"http://client2:8000","run","http://client2:8000/run",1,TRUE,200,1110,256,3.58059597015381,"2026-05-22T01:54:05.339423Z","2026-05-22T01:54:08.920019Z",1779414845.33942,1779414848.92002,0.000477,0.000564,0.000599,3.563664,3.563816,3.563065,0.00015199999999993,3.5565,0.0240959701538084
"2026-05-22T01:54:09.169Z","run_bootstrap",115,"http://client3:8000","run","http://client3:8000/run",1,TRUE,200,1110,253,3.82119560241699,"2026-05-22T01:54:05.340154Z","2026-05-22T01:54:09.161350Z",1779414845.34015,1779414849.16135,0.000488,0.000569,0.000605,3.799646,3.799777,3.799041,0.000131000000000103,3.7926,0.028595602416992
"2026-05-22T01:54:13.024Z","run_bootstrap",116,"http://client1:8000","run","http://client1:8000/run",1,TRUE,200,1110,251,3.57586908340454,"2026-05-22T01:54:09.185751Z","2026-05-22T01:54:12.761620Z",1779414849.18575,1779414852.76162,0.000593,0.000699,0.000732,3.560447,3.560557,3.559715,0.000110000000000277,3.5517,0.0241690834045412
"2026-05-22T01:54:13.024Z","run_bootstrap",116,"http://client2:8000","run","http://client2:8000/run",1,TRUE,200,1110,255,3.65480899810791,"2026-05-22T01:54:09.188233Z","2026-05-22T01:54:12.843042Z",1779414849.18823,1779414852.84304,0.000587,0.000658,0.000691,3.631519,3.63166,3.630828,0.000141000000000169,3.624,0.03080899810791
"2026-05-22T01:54:13.024Z","run_bootstrap",116,"http://client3:8000","run","http://client3:8000/run",1,TRUE,200,1110,253,3.82987260818481,"2026-05-22T01:54:09.188422Z","2026-05-22T01:54:13.018294Z",1779414849.18842,1779414853.01829,0.000786,0.000875,0.000906,3.80681,3.806916,3.805904,0.000106000000000162,3.7993,0.0305726081848143
"2026-05-22T01:54:16.931Z","run_bootstrap",117,"http://client1:8000","run","http://client1:8000/run",1,TRUE,200,1109,252,3.73505282402039,"2026-05-22T01:54:13.037671Z","2026-05-22T01:54:16.772723Z",1779414853.03767,1779414856.77272,0.000572,0.000676,0.000712,3.712177,3.712201,3.711465,2.3999999999802e-05,3.7043,0.0307528240203858
"2026-05-22T01:54:16.931Z","run_bootstrap",117,"http://client2:8000","run","http://client2:8000/run",1,TRUE,200,1109,257,3.88752460479736,"2026-05-22T01:54:13.038208Z","2026-05-22T01:54:16.925733Z",1779414853.03821,1779414856.92573,0.000698,0.000782,0.000818,3.864647,3.864679,3.863829,3.2000000000032e-05,3.8559,0.0316246047973632
"2026-05-22T01:54:16.931Z","run_bootstrap",117,"http://client3:8000","run","http://client3:8000/run",1,TRUE,200,1109,253,3.63252902030945,"2026-05-22T01:54:13.038727Z","2026-05-22T01:54:16.671257Z",1779414853.03873,1779414856.67126,0.000512,0.000619,0.000657,3.608672,3.608696,3.608015,2.4000000000246e-05,3.5984,0.0341290203094484
"2026-05-22T01:54:20.885Z","run_bootstrap",118,"http://client1:8000","run","http://client1:8000/run",1,TRUE,200,1109,252,3.48389053344727,"2026-05-22T01:54:16.945874Z","2026-05-22T01:54:20.429764Z",1779414856.94587,1779414860.42976,0.00057,0.000651,0.000681,3.466337,3.466415,3.465656,7.80000000002445e-05,3.4582,0.0256905334472655
"2026-05-22T01:54:20.885Z","run_bootstrap",118,"http://client2:8000","run","http://client2:8000/run",1,TRUE,200,1109,257,3.72452211380005,"2026-05-22T01:54:16.945491Z","2026-05-22T01:54:20.670013Z",1779414856.94549,1779414860.67001,0.000729,0.000821,0.000843,3.710289,3.710428,3.709446,0.000138999999999889,3.6893,0.035222113800049
"2026-05-22T01:54:20.885Z","run_bootstrap",118,"http://client3:8000","run","http://client3:8000/run",1,TRUE,200,1109,253,3.93435072898865,"2026-05-22T01:54:16.947089Z","2026-05-22T01:54:20.881440Z",1779414856.94709,1779414860.88144,0.00065,0.000727,0.000757,3.921166,3.921273,3.920409,0.000106999999999857,3.9066,0.0277507289886474
"2026-05-22T01:54:24.835Z","run_bootstrap",119,"http://client1:8000","run","http://client1:8000/run",1,TRUE,200,1109,250,3.68678426742554,"2026-05-22T01:54:20.897288Z","2026-05-22T01:54:24.584072Z",1779414860.89729,1779414864.58407,0.000489,0.000558,0.000593,3.668248,3.668389,3.667655,0.000140999999999725,3.6582,0.0285842674255372
"2026-05-22T01:54:24.835Z","run_bootstrap",119,"http://client2:8000","run","http://client2:8000/run",1,TRUE,200,1109,256,3.54963898658752,"2026-05-22T01:54:20.896656Z","2026-05-22T01:54:24.446295Z",1779414860.89666,1779414864.4463,0.000553,0.000663,7e-04,3.535561,3.535712,3.534861,0.000151000000000234,3.5274,0.0222389865875243
"2026-05-22T01:54:24.835Z","run_bootstrap",119,"http://client3:8000","run","http://client3:8000/run",1,TRUE,200,1109,252,3.93307089805603,"2026-05-22T01:54:20.898348Z","2026-05-22T01:54:24.831419Z",1779414860.89835,1779414864.83142,0.000519,0.000609,0.000644,3.915777,3.915919,3.915133,0.000142000000000309,3.9079,0.0251708980560301
"2026-05-22T01:54:28.855Z","run_bootstrap",120,"http://client1:8000","run","http://client1:8000/run",1,TRUE,200,1109,250,4.00218963623047,"2026-05-22T01:54:24.848314Z","2026-05-22T01:54:28.850503Z",1779414864.84831,1779414868.8505,0.000782,0.000853,0.000877,3.986365,3.986506,3.985488,0.000140999999999725,3.8131,0.189089636230469
"2026-05-22T01:54:28.855Z","run_bootstrap",120,"http://client2:8000","run","http://client2:8000/run",1,TRUE,200,1109,256,3.83767461776733,"2026-05-22T01:54:24.849045Z","2026-05-22T01:54:28.686720Z",1779414864.84905,1779414868.68672,0.00059,0.000704,0.000749,3.822067,3.822198,3.821318,0.000131000000000103,3.6607,0.176974617767334
"2026-05-22T01:54:28.855Z","run_bootstrap",120,"http://client3:8000","run","http://client3:8000/run",1,TRUE,200,1109,252,3.94553112983704,"2026-05-22T01:54:24.849597Z","2026-05-22T01:54:28.795128Z",1779414864.8496,1779414868.79513,0.000555,0.000615,0.000635,3.930433,3.930604,3.929798,0.000171000000000365,3.7745,0.171031129837036
"2026-05-22T01:54:32.430Z","run_bootstrap",121,"http://client1:8000","run","http://client1:8000/run",1,TRUE,200,1108,253,3.55836415290833,"2026-05-22T01:54:28.867146Z","2026-05-22T01:54:32.425510Z",1779414868.86715,1779414872.42551,0.000715,0.000821,0.000859,3.543063,3.543222,3.542204,0.00015900000000002,3.5329,0.025464152908325
"2026-05-22T01:54:32.430Z","run_bootstrap",121,"http://client2:8000","run","http://client2:8000/run",1,TRUE,200,1108,256,3.5475697517395,"2026-05-22T01:54:28.868165Z","2026-05-22T01:54:32.415735Z",1779414868.86817,1779414872.41574,0.000488,0.000581,0.000618,3.531446,3.531583,3.530828,0.000137000000000054,3.5251,0.0224697517395018
"2026-05-22T01:54:32.430Z","run_bootstrap",121,"http://client3:8000","run","http://client3:8000/run",1,TRUE,200,1108,253,3.51287245750427,"2026-05-22T01:54:28.868587Z","2026-05-22T01:54:32.381459Z",1779414868.86859,1779414872.38146,0.000474,0.000556,0.000621,3.49553,3.495678,3.494909,0.000147999999999815,3.4888,0.0240724575042726
"2026-05-22T01:54:36.217Z","run_bootstrap",122,"http://client1:8000","run","http://client1:8000/run",1,TRUE,200,1108,253,3.77045392990112,"2026-05-22T01:54:32.442490Z","2026-05-22T01:54:36.212944Z",1779414872.44249,1779414876.21294,0.000522,0.000572,0.000591,3.756823,3.756946,3.756232,0.000123000000000317,3.7488,0.0216539299011229
"2026-05-22T01:54:36.217Z","run_bootstrap",122,"http://client2:8000","run","http://client2:8000/run",1,TRUE,200,1108,256,3.54506134986877,"2026-05-22T01:54:32.442494Z","2026-05-22T01:54:35.987555Z",1779414872.44249,1779414875.98756,0.000348,0.000429,0.000452,3.531392,3.531518,3.53094,0.000126000000000293,3.5229,0.0221613498687745
"2026-05-22T01:54:36.217Z","run_bootstrap",122,"http://client3:8000","run","http://client3:8000/run",1,TRUE,200,1108,253,3.43920922279358,"2026-05-22T01:54:32.444120Z","2026-05-22T01:54:35.883329Z",1779414872.44412,1779414875.88333,0.00056,0.000611,0.00063,3.424371,3.424491,3.423741,0.000120000000000342,3.4172,0.0220092227935793
"2026-05-22T01:54:39.948Z","run_bootstrap",123,"http://client1:8000","run","http://client1:8000/run",1,TRUE,200,1108,252,3.53682017326355,"2026-05-22T01:54:36.229559Z","2026-05-22T01:54:39.766379Z",1779414876.22956,1779414879.76638,0.00068,0.000746,0.000769,3.519917,3.519947,3.519148,3.00000000001965e-05,3.5127,0.0241201732635496
"2026-05-22T01:54:39.948Z","run_bootstrap",123,"http://client2:8000","run","http://client2:8000/run",1,TRUE,200,1108,255,3.7126932144165,"2026-05-22T01:54:36.230293Z","2026-05-22T01:54:39.942986Z",1779414876.23029,1779414879.94299,0.000584,0.000662,0.000692,3.691011,3.691044,3.690319,3.30000000001718e-05,3.6829,0.0297932144165038
"2026-05-22T01:54:39.948Z","run_bootstrap",123,"http://client3:8000","run","http://client3:8000/run",1,TRUE,200,1108,253,3.71427345275879,"2026-05-22T01:54:36.229675Z","2026-05-22T01:54:39.943948Z",1779414876.22968,1779414879.94395,0.000662,0.000749,0.000771,3.697844,3.697868,3.697073,2.4000000000246e-05,3.6904,0.0238734527587892
"2026-05-22T01:54:43.510Z","run_bootstrap",124,"http://client1:8000","run","http://client1:8000/run",1,TRUE,200,1108,252,3.52085971832275,"2026-05-22T01:54:39.962145Z","2026-05-22T01:54:43.483004Z",1779414879.96215,1779414883.483,0.000395,0.00049,0.000579,3.506793,3.506927,3.506214,0.000134000000000079,3.4997,0.0211597183227541
"2026-05-22T01:54:43.510Z","run_bootstrap",124,"http://client2:8000","run","http://client2:8000/run",1,TRUE,200,1108,255,3.54393768310547,"2026-05-22T01:54:39.961926Z","2026-05-22T01:54:43.505864Z",1779414879.96193,1779414883.50586,0.000561,0.000648,0.000687,3.530543,3.530664,3.529856,0.000120999999999594,3.5237,0.0202376831054689
"2026-05-22T01:54:43.510Z","run_bootstrap",124,"http://client3:8000","run","http://client3:8000/run",1,TRUE,200,1108,253,3.53414988517761,"2026-05-22T01:54:39.963596Z","2026-05-22T01:54:43.497746Z",1779414879.9636,1779414883.49775,0.000467,0.000544,0.000578,3.519772,3.519913,3.519194,0.000140999999999725,3.5102,0.0239498851776121
"2026-05-22T01:54:47.223Z","run_bootstrap",125,"http://client1:8000","run","http://client1:8000/run",1,TRUE,200,1108,251,3.5525336265564,"2026-05-22T01:54:43.521793Z","2026-05-22T01:54:47.074326Z",1779414883.52179,1779414887.07433,0.000603,0.000666,0.000686,3.535327,3.535452,3.534641,0.000124999999999709,3.5281,0.0244336265563967
"2026-05-22T01:54:47.223Z","run_bootstrap",125,"http://client2:8000","run","http://client2:8000/run",1,TRUE,200,1108,255,3.43312454223633,"2026-05-22T01:54:43.522251Z","2026-05-22T01:54:46.955376Z",1779414883.52225,1779414886.95538,0.00057,0.000651,0.000676,3.416338,3.416468,3.415662,0.000129999999999963,3.4079,0.025224542236328
"2026-05-22T01:54:47.223Z","run_bootstrap",125,"http://client3:8000","run","http://client3:8000/run",1,TRUE,200,1108,253,3.69413924217224,"2026-05-22T01:54:43.522825Z","2026-05-22T01:54:47.216964Z",1779414883.52283,1779414887.21696,0.000573,0.000662,0.000695,3.677176,3.677315,3.676481,0.000139000000000333,3.6687,0.0254392421722414
"2026-05-22T01:54:50.973Z","run_bootstrap",126,"http://client1:8000","run","http://client1:8000/run",1,TRUE,200,1108,251,3.73237442970276,"2026-05-22T01:54:47.235754Z","2026-05-22T01:54:50.968128Z",1779414887.23575,1779414890.96813,0.000594,0.000704,0.000747,3.717834,3.718128,3.717087,0.000294000000000239,3.7107,0.0216744297027587
"2026-05-22T01:54:50.973Z","run_bootstrap",126,"http://client2:8000","run","http://client2:8000/run",1,TRUE,200,1108,255,3.43043375015259,"2026-05-22T01:54:47.235455Z","2026-05-22T01:54:50.665889Z",1779414887.23546,1779414890.66589,0.000597,0.000705,0.000753,3.415896,3.416015,3.415143,0.000118999999999758,3.4086,0.021833750152588
"2026-05-22T01:54:50.973Z","run_bootstrap",126,"http://client3:8000","run","http://client3:8000/run",1,TRUE,200,1108,253,3.51373338699341,"2026-05-22T01:54:47.237107Z","2026-05-22T01:54:50.750841Z",1779414887.23711,1779414890.75084,0.000546,0.000687,0.000739,3.494633,3.494784,3.493894,0.000151000000000234,3.4877,0.0260333869934084
"2026-05-22T01:54:54.716Z","run_bootstrap",127,"http://client1:8000","run","http://client1:8000/run",1,TRUE,200,1109,253,3.53831720352173,"2026-05-22T01:54:50.984396Z","2026-05-22T01:54:54.522713Z",1779414890.9844,1779414894.52271,0.000682,0.000797,0.000832,3.523569,3.523722,3.522737,0.000152999999999626,3.5159,0.0224172035217287
"2026-05-22T01:54:54.716Z","run_bootstrap",127,"http://client2:8000","run","http://client2:8000/run",1,TRUE,200,1109,256,3.72243356704712,"2026-05-22T01:54:50.986054Z","2026-05-22T01:54:54.708488Z",1779414890.98605,1779414894.70849,0.000761,0.000858,0.000893,3.708147,3.708286,3.707254,0.000139000000000333,3.701,0.0214335670471191
"2026-05-22T01:54:54.716Z","run_bootstrap",127,"http://client3:8000","run","http://client3:8000/run",1,TRUE,200,1109,253,3.44506335258484,"2026-05-22T01:54:50.985779Z","2026-05-22T01:54:54.430842Z",1779414890.98578,1779414894.43084,0.000691,0.000815,0.000852,3.430388,3.430548,3.429536,0.000159999999999716,3.4223,0.022763352584839
"2026-05-22T01:54:58.484Z","run_bootstrap",128,"http://client1:8000","run","http://client1:8000/run",1,TRUE,200,1109,253,3.58237147331238,"2026-05-22T01:54:54.728999Z","2026-05-22T01:54:58.311370Z",1779414894.729,1779414898.31137,0.000625,0.000741,0.000783,3.564057,3.564091,3.563274,3.39999999998675e-05,3.5567,0.0256714733123777
"2026-05-22T01:54:58.484Z","run_bootstrap",128,"http://client2:8000","run","http://client2:8000/run",1,TRUE,200,1109,257,3.51675248146057,"2026-05-22T01:54:54.729367Z","2026-05-22T01:54:58.246119Z",1779414894.72937,1779414898.24612,0.000576,0.000658,0.00069,3.493941,3.493977,3.493251,3.6000000000147e-05,3.4864,0.0303524814605711
"2026-05-22T01:54:58.484Z","run_bootstrap",128,"http://client3:8000","run","http://client3:8000/run",1,TRUE,200,1109,253,3.7478768825531,"2026-05-22T01:54:54.729529Z","2026-05-22T01:54:58.477406Z",1779414894.72953,1779414898.47741,0.000591,0.000684,0.000721,3.729744,3.729777,3.729023,3.29999999997277e-05,3.7228,0.0250768825531007
"2026-05-22T01:55:02.320Z","run_bootstrap",129,"http://client1:8000","run","http://client1:8000/run",1,TRUE,200,1108,251,3.56499671936035,"2026-05-22T01:54:58.498711Z","2026-05-22T01:55:02.063708Z",1779414898.49871,1779414902.06371,0.000559,0.000647,0.000681,3.545166,3.545301,3.544485,0.000134999999999774,3.538,0.0269967193603518
"2026-05-22T01:55:02.320Z","run_bootstrap",129,"http://client2:8000","run","http://client2:8000/run",1,TRUE,200,1108,256,3.8163697719574,"2026-05-22T01:54:58.499123Z","2026-05-22T01:55:02.315492Z",1779414898.49912,1779414902.31549,0.000491,0.000579,0.000613,3.795691,3.795845,3.795078,0.000153999999999765,3.7886,0.0277697719573973
"2026-05-22T01:55:02.320Z","run_bootstrap",129,"http://client3:8000","run","http://client3:8000/run",1,TRUE,200,1108,253,3.76246309280396,"2026-05-22T01:54:58.499168Z","2026-05-22T01:55:02.261631Z",1779414898.49917,1779414902.26163,0.000645,0.000788,0.000825,3.748573,3.748728,3.747748,0.000154999999999905,3.7415,0.0209630928039553
"2026-05-22T01:55:06.166Z","run_bootstrap",130,"http://client1:8000","run","http://client1:8000/run",1,TRUE,200,1108,250,3.70763492584229,"2026-05-22T01:55:02.332509Z","2026-05-22T01:55:06.040143Z",1779414902.33251,1779414906.04014,0.000642,0.000734,0.000767,3.687408,3.687552,3.686641,0.000144000000000144,3.68,0.027634925842285
"2026-05-22T01:55:06.166Z","run_bootstrap",130,"http://client2:8000","run","http://client2:8000/run",1,TRUE,200,1108,255,3.64462542533875,"2026-05-22T01:55:02.332955Z","2026-05-22T01:55:05.977580Z",1779414902.33296,1779414905.97758,0.000578,0.000651,0.000674,3.632104,3.632243,3.63143,0.000138999999999889,3.625,0.0196254253387451
"2026-05-22T01:55:06.166Z","run_bootstrap",130,"http://client3:8000","run","http://client3:8000/run",1,TRUE,200,1108,253,3.82666516304016,"2026-05-22T01:55:02.332352Z","2026-05-22T01:55:06.159017Z",1779414902.33235,1779414906.15902,0.000609,0.000674,0.000696,3.812717,3.812862,3.812021,0.00014499999999984,3.8043,0.0223651630401611
"2026-05-22T01:55:10.048Z","run_bootstrap",131,"http://client1:8000","run","http://client1:8000/run",1,TRUE,200,1108,252,3.86581254005432,"2026-05-22T01:55:06.177876Z","2026-05-22T01:55:10.043689Z",1779414906.17788,1779414910.04369,0.000608,0.000708,0.000749,3.851398,3.851518,3.850649,0.000119999999999898,3.8437,0.0221125400543212
"2026-05-22T01:55:10.048Z","run_bootstrap",131,"http://client2:8000","run","http://client2:8000/run",1,TRUE,200,1108,256,3.67701816558838,"2026-05-22T01:55:06.178237Z","2026-05-22T01:55:09.855256Z",1779414906.17824,1779414909.85526,0.000793,9e-04,0.000942,3.656786,3.656956,3.655844,0.000170000000000226,3.6493,0.0277181655883787
"2026-05-22T01:55:10.048Z","run_bootstrap",131,"http://client3:8000","run","http://client3:8000/run",1,TRUE,200,1108,252,3.52268576622009,"2026-05-22T01:55:06.178803Z","2026-05-22T01:55:09.701489Z",1779414906.1788,1779414909.70149,0.000534,0.000627,0.000669,3.502787,3.50296,3.502118,0.000172999999999757,3.4956,0.0270857662200927
"2026-05-22T01:55:13.954Z","run_bootstrap",132,"http://client1:8000","run","http://client1:8000/run",1,TRUE,200,1108,252,3.73046374320984,"2026-05-22T01:55:10.061121Z","2026-05-22T01:55:13.791585Z",1779414910.06112,1779414913.79159,0.000646,0.000769,0.000808,3.714135,3.714275,3.713327,0.000140000000000029,3.7063,0.0241637432098387
"2026-05-22T01:55:13.954Z","run_bootstrap",132,"http://client2:8000","run","http://client2:8000/run",1,TRUE,200,1108,256,3.88493275642395,"2026-05-22T01:55:10.061870Z","2026-05-22T01:55:13.946802Z",1779414910.06187,1779414913.9468,0.000666,0.00076,0.000797,3.869084,3.869231,3.868287,0.000147000000000119,3.8608,0.0241327564239504
"2026-05-22T01:55:13.954Z","run_bootstrap",132,"http://client3:8000","run","http://client3:8000/run",1,TRUE,200,1108,252,3.59249114990234,"2026-05-22T01:55:10.060979Z","2026-05-22T01:55:13.653470Z",1779414910.06098,1779414913.65347,0.000698,0.000803,0.000838,3.57702,3.577177,3.576182,0.000156999999999741,3.5699,0.0225911499023437
"2026-05-22T01:55:17.708Z","run_bootstrap",133,"http://client1:8000","run","http://client1:8000/run",1,TRUE,200,1108,254,3.62605214118958,"2026-05-22T01:55:13.966926Z","2026-05-22T01:55:17.592978Z",1779414913.96693,1779414917.59298,0.000572,0.000661,0.000699,3.60495,3.605031,3.604251,8.09999999997757e-05,3.5945,0.0315521411895752
"2026-05-22T01:55:17.708Z","run_bootstrap",133,"http://client2:8000","run","http://client2:8000/run",1,TRUE,200,1108,258,3.72440767288208,"2026-05-22T01:55:13.966253Z","2026-05-22T01:55:17.690660Z",1779414913.96625,1779414917.69066,0.000604,0.000716,0.000758,3.709785,3.709913,3.709027,0.000127999999999684,3.7028,0.0216076728820802
"2026-05-22T01:55:17.708Z","run_bootstrap",133,"http://client3:8000","run","http://client3:8000/run",1,TRUE,200,1108,254,3.73587393760681,"2026-05-22T01:55:13.967991Z","2026-05-22T01:55:17.703865Z",1779414913.96799,1779414917.70387,0.00045,0.000531,0.000568,3.716242,3.716378,3.715674,0.000136000000000358,3.7085,0.0273739376068116
"2026-05-22T01:55:21.477Z","run_bootstrap",134,"http://client1:8000","run","http://client1:8000/run",1,TRUE,200,1108,254,3.7524139881134,"2026-05-22T01:55:17.720815Z","2026-05-22T01:55:21.473229Z",1779414917.72082,1779414921.47323,0.000514,0.000612,0.000647,3.733458,3.733498,3.732811,3.9999999999818e-05,3.7263,0.0261139881134032
"2026-05-22T01:55:21.477Z","run_bootstrap",134,"http://client2:8000","run","http://client2:8000/run",1,TRUE,200,1108,258,3.70024919509888,"2026-05-22T01:55:17.721317Z","2026-05-22T01:55:21.421566Z",1779414917.72132,1779414921.42157,0.00046,0.000584,0.000625,3.681419,3.681451,3.680794,3.2000000000032e-05,3.6732,0.0270491950988769
"2026-05-22T01:55:21.477Z","run_bootstrap",134,"http://client3:8000","run","http://client3:8000/run",1,TRUE,200,1108,254,3.52555131912231,"2026-05-22T01:55:17.721707Z","2026-05-22T01:55:21.247259Z",1779414917.72171,1779414921.24726,0.000644,0.000756,0.000792,3.508073,3.508107,3.507281,3.39999999998675e-05,3.5007,0.0248513191223143
"2026-05-22T01:55:25.323Z","run_bootstrap",135,"http://client1:8000","run","http://client1:8000/run",1,TRUE,200,1108,253,3.82706022262573,"2026-05-22T01:55:21.491544Z","2026-05-22T01:55:25.318604Z",1779414921.49154,1779414925.3186,0.000816,0.000891,0.000913,3.807122,3.807236,3.806209,0.000113999999999947,3.7977,0.0293602226257326
"2026-05-22T01:55:25.323Z","run_bootstrap",135,"http://client2:8000","run","http://client2:8000/run",1,TRUE,200,1108,256,3.7433660030365,"2026-05-22T01:55:21.492239Z","2026-05-22T01:55:25.235605Z",1779414921.49224,1779414925.23561,0.000652,0.000776,0.000816,3.72744,3.727584,3.726624,0.0001439999999997,3.7136,0.029766003036499
"2026-05-22T01:55:25.323Z","run_bootstrap",135,"http://client3:8000","run","http://client3:8000/run",1,TRUE,200,1108,253,3.68346643447876,"2026-05-22T01:55:21.492910Z","2026-05-22T01:55:25.176376Z",1779414921.49291,1779414925.17638,0.000385,0.000456,0.000482,3.663834,3.663958,3.663352,0.000124000000000013,3.6487,0.0347664344787599
"2026-05-22T01:55:29.155Z","run_bootstrap",136,"http://client1:8000","run","http://client1:8000/run",1,TRUE,200,1108,253,3.81304955482483,"2026-05-22T01:55:25.334725Z","2026-05-22T01:55:29.147775Z",1779414925.33473,1779414929.14778,0.000586,0.000701,0.000736,3.798972,3.799108,3.798236,0.000135999999999914,3.7911,0.021949554824829
"2026-05-22T01:55:29.155Z","run_bootstrap",136,"http://client2:8000","run","http://client2:8000/run",1,TRUE,200,1108,256,3.60022306442261,"2026-05-22T01:55:25.336475Z","2026-05-22T01:55:28.936698Z",1779414925.33648,1779414928.9367,0.000712,0.000831,0.000867,3.585201,3.585293,3.584334,9.1999999999981e-05,3.5762,0.0240230644226074
"2026-05-22T01:55:29.155Z","run_bootstrap",136,"http://client3:8000","run","http://client3:8000/run",1,TRUE,200,1108,253,3.64388298988342,"2026-05-22T01:55:25.336854Z","2026-05-22T01:55:28.980737Z",1779414925.33685,1779414928.98074,0.000592,0.000707,0.000743,3.62621,3.626352,3.625467,0.000141999999999864,3.6178,0.0260829898834229
"2026-05-22T01:55:32.934Z","run_bootstrap",137,"http://client1:8000","run","http://client1:8000/run",1,TRUE,200,1107,252,3.76235032081604,"2026-05-22T01:55:29.167348Z","2026-05-22T01:55:32.929698Z",1779414929.16735,1779414932.9297,0.00063,0.000688,0.00071,3.744056,3.74418,3.743346,0.000124000000000013,3.7361,0.0262503208160401
"2026-05-22T01:55:32.934Z","run_bootstrap",137,"http://client2:8000","run","http://client2:8000/run",1,TRUE,200,1107,257,3.7120521068573,"2026-05-22T01:55:29.167620Z","2026-05-22T01:55:32.879672Z",1779414929.16762,1779414932.87967,0.000496,0.00055,0.000572,3.693724,3.693848,3.693152,0.000124000000000013,3.6867,0.0253521068572997
"2026-05-22T01:55:32.934Z","run_bootstrap",137,"http://client3:8000","run","http://client3:8000/run",1,TRUE,200,1107,253,3.64068651199341,"2026-05-22T01:55:29.167554Z","2026-05-22T01:55:32.808240Z",1779414929.16755,1779414932.80824,0.00062,0.000705,0.000732,3.626395,3.626498,3.625663,0.000103000000000186,3.6175,0.023186511993408
"2026-05-22T01:55:36.751Z","run_bootstrap",138,"http://client1:8000","run","http://client1:8000/run",1,TRUE,200,1107,252,3.79826784133911,"2026-05-22T01:55:32.947310Z","2026-05-22T01:55:36.745578Z",1779414932.94731,1779414936.74558,0.000651,0.00076,0.000795,3.783176,3.783315,3.782381,0.000138999999999889,3.7747,0.0235678413391112
"2026-05-22T01:55:36.751Z","run_bootstrap",138,"http://client2:8000","run","http://client2:8000/run",1,TRUE,200,1107,257,3.60861444473267,"2026-05-22T01:55:32.948585Z","2026-05-22T01:55:36.557199Z",1779414932.94859,1779414936.5572,0.000544,0.000629,0.000662,3.593191,3.593351,3.592529,0.00016000000000016,3.5859,0.0227144447326659
"2026-05-22T01:55:36.751Z","run_bootstrap",138,"http://client3:8000","run","http://client3:8000/run",1,TRUE,200,1107,253,3.71869301795959,"2026-05-22T01:55:32.949175Z","2026-05-22T01:55:36.667868Z",1779414932.94918,1779414936.66787,0.000637,0.000698,0.000718,3.704778,3.704915,3.70406,0.000137000000000054,3.6965,0.0221930179595948
"2026-05-22T01:55:40.705Z","run_bootstrap",139,"http://client1:8000","run","http://client1:8000/run",1,TRUE,200,1109,253,3.74597096443176,"2026-05-22T01:55:36.763281Z","2026-05-22T01:55:40.509252Z",1779414936.76328,1779414940.50925,0.000657,0.000762,0.000801,3.731505,3.731636,3.730704,0.000131000000000103,3.7234,0.0225709644317629
"2026-05-22T01:55:40.705Z","run_bootstrap",139,"http://client2:8000","run","http://client2:8000/run",1,TRUE,200,1109,255,3.62208199501038,"2026-05-22T01:55:36.765303Z","2026-05-22T01:55:40.387385Z",1779414936.7653,1779414940.38739,0.000564,0.000674,0.000715,3.607531,3.607678,3.606816,0.000147000000000119,3.5988,0.0232819950103758
"2026-05-22T01:55:40.705Z","run_bootstrap",139,"http://client3:8000","run","http://client3:8000/run",1,TRUE,200,1109,251,3.92743182182312,"2026-05-22T01:55:36.765604Z","2026-05-22T01:55:40.693036Z",1779414936.7656,1779414940.69304,0.000682,0.000799,0.000839,3.906521,3.906658,3.905682,0.000137000000000054,3.8979,0.0295318218231202
"2026-05-22T01:55:44.877Z","run_bootstrap",140,"http://client1:8000","run","http://client1:8000/run",1,TRUE,200,1109,253,4.15163016319275,"2026-05-22T01:55:40.721168Z","2026-05-22T01:55:44.872798Z",1779414940.72117,1779414944.8728,0.000632,0.000714,0.000738,4.130359,4.13049,4.129621,0.000130999999999659,3.9655,0.186130163192749
"2026-05-22T01:55:44.877Z","run_bootstrap",140,"http://client2:8000","run","http://client2:8000/run",1,TRUE,200,1109,255,3.8797287940979,"2026-05-22T01:55:40.721715Z","2026-05-22T01:55:44.601444Z",1779414940.72172,1779414944.60144,0.000756,0.000789,0.000801,3.859035,3.859161,3.858234,0.000125999999999848,3.6895,0.190228794097901
"2026-05-22T01:55:44.877Z","run_bootstrap",140,"http://client3:8000","run","http://client3:8000/run",1,TRUE,200,1109,251,3.91546225547791,"2026-05-22T01:55:40.722015Z","2026-05-22T01:55:44.637477Z",1779414940.72202,1779414944.63748,0.000692,0.000773,0.000807,3.895164,3.895325,3.894357,0.0001610000000003,3.7328,0.182662255477905
"2026-05-22T01:55:48.548Z","run_bootstrap",141,"http://client1:8000","run","http://client1:8000/run",1,TRUE,200,1109,253,3.65446424484253,"2026-05-22T01:55:44.889489Z","2026-05-22T01:55:48.543953Z",1779414944.88949,1779414948.54395,0.000724,0.00079,0.000816,3.638635,3.638792,3.637819,0.000157000000000185,3.6314,0.0230642448425291
"2026-05-22T01:55:48.548Z","run_bootstrap",141,"http://client2:8000","run","http://client2:8000/run",1,TRUE,200,1109,254,3.43044447898865,"2026-05-22T01:55:44.890302Z","2026-05-22T01:55:48.320747Z",1779414944.8903,1779414948.32075,0.000567,0.000676,0.000722,3.414648,3.414789,3.413926,0.000140999999999725,3.4072,0.0232444789886475
"2026-05-22T01:55:48.548Z","run_bootstrap",141,"http://client3:8000","run","http://client3:8000/run",1,TRUE,200,1109,253,3.53980565071106,"2026-05-22T01:55:44.890813Z","2026-05-22T01:55:48.430619Z",1779414944.89081,1779414948.43062,0.000482,0.000555,0.000592,3.524012,3.524147,3.52342,0.000135000000000218,3.5173,0.0225056507110595
"2026-05-22T01:55:52.147Z","run_bootstrap",142,"http://client1:8000","run","http://client1:8000/run",1,TRUE,200,1109,253,3.55392241477966,"2026-05-22T01:55:48.563178Z","2026-05-22T01:55:52.117101Z",1779414948.56318,1779414952.1171,0.000735,0.000793,0.000824,3.537626,3.537764,3.536802,0.000138000000000194,3.5302,0.0237224147796633
"2026-05-22T01:55:52.147Z","run_bootstrap",142,"http://client2:8000","run","http://client2:8000/run",1,TRUE,200,1109,254,3.57917785644531,"2026-05-22T01:55:48.563787Z","2026-05-22T01:55:52.142965Z",1779414948.56379,1779414952.14297,0.00058,0.000652,0.000682,3.560512,3.560625,3.55983,0.000112999999999808,3.5536,0.0255778564453126
"2026-05-22T01:55:52.147Z","run_bootstrap",142,"http://client3:8000","run","http://client3:8000/run",1,TRUE,200,1109,253,3.57765126228333,"2026-05-22T01:55:48.564344Z","2026-05-22T01:55:52.141995Z",1779414948.56434,1779414952.142,0.000585,0.000685,0.00072,3.562535,3.562665,3.561815,0.000129999999999963,3.5549,0.0227512622833252
"2026-05-22T01:55:55.823Z","run_bootstrap",143,"http://client1:8000","run","http://client1:8000/run",1,TRUE,200,1108,254,3.61480903625488,"2026-05-22T01:55:52.158797Z","2026-05-22T01:55:55.773606Z",1779414952.1588,1779414955.77361,0.000445,0.00056,0.000601,3.599616,3.599711,3.599015,9.49999999999562e-05,3.5927,0.022109036254883
"2026-05-22T01:55:55.823Z","run_bootstrap",143,"http://client2:8000","run","http://client2:8000/run",1,TRUE,200,1108,256,3.53184533119202,"2026-05-22T01:55:52.159257Z","2026-05-22T01:55:55.691103Z",1779414952.15926,1779414955.6911,0.000659,0.000781,0.000824,3.511256,3.511407,3.510432,0.000151000000000234,3.5044,0.0274453311920166
"2026-05-22T01:55:55.823Z","run_bootstrap",143,"http://client3:8000","run","http://client3:8000/run",1,TRUE,200,1108,252,3.66078567504883,"2026-05-22T01:55:52.158459Z","2026-05-22T01:55:55.819244Z",1779414952.15846,1779414955.81924,0.000669,0.000774,0.000811,3.645859,3.646031,3.645048,0.000171999999999617,3.6389,0.0218856750488281
"2026-05-22T01:55:59.599Z","run_bootstrap",144,"http://client1:8000","run","http://client1:8000/run",1,TRUE,200,1108,254,3.59887456893921,"2026-05-22T01:55:55.837210Z","2026-05-22T01:55:59.436084Z",1779414955.83721,1779414959.43608,0.000596,0.000674,0.000707,3.584469,3.584599,3.583762,0.000129999999999963,3.5773,0.0215745689392088
"2026-05-22T01:55:59.599Z","run_bootstrap",144,"http://client2:8000","run","http://client2:8000/run",1,TRUE,200,1108,256,3.75568342208862,"2026-05-22T01:55:55.836584Z","2026-05-22T01:55:59.592267Z",1779414955.83658,1779414959.59227,0.000723,0.000833,0.000869,3.741152,3.741268,3.740283,0.000115999999999783,3.7343,0.0213834220886229
"2026-05-22T01:55:59.599Z","run_bootstrap",144,"http://client3:8000","run","http://client3:8000/run",1,TRUE,200,1108,252,3.48653650283813,"2026-05-22T01:55:55.837607Z","2026-05-22T01:55:59.324143Z",1779414955.83761,1779414959.32414,0.000643,0.000732,0.000765,3.472758,3.472894,3.471993,0.000136000000000358,3.4659,0.0206365028381348
"2026-05-22T01:56:03.469Z","run_bootstrap",145,"http://client1:8000","run","http://client1:8000/run",1,TRUE,200,1108,257,3.79318785667419,"2026-05-22T01:55:59.669450Z","2026-05-22T01:56:03.462638Z",1779414959.66945,1779414963.46264,0.000702,0.000807,0.000841,3.779416,3.779522,3.778575,0.000106000000000162,3.7703,0.0228878566741941
"2026-05-22T01:56:03.469Z","run_bootstrap",145,"http://client2:8000","run","http://client2:8000/run",1,TRUE,200,1108,252,3.59013247489929,"2026-05-22T01:55:59.671736Z","2026-05-22T01:56:03.261869Z",1779414959.67174,1779414963.26187,0.000695,0.000968,0.00103,3.57661,3.5769,3.57558,0.000290000000000123,3.5682,0.021932474899292
"2026-05-22T01:56:03.469Z","run_bootstrap",145,"http://client3:8000","run","http://client3:8000/run",1,TRUE,200,1108,254,3.52070212364197,"2026-05-22T01:55:59.672421Z","2026-05-22T01:56:03.193123Z",1779414959.67242,1779414963.19312,0.000493,0.000581,0.000611,3.505951,3.506091,3.50534,0.000140000000000029,3.4979,0.0228021236419678
"2026-05-22T01:56:07.101Z","run_bootstrap",146,"http://client1:8000","run","http://client1:8000/run",1,TRUE,200,1108,257,3.51253890991211,"2026-05-22T01:56:03.488223Z","2026-05-22T01:56:07.000762Z",1779414963.48822,1779414967.00076,0.000508,0.000564,0.000598,3.49868,3.498812,3.498082,0.000132000000000243,3.4914,0.0211389099121093
"2026-05-22T01:56:07.101Z","run_bootstrap",146,"http://client2:8000","run","http://client2:8000/run",1,TRUE,200,1108,252,3.5827751159668,"2026-05-22T01:56:03.489068Z","2026-05-22T01:56:07.071843Z",1779414963.48907,1779414967.07184,0.000514,0.000592,0.000622,3.562081,3.562214,3.561459,0.000132999999999939,3.5545,0.0282751159667969
"2026-05-22T01:56:07.101Z","run_bootstrap",146,"http://client3:8000","run","http://client3:8000/run",1,TRUE,200,1108,254,3.60845637321472,"2026-05-22T01:56:03.488170Z","2026-05-22T01:56:07.096626Z",1779414963.48817,1779414967.09663,0.000473,0.000557,0.00059,3.594992,3.595108,3.594402,0.000116000000000227,3.5881,0.0203563732147218
"2026-05-22T01:56:10.972Z","run_bootstrap",147,"http://client1:8000","run","http://client1:8000/run",1,TRUE,200,1110,260,3.85562252998352,"2026-05-22T01:56:07.111768Z","2026-05-22T01:56:10.967390Z",1779414967.11177,1779414970.96739,0.000707,0.000797,0.000831,3.84232,3.842441,3.841489,0.000121000000000038,3.835,0.0206225299835205
"2026-05-22T01:56:10.972Z","run_bootstrap",147,"http://client2:8000","run","http://client2:8000/run",1,TRUE,200,1110,260,3.63914489746094,"2026-05-22T01:56:07.113615Z","2026-05-22T01:56:10.752760Z",1779414967.11362,1779414970.75276,0.000573,0.000649,0.000672,3.617826,3.617981,3.617154,0.000154999999999905,3.6085,0.0306448974609377
"2026-05-22T01:56:10.972Z","run_bootstrap",147,"http://client3:8000","run","http://client3:8000/run",1,TRUE,200,1110,259,3.73070812225342,"2026-05-22T01:56:07.114080Z","2026-05-22T01:56:10.844789Z",1779414967.11408,1779414970.84479,0.000657,0.000712,0.000733,3.70988,3.710006,3.709147,0.000125999999999848,3.7012,0.0295081222534179
"2026-05-22T01:56:14.855Z","run_bootstrap",148,"http://client1:8000","run","http://client1:8000/run",1,TRUE,200,1110,261,3.57714605331421,"2026-05-22T01:56:10.984513Z","2026-05-22T01:56:14.561659Z",1779414970.98451,1779414974.56166,0.000496,0.000563,0.000597,3.560649,3.560766,3.560052,0.000116999999999923,3.5524,0.024746053314209
"2026-05-22T01:56:14.855Z","run_bootstrap",148,"http://client2:8000","run","http://client2:8000/run",1,TRUE,200,1110,260,3.62725567817688,"2026-05-22T01:56:10.985201Z","2026-05-22T01:56:14.612457Z",1779414970.9852,1779414974.61246,0.000567,0.000635,0.00067,3.611761,3.61191,3.611091,0.000148999999999955,3.6046,0.0226556781768799
"2026-05-22T01:56:14.855Z","run_bootstrap",148,"http://client3:8000","run","http://client3:8000/run",1,TRUE,200,1110,258,3.86599373817444,"2026-05-22T01:56:10.984490Z","2026-05-22T01:56:14.850484Z",1779414970.98449,1779414974.85048,0.000745,0.000863,0.000902,3.852233,3.852372,3.851331,0.000138999999999889,3.845,0.0209937381744383
"2026-05-22T01:56:18.633Z","run_bootstrap",149,"http://client1:8000","run","http://client1:8000/run",1,TRUE,200,1109,252,3.75907850265503,"2026-05-22T01:56:14.866966Z","2026-05-22T01:56:18.626044Z",1779414974.86697,1779414978.62604,0.000702,0.000815,0.000854,3.742785,3.742918,3.741931,0.000132999999999939,3.7343,0.0247785026550291
"2026-05-22T01:56:18.633Z","run_bootstrap",149,"http://client2:8000","run","http://client2:8000/run",1,TRUE,200,1109,255,3.58402872085571,"2026-05-22T01:56:14.866562Z","2026-05-22T01:56:18.450591Z",1779414974.86656,1779414978.45059,0.000669,0.000773,0.000808,3.569663,3.569776,3.568855,0.000113000000000252,3.5624,0.0216287208557131
"2026-05-22T01:56:18.633Z","run_bootstrap",149,"http://client3:8000","run","http://client3:8000/run",1,TRUE,200,1109,253,3.50129270553589,"2026-05-22T01:56:14.868274Z","2026-05-22T01:56:18.369567Z",1779414974.86827,1779414978.36957,0.000793,0.000888,0.00092,3.486361,3.486514,3.485441,0.00015300000000007,3.4756,0.0256927055358886
"2026-05-22T01:56:22.403Z","run_bootstrap",150,"http://client1:8000","run","http://client1:8000/run",1,TRUE,200,1109,252,3.60482239723206,"2026-05-22T01:56:18.652901Z","2026-05-22T01:56:22.257724Z",1779414978.6529,1779414982.25772,0.000931,0.000961,0.000975,3.578814,3.578847,3.577839,3.30000000001718e-05,3.5713,0.0335223972320557
"2026-05-22T01:56:22.403Z","run_bootstrap",150,"http://client2:8000","run","http://client2:8000/run",1,TRUE,200,1109,255,3.61722469329834,"2026-05-22T01:56:18.653446Z","2026-05-22T01:56:22.270671Z",1779414978.65345,1779414982.27067,0.000663,0.00074,0.000762,3.591754,3.591789,3.590992,3.50000000000072e-05,3.5848,0.0324246932983399
"2026-05-22T01:56:22.403Z","run_bootstrap",150,"http://client3:8000","run","http://client3:8000/run",1,TRUE,200,1109,253,3.74557662010193,"2026-05-22T01:56:18.653927Z","2026-05-22T01:56:22.399504Z",1779414978.65393,1779414982.3995,0.000767,0.000798,0.000811,3.721365,3.72139,3.720554,2.49999999999417e-05,3.7131,0.0324766201019289
"2026-05-22T01:56:26.181Z","run_bootstrap",151,"http://client1:8000","run","http://client1:8000/run",1,TRUE,200,1105,254,3.75769829750061,"2026-05-22T01:56:22.419071Z","2026-05-22T01:56:26.176770Z",1779414982.41907,1779414986.17677,0.000652,0.000756,0.000791,3.744269,3.744377,3.743478,0.000107999999999997,3.7365,0.0211982975006104
"2026-05-22T01:56:26.181Z","run_bootstrap",151,"http://client2:8000","run","http://client2:8000/run",1,TRUE,200,1105,255,3.73765826225281,"2026-05-22T01:56:22.420865Z","2026-05-22T01:56:26.158524Z",1779414982.42087,1779414986.15852,0.000668,0.000753,0.000776,3.724623,3.724764,3.723847,0.000141000000000169,3.717,0.0206582622528075
"2026-05-22T01:56:26.181Z","run_bootstrap",151,"http://client3:8000","run","http://client3:8000/run",1,TRUE,200,1105,253,3.63025641441345,"2026-05-22T01:56:22.421185Z","2026-05-22T01:56:26.051441Z",1779414982.42119,1779414986.05144,0.000514,0.000592,0.000623,3.611391,3.611512,3.610768,0.000121000000000038,3.6044,0.0258564144134521
"2026-05-22T01:56:30.171Z","run_bootstrap",152,"http://client1:8000","run","http://client1:8000/run",1,TRUE,200,1105,253,3.76257061958313,"2026-05-22T01:56:26.193634Z","2026-05-22T01:56:29.956204Z",1779414986.19363,1779414989.9562,0.000416,0.000507,0.000542,3.74409,3.7442,3.743548,0.000110000000000277,3.736,0.0265706195831297
"2026-05-22T01:56:30.171Z","run_bootstrap",152,"http://client2:8000","run","http://client2:8000/run",1,TRUE,200,1105,256,3.83150815963745,"2026-05-22T01:56:26.194277Z","2026-05-22T01:56:30.025785Z",1779414986.19428,1779414990.02579,0.000632,0.000741,0.00078,3.817056,3.817162,3.816276,0.000106000000000162,3.8066,0.0249081596374512
"2026-05-22T01:56:30.171Z","run_bootstrap",152,"http://client3:8000","run","http://client3:8000/run",1,TRUE,200,1105,253,3.97217345237732,"2026-05-22T01:56:26.194851Z","2026-05-22T01:56:30.167024Z",1779414986.19485,1779414990.16702,0.000568,0.000688,0.000728,3.955355,3.955486,3.954627,0.000131000000000103,3.9482,0.0239734523773194
"2026-05-22T01:56:34.307Z","run_bootstrap",153,"http://client1:8000","run","http://client1:8000/run",1,TRUE,200,1109,255,4.11629796028137,"2026-05-22T01:56:30.183280Z","2026-05-22T01:56:34.299578Z",1779414990.18328,1779414994.29958,0.000631,0.000743,0.000786,4.098312,4.098443,4.097526,0.000130999999999659,4.091,0.0252979602813719
"2026-05-22T01:56:34.307Z","run_bootstrap",153,"http://client2:8000","run","http://client2:8000/run",1,TRUE,200,1109,253,3.87712979316711,"2026-05-22T01:56:30.183840Z","2026-05-22T01:56:34.060970Z",1779414990.18384,1779414994.06097,0.000597,0.000718,0.000761,3.85773,3.857865,3.856969,0.000134999999999774,3.8495,0.0276297931671143
"2026-05-22T01:56:34.307Z","run_bootstrap",153,"http://client3:8000","run","http://client3:8000/run",1,TRUE,200,1109,249,3.84716367721558,"2026-05-22T01:56:30.183088Z","2026-05-22T01:56:34.030252Z",1779414990.18309,1779414994.03025,0.000618,0.000727,0.000778,3.832969,3.833105,3.832191,0.000136000000000358,3.8258,0.0213636772155761
"2026-05-22T01:56:38.474Z","run_bootstrap",154,"http://client1:8000","run","http://client1:8000/run",1,TRUE,200,1109,256,3.85726547241211,"2026-05-22T01:56:34.322138Z","2026-05-22T01:56:38.179403Z",1779414994.32214,1779414998.1794,0.000531,0.000605,0.000632,3.843861,3.844062,3.843229,0.000201000000000118,3.8367,0.0205654724121094
"2026-05-22T01:56:38.474Z","run_bootstrap",154,"http://client2:8000","run","http://client2:8000/run",1,TRUE,200,1109,253,4.13849997520447,"2026-05-22T01:56:34.322869Z","2026-05-22T01:56:38.461369Z",1779414994.32287,1779414998.46137,0.000584,0.000644,0.00068,4.125323,4.125498,4.124643,0.00017500000000048,4.1041,0.0343999752044679
"2026-05-22T01:56:38.474Z","run_bootstrap",154,"http://client3:8000","run","http://client3:8000/run",1,TRUE,200,1109,249,4.14529061317444,"2026-05-22T01:56:34.324411Z","2026-05-22T01:56:38.469701Z",1779414994.32441,1779414998.4697,0.000633,0.000702,0.000724,4.125057,4.125187,4.124333,0.000130000000000408,4.1015,0.0437906131744388
"2026-05-22T01:56:42.468Z","run_bootstrap",155,"http://client1:8000","run","http://client1:8000/run",1,TRUE,200,1108,258,3.90911793708801,"2026-05-22T01:56:38.486090Z","2026-05-22T01:56:42.395208Z",1779414998.48609,1779415002.39521,0.000695,0.000797,0.000836,3.892974,3.8931,3.892138,0.000125999999999848,3.8853,0.0238179370880127
"2026-05-22T01:56:42.468Z","run_bootstrap",155,"http://client2:8000","run","http://client2:8000/run",1,TRUE,200,1108,252,3.93688440322876,"2026-05-22T01:56:38.486404Z","2026-05-22T01:56:42.423289Z",1779414998.4864,1779415002.42329,0.000635,0.000743,0.000783,3.917527,3.917661,3.916744,0.000133999999999634,3.9096,0.0272844032287596
"2026-05-22T01:56:42.468Z","run_bootstrap",155,"http://client3:8000","run","http://client3:8000/run",1,TRUE,200,1108,247,3.97663187980652,"2026-05-22T01:56:38.486911Z","2026-05-22T01:56:42.463543Z",1779414998.48691,1779415002.46354,0.000502,0.000573,0.000608,3.957402,3.957541,3.956794,0.000138999999999889,3.95,0.0266318798065184
"2026-05-22T01:56:46.557Z","run_bootstrap",156,"http://client1:8000","run","http://client1:8000/run",1,TRUE,200,1108,258,3.71870732307434,"2026-05-22T01:56:42.486265Z","2026-05-22T01:56:46.204972Z",1779415002.48627,1779415006.20497,0.000685,0.000791,0.000825,3.706114,3.706148,3.705289,3.40000000003116e-05,3.6987,0.0200073230743407
"2026-05-22T01:56:46.557Z","run_bootstrap",156,"http://client2:8000","run","http://client2:8000/run",1,TRUE,200,1108,252,3.92498421669006,"2026-05-22T01:56:42.489642Z","2026-05-22T01:56:46.414626Z",1779415002.48964,1779415006.41463,0.000677,0.000757,0.000779,3.912413,3.912445,3.911634,3.2000000000032e-05,3.9043,0.0206842166900634
"2026-05-22T01:56:46.557Z","run_bootstrap",156,"http://client3:8000","run","http://client3:8000/run",1,TRUE,200,1108,249,4.06120896339417,"2026-05-22T01:56:42.489687Z","2026-05-22T01:56:46.550896Z",1779415002.48969,1779415006.5509,0.000703,0.000787,0.000821,4.048752,4.048787,4.047931,3.49999999995632e-05,4.0417,0.0195089633941654
"2026-05-22T01:56:50.419Z","run_bootstrap",157,"http://client1:8000","run","http://client1:8000/run",1,TRUE,200,1109,257,2.97433805465698,"2026-05-22T01:56:46.572833Z","2026-05-22T01:56:49.547171Z",1779415006.57283,1779415009.54717,0.000719,0.000801,0.000824,2.960807,2.960861,2.959983,5.39999999999985e-05,2.9488,0.0255380546569826
"2026-05-22T01:56:50.419Z","run_bootstrap",157,"http://client2:8000","run","http://client2:8000/run",1,TRUE,200,1109,253,3.83875179290771,"2026-05-22T01:56:46.573390Z","2026-05-22T01:56:50.412142Z",1779415006.57339,1779415010.41214,0.000486,0.000562,0.000597,3.82275,3.822901,3.822153,0.00015099999999979,3.8152,0.0235517929077149
"2026-05-22T01:56:50.419Z","run_bootstrap",157,"http://client3:8000","run","http://client3:8000/run",1,TRUE,200,1109,252,3.74504494667053,"2026-05-22T01:56:46.572571Z","2026-05-22T01:56:50.317616Z",1779415006.57257,1779415010.31762,0.000802,0.00089,0.000929,3.731036,3.731231,3.730107,0.000195000000000167,3.7236,0.0214449466705324
"2026-05-22T01:56:54.140Z","run_bootstrap",158,"http://client1:8000","run","http://client1:8000/run",1,TRUE,200,1109,257,3.44263315200806,"2026-05-22T01:56:50.431738Z","2026-05-22T01:56:53.874371Z",1779415010.43174,1779415013.87437,0.000656,0.000764,0.000804,3.427572,3.427694,3.426768,0.000121999999999733,3.4163,0.0263331520080565
"2026-05-22T01:56:54.140Z","run_bootstrap",158,"http://client2:8000","run","http://client2:8000/run",1,TRUE,200,1109,253,3.55269002914429,"2026-05-22T01:56:50.432416Z","2026-05-22T01:56:53.985106Z",1779415010.43242,1779415013.98511,0.00065,0.000764,0.000801,3.538319,3.538453,3.537518,0.000134000000000079,3.5313,0.0213900291442872
"2026-05-22T01:56:54.140Z","run_bootstrap",158,"http://client3:8000","run","http://client3:8000/run",1,TRUE,200,1109,252,3.70299315452576,"2026-05-22T01:56:50.432812Z","2026-05-22T01:56:54.135805Z",1779415010.43281,1779415014.13581,0.000489,0.000604,0.000642,3.689572,3.689728,3.68893,0.000156000000000045,3.6827,0.0202931545257568
"2026-05-22T01:56:57.869Z","run_bootstrap",159,"http://client1:8000","run","http://client1:8000/run",1,TRUE,200,1109,254,3.5217752456665,"2026-05-22T01:56:54.152370Z","2026-05-22T01:56:57.674145Z",1779415014.15237,1779415017.67415,0.000637,0.000772,0.000816,3.503274,3.50341,3.502458,0.000135999999999914,3.4958,0.0259752456665039
"2026-05-22T01:56:57.869Z","run_bootstrap",159,"http://client2:8000","run","http://client2:8000/run",1,TRUE,200,1109,253,3.71189951896667,"2026-05-22T01:56:54.153203Z","2026-05-22T01:56:57.865102Z",1779415014.1532,1779415017.8651,0.000674,0.000756,0.000791,3.690774,3.690916,3.689983,0.000141999999999864,3.6839,0.0279995189666749
"2026-05-22T01:56:57.869Z","run_bootstrap",159,"http://client3:8000","run","http://client3:8000/run",1,TRUE,200,1109,254,3.5580587387085,"2026-05-22T01:56:54.153848Z","2026-05-22T01:56:57.711907Z",1779415014.15385,1779415017.71191,0.000602,0.000689,0.000727,3.538144,3.538463,3.537417,0.00031900000000018,3.5313,0.0267587387084962
"2026-05-22T01:57:01.720Z","run_bootstrap",160,"http://client1:8000","run","http://client1:8000/run",1,TRUE,200,1109,252,3.83310198783875,"2026-05-22T01:56:57.882546Z","2026-05-22T01:57:01.715648Z",1779415017.88255,1779415021.71565,0.000723,0.000825,0.000863,3.817542,3.81758,3.816679,3.79999999999825e-05,3.66,0.173101987838745
"2026-05-22T01:57:01.720Z","run_bootstrap",160,"http://client2:8000","run","http://client2:8000/run",1,TRUE,200,1109,253,3.70156240463257,"2026-05-22T01:56:57.883223Z","2026-05-22T01:57:01.584785Z",1779415017.88322,1779415021.58479,0.000592,0.000671,0.000706,3.681471,3.68152,3.680765,4.89999999997437e-05,3.5274,0.174162404632568
"2026-05-22T01:57:01.720Z","run_bootstrap",160,"http://client3:8000","run","http://client3:8000/run",1,TRUE,200,1109,254,3.60206317901611,"2026-05-22T01:56:57.883745Z","2026-05-22T01:57:01.485808Z",1779415017.88375,1779415021.48581,0.000545,0.000658,0.000704,3.587748,3.587785,3.587044,3.69999999998427e-05,3.4419,0.160163179016113
"2026-05-22T01:57:05.216Z","run_bootstrap",161,"http://client1:8000","run","http://client1:8000/run",1,TRUE,200,1109,254,3.48027563095093,"2026-05-22T01:57:01.731605Z","2026-05-22T01:57:05.211881Z",1779415021.73161,1779415025.21188,0.000767,0.000849,0.000894,3.460741,3.460775,3.459847,3.39999999998675e-05,3.4539,0.0263756309509278
"2026-05-22T01:57:05.216Z","run_bootstrap",161,"http://client2:8000","run","http://client2:8000/run",1,TRUE,200,1109,255,3.34546041488647,"2026-05-22T01:57:01.732785Z","2026-05-22T01:57:05.078245Z",1779415021.73279,1779415025.07825,0.000657,0.000741,0.000778,3.327293,3.32733,3.326515,3.69999999998427e-05,3.3185,0.0269604148864748
"2026-05-22T01:57:05.216Z","run_bootstrap",161,"http://client3:8000","run","http://client3:8000/run",1,TRUE,200,1109,252,3.47812294960022,"2026-05-22T01:57:01.733837Z","2026-05-22T01:57:05.211960Z",1779415021.73384,1779415025.21196,0.000482,0.000563,0.000595,3.456632,3.45666,3.456037,2.7999999999917e-05,3.4504,0.0277229496002196
"2026-05-22T01:57:08.941Z","run_bootstrap",162,"http://client1:8000","run","http://client1:8000/run",1,TRUE,200,1109,254,3.30979943275452,"2026-05-22T01:57:05.231775Z","2026-05-22T01:57:08.541574Z",1779415025.23178,1779415028.54157,0.000337,0.000432,0.000473,3.294382,3.294528,3.293909,0.000145999999999979,3.2874,0.0223994327545167
"2026-05-22T01:57:08.941Z","run_bootstrap",162,"http://client2:8000","run","http://client2:8000/run",1,TRUE,200,1109,255,3.70619010925293,"2026-05-22T01:57:05.231276Z","2026-05-22T01:57:08.937466Z",1779415025.23128,1779415028.93747,0.000715,0.000828,0.00087,3.69231,3.692448,3.69144,0.000138000000000194,3.6841,0.0220901092529298
"2026-05-22T01:57:08.941Z","run_bootstrap",162,"http://client3:8000","run","http://client3:8000/run",1,TRUE,200,1109,252,3.47175455093384,"2026-05-22T01:57:05.233010Z","2026-05-22T01:57:08.704764Z",1779415025.23301,1779415028.70476,0.000569,0.000644,0.000682,3.45732,3.457463,3.456638,0.000143000000000004,3.4497,0.0220545509338379
"2026-05-22T01:57:12.695Z","run_bootstrap",163,"http://client1:8000","run","http://client1:8000/run",1,TRUE,200,1107,255,3.73783755302429,"2026-05-22T01:57:08.953113Z","2026-05-22T01:57:12.690951Z",1779415028.95311,1779415032.69095,0.000726,0.000833,0.000868,3.724053,3.724186,3.723185,0.000132999999999939,3.7161,0.021737553024292
"2026-05-22T01:57:12.695Z","run_bootstrap",163,"http://client2:8000","run","http://client2:8000/run",1,TRUE,200,1107,254,3.44780254364014,"2026-05-22T01:57:08.954977Z","2026-05-22T01:57:12.402780Z",1779415028.95498,1779415032.40278,0.000462,0.000533,0.000556,3.434672,3.4348,3.434116,0.000128000000000128,3.4279,0.0199025436401365
"2026-05-22T01:57:12.695Z","run_bootstrap",163,"http://client3:8000","run","http://client3:8000/run",1,TRUE,200,1107,251,3.48492956161499,"2026-05-22T01:57:08.955110Z","2026-05-22T01:57:12.440039Z",1779415028.95511,1779415032.44004,0.000604,0.00072,0.000753,3.471385,3.471503,3.470632,0.000117999999999618,3.4643,0.0206295616149901
"2026-05-22T01:57:16.516Z","run_bootstrap",164,"http://client1:8000","run","http://client1:8000/run",1,TRUE,200,1107,255,3.80395936965942,"2026-05-22T01:57:12.708164Z","2026-05-22T01:57:16.512124Z",1779415032.70816,1779415036.51212,0.000581,0.00066,0.000686,3.787676,3.787816,3.78699,0.000140000000000029,3.7706,0.0333593696594239
"2026-05-22T01:57:16.516Z","run_bootstrap",164,"http://client2:8000","run","http://client2:8000/run",1,TRUE,200,1107,254,3.46848249435425,"2026-05-22T01:57:12.708834Z","2026-05-22T01:57:16.177316Z",1779415032.70883,1779415036.17732,0.000445,0.000521,0.000555,3.448229,3.448378,3.447674,0.000148999999999955,3.4402,0.0282824943542481
"2026-05-22T01:57:16.516Z","run_bootstrap",164,"http://client3:8000","run","http://client3:8000/run",1,TRUE,200,1107,251,3.55872845649719,"2026-05-22T01:57:12.709499Z","2026-05-22T01:57:16.268228Z",1779415032.7095,1779415036.26823,0.000589,0.000658,0.000683,3.544597,3.54473,3.543914,0.000132999999999939,3.5374,0.0213284564971925
"2026-05-22T01:57:20.260Z","run_bootstrap",165,"http://client1:8000","run","http://client1:8000/run",1,TRUE,200,1108,253,3.61694717407227,"2026-05-22T01:57:16.528640Z","2026-05-22T01:57:20.145587Z",1779415036.52864,1779415040.14559,0.000601,0.000675,0.000708,3.594543,3.594692,3.593835,0.000149000000000399,3.5876,0.0293471740722655
"2026-05-22T01:57:20.260Z","run_bootstrap",165,"http://client2:8000","run","http://client2:8000/run",1,TRUE,200,1108,254,3.7257034778595,"2026-05-22T01:57:16.529244Z","2026-05-22T01:57:20.254947Z",1779415036.52924,1779415040.25495,0.000728,0.000815,0.000839,3.706835,3.706948,3.705996,0.000113000000000252,3.6995,0.0262034778594971
"2026-05-22T01:57:20.260Z","run_bootstrap",165,"http://client3:8000","run","http://client3:8000/run",1,TRUE,200,1108,252,3.56447410583496,"2026-05-22T01:57:16.529960Z","2026-05-22T01:57:20.094434Z",1779415036.52996,1779415040.09443,0.000571,0.00066,0.000696,3.543007,3.543157,3.542311,0.000150000000000095,3.5359,0.0285741058349611
"2026-05-22T01:57:24.080Z","run_bootstrap",166,"http://client1:8000","run","http://client1:8000/run",1,TRUE,200,1108,253,3.55096817016602,"2026-05-22T01:57:20.273305Z","2026-05-22T01:57:23.824273Z",1779415040.27331,1779415043.82427,0.000506,0.000616,0.000651,3.531052,3.531225,3.530401,0.000173000000000201,3.5238,0.0271681701660156
"2026-05-22T01:57:24.080Z","run_bootstrap",166,"http://client2:8000","run","http://client2:8000/run",1,TRUE,200,1108,254,3.80164217948914,"2026-05-22T01:57:20.273946Z","2026-05-22T01:57:24.075588Z",1779415040.27395,1779415044.07559,0.000465,0.000725,0.000771,3.78225,3.782373,3.781479,0.000123000000000317,3.7745,0.0271421794891356
"2026-05-22T01:57:24.080Z","run_bootstrap",166,"http://client3:8000","run","http://client3:8000/run",1,TRUE,200,1108,252,3.57933664321899,"2026-05-22T01:57:20.274402Z","2026-05-22T01:57:23.853739Z",1779415040.2744,1779415043.85374,0.000659,0.000766,0.000805,3.561904,3.562024,3.561099,0.000119999999999898,3.5546,0.0247366432189939
"2026-05-22T01:57:27.938Z","run_bootstrap",167,"http://client1:8000","run","http://client1:8000/run",1,TRUE,200,1109,250,3.84167766571045,"2026-05-22T01:57:24.092455Z","2026-05-22T01:57:27.934133Z",1779415044.09246,1779415047.93413,0.00068,0.000766,0.000788,3.824226,3.82425,3.823438,2.4000000000246e-05,3.8163,0.0253776657104492
"2026-05-22T01:57:27.938Z","run_bootstrap",167,"http://client2:8000","run","http://client2:8000/run",1,TRUE,200,1109,251,3.36485457420349,"2026-05-22T01:57:24.094703Z","2026-05-22T01:57:27.459558Z",1779415044.0947,1779415047.45956,0.000664,0.000864,9e-04,3.347511,3.347546,3.346611,3.50000000000072e-05,3.3389,0.025954574203491
"2026-05-22T01:57:27.938Z","run_bootstrap",167,"http://client3:8000","run","http://client3:8000/run",1,TRUE,200,1109,253,3.65156435966492,"2026-05-22T01:57:24.094973Z","2026-05-22T01:57:27.746537Z",1779415044.09497,1779415047.74654,0.000448,0.000511,0.000642,3.635256,3.635281,3.634614,2.49999999999417e-05,3.6285,0.0230643596649172
"2026-05-22T01:57:31.654Z","run_bootstrap",168,"http://client1:8000","run","http://client1:8000/run",1,TRUE,200,1109,250,3.69385671615601,"2026-05-22T01:57:27.953636Z","2026-05-22T01:57:31.647493Z",1779415047.95364,1779415051.64749,0.000574,0.000663,0.000697,3.678014,3.678139,3.677317,0.000124999999999709,3.6706,0.023256716156006
"2026-05-22T01:57:31.654Z","run_bootstrap",168,"http://client2:8000","run","http://client2:8000/run",1,TRUE,200,1109,251,3.65177130699158,"2026-05-22T01:57:27.953320Z","2026-05-22T01:57:31.605091Z",1779415047.95332,1779415051.60509,0.000628,0.000742,0.000779,3.637407,3.63753,3.636628,0.000122999999999873,3.6293,0.022471306991577
"2026-05-22T01:57:31.654Z","run_bootstrap",168,"http://client3:8000","run","http://client3:8000/run",1,TRUE,200,1109,253,3.63297510147095,"2026-05-22T01:57:27.954981Z","2026-05-22T01:57:31.587956Z",1779415047.95498,1779415051.58796,0.000593,0.000689,0.000724,3.618627,3.618776,3.617903,0.000148999999999955,3.6117,0.0212751014709474
"2026-05-22T01:57:35.344Z","run_bootstrap",169,"http://client1:8000","run","http://client1:8000/run",1,TRUE,200,1109,251,3.67284321784973,"2026-05-22T01:57:31.666860Z","2026-05-22T01:57:35.339704Z",1779415051.66686,1779415055.3397,0.000656,0.000763,0.000798,3.658332,3.658505,3.657534,0.000172999999999757,3.6496,0.0232432178497315
"2026-05-22T01:57:35.344Z","run_bootstrap",169,"http://client2:8000","run","http://client2:8000/run",1,TRUE,200,1109,252,3.64729499816895,"2026-05-22T01:57:31.667189Z","2026-05-22T01:57:35.314484Z",1779415051.66719,1779415055.31448,0.000489,0.000599,0.00064,3.62755,3.627648,3.62691,9.80000000003756e-05,3.6192,0.0280949981689451
"2026-05-22T01:57:35.344Z","run_bootstrap",169,"http://client3:8000","run","http://client3:8000/run",1,TRUE,200,1109,254,3.64473748207092,"2026-05-22T01:57:31.667719Z","2026-05-22T01:57:35.312456Z",1779415051.66772,1779415055.31246,0.000579,0.000693,0.00073,3.630018,3.630193,3.629288,0.000174999999999592,3.6215,0.0232374820709227
"2026-05-22T01:57:39.191Z","run_bootstrap",170,"http://client1:8000","run","http://client1:8000/run",1,TRUE,200,1109,251,3.5460364818573,"2026-05-22T01:57:35.358039Z","2026-05-22T01:57:38.904076Z",1779415055.35804,1779415058.90408,0.000497,0.000552,0.000574,3.531997,3.532134,3.531423,0.000137000000000054,3.5235,0.0225364818573
"2026-05-22T01:57:39.191Z","run_bootstrap",170,"http://client2:8000","run","http://client2:8000/run",1,TRUE,200,1109,251,3.82243132591248,"2026-05-22T01:57:35.358932Z","2026-05-22T01:57:39.181363Z",1779415055.35893,1779415059.18136,0.000645,0.000699,0.000718,3.80995,3.810066,3.809232,0.000115999999999783,3.803,0.0194313259124756
"2026-05-22T01:57:39.191Z","run_bootstrap",170,"http://client3:8000","run","http://client3:8000/run",1,TRUE,200,1109,254,3.82846021652222,"2026-05-22T01:57:35.358073Z","2026-05-22T01:57:39.186533Z",1779415055.35807,1779415059.18653,0.00046,0.000537,0.00056,3.815017,3.815125,3.814457,0.000107999999999997,3.8069,0.0215602165222166
"2026-05-22T01:57:43.049Z","run_bootstrap",171,"http://client1:8000","run","http://client1:8000/run",1,TRUE,200,1108,250,3.84193396568298,"2026-05-22T01:57:39.202766Z","2026-05-22T01:57:43.044700Z",1779415059.20277,1779415063.0447,0.000618,0.000682,0.000705,3.827959,3.82808,3.827254,0.000121000000000038,3.82,0.0219339656829836
"2026-05-22T01:57:43.049Z","run_bootstrap",171,"http://client2:8000","run","http://client2:8000/run",1,TRUE,200,1108,249,3.61058616638184,"2026-05-22T01:57:39.203444Z","2026-05-22T01:57:42.814030Z",1779415059.20344,1779415062.81403,0.000606,0.000683,0.000705,3.597307,3.597424,3.596602,0.000117000000000367,3.59,0.0205861663818361
"2026-05-22T01:57:43.049Z","run_bootstrap",171,"http://client3:8000","run","http://client3:8000/run",1,TRUE,200,1108,254,3.53076434135437,"2026-05-22T01:57:39.203678Z","2026-05-22T01:57:42.734442Z",1779415059.20368,1779415062.73444,0.000745,0.000832,0.000865,3.517321,3.517447,3.516456,0.000126000000000293,3.5094,0.0213643413543703
"2026-05-22T01:57:46.791Z","run_bootstrap",172,"http://client1:8000","run","http://client1:8000/run",1,TRUE,200,1108,252,3.72520399093628,"2026-05-22T01:57:43.061711Z","2026-05-22T01:57:46.786915Z",1779415063.06171,1779415066.78692,0.000775,0.000879,0.000914,3.700438,3.70047,3.699524,3.2000000000032e-05,3.6926,0.0326039909362792
"2026-05-22T01:57:46.791Z","run_bootstrap",172,"http://client2:8000","run","http://client2:8000/run",1,TRUE,200,1108,250,3.65901446342468,"2026-05-22T01:57:43.063742Z","2026-05-22T01:57:46.722756Z",1779415063.06374,1779415066.72276,0.000578,0.000678,0.000715,3.633414,3.633447,3.632699,3.29999999997277e-05,3.626,0.0330144634246827
"2026-05-22T01:57:46.791Z","run_bootstrap",172,"http://client3:8000","run","http://client3:8000/run",1,TRUE,200,1108,253,3.60595631599426,"2026-05-22T01:57:43.063774Z","2026-05-22T01:57:46.669730Z",1779415063.06377,1779415066.66973,0.000656,0.000763,0.000802,3.580451,3.580488,3.579649,3.69999999998427e-05,3.572,0.0339563159942626
"2026-05-22T01:57:50.659Z","run_bootstrap",173,"http://client1:8000","run","http://client1:8000/run",1,TRUE,200,1107,250,3.84482574462891,"2026-05-22T01:57:46.807755Z","2026-05-22T01:57:50.652581Z",1779415066.80776,1779415070.65258,0.000689,0.000791,0.000827,3.830845,3.830991,3.830018,0.000145999999999979,3.8233,0.0215257446289061
"2026-05-22T01:57:50.659Z","run_bootstrap",173,"http://client2:8000","run","http://client2:8000/run",1,TRUE,200,1107,252,3.54524755477905,"2026-05-22T01:57:46.809576Z","2026-05-22T01:57:50.354824Z",1779415066.80958,1779415070.35482,0.000592,0.000708,0.000743,3.525233,3.525336,3.52449,0.000102999999999742,3.5179,0.0273475547790527
"2026-05-22T01:57:50.659Z","run_bootstrap",173,"http://client3:8000","run","http://client3:8000/run",1,TRUE,200,1107,253,3.74896693229675,"2026-05-22T01:57:46.810071Z","2026-05-22T01:57:50.559038Z",1779415066.81007,1779415070.55904,0.000757,0.000868,0.000906,3.73626,3.736395,3.735354,0.000134999999999774,3.7288,0.0201669322967528
"2026-05-22T01:57:54.514Z","run_bootstrap",174,"http://client1:8000","run","http://client1:8000/run",1,TRUE,200,1107,250,3.62213134765625,"2026-05-22T01:57:50.673132Z","2026-05-22T01:57:54.295263Z",1779415070.67313,1779415074.29526,0.000523,0.000645,0.000683,3.601288,3.601424,3.600605,0.000136000000000358,3.5917,0.0304313476562501
"2026-05-22T01:57:54.514Z","run_bootstrap",174,"http://client2:8000","run","http://client2:8000/run",1,TRUE,200,1107,252,3.41561627388,"2026-05-22T01:57:50.673555Z","2026-05-22T01:57:54.089171Z",1779415070.67356,1779415074.08917,0.000556,0.000642,0.000676,3.394197,3.394348,3.393521,0.00015099999999979,3.3856,0.0300162738800047
"2026-05-22T01:57:54.514Z","run_bootstrap",174,"http://client3:8000","run","http://client3:8000/run",1,TRUE,200,1107,253,3.8338348865509,"2026-05-22T01:57:50.673828Z","2026-05-22T01:57:54.507663Z",1779415070.67383,1779415074.50766,0.000675,0.000784,0.000818,3.820151,3.8203,3.819333,0.000148999999999955,3.8112,0.0226348865509034
"2026-05-22T01:57:58.221Z","run_bootstrap",175,"http://client1:8000","run","http://client1:8000/run",1,TRUE,200,1108,251,3.42751097679138,"2026-05-22T01:57:54.526764Z","2026-05-22T01:57:57.954275Z",1779415074.52676,1779415077.95428,0.000645,0.000763,0.000799,3.405911,3.406024,3.405112,0.000112999999999808,3.3943,0.033210976791382
"2026-05-22T01:57:58.221Z","run_bootstrap",175,"http://client2:8000","run","http://client2:8000/run",1,TRUE,200,1108,251,3.68077754974365,"2026-05-22T01:57:54.527345Z","2026-05-22T01:57:58.208122Z",1779415074.52735,1779415078.20812,0.000652,0.000764,0.000799,3.661049,3.661187,3.66025,0.000137999999999749,3.6538,0.0269775497436524
"2026-05-22T01:57:58.221Z","run_bootstrap",175,"http://client3:8000","run","http://client3:8000/run",1,TRUE,200,1108,253,3.68576002120972,"2026-05-22T01:57:54.527811Z","2026-05-22T01:57:58.213571Z",1779415074.52781,1779415078.21357,0.00066,0.000766,0.000799,3.67213,3.672276,3.671331,0.000145999999999979,3.6651,0.020660021209717
"2026-05-22T01:58:02.150Z","run_bootstrap",176,"http://client1:8000","run","http://client1:8000/run",1,TRUE,200,1108,251,3.54560589790344,"2026-05-22T01:57:58.233539Z","2026-05-22T01:58:01.779145Z",1779415078.23354,1779415081.77915,0.000677,0.000778,0.000814,3.530888,3.530989,3.530074,0.000100999999999907,3.5058,0.0398058979034426
"2026-05-22T01:58:02.150Z","run_bootstrap",176,"http://client2:8000","run","http://client2:8000/run",1,TRUE,200,1108,251,3.7675838470459,"2026-05-22T01:57:58.235656Z","2026-05-22T01:58:02.003240Z",1779415078.23566,1779415082.00324,0.00062,0.00073,0.000765,3.746724,3.746847,3.745959,0.000122999999999873,3.7393,0.0282838470458984
"2026-05-22T01:58:02.150Z","run_bootstrap",176,"http://client3:8000","run","http://client3:8000/run",1,TRUE,200,1108,253,3.90598607063293,"2026-05-22T01:57:58.235881Z","2026-05-22T01:58:02.141867Z",1779415078.23588,1779415082.14187,0.000523,0.000627,0.000664,3.889764,3.889893,3.8891,0.000128999999999824,3.8706,0.0353860706329345
"2026-05-22T01:58:06.096Z","run_bootstrap",177,"http://client1:8000","run","http://client1:8000/run",1,TRUE,200,1108,251,3.48408436775208,"2026-05-22T01:58:02.166163Z","2026-05-22T01:58:05.650247Z",1779415082.16616,1779415085.65025,0.000576,0.000706,0.000744,3.463247,3.463405,3.462503,0.00015799999999988,3.4509,0.0331843677520753
"2026-05-22T01:58:06.096Z","run_bootstrap",177,"http://client2:8000","run","http://client2:8000/run",1,TRUE,200,1108,254,3.92488813400269,"2026-05-22T01:58:02.166812Z","2026-05-22T01:58:06.091700Z",1779415082.16681,1779415086.0917,0.000631,0.000728,0.00076,3.911603,3.911804,3.910843,0.000201000000000118,3.9036,0.0212881340026856
"2026-05-22T01:58:06.096Z","run_bootstrap",177,"http://client3:8000","run","http://client3:8000/run",1,TRUE,200,1108,251,3.69338846206665,"2026-05-22T01:58:02.166273Z","2026-05-22T01:58:05.859662Z",1779415082.16627,1779415085.85966,0.000566,0.000648,0.000671,3.679612,3.679747,3.678941,0.000134999999999774,3.6719,0.0214884620666504
"2026-05-22T01:58:10.099Z","run_bootstrap",178,"http://client1:8000","run","http://client1:8000/run",1,TRUE,200,1108,251,3.82473516464233,"2026-05-22T01:58:06.109529Z","2026-05-22T01:58:09.934264Z",1779415086.10953,1779415089.93426,0.000522,0.00061,0.000643,3.804832,3.804879,3.804189,4.69999999999082e-05,3.7972,0.0275351646423339
"2026-05-22T01:58:10.099Z","run_bootstrap",178,"http://client2:8000","run","http://client2:8000/run",1,TRUE,200,1108,254,3.98451566696167,"2026-05-22T01:58:06.110156Z","2026-05-22T01:58:10.094672Z",1779415086.11016,1779415090.09467,0.000583,0.000669,0.000705,3.959548,3.959689,3.958843,0.000141000000000169,3.9519,0.0326156669616697
"2026-05-22T01:58:10.099Z","run_bootstrap",178,"http://client3:8000","run","http://client3:8000/run",1,TRUE,200,1108,251,3.7271134853363,"2026-05-22T01:58:06.109618Z","2026-05-22T01:58:09.836731Z",1779415086.10962,1779415089.83673,0.000673,0.000776,0.00081,3.708406,3.708441,3.707596,3.50000000000072e-05,3.6998,0.0273134853363035
"2026-05-22T01:58:14.136Z","run_bootstrap",179,"http://client1:8000","run","http://client1:8000/run",1,TRUE,200,1109,251,4.0155565738678,"2026-05-22T01:58:10.113732Z","2026-05-22T01:58:14.129289Z",1779415090.11373,1779415094.12929,0.000525,0.00063,0.000665,4.000045,4.000165,3.99938,0.000119999999999898,3.9922,0.0233565738677979
"2026-05-22T01:58:14.136Z","run_bootstrap",179,"http://client2:8000","run","http://client2:8000/run",1,TRUE,200,1109,254,3.9869978427887,"2026-05-22T01:58:10.114403Z","2026-05-22T01:58:14.101401Z",1779415090.1144,1779415094.1014,0.000559,0.000641,0.000673,3.972778,3.972929,3.972105,0.000151000000000234,3.9652,0.0217978427886965
"2026-05-22T01:58:14.136Z","run_bootstrap",179,"http://client3:8000","run","http://client3:8000/run",1,TRUE,200,1109,253,3.70964336395264,"2026-05-22T01:58:10.113731Z","2026-05-22T01:58:13.823375Z",1779415090.11373,1779415093.82338,0.000803,0.00093,0.000955,3.695842,3.695988,3.694887,0.000145999999999979,3.6876,0.0220433639526365
"2026-05-22T01:58:18.146Z","run_bootstrap",180,"http://client1:8000","run","http://client1:8000/run",1,TRUE,200,1109,251,3.95675873756409,"2026-05-22T01:58:14.149724Z","2026-05-22T01:58:18.106483Z",1779415094.14972,1779415098.10648,0.00059,0.000696,0.000732,3.942571,3.94268,3.941839,0.000109000000000137,3.7829,0.173858737564087
"2026-05-22T01:58:18.146Z","run_bootstrap",180,"http://client2:8000","run","http://client2:8000/run",1,TRUE,200,1109,254,3.99137020111084,"2026-05-22T01:58:14.149928Z","2026-05-22T01:58:18.141298Z",1779415094.14993,1779415098.1413,0.000506,0.000593,0.000625,3.976626,3.976768,3.976001,0.000141999999999864,3.8067,0.18467020111084
"2026-05-22T01:58:18.146Z","run_bootstrap",180,"http://client3:8000","run","http://client3:8000/run",1,TRUE,200,1109,253,3.96311473846436,"2026-05-22T01:58:14.150406Z","2026-05-22T01:58:18.113520Z",1779415094.15041,1779415098.11352,0.000496,0.000571,0.000602,3.943216,3.943353,3.942614,0.000137000000000054,3.7839,0.179214738464355
"2026-05-22T01:58:21.875Z","run_bootstrap",181,"http://client1:8000","run","http://client1:8000/run",1,TRUE,200,1107,250,3.67307114601135,"2026-05-22T01:58:18.157646Z","2026-05-22T01:58:21.830717Z",1779415098.15765,1779415101.83072,0.000546,0.000607,0.000638,3.655066,3.655204,3.654428,0.000137999999999749,3.6487,0.0243711460113527
"2026-05-22T01:58:21.875Z","run_bootstrap",181,"http://client2:8000","run","http://client2:8000/run",1,TRUE,200,1107,251,3.44098281860352,"2026-05-22T01:58:18.158205Z","2026-05-22T01:58:21.599188Z",1779415098.15821,1779415101.59919,0.000563,0.000624,0.000643,3.42217,3.422298,3.421527,0.000128000000000128,3.4156,0.0253828186035157
"2026-05-22T01:58:21.875Z","run_bootstrap",181,"http://client3:8000","run","http://client3:8000/run",1,TRUE,200,1107,250,3.71236801147461,"2026-05-22T01:58:18.158786Z","2026-05-22T01:58:21.871154Z",1779415098.15879,1779415101.87115,0.000629,0.00072,0.000746,3.696216,3.696351,3.69547,0.000134999999999774,3.69,0.0223680114746094
"2026-05-22T01:58:25.599Z","run_bootstrap",182,"http://client1:8000","run","http://client1:8000/run",1,TRUE,200,1107,250,3.70554566383362,"2026-05-22T01:58:21.888881Z","2026-05-22T01:58:25.594427Z",1779415101.88888,1779415105.59443,0.000658,0.000781,0.000817,3.69135,3.691474,3.690533,0.000124000000000013,3.6842,0.021345663833618
"2026-05-22T01:58:25.599Z","run_bootstrap",182,"http://client2:8000","run","http://client2:8000/run",1,TRUE,200,1107,251,3.44602584838867,"2026-05-22T01:58:21.890977Z","2026-05-22T01:58:25.337003Z",1779415101.89098,1779415105.337,0.000603,0.000713,0.000751,3.423531,3.423671,3.42278,0.000140000000000029,3.4158,0.0302258483886719
"2026-05-22T01:58:25.599Z","run_bootstrap",182,"http://client3:8000","run","http://client3:8000/run",1,TRUE,200,1107,252,3.5417013168335,"2026-05-22T01:58:21.891475Z","2026-05-22T01:58:25.433176Z",1779415101.89148,1779415105.43318,0.000687,0.000798,0.000837,3.524902,3.525033,3.524065,0.000131000000000103,3.5181,0.0236013168334961
"2026-05-22T01:58:29.328Z","run_bootstrap",183,"http://client1:8000","run","http://client1:8000/run",1,TRUE,200,1107,252,3.70684146881104,"2026-05-22T01:58:25.611790Z","2026-05-22T01:58:29.318631Z",1779415105.61179,1779415109.31863,0.000743,0.000856,0.000886,3.684767,3.684816,3.683881,4.90000000001878e-05,3.6772,0.0296414688110351
"2026-05-22T01:58:29.328Z","run_bootstrap",183,"http://client2:8000","run","http://client2:8000/run",1,TRUE,200,1107,253,3.44831228256226,"2026-05-22T01:58:25.612489Z","2026-05-22T01:58:29.060801Z",1779415105.61249,1779415109.0608,0.000853,0.000906,0.000925,3.426378,3.426424,3.425453,4.59999999997684e-05,3.4189,0.029412282562256
"2026-05-22T01:58:29.328Z","run_bootstrap",183,"http://client3:8000","run","http://client3:8000/run",1,TRUE,200,1107,252,3.56056070327759,"2026-05-22T01:58:25.613021Z","2026-05-22T01:58:29.173581Z",1779415105.61302,1779415109.17358,0.000768,0.000845,0.000869,3.539173,3.539216,3.538304,4.30000000002373e-05,3.532,0.0285607032775879
"2026-05-22T01:58:33.045Z","run_bootstrap",184,"http://client1:8000","run","http://client1:8000/run",1,TRUE,200,1107,252,3.51884198188782,"2026-05-22T01:58:29.343516Z","2026-05-22T01:58:32.862358Z",1779415109.34352,1779415112.86236,0.000554,0.00065,0.000671,3.505889,3.506006,3.505218,0.000117000000000367,3.4988,0.0200419818878173
"2026-05-22T01:58:33.045Z","run_bootstrap",184,"http://client2:8000","run","http://client2:8000/run",1,TRUE,200,1107,253,3.68999075889587,"2026-05-22T01:58:29.343201Z","2026-05-22T01:58:33.033192Z",1779415109.3432,1779415113.03319,0.000607,0.000666,0.000685,3.676701,3.676828,3.676016,0.000126999999999988,3.6699,0.0200907588958739
"2026-05-22T01:58:33.045Z","run_bootstrap",184,"http://client3:8000","run","http://client3:8000/run",1,TRUE,200,1107,253,3.69560027122498,"2026-05-22T01:58:29.344825Z","2026-05-22T01:58:33.040426Z",1779415109.34483,1779415113.04043,0.000448,0.000529,0.000564,3.677883,3.677979,3.677319,9.6000000000096e-05,3.6705,0.0251002712249755
"2026-05-22T01:58:36.682Z","run_bootstrap",185,"http://client1:8000","run","http://client1:8000/run",1,TRUE,200,1108,253,3.58311057090759,"2026-05-22T01:58:33.056636Z","2026-05-22T01:58:36.639746Z",1779415113.05664,1779415116.63975,0.000529,0.000638,0.000672,3.568306,3.568397,3.567634,9.09999999998412e-05,3.5599,0.0232105709075929
"2026-05-22T01:58:36.682Z","run_bootstrap",185,"http://client2:8000","run","http://client2:8000/run",1,TRUE,200,1108,250,3.62127375602722,"2026-05-22T01:58:33.057224Z","2026-05-22T01:58:36.678498Z",1779415113.05722,1779415116.6785,0.000598,0.000712,0.000746,3.600446,3.600586,3.5997,0.000140000000000029,3.5931,0.0281737560272215
"2026-05-22T01:58:36.682Z","run_bootstrap",185,"http://client3:8000","run","http://client3:8000/run",1,TRUE,200,1108,254,3.35096120834351,"2026-05-22T01:58:33.057710Z","2026-05-22T01:58:36.408671Z",1779415113.05771,1779415116.40867,0.000516,0.000605,0.000636,3.333927,3.33404,3.333291,0.000112999999999808,3.3269,0.0240612083435057
"2026-05-22T01:58:40.390Z","run_bootstrap",186,"http://client1:8000","run","http://client1:8000/run",1,TRUE,200,1108,253,3.55023980140686,"2026-05-22T01:58:36.695376Z","2026-05-22T01:58:40.245615Z",1779415116.69538,1779415120.24562,0.000513,0.000589,0.00062,3.528423,3.528571,3.527803,0.000147999999999815,3.5212,0.0290398014068605
"2026-05-22T01:58:40.390Z","run_bootstrap",186,"http://client2:8000","run","http://client2:8000/run",1,TRUE,200,1108,250,3.68909621238708,"2026-05-22T01:58:36.695998Z","2026-05-22T01:58:40.385094Z",1779415116.696,1779415120.38509,0.000698,0.000788,0.000822,3.670459,3.670571,3.669637,0.000111999999999668,3.6631,0.0259962123870849
"2026-05-22T01:58:40.390Z","run_bootstrap",186,"http://client3:8000","run","http://client3:8000/run",1,TRUE,200,1108,254,3.4931104183197,"2026-05-22T01:58:36.696562Z","2026-05-22T01:58:40.189673Z",1779415116.69656,1779415120.18967,0.000388,0.000493,0.000531,3.475577,3.475711,3.475046,0.000134000000000079,3.4689,0.0242104183197021
"2026-05-22T01:58:44.113Z","run_bootstrap",187,"http://client1:8000","run","http://client1:8000/run",1,TRUE,200,1108,254,3.66024303436279,"2026-05-22T01:58:40.448419Z","2026-05-22T01:58:44.108662Z",1779415120.44842,1779415124.10866,0.000448,0.000554,0.00059,3.641494,3.641627,3.640904,0.000133000000000383,3.6334,0.026843034362793
"2026-05-22T01:58:44.113Z","run_bootstrap",187,"http://client2:8000","run","http://client2:8000/run",1,TRUE,200,1108,254,3.44087219238281,"2026-05-22T01:58:40.449381Z","2026-05-22T01:58:43.890253Z",1779415120.44938,1779415123.89025,0.000506,0.000574,0.000595,3.422374,3.422505,3.421779,0.000131000000000103,3.4149,0.0259721923828127
"2026-05-22T01:58:44.113Z","run_bootstrap",187,"http://client3:8000","run","http://client3:8000/run",1,TRUE,200,1108,251,3.62794017791748,"2026-05-22T01:58:40.448675Z","2026-05-22T01:58:44.076615Z",1779415120.44868,1779415124.07662,0.000617,0.000728,0.000765,3.61489,3.614976,3.614125,8.60000000000305e-05,3.6072,0.0207401779174803
"2026-05-22T01:58:47.758Z","run_bootstrap",188,"http://client1:8000","run","http://client1:8000/run",1,TRUE,200,1108,253,3.55410623550415,"2026-05-22T01:58:44.124826Z","2026-05-22T01:58:47.678932Z",1779415124.12483,1779415127.67893,0.000674,0.000788,0.000824,3.540171,3.540284,3.539347,0.000113000000000252,3.532,0.0221062355041504
"2026-05-22T01:58:47.758Z","run_bootstrap",188,"http://client2:8000","run","http://client2:8000/run",1,TRUE,200,1108,254,3.62731742858887,"2026-05-22T01:58:44.126892Z","2026-05-22T01:58:47.754209Z",1779415124.12689,1779415127.75421,0.000644,0.000716,0.000739,3.611797,3.611922,3.611058,0.000124999999999709,3.6049,0.022417428588867
"2026-05-22T01:58:47.758Z","run_bootstrap",188,"http://client3:8000","run","http://client3:8000/run",1,TRUE,200,1108,251,3.58184432983398,"2026-05-22T01:58:44.127289Z","2026-05-22T01:58:47.709134Z",1779415124.12729,1779415127.70913,0.000526,0.00063,0.000668,3.56827,3.568383,3.567602,0.000112999999999808,3.5613,0.0205443298339842
"2026-05-22T01:58:51.635Z","run_bootstrap",189,"http://client1:8000","run","http://client1:8000/run",1,TRUE,200,1110,257,3.85736322402954,"2026-05-22T01:58:47.770567Z","2026-05-22T01:58:51.627931Z",1779415127.77057,1779415131.62793,0.000599,0.000713,0.000746,3.84029,3.840418,3.839544,0.000128000000000128,3.8328,0.0245632240295408
"2026-05-22T01:58:51.635Z","run_bootstrap",189,"http://client2:8000","run","http://client2:8000/run",1,TRUE,200,1110,255,3.64277172088623,"2026-05-22T01:58:47.771340Z","2026-05-22T01:58:51.414112Z",1779415127.77134,1779415131.41411,0.000524,0.000635,0.000677,3.62526,3.625381,3.624583,0.000121000000000038,3.6175,0.0252717208862303
"2026-05-22T01:58:51.635Z","run_bootstrap",189,"http://client3:8000","run","http://client3:8000/run",1,TRUE,200,1110,256,3.59874391555786,"2026-05-22T01:58:47.770940Z","2026-05-22T01:58:51.369684Z",1779415127.77094,1779415131.36968,0.000706,0.00081,0.000844,3.584565,3.584695,3.583721,0.000129999999999963,3.5769,0.0218439155578611
"2026-05-22T01:58:55.336Z","run_bootstrap",190,"http://client1:8000","run","http://client1:8000/run",1,TRUE,200,1110,257,3.58571147918701,"2026-05-22T01:58:51.647669Z","2026-05-22T01:58:55.233380Z",1779415131.64767,1779415135.23338,0.000651,0.000765,0.000811,3.571556,3.571681,3.570745,0.000124999999999709,3.5642,0.0215114791870117
"2026-05-22T01:58:55.336Z","run_bootstrap",190,"http://client2:8000","run","http://client2:8000/run",1,TRUE,200,1110,255,3.65344142913818,"2026-05-22T01:58:51.649356Z","2026-05-22T01:58:55.302797Z",1779415131.64936,1779415135.3028,0.000649,0.000761,0.000795,3.638628,3.638769,3.637833,0.000140999999999725,3.6314,0.0220414291381834
"2026-05-22T01:58:55.336Z","run_bootstrap",190,"http://client3:8000","run","http://client3:8000/run",1,TRUE,200,1110,256,3.68239426612854,"2026-05-22T01:58:51.649736Z","2026-05-22T01:58:55.332130Z",1779415131.64974,1779415135.33213,0.000639,0.000751,0.000786,3.662772,3.662877,3.661986,0.000105000000000022,3.6548,0.0275942661285402
"2026-05-22T01:58:59.049Z","run_bootstrap",191,"http://client1:8000","run","http://client1:8000/run",1,TRUE,200,1109,256,3.68505263328552,"2026-05-22T01:58:55.348418Z","2026-05-22T01:58:59.033471Z",1779415135.34842,1779415139.03347,0.000435,0.000527,0.000559,3.666342,3.666482,3.665783,0.000139999999999585,3.6592,0.0258526332855227
"2026-05-22T01:58:59.049Z","run_bootstrap",191,"http://client2:8000","run","http://client2:8000/run",1,TRUE,200,1109,252,3.63977289199829,"2026-05-22T01:58:55.348977Z","2026-05-22T01:58:58.988750Z",1779415135.34898,1779415138.98875,0.000414,0.000484,0.000528,3.619258,3.619397,3.61873,0.000139000000000333,3.6122,0.0275728919982909
"2026-05-22T01:58:59.049Z","run_bootstrap",191,"http://client3:8000","run","http://client3:8000/run",1,TRUE,200,1109,253,3.69422388076782,"2026-05-22T01:58:55.349445Z","2026-05-22T01:58:59.043668Z",1779415135.34945,1779415139.04367,0.00067,0.000778,0.000814,3.677008,3.677126,3.676194,0.000118000000000062,3.6689,0.0253238807678224
"2026-05-22T01:59:02.969Z","run_bootstrap",192,"http://client1:8000","run","http://client1:8000/run",1,TRUE,200,1109,256,3.61894536018372,"2026-05-22T01:58:59.062308Z","2026-05-22T01:59:02.681253Z",1779415139.06231,1779415142.68125,0.00057,0.000649,0.000688,3.600157,3.600237,3.599469,8.000000000008e-05,3.5918,0.0271453601837157
"2026-05-22T01:59:02.969Z","run_bootstrap",192,"http://client2:8000","run","http://client2:8000/run",1,TRUE,200,1109,252,3.90357756614685,"2026-05-22T01:58:59.062198Z","2026-05-22T01:59:02.965776Z",1779415139.0622,1779415142.96578,0.000526,0.00063,0.000665,3.884413,3.884543,3.883748,0.000129999999999963,3.8761,0.0274775661468505
"2026-05-22T01:59:02.969Z","run_bootstrap",192,"http://client3:8000","run","http://client3:8000/run",1,TRUE,200,1109,253,3.61782264709473,"2026-05-22T01:58:59.063097Z","2026-05-22T01:59:02.680919Z",1779415139.0631,1779415142.68092,0.000662,0.000755,0.000789,3.599748,3.599871,3.598959,0.000122999999999873,3.5904,0.0274226470947267
"2026-05-22T01:59:06.814Z","run_bootstrap",193,"http://client1:8000","run","http://client1:8000/run",1,TRUE,200,1110,254,3.64060139656067,"2026-05-22T01:59:02.984195Z","2026-05-22T01:59:06.624797Z",1779415142.9842,1779415146.6248,0.000727,0.000822,0.000859,3.626742,3.626855,3.625883,0.000112999999999808,3.6182,0.0224013965606691
"2026-05-22T01:59:06.814Z","run_bootstrap",193,"http://client2:8000","run","http://client2:8000/run",1,TRUE,200,1110,255,3.82172465324402,"2026-05-22T01:59:02.985188Z","2026-05-22T01:59:06.806913Z",1779415142.98519,1779415146.80691,0.000705,0.000815,0.000854,3.808733,3.80886,3.807879,0.000126999999999988,3.8006,0.0211246532440184
"2026-05-22T01:59:06.814Z","run_bootstrap",193,"http://client3:8000","run","http://client3:8000/run",1,TRUE,200,1110,251,3.62803149223328,"2026-05-22T01:59:02.984520Z","2026-05-22T01:59:06.612552Z",1779415142.98452,1779415146.61255,0.00075,0.000831,0.000863,3.614344,3.61451,3.613481,0.000166000000000111,3.6069,0.0211314922332764
"2026-05-22T01:59:10.634Z","run_bootstrap",194,"http://client1:8000","run","http://client1:8000/run",1,TRUE,200,1110,254,3.70979952812195,"2026-05-22T01:59:06.832854Z","2026-05-22T01:59:10.542654Z",1779415146.83285,1779415150.54265,0.000568,0.000689,0.000728,3.688313,3.68842,3.687585,0.000106999999999857,3.6805,0.0292995281219484
"2026-05-22T01:59:10.634Z","run_bootstrap",194,"http://client2:8000","run","http://client2:8000/run",1,TRUE,200,1110,254,3.79595875740051,"2026-05-22T01:59:06.833371Z","2026-05-22T01:59:10.629330Z",1779415146.83337,1779415150.62933,0.000656,0.000754,0.00079,3.774563,3.774697,3.773773,0.000134000000000079,3.767,0.0289587574005128
"2026-05-22T01:59:10.634Z","run_bootstrap",194,"http://client3:8000","run","http://client3:8000/run",1,TRUE,200,1110,251,3.69447565078735,"2026-05-22T01:59:06.833695Z","2026-05-22T01:59:10.528171Z",1779415146.8337,1779415150.52817,0.000541,0.000654,0.000689,3.676079,3.676228,3.67539,0.000148999999999955,3.6685,0.0259756507873536
"2026-05-22T01:59:14.474Z","run_bootstrap",195,"http://client1:8000","run","http://client1:8000/run",1,TRUE,200,1109,253,3.82390832901001,"2026-05-22T01:59:10.646387Z","2026-05-22T01:59:14.470295Z",1779415150.64639,1779415154.4703,0.000629,0.000689,0.000711,3.808693,3.808813,3.807982,0.000119999999999898,3.8013,0.0226083290100099
"2026-05-22T01:59:14.474Z","run_bootstrap",195,"http://client2:8000","run","http://client2:8000/run",1,TRUE,200,1109,254,3.59217071533203,"2026-05-22T01:59:10.647171Z","2026-05-22T01:59:14.239341Z",1779415150.64717,1779415154.23934,0.000611,0.000687,0.000712,3.577055,3.577106,3.576343,5.10000000000232e-05,3.5702,0.0219707153320314
"2026-05-22T01:59:14.474Z","run_bootstrap",195,"http://client3:8000","run","http://client3:8000/run",1,TRUE,200,1109,253,3.68631267547607,"2026-05-22T01:59:10.647807Z","2026-05-22T01:59:14.334119Z",1779415150.64781,1779415154.33412,0.000609,0.000691,0.000724,3.665543,3.665673,3.664819,0.000129999999999963,3.6585,0.0278126754760741
"2026-05-22T01:59:18.333Z","run_bootstrap",196,"http://client1:8000","run","http://client1:8000/run",1,TRUE,200,1109,253,3.69101047515869,"2026-05-22T01:59:14.487529Z","2026-05-22T01:59:18.178540Z",1779415154.48753,1779415158.17854,0.000578,0.00069,0.000727,3.674871,3.675005,3.674144,0.000134000000000079,3.6662,0.0248104751586915
"2026-05-22T01:59:18.333Z","run_bootstrap",196,"http://client2:8000","run","http://client2:8000/run",1,TRUE,200,1109,254,3.83695793151855,"2026-05-22T01:59:14.488390Z","2026-05-22T01:59:18.325348Z",1779415154.48839,1779415158.32535,0.000623,0.000699,0.000731,3.821764,3.821896,3.821033,0.000132000000000243,3.8147,0.0222579315185545
"2026-05-22T01:59:18.333Z","run_bootstrap",196,"http://client3:8000","run","http://client3:8000/run",1,TRUE,200,1109,252,3.53990697860718,"2026-05-22T01:59:14.488958Z","2026-05-22T01:59:18.028865Z",1779415154.48896,1779415158.02887,0.000592,0.00069,0.000728,3.525213,3.525384,3.524485,0.000170999999999921,3.518,0.0219069786071779
"2026-05-22T01:59:22.169Z","run_bootstrap",197,"http://client1:8000","run","http://client1:8000/run",1,TRUE,200,1110,253,3.81828999519348,"2026-05-22T01:59:18.344474Z","2026-05-22T01:59:22.162764Z",1779415158.34447,1779415162.16276,0.000722,0.00084,0.000875,3.80312,3.803273,3.802245,0.00015300000000007,3.7949,0.0233899951934813
"2026-05-22T01:59:22.169Z","run_bootstrap",197,"http://client2:8000","run","http://client2:8000/run",1,TRUE,200,1110,254,3.72974514961243,"2026-05-22T01:59:18.346177Z","2026-05-22T01:59:22.075922Z",1779415158.34618,1779415162.07592,0.000523,0.000597,0.000633,3.715678,3.715879,3.715045,0.000201000000000118,3.7077,0.0220451496124268
"2026-05-22T01:59:22.169Z","run_bootstrap",197,"http://client3:8000","run","http://client3:8000/run",1,TRUE,200,1110,248,3.70080137252808,"2026-05-22T01:59:18.346429Z","2026-05-22T01:59:22.047230Z",1779415158.34643,1779415162.04723,0.000577,0.000682,0.000734,3.686208,3.686301,3.685474,9.29999999996767e-05,3.6774,0.0234013725280762
"2026-05-22T01:59:26.128Z","run_bootstrap",198,"http://client1:8000","run","http://client1:8000/run",1,TRUE,200,1110,253,3.93606352806091,"2026-05-22T01:59:22.187945Z","2026-05-22T01:59:26.124008Z",1779415162.18795,1779415166.12401,0.000493,0.000563,0.000663,3.924378,3.924694,3.923715,0.000316000000000205,3.9151,0.0209635280609133
"2026-05-22T01:59:26.128Z","run_bootstrap",198,"http://client2:8000","run","http://client2:8000/run",1,TRUE,200,1110,254,3.64889550209045,"2026-05-22T01:59:22.187949Z","2026-05-22T01:59:25.836845Z",1779415162.18795,1779415165.83685,0.000607,0.00066,0.00068,3.636928,3.636975,3.636248,4.69999999999082e-05,3.6239,0.0249955020904542
"2026-05-22T01:59:26.128Z","run_bootstrap",198,"http://client3:8000","run","http://client3:8000/run",1,TRUE,200,1110,248,3.64573788642883,"2026-05-22T01:59:22.190077Z","2026-05-22T01:59:25.835815Z",1779415162.19008,1779415165.83582,0.000464,0.000541,0.000571,3.634951,3.635149,3.63438,0.000198000000000143,3.6222,0.0235378864288331
"2026-05-22T01:59:30.126Z","run_bootstrap",199,"http://client1:8000","run","http://client1:8000/run",1,TRUE,200,1110,254,3.59650349617004,"2026-05-22T01:59:26.142381Z","2026-05-22T01:59:29.738885Z",1779415166.14238,1779415169.73889,0.000626,0.00073,0.000765,3.581069,3.581204,3.580304,0.000135000000000218,3.5659,0.0306034961700439
"2026-05-22T01:59:30.126Z","run_bootstrap",199,"http://client2:8000","run","http://client2:8000/run",1,TRUE,200,1110,254,3.97599482536316,"2026-05-22T01:59:26.143122Z","2026-05-22T01:59:30.119117Z",1779415166.14312,1779415170.11912,0.000706,0.000815,0.000852,3.95972,3.959854,3.958868,0.000134000000000079,3.9383,0.0376948253631593
"2026-05-22T01:59:30.126Z","run_bootstrap",199,"http://client3:8000","run","http://client3:8000/run",1,TRUE,200,1110,254,3.79771685600281,"2026-05-22T01:59:26.143687Z","2026-05-22T01:59:29.941404Z",1779415166.14369,1779415169.9414,0.000617,0.000718,0.000755,3.782773,3.782897,3.782018,0.000124000000000013,3.7589,0.0388168560028075
"2026-05-22T01:59:34.174Z","run_bootstrap",200,"http://client1:8000","run","http://client1:8000/run",1,TRUE,200,1110,254,3.9910728931427,"2026-05-22T01:59:30.139056Z","2026-05-22T01:59:34.130129Z",1779415170.13906,1779415174.13013,0.000486,0.000542,0.000564,3.97096,3.971089,3.970396,0.000129000000000268,3.7985,0.1925728931427
"2026-05-22T01:59:34.174Z","run_bootstrap",200,"http://client2:8000","run","http://client2:8000/run",1,TRUE,200,1110,254,3.99271202087402,"2026-05-22T01:59:30.139343Z","2026-05-22T01:59:34.132055Z",1779415170.13934,1779415174.13206,0.000471,0.000538,0.000562,3.973026,3.97314,3.972464,0.000113999999999947,3.7903,0.202412020874024
"2026-05-22T01:59:34.174Z","run_bootstrap",200,"http://client3:8000","run","http://client3:8000/run",1,TRUE,200,1110,254,4.0296905040741,"2026-05-22T01:59:30.139697Z","2026-05-22T01:59:34.169387Z",1779415170.1397,1779415174.16939,0.000791,0.000912,0.000954,4.010721,4.01085,4.009767,0.00012899999999938,3.8362,0.193490504074097
"2026-05-22T01:59:37.756Z","run_bootstrap",201,"http://client1:8000","run","http://client1:8000/run",1,TRUE,200,1107,255,3.55933880805969,"2026-05-22T01:59:34.184543Z","2026-05-22T01:59:37.743882Z",1779415174.18454,1779415177.74388,0.000725,0.000833,0.000868,3.544732,3.544861,3.543864,0.000128999999999824,3.5378,0.0215388080596925
"2026-05-22T01:59:37.756Z","run_bootstrap",201,"http://client2:8000","run","http://client2:8000/run",1,TRUE,200,1107,251,3.5632426738739,"2026-05-22T01:59:34.185799Z","2026-05-22T01:59:37.749042Z",1779415174.1858,1779415177.74904,0.00048,0.000575,0.000609,3.549233,3.549365,3.548624,0.000131999999999799,3.5427,0.0205426738739014
"2026-05-22T01:59:37.756Z","run_bootstrap",201,"http://client3:8000","run","http://client3:8000/run",1,TRUE,200,1107,254,3.4864399433136,"2026-05-22T01:59:34.186026Z","2026-05-22T01:59:37.672466Z",1779415174.18603,1779415177.67247,0.000487,0.000572,0.000605,3.473163,3.473292,3.472558,0.000128999999999824,3.4668,0.0196399433135985
"2026-05-22T01:59:41.527Z","run_bootstrap",202,"http://client1:8000","run","http://client1:8000/run",1,TRUE,200,1107,255,3.61153268814087,"2026-05-22T01:59:37.771317Z","2026-05-22T01:59:41.382850Z",1779415177.77132,1779415181.38285,0.000655,0.000761,0.000796,3.597022,3.59722,3.596226,0.000198000000000143,3.5887,0.0228326881408694
"2026-05-22T01:59:41.527Z","run_bootstrap",202,"http://client2:8000","run","http://client2:8000/run",1,TRUE,200,1107,250,3.75015330314636,"2026-05-22T01:59:37.772329Z","2026-05-22T01:59:41.522482Z",1779415177.77233,1779415181.52248,0.000526,0.000594,0.000628,3.735637,3.735784,3.735009,0.000147000000000119,3.729,0.0211533031463622
"2026-05-22T01:59:41.527Z","run_bootstrap",202,"http://client3:8000","run","http://client3:8000/run",1,TRUE,200,1107,254,3.48892760276794,"2026-05-22T01:59:37.772731Z","2026-05-22T01:59:41.261658Z",1779415177.77273,1779415181.26166,0.000583,0.000671,0.000703,3.474005,3.474118,3.473302,0.000112999999999808,3.4672,0.0217276027679443
"2026-05-22T01:59:45.207Z","run_bootstrap",203,"http://client1:8000","run","http://client1:8000/run",1,TRUE,200,1110,255,3.61430478096008,"2026-05-22T01:59:41.538513Z","2026-05-22T01:59:45.152818Z",1779415181.53851,1779415185.15282,0.000854,0.000944,0.000969,3.594758,3.594861,3.593789,0.000102999999999742,3.5874,0.0269047809600829
"2026-05-22T01:59:45.207Z","run_bootstrap",203,"http://client2:8000","run","http://client2:8000/run",1,TRUE,200,1110,250,3.56484484672546,"2026-05-22T01:59:41.540509Z","2026-05-22T01:59:45.105354Z",1779415181.54051,1779415185.10535,0.00058,0.000664,7e-04,3.544611,3.544689,3.543911,7.79999999998005e-05,3.5379,0.0269448467254638
"2026-05-22T01:59:45.207Z","run_bootstrap",203,"http://client3:8000","run","http://client3:8000/run",1,TRUE,200,1110,252,3.66247081756592,"2026-05-22T01:59:41.540817Z","2026-05-22T01:59:45.203288Z",1779415181.54082,1779415185.20329,0.000598,0.000689,0.00071,3.636095,3.636222,3.635385,0.000126999999999988,3.6293,0.0331708175659178
"2026-05-22T01:59:49.005Z","run_bootstrap",204,"http://client1:8000","run","http://client1:8000/run",1,TRUE,200,1110,255,3.53475880622864,"2026-05-22T01:59:45.225119Z","2026-05-22T01:59:48.759878Z",1779415185.22512,1779415188.75988,0.000426,0.000501,0.000534,3.520869,3.52108,3.520335,0.000211000000000183,3.5005,0.0342588062286375
"2026-05-22T01:59:49.005Z","run_bootstrap",204,"http://client2:8000","run","http://client2:8000/run",1,TRUE,200,1110,250,3.63216733932495,"2026-05-22T01:59:45.225911Z","2026-05-22T01:59:48.858078Z",1779415185.22591,1779415188.85808,0.000516,0.000595,0.000627,3.61774,3.617872,3.617113,0.000132000000000243,3.6088,0.0233673393249512
"2026-05-22T01:59:49.005Z","run_bootstrap",204,"http://client3:8000","run","http://client3:8000/run",1,TRUE,200,1110,252,3.77524590492249,"2026-05-22T01:59:45.225037Z","2026-05-22T01:59:49.000283Z",1779415185.22504,1779415189.00028,0.000917,0.000998,0.001021,3.761627,3.761755,3.760606,0.000128000000000128,3.7521,0.0231459049224854
"2026-05-22T01:59:52.592Z","run_bootstrap",205,"http://client1:8000","run","http://client1:8000/run",1,TRUE,200,1110,257,3.56989169120789,"2026-05-22T01:59:49.017055Z","2026-05-22T01:59:52.586947Z",1779415189.01706,1779415192.58695,0.000662,0.000754,0.000784,3.555807,3.555938,3.555023,0.000130999999999659,3.5476,0.0222916912078857
"2026-05-22T01:59:52.592Z","run_bootstrap",205,"http://client2:8000","run","http://client2:8000/run",1,TRUE,200,1110,254,3.48738384246826,"2026-05-22T01:59:49.017944Z","2026-05-22T01:59:52.505328Z",1779415189.01794,1779415192.50533,0.000638,0.000712,0.000733,3.47506,3.475179,3.474327,0.000118999999999758,3.4678,0.0195838424682617
"2026-05-22T01:59:52.592Z","run_bootstrap",205,"http://client3:8000","run","http://client3:8000/run",1,TRUE,200,1110,253,3.48581647872925,"2026-05-22T01:59:49.018685Z","2026-05-22T01:59:52.504501Z",1779415189.01869,1779415192.5045,0.000629,0.000693,0.000714,3.473312,3.473444,3.472598,0.000132000000000243,3.4658,0.0200164787292478
"2026-05-22T01:59:56.394Z","run_bootstrap",206,"http://client1:8000","run","http://client1:8000/run",1,TRUE,200,1110,257,3.5935685634613,"2026-05-22T01:59:52.604126Z","2026-05-22T01:59:56.197695Z",1779415192.60413,1779415196.1977,0.000591,0.000695,0.000729,3.57952,3.579658,3.578791,0.000137999999999749,3.5707,0.0228685634613037
"2026-05-22T01:59:56.394Z","run_bootstrap",206,"http://client2:8000","run","http://client2:8000/run",1,TRUE,200,1110,254,3.78374648094177,"2026-05-22T01:59:52.605971Z","2026-05-22T01:59:56.389717Z",1779415192.60597,1779415196.38972,0.000774,0.00085,0.000871,3.762392,3.762557,3.761521,0.000164999999999971,3.7554,0.0283464809417726
"2026-05-22T01:59:56.394Z","run_bootstrap",206,"http://client3:8000","run","http://client3:8000/run",1,TRUE,200,1110,253,3.48658084869385,"2026-05-22T01:59:52.606355Z","2026-05-22T01:59:56.092936Z",1779415192.60636,1779415196.09294,0.000589,0.000686,0.000725,3.464904,3.465017,3.464179,0.000112999999999808,3.4579,0.0286808486938477
"2026-05-22T02:00:00.145Z","run_bootstrap",207,"http://client1:8000","run","http://client1:8000/run",1,TRUE,200,1108,254,3.61601877212524,"2026-05-22T01:59:56.405982Z","2026-05-22T02:00:00.022001Z",1779415196.40598,1779415200.022,0.000512,0.00059,0.000611,3.602036,3.602273,3.601425,0.000236999999999821,3.594,0.0220187721252443
"2026-05-22T02:00:00.145Z","run_bootstrap",207,"http://client2:8000","run","http://client2:8000/run",1,TRUE,200,1108,253,3.6065149307251,"2026-05-22T01:59:56.407044Z","2026-05-22T02:00:00.013559Z",1779415196.40704,1779415200.01356,0.000473,0.000544,0.000574,3.591972,3.592144,3.591398,0.000171999999999617,3.5853,0.0212149307250975
"2026-05-22T02:00:00.145Z","run_bootstrap",207,"http://client3:8000","run","http://client3:8000/run",1,TRUE,200,1108,252,3.73484587669373,"2026-05-22T01:59:56.406447Z","2026-05-22T02:00:00.141293Z",1779415196.40645,1779415200.14129,0.000526,0.00059,0.000611,3.721463,3.721571,3.720852,0.000107999999999997,3.7148,0.0200458766937257
"2026-05-22T02:00:03.790Z","run_bootstrap",208,"http://client1:8000","run","http://client1:8000/run",1,TRUE,200,1108,255,3.62773942947388,"2026-05-22T02:00:00.157558Z","2026-05-22T02:00:03.785297Z",1779415200.15756,1779415203.7853,0.000634,0.00074,0.000774,3.612847,3.612981,3.612073,0.000134000000000079,3.6056,0.022139429473877
"2026-05-22T02:00:03.790Z","run_bootstrap",208,"http://client2:8000","run","http://client2:8000/run",1,TRUE,200,1108,253,3.58962941169739,"2026-05-22T02:00:00.159794Z","2026-05-22T02:00:03.749423Z",1779415200.15979,1779415203.74942,0.000547,0.000636,0.000672,3.566302,3.566441,3.56563,0.000139000000000333,3.5585,0.0311294116973877
"2026-05-22T02:00:03.790Z","run_bootstrap",208,"http://client3:8000","run","http://client3:8000/run",1,TRUE,200,1108,252,3.37877440452576,"2026-05-22T02:00:00.160015Z","2026-05-22T02:00:03.538789Z",1779415200.16002,1779415203.53879,0.000517,0.000606,0.000627,3.355446,3.355582,3.354819,0.000135999999999914,3.3476,0.0311744045257569
"2026-05-22T02:00:07.593Z","run_bootstrap",209,"http://client1:8000","run","http://client1:8000/run",1,TRUE,200,1110,255,3.60095858573914,"2026-05-22T02:00:03.803596Z","2026-05-22T02:00:07.404554Z",1779415203.8036,1779415207.40455,0.000496,0.000584,0.000617,3.581414,3.581535,3.580797,0.000121000000000038,3.5743,0.0266585857391357
"2026-05-22T02:00:07.593Z","run_bootstrap",209,"http://client2:8000","run","http://client2:8000/run",1,TRUE,200,1110,254,3.78274893760681,"2026-05-22T02:00:03.804171Z","2026-05-22T02:00:07.586920Z",1779415203.80417,1779415207.58692,0.000488,0.00059,0.00065,3.762078,3.762198,3.761428,0.000120000000000342,3.7546,0.0281489376068116
"2026-05-22T02:00:07.593Z","run_bootstrap",209,"http://client3:8000","run","http://client3:8000/run",1,TRUE,200,1110,252,3.61872816085815,"2026-05-22T02:00:03.804859Z","2026-05-22T02:00:07.423588Z",1779415203.80486,1779415207.42359,0.000731,0.000835,0.00087,3.601625,3.601666,3.600755,4.09999999999577e-05,3.5933,0.0254281608581541
"2026-05-22T02:00:11.427Z","run_bootstrap",210,"http://client1:8000","run","http://client1:8000/run",1,TRUE,200,1110,255,3.63969802856445,"2026-05-22T02:00:07.609377Z","2026-05-22T02:00:11.249075Z",1779415207.60938,1779415211.24908,0.000572,0.000676,0.00071,3.62572,3.625861,3.62501,0.000141000000000169,3.6135,0.026198028564453
"2026-05-22T02:00:11.427Z","run_bootstrap",210,"http://client2:8000","run","http://client2:8000/run",1,TRUE,200,1110,252,3.81182217597961,"2026-05-22T02:00:07.610819Z","2026-05-22T02:00:11.422641Z",1779415207.61082,1779415211.42264,0.000449,0.000516,0.00055,3.791205,3.791341,3.790655,0.000135999999999914,3.77,0.0418221759796142
"2026-05-22T02:00:11.427Z","run_bootstrap",210,"http://client3:8000","run","http://client3:8000/run",1,TRUE,200,1110,252,3.41330313682556,"2026-05-22T02:00:07.611232Z","2026-05-22T02:00:11.024535Z",1779415207.61123,1779415211.02454,0.000682,0.000797,0.000833,3.393343,3.393432,3.39251,8.89999999995617e-05,3.3807,0.0326031368255615
"2026-05-22T02:00:15.333Z","run_bootstrap",211,"http://client1:8000","run","http://client1:8000/run",1,TRUE,200,1109,254,3.68314838409424,"2026-05-22T02:00:11.439274Z","2026-05-22T02:00:15.122423Z",1779415211.43927,1779415215.12242,0.000614,0.000728,0.000763,3.66528,3.66537,3.664517,8.99999999997014e-05,3.6579,0.0252483840942381
"2026-05-22T02:00:15.333Z","run_bootstrap",211,"http://client2:8000","run","http://client2:8000/run",1,TRUE,200,1109,254,3.88591575622559,"2026-05-22T02:00:11.440082Z","2026-05-22T02:00:15.325998Z",1779415211.44008,1779415215.326,0.000655,0.000764,8e-04,3.8648,3.864933,3.864,0.000133000000000383,3.8576,0.0283157562255858
"2026-05-22T02:00:15.333Z","run_bootstrap",211,"http://client3:8000","run","http://client3:8000/run",1,TRUE,200,1109,251,3.45130729675293,"2026-05-22T02:00:11.440647Z","2026-05-22T02:00:14.891954Z",1779415211.44065,1779415214.89195,0.000786,0.000846,0.000871,3.430556,3.43069,3.429685,0.000133999999999634,3.4233,0.0280072967529299
"2026-05-22T02:00:19.197Z","run_bootstrap",212,"http://client1:8000","run","http://client1:8000/run",1,TRUE,200,1109,253,3.83871173858643,"2026-05-22T02:00:15.347202Z","2026-05-22T02:00:19.185914Z",1779415215.3472,1779415219.18591,0.000706,0.000797,0.000835,3.820681,3.820814,3.819846,0.000132999999999939,3.813,0.0257117385864256
"2026-05-22T02:00:19.197Z","run_bootstrap",212,"http://client2:8000","run","http://client2:8000/run",1,TRUE,200,1109,254,3.45729231834412,"2026-05-22T02:00:15.347652Z","2026-05-22T02:00:18.804945Z",1779415215.34765,1779415218.80495,0.000656,0.000737,0.000762,3.43957,3.43962,3.438808,5.00000000003276e-05,3.4312,0.0260923183441162
"2026-05-22T02:00:19.197Z","run_bootstrap",212,"http://client3:8000","run","http://client3:8000/run",1,TRUE,200,1109,251,3.84420895576477,"2026-05-22T02:00:15.348126Z","2026-05-22T02:00:19.192335Z",1779415215.34813,1779415219.19234,0.000657,0.000737,0.000762,3.82768,3.827813,3.826918,0.000132999999999939,3.8202,0.0240089557647707
"2026-05-22T02:00:22.977Z","run_bootstrap",213,"http://client1:8000","run","http://client1:8000/run",1,TRUE,200,1110,256,3.7320454120636,"2026-05-22T02:00:19.207496Z","2026-05-22T02:00:22.939542Z",1779415219.2075,1779415222.93954,0.000687,0.000794,0.000828,3.717623,3.717765,3.716795,0.000141999999999864,3.7102,0.0218454120635987
"2026-05-22T02:00:22.977Z","run_bootstrap",213,"http://client2:8000","run","http://client2:8000/run",1,TRUE,200,1110,253,3.76343369483948,"2026-05-22T02:00:19.209654Z","2026-05-22T02:00:22.973088Z",1779415219.20965,1779415222.97309,0.000641,0.000698,0.000717,3.749908,3.750023,3.749191,0.000115000000000087,3.7423,0.0211336948394774
"2026-05-22T02:00:22.977Z","run_bootstrap",213,"http://client3:8000","run","http://client3:8000/run",1,TRUE,200,1110,253,3.75143480300903,"2026-05-22T02:00:19.209971Z","2026-05-22T02:00:22.961406Z",1779415219.20997,1779415222.96141,0.000411,0.000499,0.000522,3.738145,3.738281,3.737623,0.000136000000000358,3.7309,0.0205348030090331
"2026-05-22T02:00:26.803Z","run_bootstrap",214,"http://client1:8000","run","http://client1:8000/run",1,TRUE,200,1110,255,3.80905938148499,"2026-05-22T02:00:22.990206Z","2026-05-22T02:00:26.799266Z",1779415222.99021,1779415226.79927,0.000591,7e-04,0.000736,3.789681,3.789779,3.788945,9.79999999999315e-05,3.781,0.0280593814849852
"2026-05-22T02:00:26.803Z","run_bootstrap",214,"http://client2:8000","run","http://client2:8000/run",1,TRUE,200,1110,253,3.80138635635376,"2026-05-22T02:00:22.992397Z","2026-05-22T02:00:26.793783Z",1779415222.9924,1779415226.79378,0.000397,0.00053,0.000566,3.778893,3.778966,3.778327,7.29999999999897e-05,3.7718,0.0295863563537599
"2026-05-22T02:00:26.803Z","run_bootstrap",214,"http://client3:8000","run","http://client3:8000/run",1,TRUE,200,1110,253,3.75195932388306,"2026-05-22T02:00:22.992626Z","2026-05-22T02:00:26.744585Z",1779415222.99263,1779415226.74459,0.000673,0.000796,0.000832,3.731702,3.731827,3.73087,0.000125000000000153,3.7234,0.0285593238830568
"2026-05-22T02:00:30.769Z","run_bootstrap",215,"http://client1:8000","run","http://client1:8000/run",1,TRUE,200,1109,255,3.66621160507202,"2026-05-22T02:00:26.818393Z","2026-05-22T02:00:30.484605Z",1779415226.81839,1779415230.48461,0.000582,0.000673,0.000707,3.649079,3.64919,3.648372,0.000110999999999972,3.6385,0.0277116050720214
"2026-05-22T02:00:30.769Z","run_bootstrap",215,"http://client2:8000","run","http://client2:8000/run",1,TRUE,200,1109,252,3.66219735145569,"2026-05-22T02:00:26.818995Z","2026-05-22T02:00:30.481193Z",1779415226.819,1779415230.48119,0.000508,0.000591,0.000625,3.644353,3.644471,3.643728,0.000117999999999618,3.6351,0.0270973514556885
"2026-05-22T02:00:30.769Z","run_bootstrap",215,"http://client3:8000","run","http://client3:8000/run",1,TRUE,200,1109,252,3.943199634552,"2026-05-22T02:00:26.819509Z","2026-05-22T02:00:30.762709Z",1779415226.81951,1779415230.76271,0.000485,0.000593,0.000632,3.927083,3.927217,3.926451,0.000134000000000079,3.9184,0.0247996345520018
"2026-05-22T02:00:34.718Z","run_bootstrap",216,"http://client1:8000","run","http://client1:8000/run",1,TRUE,200,1109,255,3.67649793624878,"2026-05-22T02:00:30.784168Z","2026-05-22T02:00:34.460666Z",1779415230.78417,1779415234.46067,0.000665,0.000783,0.000832,3.662135,3.662252,3.661303,0.000116999999999923,3.6541,0.0223979362487792
"2026-05-22T02:00:34.718Z","run_bootstrap",216,"http://client2:8000","run","http://client2:8000/run",1,TRUE,200,1109,252,3.91769790649414,"2026-05-22T02:00:30.784359Z","2026-05-22T02:00:34.702057Z",1779415230.78436,1779415234.70206,0.000718,0.000814,0.000861,3.903495,3.903627,3.902634,0.000132000000000243,3.8961,0.0215979064941405
"2026-05-22T02:00:34.718Z","run_bootstrap",216,"http://client3:8000","run","http://client3:8000/run",1,TRUE,200,1109,252,3.92852807044983,"2026-05-22T02:00:30.784362Z","2026-05-22T02:00:34.712890Z",1779415230.78436,1779415234.71289,0.000757,0.000832,0.000872,3.914346,3.914543,3.913474,0.000197000000000003,3.9068,0.0217280704498291
"2026-05-22T02:00:38.637Z","run_bootstrap",217,"http://client1:8000","run","http://client1:8000/run",1,TRUE,200,1109,256,3.46227145195007,"2026-05-22T02:00:34.729459Z","2026-05-22T02:00:38.191730Z",1779415234.72946,1779415238.19173,0.000676,0.000788,0.000829,3.447965,3.448112,3.447136,0.000147000000000119,3.4393,0.0229714519500734
"2026-05-22T02:00:38.637Z","run_bootstrap",217,"http://client2:8000","run","http://client2:8000/run",1,TRUE,200,1109,253,3.72573328018188,"2026-05-22T02:00:34.731225Z","2026-05-22T02:00:38.456958Z",1779415234.73123,1779415238.45696,0.000454,0.000544,0.000577,3.711283,3.711421,3.710706,0.000138000000000194,3.7044,0.0213332801818846
"2026-05-22T02:00:38.637Z","run_bootstrap",217,"http://client3:8000","run","http://client3:8000/run",1,TRUE,200,1109,253,3.89881086349487,"2026-05-22T02:00:34.731575Z","2026-05-22T02:00:38.630386Z",1779415234.73158,1779415238.63039,0.000443,0.000531,0.000556,3.884737,3.884887,3.884181,0.000150000000000095,3.878,0.0208108634948729
"2026-05-22T02:00:42.585Z","run_bootstrap",218,"http://client1:8000","run","http://client1:8000/run",1,TRUE,200,1109,256,3.69841289520264,"2026-05-22T02:00:38.651749Z","2026-05-22T02:00:42.350162Z",1779415238.65175,1779415242.35016,0.00053,0.000623,0.000657,3.684421,3.68455,3.683764,0.000129000000000268,3.6745,0.0239128952026366
"2026-05-22T02:00:42.585Z","run_bootstrap",218,"http://client2:8000","run","http://client2:8000/run",1,TRUE,200,1109,253,3.69797492027283,"2026-05-22T02:00:38.652399Z","2026-05-22T02:00:42.350374Z",1779415238.6524,1779415242.35037,0.000464,0.000544,0.000577,3.678049,3.678172,3.677472,0.000122999999999873,3.6696,0.0283749202728272
"2026-05-22T02:00:42.585Z","run_bootstrap",218,"http://client3:8000","run","http://client3:8000/run",1,TRUE,200,1109,254,3.92839550971985,"2026-05-22T02:00:38.652252Z","2026-05-22T02:00:42.580647Z",1779415238.65225,1779415242.58065,0.000456,0.00057,0.00061,3.915429,3.91556,3.914819,0.000131000000000103,3.9072,0.0211955097198486
"2026-05-22T02:00:46.545Z","run_bootstrap",219,"http://client1:8000","run","http://client1:8000/run",1,TRUE,200,1109,254,3.67621469497681,"2026-05-22T02:00:42.597402Z","2026-05-22T02:00:46.273617Z",1779415242.5974,1779415246.27362,0.000653,0.000743,0.000777,3.659804,3.659943,3.659027,0.000139000000000333,3.6505,0.0257146949768066
"2026-05-22T02:00:46.545Z","run_bootstrap",219,"http://client2:8000","run","http://client2:8000/run",1,TRUE,200,1109,253,3.89941811561584,"2026-05-22T02:00:42.598256Z","2026-05-22T02:00:46.497674Z",1779415242.59826,1779415246.49767,0.000548,0.000631,0.000655,3.884391,3.884526,3.883736,0.000135000000000218,3.8697,0.0297181156158448
"2026-05-22T02:00:46.545Z","run_bootstrap",219,"http://client3:8000","run","http://client3:8000/run",1,TRUE,200,1109,254,3.94128942489624,"2026-05-22T02:00:42.598880Z","2026-05-22T02:00:46.540169Z",1779415242.59888,1779415246.54017,0.000646,0.000747,0.000779,3.926909,3.927038,3.92613,0.000128999999999824,3.9177,0.0235894248962403
"2026-05-22T02:00:50.678Z","run_bootstrap",220,"http://client1:8000","run","http://client1:8000/run",1,TRUE,200,1109,254,4.11493682861328,"2026-05-22T02:00:46.559643Z","2026-05-22T02:00:50.674580Z",1779415246.55964,1779415250.67458,0.000656,0.000758,0.000792,4.096517,4.096614,4.095725,9.69999999993476e-05,3.9346,0.180336828613281
"2026-05-22T02:00:50.678Z","run_bootstrap",220,"http://client2:8000","run","http://client2:8000/run",1,TRUE,200,1109,252,4.04930901527405,"2026-05-22T02:00:46.560290Z","2026-05-22T02:00:50.609599Z",1779415246.56029,1779415250.6096,0.000407,0.000513,0.000547,4.028485,4.028625,4.027938,0.000140000000000029,3.873,0.176309015274048
"2026-05-22T02:00:50.678Z","run_bootstrap",220,"http://client3:8000","run","http://client3:8000/run",1,TRUE,200,1109,252,3.87007617950439,"2026-05-22T02:00:46.560873Z","2026-05-22T02:00:50.430949Z",1779415246.56087,1779415250.43095,0.000604,0.000749,0.000786,3.852679,3.852799,3.851893,0.000119999999999898,3.68,0.190076179504394
"2026-05-22T02:00:54.548Z","run_bootstrap",221,"http://client1:8000","run","http://client1:8000/run",1,TRUE,200,1110,256,3.84922981262207,"2026-05-22T02:00:50.694348Z","2026-05-22T02:00:54.543578Z",1779415250.69435,1779415254.54358,0.000676,0.00075,0.000773,3.833032,3.833149,3.832259,0.000116999999999923,3.8264,0.0228298126220703
"2026-05-22T02:00:54.548Z","run_bootstrap",221,"http://client2:8000","run","http://client2:8000/run",1,TRUE,200,1110,254,3.56272196769714,"2026-05-22T02:00:50.695532Z","2026-05-22T02:00:54.258254Z",1779415250.69553,1779415254.25825,0.000531,0.000608,0.000638,3.546623,3.546768,3.545985,0.000145000000000284,3.5378,0.0249219676971437
"2026-05-22T02:00:54.548Z","run_bootstrap",221,"http://client3:8000","run","http://client3:8000/run",1,TRUE,200,1110,254,3.50975656509399,"2026-05-22T02:00:50.694333Z","2026-05-22T02:00:54.204090Z",1779415250.69433,1779415254.20409,0.000753,0.000874,0.000909,3.49569,3.49603,3.494781,0.000340000000000007,3.4876,0.0221565650939941
"2026-05-22T02:00:58.405Z","run_bootstrap",222,"http://client1:8000","run","http://client1:8000/run",1,TRUE,200,1110,256,3.79418659210205,"2026-05-22T02:00:54.559463Z","2026-05-22T02:00:58.353650Z",1779415254.55946,1779415258.35365,0.000454,0.000534,0.00056,3.780729,3.780856,3.780169,0.000126999999999988,3.7738,0.0203865921020507
"2026-05-22T02:00:58.405Z","run_bootstrap",222,"http://client2:8000","run","http://client2:8000/run",1,TRUE,200,1110,254,3.83790493011475,"2026-05-22T02:00:54.560152Z","2026-05-22T02:00:58.398057Z",1779415254.56015,1779415258.39806,0.000529,0.000612,0.000646,3.824557,3.824696,3.823911,0.000138999999999889,3.8179,0.0200049301147462
"2026-05-22T02:00:58.405Z","run_bootstrap",222,"http://client3:8000","run","http://client3:8000/run",1,TRUE,200,1110,254,3.79591631889343,"2026-05-22T02:00:54.561843Z","2026-05-22T02:00:58.357760Z",1779415254.56184,1779415258.35776,0.00068,0.000783,0.000855,3.775039,3.775169,3.774184,0.000129999999999963,3.7682,0.0277163188934324
"2026-05-22T02:01:02.377Z","run_bootstrap",223,"http://client1:8000","run","http://client1:8000/run",1,TRUE,200,1110,253,3.88566040992737,"2026-05-22T02:00:58.421365Z","2026-05-22T02:01:02.307026Z",1779415258.42137,1779415262.30703,0.000601,0.000717,0.000753,3.867356,3.867447,3.866603,9.09999999998412e-05,3.8603,0.0253604099273681
"2026-05-22T02:01:02.377Z","run_bootstrap",223,"http://client2:8000","run","http://client2:8000/run",1,TRUE,200,1110,254,3.94760346412659,"2026-05-22T02:00:58.422040Z","2026-05-22T02:01:02.369644Z",1779415258.42204,1779415262.36964,0.000578,0.000698,0.000734,3.928392,3.928521,3.927658,0.000128999999999824,3.9217,0.025903464126587
"2026-05-22T02:01:02.377Z","run_bootstrap",223,"http://client3:8000","run","http://client3:8000/run",1,TRUE,200,1110,254,3.88767623901367,"2026-05-22T02:00:58.422425Z","2026-05-22T02:01:02.310101Z",1779415258.42243,1779415262.3101,0.000687,0.000797,0.000833,3.871527,3.871656,3.870694,0.000129000000000268,3.8645,0.0231762390136718
"2026-05-22T02:01:06.451Z","run_bootstrap",224,"http://client1:8000","run","http://client1:8000/run",1,TRUE,200,1110,253,3.77121305465698,"2026-05-22T02:01:02.389819Z","2026-05-22T02:01:06.161032Z",1779415262.38982,1779415266.16103,0.000544,0.000647,0.000685,3.756436,3.756568,3.755751,0.000132000000000243,3.7492,0.0220130546569823
"2026-05-22T02:01:06.451Z","run_bootstrap",224,"http://client2:8000","run","http://client2:8000/run",1,TRUE,200,1110,254,4.05289340019226,"2026-05-22T02:01:02.390627Z","2026-05-22T02:01:06.443520Z",1779415262.39063,1779415266.44352,0.000528,0.000631,0.000669,4.038916,4.039061,4.038247,0.00014499999999984,4.0322,0.0206934001922612
"2026-05-22T02:01:06.451Z","run_bootstrap",224,"http://client3:8000","run","http://client3:8000/run",1,TRUE,200,1110,254,3.75876331329346,"2026-05-22T02:01:02.391225Z","2026-05-22T02:01:06.149988Z",1779415262.39123,1779415266.14999,0.000517,0.000632,0.000668,3.744132,3.744252,3.743464,0.000119999999999898,3.7371,0.0216633132934572
"2026-05-22T02:01:10.707Z","run_bootstrap",225,"http://client1:8000","run","http://client1:8000/run",1,TRUE,200,1110,254,4.23300266265869,"2026-05-22T02:01:06.465210Z","2026-05-22T02:01:10.698213Z",1779415266.46521,1779415270.69821,0.000641,0.000734,0.000767,4.210675,4.210871,4.209908,0.000195999999999863,4.0538,0.179202662658692
"2026-05-22T02:01:10.707Z","run_bootstrap",225,"http://client2:8000","run","http://client2:8000/run",1,TRUE,200,1110,254,3.90641021728516,"2026-05-22T02:01:06.465572Z","2026-05-22T02:01:10.371982Z",1779415266.46557,1779415270.37198,0.000581,7e-04,0.000742,3.891287,3.891334,3.890545,4.69999999999082e-05,3.8741,0.0323102172851564
"2026-05-22T02:01:10.707Z","run_bootstrap",225,"http://client3:8000","run","http://client3:8000/run",1,TRUE,200,1110,253,3.77904224395752,"2026-05-22T02:01:06.464680Z","2026-05-22T02:01:10.243722Z",1779415266.46468,1779415270.24372,0.000732,0.00083,0.000866,3.762956,3.763008,3.76209,5.2000000000163e-05,3.7545,0.0245422439575194
"2026-05-22T02:01:14.756Z","run_bootstrap",226,"http://client1:8000","run","http://client1:8000/run",1,TRUE,200,1110,254,3.63297057151794,"2026-05-22T02:01:10.722803Z","2026-05-22T02:01:14.355773Z",1779415270.7228,1779415274.35577,0.000712,0.000803,0.000825,3.61864,3.618697,3.617815,5.69999999999737e-05,3.6117,0.0212705715179444
"2026-05-22T02:01:14.756Z","run_bootstrap",226,"http://client2:8000","run","http://client2:8000/run",1,TRUE,200,1110,254,4.02619957923889,"2026-05-22T02:01:10.723439Z","2026-05-22T02:01:14.749639Z",1779415270.72344,1779415274.74964,0.000516,0.000592,0.000623,4.00508,4.005224,4.004457,0.0001439999999997,3.9966,0.0295995792388917
"2026-05-22T02:01:14.756Z","run_bootstrap",226,"http://client3:8000","run","http://client3:8000/run",1,TRUE,200,1110,253,3.74789261817932,"2026-05-22T02:01:10.723983Z","2026-05-22T02:01:14.471876Z",1779415270.72398,1779415274.47188,0.000576,0.000667,0.000699,3.730817,3.73095,3.730118,0.000132999999999939,3.7237,0.0241926181793213
"2026-05-22T02:01:18.610Z","run_bootstrap",227,"http://client1:8000","run","http://client1:8000/run",1,TRUE,200,1110,256,3.0844554901123,"2026-05-22T02:01:14.770978Z","2026-05-22T02:01:17.855434Z",1779415274.77098,1779415277.85543,0.000619,0.000729,0.000765,3.06866,3.068796,3.067895,0.000135999999999914,3.0575,0.0269554901123046
"2026-05-22T02:01:18.610Z","run_bootstrap",227,"http://client2:8000","run","http://client2:8000/run",1,TRUE,200,1110,252,3.8319034576416,"2026-05-22T02:01:14.771526Z","2026-05-22T02:01:18.603430Z",1779415274.77153,1779415278.60343,0.000541,0.00063,0.000662,3.810981,3.811131,3.810319,0.000150000000000095,3.804,0.0279034576416017
"2026-05-22T02:01:18.610Z","run_bootstrap",227,"http://client3:8000","run","http://client3:8000/run",1,TRUE,200,1110,251,3.56919956207275,"2026-05-22T02:01:14.771788Z","2026-05-22T02:01:18.340988Z",1779415274.77179,1779415278.34099,0.000441,0.000517,0.000547,3.548512,3.548654,3.547965,0.000141999999999864,3.5417,0.0274995620727538
"2026-05-22T02:01:22.226Z","run_bootstrap",228,"http://client1:8000","run","http://client1:8000/run",1,TRUE,200,1110,256,3.53395485877991,"2026-05-22T02:01:18.623654Z","2026-05-22T02:01:22.157609Z",1779415278.62365,1779415282.15761,0.000772,0.000857,0.000879,3.513989,3.514116,3.51311,0.000126999999999988,3.5057,0.0282548587799072
"2026-05-22T02:01:22.226Z","run_bootstrap",228,"http://client2:8000","run","http://client2:8000/run",1,TRUE,200,1110,253,3.59829449653625,"2026-05-22T02:01:18.624213Z","2026-05-22T02:01:22.222507Z",1779415278.62421,1779415282.22251,0.00051,0.000584,0.000616,3.57717,3.577311,3.576554,0.000140999999999725,3.5707,0.0275944965362549
"2026-05-22T02:01:22.226Z","run_bootstrap",228,"http://client3:8000","run","http://client3:8000/run",1,TRUE,200,1110,251,3.51694917678833,"2026-05-22T02:01:18.624765Z","2026-05-22T02:01:22.141715Z",1779415278.62477,1779415282.14172,0.000619,0.000689,0.000722,3.49662,3.496764,3.495898,0.000144000000000144,3.4897,0.0272491767883301
"2026-05-22T02:01:25.840Z","run_bootstrap",229,"http://client1:8000","run","http://client1:8000/run",1,TRUE,200,1110,255,3.59713411331177,"2026-05-22T02:01:22.238759Z","2026-05-22T02:01:25.835893Z",1779415282.23876,1779415285.83589,0.000857,0.00107,0.001116,3.583934,3.584092,3.582818,0.00015799999999988,3.5762,0.0209341133117675
"2026-05-22T02:01:25.840Z","run_bootstrap",229,"http://client2:8000","run","http://client2:8000/run",1,TRUE,200,1110,253,3.53867077827454,"2026-05-22T02:01:22.238494Z","2026-05-22T02:01:25.777165Z",1779415282.23849,1779415285.77717,0.000781,0.000879,0.000933,3.52446,3.524609,3.523527,0.000148999999999955,3.5147,0.0239707782745362
"2026-05-22T02:01:25.840Z","run_bootstrap",229,"http://client3:8000","run","http://client3:8000/run",1,TRUE,200,1110,252,3.49850535392761,"2026-05-22T02:01:22.239084Z","2026-05-22T02:01:25.737589Z",1779415282.23908,1779415285.73759,0.000585,0.000692,0.00073,3.485279,3.485413,3.484549,0.000134000000000079,3.4781,0.0204053539276123
"2026-05-22T02:01:29.598Z","run_bootstrap",230,"http://client1:8000","run","http://client1:8000/run",1,TRUE,200,1110,255,3.73777651786804,"2026-05-22T02:01:25.852365Z","2026-05-22T02:01:29.590141Z",1779415285.85237,1779415289.59014,0.000643,0.000748,0.000783,3.722952,3.723083,3.722169,0.000131000000000103,3.7156,0.0221765178680422
"2026-05-22T02:01:29.598Z","run_bootstrap",230,"http://client2:8000","run","http://client2:8000/run",1,TRUE,200,1110,253,3.44200110435486,"2026-05-22T02:01:25.854695Z","2026-05-22T02:01:29.296696Z",1779415285.8547,1779415289.2967,0.000811,9e-04,0.000924,3.424087,3.424211,3.423163,0.000124000000000013,3.4169,0.0251011043548584
"2026-05-22T02:01:29.598Z","run_bootstrap",230,"http://client3:8000","run","http://client3:8000/run",1,TRUE,200,1110,252,3.50685262680054,"2026-05-22T02:01:25.855070Z","2026-05-22T02:01:29.361922Z",1779415285.85507,1779415289.36192,0.000565,0.000637,0.000668,3.486069,3.486199,3.485401,0.000129999999999963,3.4785,0.0283526268005372
"2026-05-22T02:01:33.359Z","run_bootstrap",231,"http://client1:8000","run","http://client1:8000/run",1,TRUE,200,1110,255,3.48098182678223,"2026-05-22T02:01:29.612776Z","2026-05-22T02:01:33.093758Z",1779415289.61278,1779415293.09376,0.000404,0.000515,0.00055,3.455921,3.456048,3.455371,0.000126999999999988,3.4458,0.0351818267822264
"2026-05-22T02:01:33.359Z","run_bootstrap",231,"http://client2:8000","run","http://client2:8000/run",1,TRUE,200,1110,253,3.74126958847046,"2026-05-22T02:01:29.611919Z","2026-05-22T02:01:33.353188Z",1779415289.61192,1779415293.35319,0.00064,0.000772,0.000809,3.722344,3.722547,3.721535,0.000202999999999953,3.7142,0.027069588470459
"2026-05-22T02:01:33.359Z","run_bootstrap",231,"http://client3:8000","run","http://client3:8000/run",1,TRUE,200,1110,253,3.52566838264465,"2026-05-22T02:01:29.612828Z","2026-05-22T02:01:33.138496Z",1779415289.61283,1779415293.1385,0.00059,7e-04,0.000735,3.507295,3.507385,3.50656,9.00000000001455e-05,3.4994,0.0262683826446533
"2026-05-22T02:01:37.076Z","run_bootstrap",232,"http://client1:8000","run","http://client1:8000/run",1,TRUE,200,1110,255,3.69544005393982,"2026-05-22T02:01:33.376461Z","2026-05-22T02:01:37.071901Z",1779415293.37646,1779415297.0719,0.000562,0.000641,0.000663,3.682421,3.682553,3.681758,0.000131999999999799,3.6736,0.0218400539398194
"2026-05-22T02:01:37.076Z","run_bootstrap",232,"http://client2:8000","run","http://client2:8000/run",1,TRUE,200,1110,253,3.59059858322144,"2026-05-22T02:01:33.377196Z","2026-05-22T02:01:36.967795Z",1779415293.3772,1779415296.9678,0.000618,0.000679,0.000698,3.577669,3.577724,3.576971,5.49999999996942e-05,3.5707,0.0198985832214356
"2026-05-22T02:01:37.076Z","run_bootstrap",232,"http://client3:8000","run","http://client3:8000/run",1,TRUE,200,1110,253,3.53435683250427,"2026-05-22T02:01:33.378735Z","2026-05-22T02:01:36.913092Z",1779415293.37874,1779415296.91309,0.000518,0.000606,0.000639,3.514652,3.514787,3.514013,0.000135000000000218,3.5075,0.0268568325042726
"2026-05-22T02:01:40.886Z","run_bootstrap",233,"http://client1:8000","run","http://client1:8000/run",1,TRUE,200,1110,254,3.68807673454285,"2026-05-22T02:01:37.087832Z","2026-05-22T02:01:40.775909Z",1779415297.08783,1779415300.77591,0.000574,0.000652,0.000674,3.674845,3.67496,3.674171,0.000115000000000087,3.6671,0.0209767345428467
"2026-05-22T02:01:40.886Z","run_bootstrap",233,"http://client2:8000","run","http://client2:8000/run",1,TRUE,200,1110,254,3.74324488639832,"2026-05-22T02:01:37.089276Z","2026-05-22T02:01:40.832520Z",1779415297.08928,1779415300.83252,0.000536,0.000614,0.000646,3.728851,3.728989,3.728205,0.000137999999999749,3.7217,0.0215448863983156
"2026-05-22T02:01:40.886Z","run_bootstrap",233,"http://client3:8000","run","http://client3:8000/run",1,TRUE,200,1110,253,3.79308199882507,"2026-05-22T02:01:37.088502Z","2026-05-22T02:01:40.881584Z",1779415297.0885,1779415300.88158,0.000637,0.000859,0.000905,3.780533,3.780664,3.779628,0.000130999999999659,3.7734,0.0196819988250732
"2026-05-22T02:01:44.745Z","run_bootstrap",234,"http://client1:8000","run","http://client1:8000/run",1,TRUE,200,1110,254,3.71533417701721,"2026-05-22T02:01:40.898751Z","2026-05-22T02:01:44.614085Z",1779415300.89875,1779415304.61409,0.000656,0.000747,0.000779,3.700547,3.700667,3.699768,0.000120000000000342,3.6922,0.0231341770172118
"2026-05-22T02:01:44.745Z","run_bootstrap",234,"http://client2:8000","run","http://client2:8000/run",1,TRUE,200,1110,254,3.40135741233826,"2026-05-22T02:01:40.898498Z","2026-05-22T02:01:44.299855Z",1779415300.8985,1779415304.29986,0.000686,0.000915,0.000971,3.38687,3.387001,3.385899,0.000131000000000103,3.3764,0.024957412338257
"2026-05-22T02:01:44.745Z","run_bootstrap",234,"http://client3:8000","run","http://client3:8000/run",1,TRUE,200,1110,253,3.83770275115967,"2026-05-22T02:01:40.900305Z","2026-05-22T02:01:44.738008Z",1779415300.90031,1779415304.73801,0.00045,0.000554,0.000589,3.820941,3.82107,3.820352,0.000129000000000268,3.8144,0.023302751159668
"2026-05-22T02:01:48.558Z","run_bootstrap",235,"http://client1:8000","run","http://client1:8000/run",1,TRUE,200,1109,255,3.79322934150696,"2026-05-22T02:01:44.757018Z","2026-05-22T02:01:48.550248Z",1779415304.75702,1779415308.55025,0.000764,0.000888,0.000922,3.777604,3.777753,3.776682,0.000148999999999955,3.769,0.0242293415069579
"2026-05-22T02:01:48.558Z","run_bootstrap",235,"http://client2:8000","run","http://client2:8000/run",1,TRUE,200,1109,254,3.71469926834106,"2026-05-22T02:01:44.757580Z","2026-05-22T02:01:48.472279Z",1779415304.75758,1779415308.47228,0.00052,0.000631,0.000669,3.698136,3.69828,3.697467,0.000144000000000144,3.6903,0.0243992683410643
"2026-05-22T02:01:48.558Z","run_bootstrap",235,"http://client3:8000","run","http://client3:8000/run",1,TRUE,200,1109,250,3.57485961914062,"2026-05-22T02:01:44.758043Z","2026-05-22T02:01:48.332902Z",1779415304.75804,1779415308.3329,0.000484,0.000569,0.000603,3.554803,3.554913,3.5542,0.000109999999999832,3.5438,0.0310596191406249
"2026-05-22T02:01:52.337Z","run_bootstrap",236,"http://client1:8000","run","http://client1:8000/run",1,TRUE,200,1109,255,3.66010499000549,"2026-05-22T02:01:48.574980Z","2026-05-22T02:01:52.235085Z",1779415308.57498,1779415312.23509,0.000395,0.000486,0.000508,3.640149,3.640256,3.639641,0.000106999999999857,3.632,0.028104990005493
"2026-05-22T02:01:52.337Z","run_bootstrap",236,"http://client2:8000","run","http://client2:8000/run",1,TRUE,200,1109,254,3.66731071472168,"2026-05-22T02:01:48.575810Z","2026-05-22T02:01:52.243121Z",1779415308.57581,1779415312.24312,0.000525,0.000576,0.000597,3.647831,3.647978,3.647234,0.000147000000000119,3.6401,0.0272107147216798
"2026-05-22T02:01:52.337Z","run_bootstrap",236,"http://client3:8000","run","http://client3:8000/run",1,TRUE,200,1109,250,3.75657391548157,"2026-05-22T02:01:48.577180Z","2026-05-22T02:01:52.333754Z",1779415308.57718,1779415312.33375,0.000494,0.00057,0.000602,3.732472,3.732609,3.73187,0.000137000000000054,3.7255,0.0310739154815676
"2026-05-22T02:01:56.111Z","run_bootstrap",237,"http://client1:8000","run","http://client1:8000/run",1,TRUE,200,1110,256,3.66676378250122,"2026-05-22T02:01:52.351597Z","2026-05-22T02:01:56.018361Z",1779415312.3516,1779415316.01836,0.000735,0.00085,0.000885,3.653272,3.653417,3.652387,0.000145000000000284,3.6454,0.0213637825012207
"2026-05-22T02:01:56.111Z","run_bootstrap",237,"http://client2:8000","run","http://client2:8000/run",1,TRUE,200,1110,253,3.75269079208374,"2026-05-22T02:01:52.353990Z","2026-05-22T02:01:56.106681Z",1779415312.35399,1779415316.10668,0.000556,0.000647,0.000678,3.737194,3.737322,3.736516,0.000127999999999684,3.7304,0.0222907920837403
"2026-05-22T02:01:56.111Z","run_bootstrap",237,"http://client3:8000","run","http://client3:8000/run",1,TRUE,200,1110,252,3.68374037742615,"2026-05-22T02:01:52.354324Z","2026-05-22T02:01:56.038065Z",1779415312.35432,1779415316.03807,0.000828,0.000912,0.000935,3.669781,3.669911,3.668846,0.000129999999999963,3.6627,0.0210403774261474
"2026-05-22T02:01:59.980Z","run_bootstrap",238,"http://client1:8000","run","http://client1:8000/run",1,TRUE,200,1110,256,3.8344292640686,"2026-05-22T02:01:56.122631Z","2026-05-22T02:01:59.957061Z",1779415316.12263,1779415319.95706,0.000612,0.000718,0.000753,3.82035,3.820441,3.819597,9.10000000002853e-05,3.8124,0.0220292640686037
"2026-05-22T02:01:59.980Z","run_bootstrap",238,"http://client2:8000","run","http://client2:8000/run",1,TRUE,200,1110,253,3.74251961708069,"2026-05-22T02:01:56.123811Z","2026-05-22T02:01:59.866331Z",1779415316.12381,1779415319.86633,0.000597,0.00073,0.000768,3.728505,3.728661,3.727737,0.000155999999999601,3.7212,0.0213196170806884
"2026-05-22T02:01:59.980Z","run_bootstrap",238,"http://client3:8000","run","http://client3:8000/run",1,TRUE,200,1110,252,3.85027289390564,"2026-05-22T02:01:56.125359Z","2026-05-22T02:01:59.975632Z",1779415316.12536,1779415319.97563,0.000629,0.00074,0.000779,3.837311,3.837462,3.836532,0.00015099999999979,3.8298,0.0204728939056396
"2026-05-22T02:02:03.826Z","run_bootstrap",239,"http://client1:8000","run","http://client1:8000/run",1,TRUE,200,1110,255,3.62096858024597,"2026-05-22T02:01:59.992311Z","2026-05-22T02:02:03.613279Z",1779415319.99231,1779415323.61328,0.000658,0.000744,0.000776,3.607283,3.607433,3.606507,0.000150000000000095,3.5997,0.0212685802459718
"2026-05-22T02:02:03.826Z","run_bootstrap",239,"http://client2:8000","run","http://client2:8000/run",1,TRUE,200,1110,254,3.65295505523682,"2026-05-22T02:01:59.991890Z","2026-05-22T02:02:03.644845Z",1779415319.99189,1779415323.64485,0.000597,0.000679,0.000702,3.639205,3.639468,3.638503,0.000262999999999902,3.6318,0.0211550552368163
"2026-05-22T02:02:03.826Z","run_bootstrap",239,"http://client3:8000","run","http://client3:8000/run",1,TRUE,200,1110,253,3.8257040977478,"2026-05-22T02:01:59.993785Z","2026-05-22T02:02:03.819489Z",1779415319.99379,1779415323.81949,0.000586,0.000661,0.000692,3.811271,3.811396,3.810579,0.000124999999999709,3.8035,0.0222040977478026
"2026-05-22T02:02:07.923Z","run_bootstrap",240,"http://client1:8000","run","http://client1:8000/run",1,TRUE,200,1110,255,3.79720687866211,"2026-05-22T02:02:03.839690Z","2026-05-22T02:02:07.636897Z",1779415323.83969,1779415327.6369,0.000656,0.000765,0.000801,3.783753,3.783999,3.782952,0.000246000000000191,3.6266,0.17060687866211
"2026-05-22T02:02:07.923Z","run_bootstrap",240,"http://client2:8000","run","http://client2:8000/run",1,TRUE,200,1110,254,3.89705014228821,"2026-05-22T02:02:03.841641Z","2026-05-22T02:02:07.738691Z",1779415323.84164,1779415327.73869,0.000441,0.000569,0.000592,3.876593,3.876723,3.876001,0.000129999999999963,3.7113,0.185750142288208
"2026-05-22T02:02:07.923Z","run_bootstrap",240,"http://client3:8000","run","http://client3:8000/run",1,TRUE,200,1110,253,4.07690167427063,"2026-05-22T02:02:03.841836Z","2026-05-22T02:02:07.918737Z",1779415323.84184,1779415327.91874,0.000604,0.000648,0.000665,4.057056,4.057181,4.056391,0.000124999999999709,3.9008,0.17610167427063
