"timestamp","phase","round_id","client","endpoint","url","attempt","ok","status","request_bytes","response_bytes","elapsed_sec","request_start_ts_utc","request_end_ts_utc","request_start_epoch_sec","request_end_epoch_sec","curl_namelookup_sec","curl_connect_sec","curl_pretransfer_sec","curl_starttransfer_sec","curl_total_sec","curl_ttfb_sec","curl_response_transfer_sec","client_compute_sec","net_overhead_sec"
"2026-05-23T05:34:32.630Z","init",1,"http://client1:8000","init","http://client1:8000/init",1,TRUE,200,2713,387,0.368185758590698,"2026-05-23T05:34:32.205871Z","2026-05-23T05:34:32.574057Z",1779514472.20587,1779514472.57406,0.000626,0.000749,0.000954,0.354342,0.354371,0.353388,2.90000000000012e-05,NA,NA
"2026-05-23T05:34:32.630Z","init",1,"http://client2:8000","init","http://client2:8000/init",1,TRUE,200,2713,387,0.365286588668823,"2026-05-23T05:34:32.207029Z","2026-05-23T05:34:32.572316Z",1779514472.20703,1779514472.57232,0.000523,0.000736,0.000792,0.351666,0.351711,0.350874,4.50000000000172e-05,NA,NA
"2026-05-23T05:34:32.630Z","init",1,"http://client3:8000","init","http://client3:8000/init",1,TRUE,200,2713,387,0.363649368286133,"2026-05-23T05:34:32.209815Z","2026-05-23T05:34:32.573464Z",1779514472.20982,1779514472.57346,0.000582,0.000681,0.000716,0.345245,0.345291,0.344529,4.59999999999905e-05,NA,NA
"2026-05-23T05:34:38.388Z","run_bootstrap",1,"http://client1:8000","run","http://client1:8000/run",1,TRUE,200,1108,255,5.48698663711548,"2026-05-23T05:34:32.854149Z","2026-05-23T05:34:38.341136Z",1779514472.85415,1779514478.34114,0.000666,0.000726,0.000747,5.473409,5.473452,5.472662,4.29999999997932e-05,5.4176,0.0693866371154783
"2026-05-23T05:34:38.388Z","run_bootstrap",1,"http://client2:8000","run","http://client2:8000/run",1,TRUE,200,1108,257,5.50502014160156,"2026-05-23T05:34:32.854751Z","2026-05-23T05:34:38.359771Z",1779514472.85475,1779514478.35977,0.000556,0.000628,0.000654,5.49207,5.492112,5.491416,4.19999999996534e-05,5.4359,0.0691201416015623
"2026-05-23T05:34:38.388Z","run_bootstrap",1,"http://client3:8000","run","http://client3:8000/run",1,TRUE,200,1108,252,5.5278754234314,"2026-05-23T05:34:32.855669Z","2026-05-23T05:34:38.383545Z",1779514472.85567,1779514478.38355,0.000656,0.000711,0.000732,5.516518,5.516556,5.515786,3.79999999999825e-05,5.461,0.0668754234313962
"2026-05-23T05:34:42.227Z","run_bootstrap",2,"http://client1:8000","run","http://client1:8000/run",1,TRUE,200,1108,255,3.78099656105042,"2026-05-23T05:34:38.441520Z","2026-05-23T05:34:42.222516Z",1779514478.44152,1779514482.22252,0.000491,0.000567,0.000588,3.767011,3.767042,3.766423,3.09999999998922e-05,3.6562,0.124796561050415
"2026-05-23T05:34:42.227Z","run_bootstrap",2,"http://client2:8000","run","http://client2:8000/run",1,TRUE,200,1108,257,3.48498797416687,"2026-05-23T05:34:38.443091Z","2026-05-23T05:34:41.928079Z",1779514478.44309,1779514481.92808,0.000588,0.000663,0.000693,3.469659,3.469698,3.468966,3.90000000001223e-05,3.3558,0.12918797416687
"2026-05-23T05:34:42.227Z","run_bootstrap",2,"http://client3:8000","run","http://client3:8000/run",1,TRUE,200,1108,253,3.48589324951172,"2026-05-23T05:34:38.442184Z","2026-05-23T05:34:41.928077Z",1779514478.44218,1779514481.92808,0.000654,0.000739,0.000772,3.47187,3.471914,3.471098,4.3999999999933e-05,3.3605,0.125393249511719
"2026-05-23T05:34:45.967Z","run_bootstrap",3,"http://client1:8000","run","http://client1:8000/run",1,TRUE,200,1110,263,3.47323608398438,"2026-05-23T05:34:42.242715Z","2026-05-23T05:34:45.715951Z",1779514482.24272,1779514485.71595,0.000611,0.000714,0.000753,3.455773,3.455823,3.45502,4.99999999998835e-05,3.4486,0.0246360839843751
"2026-05-23T05:34:45.967Z","run_bootstrap",3,"http://client2:8000","run","http://client2:8000/run",1,TRUE,200,1110,259,3.71935391426086,"2026-05-23T05:34:42.243170Z","2026-05-23T05:34:45.962524Z",1779514482.24317,1779514485.96252,0.000616,0.000728,0.000769,3.699395,3.699444,3.698626,4.90000000001878e-05,3.6924,0.0269539142608641
"2026-05-23T05:34:45.967Z","run_bootstrap",3,"http://client3:8000","run","http://client3:8000/run",1,TRUE,200,1110,261,3.24052953720093,"2026-05-23T05:34:42.243753Z","2026-05-23T05:34:45.484282Z",1779514482.24375,1779514485.48428,0.000604,0.000698,0.000735,3.220825,3.220872,3.22009,4.69999999999082e-05,3.211,0.0295295372009279
"2026-05-23T05:34:49.541Z","run_bootstrap",4,"http://client1:8000","run","http://client1:8000/run",1,TRUE,200,1110,263,3.55584192276001,"2026-05-23T05:34:45.980751Z","2026-05-23T05:34:49.536593Z",1779514485.98075,1779514489.53659,7e-04,0.000812,0.000847,3.542871,3.542914,3.542024,4.30000000002373e-05,3.5354,0.0204419227600097
"2026-05-23T05:34:49.541Z","run_bootstrap",4,"http://client2:8000","run","http://client2:8000/run",1,TRUE,200,1110,259,3.25176167488098,"2026-05-23T05:34:45.982699Z","2026-05-23T05:34:49.234460Z",1779514485.9827,1779514489.23446,0.000734,0.000799,0.000818,3.237466,3.237536,3.236648,7.00000000000145e-05,3.2277,0.0240616748809814
"2026-05-23T05:34:49.541Z","run_bootstrap",4,"http://client3:8000","run","http://client3:8000/run",1,TRUE,200,1110,262,3.54392075538635,"2026-05-23T05:34:45.983256Z","2026-05-23T05:34:49.527177Z",1779514485.98326,1779514489.52718,0.000439,0.000563,0.000602,3.530447,3.530508,3.529845,6.10000000000888e-05,3.5238,0.0201207553863525
"2026-05-23T05:34:53.245Z","run_bootstrap",5,"http://client1:8000","run","http://client1:8000/run",1,TRUE,200,1108,251,3.40243101119995,"2026-05-23T05:34:49.552022Z","2026-05-23T05:34:52.954453Z",1779514489.55202,1779514492.95445,0.000492,0.000583,0.000616,3.382964,3.383002,3.382348,3.79999999999825e-05,3.3753,0.027131011199951
"2026-05-23T05:34:53.245Z","run_bootstrap",5,"http://client2:8000","run","http://client2:8000/run",1,TRUE,200,1108,255,3.68755602836609,"2026-05-23T05:34:49.551488Z","2026-05-23T05:34:53.239044Z",1779514489.55149,1779514493.23904,0.000717,0.000832,0.000878,3.668311,3.66834,3.667433,2.90000000000568e-05,3.6598,0.0277560283660887
"2026-05-23T05:34:53.245Z","run_bootstrap",5,"http://client3:8000","run","http://client3:8000/run",1,TRUE,200,1108,255,3.44114136695862,"2026-05-23T05:34:49.553114Z","2026-05-23T05:34:52.994255Z",1779514489.55311,1779514492.99426,0.00057,0.000691,0.000731,3.42225,3.422283,3.421519,3.30000000001718e-05,3.4154,0.0257413669586182
"2026-05-23T05:34:56.985Z","run_bootstrap",6,"http://client1:8000","run","http://client1:8000/run",1,TRUE,200,1108,251,3.72121715545654,"2026-05-23T05:34:53.260084Z","2026-05-23T05:34:56.981301Z",1779514493.26008,1779514496.9813,0.000697,0.000841,0.00088,3.707027,3.707068,3.706147,4.09999999999577e-05,3.6997,0.021517155456543
"2026-05-23T05:34:56.985Z","run_bootstrap",6,"http://client2:8000","run","http://client2:8000/run",1,TRUE,200,1108,255,3.71535229682922,"2026-05-23T05:34:53.262040Z","2026-05-23T05:34:56.977392Z",1779514493.26204,1779514496.97739,0.000528,0.000685,0.000727,3.697335,3.697377,3.696608,4.20000000000975e-05,3.6902,0.0251522968292237
"2026-05-23T05:34:56.985Z","run_bootstrap",6,"http://client3:8000","run","http://client3:8000/run",1,TRUE,200,1108,255,3.37832736968994,"2026-05-23T05:34:53.262445Z","2026-05-23T05:34:56.640773Z",1779514493.26245,1779514496.64077,0.000521,0.000632,0.000668,3.362751,3.362796,3.362083,4.50000000000728e-05,3.3558,0.0225273696899415
"2026-05-23T05:35:00.526Z","run_bootstrap",7,"http://client1:8000","run","http://client1:8000/run",1,TRUE,200,1108,251,3.40469217300415,"2026-05-23T05:34:56.996187Z","2026-05-23T05:35:00.400880Z",1779514496.99619,1779514500.40088,0.000766,0.00087,0.000913,3.390537,3.390587,3.389624,4.99999999998835e-05,3.3798,0.0248921730041505
"2026-05-23T05:35:00.526Z","run_bootstrap",7,"http://client2:8000","run","http://client2:8000/run",1,TRUE,200,1108,255,3.47010540962219,"2026-05-23T05:34:56.997310Z","2026-05-23T05:35:00.467416Z",1779514496.99731,1779514500.46742,0.000577,0.000663,0.000705,3.456828,3.456873,3.456123,4.50000000000728e-05,3.4501,0.0200054096221924
"2026-05-23T05:35:00.526Z","run_bootstrap",7,"http://client3:8000","run","http://client3:8000/run",1,TRUE,200,1108,254,3.52234292030334,"2026-05-23T05:34:56.997178Z","2026-05-23T05:35:00.519521Z",1779514496.99718,1779514500.51952,0.000602,0.000677,0.000725,3.508877,3.50892,3.508152,4.29999999997932e-05,3.5022,0.0201429203033445
"2026-05-23T05:35:04.382Z","run_bootstrap",8,"http://client1:8000","run","http://client1:8000/run",1,TRUE,200,1108,251,3.54613256454468,"2026-05-23T05:35:00.538750Z","2026-05-23T05:35:04.084883Z",1779514500.53875,1779514504.08488,0.000707,0.000793,0.000831,3.529658,3.529705,3.528827,4.69999999999082e-05,3.5215,0.0246325645446777
"2026-05-23T05:35:04.382Z","run_bootstrap",8,"http://client2:8000","run","http://client2:8000/run",1,TRUE,200,1108,255,3.56958413124084,"2026-05-23T05:35:00.539255Z","2026-05-23T05:35:04.108839Z",1779514500.53926,1779514504.10884,0.000677,0.000763,0.00079,3.553501,3.553553,3.552711,5.2000000000163e-05,3.5438,0.0257841312408447
"2026-05-23T05:35:04.382Z","run_bootstrap",8,"http://client3:8000","run","http://client3:8000/run",1,TRUE,200,1108,254,3.83498954772949,"2026-05-23T05:35:00.539959Z","2026-05-23T05:35:04.374949Z",1779514500.53996,1779514504.37495,0.000743,0.000825,0.000856,3.819798,3.819843,3.818942,4.50000000000728e-05,3.8127,0.0222895477294922
"2026-05-23T05:35:08.399Z","run_bootstrap",9,"http://client1:8000","run","http://client1:8000/run",1,TRUE,200,1108,251,3.80335640907288,"2026-05-23T05:35:04.393725Z","2026-05-23T05:35:08.197082Z",1779514504.39373,1779514508.19708,0.000659,0.000766,8e-04,3.790107,3.790151,3.789307,4.3999999999933e-05,3.7828,0.020556409072876
"2026-05-23T05:35:08.399Z","run_bootstrap",9,"http://client2:8000","run","http://client2:8000/run",1,TRUE,200,1108,257,3.99813461303711,"2026-05-23T05:35:04.395402Z","2026-05-23T05:35:08.393537Z",1779514504.3954,1779514508.39354,0.000635,0.000745,0.00078,3.979346,3.97939,3.978566,4.3999999999933e-05,3.9725,0.0256346130371092
"2026-05-23T05:35:08.399Z","run_bootstrap",9,"http://client3:8000","run","http://client3:8000/run",1,TRUE,200,1108,253,3.7311909198761,"2026-05-23T05:35:04.395867Z","2026-05-23T05:35:08.127058Z",1779514504.39587,1779514508.12706,0.00062,0.000731,0.000766,3.718104,3.718146,3.717338,4.20000000000975e-05,3.7113,0.0198909198760986
"2026-05-23T05:35:12.432Z","run_bootstrap",10,"http://client1:8000","run","http://client1:8000/run",1,TRUE,200,1108,251,3.77673625946045,"2026-05-23T05:35:08.410847Z","2026-05-23T05:35:12.187583Z",1779514508.41085,1779514512.18758,0.000694,0.00082,0.000855,3.756098,3.756145,3.755243,4.69999999999082e-05,3.7485,0.0282362594604493
"2026-05-23T05:35:12.432Z","run_bootstrap",10,"http://client2:8000","run","http://client2:8000/run",1,TRUE,200,1108,256,4.01655745506287,"2026-05-23T05:35:08.411369Z","2026-05-23T05:35:12.427927Z",1779514508.41137,1779514512.42793,0.000802,0.000855,0.00088,3.996017,3.996072,3.995137,5.49999999996942e-05,3.989,0.0275574550628663
"2026-05-23T05:35:12.432Z","run_bootstrap",10,"http://client3:8000","run","http://client3:8000/run",1,TRUE,200,1108,253,3.75775361061096,"2026-05-23T05:35:08.411906Z","2026-05-23T05:35:12.169660Z",1779514508.41191,1779514512.16966,0.000762,0.000838,0.000874,3.738398,3.738441,3.737524,4.29999999997932e-05,3.7312,0.0265536106109621
"2026-05-23T05:35:16.395Z","run_bootstrap",11,"http://client1:8000","run","http://client1:8000/run",1,TRUE,200,1110,249,3.94568371772766,"2026-05-23T05:35:12.443303Z","2026-05-23T05:35:16.388987Z",1779514512.4433,1779514516.38899,0.000475,0.000599,0.000638,3.923062,3.923111,3.922424,4.90000000001878e-05,3.916,0.0296837177276612
"2026-05-23T05:35:16.395Z","run_bootstrap",11,"http://client2:8000","run","http://client2:8000/run",1,TRUE,200,1110,257,3.8412652015686,"2026-05-23T05:35:12.444023Z","2026-05-23T05:35:16.285288Z",1779514512.44402,1779514516.28529,0.000576,0.000657,0.000687,3.814255,3.814304,3.813568,4.89999999997437e-05,3.8076,0.0336652015686036
"2026-05-23T05:35:16.395Z","run_bootstrap",11,"http://client3:8000","run","http://client3:8000/run",1,TRUE,200,1110,253,3.90797710418701,"2026-05-23T05:35:12.448521Z","2026-05-23T05:35:16.356498Z",1779514512.44852,1779514516.3565,0.00061,0.000699,0.000731,3.89081,3.890859,3.890079,4.89999999997437e-05,3.8842,0.0237771041870118
"2026-05-23T05:35:20.311Z","run_bootstrap",12,"http://client1:8000","run","http://client1:8000/run",1,TRUE,200,1110,250,3.89621925354004,"2026-05-23T05:35:16.411135Z","2026-05-23T05:35:20.307354Z",1779514516.41114,1779514520.30735,0.000435,0.000518,0.000543,3.878696,3.878728,3.878153,3.2000000000032e-05,3.8719,0.0243192535400389
"2026-05-23T05:35:20.311Z","run_bootstrap",12,"http://client2:8000","run","http://client2:8000/run",1,TRUE,200,1110,257,3.88178253173828,"2026-05-23T05:35:16.411613Z","2026-05-23T05:35:20.293395Z",1779514516.41161,1779514520.2934,0.000619,0.000677,7e-04,3.864347,3.864417,3.863647,7.00000000000145e-05,3.8579,0.0238825317382814
"2026-05-23T05:35:20.311Z","run_bootstrap",12,"http://client3:8000","run","http://client3:8000/run",1,TRUE,200,1110,253,3.89073657989502,"2026-05-23T05:35:16.412210Z","2026-05-23T05:35:20.302947Z",1779514516.41221,1779514520.30295,0.000463,0.000536,0.000568,3.872845,3.87289,3.872277,4.50000000000728e-05,3.8654,0.0253365798950194
"2026-05-23T05:35:23.984Z","run_bootstrap",13,"http://client1:8000","run","http://client1:8000/run",1,TRUE,200,1109,250,3.65385794639587,"2026-05-23T05:35:20.323094Z","2026-05-23T05:35:23.976952Z",1779514520.32309,1779514523.97695,0.000511,0.000598,0.00063,3.632569,3.632613,3.631939,4.3999999999933e-05,3.6256,0.0282579463958741
"2026-05-23T05:35:23.984Z","run_bootstrap",13,"http://client2:8000","run","http://client2:8000/run",1,TRUE,200,1109,257,3.61215281486511,"2026-05-23T05:35:20.322501Z","2026-05-23T05:35:23.934654Z",1779514520.3225,1779514523.93465,0.000679,0.000782,0.000816,3.598542,3.598584,3.597726,4.19999999996534e-05,3.5912,0.0209528148651121
"2026-05-23T05:35:23.984Z","run_bootstrap",13,"http://client3:8000","run","http://client3:8000/run",1,TRUE,200,1109,253,3.50602459907532,"2026-05-23T05:35:20.324167Z","2026-05-23T05:35:23.830191Z",1779514520.32417,1779514523.83019,0.000571,0.000691,0.000727,3.486538,3.486579,3.485811,4.09999999999577e-05,3.4799,0.0261245990753172
"2026-05-23T05:35:27.536Z","run_bootstrap",14,"http://client1:8000","run","http://client1:8000/run",1,TRUE,200,1109,250,3.38178372383118,"2026-05-23T05:35:23.995757Z","2026-05-23T05:35:27.377541Z",1779514523.99576,1779514527.37754,0.000583,0.000662,0.000684,3.36919,3.369224,3.368506,3.39999999998675e-05,3.3625,0.0192837238311769
"2026-05-23T05:35:27.536Z","run_bootstrap",14,"http://client2:8000","run","http://client2:8000/run",1,TRUE,200,1109,257,3.53560829162598,"2026-05-23T05:35:23.996095Z","2026-05-23T05:35:27.531703Z",1779514523.9961,1779514527.5317,0.000624,0.00068,0.000698,3.523384,3.523441,3.522686,5.69999999999737e-05,3.5165,0.0191082916259764
"2026-05-23T05:35:27.536Z","run_bootstrap",14,"http://client3:8000","run","http://client3:8000/run",1,TRUE,200,1109,253,3.44873571395874,"2026-05-23T05:35:23.996615Z","2026-05-23T05:35:27.445351Z",1779514523.99662,1779514527.44535,0.000625,0.000715,0.000751,3.436545,3.436585,3.435794,3.9999999999818e-05,3.4293,0.0194357139587402
"2026-05-23T05:35:31.093Z","run_bootstrap",15,"http://client1:8000","run","http://client1:8000/run",1,TRUE,200,1108,249,3.5402364730835,"2026-05-23T05:35:27.548894Z","2026-05-23T05:35:31.089130Z",1779514527.54889,1779514531.08913,0.000643,0.000707,0.00073,3.525298,3.52533,3.524568,3.2000000000032e-05,3.5176,0.0226364730834963
"2026-05-23T05:35:31.093Z","run_bootstrap",15,"http://client2:8000","run","http://client2:8000/run",1,TRUE,200,1108,254,3.45955872535706,"2026-05-23T05:35:27.549583Z","2026-05-23T05:35:31.009142Z",1779514527.54958,1779514531.00914,0.000542,0.000616,0.000646,3.440016,3.440062,3.43937,4.60000000002125e-05,3.432,0.0275587253570557
"2026-05-23T05:35:31.093Z","run_bootstrap",15,"http://client3:8000","run","http://client3:8000/run",1,TRUE,200,1108,251,3.41809511184692,"2026-05-23T05:35:27.550061Z","2026-05-23T05:35:30.968157Z",1779514527.55006,1779514530.96816,0.000442,0.000547,0.00058,3.403314,3.403357,3.402734,4.30000000002373e-05,3.3967,0.0213951118469238
"2026-05-23T05:35:34.761Z","run_bootstrap",16,"http://client1:8000","run","http://client1:8000/run",1,TRUE,200,1108,249,3.45442247390747,"2026-05-23T05:35:31.105259Z","2026-05-23T05:35:34.559682Z",1779514531.10526,1779514534.55968,0.000564,0.000651,0.000674,3.432291,3.432322,3.431617,3.09999999998922e-05,3.4252,0.0292224739074709
"2026-05-23T05:35:34.761Z","run_bootstrap",16,"http://client2:8000","run","http://client2:8000/run",1,TRUE,200,1108,255,3.64825558662415,"2026-05-23T05:35:31.105961Z","2026-05-23T05:35:34.754217Z",1779514531.10596,1779514534.75422,0.000498,0.000574,0.000615,3.624065,3.624095,3.62345,3.00000000001965e-05,3.6174,0.0308555866241456
"2026-05-23T05:35:34.761Z","run_bootstrap",16,"http://client3:8000","run","http://client3:8000/run",1,TRUE,200,1108,251,3.24063467979431,"2026-05-23T05:35:31.106564Z","2026-05-23T05:35:34.347199Z",1779514531.10656,1779514534.3472,0.000558,0.00064,0.000662,3.219617,3.21965,3.218955,3.30000000001718e-05,3.2131,0.0275346797943117
"2026-05-23T05:35:38.395Z","run_bootstrap",17,"http://client1:8000","run","http://client1:8000/run",1,TRUE,200,1109,251,3.40302991867065,"2026-05-23T05:35:34.775895Z","2026-05-23T05:35:38.178925Z",1779514534.7759,1779514538.17893,0.000828,0.000931,0.000978,3.388164,3.388209,3.387186,4.49999999996287e-05,3.3774,0.0256299186706541
"2026-05-23T05:35:38.395Z","run_bootstrap",17,"http://client2:8000","run","http://client2:8000/run",1,TRUE,200,1109,257,3.61271619796753,"2026-05-23T05:35:34.776275Z","2026-05-23T05:35:38.388992Z",1779514534.77628,1779514538.38899,0.000826,0.000903,0.000936,3.598336,3.598384,3.5974,4.79999999996039e-05,3.5913,0.0214161979675294
"2026-05-23T05:35:38.395Z","run_bootstrap",17,"http://client3:8000","run","http://client3:8000/run",1,TRUE,200,1109,252,3.49917078018188,"2026-05-23T05:35:34.776282Z","2026-05-23T05:35:38.275453Z",1779514534.77628,1779514538.27545,0.00075,0.000874,0.000916,3.485575,3.485607,3.484659,3.2000000000032e-05,3.4777,0.0214707801818848
"2026-05-23T05:35:42.060Z","run_bootstrap",18,"http://client1:8000","run","http://client1:8000/run",1,TRUE,200,1109,251,3.52928280830383,"2026-05-23T05:35:38.406882Z","2026-05-23T05:35:41.936164Z",1779514538.40688,1779514541.93616,0.000672,0.000781,0.000824,3.515973,3.516016,3.515149,4.30000000002373e-05,3.5087,0.0205828083038329
"2026-05-23T05:35:42.060Z","run_bootstrap",18,"http://client2:8000","run","http://client2:8000/run",1,TRUE,200,1109,257,3.30015087127686,"2026-05-23T05:35:38.408627Z","2026-05-23T05:35:41.708777Z",1779514538.40863,1779514541.70878,0.00068,0.00074,0.000762,3.281345,3.281388,3.280583,4.30000000002373e-05,3.2704,0.0297508712768555
"2026-05-23T05:35:42.060Z","run_bootstrap",18,"http://client3:8000","run","http://client3:8000/run",1,TRUE,200,1109,252,3.64712858200073,"2026-05-23T05:35:38.409012Z","2026-05-23T05:35:42.056140Z",1779514538.40901,1779514542.05614,0.000598,0.000685,0.000715,3.629518,3.629552,3.628803,3.39999999998675e-05,3.6226,0.0245285820007326
"2026-05-23T05:35:45.563Z","run_bootstrap",19,"http://client1:8000","run","http://client1:8000/run",1,TRUE,200,1110,250,3.40785884857178,"2026-05-23T05:35:42.071103Z","2026-05-23T05:35:45.478962Z",1779514542.0711,1779514545.47896,0.000632,0.000738,0.000773,3.394544,3.394829,3.393771,0.000285000000000313,3.3873,0.0205588485717771
"2026-05-23T05:35:45.563Z","run_bootstrap",19,"http://client2:8000","run","http://client2:8000/run",1,TRUE,200,1110,252,3.48611640930176,"2026-05-23T05:35:42.073340Z","2026-05-23T05:35:45.559457Z",1779514542.07334,1779514545.55946,0.000576,0.00069,0.000725,3.471787,3.471827,3.471062,4.0000000000262e-05,3.465,0.021116409301758
"2026-05-23T05:35:45.563Z","run_bootstrap",19,"http://client3:8000","run","http://client3:8000/run",1,TRUE,200,1110,253,3.46218419075012,"2026-05-23T05:35:42.073647Z","2026-05-23T05:35:45.535831Z",1779514542.07365,1779514545.53583,0.000576,0.000684,0.000719,3.442164,3.442223,3.441445,5.89999999998092e-05,3.4352,0.026984190750122
"2026-05-23T05:35:49.452Z","run_bootstrap",20,"http://client1:8000","run","http://client1:8000/run",1,TRUE,200,1110,250,3.87236332893372,"2026-05-23T05:35:45.575738Z","2026-05-23T05:35:49.448101Z",1779514545.57574,1779514549.4481,0.000415,0.000508,0.000541,3.853601,3.853635,3.85306,3.40000000003116e-05,3.6999,0.172463328933716
"2026-05-23T05:35:49.452Z","run_bootstrap",20,"http://client2:8000","run","http://client2:8000/run",1,TRUE,200,1110,253,3.49398231506348,"2026-05-23T05:35:45.576142Z","2026-05-23T05:35:49.070124Z",1779514545.57614,1779514549.07012,0.000677,0.000796,0.000833,3.478641,3.478682,3.477808,4.09999999999577e-05,3.3275,0.166482315063476
"2026-05-23T05:35:49.452Z","run_bootstrap",20,"http://client3:8000","run","http://client3:8000/run",1,TRUE,200,1110,253,3.64339208602905,"2026-05-23T05:35:45.576658Z","2026-05-23T05:35:49.220050Z",1779514545.57666,1779514549.22005,0.000515,0.000595,0.000626,3.627853,3.627893,3.627227,3.9999999999818e-05,3.4761,0.167292086029053
"2026-05-23T05:35:53.143Z","run_bootstrap",21,"http://client1:8000","run","http://client1:8000/run",1,TRUE,200,1108,250,3.51374697685242,"2026-05-23T05:35:49.462884Z","2026-05-23T05:35:52.976631Z",1779514549.46288,1779514552.97663,0.000664,0.000767,0.000801,3.500636,3.500683,3.499835,4.69999999999082e-05,3.4935,0.0202469768524169
"2026-05-23T05:35:53.143Z","run_bootstrap",21,"http://client2:8000","run","http://client2:8000/run",1,TRUE,200,1108,257,3.4887158870697,"2026-05-23T05:35:49.464540Z","2026-05-23T05:35:52.953256Z",1779514549.46454,1779514552.95326,0.000596,0.000695,0.000731,3.468362,3.468421,3.467631,5.90000000002533e-05,3.4619,0.0268158870697022
"2026-05-23T05:35:53.143Z","run_bootstrap",21,"http://client3:8000","run","http://client3:8000/run",1,TRUE,200,1108,252,3.67184209823608,"2026-05-23T05:35:49.465000Z","2026-05-23T05:35:53.136842Z",1779514549.465,1779514553.13684,0.000583,0.000689,0.000725,3.651728,3.651781,3.651003,5.30000000003028e-05,3.6453,0.0265420982360838
"2026-05-23T05:35:56.866Z","run_bootstrap",22,"http://client1:8000","run","http://client1:8000/run",1,TRUE,200,1108,250,3.53835678100586,"2026-05-23T05:35:53.161960Z","2026-05-23T05:35:56.700316Z",1779514553.16196,1779514556.70032,0.00054,0.000653,0.00069,3.518305,3.518346,3.517615,4.10000000004018e-05,3.5112,0.0271567810058593
"2026-05-23T05:35:56.866Z","run_bootstrap",22,"http://client2:8000","run","http://client2:8000/run",1,TRUE,200,1108,257,3.42271184921265,"2026-05-23T05:35:53.162218Z","2026-05-23T05:35:56.584930Z",1779514553.16222,1779514556.58493,0.000705,0.000827,0.000861,3.404975,3.405019,3.404114,4.3999999999933e-05,3.3977,0.0250118492126465
"2026-05-23T05:35:56.866Z","run_bootstrap",22,"http://client3:8000","run","http://client3:8000/run",1,TRUE,200,1108,252,3.69908833503723,"2026-05-23T05:35:53.162868Z","2026-05-23T05:35:56.861956Z",1779514553.16287,1779514556.86196,0.000533,0.000653,0.000685,3.680343,3.680384,3.679658,4.09999999999577e-05,3.6734,0.0256883350372314
"2026-05-23T05:36:00.615Z","run_bootstrap",23,"http://client1:8000","run","http://client1:8000/run",1,TRUE,200,1110,250,3.48643636703491,"2026-05-23T05:35:56.879773Z","2026-05-23T05:36:00.366210Z",1779514556.87977,1779514560.36621,0.000505,0.000568,0.000589,3.472388,3.472424,3.471799,3.6000000000147e-05,3.4656,0.0208363670349123
"2026-05-23T05:36:00.615Z","run_bootstrap",23,"http://client2:8000","run","http://client2:8000/run",1,TRUE,200,1110,257,3.50543212890625,"2026-05-23T05:35:56.879182Z","2026-05-23T05:36:00.384614Z",1779514556.87918,1779514560.38461,0.000797,0.000917,0.000952,3.491268,3.491312,3.490316,4.40000000003771e-05,3.4839,0.0215321289062498
"2026-05-23T05:36:00.615Z","run_bootstrap",23,"http://client3:8000","run","http://client3:8000/run",1,TRUE,200,1110,252,3.73016929626465,"2026-05-23T05:35:56.880837Z","2026-05-23T05:36:00.611007Z",1779514556.88084,1779514560.61101,0.000502,0.000563,0.000584,3.717192,3.717222,3.716608,3.00000000001965e-05,3.7106,0.0195692962646485
"2026-05-23T05:36:04.222Z","run_bootstrap",24,"http://client1:8000","run","http://client1:8000/run",1,TRUE,200,1110,249,3.5513551235199,"2026-05-23T05:36:00.627636Z","2026-05-23T05:36:04.178992Z",1779514560.62764,1779514564.17899,0.00053,0.000619,0.000651,3.535245,3.535276,3.534594,3.09999999998922e-05,3.527,0.0243551235198973
"2026-05-23T05:36:04.222Z","run_bootstrap",24,"http://client2:8000","run","http://client2:8000/run",1,TRUE,200,1110,257,3.5876259803772,"2026-05-23T05:36:00.627530Z","2026-05-23T05:36:04.215156Z",1779514560.62753,1779514564.21516,0.000585,0.000686,0.00072,3.573834,3.573874,3.573114,3.9999999999818e-05,3.5669,0.0207259803771973
"2026-05-23T05:36:04.222Z","run_bootstrap",24,"http://client3:8000","run","http://client3:8000/run",1,TRUE,200,1110,252,3.54159283638,"2026-05-23T05:36:00.628716Z","2026-05-23T05:36:04.170309Z",1779514560.62872,1779514564.17031,0.00051,0.000625,0.000666,3.526429,3.52647,3.525763,4.10000000004018e-05,3.5192,0.0223928363800048
"2026-05-23T05:36:07.964Z","run_bootstrap",25,"http://client1:8000","run","http://client1:8000/run",1,TRUE,200,1108,250,3.56848502159119,"2026-05-23T05:36:04.233114Z","2026-05-23T05:36:07.801599Z",1779514564.23311,1779514567.8016,0.000516,0.000602,0.000638,3.553071,3.553219,3.552433,0.000147999999999815,3.5461,0.0223850215911865
"2026-05-23T05:36:07.964Z","run_bootstrap",25,"http://client2:8000","run","http://client2:8000/run",1,TRUE,200,1108,256,3.52646136283875,"2026-05-23T05:36:04.233605Z","2026-05-23T05:36:07.760066Z",1779514564.23361,1779514567.76007,0.00045,0.000522,0.000554,3.511442,3.511578,3.510888,0.000135999999999914,3.5035,0.0229613628387453
"2026-05-23T05:36:07.964Z","run_bootstrap",25,"http://client3:8000","run","http://client3:8000/run",1,TRUE,200,1108,253,3.72427010536194,"2026-05-23T05:36:04.233186Z","2026-05-23T05:36:07.957456Z",1779514564.23319,1779514567.95746,0.000756,0.00087,0.000905,3.710415,3.710541,3.70951,0.000126000000000293,3.7022,0.0220701053619385
"2026-05-23T05:36:11.741Z","run_bootstrap",26,"http://client1:8000","run","http://client1:8000/run",1,TRUE,200,1108,250,3.76038455963135,"2026-05-23T05:36:07.976279Z","2026-05-23T05:36:11.736663Z",1779514567.97628,1779514571.73666,0.000454,0.000521,0.000542,3.742918,3.742955,3.742376,3.69999999998427e-05,3.7344,0.0259845596313477
"2026-05-23T05:36:11.741Z","run_bootstrap",26,"http://client2:8000","run","http://client2:8000/run",1,TRUE,200,1108,256,3.46820974349976,"2026-05-23T05:36:07.977045Z","2026-05-23T05:36:11.445254Z",1779514567.97705,1779514571.44525,0.000473,0.000525,0.000543,3.451458,3.451501,3.450915,4.29999999997932e-05,3.4432,0.0250097434997558
"2026-05-23T05:36:11.741Z","run_bootstrap",26,"http://client3:8000","run","http://client3:8000/run",1,TRUE,200,1108,253,3.56161022186279,"2026-05-23T05:36:07.976325Z","2026-05-23T05:36:11.537935Z",1779514567.97633,1779514571.53794,0.00066,0.000762,0.000803,3.548368,3.548409,3.547565,4.09999999999577e-05,3.5389,0.022710221862793
"2026-05-23T05:36:15.348Z","run_bootstrap",27,"http://client1:8000","run","http://client1:8000/run",1,TRUE,200,1110,249,3.5921802520752,"2026-05-23T05:36:11.751064Z","2026-05-23T05:36:15.343244Z",1779514571.75106,1779514575.34324,0.000622,0.000726,0.000762,3.572904,3.572933,3.572142,2.90000000000568e-05,3.5659,0.0262802520751952
"2026-05-23T05:36:15.348Z","run_bootstrap",27,"http://client2:8000","run","http://client2:8000/run",1,TRUE,200,1110,255,3.49153256416321,"2026-05-23T05:36:11.753181Z","2026-05-23T05:36:15.244714Z",1779514571.75318,1779514575.24471,0.000671,0.00079,0.000827,3.467336,3.467369,3.466509,3.30000000001718e-05,3.457,0.0345325641632082
"2026-05-23T05:36:15.348Z","run_bootstrap",27,"http://client3:8000","run","http://client3:8000/run",1,TRUE,200,1110,253,3.58502411842346,"2026-05-23T05:36:11.753481Z","2026-05-23T05:36:15.338505Z",1779514571.75348,1779514575.33851,0.000735,0.000821,0.000843,3.557495,3.557528,3.556652,3.30000000001718e-05,3.5504,0.0346241184234621
"2026-05-23T05:36:19.005Z","run_bootstrap",28,"http://client1:8000","run","http://client1:8000/run",1,TRUE,200,1110,248,3.63458824157715,"2026-05-23T05:36:15.364463Z","2026-05-23T05:36:18.999051Z",1779514575.36446,1779514578.99905,0.00041,0.000465,0.000484,3.618038,3.618082,3.617554,4.3999999999933e-05,3.611,0.0235882415771482
"2026-05-23T05:36:19.005Z","run_bootstrap",28,"http://client2:8000","run","http://client2:8000/run",1,TRUE,200,1110,256,3.47888970375061,"2026-05-23T05:36:15.364942Z","2026-05-23T05:36:18.843832Z",1779514575.36494,1779514578.84383,0.000364,0.000442,0.000463,3.463625,3.463661,3.463162,3.6000000000147e-05,3.4546,0.0242897037506102
"2026-05-23T05:36:19.005Z","run_bootstrap",28,"http://client3:8000","run","http://client3:8000/run",1,TRUE,200,1110,252,3.6286141872406,"2026-05-23T05:36:15.365455Z","2026-05-23T05:36:18.994069Z",1779514575.36546,1779514578.99407,0.000363,0.00045,0.000482,3.61292,3.612965,3.612438,4.50000000000728e-05,3.605,0.0236141872406006
"2026-05-23T05:36:22.626Z","run_bootstrap",29,"http://client1:8000","run","http://client1:8000/run",1,TRUE,200,1110,246,3.60393500328064,"2026-05-23T05:36:19.017287Z","2026-05-23T05:36:22.621222Z",1779514579.01729,1779514582.62122,0.000487,0.000563,0.000596,3.588386,3.588429,3.58779,4.30000000002373e-05,3.581,0.0229350032806397
"2026-05-23T05:36:22.626Z","run_bootstrap",29,"http://client2:8000","run","http://client2:8000/run",1,TRUE,200,1110,255,3.45179915428162,"2026-05-23T05:36:19.017799Z","2026-05-23T05:36:22.469598Z",1779514579.0178,1779514582.4696,0.000505,0.000579,0.00061,3.436734,3.436777,3.436124,4.30000000002373e-05,3.4286,0.0231991542816163
"2026-05-23T05:36:22.626Z","run_bootstrap",29,"http://client3:8000","run","http://client3:8000/run",1,TRUE,200,1110,251,3.59289932250977,"2026-05-23T05:36:19.017096Z","2026-05-23T05:36:22.609995Z",1779514579.0171,1779514582.61,0.000751,0.000839,0.000861,3.578811,3.578852,3.57795,4.09999999999577e-05,3.568,0.0248993225097656
"2026-05-23T05:36:26.408Z","run_bootstrap",30,"http://client1:8000","run","http://client1:8000/run",1,TRUE,200,1110,247,3.5706775188446,"2026-05-23T05:36:22.638262Z","2026-05-23T05:36:26.208940Z",1779514582.63826,1779514586.20894,0.000703,0.000789,0.000824,3.556747,3.556793,3.555923,4.59999999997684e-05,3.5496,0.0210775188446046
"2026-05-23T05:36:26.408Z","run_bootstrap",30,"http://client2:8000","run","http://client2:8000/run",1,TRUE,200,1110,255,3.76386570930481,"2026-05-23T05:36:22.639672Z","2026-05-23T05:36:26.403538Z",1779514582.63967,1779514586.40354,0.000569,0.000622,0.00064,3.750918,3.750947,3.750278,2.90000000000568e-05,3.7445,0.0193657093048096
"2026-05-23T05:36:26.408Z","run_bootstrap",30,"http://client3:8000","run","http://client3:8000/run",1,TRUE,200,1110,252,3.34532642364502,"2026-05-23T05:36:22.639892Z","2026-05-23T05:36:25.985219Z",1779514582.63989,1779514585.98522,0.000587,0.000669,7e-04,3.331835,3.331875,3.331135,4.0000000000262e-05,3.3252,0.0201264236450194
"2026-05-23T05:36:30.204Z","run_bootstrap",31,"http://client1:8000","run","http://client1:8000/run",1,TRUE,200,1109,249,3.77868676185608,"2026-05-23T05:36:26.418473Z","2026-05-23T05:36:30.197159Z",1779514586.41847,1779514590.19716,0.000613,0.000722,0.000758,3.76508,3.765124,3.764322,4.3999999999933e-05,3.7578,0.0208867618560791
"2026-05-23T05:36:30.204Z","run_bootstrap",31,"http://client2:8000","run","http://client2:8000/run",1,TRUE,200,1109,256,3.60042929649353,"2026-05-23T05:36:26.419515Z","2026-05-23T05:36:30.019944Z",1779514586.41952,1779514590.01994,0.000746,8e-04,0.000818,3.588059,3.588089,3.587241,3.00000000001965e-05,3.581,0.0194292964935303
"2026-05-23T05:36:30.204Z","run_bootstrap",31,"http://client3:8000","run","http://client3:8000/run",1,TRUE,200,1109,250,3.51815724372864,"2026-05-23T05:36:26.419739Z","2026-05-23T05:36:29.937896Z",1779514586.41974,1779514589.9379,0.000658,0.000736,0.000758,3.505926,3.505973,3.505168,4.69999999999082e-05,3.4988,0.0193572437286376
"2026-05-23T05:36:34.006Z","run_bootstrap",32,"http://client1:8000","run","http://client1:8000/run",1,TRUE,200,1109,249,3.52098298072815,"2026-05-23T05:36:30.215742Z","2026-05-23T05:36:33.736725Z",1779514590.21574,1779514593.73673,0.000462,0.000542,0.000564,3.507778,3.507821,3.507214,4.29999999997932e-05,3.5005,0.0204829807281492
"2026-05-23T05:36:34.006Z","run_bootstrap",32,"http://client2:8000","run","http://client2:8000/run",1,TRUE,200,1109,256,3.77586770057678,"2026-05-23T05:36:30.216297Z","2026-05-23T05:36:33.992165Z",1779514590.2163,1779514593.99217,0.000552,0.000637,0.000675,3.763193,3.763235,3.762518,4.20000000000975e-05,3.756,0.0198677005767824
"2026-05-23T05:36:34.006Z","run_bootstrap",32,"http://client3:8000","run","http://client3:8000/run",1,TRUE,200,1109,250,3.3935546875,"2026-05-23T05:36:30.215680Z","2026-05-23T05:36:33.609234Z",1779514590.21568,1779514593.60923,0.00067,0.000747,0.000777,3.380219,3.380263,3.379442,4.3999999999933e-05,3.3697,0.0238546875000001
"2026-05-23T05:36:37.864Z","run_bootstrap",33,"http://client1:8000","run","http://client1:8000/run",1,TRUE,200,1109,248,3.66532039642334,"2026-05-23T05:36:34.027523Z","2026-05-23T05:36:37.692843Z",1779514594.02752,1779514597.69284,0.000429,0.000485,0.000505,3.645933,3.646074,3.645428,0.000141000000000169,3.638,0.0273203964233399
"2026-05-23T05:36:37.864Z","run_bootstrap",33,"http://client2:8000","run","http://client2:8000/run",1,TRUE,200,1109,256,3.55008506774902,"2026-05-23T05:36:34.027946Z","2026-05-23T05:36:37.578031Z",1779514594.02795,1779514597.57803,0.000499,0.000565,0.000585,3.532065,3.532167,3.53148,0.000102000000000046,3.523,0.0270850677490233
"2026-05-23T05:36:37.864Z","run_bootstrap",33,"http://client3:8000","run","http://client3:8000/run",1,TRUE,200,1109,253,3.82899141311646,"2026-05-23T05:36:34.028860Z","2026-05-23T05:36:37.857851Z",1779514594.02886,1779514597.85785,0.000718,0.000826,0.000861,3.811855,3.811984,3.810994,0.000128999999999824,3.8046,0.0243914131164549
"2026-05-23T05:36:41.729Z","run_bootstrap",34,"http://client1:8000","run","http://client1:8000/run",1,TRUE,200,1109,249,3.66648077964783,"2026-05-23T05:36:37.878110Z","2026-05-23T05:36:41.544591Z",1779514597.87811,1779514601.54459,0.000584,0.000677,0.00072,3.652527,3.652647,3.651807,0.000119999999999898,3.6451,0.0213807796478274
"2026-05-23T05:36:41.729Z","run_bootstrap",34,"http://client2:8000","run","http://client2:8000/run",1,TRUE,200,1109,257,3.6147837638855,"2026-05-23T05:36:37.878581Z","2026-05-23T05:36:41.493365Z",1779514597.87858,1779514601.49337,0.000493,0.000639,0.00075,3.602246,3.602366,3.601496,0.000119999999999898,3.5955,0.0192837638854981
"2026-05-23T05:36:41.729Z","run_bootstrap",34,"http://client3:8000","run","http://client3:8000/run",1,TRUE,200,1109,253,3.84563946723938,"2026-05-23T05:36:37.878787Z","2026-05-23T05:36:41.724426Z",1779514597.87879,1779514601.72443,0.000576,0.000632,0.000684,3.833095,3.833224,3.832411,0.000128999999999824,3.8262,0.0194394672393798
"2026-05-23T05:36:45.474Z","run_bootstrap",35,"http://client1:8000","run","http://client1:8000/run",1,TRUE,200,1110,250,3.72197651863098,"2026-05-23T05:36:41.740664Z","2026-05-23T05:36:45.462640Z",1779514601.74066,1779514605.46264,0.000618,0.000728,0.000761,3.704643,3.704685,3.703882,4.20000000000975e-05,3.6968,0.0251765186309814
"2026-05-23T05:36:45.474Z","run_bootstrap",35,"http://client2:8000","run","http://client2:8000/run",1,TRUE,200,1110,256,3.72717213630676,"2026-05-23T05:36:41.740068Z","2026-05-23T05:36:45.467240Z",1779514601.74007,1779514605.46724,0.000658,0.000761,0.000795,3.713379,3.713418,3.712584,3.89999999996782e-05,3.7063,0.0208721363067625
"2026-05-23T05:36:45.474Z","run_bootstrap",35,"http://client3:8000","run","http://client3:8000/run",1,TRUE,200,1110,252,3.68654227256775,"2026-05-23T05:36:41.741845Z","2026-05-23T05:36:45.428387Z",1779514601.74185,1779514605.42839,0.000773,0.000858,0.000891,3.666803,3.666843,3.665912,4.0000000000262e-05,3.6598,0.0267422725677489
"2026-05-23T05:36:49.406Z","run_bootstrap",36,"http://client1:8000","run","http://client1:8000/run",1,TRUE,200,1110,250,3.60093235969543,"2026-05-23T05:36:45.490652Z","2026-05-23T05:36:49.091584Z",1779514605.49065,1779514609.09158,0.000637,0.000715,0.000745,3.588193,3.588236,3.587448,4.30000000002373e-05,3.5811,0.0198323596954344
"2026-05-23T05:36:49.406Z","run_bootstrap",36,"http://client2:8000","run","http://client2:8000/run",1,TRUE,200,1110,256,3.91207528114319,"2026-05-23T05:36:45.490122Z","2026-05-23T05:36:49.402197Z",1779514605.49012,1779514609.4022,0.000655,0.00071,0.00073,3.899637,3.899679,3.898907,4.20000000000975e-05,3.8927,0.0193752811431884
"2026-05-23T05:36:49.406Z","run_bootstrap",36,"http://client3:8000","run","http://client3:8000/run",1,TRUE,200,1110,252,3.79086303710938,"2026-05-23T05:36:45.490474Z","2026-05-23T05:36:49.281337Z",1779514605.49047,1779514609.28134,0.000566,0.000641,0.000663,3.778721,3.778752,3.778058,3.09999999998922e-05,3.7719,0.018963037109375
"2026-05-23T05:36:53.347Z","run_bootstrap",37,"http://client1:8000","run","http://client1:8000/run",1,TRUE,200,1108,249,3.85331106185913,"2026-05-23T05:36:49.418005Z","2026-05-23T05:36:53.271316Z",1779514609.41801,1779514613.27132,0.000562,0.000635,0.000665,3.836171,3.836213,3.835506,4.19999999996534e-05,3.8289,0.0244110618591309
"2026-05-23T05:36:53.347Z","run_bootstrap",37,"http://client2:8000","run","http://client2:8000/run",1,TRUE,200,1108,257,3.63293051719666,"2026-05-23T05:36:49.418673Z","2026-05-23T05:36:53.051603Z",1779514609.41867,1779514613.0516,0.000637,0.000753,0.000788,3.614051,3.614095,3.613263,4.3999999999933e-05,3.6069,0.0260305171966553
"2026-05-23T05:36:53.347Z","run_bootstrap",37,"http://client3:8000","run","http://client3:8000/run",1,TRUE,200,1108,252,3.92356181144714,"2026-05-23T05:36:49.419356Z","2026-05-23T05:36:53.342917Z",1779514609.41936,1779514613.34292,0.000654,0.000756,0.00079,3.909326,3.909361,3.908536,3.50000000000072e-05,3.9018,0.0217618114471434
"2026-05-23T05:36:57.067Z","run_bootstrap",38,"http://client1:8000","run","http://client1:8000/run",1,TRUE,200,1108,249,3.66949343681335,"2026-05-23T05:36:53.360302Z","2026-05-23T05:36:57.029795Z",1779514613.3603,1779514617.0298,0.000644,0.000699,0.000717,3.650721,3.650757,3.650004,3.6000000000147e-05,3.6427,0.0267934368133544
"2026-05-23T05:36:57.067Z","run_bootstrap",38,"http://client2:8000","run","http://client2:8000/run",1,TRUE,200,1108,257,3.58785724639893,"2026-05-23T05:36:53.360842Z","2026-05-23T05:36:56.948699Z",1779514613.36084,1779514616.9487,0.000452,0.000546,0.000588,3.56854,3.568584,3.567952,4.3999999999933e-05,3.5611,0.0267572463989256
"2026-05-23T05:36:57.067Z","run_bootstrap",38,"http://client3:8000","run","http://client3:8000/run",1,TRUE,200,1108,252,3.70349788665771,"2026-05-23T05:36:53.360159Z","2026-05-23T05:36:57.063657Z",1779514613.36016,1779514617.06366,0.000488,0.00057,0.000591,3.684619,3.684658,3.684028,3.90000000001223e-05,3.6771,0.026397886657715
"2026-05-23T05:37:00.955Z","run_bootstrap",39,"http://client1:8000","run","http://client1:8000/run",1,TRUE,200,1110,249,3.69123816490173,"2026-05-23T05:36:57.083661Z","2026-05-23T05:37:00.774899Z",1779514617.08366,1779514620.7749,0.000538,0.000606,0.000631,3.674408,3.674454,3.673777,4.59999999997684e-05,3.6657,0.0255381649017332
"2026-05-23T05:37:00.955Z","run_bootstrap",39,"http://client2:8000","run","http://client2:8000/run",1,TRUE,200,1110,257,3.86322045326233,"2026-05-23T05:36:57.084455Z","2026-05-23T05:37:00.947676Z",1779514617.08446,1779514620.94768,0.000523,0.000604,0.000641,3.846338,3.846379,3.845697,4.10000000004018e-05,3.8394,0.0238204532623292
"2026-05-23T05:37:00.955Z","run_bootstrap",39,"http://client3:8000","run","http://client3:8000/run",1,TRUE,200,1110,250,3.55475187301636,"2026-05-23T05:36:57.083348Z","2026-05-23T05:37:00.638100Z",1779514617.08335,1779514620.6381,0.000641,0.000749,0.000791,3.540602,3.540646,3.539811,4.40000000003771e-05,3.5325,0.0222518730163572
"2026-05-23T05:37:04.979Z","run_bootstrap",40,"http://client1:8000","run","http://client1:8000/run",1,TRUE,200,1110,249,3.7947211265564,"2026-05-23T05:37:00.966964Z","2026-05-23T05:37:04.761685Z",1779514620.96696,1779514624.76169,0.000472,0.000583,0.000618,3.780193,3.780239,3.779575,4.59999999997684e-05,3.6435,0.151221126556397
"2026-05-23T05:37:04.979Z","run_bootstrap",40,"http://client2:8000","run","http://client2:8000/run",1,TRUE,200,1110,257,3.55422806739807,"2026-05-23T05:37:00.967612Z","2026-05-23T05:37:04.521841Z",1779514620.96761,1779514624.52184,0.000668,0.000788,0.000824,3.534983,3.535025,3.534159,4.20000000000975e-05,3.3804,0.173828067398071
"2026-05-23T05:37:04.979Z","run_bootstrap",40,"http://client3:8000","run","http://client3:8000/run",1,TRUE,200,1110,250,4.00789189338684,"2026-05-23T05:37:00.966728Z","2026-05-23T05:37:04.974620Z",1779514620.96673,1779514624.97462,0.000719,0.000831,0.000865,3.994839,3.994873,3.993974,3.40000000003116e-05,3.8476,0.160291893386841
"2026-05-23T05:37:08.633Z","run_bootstrap",41,"http://client1:8000","run","http://client1:8000/run",1,TRUE,200,1109,249,3.21344017982483,"2026-05-23T05:37:04.991117Z","2026-05-23T05:37:08.204557Z",1779514624.99112,1779514628.20456,0.000718,0.000824,0.000862,3.194275,3.19433,3.193413,5.49999999996942e-05,3.1872,0.0262401798248293
"2026-05-23T05:37:08.633Z","run_bootstrap",41,"http://client2:8000","run","http://client2:8000/run",1,TRUE,200,1109,257,3.4009222984314,"2026-05-23T05:37:04.991894Z","2026-05-23T05:37:08.392816Z",1779514624.99189,1779514628.39282,0.000685,0.000779,0.000804,3.382639,3.382684,3.381835,4.49999999996287e-05,3.3759,0.0250222984313964
"2026-05-23T05:37:08.633Z","run_bootstrap",41,"http://client3:8000","run","http://client3:8000/run",1,TRUE,200,1109,252,3.63578939437866,"2026-05-23T05:37:04.992511Z","2026-05-23T05:37:08.628301Z",1779514624.99251,1779514628.6283,0.000783,0.000873,0.000915,3.618154,3.618197,3.617239,4.29999999997932e-05,3.6115,0.0242893943786622
"2026-05-23T05:37:12.322Z","run_bootstrap",42,"http://client1:8000","run","http://client1:8000/run",1,TRUE,200,1109,249,3.40003395080566,"2026-05-23T05:37:08.644644Z","2026-05-23T05:37:12.044677Z",1779514628.64464,1779514632.04468,0.000759,0.000875,0.00091,3.386562,3.386665,3.385652,0.000102999999999742,3.3791,0.0209339508056638
"2026-05-23T05:37:12.322Z","run_bootstrap",42,"http://client2:8000","run","http://client2:8000/run",1,TRUE,200,1109,257,3.66865634918213,"2026-05-23T05:37:08.646347Z","2026-05-23T05:37:12.315003Z",1779514628.64635,1779514632.315,0.000605,0.000704,0.000738,3.650775,3.650877,3.650037,0.000102000000000046,3.6439,0.024756349182129
"2026-05-23T05:37:12.322Z","run_bootstrap",42,"http://client3:8000","run","http://client3:8000/run",1,TRUE,200,1109,252,3.47705888748169,"2026-05-23T05:37:08.646752Z","2026-05-23T05:37:12.123811Z",1779514628.64675,1779514632.12381,0.000499,0.000586,0.000616,3.459784,3.460037,3.459168,0.000252999999999837,3.4532,0.0238588874816896
"2026-05-23T05:37:16.049Z","run_bootstrap",43,"http://client1:8000","run","http://client1:8000/run",1,TRUE,200,1109,247,3.49165606498718,"2026-05-23T05:37:12.331797Z","2026-05-23T05:37:15.823453Z",1779514632.3318,1779514635.82345,0.000709,0.000819,0.000864,3.473541,3.47358,3.472677,3.90000000001223e-05,3.4565,0.0351560649871825
"2026-05-23T05:37:16.049Z","run_bootstrap",43,"http://client2:8000","run","http://client2:8000/run",1,TRUE,200,1109,256,3.71164083480835,"2026-05-23T05:37:12.333308Z","2026-05-23T05:37:16.044949Z",1779514632.33331,1779514636.04495,0.00068,0.000784,0.000818,3.68683,3.686869,3.686012,3.90000000001223e-05,3.6699,0.0417408348083494
"2026-05-23T05:37:16.049Z","run_bootstrap",43,"http://client3:8000","run","http://client3:8000/run",1,TRUE,200,1109,253,3.24276423454285,"2026-05-23T05:37:12.333688Z","2026-05-23T05:37:15.576452Z",1779514632.33369,1779514635.57645,0.000505,0.000625,0.000662,3.222162,3.222196,3.2215,3.39999999998675e-05,3.1989,0.0438642345428466
"2026-05-23T05:37:19.576Z","run_bootstrap",44,"http://client1:8000","run","http://client1:8000/run",1,TRUE,200,1109,247,3.50534129142761,"2026-05-23T05:37:16.064706Z","2026-05-23T05:37:19.570047Z",1779514636.06471,1779514639.57005,0.00067,0.000781,0.000821,3.490712,3.490752,3.489891,4.0000000000262e-05,3.4837,0.0216412914276125
"2026-05-23T05:37:19.576Z","run_bootstrap",44,"http://client2:8000","run","http://client2:8000/run",1,TRUE,200,1109,256,3.45561528205872,"2026-05-23T05:37:16.066615Z","2026-05-23T05:37:19.522230Z",1779514636.06662,1779514639.52223,0.000505,0.00059,0.000628,3.433657,3.433705,3.433029,4.79999999996039e-05,3.4264,0.0292152820587157
"2026-05-23T05:37:19.576Z","run_bootstrap",44,"http://client3:8000","run","http://client3:8000/run",1,TRUE,200,1109,253,3.37488603591919,"2026-05-23T05:37:16.066931Z","2026-05-23T05:37:19.441817Z",1779514636.06693,1779514639.44182,0.000614,0.000739,0.000789,3.352867,3.352912,3.352078,4.50000000000728e-05,3.3461,0.0287860359191896
"2026-05-23T05:37:23.291Z","run_bootstrap",45,"http://client1:8000","run","http://client1:8000/run",1,TRUE,200,1109,249,3.50309038162231,"2026-05-23T05:37:19.588492Z","2026-05-23T05:37:23.091583Z",1779514639.58849,1779514643.09158,0.000495,0.000576,0.000606,3.489528,3.489581,3.488922,5.29999999998587e-05,3.4825,0.0205903816223145
"2026-05-23T05:37:23.291Z","run_bootstrap",45,"http://client2:8000","run","http://client2:8000/run",1,TRUE,200,1109,256,3.32676553726196,"2026-05-23T05:37:19.588192Z","2026-05-23T05:37:22.914958Z",1779514639.58819,1779514642.91496,0.000397,0.000453,0.000473,3.313814,3.313848,3.313341,3.40000000003116e-05,3.3059,0.0208655372619631
"2026-05-23T05:37:23.291Z","run_bootstrap",45,"http://client3:8000","run","http://client3:8000/run",1,TRUE,200,1109,251,3.69887065887451,"2026-05-23T05:37:19.588403Z","2026-05-23T05:37:23.287274Z",1779514639.5884,1779514643.28727,0.000378,0.000453,0.000473,3.686158,3.686192,3.685685,3.40000000003116e-05,3.6796,0.0192706588745115
"2026-05-23T05:37:27.073Z","run_bootstrap",46,"http://client1:8000","run","http://client1:8000/run",1,TRUE,200,1109,249,3.62124347686768,"2026-05-23T05:37:23.304074Z","2026-05-23T05:37:26.925318Z",1779514643.30407,1779514646.92532,0.000439,0.000523,0.000546,3.605396,3.605437,3.60485,4.09999999999577e-05,3.5982,0.0230434768676759
"2026-05-23T05:37:27.073Z","run_bootstrap",46,"http://client2:8000","run","http://client2:8000/run",1,TRUE,200,1109,256,3.46775054931641,"2026-05-23T05:37:23.304766Z","2026-05-23T05:37:26.772516Z",1779514643.30477,1779514646.77252,0.000638,0.000721,0.000755,3.452476,3.452519,3.451721,4.30000000002373e-05,3.4455,0.0222505493164062
"2026-05-23T05:37:27.073Z","run_bootstrap",46,"http://client3:8000","run","http://client3:8000/run",1,TRUE,200,1109,251,3.76153540611267,"2026-05-23T05:37:23.305220Z","2026-05-23T05:37:27.066756Z",1779514643.30522,1779514647.06676,0.000611,0.000729,0.000767,3.742392,3.742434,3.741625,4.19999999996534e-05,3.7358,0.0257354061126711
"2026-05-23T05:37:30.889Z","run_bootstrap",47,"http://client1:8000","run","http://client1:8000/run",1,TRUE,200,1109,249,3.61704015731812,"2026-05-23T05:37:27.090744Z","2026-05-23T05:37:30.707784Z",1779514647.09074,1779514650.70778,0.00048,0.000555,0.000595,3.59606,3.596105,3.595465,4.50000000000728e-05,3.5794,0.0376401573181151
"2026-05-23T05:37:30.889Z","run_bootstrap",47,"http://client2:8000","run","http://client2:8000/run",1,TRUE,200,1109,254,3.79342341423035,"2026-05-23T05:37:27.091362Z","2026-05-23T05:37:30.884786Z",1779514647.09136,1779514650.88479,0.000513,6e-04,0.00064,3.7723,3.772347,3.77166,4.69999999999082e-05,3.765,0.0284234142303466
"2026-05-23T05:37:30.889Z","run_bootstrap",47,"http://client3:8000","run","http://client3:8000/run",1,TRUE,200,1109,253,3.68193817138672,"2026-05-23T05:37:27.092222Z","2026-05-23T05:37:30.774160Z",1779514647.09222,1779514650.77416,0.000589,0.000692,0.000738,3.663999,3.664042,3.663261,4.29999999997932e-05,3.6569,0.0250381713867189
"2026-05-23T05:37:34.532Z","run_bootstrap",48,"http://client1:8000","run","http://client1:8000/run",1,TRUE,200,1109,249,3.40133762359619,"2026-05-23T05:37:30.900278Z","2026-05-23T05:37:34.301616Z",1779514650.90028,1779514654.30162,0.000547,0.000606,0.000627,3.38763,3.387673,3.387003,4.29999999997932e-05,3.3806,0.0207376235961916
"2026-05-23T05:37:34.532Z","run_bootstrap",48,"http://client2:8000","run","http://client2:8000/run",1,TRUE,200,1109,255,3.59845852851868,"2026-05-23T05:37:30.900889Z","2026-05-23T05:37:34.499347Z",1779514650.90089,1779514654.49935,0.000427,0.000667,0.000688,3.586171,3.586202,3.585483,3.09999999998922e-05,3.5793,0.0191585285186768
"2026-05-23T05:37:34.532Z","run_bootstrap",48,"http://client3:8000","run","http://client3:8000/run",1,TRUE,200,1109,253,3.62519645690918,"2026-05-23T05:37:30.902725Z","2026-05-23T05:37:34.527922Z",1779514650.90273,1779514654.52792,0.000565,0.000624,0.000643,3.609356,3.60939,3.608713,3.39999999998675e-05,3.6026,0.0225964569091799
"2026-05-23T05:37:38.411Z","run_bootstrap",49,"http://client1:8000","run","http://client1:8000/run",1,TRUE,200,1108,253,3.80641436576843,"2026-05-23T05:37:34.597902Z","2026-05-23T05:37:38.404316Z",1779514654.5979,1779514658.40432,0.000683,0.000788,0.000823,3.793185,3.793323,3.792362,0.000138000000000194,3.7851,0.0213143657684327
"2026-05-23T05:37:38.411Z","run_bootstrap",49,"http://client2:8000","run","http://client2:8000/run",1,TRUE,200,1108,253,3.5960419178009,"2026-05-23T05:37:34.599143Z","2026-05-23T05:37:38.195185Z",1779514654.59914,1779514658.19519,0.000692,0.000761,0.00079,3.583284,3.583428,3.582494,0.000144000000000144,3.5755,0.0205419178009034
"2026-05-23T05:37:38.411Z","run_bootstrap",49,"http://client3:8000","run","http://client3:8000/run",1,TRUE,200,1108,254,3.64290452003479,"2026-05-23T05:37:34.601016Z","2026-05-23T05:37:38.243921Z",1779514654.60102,1779514658.24392,0.000485,0.000561,0.000593,3.623962,3.624133,3.623369,0.000170999999999921,3.6165,0.0264045200347902
"2026-05-23T05:37:42.240Z","run_bootstrap",50,"http://client1:8000","run","http://client1:8000/run",1,TRUE,200,1108,253,3.64463710784912,"2026-05-23T05:37:38.428571Z","2026-05-23T05:37:42.073208Z",1779514658.42857,1779514662.07321,0.00057,0.000647,0.00068,3.627097,3.627187,3.626417,9.00000000001455e-05,3.6195,0.0251371078491212
"2026-05-23T05:37:42.240Z","run_bootstrap",50,"http://client2:8000","run","http://client2:8000/run",1,TRUE,200,1108,253,3.50791382789612,"2026-05-23T05:37:38.428550Z","2026-05-23T05:37:41.936464Z",1779514658.42855,1779514661.93646,0.000655,0.000736,0.000759,3.493984,3.494121,3.493225,0.00013699999999961,3.4858,0.0221138278961184
"2026-05-23T05:37:42.240Z","run_bootstrap",50,"http://client3:8000","run","http://client3:8000/run",1,TRUE,200,1108,254,3.80678081512451,"2026-05-23T05:37:38.428877Z","2026-05-23T05:37:42.235658Z",1779514658.42888,1779514662.23566,0.00068,0.00074,0.00076,3.794059,3.794206,3.793299,0.000147000000000119,3.7869,0.0198808151245116
"2026-05-23T05:37:46.054Z","run_bootstrap",51,"http://client1:8000","run","http://client1:8000/run",1,TRUE,200,1109,259,3.79804658889771,"2026-05-23T05:37:42.250886Z","2026-05-23T05:37:46.048933Z",1779514662.25089,1779514666.04893,0.000705,0.000842,0.000894,3.784042,3.784195,3.783148,0.00015300000000007,3.7747,0.0233465888977049
"2026-05-23T05:37:46.054Z","run_bootstrap",51,"http://client2:8000","run","http://client2:8000/run",1,TRUE,200,1109,254,3.52581810951233,"2026-05-23T05:37:42.252210Z","2026-05-23T05:37:45.778028Z",1779514662.25221,1779514665.77803,0.000517,0.000607,0.000651,3.51214,3.512241,3.511489,0.000100999999999907,3.5012,0.0246181095123292
"2026-05-23T05:37:46.054Z","run_bootstrap",51,"http://client3:8000","run","http://client3:8000/run",1,TRUE,200,1109,254,3.76102042198181,"2026-05-23T05:37:42.253114Z","2026-05-23T05:37:46.014134Z",1779514662.25311,1779514666.01413,0.000628,0.000724,0.000768,3.740057,3.740217,3.739289,0.000159999999999716,3.7295,0.0315204219818117
"2026-05-23T05:37:49.886Z","run_bootstrap",52,"http://client1:8000","run","http://client1:8000/run",1,TRUE,200,1109,259,3.63686656951904,"2026-05-23T05:37:46.066057Z","2026-05-23T05:37:49.702924Z",1779514666.06606,1779514669.70292,0.000678,0.000788,0.00083,3.622942,3.62308,3.622112,0.000137999999999749,3.6154,0.0214665695190428
"2026-05-23T05:37:49.886Z","run_bootstrap",52,"http://client2:8000","run","http://client2:8000/run",1,TRUE,200,1109,254,3.5776891708374,"2026-05-23T05:37:46.067979Z","2026-05-23T05:37:49.645668Z",1779514666.06798,1779514669.64567,0.000671,0.000761,8e-04,3.563737,3.563883,3.562937,0.000145999999999979,3.5566,0.0210891708374024
"2026-05-23T05:37:49.886Z","run_bootstrap",52,"http://client3:8000","run","http://client3:8000/run",1,TRUE,200,1109,254,3.81357645988464,"2026-05-23T05:37:46.068293Z","2026-05-23T05:37:49.881870Z",1779514666.06829,1779514669.88187,0.000564,0.000674,0.000713,3.799886,3.800031,3.799173,0.000145000000000284,3.7927,0.0208764598846436
"2026-05-23T05:37:53.710Z","run_bootstrap",53,"http://client1:8000","run","http://client1:8000/run",1,TRUE,200,1109,249,3.80603718757629,"2026-05-23T05:37:49.899712Z","2026-05-23T05:37:53.705749Z",1779514669.89971,1779514673.70575,0.000546,0.000654,0.000698,3.789749,3.789896,3.789051,0.000147000000000119,3.782,0.0240371875762939
"2026-05-23T05:37:53.710Z","run_bootstrap",53,"http://client2:8000","run","http://client2:8000/run",1,TRUE,200,1109,253,3.51244926452637,"2026-05-23T05:37:49.900241Z","2026-05-23T05:37:53.412690Z",1779514669.90024,1779514673.41269,0.000718,0.000794,0.000832,3.496341,3.496492,3.495509,0.00015099999999979,3.488,0.0244492645263672
"2026-05-23T05:37:53.710Z","run_bootstrap",53,"http://client3:8000","run","http://client3:8000/run",1,TRUE,200,1109,254,3.68075680732727,"2026-05-23T05:37:49.900966Z","2026-05-23T05:37:53.581723Z",1779514669.90097,1779514673.58172,0.000625,0.000736,0.000781,3.665301,3.665476,3.66452,0.000175000000000036,3.6568,0.0239568073272705
"2026-05-23T05:37:57.565Z","run_bootstrap",54,"http://client1:8000","run","http://client1:8000/run",1,TRUE,200,1109,250,3.83801198005676,"2026-05-23T05:37:53.723553Z","2026-05-23T05:37:57.561565Z",1779514673.72355,1779514677.56157,0.000838,0.00094,0.000977,3.812942,3.813119,3.811965,0.000176999999999872,3.8051,0.0329119800567628
"2026-05-23T05:37:57.565Z","run_bootstrap",54,"http://client2:8000","run","http://client2:8000/run",1,TRUE,200,1109,254,3.81900024414062,"2026-05-23T05:37:53.722953Z","2026-05-23T05:37:57.541953Z",1779514673.72295,1779514677.54195,0.000672,0.000782,0.000817,3.801756,3.801883,3.800939,0.000126999999999988,3.7927,0.026300244140625
"2026-05-23T05:37:57.565Z","run_bootstrap",54,"http://client3:8000","run","http://client3:8000/run",1,TRUE,200,1109,253,3.35090351104736,"2026-05-23T05:37:53.724511Z","2026-05-23T05:37:57.075415Z",1779514673.72451,1779514677.07542,0.000579,0.000709,0.00075,3.32664,3.326732,3.32589,9.1999999999981e-05,3.316,0.0349035110473634
"2026-05-23T05:38:01.412Z","run_bootstrap",55,"http://client1:8000","run","http://client1:8000/run",1,TRUE,200,1109,250,3.44258856773376,"2026-05-23T05:37:57.579715Z","2026-05-23T05:38:01.022304Z",1779514677.57972,1779514681.0223,0.00056,0.000651,0.000683,3.424931,3.425029,3.424248,9.79999999999315e-05,3.4129,0.0296885677337646
"2026-05-23T05:38:01.412Z","run_bootstrap",55,"http://client2:8000","run","http://client2:8000/run",1,TRUE,200,1109,251,3.82528471946716,"2026-05-23T05:37:57.579442Z","2026-05-23T05:38:01.404727Z",1779514677.57944,1779514681.40473,0.000774,0.000889,0.000923,3.811133,3.811287,3.81021,0.00015400000000021,3.8033,0.021984719467163
"2026-05-23T05:38:01.412Z","run_bootstrap",55,"http://client3:8000","run","http://client3:8000/run",1,TRUE,200,1109,256,3.64492988586426,"2026-05-23T05:37:57.580826Z","2026-05-23T05:38:01.225756Z",1779514677.58083,1779514681.22576,0.000512,0.000628,0.000665,3.631545,3.631665,3.63088,0.000119999999999898,3.6248,0.0201298858642578
"2026-05-23T05:38:05.194Z","run_bootstrap",56,"http://client1:8000","run","http://client1:8000/run",1,TRUE,200,1109,250,3.53863859176636,"2026-05-23T05:38:01.424350Z","2026-05-23T05:38:04.962989Z",1779514681.42435,1779514684.96299,0.000441,0.000525,0.000561,3.518833,3.51897,3.518272,0.000137000000000054,3.5104,0.0282385917663572
"2026-05-23T05:38:05.194Z","run_bootstrap",56,"http://client2:8000","run","http://client2:8000/run",1,TRUE,200,1109,251,3.66245579719543,"2026-05-23T05:38:01.424601Z","2026-05-23T05:38:05.087057Z",1779514681.4246,1779514685.08706,0.000727,0.000809,0.000827,3.643045,3.643224,3.642218,0.000179000000000151,3.6361,0.0263557971954347
"2026-05-23T05:38:05.194Z","run_bootstrap",56,"http://client3:8000","run","http://client3:8000/run",1,TRUE,200,1109,256,3.76244306564331,"2026-05-23T05:38:01.424992Z","2026-05-23T05:38:05.187435Z",1779514681.42499,1779514685.18744,0.000691,0.000773,0.000792,3.743249,3.743435,3.742457,0.000185999999999797,3.7364,0.0260430656433104
"2026-05-23T05:38:08.866Z","run_bootstrap",57,"http://client1:8000","run","http://client1:8000/run",1,TRUE,200,1109,249,3.53749799728394,"2026-05-23T05:38:05.211503Z","2026-05-23T05:38:08.749001Z",1779514685.2115,1779514688.749,0.000681,0.000808,0.000846,3.515495,3.515593,3.514649,9.79999999999315e-05,3.508,0.0294979972839355
"2026-05-23T05:38:08.866Z","run_bootstrap",57,"http://client2:8000","run","http://client2:8000/run",1,TRUE,200,1109,252,3.64521765708923,"2026-05-23T05:38:05.212121Z","2026-05-23T05:38:08.857338Z",1779514685.21212,1779514688.85734,0.000631,0.000734,0.000771,3.626685,3.626781,3.625914,9.59999999996519e-05,3.6195,0.0257176570892335
"2026-05-23T05:38:08.866Z","run_bootstrap",57,"http://client3:8000","run","http://client3:8000/run",1,TRUE,200,1109,254,3.64829707145691,"2026-05-23T05:38:05.212718Z","2026-05-23T05:38:08.861015Z",1779514685.21272,1779514688.86102,0.00041,0.000503,0.000538,3.627383,3.627492,3.626845,0.000109000000000137,3.6208,0.0274970714569092
"2026-05-23T05:38:12.767Z","run_bootstrap",58,"http://client1:8000","run","http://client1:8000/run",1,TRUE,200,1109,250,3.88020777702332,"2026-05-23T05:38:08.879779Z","2026-05-23T05:38:12.759986Z",1779514688.87978,1779514692.75999,0.000494,0.000587,0.000628,3.860335,3.860475,3.859707,0.000140000000000029,3.8526,0.0276077770233156
"2026-05-23T05:38:12.767Z","run_bootstrap",58,"http://client2:8000","run","http://client2:8000/run",1,TRUE,200,1109,252,3.58459115028381,"2026-05-23T05:38:08.880108Z","2026-05-23T05:38:12.464699Z",1779514688.88011,1779514692.4647,0.000725,0.000848,0.000886,3.569531,3.569763,3.568645,0.00023200000000001,3.5622,0.0223911502838137
"2026-05-23T05:38:12.767Z","run_bootstrap",58,"http://client3:8000","run","http://client3:8000/run",1,TRUE,200,1109,254,3.5828914642334,"2026-05-23T05:38:08.880736Z","2026-05-23T05:38:12.463627Z",1779514688.88074,1779514692.46363,0.000354,0.000437,0.000471,3.563563,3.563682,3.563092,0.000119000000000202,3.5558,0.0270914642333984
"2026-05-23T05:38:16.695Z","run_bootstrap",59,"http://client1:8000","run","http://client1:8000/run",1,TRUE,200,1108,251,3.74749135971069,"2026-05-23T05:38:12.782377Z","2026-05-23T05:38:16.529869Z",1779514692.78238,1779514696.52987,0.000668,0.000777,0.000811,3.732441,3.73258,3.73163,0.000138999999999889,3.7247,0.0227913597106935
"2026-05-23T05:38:16.695Z","run_bootstrap",59,"http://client2:8000","run","http://client2:8000/run",1,TRUE,200,1108,251,3.78145718574524,"2026-05-23T05:38:12.783609Z","2026-05-23T05:38:16.565066Z",1779514692.78361,1779514696.56507,0.000578,0.000675,0.000708,3.766138,3.766284,3.76543,0.000145999999999979,3.7587,0.0227571857452391
"2026-05-23T05:38:16.695Z","run_bootstrap",59,"http://client3:8000","run","http://client3:8000/run",1,TRUE,200,1108,256,3.90385437011719,"2026-05-23T05:38:12.784032Z","2026-05-23T05:38:16.687886Z",1779514692.78403,1779514696.68789,0.000647,0.000765,0.00082,3.889155,3.889293,3.888335,0.000137999999999749,3.8816,0.0222543701171873
"2026-05-23T05:38:20.818Z","run_bootstrap",60,"http://client1:8000","run","http://client1:8000/run",1,TRUE,200,1108,251,3.86805772781372,"2026-05-23T05:38:16.718001Z","2026-05-23T05:38:20.586059Z",1779514696.718,1779514700.58606,0.000663,0.000765,0.000799,3.856511,3.856635,3.855712,0.000124000000000013,3.6953,0.172757727813721
"2026-05-23T05:38:20.818Z","run_bootstrap",60,"http://client2:8000","run","http://client2:8000/run",1,TRUE,200,1108,251,4.09461283683777,"2026-05-23T05:38:16.719844Z","2026-05-23T05:38:20.814457Z",1779514696.71984,1779514700.81446,0.000602,0.00066,0.000679,4.075938,4.076069,4.075259,0.000131000000000547,3.9182,0.176412836837768
"2026-05-23T05:38:20.818Z","run_bootstrap",60,"http://client3:8000","run","http://client3:8000/run",1,TRUE,200,1108,256,3.7825288772583,"2026-05-23T05:38:16.719844Z","2026-05-23T05:38:20.502373Z",1779514696.71984,1779514700.50237,0.000564,0.000629,0.000648,3.763975,3.764126,3.763327,0.000151000000000234,3.6101,0.172428877258301
"2026-05-23T05:38:24.498Z","run_bootstrap",61,"http://client1:8000","run","http://client1:8000/run",1,TRUE,200,1109,250,3.45737957954407,"2026-05-23T05:38:20.832153Z","2026-05-23T05:38:24.289533Z",1779514700.83215,1779514704.28953,0.000687,0.000801,0.000849,3.439283,3.439435,3.438434,0.00015199999999993,3.4325,0.0248795795440673
"2026-05-23T05:38:24.498Z","run_bootstrap",61,"http://client2:8000","run","http://client2:8000/run",1,TRUE,200,1109,251,3.65876412391663,"2026-05-23T05:38:20.832906Z","2026-05-23T05:38:24.491670Z",1779514700.83291,1779514704.49167,0.000514,0.000602,0.000642,3.640081,3.640216,3.639439,0.000135000000000218,3.6339,0.0248641239166258
"2026-05-23T05:38:24.498Z","run_bootstrap",61,"http://client3:8000","run","http://client3:8000/run",1,TRUE,200,1109,256,3.46405506134033,"2026-05-23T05:38:20.833490Z","2026-05-23T05:38:24.297545Z",1779514700.83349,1779514704.29755,0.000467,0.000544,0.000583,3.444185,3.444325,3.443602,0.000140000000000029,3.4377,0.0263550613403321
"2026-05-23T05:38:28.247Z","run_bootstrap",62,"http://client1:8000","run","http://client1:8000/run",1,TRUE,200,1109,250,3.7261528968811,"2026-05-23T05:38:24.516877Z","2026-05-23T05:38:28.243030Z",1779514704.51688,1779514708.24303,0.000641,0.000705,0.000727,3.713327,3.71345,3.7126,0.000122999999999873,3.7062,0.0199528968811036
"2026-05-23T05:38:28.247Z","run_bootstrap",62,"http://client2:8000","run","http://client2:8000/run",1,TRUE,200,1109,251,3.40362286567688,"2026-05-23T05:38:24.516786Z","2026-05-23T05:38:27.920409Z",1779514704.51679,1779514707.92041,0.000624,0.000705,0.000727,3.389647,3.389762,3.38892,0.000115000000000087,3.3828,0.0208228656768799
"2026-05-23T05:38:28.247Z","run_bootstrap",62,"http://client3:8000","run","http://client3:8000/run",1,TRUE,200,1109,256,3.42904305458069,"2026-05-23T05:38:24.518231Z","2026-05-23T05:38:27.947274Z",1779514704.51823,1779514707.94727,0.000577,0.000661,0.000692,3.408616,3.408747,3.407924,0.000131000000000103,3.4015,0.0275430545806885
"2026-05-23T05:38:31.989Z","run_bootstrap",63,"http://client1:8000","run","http://client1:8000/run",1,TRUE,200,1108,249,3.60605955123901,"2026-05-23T05:38:28.260076Z","2026-05-23T05:38:31.866136Z",1779514708.26008,1779514711.86614,0.000612,0.000725,0.000762,3.59213,3.592249,3.591368,0.000118999999999758,3.5722,0.0338595512390136
"2026-05-23T05:38:31.989Z","run_bootstrap",63,"http://client2:8000","run","http://client2:8000/run",1,TRUE,200,1108,250,3.66925501823425,"2026-05-23T05:38:28.261976Z","2026-05-23T05:38:31.931231Z",1779514708.26198,1779514711.93123,0.000503,0.000584,0.000615,3.653756,3.65389,3.653141,0.000134000000000079,3.6371,0.0321550182342527
"2026-05-23T05:38:31.989Z","run_bootstrap",63,"http://client3:8000","run","http://client3:8000/run",1,TRUE,200,1108,255,3.71931099891663,"2026-05-23T05:38:28.262382Z","2026-05-23T05:38:31.981693Z",1779514708.26238,1779514711.98169,0.000374,0.000468,0.000502,3.704275,3.704404,3.703773,0.000128999999999824,3.6978,0.021510998916626
"2026-05-23T05:38:35.539Z","run_bootstrap",64,"http://client1:8000","run","http://client1:8000/run",1,TRUE,200,1108,249,3.49395680427551,"2026-05-23T05:38:32.005697Z","2026-05-23T05:38:35.499654Z",1779514712.0057,1779514715.49965,0.000719,0.000787,0.000807,3.479333,3.479464,3.478526,0.000131000000000103,3.4722,0.0217568042755127
"2026-05-23T05:38:35.539Z","run_bootstrap",64,"http://client2:8000","run","http://client2:8000/run",1,TRUE,200,1108,249,3.48724699020386,"2026-05-23T05:38:32.006004Z","2026-05-23T05:38:35.493251Z",1779514712.006,1779514715.49325,0.000572,0.000653,0.000673,3.472934,3.473075,3.472261,0.000141000000000169,3.463,0.0242469902038573
"2026-05-23T05:38:35.539Z","run_bootstrap",64,"http://client3:8000","run","http://client3:8000/run",1,TRUE,200,1108,255,3.52943754196167,"2026-05-23T05:38:32.005104Z","2026-05-23T05:38:35.534542Z",1779514712.0051,1779514715.53454,0.000586,0.000673,0.000704,3.514102,3.514274,3.513398,0.000172000000000061,3.5058,0.0236375419616701
"2026-05-23T05:38:39.125Z","run_bootstrap",65,"http://client1:8000","run","http://client1:8000/run",1,TRUE,200,1107,253,3.49734807014465,"2026-05-23T05:38:35.551961Z","2026-05-23T05:38:39.049309Z",1779514715.55196,1779514719.04931,0.000722,0.000814,0.00085,3.475292,3.475415,3.474442,0.000122999999999873,3.4681,0.0292480701446531
"2026-05-23T05:38:39.125Z","run_bootstrap",65,"http://client2:8000","run","http://client2:8000/run",1,TRUE,200,1107,250,3.53585624694824,"2026-05-23T05:38:35.552577Z","2026-05-23T05:38:39.088434Z",1779514715.55258,1779514719.08843,0.000647,0.000763,0.000802,3.514813,3.514955,3.514011,0.000141999999999864,3.5076,0.0282562469482421
"2026-05-23T05:38:39.125Z","run_bootstrap",65,"http://client3:8000","run","http://client3:8000/run",1,TRUE,200,1107,257,3.56960129737854,"2026-05-23T05:38:35.551798Z","2026-05-23T05:38:39.121399Z",1779514715.5518,1779514719.1214,0.000716,0.000845,0.00088,3.552274,3.552412,3.551394,0.000137999999999749,3.5443,0.0253012973785403
"2026-05-23T05:38:42.695Z","run_bootstrap",66,"http://client1:8000","run","http://client1:8000/run",1,TRUE,200,1107,253,3.55101656913757,"2026-05-23T05:38:39.139728Z","2026-05-23T05:38:42.690745Z",1779514719.13973,1779514722.69075,0.000664,0.000769,0.000809,3.536702,3.536807,3.535893,0.000105000000000022,3.5284,0.0226165691375733
"2026-05-23T05:38:42.695Z","run_bootstrap",66,"http://client2:8000","run","http://client2:8000/run",1,TRUE,200,1107,250,3.54601812362671,"2026-05-23T05:38:39.140213Z","2026-05-23T05:38:42.686231Z",1779514719.14021,1779514722.68623,0.000527,0.00062,0.00066,3.529086,3.52919,3.528426,0.000103999999999882,3.5224,0.0236181236267088
"2026-05-23T05:38:42.695Z","run_bootstrap",66,"http://client3:8000","run","http://client3:8000/run",1,TRUE,200,1107,257,3.4684362411499,"2026-05-23T05:38:39.140781Z","2026-05-23T05:38:42.609217Z",1779514719.14078,1779514722.60922,0.000556,0.000659,0.000698,3.448167,3.4483,3.447469,0.000132999999999939,3.4414,0.0270362411499026
"2026-05-23T05:38:46.445Z","run_bootstrap",67,"http://client1:8000","run","http://client1:8000/run",1,TRUE,200,1109,252,3.45259714126587,"2026-05-23T05:38:42.706538Z","2026-05-23T05:38:46.159135Z",1779514722.70654,1779514726.15914,0.000485,0.000555,0.00065,3.434088,3.434226,3.433438,0.000137999999999749,3.4272,0.0253971412658691
"2026-05-23T05:38:46.445Z","run_bootstrap",67,"http://client2:8000","run","http://client2:8000/run",1,TRUE,200,1109,249,3.73387908935547,"2026-05-23T05:38:42.707054Z","2026-05-23T05:38:46.440933Z",1779514722.70705,1779514726.44093,0.000547,0.000663,0.000707,3.7177,3.717876,3.716993,0.000176000000000176,3.711,0.0228790893554689
"2026-05-23T05:38:46.445Z","run_bootstrap",67,"http://client3:8000","run","http://client3:8000/run",1,TRUE,200,1109,256,3.54932451248169,"2026-05-23T05:38:42.707624Z","2026-05-23T05:38:46.256949Z",1779514722.70762,1779514726.25695,0.000464,0.000531,0.000565,3.529135,3.529277,3.52857,0.000141999999999864,3.5223,0.0270245124816895
"2026-05-23T05:38:50.179Z","run_bootstrap",68,"http://client1:8000","run","http://client1:8000/run",1,TRUE,200,1109,252,3.38416337966919,"2026-05-23T05:38:46.457775Z","2026-05-23T05:38:49.841939Z",1779514726.45778,1779514729.84194,0.000577,0.000649,0.00068,3.369925,3.370059,3.369245,0.000134000000000079,3.3587,0.0254633796691897
"2026-05-23T05:38:50.179Z","run_bootstrap",68,"http://client2:8000","run","http://client2:8000/run",1,TRUE,200,1109,249,3.71699833869934,"2026-05-23T05:38:46.458090Z","2026-05-23T05:38:50.175088Z",1779514726.45809,1779514730.17509,0.000595,0.000673,0.000695,3.70405,3.704194,3.703355,0.000144000000000144,3.697,0.0199983386993408
"2026-05-23T05:38:50.179Z","run_bootstrap",68,"http://client3:8000","run","http://client3:8000/run",1,TRUE,200,1109,256,3.48073530197144,"2026-05-23T05:38:46.457706Z","2026-05-23T05:38:49.938442Z",1779514726.45771,1779514729.93844,0.000675,0.000733,0.000752,3.466533,3.46667,3.465781,0.000137000000000054,3.4595,0.0212353019714357
"2026-05-23T05:38:53.816Z","run_bootstrap",69,"http://client1:8000","run","http://client1:8000/run",1,TRUE,200,1107,252,3.61825942993164,"2026-05-23T05:38:50.190988Z","2026-05-23T05:38:53.809247Z",1779514730.19099,1779514733.80925,0.000655,0.000759,0.000794,3.603325,3.603461,3.602531,0.000135999999999914,3.5956,0.0226594299316405
"2026-05-23T05:38:53.816Z","run_bootstrap",69,"http://client2:8000","run","http://client2:8000/run",1,TRUE,200,1107,250,3.57014393806458,"2026-05-23T05:38:50.192919Z","2026-05-23T05:38:53.763063Z",1779514730.19292,1779514733.76306,0.000614,0.000733,0.000771,3.553507,3.553665,3.552736,0.00015799999999988,3.5462,0.0239439380645754
"2026-05-23T05:38:53.816Z","run_bootstrap",69,"http://client3:8000","run","http://client3:8000/run",1,TRUE,200,1107,258,3.46267223358154,"2026-05-23T05:38:50.193353Z","2026-05-23T05:38:53.656025Z",1779514730.19335,1779514733.65603,0.000615,0.000728,0.000765,3.44583,3.445978,3.445065,0.000148000000000259,3.4384,0.0242722335815428
"2026-05-23T05:38:57.607Z","run_bootstrap",70,"http://client1:8000","run","http://client1:8000/run",1,TRUE,200,1107,252,3.77278590202332,"2026-05-23T05:38:53.829485Z","2026-05-23T05:38:57.602271Z",1779514733.82949,1779514737.60227,0.000567,0.000682,0.000719,3.758167,3.758283,3.757448,0.000116000000000227,3.7507,0.0220859020233153
"2026-05-23T05:38:57.607Z","run_bootstrap",70,"http://client2:8000","run","http://client2:8000/run",1,TRUE,200,1107,250,3.50298142433167,"2026-05-23T05:38:53.830584Z","2026-05-23T05:38:57.333565Z",1779514733.83058,1779514737.33357,0.000598,0.000822,0.000882,3.486311,3.486447,3.485429,0.000135999999999914,3.4795,0.0234814243316652
"2026-05-23T05:38:57.607Z","run_bootstrap",70,"http://client3:8000","run","http://client3:8000/run",1,TRUE,200,1107,258,3.58216238021851,"2026-05-23T05:38:53.829783Z","2026-05-23T05:38:57.411946Z",1779514733.82978,1779514737.41195,0.000597,0.000664,0.000685,3.568635,3.568776,3.56795,0.000141000000000169,3.5616,0.020562380218506
"2026-05-23T05:39:01.459Z","run_bootstrap",71,"http://client1:8000","run","http://client1:8000/run",1,TRUE,200,1109,250,3.54007625579834,"2026-05-23T05:38:57.618939Z","2026-05-23T05:39:01.159015Z",1779514737.61894,1779514741.15902,0.000436,0.000515,0.000539,3.521962,3.522335,3.521423,0.000373000000000179,3.5148,0.0252762557983397
"2026-05-23T05:39:01.459Z","run_bootstrap",71,"http://client2:8000","run","http://client2:8000/run",1,TRUE,200,1109,252,3.64197516441345,"2026-05-23T05:38:57.619641Z","2026-05-23T05:39:01.261616Z",1779514737.61964,1779514741.26162,0.000559,0.000633,0.000663,3.620655,3.620791,3.619992,0.000135999999999914,3.6113,0.0306751644134522
"2026-05-23T05:39:01.459Z","run_bootstrap",71,"http://client3:8000","run","http://client3:8000/run",1,TRUE,200,1109,254,3.8323986530304,"2026-05-23T05:38:57.620105Z","2026-05-23T05:39:01.452504Z",1779514737.62011,1779514741.4525,0.000504,0.000591,0.000624,3.815711,3.815875,3.815087,0.000164000000000275,3.8088,0.0235986530303953
"2026-05-23T05:39:05.178Z","run_bootstrap",72,"http://client1:8000","run","http://client1:8000/run",1,TRUE,200,1109,250,3.59053230285645,"2026-05-23T05:39:01.480008Z","2026-05-23T05:39:05.070541Z",1779514741.48001,1779514745.07054,0.000548,0.000613,0.000644,3.568498,3.568633,3.567854,0.000135000000000218,3.5613,0.0292323028564452
"2026-05-23T05:39:05.178Z","run_bootstrap",72,"http://client2:8000","run","http://client2:8000/run",1,TRUE,200,1109,252,3.69309163093567,"2026-05-23T05:39:01.480639Z","2026-05-23T05:39:05.173731Z",1779514741.48064,1779514745.17373,0.000442,0.000525,0.000558,3.671155,3.671293,3.670597,0.000137999999999749,3.6643,0.0287916309356691
"2026-05-23T05:39:05.178Z","run_bootstrap",72,"http://client3:8000","run","http://client3:8000/run",1,TRUE,200,1109,254,3.59852576255798,"2026-05-23T05:39:01.481057Z","2026-05-23T05:39:05.079583Z",1779514741.48106,1779514745.07958,0.000713,0.000829,0.000866,3.579635,3.579775,3.578769,0.000140000000000029,3.5725,0.0260257625579836
"2026-05-23T05:39:09.085Z","run_bootstrap",73,"http://client1:8000","run","http://client1:8000/run",1,TRUE,200,1108,253,3.8890368938446,"2026-05-23T05:39:05.188670Z","2026-05-23T05:39:09.077707Z",1779514745.18867,1779514749.07771,0.000688,8e-04,0.000835,3.875347,3.875482,3.874512,0.000134999999999774,3.8679,0.0211368938446044
"2026-05-23T05:39:09.085Z","run_bootstrap",73,"http://client2:8000","run","http://client2:8000/run",1,TRUE,200,1108,249,3.72912812232971,"2026-05-23T05:39:05.190461Z","2026-05-23T05:39:08.919589Z",1779514745.19046,1779514748.91959,0.000613,0.000729,0.000765,3.708002,3.708104,3.707237,0.000102000000000046,3.6906,0.038528122329712
"2026-05-23T05:39:09.085Z","run_bootstrap",73,"http://client3:8000","run","http://client3:8000/run",1,TRUE,200,1108,257,3.65976095199585,"2026-05-23T05:39:05.190824Z","2026-05-23T05:39:08.850585Z",1779514745.19082,1779514748.85059,0.000767,0.000883,0.000919,3.641582,3.641714,3.640663,0.000131999999999799,3.6236,0.0361609519958495
"2026-05-23T05:39:12.866Z","run_bootstrap",74,"http://client1:8000","run","http://client1:8000/run",1,TRUE,200,1108,253,3.75868463516235,"2026-05-23T05:39:09.103239Z","2026-05-23T05:39:12.861923Z",1779514749.10324,1779514752.86192,0.000416,0.000509,0.000542,3.736579,3.73671,3.736037,0.000131000000000103,3.7293,0.0293846351623537
"2026-05-23T05:39:12.866Z","run_bootstrap",74,"http://client2:8000","run","http://client2:8000/run",1,TRUE,200,1108,249,3.70643663406372,"2026-05-23T05:39:09.103629Z","2026-05-23T05:39:12.810065Z",1779514749.10363,1779514752.81007,0.000356,0.000426,0.000459,3.684275,3.684409,3.683816,0.000134000000000079,3.6774,0.0290366340637207
"2026-05-23T05:39:12.866Z","run_bootstrap",74,"http://client3:8000","run","http://client3:8000/run",1,TRUE,200,1108,257,3.5965723991394,"2026-05-23T05:39:09.102886Z","2026-05-23T05:39:12.699458Z",1779514749.10289,1779514752.69946,0.000589,0.000694,0.000729,3.58166,3.581751,3.580931,9.10000000002853e-05,3.5744,0.0221723991394045
"2026-05-23T05:39:16.716Z","run_bootstrap",75,"http://client1:8000","run","http://client1:8000/run",1,TRUE,200,1109,250,3.73834085464478,"2026-05-23T05:39:12.877580Z","2026-05-23T05:39:16.615921Z",1779514752.87758,1779514756.61592,0.00068,0.000785,0.000822,3.723732,3.724028,3.72291,0.000296000000000074,3.7159,0.0224408546447754
"2026-05-23T05:39:16.716Z","run_bootstrap",75,"http://client2:8000","run","http://client2:8000/run",1,TRUE,200,1109,247,3.61849665641785,"2026-05-23T05:39:12.879571Z","2026-05-23T05:39:16.498068Z",1779514752.87957,1779514756.49807,0.000692,0.000758,0.000777,3.605104,3.605234,3.604327,0.000129999999999963,3.5978,0.0206966564178468
"2026-05-23T05:39:16.716Z","run_bootstrap",75,"http://client3:8000","run","http://client3:8000/run",1,TRUE,200,1109,257,3.83259081840515,"2026-05-23T05:39:12.878857Z","2026-05-23T05:39:16.711447Z",1779514752.87886,1779514756.71145,0.000601,0.000713,0.000749,3.818461,3.818618,3.817712,0.000156999999999741,3.8112,0.0213908184051514
"2026-05-23T05:39:20.478Z","run_bootstrap",76,"http://client1:8000","run","http://client1:8000/run",1,TRUE,200,1109,250,3.71006655693054,"2026-05-23T05:39:16.729236Z","2026-05-23T05:39:20.439302Z",1779514756.72924,1779514760.4393,0.000488,0.00058,0.000616,3.684101,3.684219,3.683485,0.000118000000000062,3.6767,0.0333665569305421
"2026-05-23T05:39:20.478Z","run_bootstrap",76,"http://client2:8000","run","http://client2:8000/run",1,TRUE,200,1109,247,3.59210252761841,"2026-05-23T05:39:16.730016Z","2026-05-23T05:39:20.322118Z",1779514756.73002,1779514760.32212,0.000659,0.000773,0.000811,3.574011,3.574103,3.5732,9.1999999999981e-05,3.5647,0.027402527618408
"2026-05-23T05:39:20.478Z","run_bootstrap",76,"http://client3:8000","run","http://client3:8000/run",1,TRUE,200,1109,257,3.7436695098877,"2026-05-23T05:39:16.730590Z","2026-05-23T05:39:20.474259Z",1779514756.73059,1779514760.47426,0.000412,0.000501,0.000535,3.719728,3.719869,3.719193,0.000141000000000169,3.7087,0.0349695098876954
"2026-05-23T05:39:24.246Z","run_bootstrap",77,"http://client1:8000","run","http://client1:8000/run",1,TRUE,200,1109,252,3.75163149833679,"2026-05-23T05:39:20.490610Z","2026-05-23T05:39:24.242241Z",1779514760.49061,1779514764.24224,0.000676,0.000789,0.000825,3.737566,3.737698,3.736741,0.000131999999999799,3.7224,0.0292314983367921
"2026-05-23T05:39:24.246Z","run_bootstrap",77,"http://client2:8000","run","http://client2:8000/run",1,TRUE,200,1109,249,3.68862438201904,"2026-05-23T05:39:20.492561Z","2026-05-23T05:39:24.181186Z",1779514760.49256,1779514764.18119,0.000617,0.000734,0.000772,3.673682,3.673863,3.67291,0.000180999999999987,3.6661,0.0225243820190428
"2026-05-23T05:39:24.246Z","run_bootstrap",77,"http://client3:8000","run","http://client3:8000/run",1,TRUE,200,1109,256,3.72332692146301,"2026-05-23T05:39:20.493155Z","2026-05-23T05:39:24.216482Z",1779514760.49316,1779514764.21648,0.000593,0.000712,0.00075,3.709493,3.709613,3.708743,0.000119999999999898,3.7026,0.0207269214630128
"2026-05-23T05:39:28.171Z","run_bootstrap",78,"http://client1:8000","run","http://client1:8000/run",1,TRUE,200,1109,252,3.50707149505615,"2026-05-23T05:39:24.258914Z","2026-05-23T05:39:27.765986Z",1779514764.25891,1779514767.76599,0.00062,0.000704,0.000741,3.487898,3.488042,3.487157,0.000144000000000144,3.4794,0.0276714950561523
"2026-05-23T05:39:28.171Z","run_bootstrap",78,"http://client2:8000","run","http://client2:8000/run",1,TRUE,200,1109,249,3.88981413841248,"2026-05-23T05:39:24.259650Z","2026-05-23T05:39:28.149464Z",1779514764.25965,1779514768.14946,0.00039,0.000463,0.000496,3.870259,3.870422,3.869763,0.000163000000000135,3.8625,0.0273141384124758
"2026-05-23T05:39:28.171Z","run_bootstrap",78,"http://client3:8000","run","http://client3:8000/run",1,TRUE,200,1109,255,3.90393090248108,"2026-05-23T05:39:24.260263Z","2026-05-23T05:39:28.164194Z",1779514764.26026,1779514768.16419,0.000443,0.000542,0.000567,3.886033,3.886168,3.885466,0.000135000000000218,3.879,0.0249309024810791
"2026-05-23T05:39:32.077Z","run_bootstrap",79,"http://client1:8000","run","http://client1:8000/run",1,TRUE,200,1107,250,3.88614559173584,"2026-05-23T05:39:28.186474Z","2026-05-23T05:39:32.072619Z",1779514768.18647,1779514772.07262,0.000707,0.000805,0.000837,3.872626,3.872772,3.871789,0.000145999999999979,3.8646,0.02154559173584
"2026-05-23T05:39:32.077Z","run_bootstrap",79,"http://client2:8000","run","http://client2:8000/run",1,TRUE,200,1107,249,3.60277199745178,"2026-05-23T05:39:28.186872Z","2026-05-23T05:39:31.789644Z",1779514768.18687,1779514771.78964,0.000629,0.000721,0.000747,3.589883,3.590008,3.589136,0.000125000000000153,3.5827,0.0200719974517822
"2026-05-23T05:39:32.077Z","run_bootstrap",79,"http://client3:8000","run","http://client3:8000/run",1,TRUE,200,1107,257,3.58721327781677,"2026-05-23T05:39:28.186273Z","2026-05-23T05:39:31.773486Z",1779514768.18627,1779514771.77349,0.000694,0.000795,0.000828,3.57395,3.574072,3.573122,0.000122000000000178,3.5652,0.0220132778167725
"2026-05-23T05:39:35.952Z","run_bootstrap",80,"http://client1:8000","run","http://client1:8000/run",1,TRUE,200,1107,250,3.85753965377808,"2026-05-23T05:39:32.089856Z","2026-05-23T05:39:35.947395Z",1779514772.08986,1779514775.9474,0.000372,0.000462,0.000485,3.84207,3.842208,3.841585,0.000137999999999749,3.6745,0.183039653778076
"2026-05-23T05:39:35.952Z","run_bootstrap",80,"http://client2:8000","run","http://client2:8000/run",1,TRUE,200,1107,249,3.85710740089417,"2026-05-23T05:39:32.090387Z","2026-05-23T05:39:35.947494Z",1779514772.09039,1779514775.94749,0.000524,0.000586,0.000944,3.842403,3.842504,3.841459,0.000100999999999907,3.6792,0.177907400894165
"2026-05-23T05:39:35.952Z","run_bootstrap",80,"http://client3:8000","run","http://client3:8000/run",1,TRUE,200,1107,257,3.75448250770569,"2026-05-23T05:39:32.090734Z","2026-05-23T05:39:35.845216Z",1779514772.09073,1779514775.84522,0.000494,0.000552,0.00057,3.739999,3.74004,3.739429,4.09999999999577e-05,3.5777,0.176782507705688
"2026-05-23T05:39:39.798Z","run_bootstrap",81,"http://client1:8000","run","http://client1:8000/run",1,TRUE,200,1108,251,3.825608253479,"2026-05-23T05:39:35.964540Z","2026-05-23T05:39:39.790149Z",1779514775.96454,1779514779.79015,0.000578,0.000691,0.000726,3.807455,3.807597,3.806729,0.000141999999999864,3.8008,0.0248082534790037
"2026-05-23T05:39:39.798Z","run_bootstrap",81,"http://client2:8000","run","http://client2:8000/run",1,TRUE,200,1108,251,3.52284860610962,"2026-05-23T05:39:35.963677Z","2026-05-23T05:39:39.486526Z",1779514775.96368,1779514779.48653,0.000686,0.000792,0.000826,3.507976,3.508117,3.50715,0.000140999999999725,3.5014,0.0214486061096193
"2026-05-23T05:39:39.798Z","run_bootstrap",81,"http://client3:8000","run","http://client3:8000/run",1,TRUE,200,1108,256,3.82595562934875,"2026-05-23T05:39:35.965596Z","2026-05-23T05:39:39.791551Z",1779514775.9656,1779514779.79155,0.000604,0.000715,0.00075,3.804532,3.804619,3.803782,8.70000000001703e-05,3.7981,0.0278556293487551
"2026-05-23T05:39:43.777Z","run_bootstrap",82,"http://client1:8000","run","http://client1:8000/run",1,TRUE,200,1108,251,3.91461491584778,"2026-05-23T05:39:39.813235Z","2026-05-23T05:39:43.727850Z",1779514779.81324,1779514783.72785,0.000547,0.000624,0.000654,3.89561,3.895751,3.894956,0.000141000000000169,3.8886,0.0260149158477785
"2026-05-23T05:39:43.777Z","run_bootstrap",82,"http://client2:8000","run","http://client2:8000/run",1,TRUE,200,1108,251,3.95917725563049,"2026-05-23T05:39:39.813427Z","2026-05-23T05:39:43.772604Z",1779514779.81343,1779514783.7726,0.000687,0.000792,0.000827,3.940688,3.940825,3.939861,0.00013699999999961,3.9337,0.0254772556304932
"2026-05-23T05:39:43.777Z","run_bootstrap",82,"http://client3:8000","run","http://client3:8000/run",1,TRUE,200,1108,256,3.76249480247498,"2026-05-23T05:39:39.813912Z","2026-05-23T05:39:43.576407Z",1779514779.81391,1779514783.57641,0.000493,0.000557,0.000577,3.744838,3.744957,3.744261,0.000118999999999758,3.7379,0.0245948024749758
"2026-05-23T05:39:47.755Z","run_bootstrap",83,"http://client1:8000","run","http://client1:8000/run",1,TRUE,200,1107,252,3.80500388145447,"2026-05-23T05:39:43.792685Z","2026-05-23T05:39:47.597689Z",1779514783.79269,1779514787.59769,0.000614,0.000722,0.000765,3.790083,3.790167,3.789318,8.39999999997509e-05,3.7828,0.0222038814544678
"2026-05-23T05:39:47.755Z","run_bootstrap",83,"http://client2:8000","run","http://client2:8000/run",1,TRUE,200,1107,251,3.94715690612793,"2026-05-23T05:39:43.793489Z","2026-05-23T05:39:47.740646Z",1779514783.79349,1779514787.74065,0.000578,0.00069,0.000741,3.927922,3.92805,3.927181,0.000127999999999684,3.9212,0.0259569061279299
"2026-05-23T05:39:47.755Z","run_bootstrap",83,"http://client3:8000","run","http://client3:8000/run",1,TRUE,200,1107,256,3.95700192451477,"2026-05-23T05:39:43.794059Z","2026-05-23T05:39:47.751061Z",1779514783.79406,1779514787.75106,0.000582,0.000695,0.000737,3.938677,3.93883,3.93794,0.000152999999999626,3.9318,0.0252019245147705
"2026-05-23T05:39:51.690Z","run_bootstrap",84,"http://client1:8000","run","http://client1:8000/run",1,TRUE,200,1107,252,3.91861581802368,"2026-05-23T05:39:47.767749Z","2026-05-23T05:39:51.686365Z",1779514787.76775,1779514791.68637,0.000704,0.000809,0.000844,3.904651,3.904782,3.903807,0.000131000000000103,3.8971,0.0215158180236816
"2026-05-23T05:39:51.690Z","run_bootstrap",84,"http://client2:8000","run","http://client2:8000/run",1,TRUE,200,1107,251,3.87227487564087,"2026-05-23T05:39:47.768669Z","2026-05-23T05:39:51.640944Z",1779514787.76867,1779514791.64094,0.000767,0.000865,0.000899,3.857062,3.857197,3.856163,0.000135000000000218,3.8501,0.0221748756408693
"2026-05-23T05:39:51.690Z","run_bootstrap",84,"http://client3:8000","run","http://client3:8000/run",1,TRUE,200,1107,256,3.67463493347168,"2026-05-23T05:39:47.769126Z","2026-05-23T05:39:51.443761Z",1779514787.76913,1779514791.44376,0.000705,0.000833,0.000873,3.659837,3.659966,3.658964,0.000128999999999824,3.6493,0.0253349334716795
"2026-05-23T05:39:55.784Z","run_bootstrap",85,"http://client1:8000","run","http://client1:8000/run",1,TRUE,200,1109,251,4.0743989944458,"2026-05-23T05:39:51.702436Z","2026-05-23T05:39:55.776835Z",1779514791.70244,1779514795.77684,0.000523,0.00061,0.000643,4.058425,4.058517,4.057782,9.20000000004251e-05,4.0512,0.0231989944458011
"2026-05-23T05:39:55.784Z","run_bootstrap",85,"http://client2:8000","run","http://client2:8000/run",1,TRUE,200,1109,251,3.651611328125,"2026-05-23T05:39:51.703126Z","2026-05-23T05:39:55.354737Z",1779514791.70313,1779514795.35474,0.000442,0.000517,0.000548,3.636051,3.636151,3.635503,9.99999999997669e-05,3.6293,0.0223113281249998
"2026-05-23T05:39:55.784Z","run_bootstrap",85,"http://client3:8000","run","http://client3:8000/run",1,TRUE,200,1109,256,4.07545614242554,"2026-05-23T05:39:51.702330Z","2026-05-23T05:39:55.777786Z",1779514791.70233,1779514795.77779,0.000874,0.000991,0.001027,4.0608,4.060926,4.059773,0.000125999999999848,4.0525,0.0229561424255369
"2026-05-23T05:39:59.498Z","run_bootstrap",86,"http://client1:8000","run","http://client1:8000/run",1,TRUE,200,1109,250,3.5984480381012,"2026-05-23T05:39:55.798377Z","2026-05-23T05:39:59.396825Z",1779514795.79838,1779514799.39683,0.000654,0.000757,0.000791,3.584119,3.584238,3.583328,0.000119000000000202,3.577,0.0214480381011963
"2026-05-23T05:39:59.498Z","run_bootstrap",86,"http://client2:8000","run","http://client2:8000/run",1,TRUE,200,1109,251,3.67341423034668,"2026-05-23T05:39:55.799150Z","2026-05-23T05:39:59.472564Z",1779514795.79915,1779514799.47256,0.000612,0.000693,0.000727,3.653044,3.653195,3.652317,0.000151000000000234,3.6463,0.0271142303466796
"2026-05-23T05:39:59.498Z","run_bootstrap",86,"http://client3:8000","run","http://client3:8000/run",1,TRUE,200,1109,256,3.69432282447815,"2026-05-23T05:39:55.799658Z","2026-05-23T05:39:59.493980Z",1779514795.79966,1779514799.49398,0.000547,0.000637,0.000674,3.67999,3.680114,3.679316,0.000124000000000013,3.6729,0.0214228244781496
"2026-05-23T05:40:03.256Z","run_bootstrap",87,"http://client1:8000","run","http://client1:8000/run",1,TRUE,200,1108,255,3.69151377677917,"2026-05-23T05:39:59.560800Z","2026-05-23T05:40:03.252313Z",1779514799.5608,1779514803.25231,0.000718,0.000848,0.000884,3.678711,3.678766,3.677827,5.50000000001383e-05,3.6603,0.0312137767791749
"2026-05-23T05:40:03.256Z","run_bootstrap",87,"http://client2:8000","run","http://client2:8000/run",1,TRUE,200,1108,253,3.40487265586853,"2026-05-23T05:39:59.563358Z","2026-05-23T05:40:02.968230Z",1779514799.56336,1779514802.96823,0.00062,0.000767,0.000808,3.387336,3.387497,3.386528,0.0001610000000003,3.378,0.0268726558685302
"2026-05-23T05:40:03.256Z","run_bootstrap",87,"http://client3:8000","run","http://client3:8000/run",1,TRUE,200,1108,251,3.47667670249939,"2026-05-23T05:39:59.563398Z","2026-05-23T05:40:03.040075Z",1779514799.5634,1779514803.04008,0.00041,0.000502,0.000539,3.458208,3.458382,3.457669,0.000173999999999896,3.45,0.0266767024993895
"2026-05-23T05:40:06.862Z","run_bootstrap",88,"http://client1:8000","run","http://client1:8000/run",1,TRUE,200,1108,255,3.38535857200623,"2026-05-23T05:40:03.267586Z","2026-05-23T05:40:06.652945Z",1779514803.26759,1779514806.65295,0.000647,0.000748,0.000782,3.371508,3.37166,3.370726,0.00015199999999993,3.3644,0.0209585720062258
"2026-05-23T05:40:06.862Z","run_bootstrap",88,"http://client2:8000","run","http://client2:8000/run",1,TRUE,200,1108,254,3.58597946166992,"2026-05-23T05:40:03.269533Z","2026-05-23T05:40:06.855513Z",1779514803.26953,1779514806.85551,0.000567,0.000654,0.000686,3.568197,3.568263,3.567511,6.59999999998995e-05,3.5612,0.024779461669922
"2026-05-23T05:40:06.862Z","run_bootstrap",88,"http://client3:8000","run","http://client3:8000/run",1,TRUE,200,1108,253,3.50194072723389,"2026-05-23T05:40:03.269995Z","2026-05-23T05:40:06.771936Z",1779514803.27,1779514806.77194,0.000419,0.000499,0.00053,3.48125,3.481412,3.48072,0.000161999999999995,3.4745,0.0274407272338868
"2026-05-23T05:40:10.586Z","run_bootstrap",89,"http://client1:8000","run","http://client1:8000/run",1,TRUE,200,1109,258,3.43493175506592,"2026-05-23T05:40:06.874564Z","2026-05-23T05:40:10.309495Z",1779514806.87456,1779514810.3095,0.000679,0.000742,0.000763,3.419817,3.419858,3.419054,4.09999999999577e-05,3.4126,0.0223317550659181
"2026-05-23T05:40:10.586Z","run_bootstrap",89,"http://client2:8000","run","http://client2:8000/run",1,TRUE,200,1109,258,3.43187022209167,"2026-05-23T05:40:06.875464Z","2026-05-23T05:40:10.307334Z",1779514806.87546,1779514810.30733,0.000679,0.000742,0.00076,3.41652,3.416799,3.41576,0.000279000000000362,3.4096,0.0222702220916746
"2026-05-23T05:40:10.586Z","run_bootstrap",89,"http://client3:8000","run","http://client3:8000/run",1,TRUE,200,1109,260,3.70475840568542,"2026-05-23T05:40:06.874889Z","2026-05-23T05:40:10.579648Z",1779514806.87489,1779514810.57965,0.000601,0.000685,0.000707,3.689167,3.689222,3.68846,5.50000000001383e-05,3.6822,0.0225584056854249
"2026-05-23T05:40:14.344Z","run_bootstrap",90,"http://client1:8000","run","http://client1:8000/run",1,TRUE,200,1109,258,3.73433423042297,"2026-05-23T05:40:10.605343Z","2026-05-23T05:40:14.339677Z",1779514810.60534,1779514814.33968,0.000704,0.000758,0.000777,3.715098,3.715142,3.714321,4.40000000003771e-05,3.7079,0.0264342304229737
"2026-05-23T05:40:14.344Z","run_bootstrap",90,"http://client2:8000","run","http://client2:8000/run",1,TRUE,200,1109,258,3.49471259117126,"2026-05-23T05:40:10.605989Z","2026-05-23T05:40:14.100701Z",1779514810.60599,1779514814.1007,0.00065,0.000742,0.000773,3.475053,3.475229,3.47428,0.000176000000000176,3.4669,0.0278125911712648
"2026-05-23T05:40:14.344Z","run_bootstrap",90,"http://client3:8000","run","http://client3:8000/run",1,TRUE,200,1109,260,3.52434873580933,"2026-05-23T05:40:10.606865Z","2026-05-23T05:40:14.131214Z",1779514810.60687,1779514814.13121,0.000523,0.000597,0.00062,3.506564,3.506698,3.505944,0.000134000000000079,3.4998,0.0245487358093261
"2026-05-23T05:40:17.907Z","run_bootstrap",91,"http://client1:8000","run","http://client1:8000/run",1,TRUE,200,1105,252,3.5456600189209,"2026-05-23T05:40:14.357518Z","2026-05-23T05:40:17.903178Z",1779514814.35752,1779514817.90318,0.000595,7e-04,0.000733,3.529612,3.529778,3.528879,0.000165999999999666,3.5221,0.0235600189208984
"2026-05-23T05:40:17.907Z","run_bootstrap",91,"http://client2:8000","run","http://client2:8000/run",1,TRUE,200,1105,253,3.48096323013306,"2026-05-23T05:40:14.357926Z","2026-05-23T05:40:17.838889Z",1779514814.35793,1779514817.83889,0.000571,0.000685,0.000721,3.46363,3.463701,3.462909,7.09999999997102e-05,3.4565,0.0244632301330565
"2026-05-23T05:40:17.907Z","run_bootstrap",91,"http://client3:8000","run","http://client3:8000/run",1,TRUE,200,1105,254,3.53207325935364,"2026-05-23T05:40:14.358665Z","2026-05-23T05:40:17.890738Z",1779514814.35867,1779514817.89074,0.000568,0.00069,0.000726,3.51248,3.512621,3.511754,0.000141000000000169,3.5057,0.0263732593536377
"2026-05-23T05:40:21.596Z","run_bootstrap",92,"http://client1:8000","run","http://client1:8000/run",1,TRUE,200,1105,251,3.67286586761475,"2026-05-23T05:40:17.919767Z","2026-05-23T05:40:21.592633Z",1779514817.91977,1779514821.59263,0.000632,0.000816,0.000884,3.655472,3.65561,3.654588,0.000137999999999749,3.648,0.024865867614746
"2026-05-23T05:40:21.596Z","run_bootstrap",92,"http://client2:8000","run","http://client2:8000/run",1,TRUE,200,1105,253,3.32624554634094,"2026-05-23T05:40:17.921965Z","2026-05-23T05:40:21.248210Z",1779514817.92197,1779514821.24821,0.000638,0.000729,0.000761,3.308813,3.308948,3.308052,0.000135000000000218,3.3018,0.0244455463409423
"2026-05-23T05:40:21.596Z","run_bootstrap",92,"http://client3:8000","run","http://client3:8000/run",1,TRUE,200,1105,254,3.29307413101196,"2026-05-23T05:40:17.922441Z","2026-05-23T05:40:21.215516Z",1779514817.92244,1779514821.21552,0.000538,0.00063,0.000661,3.275859,3.276004,3.275198,0.00014499999999984,3.2656,0.0274741310119628
"2026-05-23T05:40:25.211Z","run_bootstrap",93,"http://client1:8000","run","http://client1:8000/run",1,TRUE,200,1109,252,3.48236107826233,"2026-05-23T05:40:21.609904Z","2026-05-23T05:40:25.092265Z",1779514821.6099,1779514825.09227,0.000729,0.000846,0.000886,3.468528,3.468663,3.467642,0.000134999999999774,3.4601,0.0222610782623289
"2026-05-23T05:40:25.211Z","run_bootstrap",93,"http://client2:8000","run","http://client2:8000/run",1,TRUE,200,1109,250,3.59369421005249,"2026-05-23T05:40:21.611662Z","2026-05-23T05:40:25.205356Z",1779514821.61166,1779514825.20536,0.000608,0.000694,0.000735,3.579139,3.579291,3.578404,0.00015199999999993,3.572,0.0216942100524902
"2026-05-23T05:40:25.211Z","run_bootstrap",93,"http://client3:8000","run","http://client3:8000/run",1,TRUE,200,1109,252,3.56507158279419,"2026-05-23T05:40:21.612120Z","2026-05-23T05:40:25.177191Z",1779514821.61212,1779514825.17719,0.000513,0.00064,0.000684,3.548134,3.548269,3.54745,0.000134999999999774,3.5402,0.0248715827941894
"2026-05-23T05:40:28.896Z","run_bootstrap",94,"http://client1:8000","run","http://client1:8000/run",1,TRUE,200,1109,251,3.6680736541748,"2026-05-23T05:40:25.223769Z","2026-05-23T05:40:28.891843Z",1779514825.22377,1779514828.89184,0.000487,0.000571,0.000603,3.646438,3.646579,3.645835,0.000141000000000169,3.638,0.0300736541748048
"2026-05-23T05:40:28.896Z","run_bootstrap",94,"http://client2:8000","run","http://client2:8000/run",1,TRUE,200,1109,250,3.44391393661499,"2026-05-23T05:40:25.224209Z","2026-05-23T05:40:28.668123Z",1779514825.22421,1779514828.66812,0.000476,0.000567,0.000601,3.423758,3.42391,3.423157,0.00015199999999993,3.417,0.0269139366149904
"2026-05-23T05:40:28.896Z","run_bootstrap",94,"http://client3:8000","run","http://client3:8000/run",1,TRUE,200,1109,252,3.59735417366028,"2026-05-23T05:40:25.224752Z","2026-05-23T05:40:28.822107Z",1779514825.22475,1779514828.82211,7e-04,0.000829,0.000869,3.578242,3.578381,3.577373,0.000138999999999889,3.5711,0.0262541736602784
"2026-05-23T05:40:32.560Z","run_bootstrap",95,"http://client1:8000","run","http://client1:8000/run",1,TRUE,200,1109,252,3.64567470550537,"2026-05-23T05:40:28.907882Z","2026-05-23T05:40:32.553557Z",1779514828.90788,1779514832.55356,0.000808,0.000918,0.000997,3.627846,3.628008,3.626849,0.000161999999999995,3.6199,0.0257747055053712
"2026-05-23T05:40:32.560Z","run_bootstrap",95,"http://client2:8000","run","http://client2:8000/run",1,TRUE,200,1109,252,3.42285656929016,"2026-05-23T05:40:28.908587Z","2026-05-23T05:40:32.331443Z",1779514828.90859,1779514832.33144,0.000603,0.000678,0.000828,3.404937,3.405088,3.404109,0.000151000000000234,3.3976,0.025256569290161
"2026-05-23T05:40:32.560Z","run_bootstrap",95,"http://client3:8000","run","http://client3:8000/run",1,TRUE,200,1109,253,3.60154604911804,"2026-05-23T05:40:28.909137Z","2026-05-23T05:40:32.510684Z",1779514828.90914,1779514832.51068,0.000689,0.000789,0.000821,3.584738,3.584879,3.583917,0.000140999999999725,3.5775,0.0240460491180419
"2026-05-23T05:40:36.376Z","run_bootstrap",96,"http://client1:8000","run","http://client1:8000/run",1,TRUE,200,1109,252,3.73543095588684,"2026-05-23T05:40:32.573001Z","2026-05-23T05:40:36.308432Z",1779514832.573,1779514836.30843,0.000549,0.000659,0.000695,3.718588,3.718727,3.717893,0.000138999999999889,3.7114,0.024030955886841
"2026-05-23T05:40:36.376Z","run_bootstrap",96,"http://client2:8000","run","http://client2:8000/run",1,TRUE,200,1109,251,3.40598487854004,"2026-05-23T05:40:32.573590Z","2026-05-23T05:40:35.979575Z",1779514832.57359,1779514835.97958,0.00053,0.000666,0.00069,3.389733,3.389911,3.389043,0.000178000000000011,3.382,0.0239848785400389
"2026-05-23T05:40:36.376Z","run_bootstrap",96,"http://client3:8000","run","http://client3:8000/run",1,TRUE,200,1109,253,3.79861569404602,"2026-05-23T05:40:32.572858Z","2026-05-23T05:40:36.371473Z",1779514832.57286,1779514836.37147,0.000712,0.000819,0.000854,3.783891,3.784034,3.783037,0.000143000000000004,3.7769,0.0217156940460206
"2026-05-23T05:40:40.269Z","run_bootstrap",97,"http://client1:8000","run","http://client1:8000/run",1,TRUE,200,1108,252,3.71336603164673,"2026-05-23T05:40:36.388524Z","2026-05-23T05:40:40.101890Z",1779514836.38852,1779514840.10189,0.000626,0.000724,0.000765,3.696337,3.696522,3.695572,0.000184999999999658,3.6888,0.0245660316467284
"2026-05-23T05:40:40.269Z","run_bootstrap",97,"http://client2:8000","run","http://client2:8000/run",1,TRUE,200,1108,251,3.62754559516907,"2026-05-23T05:40:36.388212Z","2026-05-23T05:40:40.015758Z",1779514836.38821,1779514840.01576,0.000632,0.000741,0.000875,3.613441,3.613629,3.612566,0.000188000000000077,3.6058,0.0217455951690675
"2026-05-23T05:40:40.269Z","run_bootstrap",97,"http://client3:8000","run","http://client3:8000/run",1,TRUE,200,1108,253,3.87417984008789,"2026-05-23T05:40:36.389972Z","2026-05-23T05:40:40.264152Z",1779514836.38997,1779514840.26415,0.000548,0.000642,0.000698,3.858135,3.858304,3.857437,0.000169000000000086,3.8513,0.0228798400878905
"2026-05-23T05:40:43.995Z","run_bootstrap",98,"http://client1:8000","run","http://client1:8000/run",1,TRUE,200,1108,252,3.7027382850647,"2026-05-23T05:40:40.285912Z","2026-05-23T05:40:43.988650Z",1779514840.28591,1779514843.98865,0.000741,0.000845,0.00088,3.690295,3.690444,3.689415,0.000148999999999955,3.6815,0.021238285064697
"2026-05-23T05:40:43.995Z","run_bootstrap",98,"http://client2:8000","run","http://client2:8000/run",1,TRUE,200,1108,251,3.68580222129822,"2026-05-23T05:40:40.287036Z","2026-05-23T05:40:43.972838Z",1779514840.28704,1779514843.97284,0.00054,0.00061,0.000641,3.674166,3.674335,3.673525,0.000169000000000086,3.6669,0.0189022212982177
"2026-05-23T05:40:43.995Z","run_bootstrap",98,"http://client3:8000","run","http://client3:8000/run",1,TRUE,200,1108,252,3.60095858573914,"2026-05-23T05:40:40.288208Z","2026-05-23T05:40:43.889167Z",1779514840.28821,1779514843.88917,0.000555,0.000651,0.00069,3.582345,3.5825,3.581655,0.000154999999999905,3.575,0.0259585857391356
"2026-05-23T05:40:47.880Z","run_bootstrap",99,"http://client1:8000","run","http://client1:8000/run",1,TRUE,200,1109,251,3.70126295089722,"2026-05-23T05:40:44.009459Z","2026-05-23T05:40:47.710722Z",1779514844.00946,1779514847.71072,0.000516,0.000621,0.000656,3.685921,3.686058,3.685265,0.000137000000000054,3.6784,0.0228629508972169
"2026-05-23T05:40:47.880Z","run_bootstrap",99,"http://client2:8000","run","http://client2:8000/run",1,TRUE,200,1109,254,3.55879354476929,"2026-05-23T05:40:44.009424Z","2026-05-23T05:40:47.568217Z",1779514844.00942,1779514847.56822,0.000728,0.000832,0.00087,3.54478,3.54491,3.54391,0.000129999999999963,3.5372,0.0215935447692872
"2026-05-23T05:40:47.880Z","run_bootstrap",99,"http://client3:8000","run","http://client3:8000/run",1,TRUE,200,1109,252,3.86611652374268,"2026-05-23T05:40:44.009291Z","2026-05-23T05:40:47.875407Z",1779514844.00929,1779514847.87541,0.000782,0.000858,0.000889,3.851711,3.851855,3.850822,0.000144000000000144,3.8433,0.0228165237426756
"2026-05-23T05:40:51.913Z","run_bootstrap",100,"http://client1:8000","run","http://client1:8000/run",1,TRUE,200,1109,251,4.01662850379944,"2026-05-23T05:40:47.892405Z","2026-05-23T05:40:51.909034Z",1779514847.89241,1779514851.90903,0.000641,0.000751,0.000796,4.003032,4.003359,4.002236,0.000326999999999522,3.8512,0.165428503799439
"2026-05-23T05:40:51.913Z","run_bootstrap",100,"http://client2:8000","run","http://client2:8000/run",1,TRUE,200,1109,254,4.01151156425476,"2026-05-23T05:40:47.894067Z","2026-05-23T05:40:51.905578Z",1779514847.89407,1779514851.90558,0.000653,0.000744,0.000783,3.997406,3.997546,3.996623,0.000140000000000029,3.8467,0.164811564254761
"2026-05-23T05:40:51.913Z","run_bootstrap",100,"http://client3:8000","run","http://client3:8000/run",1,TRUE,200,1109,252,3.76773381233215,"2026-05-23T05:40:47.894414Z","2026-05-23T05:40:51.662148Z",1779514847.89441,1779514851.66215,0.000568,0.000654,0.000693,3.754388,3.754518,3.753695,0.000129999999999963,3.6141,0.153633812332153
"2026-05-23T05:40:55.514Z","run_bootstrap",101,"http://client1:8000","run","http://client1:8000/run",1,TRUE,200,1109,253,3.38627529144287,"2026-05-23T05:40:51.923753Z","2026-05-23T05:40:55.310028Z",1779514851.92375,1779514855.31003,0.000644,0.000753,0.00081,3.37125,3.371354,3.37044,0.000104000000000326,3.3643,0.021975291442871
"2026-05-23T05:40:55.514Z","run_bootstrap",101,"http://client2:8000","run","http://client2:8000/run",1,TRUE,200,1109,253,3.58455753326416,"2026-05-23T05:40:51.925451Z","2026-05-23T05:40:55.510009Z",1779514851.92545,1779514855.51001,0.000637,0.000752,0.000791,3.570875,3.570965,3.570084,9.00000000001455e-05,3.5637,0.0208575332641603
"2026-05-23T05:40:55.514Z","run_bootstrap",101,"http://client3:8000","run","http://client3:8000/run",1,TRUE,200,1109,250,3.44787383079529,"2026-05-23T05:40:51.925864Z","2026-05-23T05:40:55.373738Z",1779514851.92586,1779514855.37374,0.000643,0.000747,0.000782,3.434554,3.434676,3.433772,0.000122000000000178,3.426,0.0218738307952879
"2026-05-23T05:40:59.224Z","run_bootstrap",102,"http://client1:8000","run","http://client1:8000/run",1,TRUE,200,1109,253,3.45140719413757,"2026-05-23T05:40:55.528499Z","2026-05-23T05:40:58.979907Z",1779514855.5285,1779514858.97991,0.000536,0.000595,0.000616,3.433512,3.433561,3.432896,4.90000000001878e-05,3.4258,0.0256071941375731
"2026-05-23T05:40:59.224Z","run_bootstrap",102,"http://client2:8000","run","http://client2:8000/run",1,TRUE,200,1109,253,3.42600202560425,"2026-05-23T05:40:55.529259Z","2026-05-23T05:40:58.955261Z",1779514855.52926,1779514858.95526,0.000614,0.000692,0.000725,3.408589,3.40873,3.407864,0.000140999999999725,3.4005,0.025502025604248
"2026-05-23T05:40:59.224Z","run_bootstrap",102,"http://client3:8000","run","http://client3:8000/run",1,TRUE,200,1109,251,3.6894907951355,"2026-05-23T05:40:55.529799Z","2026-05-23T05:40:59.219290Z",1779514855.5298,1779514859.21929,0.000426,0.00051,0.000535,3.672871,3.67302,3.672336,0.000148999999999955,3.6659,0.0235907951354979
"2026-05-23T05:41:02.960Z","run_bootstrap",103,"http://client1:8000","run","http://client1:8000/run",1,TRUE,200,1110,253,3.71646499633789,"2026-05-23T05:40:59.237040Z","2026-05-23T05:41:02.953505Z",1779514859.23704,1779514862.95351,0.000467,0.00062,0.000668,3.694795,3.694901,3.694127,0.000106000000000162,3.6877,0.0287649963378906
"2026-05-23T05:41:02.960Z","run_bootstrap",103,"http://client2:8000","run","http://client2:8000/run",1,TRUE,200,1110,257,3.29536175727844,"2026-05-23T05:40:59.237825Z","2026-05-23T05:41:02.533187Z",1779514859.23783,1779514862.53319,0.000504,0.000588,0.000638,3.274353,3.274497,3.273715,0.000144000000000144,3.2675,0.0278617572784423
"2026-05-23T05:41:02.960Z","run_bootstrap",103,"http://client3:8000","run","http://client3:8000/run",1,TRUE,200,1110,253,3.29608511924744,"2026-05-23T05:40:59.238275Z","2026-05-23T05:41:02.534360Z",1779514859.23828,1779514862.53436,0.000693,0.000806,0.000842,3.277486,3.277595,3.276644,0.000108999999999693,3.2695,0.0265851192474367
"2026-05-23T05:41:06.539Z","run_bootstrap",104,"http://client1:8000","run","http://client1:8000/run",1,TRUE,200,1110,253,3.52955102920532,"2026-05-23T05:41:02.975163Z","2026-05-23T05:41:06.504714Z",1779514862.97516,1779514866.50471,0.000512,0.000625,0.000668,3.515404,3.515579,3.514736,0.000174999999999592,3.5081,0.021451029205322
"2026-05-23T05:41:06.539Z","run_bootstrap",104,"http://client2:8000","run","http://client2:8000/run",1,TRUE,200,1110,257,3.55978059768677,"2026-05-23T05:41:02.975548Z","2026-05-23T05:41:06.535328Z",1779514862.97555,1779514866.53533,0.000819,0.000876,0.000898,3.541359,3.541494,3.540461,0.000135000000000218,3.5339,0.0258805976867675
"2026-05-23T05:41:06.539Z","run_bootstrap",104,"http://client3:8000","run","http://client3:8000/run",1,TRUE,200,1110,253,3.44687676429749,"2026-05-23T05:41:02.975054Z","2026-05-23T05:41:06.421930Z",1779514862.97505,1779514866.42193,0.000718,0.000829,0.000872,3.433035,3.433185,3.432163,0.000150000000000095,3.4259,0.0209767642974854
"2026-05-23T05:41:10.283Z","run_bootstrap",105,"http://client1:8000","run","http://client1:8000/run",1,TRUE,200,1109,252,3.43229174613953,"2026-05-23T05:41:06.551477Z","2026-05-23T05:41:09.983769Z",1779514866.55148,1779514869.98377,0.000629,0.000721,0.000753,3.412402,3.412556,3.411649,0.000153999999999765,3.4049,0.0273917461395263
"2026-05-23T05:41:10.283Z","run_bootstrap",105,"http://client2:8000","run","http://client2:8000/run",1,TRUE,200,1109,257,3.72672963142395,"2026-05-23T05:41:06.551929Z","2026-05-23T05:41:10.278659Z",1779514866.55193,1779514870.27866,0.000551,0.00068,0.000727,3.712292,3.712422,3.711565,0.000129999999999963,3.7055,0.0212296314239504
"2026-05-23T05:41:10.283Z","run_bootstrap",105,"http://client3:8000","run","http://client3:8000/run",1,TRUE,200,1109,252,3.52300906181335,"2026-05-23T05:41:06.551686Z","2026-05-23T05:41:10.074695Z",1779514866.55169,1779514870.0747,0.000669,0.000777,0.000811,3.509073,3.509217,3.508262,0.000144000000000144,3.502,0.0210090618133547
"2026-05-23T05:41:14.086Z","run_bootstrap",106,"http://client1:8000","run","http://client1:8000/run",1,TRUE,200,1109,251,3.78596115112305,"2026-05-23T05:41:10.295500Z","2026-05-23T05:41:14.081461Z",1779514870.2955,1779514874.08146,0.000736,0.000852,0.000889,3.770036,3.770189,3.769147,0.000152999999999626,3.762,0.0239611511230469
"2026-05-23T05:41:14.086Z","run_bootstrap",106,"http://client2:8000","run","http://client2:8000/run",1,TRUE,200,1109,257,3.50796794891357,"2026-05-23T05:41:10.296126Z","2026-05-23T05:41:13.804094Z",1779514870.29613,1779514873.80409,0.000501,0.000579,0.000616,3.492068,3.492202,3.491452,0.000133999999999634,3.4851,0.0228679489135741
"2026-05-23T05:41:14.086Z","run_bootstrap",106,"http://client3:8000","run","http://client3:8000/run",1,TRUE,200,1109,253,3.51571083068848,"2026-05-23T05:41:10.295423Z","2026-05-23T05:41:13.811134Z",1779514870.29542,1779514873.81113,0.00071,0.00082,0.000855,3.500864,3.500981,3.500009,0.000116999999999923,3.4937,0.0220108306884765
"2026-05-23T05:41:17.913Z","run_bootstrap",107,"http://client1:8000","run","http://client1:8000/run",1,TRUE,200,1109,253,3.57457137107849,"2026-05-23T05:41:14.097137Z","2026-05-23T05:41:17.671708Z",1779514874.09714,1779514877.67171,0.000752,0.000834,0.000856,3.559935,3.560057,3.559079,0.000122000000000178,3.5527,0.021871371078491
"2026-05-23T05:41:17.913Z","run_bootstrap",107,"http://client2:8000","run","http://client2:8000/run",1,TRUE,200,1109,253,3.37318563461304,"2026-05-23T05:41:14.099159Z","2026-05-23T05:41:17.472345Z",1779514874.09916,1779514877.47235,0.000563,0.000667,0.000702,3.350032,3.350123,3.34933,9.09999999998412e-05,3.342,0.031185634613037
"2026-05-23T05:41:17.913Z","run_bootstrap",107,"http://client3:8000","run","http://client3:8000/run",1,TRUE,200,1109,251,3.80644130706787,"2026-05-23T05:41:14.099408Z","2026-05-23T05:41:17.905850Z",1779514874.09941,1779514877.90585,0.000483,0.000573,0.000606,3.787708,3.787837,3.787102,0.000129000000000268,3.7806,0.0258413070678709
"2026-05-23T05:41:21.622Z","run_bootstrap",108,"http://client1:8000","run","http://client1:8000/run",1,TRUE,200,1109,252,3.68453526496887,"2026-05-23T05:41:17.933233Z","2026-05-23T05:41:21.617768Z",1779514877.93323,1779514881.61777,0.000497,0.000603,0.000642,3.662404,3.662544,3.661762,0.000140000000000029,3.655,0.0295352649688723
"2026-05-23T05:41:21.622Z","run_bootstrap",108,"http://client2:8000","run","http://client2:8000/run",1,TRUE,200,1109,254,3.65629243850708,"2026-05-23T05:41:17.933730Z","2026-05-23T05:41:21.590023Z",1779514877.93373,1779514881.59002,0.000516,0.000625,0.00085,3.633961,3.634094,3.633111,0.000132999999999939,3.6271,0.0291924385070801
"2026-05-23T05:41:21.622Z","run_bootstrap",108,"http://client3:8000","run","http://client3:8000/run",1,TRUE,200,1109,251,3.60714244842529,"2026-05-23T05:41:17.932793Z","2026-05-23T05:41:21.539936Z",1779514877.93279,1779514881.53994,0.000613,0.000731,0.000769,3.592311,3.592468,3.591542,0.000157000000000185,3.5856,0.0215424484252931
"2026-05-23T05:41:25.446Z","run_bootstrap",109,"http://client1:8000","run","http://client1:8000/run",1,TRUE,200,1107,253,3.49016547203064,"2026-05-23T05:41:21.633751Z","2026-05-23T05:41:25.123916Z",1779514881.63375,1779514885.12392,0.000754,0.000846,0.000878,3.465682,3.465795,3.464804,0.000112999999999808,3.4582,0.0319654720306395
"2026-05-23T05:41:25.446Z","run_bootstrap",109,"http://client2:8000","run","http://client2:8000/run",1,TRUE,200,1107,255,3.65931057929993,"2026-05-23T05:41:21.634338Z","2026-05-23T05:41:25.293648Z",1779514881.63434,1779514885.29365,0.000508,0.000643,0.000696,3.639856,3.640008,3.63916,0.00015199999999993,3.633,0.0263105792999268
"2026-05-23T05:41:25.446Z","run_bootstrap",109,"http://client3:8000","run","http://client3:8000/run",1,TRUE,200,1107,253,3.80430841445923,"2026-05-23T05:41:21.634735Z","2026-05-23T05:41:25.439043Z",1779514881.63474,1779514885.43904,0.000694,0.000804,0.000838,3.787047,3.787188,3.786209,0.000141000000000169,3.7801,0.0242084144592285
"2026-05-23T05:41:29.316Z","run_bootstrap",110,"http://client1:8000","run","http://client1:8000/run",1,TRUE,200,1107,253,3.431312084198,"2026-05-23T05:41:25.461163Z","2026-05-23T05:41:28.892475Z",1779514885.46116,1779514888.89248,0.000677,0.000783,0.000817,3.409038,3.409176,3.408221,0.000138000000000194,3.3963,0.035012084197998
"2026-05-23T05:41:29.316Z","run_bootstrap",110,"http://client2:8000","run","http://client2:8000/run",1,TRUE,200,1107,256,3.84945750236511,"2026-05-23T05:41:25.461573Z","2026-05-23T05:41:29.311030Z",1779514885.46157,1779514889.31103,0.000631,0.000745,0.000786,3.827555,3.827703,3.826769,0.000148000000000259,3.8198,0.0296575023651124
"2026-05-23T05:41:29.316Z","run_bootstrap",110,"http://client3:8000","run","http://client3:8000/run",1,TRUE,200,1107,253,3.83881735801697,"2026-05-23T05:41:25.461858Z","2026-05-23T05:41:29.300675Z",1779514885.46186,1779514889.30068,0.000656,0.000771,0.000805,3.819857,3.819949,3.819052,9.1999999999981e-05,3.8123,0.0265173580169678
"2026-05-23T05:41:33.156Z","run_bootstrap",111,"http://client1:8000","run","http://client1:8000/run",1,TRUE,200,1109,251,3.53494000434875,"2026-05-23T05:41:29.327727Z","2026-05-23T05:41:32.862667Z",1779514889.32773,1779514892.86267,0.000794,0.000862,0.000896,3.520683,3.520815,3.519787,0.000131999999999799,3.512,0.0229400043487549
"2026-05-23T05:41:33.156Z","run_bootstrap",111,"http://client2:8000","run","http://client2:8000/run",1,TRUE,200,1109,256,3.55623602867126,"2026-05-23T05:41:29.329241Z","2026-05-23T05:41:32.885478Z",1779514889.32924,1779514892.88548,0.00044,0.000526,0.000581,3.540447,3.540583,3.539866,0.000135999999999914,3.533,0.0232360286712647
"2026-05-23T05:41:33.156Z","run_bootstrap",111,"http://client3:8000","run","http://client3:8000/run",1,TRUE,200,1109,253,3.8232593536377,"2026-05-23T05:41:29.328527Z","2026-05-23T05:41:33.151786Z",1779514889.32853,1779514893.15179,0.000517,0.00063,0.000666,3.810139,3.810312,3.809473,0.000173000000000201,3.8026,0.0206593536376953
"2026-05-23T05:41:36.831Z","run_bootstrap",112,"http://client1:8000","run","http://client1:8000/run",1,TRUE,200,1109,251,3.61654114723206,"2026-05-23T05:41:33.167520Z","2026-05-23T05:41:36.784062Z",1779514893.16752,1779514896.78406,0.000671,0.000757,0.000794,3.601823,3.601934,3.601029,0.000110999999999972,3.594,0.0225411472320558
"2026-05-23T05:41:36.831Z","run_bootstrap",112,"http://client2:8000","run","http://client2:8000/run",1,TRUE,200,1109,257,3.65614128112793,"2026-05-23T05:41:33.168440Z","2026-05-23T05:41:36.824582Z",1779514893.16844,1779514896.82458,0.000645,0.00075,0.000787,3.64194,3.642088,3.641153,0.000148000000000259,3.6333,0.0228412811279295
"2026-05-23T05:41:36.831Z","run_bootstrap",112,"http://client3:8000","run","http://client3:8000/run",1,TRUE,200,1109,253,3.54518246650696,"2026-05-23T05:41:33.169986Z","2026-05-23T05:41:36.715168Z",1779514893.16999,1779514896.71517,0.000492,0.000587,0.000624,3.53173,3.531875,3.531106,0.00014499999999984,3.5216,0.0235824665069582
"2026-05-23T05:41:40.656Z","run_bootstrap",113,"http://client1:8000","run","http://client1:8000/run",1,TRUE,200,1105,253,3.80743145942688,"2026-05-23T05:41:36.844066Z","2026-05-23T05:41:40.651497Z",1779514896.84407,1779514900.6515,0.00064,0.000732,0.000768,3.785787,3.785888,3.785019,0.000100999999999907,3.7677,0.0397314594268798
"2026-05-23T05:41:40.656Z","run_bootstrap",113,"http://client2:8000","run","http://client2:8000/run",1,TRUE,200,1105,254,3.38268899917603,"2026-05-23T05:41:36.843496Z","2026-05-23T05:41:40.226185Z",1779514896.8435,1779514900.22619,0.000768,0.000885,0.000946,3.367339,3.367499,3.366393,0.00016000000000016,3.3588,0.0238889991760254
"2026-05-23T05:41:40.656Z","run_bootstrap",113,"http://client3:8000","run","http://client3:8000/run",1,TRUE,200,1105,250,3.77676558494568,"2026-05-23T05:41:36.845111Z","2026-05-23T05:41:40.621877Z",1779514896.84511,1779514900.62188,0.000569,0.000647,0.000677,3.760377,3.760516,3.7597,0.000138999999999889,3.7533,0.0234655849456789
"2026-05-23T05:41:44.460Z","run_bootstrap",114,"http://client1:8000","run","http://client1:8000/run",1,TRUE,200,1105,253,3.78390002250671,"2026-05-23T05:41:40.669739Z","2026-05-23T05:41:44.453639Z",1779514900.66974,1779514904.45364,0.000709,0.000811,0.00085,3.7624,3.762433,3.76155,3.30000000001718e-05,3.7536,0.0303000225067138
"2026-05-23T05:41:44.460Z","run_bootstrap",114,"http://client2:8000","run","http://client2:8000/run",1,TRUE,200,1105,254,3.57773208618164,"2026-05-23T05:41:40.670227Z","2026-05-23T05:41:44.247959Z",1779514900.67023,1779514904.24796,0.000699,0.000835,0.00087,3.558284,3.558317,3.557414,3.30000000001718e-05,3.5511,0.0266320861816407
"2026-05-23T05:41:44.460Z","run_bootstrap",114,"http://client3:8000","run","http://client3:8000/run",1,TRUE,200,1105,249,3.65175652503967,"2026-05-23T05:41:40.670689Z","2026-05-23T05:41:44.322446Z",1779514900.67069,1779514904.32245,0.000639,0.000764,0.000803,3.631257,3.631304,3.630454,4.69999999999082e-05,3.624,0.0277565250396727
"2026-05-23T05:41:48.328Z","run_bootstrap",115,"http://client1:8000","run","http://client1:8000/run",1,TRUE,200,1110,251,3.84566235542297,"2026-05-23T05:41:44.475430Z","2026-05-23T05:41:48.321092Z",1779514904.47543,1779514908.32109,0.000526,0.000612,0.000645,3.825661,3.825794,3.825016,0.000132999999999939,3.8182,0.0274623554229736
"2026-05-23T05:41:48.328Z","run_bootstrap",115,"http://client2:8000","run","http://client2:8000/run",1,TRUE,200,1110,253,3.54669499397278,"2026-05-23T05:41:44.475749Z","2026-05-23T05:41:48.022444Z",1779514904.47575,1779514908.02244,0.000445,0.00055,0.000586,3.526187,3.526325,3.525601,0.000137999999999749,3.5192,0.0274949939727782
"2026-05-23T05:41:48.328Z","run_bootstrap",115,"http://client3:8000","run","http://client3:8000/run",1,TRUE,200,1110,252,3.38746166229248,"2026-05-23T05:41:44.475920Z","2026-05-23T05:41:47.863382Z",1779514904.47592,1779514907.86338,0.000714,0.00084,0.000878,3.373831,3.373926,3.372953,9.49999999999562e-05,3.3627,0.0247616622924807
"2026-05-23T05:41:52.088Z","run_bootstrap",116,"http://client1:8000","run","http://client1:8000/run",1,TRUE,200,1110,251,3.74092555046082,"2026-05-23T05:41:48.340378Z","2026-05-23T05:41:52.081304Z",1779514908.34038,1779514912.0813,0.000681,0.000791,0.000831,3.727028,3.72716,3.726197,0.000132000000000243,3.7181,0.0228255504608152
"2026-05-23T05:41:52.088Z","run_bootstrap",116,"http://client2:8000","run","http://client2:8000/run",1,TRUE,200,1110,253,3.68154215812683,"2026-05-23T05:41:48.341774Z","2026-05-23T05:41:52.023317Z",1779514908.34177,1779514912.02332,5e-04,0.000585,0.000622,3.665688,3.665787,3.665066,9.90000000000713e-05,3.6578,0.0237421581268311
"2026-05-23T05:41:52.088Z","run_bootstrap",116,"http://client3:8000","run","http://client3:8000/run",1,TRUE,200,1110,252,3.65730047225952,"2026-05-23T05:41:48.342051Z","2026-05-23T05:41:51.999351Z",1779514908.34205,1779514911.99935,0.000491,0.000581,0.000617,3.643697,3.643833,3.64308,0.000135999999999914,3.6356,0.0217004722595213
"2026-05-23T05:41:56.020Z","run_bootstrap",117,"http://client1:8000","run","http://client1:8000/run",1,TRUE,200,1106,253,3.90682458877563,"2026-05-23T05:41:52.106157Z","2026-05-23T05:41:56.012982Z",1779514912.10616,1779514916.01298,0.000525,0.00064,0.000719,3.891024,3.89116,3.890305,0.000136000000000358,3.8834,0.0234245887756348
"2026-05-23T05:41:56.020Z","run_bootstrap",117,"http://client2:8000","run","http://client2:8000/run",1,TRUE,200,1106,257,3.63177013397217,"2026-05-23T05:41:52.106714Z","2026-05-23T05:41:55.738484Z",1779514912.10671,1779514915.73848,0.000563,0.000677,0.000716,3.616199,3.616336,3.615483,0.000137000000000054,3.6075,0.024270133972168
"2026-05-23T05:41:56.020Z","run_bootstrap",117,"http://client3:8000","run","http://client3:8000/run",1,TRUE,200,1106,253,3.69988632202148,"2026-05-23T05:41:52.105876Z","2026-05-23T05:41:55.805762Z",1779514912.10588,1779514915.80576,0.000813,0.000926,0.000963,3.685483,3.68564,3.68452,0.000156999999999741,3.6767,0.0231863220214845
"2026-05-23T05:41:59.986Z","run_bootstrap",118,"http://client1:8000","run","http://client1:8000/run",1,TRUE,200,1106,253,3.72175168991089,"2026-05-23T05:41:56.033690Z","2026-05-23T05:41:59.755442Z",1779514916.03369,1779514919.75544,0.000673,0.00074,0.000768,3.708133,3.708249,3.707365,0.000115999999999783,3.6989,0.0228516899108886
"2026-05-23T05:41:59.986Z","run_bootstrap",118,"http://client2:8000","run","http://client2:8000/run",1,TRUE,200,1106,257,3.94750642776489,"2026-05-23T05:41:56.034226Z","2026-05-23T05:41:59.981732Z",1779514916.03423,1779514919.98173,0.000562,0.000643,0.000671,3.934342,3.934478,3.933671,0.000135999999999914,3.9124,0.0351064277648927
"2026-05-23T05:41:59.986Z","run_bootstrap",118,"http://client3:8000","run","http://client3:8000/run",1,TRUE,200,1106,253,3.65317487716675,"2026-05-23T05:41:56.033478Z","2026-05-23T05:41:59.686653Z",1779514916.03348,1779514919.68665,0.000551,0.000674,0.000704,3.638863,3.63901,3.638159,0.000146999999999675,3.6153,0.0378748771667481
"2026-05-23T05:42:03.896Z","run_bootstrap",119,"http://client1:8000","run","http://client1:8000/run",1,TRUE,200,1110,250,3.66283297538757,"2026-05-23T05:41:59.999481Z","2026-05-23T05:42:03.662314Z",1779514919.99948,1779514923.66231,0.000724,0.000806,0.000843,3.647917,3.648055,3.647074,0.000137999999999749,3.637,0.0258329753875732
"2026-05-23T05:42:03.896Z","run_bootstrap",119,"http://client2:8000","run","http://client2:8000/run",1,TRUE,200,1110,257,3.8886775970459,"2026-05-23T05:42:00.000074Z","2026-05-23T05:42:03.888752Z",1779514920.00007,1779514923.88875,0.00053,0.000615,0.000656,3.87291,3.873046,3.872254,0.000135999999999914,3.8648,0.0238775970458986
"2026-05-23T05:42:03.896Z","run_bootstrap",119,"http://client3:8000","run","http://client3:8000/run",1,TRUE,200,1110,253,3.51472187042236,"2026-05-23T05:41:59.999515Z","2026-05-23T05:42:03.514236Z",1779514919.99952,1779514923.51424,0.000654,0.000738,0.000764,3.499931,3.500077,3.499167,0.000145999999999979,3.4887,0.0260218704223631
"2026-05-23T05:42:08.067Z","run_bootstrap",120,"http://client1:8000","run","http://client1:8000/run",1,TRUE,200,1110,251,3.83597493171692,"2026-05-23T05:42:03.911223Z","2026-05-23T05:42:07.747198Z",1779514923.91122,1779514927.7472,0.000557,0.000662,0.000702,3.810597,3.81063,3.809895,3.30000000001718e-05,3.6516,0.184374931716919
"2026-05-23T05:42:08.067Z","run_bootstrap",120,"http://client2:8000","run","http://client2:8000/run",1,TRUE,200,1110,257,3.91382598876953,"2026-05-23T05:42:03.911545Z","2026-05-23T05:42:07.825371Z",1779514923.91155,1779514927.82537,0.000569,0.000648,0.000681,3.889601,3.889628,3.88892,2.70000000002213e-05,3.7299,0.183925988769531
"2026-05-23T05:42:08.067Z","run_bootstrap",120,"http://client3:8000","run","http://client3:8000/run",1,TRUE,200,1110,253,4.15235877037048,"2026-05-23T05:42:03.910885Z","2026-05-23T05:42:08.063244Z",1779514923.91089,1779514928.06324,0.000626,0.000738,0.000775,4.135775,4.135803,4.135,2.80000000003611e-05,3.9701,0.182258770370483
"2026-05-23T05:42:11.800Z","run_bootstrap",121,"http://client1:8000","run","http://client1:8000/run",1,TRUE,200,1110,252,3.6842999458313,"2026-05-23T05:42:08.079724Z","2026-05-23T05:42:11.764024Z",1779514928.07972,1779514931.76402,0.000593,0.000699,0.000733,3.669463,3.669607,3.66873,0.000144000000000144,3.662,0.0222999458312989
"2026-05-23T05:42:11.800Z","run_bootstrap",121,"http://client2:8000","run","http://client2:8000/run",1,TRUE,200,1110,257,3.71439433097839,"2026-05-23T05:42:08.081954Z","2026-05-23T05:42:11.796348Z",1779514928.08195,1779514931.79635,0.000621,0.000704,0.000737,3.697167,3.697314,3.69643,0.000147000000000119,3.6905,0.0238943309783934
"2026-05-23T05:42:11.800Z","run_bootstrap",121,"http://client3:8000","run","http://client3:8000/run",1,TRUE,200,1110,253,3.48864150047302,"2026-05-23T05:42:08.082607Z","2026-05-23T05:42:11.571248Z",1779514928.08261,1779514931.57125,0.000843,0.000933,0.00097,3.467388,3.467515,3.466418,0.000126999999999988,3.4607,0.0279415004730224
"2026-05-23T05:42:15.379Z","run_bootstrap",122,"http://client1:8000","run","http://client1:8000/run",1,TRUE,200,1110,253,3.55610513687134,"2026-05-23T05:42:11.812862Z","2026-05-23T05:42:15.368967Z",1779514931.81286,1779514935.36897,0.000578,0.00065,0.000677,3.542938,3.543084,3.542261,0.000145999999999979,3.5358,0.0203051368713378
"2026-05-23T05:42:15.379Z","run_bootstrap",122,"http://client2:8000","run","http://client2:8000/run",1,TRUE,200,1110,257,3.49891209602356,"2026-05-23T05:42:11.812795Z","2026-05-23T05:42:15.311707Z",1779514931.8128,1779514935.31171,0.000817,0.000898,0.000933,3.485442,3.48557,3.484509,0.000128000000000128,3.4779,0.0210120960235596
"2026-05-23T05:42:15.379Z","run_bootstrap",122,"http://client3:8000","run","http://client3:8000/run",1,TRUE,200,1110,253,3.55996513366699,"2026-05-23T05:42:11.812849Z","2026-05-23T05:42:15.372814Z",1779514931.81285,1779514935.37281,0.000566,0.000645,0.000669,3.546102,3.546238,3.545433,0.000135999999999914,3.5394,0.0205651336669921
"2026-05-23T05:42:19.103Z","run_bootstrap",123,"http://client1:8000","run","http://client1:8000/run",1,TRUE,200,1110,252,3.46255207061768,"2026-05-23T05:42:15.390750Z","2026-05-23T05:42:18.853302Z",1779514935.39075,1779514938.8533,0.000701,0.000809,0.000848,3.445343,3.445502,3.444495,0.00015900000000002,3.4381,0.0244520706176758
"2026-05-23T05:42:19.103Z","run_bootstrap",123,"http://client2:8000","run","http://client2:8000/run",1,TRUE,200,1110,254,3.62973165512085,"2026-05-23T05:42:15.391183Z","2026-05-23T05:42:19.020915Z",1779514935.39118,1779514939.02092,0.000547,0.000632,0.000657,3.613525,3.613657,3.612868,0.000131999999999799,3.6067,0.0230316551208496
"2026-05-23T05:42:19.103Z","run_bootstrap",123,"http://client3:8000","run","http://client3:8000/run",1,TRUE,200,1110,251,3.70719933509827,"2026-05-23T05:42:15.391717Z","2026-05-23T05:42:19.098917Z",1779514935.39172,1779514939.09892,0.000553,0.000638,0.000673,3.690664,3.690813,3.689991,0.000148999999999955,3.6836,0.0235993350982664
"2026-05-23T05:42:22.797Z","run_bootstrap",124,"http://client1:8000","run","http://client1:8000/run",1,TRUE,200,1110,252,3.67241191864014,"2026-05-23T05:42:19.117246Z","2026-05-23T05:42:22.789658Z",1779514939.11725,1779514942.78966,0.000768,0.000821,0.000843,3.657479,3.65762,3.656636,0.000141000000000169,3.6503,0.0221119186401366
"2026-05-23T05:42:22.797Z","run_bootstrap",124,"http://client2:8000","run","http://client2:8000/run",1,TRUE,200,1110,254,3.4398820400238,"2026-05-23T05:42:19.117351Z","2026-05-23T05:42:22.557233Z",1779514939.11735,1779514942.55723,0.00066,0.000725,0.000746,3.425447,3.425535,3.424701,8.7999999999866e-05,3.4153,0.0245820400238039
"2026-05-23T05:42:22.797Z","run_bootstrap",124,"http://client3:8000","run","http://client3:8000/run",1,TRUE,200,1110,251,3.45155215263367,"2026-05-23T05:42:19.118522Z","2026-05-23T05:42:22.570074Z",1779514939.11852,1779514942.57007,0.00056,0.00067,0.000711,3.437736,3.437872,3.437025,0.000135999999999914,3.4295,0.022052152633667
"2026-05-23T05:42:26.392Z","run_bootstrap",125,"http://client1:8000","run","http://client1:8000/run",1,TRUE,200,1110,251,3.51466298103333,"2026-05-23T05:42:22.813861Z","2026-05-23T05:42:26.328524Z",1779514942.81386,1779514946.32852,0.000677,0.000779,0.000814,3.500791,3.500907,3.499977,0.000116000000000227,3.4934,0.0212629810333254
"2026-05-23T05:42:26.392Z","run_bootstrap",125,"http://client2:8000","run","http://client2:8000/run",1,TRUE,200,1110,257,3.56597876548767,"2026-05-23T05:42:22.816009Z","2026-05-23T05:42:26.381988Z",1779514942.81601,1779514946.38199,0.00061,0.000728,0.000762,3.551987,3.55214,3.551225,0.00015300000000007,3.5433,0.022678765487671
"2026-05-23T05:42:26.392Z","run_bootstrap",125,"http://client3:8000","run","http://client3:8000/run",1,TRUE,200,1110,253,3.38078880310059,"2026-05-23T05:42:22.816601Z","2026-05-23T05:42:26.197390Z",1779514942.8166,1779514946.19739,0.000641,0.00077,0.00081,3.363631,3.363745,3.362821,0.000114000000000392,3.3547,0.0260888031005861
"2026-05-23T05:42:30.001Z","run_bootstrap",126,"http://client1:8000","run","http://client1:8000/run",1,TRUE,200,1110,251,3.56425285339355,"2026-05-23T05:42:26.406572Z","2026-05-23T05:42:29.970825Z",1779514946.40657,1779514949.97083,0.000705,0.000789,0.000837,3.551029,3.551173,3.550192,0.0001439999999997,3.5436,0.0206528533935546
"2026-05-23T05:42:30.001Z","run_bootstrap",126,"http://client2:8000","run","http://client2:8000/run",1,TRUE,200,1110,257,3.58981227874756,"2026-05-23T05:42:26.406730Z","2026-05-23T05:42:29.996542Z",1779514946.40673,1779514949.99654,0.000668,0.000752,0.000774,3.576127,3.576289,3.575353,0.000161999999999995,3.5691,0.0207122787475584
"2026-05-23T05:42:30.001Z","run_bootstrap",126,"http://client3:8000","run","http://client3:8000/run",1,TRUE,200,1110,253,3.45768880844116,"2026-05-23T05:42:26.408440Z","2026-05-23T05:42:29.866129Z",1779514946.40844,1779514949.86613,0.000486,0.000562,0.000592,3.444253,3.444397,3.443661,0.000144000000000144,3.4373,0.0203888084411621
"2026-05-23T05:42:33.650Z","run_bootstrap",127,"http://client1:8000","run","http://client1:8000/run",1,TRUE,200,1110,252,3.52329444885254,"2026-05-23T05:42:30.011939Z","2026-05-23T05:42:33.535234Z",1779514950.01194,1779514953.53523,0.000638,0.000748,0.000787,3.50954,3.509697,3.508753,0.000157000000000185,3.5022,0.0210944488525389
"2026-05-23T05:42:33.650Z","run_bootstrap",127,"http://client2:8000","run","http://client2:8000/run",1,TRUE,200,1110,256,3.63268280029297,"2026-05-23T05:42:30.012827Z","2026-05-23T05:42:33.645510Z",1779514950.01283,1779514953.64551,0.000522,0.000597,0.000629,3.61976,3.619903,3.619131,0.000143000000000004,3.612,0.0206828002929687
"2026-05-23T05:42:33.650Z","run_bootstrap",127,"http://client3:8000","run","http://client3:8000/run",1,TRUE,200,1110,253,3.39323568344116,"2026-05-23T05:42:30.012861Z","2026-05-23T05:42:33.406096Z",1779514950.01286,1779514953.4061,0.000516,0.000613,0.000648,3.379975,3.380114,3.379327,0.000138999999999889,3.3732,0.0200356834411619
"2026-05-23T05:42:37.383Z","run_bootstrap",128,"http://client1:8000","run","http://client1:8000/run",1,TRUE,200,1110,252,3.56492710113525,"2026-05-23T05:42:33.662725Z","2026-05-23T05:42:37.227652Z",1779514953.66273,1779514957.22765,0.000528,0.000635,0.000677,3.548547,3.548683,3.54787,0.000135999999999914,3.5412,0.023727101135254
"2026-05-23T05:42:37.383Z","run_bootstrap",128,"http://client2:8000","run","http://client2:8000/run",1,TRUE,200,1110,257,3.45035624504089,"2026-05-23T05:42:33.663258Z","2026-05-23T05:42:37.113614Z",1779514953.66326,1779514957.11361,0.000503,0.000594,0.000645,3.434545,3.434649,3.4339,0.000103999999999882,3.4243,0.0260562450408934
"2026-05-23T05:42:37.383Z","run_bootstrap",128,"http://client3:8000","run","http://client3:8000/run",1,TRUE,200,1110,253,3.71524143218994,"2026-05-23T05:42:33.663882Z","2026-05-23T05:42:37.379124Z",1779514953.66388,1779514957.37912,0.000485,0.000564,0.000601,3.699298,3.699443,3.698697,0.00014499999999984,3.6921,0.0231414321899415
"2026-05-23T05:42:41.025Z","run_bootstrap",129,"http://client1:8000","run","http://client1:8000/run",1,TRUE,200,1109,253,3.54418420791626,"2026-05-23T05:42:37.395352Z","2026-05-23T05:42:40.939536Z",1779514957.39535,1779514960.93954,0.000555,0.00067,0.000708,3.528296,3.528439,3.527588,0.000143000000000004,3.5173,0.0268842079162597
"2026-05-23T05:42:41.025Z","run_bootstrap",129,"http://client2:8000","run","http://client2:8000/run",1,TRUE,200,1109,257,3.5447039604187,"2026-05-23T05:42:37.394908Z","2026-05-23T05:42:40.939612Z",1779514957.39491,1779514960.93961,0.000744,0.000866,0.00091,3.529793,3.529939,3.528883,0.000145999999999979,3.5213,0.0234039604187011
"2026-05-23T05:42:41.025Z","run_bootstrap",129,"http://client3:8000","run","http://client3:8000/run",1,TRUE,200,1109,251,3.62349653244019,"2026-05-23T05:42:37.396814Z","2026-05-23T05:42:41.020310Z",1779514957.39681,1779514961.02031,0.000471,0.000607,0.000647,3.608176,3.608296,3.607529,0.000120000000000342,3.6009,0.0225965324401853
"2026-05-23T05:42:44.859Z","run_bootstrap",130,"http://client1:8000","run","http://client1:8000/run",1,TRUE,200,1109,253,3.41913318634033,"2026-05-23T05:42:41.037812Z","2026-05-23T05:42:44.456945Z",1779514961.03781,1779514964.45695,0.000684,0.000796,0.00083,3.404921,3.405146,3.404091,0.00022499999999992,3.3974,0.0217331863403318
"2026-05-23T05:42:44.859Z","run_bootstrap",130,"http://client2:8000","run","http://client2:8000/run",1,TRUE,200,1109,257,3.5648148059845,"2026-05-23T05:42:41.038877Z","2026-05-23T05:42:44.603691Z",1779514961.03888,1779514964.60369,0.000485,0.000612,0.000652,3.551147,3.551304,3.550495,0.000157000000000185,3.5436,0.021214805984497
"2026-05-23T05:42:44.859Z","run_bootstrap",130,"http://client3:8000","run","http://client3:8000/run",1,TRUE,200,1109,250,3.81527876853943,"2026-05-23T05:42:41.038967Z","2026-05-23T05:42:44.854245Z",1779514961.03897,1779514964.85425,0.000515,0.000624,0.000658,3.801267,3.801459,3.800609,0.000191999999999748,3.794,0.0212787685394287
"2026-05-23T05:42:48.773Z","run_bootstrap",131,"http://client1:8000","run","http://client1:8000/run",1,TRUE,200,1108,255,3.63626742362976,"2026-05-23T05:42:44.917723Z","2026-05-23T05:42:48.553990Z",1779514964.91772,1779514968.55399,0.000668,0.000772,0.000807,3.622489,3.622607,3.621682,0.000118000000000062,3.6128,0.0234674236297607
"2026-05-23T05:42:48.773Z","run_bootstrap",131,"http://client2:8000","run","http://client2:8000/run",1,TRUE,200,1108,252,3.8467230796814,"2026-05-23T05:42:44.919506Z","2026-05-23T05:42:48.766229Z",1779514964.91951,1779514968.76623,0.000566,0.000652,0.000685,3.833575,3.833706,3.83289,0.000130999999999659,3.8256,0.0211230796813964
"2026-05-23T05:42:48.773Z","run_bootstrap",131,"http://client3:8000","run","http://client3:8000/run",1,TRUE,200,1108,256,3.63220143318176,"2026-05-23T05:42:44.920793Z","2026-05-23T05:42:48.552994Z",1779514964.92079,1779514968.55299,0.000636,0.000719,0.000752,3.618556,3.618694,3.617804,0.000138000000000194,3.6106,0.0216014331817629
"2026-05-23T05:42:52.677Z","run_bootstrap",132,"http://client1:8000","run","http://client1:8000/run",1,TRUE,200,1108,255,3.88430500030518,"2026-05-23T05:42:48.785917Z","2026-05-23T05:42:52.670222Z",1779514968.78592,1779514972.67022,0.000586,0.000657,0.000676,3.870618,3.870732,3.869942,0.000113999999999947,3.8627,0.021605000305176
"2026-05-23T05:42:52.677Z","run_bootstrap",132,"http://client2:8000","run","http://client2:8000/run",1,TRUE,200,1108,252,3.6712064743042,"2026-05-23T05:42:48.787577Z","2026-05-23T05:42:52.458783Z",1779514968.78758,1779514972.45878,0.000609,0.000699,0.000729,3.658877,3.659006,3.658148,0.000129000000000268,3.6495,0.021706474304199
"2026-05-23T05:42:52.677Z","run_bootstrap",132,"http://client3:8000","run","http://client3:8000/run",1,TRUE,200,1108,256,3.56729483604431,"2026-05-23T05:42:48.786666Z","2026-05-23T05:42:52.353961Z",1779514968.78667,1779514972.35396,0.000555,0.000649,0.000671,3.555034,3.555163,3.554363,0.000128999999999824,3.5482,0.0190948360443115
"2026-05-23T05:42:56.618Z","run_bootstrap",133,"http://client1:8000","run","http://client1:8000/run",1,TRUE,200,1109,266,3.91986155509949,"2026-05-23T05:42:52.694646Z","2026-05-23T05:42:56.614508Z",1779514972.69465,1779514976.61451,0.000329,0.000401,0.000443,3.897235,3.89737,3.896792,0.000135000000000218,3.8902,0.0296615550994872
"2026-05-23T05:42:56.618Z","run_bootstrap",133,"http://client2:8000","run","http://client2:8000/run",1,TRUE,200,1109,266,3.85141968727112,"2026-05-23T05:42:52.695229Z","2026-05-23T05:42:56.546648Z",1779514972.69523,1779514976.54665,0.000572,0.000666,0.000703,3.82956,3.829699,3.828857,0.000139000000000333,3.8226,0.0288196872711182
"2026-05-23T05:42:56.618Z","run_bootstrap",133,"http://client3:8000","run","http://client3:8000/run",1,TRUE,200,1109,267,3.86954212188721,"2026-05-23T05:42:52.696112Z","2026-05-23T05:42:56.565654Z",1779514972.69611,1779514976.56565,0.000512,0.000625,0.000672,3.851768,3.851915,3.851096,0.000147000000000119,3.8445,0.025042121887207
"2026-05-23T05:43:00.705Z","run_bootstrap",134,"http://client1:8000","run","http://client1:8000/run",1,TRUE,200,1109,265,3.9142005443573,"2026-05-23T05:42:56.630693Z","2026-05-23T05:43:00.544893Z",1779514976.63069,1779514980.54489,0.000736,0.000849,0.000886,3.900658,3.900867,3.899772,0.000208999999999904,3.893,0.0212005443573
"2026-05-23T05:43:00.705Z","run_bootstrap",134,"http://client2:8000","run","http://client2:8000/run",1,TRUE,200,1109,266,3.6574273109436,"2026-05-23T05:42:56.630797Z","2026-05-23T05:43:00.288224Z",1779514976.6308,1779514980.28822,0.000734,0.000847,0.000884,3.643337,3.643475,3.642453,0.000138000000000194,3.6359,0.0215273109436036
"2026-05-23T05:43:00.705Z","run_bootstrap",134,"http://client3:8000","run","http://client3:8000/run",1,TRUE,200,1109,267,4.06576061248779,"2026-05-23T05:42:56.632621Z","2026-05-23T05:43:00.698381Z",1779514976.63262,1779514980.69838,0.000562,0.000644,0.000677,4.046786,4.046894,4.046109,0.000107999999999997,4.0398,0.0259606124877934
"2026-05-23T05:43:04.622Z","run_bootstrap",135,"http://client1:8000","run","http://client1:8000/run",1,TRUE,200,1109,256,3.79905867576599,"2026-05-23T05:43:00.717598Z","2026-05-23T05:43:04.516656Z",1779514980.7176,1779514984.51666,0.000753,0.000835,0.00086,3.783914,3.783972,3.783054,5.79999999996694e-05,3.7744,0.0246586757659912
"2026-05-23T05:43:04.622Z","run_bootstrap",135,"http://client2:8000","run","http://client2:8000/run",1,TRUE,200,1109,252,3.90008640289307,"2026-05-23T05:43:00.718106Z","2026-05-23T05:43:04.618192Z",1779514980.71811,1779514984.61819,0.000635,0.000703,0.000726,3.879895,3.880033,3.879169,0.000138000000000194,3.8656,0.0344864028930663
"2026-05-23T05:43:04.622Z","run_bootstrap",135,"http://client3:8000","run","http://client3:8000/run",1,TRUE,200,1109,254,3.47218585014343,"2026-05-23T05:43:00.718694Z","2026-05-23T05:43:04.190880Z",1779514980.71869,1779514984.19088,0.000496,0.000571,0.000606,3.450142,3.450301,3.449536,0.00015900000000002,3.4357,0.0364858501434324
"2026-05-23T05:43:08.543Z","run_bootstrap",136,"http://client1:8000","run","http://client1:8000/run",1,TRUE,200,1109,256,3.717200756073,"2026-05-23T05:43:04.634708Z","2026-05-23T05:43:08.351909Z",1779514984.63471,1779514988.35191,0.000566,0.000706,0.000728,3.698839,3.698967,3.698111,0.000128000000000128,3.6906,0.0266007560729982
"2026-05-23T05:43:08.543Z","run_bootstrap",136,"http://client2:8000","run","http://client2:8000/run",1,TRUE,200,1109,252,3.90343022346497,"2026-05-23T05:43:04.635859Z","2026-05-23T05:43:08.539289Z",1779514984.63586,1779514988.53929,0.000679,0.000837,0.000868,3.885907,3.886048,3.885039,0.000141000000000169,3.8775,0.0259302234649659
"2026-05-23T05:43:08.543Z","run_bootstrap",136,"http://client3:8000","run","http://client3:8000/run",1,TRUE,200,1109,254,3.62953996658325,"2026-05-23T05:43:04.637337Z","2026-05-23T05:43:08.266877Z",1779514984.63734,1779514988.26688,0.000632,0.000703,0.000725,3.613039,3.613305,3.612314,0.000265999999999877,3.6046,0.0249399665832519
"2026-05-23T05:43:12.458Z","run_bootstrap",137,"http://client1:8000","run","http://client1:8000/run",1,TRUE,200,1107,256,3.74354863166809,"2026-05-23T05:43:08.556846Z","2026-05-23T05:43:12.300394Z",1779514988.55685,1779514992.30039,0.000655,0.000757,0.000792,3.729574,3.729685,3.728782,0.000110999999999972,3.7218,0.0217486316680908
"2026-05-23T05:43:12.458Z","run_bootstrap",137,"http://client2:8000","run","http://client2:8000/run",1,TRUE,200,1107,252,3.71764087677002,"2026-05-23T05:43:08.558594Z","2026-05-23T05:43:12.276235Z",1779514988.55859,1779514992.27624,0.000508,0.000597,0.00063,3.699779,3.699877,3.699149,9.79999999999315e-05,3.6927,0.0249408767700197
"2026-05-23T05:43:12.458Z","run_bootstrap",137,"http://client3:8000","run","http://client3:8000/run",1,TRUE,200,1107,253,3.89209151268005,"2026-05-23T05:43:08.558988Z","2026-05-23T05:43:12.451079Z",1779514988.55899,1779514992.45108,0.00061,0.000726,0.000764,3.875424,3.875594,3.87466,0.000169999999999781,3.8672,0.0248915126800537
"2026-05-23T05:43:16.413Z","run_bootstrap",138,"http://client1:8000","run","http://client1:8000/run",1,TRUE,200,1107,256,3.92901062965393,"2026-05-23T05:43:12.476635Z","2026-05-23T05:43:16.405645Z",1779514992.47664,1779514996.40565,0.000538,0.000637,0.000673,3.907465,3.907612,3.906792,0.000146999999999675,3.8997,0.0293106296539305
"2026-05-23T05:43:16.413Z","run_bootstrap",138,"http://client2:8000","run","http://client2:8000/run",1,TRUE,200,1107,251,3.71390342712402,"2026-05-23T05:43:12.477142Z","2026-05-23T05:43:16.191046Z",1779514992.47714,1779514996.19105,0.000541,0.000627,0.00066,3.692877,3.693035,3.692217,0.00015799999999988,3.686,0.0279034271240235
"2026-05-23T05:43:16.413Z","run_bootstrap",138,"http://client3:8000","run","http://client3:8000/run",1,TRUE,200,1107,253,3.62980103492737,"2026-05-23T05:43:12.476503Z","2026-05-23T05:43:16.106304Z",1779514992.4765,1779514996.1063,0.000648,0.000757,0.000793,3.615612,3.615742,3.614819,0.000129999999999963,3.6077,0.0221010349273683
"2026-05-23T05:43:20.276Z","run_bootstrap",139,"http://client1:8000","run","http://client1:8000/run",1,TRUE,200,1107,256,3.69364356994629,"2026-05-23T05:43:16.430310Z","2026-05-23T05:43:20.123954Z",1779514996.43031,1779515000.12395,0.000581,0.000668,0.000704,3.672098,3.672243,3.671394,0.00014499999999984,3.6644,0.029243569946289
"2026-05-23T05:43:20.276Z","run_bootstrap",139,"http://client2:8000","run","http://client2:8000/run",1,TRUE,200,1107,250,3.68010902404785,"2026-05-23T05:43:16.430806Z","2026-05-23T05:43:20.110915Z",1779514996.43081,1779515000.11092,0.000499,0.000602,0.00064,3.659721,3.659872,3.659081,0.000151000000000234,3.651,0.0291090240478518
"2026-05-23T05:43:20.276Z","run_bootstrap",139,"http://client3:8000","run","http://client3:8000/run",1,TRUE,200,1107,253,3.8380172252655,"2026-05-23T05:43:16.430624Z","2026-05-23T05:43:20.268641Z",1779514996.43062,1779515000.26864,0.000609,0.000707,0.000742,3.823928,3.824074,3.823186,0.000145999999999979,3.8156,0.022417225265503
"2026-05-23T05:43:24.352Z","run_bootstrap",140,"http://client1:8000","run","http://client1:8000/run",1,TRUE,200,1107,255,3.94404697418213,"2026-05-23T05:43:20.294254Z","2026-05-23T05:43:24.238301Z",1779515000.29425,1779515004.2383,0.000808,0.000873,0.000896,3.92294,3.923072,3.922044,0.000131999999999799,3.761,0.183046974182129
"2026-05-23T05:43:24.352Z","run_bootstrap",140,"http://client2:8000","run","http://client2:8000/run",1,TRUE,200,1107,251,3.89835047721863,"2026-05-23T05:43:20.294838Z","2026-05-23T05:43:24.193189Z",1779515000.29484,1779515004.19319,0.000584,0.00068,0.000719,3.880286,3.880436,3.879567,0.000150000000000095,3.7153,0.183050477218628
"2026-05-23T05:43:24.352Z","run_bootstrap",140,"http://client3:8000","run","http://client3:8000/run",1,TRUE,200,1107,253,4.05170726776123,"2026-05-23T05:43:20.295531Z","2026-05-23T05:43:24.347238Z",1779515000.29553,1779515004.34724,0.000627,0.000738,0.000779,4.031794,4.031937,4.031015,0.000143000000000448,3.8679,0.18380726776123
"2026-05-23T05:43:28.057Z","run_bootstrap",141,"http://client1:8000","run","http://client1:8000/run",1,TRUE,200,1109,256,3.68580675125122,"2026-05-23T05:43:24.364074Z","2026-05-23T05:43:28.049881Z",1779515004.36407,1779515008.04988,0.000528,0.000606,0.000642,3.66312,3.663255,3.662478,0.000134999999999774,3.6557,0.0301067512512208
"2026-05-23T05:43:28.057Z","run_bootstrap",141,"http://client2:8000","run","http://client2:8000/run",1,TRUE,200,1109,253,3.48126339912415,"2026-05-23T05:43:24.364744Z","2026-05-23T05:43:27.846007Z",1779515004.36474,1779515007.84601,0.000612,0.000707,0.000747,3.462864,3.463,3.462117,0.000135999999999914,3.4552,0.0260633991241455
"2026-05-23T05:43:28.057Z","run_bootstrap",141,"http://client3:8000","run","http://client3:8000/run",1,TRUE,200,1109,252,3.55123519897461,"2026-05-23T05:43:24.365363Z","2026-05-23T05:43:27.916598Z",1779515004.36536,1779515007.9166,0.000596,0.000718,0.000753,3.536359,3.536488,3.535606,0.000128999999999824,3.5294,0.0218351989746095
"2026-05-23T05:43:31.857Z","run_bootstrap",142,"http://client1:8000","run","http://client1:8000/run",1,TRUE,200,1109,256,3.38220834732056,"2026-05-23T05:43:28.081665Z","2026-05-23T05:43:31.463874Z",1779515008.08167,1779515011.46387,0.000634,0.000759,0.000796,3.369889,3.369926,3.369093,3.69999999998427e-05,3.3621,0.0201083473205568
"2026-05-23T05:43:31.857Z","run_bootstrap",142,"http://client2:8000","run","http://client2:8000/run",1,TRUE,200,1109,253,3.59533953666687,"2026-05-23T05:43:28.084088Z","2026-05-23T05:43:31.679427Z",1779515008.08409,1779515011.67943,0.000572,0.000646,0.000666,3.577138,3.57717,3.576472,3.2000000000032e-05,3.5704,0.0249395366668703
"2026-05-23T05:43:31.857Z","run_bootstrap",142,"http://client3:8000","run","http://client3:8000/run",1,TRUE,200,1109,252,3.76853775978088,"2026-05-23T05:43:28.084009Z","2026-05-23T05:43:31.852547Z",1779515008.08401,1779515011.85255,0.000582,0.000644,0.000665,3.751101,3.751126,3.750436,2.50000000003858e-05,3.7444,0.0241377597808836
"2026-05-23T05:43:35.631Z","run_bootstrap",143,"http://client1:8000","run","http://client1:8000/run",1,TRUE,200,1108,255,3.48820996284485,"2026-05-23T05:43:31.870775Z","2026-05-23T05:43:35.358985Z",1779515011.87078,1779515015.35899,0.000529,0.000625,0.000655,3.473416,3.473526,3.472761,0.000110000000000277,3.4662,0.0220099628448485
"2026-05-23T05:43:35.631Z","run_bootstrap",143,"http://client2:8000","run","http://client2:8000/run",1,TRUE,200,1108,251,3.55945634841919,"2026-05-23T05:43:31.871521Z","2026-05-23T05:43:35.430977Z",1779515011.87152,1779515015.43098,0.000565,0.000659,7e-04,3.542109,3.542269,3.541409,0.00016000000000016,3.5351,0.0243563484191895
"2026-05-23T05:43:35.631Z","run_bootstrap",143,"http://client3:8000","run","http://client3:8000/run",1,TRUE,200,1108,253,3.753826379776,"2026-05-23T05:43:31.870767Z","2026-05-23T05:43:35.624594Z",1779515011.87077,1779515015.62459,0.000708,0.000818,0.00089,3.739778,3.739957,3.738888,0.000179000000000151,3.7326,0.0212263797760008
"2026-05-23T05:43:39.433Z","run_bootstrap",144,"http://client1:8000","run","http://client1:8000/run",1,TRUE,200,1108,255,3.78228831291199,"2026-05-23T05:43:35.644394Z","2026-05-23T05:43:39.426682Z",1779515015.64439,1779515019.42668,0.000695,0.000823,0.000861,3.76792,3.768073,3.767059,0.000152999999999626,3.7605,0.0217883129119874
"2026-05-23T05:43:39.433Z","run_bootstrap",144,"http://client2:8000","run","http://client2:8000/run",1,TRUE,200,1108,249,3.48654389381409,"2026-05-23T05:43:35.644739Z","2026-05-23T05:43:39.131283Z",1779515015.64474,1779515019.13128,0.000545,0.000634,0.000667,3.466904,3.467043,3.466237,0.000138999999999889,3.46,0.0265438938140869
"2026-05-23T05:43:39.433Z","run_bootstrap",144,"http://client3:8000","run","http://client3:8000/run",1,TRUE,200,1108,253,3.35905504226685,"2026-05-23T05:43:35.645190Z","2026-05-23T05:43:39.004245Z",1779515015.64519,1779515019.00425,0.000575,0.000691,0.000728,3.337943,3.338042,3.337215,9.90000000000713e-05,3.3312,0.0278550422668458
"2026-05-23T05:43:43.234Z","run_bootstrap",145,"http://client1:8000","run","http://client1:8000/run",1,TRUE,200,1108,252,3.78233218193054,"2026-05-23T05:43:39.445410Z","2026-05-23T05:43:43.227742Z",1779515019.44541,1779515023.22774,0.000747,0.000871,0.000914,3.767621,3.767743,3.766707,0.000121999999999733,3.76,0.0223321819305422
"2026-05-23T05:43:43.234Z","run_bootstrap",145,"http://client2:8000","run","http://client2:8000/run",1,TRUE,200,1108,251,3.62251543998718,"2026-05-23T05:43:39.446058Z","2026-05-23T05:43:43.068574Z",1779515019.44606,1779515023.06857,0.000475,0.000559,0.000595,3.601823,3.601963,3.601228,0.000140000000000029,3.5935,0.0290154399871825
"2026-05-23T05:43:43.234Z","run_bootstrap",145,"http://client3:8000","run","http://client3:8000/run",1,TRUE,200,1108,253,3.3291916847229,"2026-05-23T05:43:39.446466Z","2026-05-23T05:43:42.775658Z",1779515019.44647,1779515022.77566,0.000492,0.000622,0.000704,3.309682,3.309777,3.308978,9.49999999999562e-05,3.3003,0.0288916847229004
"2026-05-23T05:43:47.048Z","run_bootstrap",146,"http://client1:8000","run","http://client1:8000/run",1,TRUE,200,1108,254,3.59934234619141,"2026-05-23T05:43:43.246117Z","2026-05-23T05:43:46.845459Z",1779515023.24612,1779515026.84546,0.000589,0.000703,0.000746,3.584655,3.584775,3.583909,0.000119999999999898,3.5771,0.0222423461914061
"2026-05-23T05:43:47.048Z","run_bootstrap",146,"http://client2:8000","run","http://client2:8000/run",1,TRUE,200,1108,251,3.79599666595459,"2026-05-23T05:43:43.247642Z","2026-05-23T05:43:47.043638Z",1779515023.24764,1779515027.04364,0.00032,0.000386,0.000407,3.78236,3.782507,3.781953,0.000146999999999675,3.7743,0.0216966659545896
"2026-05-23T05:43:47.048Z","run_bootstrap",146,"http://client3:8000","run","http://client3:8000/run",1,TRUE,200,1108,253,3.57782387733459,"2026-05-23T05:43:43.248055Z","2026-05-23T05:43:46.825879Z",1779515023.24806,1779515026.82588,0.000417,0.000494,0.000549,3.563783,3.563931,3.563234,0.000148000000000259,3.5564,0.0214238773345947
"2026-05-23T05:43:50.824Z","run_bootstrap",147,"http://client1:8000","run","http://client1:8000/run",1,TRUE,200,1108,254,3.54670548439026,"2026-05-23T05:43:47.061073Z","2026-05-23T05:43:50.607778Z",1779515027.06107,1779515030.60778,0.000494,0.00058,0.000612,3.526581,3.526614,3.525969,3.29999999997277e-05,3.5185,0.0282054843902588
"2026-05-23T05:43:50.824Z","run_bootstrap",147,"http://client2:8000","run","http://client2:8000/run",1,TRUE,200,1108,251,3.7557532787323,"2026-05-23T05:43:47.061640Z","2026-05-23T05:43:50.817393Z",1779515027.06164,1779515030.81739,0.000648,0.00074,0.000773,3.729376,3.729412,3.728603,3.6000000000147e-05,3.7222,0.0335532787322999
"2026-05-23T05:43:50.824Z","run_bootstrap",147,"http://client3:8000","run","http://client3:8000/run",1,TRUE,200,1108,253,3.62289905548096,"2026-05-23T05:43:47.060874Z","2026-05-23T05:43:50.683773Z",1779515027.06087,1779515030.68377,0.00078,0.000898,0.000935,3.603944,3.603978,3.603009,3.40000000003116e-05,3.5965,0.0263990554809572
"2026-05-23T05:43:54.665Z","run_bootstrap",148,"http://client1:8000","run","http://client1:8000/run",1,TRUE,200,1108,254,3.815096616745,"2026-05-23T05:43:50.845257Z","2026-05-23T05:43:54.660353Z",1779515030.84526,1779515034.66035,0.00062,0.000727,0.000765,3.796697,3.796806,3.795932,0.000109000000000137,3.7893,0.0257966167449952
"2026-05-23T05:43:54.665Z","run_bootstrap",148,"http://client2:8000","run","http://client2:8000/run",1,TRUE,200,1108,251,3.64598441123962,"2026-05-23T05:43:50.845608Z","2026-05-23T05:43:54.491593Z",1779515030.84561,1779515034.49159,0.000683,0.000811,0.00085,3.624845,3.62499,3.623995,0.00014499999999984,3.6179,0.0280844112396239
"2026-05-23T05:43:54.665Z","run_bootstrap",148,"http://client3:8000","run","http://client3:8000/run",1,TRUE,200,1108,252,3.54067897796631,"2026-05-23T05:43:50.846127Z","2026-05-23T05:43:54.386806Z",1779515030.84613,1779515034.38681,0.000707,0.000817,0.000856,3.520243,3.520388,3.519387,0.000145000000000284,3.513,0.0276789779663087
"2026-05-23T05:43:58.481Z","run_bootstrap",149,"http://client1:8000","run","http://client1:8000/run",1,TRUE,200,1109,254,3.79701256752014,"2026-05-23T05:43:54.677385Z","2026-05-23T05:43:58.474398Z",1779515034.67739,1779515038.4744,0.000663,0.000771,0.000807,3.783147,3.783266,3.78234,0.000118999999999758,3.7749,0.0221125675201415
"2026-05-23T05:43:58.481Z","run_bootstrap",149,"http://client2:8000","run","http://client2:8000/run",1,TRUE,200,1109,253,3.51878046989441,"2026-05-23T05:43:54.678227Z","2026-05-23T05:43:58.197007Z",1779515034.67823,1779515038.19701,0.000593,0.000661,0.000691,3.506236,3.506363,3.505545,0.000126999999999988,3.4988,0.019980469894409
"2026-05-23T05:43:58.481Z","run_bootstrap",149,"http://client3:8000","run","http://client3:8000/run",1,TRUE,200,1109,253,3.47469186782837,"2026-05-23T05:43:54.678786Z","2026-05-23T05:43:58.153478Z",1779515034.67879,1779515038.15348,0.00043,0.000548,0.000586,3.456871,3.45699,3.456285,0.000118999999999758,3.4494,0.0252918678283693
"2026-05-23T05:44:02.315Z","run_bootstrap",150,"http://client1:8000","run","http://client1:8000/run",1,TRUE,200,1109,254,3.81511211395264,"2026-05-23T05:43:58.493075Z","2026-05-23T05:44:02.308187Z",1779515038.49308,1779515042.30819,0.000959,0.001061,0.001085,3.801023,3.801156,3.799938,0.000133000000000383,3.7931,0.0220121139526368
"2026-05-23T05:44:02.315Z","run_bootstrap",150,"http://client2:8000","run","http://client2:8000/run",1,TRUE,200,1109,253,3.71624970436096,"2026-05-23T05:43:58.494342Z","2026-05-23T05:44:02.210592Z",1779515038.49434,1779515042.21059,0.000398,0.000455,0.000474,3.70361,3.703743,3.703136,0.000132999999999939,3.6959,0.020349704360962
"2026-05-23T05:44:02.315Z","run_bootstrap",150,"http://client3:8000","run","http://client3:8000/run",1,TRUE,200,1109,253,3.49352312088013,"2026-05-23T05:43:58.494981Z","2026-05-23T05:44:01.988504Z",1779515038.49498,1779515041.9885,0.000476,0.00053,0.000547,3.481449,3.481598,3.480902,0.000148999999999955,3.4746,0.0189231208801268
"2026-05-23T05:44:06.297Z","run_bootstrap",151,"http://client1:8000","run","http://client1:8000/run",1,TRUE,200,1108,255,3.96032810211182,"2026-05-23T05:44:02.332782Z","2026-05-23T05:44:06.293110Z",1779515042.33278,1779515046.29311,0.000614,0.000737,0.000783,3.937951,3.93808,3.937168,0.000128999999999824,3.9304,0.0299281021118163
"2026-05-23T05:44:06.297Z","run_bootstrap",151,"http://client2:8000","run","http://client2:8000/run",1,TRUE,200,1108,253,3.7846245765686,"2026-05-23T05:44:02.333421Z","2026-05-23T05:44:06.118046Z",1779515042.33342,1779515046.11805,0.000711,0.000773,0.000802,3.762532,3.762671,3.76173,0.000138999999999889,3.7552,0.0294245765686036
"2026-05-23T05:44:06.297Z","run_bootstrap",151,"http://client3:8000","run","http://client3:8000/run",1,TRUE,200,1108,253,3.50356984138489,"2026-05-23T05:44:02.333982Z","2026-05-23T05:44:05.837552Z",1779515042.33398,1779515045.83755,0.000591,0.000707,0.000752,3.481658,3.481719,3.480906,6.10000000000888e-05,3.4722,0.0313698413848877
"2026-05-23T05:44:10.304Z","run_bootstrap",152,"http://client1:8000","run","http://client1:8000/run",1,TRUE,200,1108,255,3.87817573547363,"2026-05-23T05:44:06.310574Z","2026-05-23T05:44:10.188749Z",1779515046.31057,1779515050.18875,0.000486,0.000578,0.000616,3.857981,3.858064,3.857365,8.30000000000553e-05,3.8501,0.028075735473633
"2026-05-23T05:44:10.304Z","run_bootstrap",152,"http://client2:8000","run","http://client2:8000/run",1,TRUE,200,1108,253,3.76997542381287,"2026-05-23T05:44:06.311228Z","2026-05-23T05:44:10.081204Z",1779515046.31123,1779515050.0812,0.000499,0.000582,0.000618,3.748134,3.748282,3.747516,0.000148000000000259,3.7407,0.0292754238128663
"2026-05-23T05:44:10.304Z","run_bootstrap",152,"http://client3:8000","run","http://client3:8000/run",1,TRUE,200,1108,253,3.98604726791382,"2026-05-23T05:44:06.310390Z","2026-05-23T05:44:10.296437Z",1779515046.31039,1779515050.29644,0.000607,0.000718,0.00076,3.970639,3.970768,3.969879,0.000129000000000268,3.9635,0.0225472679138186
"2026-05-23T05:44:14.295Z","run_bootstrap",153,"http://client1:8000","run","http://client1:8000/run",1,TRUE,200,1109,255,3.93262600898743,"2026-05-23T05:44:10.318621Z","2026-05-23T05:44:14.251247Z",1779515050.31862,1779515054.25125,0.000526,0.000603,0.000624,3.910426,3.910457,3.909802,3.09999999998922e-05,3.9031,0.029526008987427
"2026-05-23T05:44:14.295Z","run_bootstrap",153,"http://client2:8000","run","http://client2:8000/run",1,TRUE,200,1109,250,3.97120761871338,"2026-05-23T05:44:10.319041Z","2026-05-23T05:44:14.290248Z",1779515050.31904,1779515054.29025,0.00056,0.000659,0.00069,3.948636,3.948669,3.947946,3.30000000001718e-05,3.9415,0.0297076187133789
"2026-05-23T05:44:14.295Z","run_bootstrap",153,"http://client3:8000","run","http://client3:8000/run",1,TRUE,200,1109,253,3.86585927009583,"2026-05-23T05:44:10.317876Z","2026-05-23T05:44:14.183736Z",1779515050.31788,1779515054.18374,0.000606,0.00072,0.000756,3.848374,3.848411,3.847618,3.69999999998427e-05,3.8394,0.0264592700958253
"2026-05-23T05:44:18.346Z","run_bootstrap",154,"http://client1:8000","run","http://client1:8000/run",1,TRUE,200,1109,254,3.84719729423523,"2026-05-23T05:44:14.308492Z","2026-05-23T05:44:18.155689Z",1779515054.30849,1779515058.15569,0.000631,0.000738,0.000775,3.833441,3.833556,3.832666,0.000115000000000087,3.826,0.0211972942352294
"2026-05-23T05:44:18.346Z","run_bootstrap",154,"http://client2:8000","run","http://client2:8000/run",1,TRUE,200,1109,250,4.03074264526367,"2026-05-23T05:44:14.310674Z","2026-05-23T05:44:18.341416Z",1779515054.31067,1779515058.34142,0.000523,0.000634,0.000668,4.0134,4.013546,4.012732,0.000145999999999979,3.9989,0.031842645263672
"2026-05-23T05:44:18.346Z","run_bootstrap",154,"http://client3:8000","run","http://client3:8000/run",1,TRUE,200,1109,253,3.83807516098022,"2026-05-23T05:44:14.311044Z","2026-05-23T05:44:18.149120Z",1779515054.31104,1779515058.14912,0.000594,0.000675,0.000709,3.818398,3.818506,3.817689,0.000107999999999997,3.7978,0.0402751609802245
"2026-05-23T05:44:22.354Z","run_bootstrap",155,"http://client1:8000","run","http://client1:8000/run",1,TRUE,200,1109,255,3.89650583267212,"2026-05-23T05:44:18.358139Z","2026-05-23T05:44:22.254645Z",1779515058.35814,1779515062.25465,0.000575,0.000659,0.000707,3.88286,3.882971,3.882153,0.000110999999999972,3.8755,0.021005832672119
"2026-05-23T05:44:22.354Z","run_bootstrap",155,"http://client2:8000","run","http://client2:8000/run",1,TRUE,200,1109,254,3.99157285690308,"2026-05-23T05:44:18.358258Z","2026-05-23T05:44:22.349831Z",1779515058.35826,1779515062.34983,0.00045,0.000533,0.000557,3.97762,3.977729,3.977063,0.000109000000000137,3.9708,0.0207728569030761
"2026-05-23T05:44:22.354Z","run_bootstrap",155,"http://client3:8000","run","http://client3:8000/run",1,TRUE,200,1109,254,3.8259608745575,"2026-05-23T05:44:18.359133Z","2026-05-23T05:44:22.185094Z",1779515058.35913,1779515062.18509,0.000557,0.000609,0.000628,3.812861,3.812973,3.812233,0.000112000000000112,3.8027,0.0232608745574949
"2026-05-23T05:44:26.315Z","run_bootstrap",156,"http://client1:8000","run","http://client1:8000/run",1,TRUE,200,1109,255,3.83076119422913,"2026-05-23T05:44:22.366540Z","2026-05-23T05:44:26.197301Z",1779515062.36654,1779515066.1973,0.000546,0.000624,0.00065,3.816804,3.816931,3.816154,0.000126999999999988,3.8097,0.0210611942291261
"2026-05-23T05:44:26.315Z","run_bootstrap",156,"http://client2:8000","run","http://client2:8000/run",1,TRUE,200,1109,254,3.80333232879639,"2026-05-23T05:44:22.367703Z","2026-05-23T05:44:26.171035Z",1779515062.3677,1779515066.17104,0.000568,0.000628,0.000649,3.790541,3.790671,3.789892,0.000129999999999963,3.7837,0.0196323287963867
"2026-05-23T05:44:26.315Z","run_bootstrap",156,"http://client3:8000","run","http://client3:8000/run",1,TRUE,200,1109,254,3.94393682479858,"2026-05-23T05:44:22.367003Z","2026-05-23T05:44:26.310940Z",1779515062.367,1779515066.31094,0.000597,0.000689,0.000724,3.930418,3.930558,3.929694,0.000140000000000029,3.9222,0.0217368247985839
"2026-05-23T05:44:30.144Z","run_bootstrap",157,"http://client1:8000","run","http://client1:8000/run",1,TRUE,200,1108,253,3.09721493721008,"2026-05-23T05:44:26.325556Z","2026-05-23T05:44:29.422771Z",1779515066.32556,1779515069.42277,0.000769,0.000879,0.000917,3.082739,3.082867,3.081822,0.000127999999999684,3.0715,0.0257149372100831
"2026-05-23T05:44:30.144Z","run_bootstrap",157,"http://client2:8000","run","http://client2:8000/run",1,TRUE,200,1108,254,3.49637627601624,"2026-05-23T05:44:26.326518Z","2026-05-23T05:44:29.822894Z",1779515066.32652,1779515069.82289,0.000614,0.000708,0.000743,3.483207,3.483375,3.482464,0.000167999999999946,3.4748,0.0215762760162352
"2026-05-23T05:44:30.144Z","run_bootstrap",157,"http://client3:8000","run","http://client3:8000/run",1,TRUE,200,1108,254,3.80897426605225,"2026-05-23T05:44:26.328202Z","2026-05-23T05:44:30.137176Z",1779515066.3282,1779515070.13718,0.000668,0.000744,0.000776,3.79462,3.794734,3.793844,0.000113999999999947,3.7871,0.021874266052246
"2026-05-23T05:44:33.763Z","run_bootstrap",158,"http://client1:8000","run","http://client1:8000/run",1,TRUE,200,1108,252,3.50227189064026,"2026-05-23T05:44:30.157862Z","2026-05-23T05:44:33.660134Z",1779515070.15786,1779515073.66013,0.00071,0.000831,0.000868,3.479457,3.479588,3.478589,0.000131000000000103,3.471,0.0312718906402587
"2026-05-23T05:44:33.763Z","run_bootstrap",158,"http://client2:8000","run","http://client2:8000/run",1,TRUE,200,1108,254,3.60095453262329,"2026-05-23T05:44:30.158403Z","2026-05-23T05:44:33.759358Z",1779515070.1584,1779515073.75936,0.000533,0.000643,0.000679,3.577505,3.577591,3.576826,8.60000000000305e-05,3.5707,0.030254532623291
"2026-05-23T05:44:33.763Z","run_bootstrap",158,"http://client3:8000","run","http://client3:8000/run",1,TRUE,200,1108,254,3.43856430053711,"2026-05-23T05:44:30.157536Z","2026-05-23T05:44:33.596100Z",1779515070.15754,1779515073.5961,0.000699,0.000803,0.000838,3.41912,3.419237,3.418282,0.000116999999999923,3.4121,0.0264643005371092
"2026-05-23T05:44:37.296Z","run_bootstrap",159,"http://client1:8000","run","http://client1:8000/run",1,TRUE,200,1108,254,3.48863983154297,"2026-05-23T05:44:33.777330Z","2026-05-23T05:44:37.265970Z",1779515073.77733,1779515077.26597,0.000838,0.000957,0.000992,3.474645,3.474794,3.473653,0.000148999999999955,3.467,0.0216398315429687
"2026-05-23T05:44:37.296Z","run_bootstrap",159,"http://client2:8000","run","http://client2:8000/run",1,TRUE,200,1108,252,3.51226258277893,"2026-05-23T05:44:33.778885Z","2026-05-23T05:44:37.291148Z",1779515073.77889,1779515077.29115,0.000783,0.000905,0.000966,3.497423,3.497569,3.496457,0.000145999999999979,3.489,0.0232625827789308
"2026-05-23T05:44:37.296Z","run_bootstrap",159,"http://client3:8000","run","http://client3:8000/run",1,TRUE,200,1108,252,3.41719484329224,"2026-05-23T05:44:33.779342Z","2026-05-23T05:44:37.196537Z",1779515073.77934,1779515077.19654,0.00052,0.000606,0.000638,3.401252,3.401386,3.400614,0.000134000000000079,3.3943,0.0228948432922365
"2026-05-23T05:44:41.192Z","run_bootstrap",160,"http://client1:8000","run","http://client1:8000/run",1,TRUE,200,1108,255,3.56883788108826,"2026-05-23T05:44:37.307839Z","2026-05-23T05:44:40.876677Z",1779515077.30784,1779515080.87668,0.000615,0.000717,0.000754,3.555479,3.555622,3.554725,0.000143000000000004,3.4044,0.164437881088257
"2026-05-23T05:44:41.192Z","run_bootstrap",160,"http://client2:8000","run","http://client2:8000/run",1,TRUE,200,1108,253,3.87746930122375,"2026-05-23T05:44:37.310130Z","2026-05-23T05:44:41.187600Z",1779515077.31013,1779515081.1876,0.00062,0.000732,0.000768,3.859785,3.859927,3.859017,0.000141999999999864,3.7077,0.169769301223755
"2026-05-23T05:44:41.192Z","run_bootstrap",160,"http://client3:8000","run","http://client3:8000/run",1,TRUE,200,1108,252,3.68940210342407,"2026-05-23T05:44:37.310517Z","2026-05-23T05:44:40.999919Z",1779515077.31052,1779515080.99992,0.000663,0.000777,0.000813,3.674791,3.67488,3.673978,8.90000000000057e-05,3.5365,0.152902103424072
"2026-05-23T05:44:44.727Z","run_bootstrap",161,"http://client1:8000","run","http://client1:8000/run",1,TRUE,200,1109,253,3.37822985649109,"2026-05-23T05:44:41.204097Z","2026-05-23T05:44:44.582327Z",1779515081.2041,1779515084.58233,0.000473,0.000543,0.000574,3.360625,3.360784,3.360051,0.00015900000000002,3.3541,0.024129856491089
"2026-05-23T05:44:44.727Z","run_bootstrap",161,"http://client2:8000","run","http://client2:8000/run",1,TRUE,200,1109,252,3.51816129684448,"2026-05-23T05:44:41.204825Z","2026-05-23T05:44:44.722986Z",1779515081.20483,1779515084.72299,0.000527,0.000597,0.000627,3.498194,3.4985,3.497567,0.000306000000000139,3.4918,0.0263612968444824
"2026-05-23T05:44:44.727Z","run_bootstrap",161,"http://client3:8000","run","http://client3:8000/run",1,TRUE,200,1109,253,3.49850296974182,"2026-05-23T05:44:41.204225Z","2026-05-23T05:44:44.702728Z",1779515081.20423,1779515084.70273,0.000744,0.000859,0.000894,3.484499,3.484677,3.483605,0.000178000000000011,3.4778,0.0207029697418215
"2026-05-23T05:44:48.286Z","run_bootstrap",162,"http://client1:8000","run","http://client1:8000/run",1,TRUE,200,1109,253,3.53587961196899,"2026-05-23T05:44:44.739760Z","2026-05-23T05:44:48.275640Z",1779515084.73976,1779515088.27564,0.000597,0.000723,0.000762,3.521149,3.521294,3.520387,0.000145000000000284,3.5129,0.022979611968994
"2026-05-23T05:44:48.286Z","run_bootstrap",162,"http://client2:8000","run","http://client2:8000/run",1,TRUE,200,1109,252,3.29305815696716,"2026-05-23T05:44:44.740374Z","2026-05-23T05:44:48.033432Z",1779515084.74037,1779515088.03343,0.000528,0.000603,0.000633,3.27684,3.276924,3.276207,8.4000000000195e-05,3.2691,0.0239581569671632
"2026-05-23T05:44:48.286Z","run_bootstrap",162,"http://client3:8000","run","http://client3:8000/run",1,TRUE,200,1109,253,3.54149484634399,"2026-05-23T05:44:44.740744Z","2026-05-23T05:44:48.282238Z",1779515084.74074,1779515088.28224,0.000662,0.000737,0.000758,3.528079,3.528183,3.527321,0.000103999999999882,3.5213,0.020194846343994
"2026-05-23T05:44:51.823Z","run_bootstrap",163,"http://client1:8000","run","http://client1:8000/run",1,TRUE,200,1109,255,3.52097272872925,"2026-05-23T05:44:48.297154Z","2026-05-23T05:44:51.818127Z",1779515088.29715,1779515091.81813,0.000692,0.000816,0.000856,3.506921,3.507048,3.506065,0.000126999999999988,3.4981,0.0228727287292481
"2026-05-23T05:44:51.823Z","run_bootstrap",163,"http://client2:8000","run","http://client2:8000/run",1,TRUE,200,1109,251,3.49765753746033,"2026-05-23T05:44:48.299365Z","2026-05-23T05:44:51.797023Z",1779515088.29937,1779515091.79702,0.000464,0.000534,0.000569,3.48152,3.48163,3.480951,0.000109999999999832,3.475,0.0226575374603271
"2026-05-23T05:44:51.823Z","run_bootstrap",163,"http://client3:8000","run","http://client3:8000/run",1,TRUE,200,1109,252,3.49677896499634,"2026-05-23T05:44:48.299649Z","2026-05-23T05:44:51.796428Z",1779515088.29965,1779515091.79643,0.000716,0.000824,0.000866,3.481177,3.481302,3.480311,0.000124999999999709,3.4743,0.0224789649963379
"2026-05-23T05:44:55.614Z","run_bootstrap",164,"http://client1:8000","run","http://client1:8000/run",1,TRUE,200,1109,255,3.5905168056488,"2026-05-23T05:44:51.837107Z","2026-05-23T05:44:55.427624Z",1779515091.83711,1779515095.42762,0.001007,0.00112,0.001159,3.57282,3.572853,3.571661,3.29999999997277e-05,3.5544,0.0361168056488039
"2026-05-23T05:44:55.614Z","run_bootstrap",164,"http://client2:8000","run","http://client2:8000/run",1,TRUE,200,1109,252,3.52349066734314,"2026-05-23T05:44:51.838097Z","2026-05-23T05:44:55.361587Z",1779515091.8381,1779515095.36159,0.00103,0.00112,0.001159,3.50656,3.506596,3.505401,3.6000000000147e-05,3.4971,0.0263906673431396
"2026-05-23T05:44:55.614Z","run_bootstrap",164,"http://client3:8000","run","http://client3:8000/run",1,TRUE,200,1109,252,3.77151393890381,"2026-05-23T05:44:51.839128Z","2026-05-23T05:44:55.610642Z",1779515091.83913,1779515095.61064,0.000999,0.00112,0.001159,3.756131,3.756164,3.754972,3.30000000001718e-05,3.7471,0.0244139389038085
"2026-05-23T05:44:59.402Z","run_bootstrap",165,"http://client1:8000","run","http://client1:8000/run",1,TRUE,200,1104,254,3.60638403892517,"2026-05-23T05:44:55.629185Z","2026-05-23T05:44:59.235569Z",1779515095.62919,1779515099.23557,0.000573,0.000662,0.000707,3.590061,3.590214,3.589354,0.00015300000000007,3.5831,0.0232840389251709
"2026-05-23T05:44:59.402Z","run_bootstrap",165,"http://client2:8000","run","http://client2:8000/run",1,TRUE,200,1104,252,3.43110179901123,"2026-05-23T05:44:55.629857Z","2026-05-23T05:44:59.060959Z",1779515095.62986,1779515099.06096,0.000626,0.000712,0.000752,3.416104,3.416305,3.415352,0.000201000000000118,3.4091,0.0220017990112304
"2026-05-23T05:44:59.402Z","run_bootstrap",165,"http://client3:8000","run","http://client3:8000/run",1,TRUE,200,1104,253,3.76848030090332,"2026-05-23T05:44:55.629113Z","2026-05-23T05:44:59.397593Z",1779515095.62911,1779515099.39759,0.000688,0.000799,0.000842,3.754941,3.755089,3.754099,0.000147999999999815,3.7467,0.0217803009033202
"2026-05-23T05:45:03.217Z","run_bootstrap",166,"http://client1:8000","run","http://client1:8000/run",1,TRUE,200,1104,254,3.59358239173889,"2026-05-23T05:44:59.414384Z","2026-05-23T05:45:03.007966Z",1779515099.41438,1779515103.00797,0.000562,0.000641,0.000663,3.580352,3.580476,3.579689,0.000124000000000013,3.5732,0.0203823917388917
"2026-05-23T05:45:03.217Z","run_bootstrap",166,"http://client2:8000","run","http://client2:8000/run",1,TRUE,200,1104,252,3.39935088157654,"2026-05-23T05:44:59.415364Z","2026-05-23T05:45:02.814714Z",1779515099.41536,1779515102.81471,0.000394,0.000467,0.000498,3.383985,3.384082,3.383487,9.69999999997917e-05,3.3764,0.0229508815765382
"2026-05-23T05:45:03.217Z","run_bootstrap",166,"http://client3:8000","run","http://client3:8000/run",1,TRUE,200,1104,252,3.7979531288147,"2026-05-23T05:44:59.414968Z","2026-05-23T05:45:03.212921Z",1779515099.41497,1779515103.21292,0.000589,0.000652,0.00067,3.784513,3.784662,3.783843,0.000148999999999955,3.777,0.0209531288146971
"2026-05-23T05:45:06.963Z","run_bootstrap",167,"http://client1:8000","run","http://client1:8000/run",1,TRUE,200,1109,253,3.72980308532715,"2026-05-23T05:45:03.229278Z","2026-05-23T05:45:06.959081Z",1779515103.22928,1779515106.95908,0.000474,0.000553,0.000589,3.714998,3.715228,3.714409,0.000230000000000175,3.7067,0.0231030853271483
"2026-05-23T05:45:06.963Z","run_bootstrap",167,"http://client2:8000","run","http://client2:8000/run",1,TRUE,200,1109,253,3.65510559082031,"2026-05-23T05:45:03.228649Z","2026-05-23T05:45:06.883755Z",1779515103.22865,1779515106.88376,0.000767,0.000827,0.000848,3.6415,3.641603,3.640652,0.000102999999999742,3.6344,0.0207055908203126
"2026-05-23T05:45:06.963Z","run_bootstrap",167,"http://client3:8000","run","http://client3:8000/run",1,TRUE,200,1109,253,3.60651421546936,"2026-05-23T05:45:03.229344Z","2026-05-23T05:45:06.835859Z",1779515103.22934,1779515106.83586,0.000529,0.000615,0.00064,3.592999,3.593165,3.592359,0.000166000000000111,3.5859,0.0206142154693603
"2026-05-23T05:45:10.836Z","run_bootstrap",168,"http://client1:8000","run","http://client1:8000/run",1,TRUE,200,1109,253,3.76648831367493,"2026-05-23T05:45:06.976107Z","2026-05-23T05:45:10.742595Z",1779515106.97611,1779515110.7426,0.000645,0.000727,0.000753,3.751111,3.751252,3.750358,0.000141000000000169,3.7438,0.022688313674927
"2026-05-23T05:45:10.836Z","run_bootstrap",168,"http://client2:8000","run","http://client2:8000/run",1,TRUE,200,1109,253,3.85499906539917,"2026-05-23T05:45:06.976736Z","2026-05-23T05:45:10.831735Z",1779515106.97674,1779515110.83174,0.000558,0.000638,0.000675,3.83388,3.834003,3.833205,0.000122999999999873,3.8266,0.0283990653991699
"2026-05-23T05:45:10.836Z","run_bootstrap",168,"http://client3:8000","run","http://client3:8000/run",1,TRUE,200,1109,253,3.5587751865387,"2026-05-23T05:45:06.977331Z","2026-05-23T05:45:10.536106Z",1779515106.97733,1779515110.53611,0.000449,0.000525,0.00056,3.537247,3.537388,3.536687,0.000141000000000169,3.5304,0.0283751865386961
"2026-05-23T05:45:14.709Z","run_bootstrap",169,"http://client1:8000","run","http://client1:8000/run",1,TRUE,200,1107,254,3.58123445510864,"2026-05-23T05:45:10.847624Z","2026-05-23T05:45:14.428858Z",1779515110.84762,1779515114.42886,0.000752,0.00084,0.000864,3.566385,3.56653,3.565521,0.000145000000000284,3.5572,0.0240344551086427
"2026-05-23T05:45:14.709Z","run_bootstrap",169,"http://client2:8000","run","http://client2:8000/run",1,TRUE,200,1107,253,3.83934116363525,"2026-05-23T05:45:10.849689Z","2026-05-23T05:45:14.689030Z",1779515110.84969,1779515114.68903,0.00053,0.000637,0.000678,3.820811,3.82096,3.820133,0.000148999999999955,3.8123,0.0270411636352539
"2026-05-23T05:45:14.709Z","run_bootstrap",169,"http://client3:8000","run","http://client3:8000/run",1,TRUE,200,1107,253,3.35282421112061,"2026-05-23T05:45:10.849951Z","2026-05-23T05:45:14.202775Z",1779515110.84995,1779515114.20278,0.00054,0.000621,0.000656,3.335893,3.336026,3.335237,0.000132999999999939,3.3233,0.0295242111206053
"2026-05-23T05:45:18.555Z","run_bootstrap",170,"http://client1:8000","run","http://client1:8000/run",1,TRUE,200,1107,254,3.56174731254578,"2026-05-23T05:45:14.726889Z","2026-05-23T05:45:18.288637Z",1779515114.72689,1779515118.28864,0.000617,0.000681,0.000703,3.544146,3.544276,3.543443,0.000129999999999963,3.5365,0.0252473125457762
"2026-05-23T05:45:18.555Z","run_bootstrap",170,"http://client2:8000","run","http://client2:8000/run",1,TRUE,200,1107,252,3.65398049354553,"2026-05-23T05:45:14.727705Z","2026-05-23T05:45:18.381686Z",1779515114.72771,1779515118.38169,0.000581,0.000665,0.000689,3.637202,3.637357,3.636513,0.000155000000000349,3.628,0.0259804935455321
"2026-05-23T05:45:18.555Z","run_bootstrap",170,"http://client3:8000","run","http://client3:8000/run",1,TRUE,200,1107,253,3.82069230079651,"2026-05-23T05:45:14.728203Z","2026-05-23T05:45:18.548895Z",1779515114.7282,1779515118.5489,0.000589,0.00067,0.000709,3.803279,3.803575,3.80257,0.000296000000000074,3.7957,0.0249923007965087
"2026-05-23T05:45:22.421Z","run_bootstrap",171,"http://client1:8000","run","http://client1:8000/run",1,TRUE,200,1109,254,3.84436964988708,"2026-05-23T05:45:18.569292Z","2026-05-23T05:45:22.413662Z",1779515118.56929,1779515122.41366,0.000477,0.000554,0.000583,3.826934,3.827102,3.826351,0.000167999999999946,3.8192,0.025169649887085
"2026-05-23T05:45:22.421Z","run_bootstrap",171,"http://client2:8000","run","http://client2:8000/run",1,TRUE,200,1109,252,3.73054480552673,"2026-05-23T05:45:18.569994Z","2026-05-23T05:45:22.300539Z",1779515118.56999,1779515122.30054,0.000623,0.000697,0.000719,3.718089,3.718203,3.71737,0.000113999999999947,3.7105,0.0200448055267333
"2026-05-23T05:45:22.421Z","run_bootstrap",171,"http://client3:8000","run","http://client3:8000/run",1,TRUE,200,1109,252,3.66408634185791,"2026-05-23T05:45:18.569613Z","2026-05-23T05:45:22.233700Z",1779515118.56961,1779515122.2337,0.000629,0.000698,0.000719,3.651225,3.651359,3.650506,0.000133999999999634,3.6437,0.0203863418579102
"2026-05-23T05:45:26.100Z","run_bootstrap",172,"http://client1:8000","run","http://client1:8000/run",1,TRUE,200,1109,254,3.41211152076721,"2026-05-23T05:45:22.434745Z","2026-05-23T05:45:25.846856Z",1779515122.43475,1779515125.84686,0.000641,0.000758,0.000797,3.391779,3.391875,3.390982,9.6000000000096e-05,3.3842,0.027911520767212
"2026-05-23T05:45:26.100Z","run_bootstrap",172,"http://client2:8000","run","http://client2:8000/run",1,TRUE,200,1109,252,3.62291836738586,"2026-05-23T05:45:22.435174Z","2026-05-23T05:45:26.058092Z",1779515122.43517,1779515126.05809,0.000411,5e-04,0.000538,3.602351,3.602513,3.601813,0.000161999999999995,3.5937,0.0292183673858641
"2026-05-23T05:45:26.100Z","run_bootstrap",172,"http://client3:8000","run","http://client3:8000/run",1,TRUE,200,1109,252,3.65984201431274,"2026-05-23T05:45:22.435222Z","2026-05-23T05:45:26.095064Z",1779515122.43522,1779515126.09506,0.000543,0.000654,0.000705,3.646094,3.646232,3.645389,0.000137999999999749,3.6388,0.0210420143127443
"2026-05-23T05:45:29.957Z","run_bootstrap",173,"http://client1:8000","run","http://client1:8000/run",1,TRUE,200,1109,252,3.63963007926941,"2026-05-23T05:45:26.112593Z","2026-05-23T05:45:29.752223Z",1779515126.11259,1779515129.75222,0.000688,0.000761,0.000814,3.61944,3.619581,3.618626,0.000141000000000169,3.612,0.0276300792694091
"2026-05-23T05:45:29.957Z","run_bootstrap",173,"http://client2:8000","run","http://client2:8000/run",1,TRUE,200,1109,253,3.83959031105042,"2026-05-23T05:45:26.113147Z","2026-05-23T05:45:29.952738Z",1779515126.11315,1779515129.95274,0.000797,0.000905,0.000941,3.81821,3.818353,3.817269,0.000143000000000004,3.8109,0.0286903110504149
"2026-05-23T05:45:29.957Z","run_bootstrap",173,"http://client3:8000","run","http://client3:8000/run",1,TRUE,200,1109,252,3.79934096336365,"2026-05-23T05:45:26.113799Z","2026-05-23T05:45:29.913140Z",1779515126.1138,1779515129.91314,0.000613,0.000713,0.00077,3.780483,3.780589,3.779713,0.000106000000000162,3.773,0.0263409633636473
"2026-05-23T05:45:33.811Z","run_bootstrap",174,"http://client1:8000","run","http://client1:8000/run",1,TRUE,200,1109,253,3.6661639213562,"2026-05-23T05:45:29.972565Z","2026-05-23T05:45:33.638729Z",1779515129.97257,1779515133.63873,0.000578,0.000705,0.000756,3.65061,3.650753,3.649854,0.000143000000000004,3.6419,0.024263921356201
"2026-05-23T05:45:33.811Z","run_bootstrap",174,"http://client2:8000","run","http://client2:8000/run",1,TRUE,200,1109,253,3.53809976577759,"2026-05-23T05:45:29.973136Z","2026-05-23T05:45:33.511236Z",1779515129.97314,1779515133.51124,0.000628,0.000724,0.000771,3.522307,3.522449,3.521536,0.000141999999999864,3.5128,0.025299765777588
"2026-05-23T05:45:33.811Z","run_bootstrap",174,"http://client3:8000","run","http://client3:8000/run",1,TRUE,200,1109,252,3.83164882659912,"2026-05-23T05:45:29.972414Z","2026-05-23T05:45:33.804063Z",1779515129.97241,1779515133.80406,0.000776,0.000881,0.000921,3.816779,3.816925,3.815858,0.000145999999999979,3.808,0.0236488265991213
"2026-05-23T05:45:37.684Z","run_bootstrap",175,"http://client1:8000","run","http://client1:8000/run",1,TRUE,200,1109,253,3.76959013938904,"2026-05-23T05:45:33.828969Z","2026-05-23T05:45:37.598559Z",1779515133.82897,1779515137.59856,0.000752,0.000851,0.000878,3.74567,3.745725,3.744792,5.50000000001383e-05,3.7366,0.0329901393890379
"2026-05-23T05:45:37.684Z","run_bootstrap",175,"http://client2:8000","run","http://client2:8000/run",1,TRUE,200,1109,251,3.65888857841492,"2026-05-23T05:45:33.829487Z","2026-05-23T05:45:37.488376Z",1779515133.82949,1779515137.48838,0.000614,0.000687,0.000722,3.631392,3.631448,3.63067,5.5999999999834e-05,3.6245,0.0343885784149172
"2026-05-23T05:45:37.684Z","run_bootstrap",175,"http://client3:8000","run","http://client3:8000/run",1,TRUE,200,1109,253,3.85064816474915,"2026-05-23T05:45:33.829858Z","2026-05-23T05:45:37.680506Z",1779515133.82986,1779515137.68051,0.00049,0.000568,0.000604,3.825298,3.825331,3.824694,3.29999999997277e-05,3.8171,0.0335481647491456
"2026-05-23T05:45:41.647Z","run_bootstrap",176,"http://client1:8000","run","http://client1:8000/run",1,TRUE,200,1109,253,3.73533415794373,"2026-05-23T05:45:37.699373Z","2026-05-23T05:45:41.434707Z",1779515137.69937,1779515141.43471,0.000596,0.000711,0.00075,3.721836,3.721961,3.721086,0.000124999999999709,3.6997,0.0356341579437256
"2026-05-23T05:45:41.647Z","run_bootstrap",176,"http://client2:8000","run","http://client2:8000/run",1,TRUE,200,1109,251,3.68305277824402,"2026-05-23T05:45:37.700594Z","2026-05-23T05:45:41.383646Z",1779515137.70059,1779515141.38365,0.000619,0.000724,0.000767,3.66204,3.662185,3.661273,0.00014499999999984,3.6549,0.0281527782440185
"2026-05-23T05:45:41.647Z","run_bootstrap",176,"http://client3:8000","run","http://client3:8000/run",1,TRUE,200,1109,253,3.94165325164795,"2026-05-23T05:45:37.701026Z","2026-05-23T05:45:41.642679Z",1779515137.70103,1779515141.64268,0.000631,0.000718,0.000755,3.921142,3.921296,3.920387,0.000153999999999765,3.9141,0.0275532516479493
"2026-05-23T05:45:45.526Z","run_bootstrap",177,"http://client1:8000","run","http://client1:8000/run",1,TRUE,200,1108,254,3.56615829467773,"2026-05-23T05:45:41.657748Z","2026-05-23T05:45:45.223906Z",1779515141.65775,1779515145.22391,0.000724,0.000844,0.000884,3.552209,3.552331,3.551325,0.000122000000000178,3.5436,0.0225582946777343
"2026-05-23T05:45:45.526Z","run_bootstrap",177,"http://client2:8000","run","http://client2:8000/run",1,TRUE,200,1108,252,3.77080965042114,"2026-05-23T05:45:41.659967Z","2026-05-23T05:45:45.430777Z",1779515141.65997,1779515145.43078,0.00051,6e-04,0.000622,3.755846,3.756038,3.755224,0.000192000000000192,3.748,0.0228096504211424
"2026-05-23T05:45:45.526Z","run_bootstrap",177,"http://client3:8000","run","http://client3:8000/run",1,TRUE,200,1108,254,3.86116003990173,"2026-05-23T05:45:41.660380Z","2026-05-23T05:45:45.521540Z",1779515141.66038,1779515145.52154,0.000747,0.000809,0.000829,3.846673,3.846812,3.845844,0.000138999999999889,3.8388,0.0223600399017334
"2026-05-23T05:45:49.370Z","run_bootstrap",178,"http://client1:8000","run","http://client1:8000/run",1,TRUE,200,1108,254,3.82506728172302,"2026-05-23T05:45:45.541148Z","2026-05-23T05:45:49.366215Z",1779515145.54115,1779515149.36622,0.00064,0.000759,0.000803,3.811119,3.811251,3.810316,0.000131999999999799,3.8033,0.0217672817230223
"2026-05-23T05:45:49.370Z","run_bootstrap",178,"http://client2:8000","run","http://client2:8000/run",1,TRUE,200,1108,253,3.66338586807251,"2026-05-23T05:45:45.543230Z","2026-05-23T05:45:49.206616Z",1779515145.54323,1779515149.20662,0.000442,0.000561,0.000599,3.642897,3.643046,3.642298,0.000148999999999955,3.6353,0.0280858680725098
"2026-05-23T05:45:49.370Z","run_bootstrap",178,"http://client3:8000","run","http://client3:8000/run",1,TRUE,200,1108,254,3.74972414970398,"2026-05-23T05:45:45.542873Z","2026-05-23T05:45:49.292598Z",1779515145.54287,1779515149.2926,0.000494,0.000598,0.000635,3.735752,3.735914,3.735117,0.000161999999999995,3.7284,0.0213241497039793
"2026-05-23T05:45:53.411Z","run_bootstrap",179,"http://client1:8000","run","http://client1:8000/run",1,TRUE,200,1108,255,3.72535419464111,"2026-05-23T05:45:49.429592Z","2026-05-23T05:45:53.154946Z",1779515149.42959,1779515153.15495,0.000812,0.00093,0.000964,3.711703,3.711851,3.710739,0.000147999999999815,3.7017,0.0236541946411131
"2026-05-23T05:45:53.411Z","run_bootstrap",179,"http://client2:8000","run","http://client2:8000/run",1,TRUE,200,1108,255,3.7242534160614,"2026-05-23T05:45:49.431349Z","2026-05-23T05:45:53.155603Z",1779515149.43135,1779515153.1556,0.00058,0.000672,0.000705,3.711396,3.711483,3.710691,8.69999999997262e-05,3.7004,0.0238534160614012
"2026-05-23T05:45:53.411Z","run_bootstrap",179,"http://client3:8000","run","http://client3:8000/run",1,TRUE,200,1108,254,3.97494792938232,"2026-05-23T05:45:49.432291Z","2026-05-23T05:45:53.407239Z",1779515149.43229,1779515153.40724,0.000488,0.000569,0.000601,3.962074,3.962204,3.961473,0.000129999999999963,3.9538,0.021147929382324
"2026-05-23T05:45:57.612Z","run_bootstrap",180,"http://client1:8000","run","http://client1:8000/run",1,TRUE,200,1108,255,3.87604165077209,"2026-05-23T05:45:53.423361Z","2026-05-23T05:45:57.299402Z",1779515153.42336,1779515157.2994,0.000595,0.000703,0.000738,3.862893,3.863036,3.862155,0.000143000000000004,3.7118,0.164241650772095
"2026-05-23T05:45:57.612Z","run_bootstrap",180,"http://client2:8000","run","http://client2:8000/run",1,TRUE,200,1108,255,3.7438850402832,"2026-05-23T05:45:53.425720Z","2026-05-23T05:45:57.169605Z",1779515153.42572,1779515157.16961,0.000699,0.000812,0.000848,3.72928,3.72937,3.728432,8.99999999997014e-05,3.5728,0.171085040283203
"2026-05-23T05:45:57.612Z","run_bootstrap",180,"http://client3:8000","run","http://client3:8000/run",1,TRUE,200,1108,254,4.18219304084778,"2026-05-23T05:45:53.426059Z","2026-05-23T05:45:57.608252Z",1779515153.42606,1779515157.60825,0.000786,0.000899,0.000935,4.162567,4.16271,4.161632,0.00014299999999956,4.0039,0.178293040847779
"2026-05-23T05:46:01.453Z","run_bootstrap",181,"http://client1:8000","run","http://client1:8000/run",1,TRUE,200,1109,265,3.82426691055298,"2026-05-23T05:45:57.623713Z","2026-05-23T05:46:01.447980Z",1779515157.62371,1779515161.44798,0.000622,0.000724,0.000759,3.81041,3.810547,3.809651,0.000137000000000054,3.8034,0.0208669105529786
"2026-05-23T05:46:01.453Z","run_bootstrap",181,"http://client2:8000","run","http://client2:8000/run",1,TRUE,200,1109,263,3.62756109237671,"2026-05-23T05:45:57.625614Z","2026-05-23T05:46:01.253175Z",1779515157.62561,1779515161.25318,0.00063,0.000743,0.000778,3.609854,3.610013,3.609076,0.00015900000000002,3.6025,0.0250610923767089
"2026-05-23T05:46:01.453Z","run_bootstrap",181,"http://client3:8000","run","http://client3:8000/run",1,TRUE,200,1109,262,3.53327298164368,"2026-05-23T05:45:57.626012Z","2026-05-23T05:46:01.159285Z",1779515157.62601,1779515161.15929,0.000661,0.000778,0.000814,3.512598,3.512751,3.511784,0.00015300000000007,3.5061,0.0271729816436768
"2026-05-23T05:46:05.344Z","run_bootstrap",182,"http://client1:8000","run","http://client1:8000/run",1,TRUE,200,1109,263,3.87175869941711,"2026-05-23T05:46:01.465684Z","2026-05-23T05:46:05.337443Z",1779515161.46568,1779515165.33744,0.000631,0.000734,0.00077,3.857702,3.857817,3.856932,0.000114999999999643,3.85,0.0217586994171142
"2026-05-23T05:46:05.344Z","run_bootstrap",182,"http://client2:8000","run","http://client2:8000/run",1,TRUE,200,1109,263,3.56415581703186,"2026-05-23T05:46:01.467238Z","2026-05-23T05:46:05.031394Z",1779515161.46724,1779515165.03139,0.000579,0.000671,0.000705,3.551179,3.55133,3.550474,0.000151000000000234,3.5445,0.0196558170318601
"2026-05-23T05:46:05.344Z","run_bootstrap",182,"http://client3:8000","run","http://client3:8000/run",1,TRUE,200,1109,262,3.62568330764771,"2026-05-23T05:46:01.467875Z","2026-05-23T05:46:05.093559Z",1779515161.46788,1779515165.09356,0.000506,0.000565,0.000585,3.612415,3.612557,3.61183,0.000141999999999864,3.6057,0.019983307647705
"2026-05-23T05:46:08.927Z","run_bootstrap",183,"http://client1:8000","run","http://client1:8000/run",1,TRUE,200,1109,256,3.56673550605774,"2026-05-23T05:46:05.356045Z","2026-05-23T05:46:08.922781Z",1779515165.35605,1779515168.92278,0.000679,0.000783,0.000818,3.55249,3.552624,3.551672,0.000133999999999634,3.5447,0.0220355060577391
"2026-05-23T05:46:08.927Z","run_bootstrap",183,"http://client2:8000","run","http://client2:8000/run",1,TRUE,200,1109,256,3.43185114860535,"2026-05-23T05:46:05.357929Z","2026-05-23T05:46:08.789780Z",1779515165.35793,1779515168.78978,0.00039,0.000473,0.000509,3.417806,3.417949,3.417297,0.000143000000000004,3.4106,0.0212511486053466
"2026-05-23T05:46:08.927Z","run_bootstrap",183,"http://client3:8000","run","http://client3:8000/run",1,TRUE,200,1109,250,3.53983664512634,"2026-05-23T05:46:05.358164Z","2026-05-23T05:46:08.898001Z",1779515165.35816,1779515168.898,0.00053,0.000611,0.000644,3.525858,3.526006,3.525214,0.000148000000000259,3.517,0.0228366451263429
"2026-05-23T05:46:12.544Z","run_bootstrap",184,"http://client1:8000","run","http://client1:8000/run",1,TRUE,200,1109,256,3.53089761734009,"2026-05-23T05:46:08.939542Z","2026-05-23T05:46:12.470440Z",1779515168.93954,1779515172.47044,0.00064,0.000746,0.000781,3.511979,3.512015,3.511198,3.59999999997029e-05,3.5047,0.0261976173400877
"2026-05-23T05:46:12.544Z","run_bootstrap",184,"http://client2:8000","run","http://client2:8000/run",1,TRUE,200,1109,256,3.59671688079834,"2026-05-23T05:46:08.942113Z","2026-05-23T05:46:12.538830Z",1779515168.94211,1779515172.53883,0.000627,0.000657,0.00067,3.577793,3.577837,3.577123,4.40000000003771e-05,3.5706,0.0261168807983396
"2026-05-23T05:46:12.544Z","run_bootstrap",184,"http://client3:8000","run","http://client3:8000/run",1,TRUE,200,1109,250,3.52942609786987,"2026-05-23T05:46:08.942154Z","2026-05-23T05:46:12.471580Z",1779515168.94215,1779515172.47158,0.000508,0.000595,0.000618,3.511255,3.511312,3.510637,5.70000000004178e-05,3.504,0.025426097869873
"2026-05-23T05:46:16.171Z","run_bootstrap",185,"http://client1:8000","run","http://client1:8000/run",1,TRUE,200,1108,257,3.60783267021179,"2026-05-23T05:46:12.558819Z","2026-05-23T05:46:16.166651Z",1779515172.55882,1779515176.16665,0.000659,0.000772,0.000809,3.591711,3.59184,3.590902,0.000128999999999824,3.5844,0.023432670211792
"2026-05-23T05:46:16.171Z","run_bootstrap",185,"http://client2:8000","run","http://client2:8000/run",1,TRUE,200,1108,256,3.5426778793335,"2026-05-23T05:46:12.559312Z","2026-05-23T05:46:16.101989Z",1779515172.55931,1779515176.10199,0.000664,0.000776,0.000814,3.525616,3.525764,3.524802,0.000148000000000259,3.5183,0.0243778793334961
"2026-05-23T05:46:16.171Z","run_bootstrap",185,"http://client3:8000","run","http://client3:8000/run",1,TRUE,200,1108,254,3.53024172782898,"2026-05-23T05:46:12.558717Z","2026-05-23T05:46:16.088959Z",1779515172.55872,1779515176.08896,0.000706,0.000811,0.000846,3.516488,3.516609,3.515642,0.000121000000000038,3.5092,0.0210417278289796
"2026-05-23T05:46:19.961Z","run_bootstrap",186,"http://client1:8000","run","http://client1:8000/run",1,TRUE,200,1108,257,3.77309393882751,"2026-05-23T05:46:16.184037Z","2026-05-23T05:46:19.957131Z",1779515176.18404,1779515179.95713,0.000608,0.000794,0.000816,3.758998,3.759153,3.758182,0.000154999999999905,3.7516,0.0214939388275148
"2026-05-23T05:46:19.961Z","run_bootstrap",186,"http://client2:8000","run","http://client2:8000/run",1,TRUE,200,1108,256,3.75762915611267,"2026-05-23T05:46:16.183564Z","2026-05-23T05:46:19.941193Z",1779515176.18356,1779515179.94119,0.000698,0.000803,0.00084,3.744444,3.744584,3.743604,0.000140000000000029,3.7365,0.021129156112671
"2026-05-23T05:46:19.961Z","run_bootstrap",186,"http://client3:8000","run","http://client3:8000/run",1,TRUE,200,1108,254,3.43213558197021,"2026-05-23T05:46:16.185205Z","2026-05-23T05:46:19.617340Z",1779515176.18521,1779515179.61734,0.000439,0.000573,0.000612,3.418987,3.41912,3.418375,0.000132999999999939,3.4119,0.0202355819702147
"2026-05-23T05:46:23.602Z","run_bootstrap",187,"http://client1:8000","run","http://client1:8000/run",1,TRUE,200,1108,256,3.38793039321899,"2026-05-23T05:46:19.973658Z","2026-05-23T05:46:23.361588Z",1779515179.97366,1779515183.36159,0.000571,0.000663,0.000693,3.369673,3.369826,3.36898,0.00015300000000007,3.3615,0.0264303932189942
"2026-05-23T05:46:23.602Z","run_bootstrap",187,"http://client2:8000","run","http://client2:8000/run",1,TRUE,200,1108,253,3.57900762557983,"2026-05-23T05:46:19.974364Z","2026-05-23T05:46:23.553371Z",1779515179.97436,1779515183.55337,0.000452,0.000529,0.00055,3.56227,3.562407,3.56172,0.000137000000000054,3.555,0.0240076255798338
"2026-05-23T05:46:23.602Z","run_bootstrap",187,"http://client3:8000","run","http://client3:8000/run",1,TRUE,200,1108,254,3.62230062484741,"2026-05-23T05:46:19.974966Z","2026-05-23T05:46:23.597266Z",1779515179.97497,1779515183.59727,0.000446,0.000523,0.00057,3.602205,3.602345,3.601635,0.000140000000000029,3.5953,0.0270006248474122
"2026-05-23T05:46:27.447Z","run_bootstrap",188,"http://client1:8000","run","http://client1:8000/run",1,TRUE,200,1108,256,3.61636519432068,"2026-05-23T05:46:23.615020Z","2026-05-23T05:46:27.231385Z",1779515183.61502,1779515187.23139,0.000367,0.000449,0.000472,3.598468,3.5986,3.597996,0.000131999999999799,3.5905,0.0258651943206787
"2026-05-23T05:46:27.447Z","run_bootstrap",188,"http://client2:8000","run","http://client2:8000/run",1,TRUE,200,1108,254,3.82763814926147,"2026-05-23T05:46:23.615557Z","2026-05-23T05:46:27.443195Z",1779515183.61556,1779515187.4432,0.000509,0.000589,0.000621,3.811034,3.811176,3.810413,0.000142000000000309,3.8042,0.0234381492614748
"2026-05-23T05:46:27.447Z","run_bootstrap",188,"http://client3:8000","run","http://client3:8000/run",1,TRUE,200,1108,254,3.56233215332031,"2026-05-23T05:46:23.614913Z","2026-05-23T05:46:27.177245Z",1779515183.61491,1779515187.17725,0.000775,0.000891,0.000925,3.547875,3.548024,3.54695,0.000148999999999955,3.5402,0.0221321533203125
"2026-05-23T05:46:31.178Z","run_bootstrap",189,"http://client1:8000","run","http://client1:8000/run",1,TRUE,200,1108,255,3.71323990821838,"2026-05-23T05:46:27.459994Z","2026-05-23T05:46:31.173234Z",1779515187.45999,1779515191.17323,0.000807,0.000873,0.000895,3.699396,3.699516,3.698501,0.000119999999999898,3.6917,0.0215399082183838
"2026-05-23T05:46:31.178Z","run_bootstrap",189,"http://client2:8000","run","http://client2:8000/run",1,TRUE,200,1108,254,3.67693948745728,"2026-05-23T05:46:27.460527Z","2026-05-23T05:46:31.137467Z",1779515187.46053,1779515191.13747,0.000537,0.000612,0.000644,3.658358,3.658494,3.657714,0.000135999999999914,3.6516,0.0253394874572752
"2026-05-23T05:46:31.178Z","run_bootstrap",189,"http://client3:8000","run","http://client3:8000/run",1,TRUE,200,1108,254,3.59260034561157,"2026-05-23T05:46:27.459828Z","2026-05-23T05:46:31.052429Z",1779515187.45983,1779515191.05243,0.000669,0.000775,0.000816,3.577726,3.577861,3.57691,0.000134999999999774,3.5702,0.0224003456115724
"2026-05-23T05:46:34.891Z","run_bootstrap",190,"http://client1:8000","run","http://client1:8000/run",1,TRUE,200,1108,255,3.66355109214783,"2026-05-23T05:46:31.196549Z","2026-05-23T05:46:34.860100Z",1779515191.19655,1779515194.8601,0.000387,0.000464,0.000486,3.652349,3.652458,3.651863,0.000109000000000137,3.6456,0.0179510921478272
"2026-05-23T05:46:34.891Z","run_bootstrap",190,"http://client2:8000","run","http://client2:8000/run",1,TRUE,200,1108,253,3.69059944152832,"2026-05-23T05:46:31.196965Z","2026-05-23T05:46:34.887564Z",1779515191.19697,1779515194.88756,0.000505,0.000567,0.000585,3.679781,3.679915,3.679196,0.000133999999999634,3.673,0.0175994415283203
"2026-05-23T05:46:34.891Z","run_bootstrap",190,"http://client3:8000","run","http://client3:8000/run",1,TRUE,200,1108,254,3.62024259567261,"2026-05-23T05:46:31.196965Z","2026-05-23T05:46:34.817208Z",1779515191.19697,1779515194.81721,0.000464,0.00055,0.000583,3.60859,3.608755,3.608007,0.000164999999999971,3.6021,0.0181425956726073
"2026-05-23T05:46:38.650Z","run_bootstrap",191,"http://client1:8000","run","http://client1:8000/run",1,TRUE,200,1108,253,3.7386429309845,"2026-05-23T05:46:34.904635Z","2026-05-23T05:46:38.643278Z",1779515194.90464,1779515198.64328,0.000743,0.000848,0.000882,3.724757,3.724901,3.723875,0.000144000000000144,3.717,0.021642930984497
"2026-05-23T05:46:38.650Z","run_bootstrap",191,"http://client2:8000","run","http://client2:8000/run",1,TRUE,200,1108,253,3.68185114860535,"2026-05-23T05:46:34.906851Z","2026-05-23T05:46:38.588702Z",1779515194.90685,1779515198.5887,0.000497,0.000605,0.00064,3.668851,3.668993,3.668211,0.000141999999999864,3.661,0.0208511486053466
"2026-05-23T05:46:38.650Z","run_bootstrap",191,"http://client3:8000","run","http://client3:8000/run",1,TRUE,200,1108,255,3.55637884140015,"2026-05-23T05:46:34.907547Z","2026-05-23T05:46:38.463926Z",1779515194.90755,1779515198.46393,0.000507,0.000604,0.000639,3.539435,3.539733,3.538796,0.000297999999999909,3.5326,0.0237788414001465
"2026-05-23T05:46:42.586Z","run_bootstrap",192,"http://client1:8000","run","http://client1:8000/run",1,TRUE,200,1108,254,3.50100588798523,"2026-05-23T05:46:38.663383Z","2026-05-23T05:46:42.164389Z",1779515198.66338,1779515202.16439,0.000488,0.000578,0.000618,3.479368,3.479524,3.47875,0.000156000000000045,3.4685,0.0325058879852294
"2026-05-23T05:46:42.586Z","run_bootstrap",192,"http://client2:8000","run","http://client2:8000/run",1,TRUE,200,1108,253,3.61087775230408,"2026-05-23T05:46:38.663888Z","2026-05-23T05:46:42.274766Z",1779515198.66389,1779515202.27477,0.000706,0.000834,0.000871,3.593714,3.593851,3.592843,0.000137000000000054,3.585,0.0258777523040772
"2026-05-23T05:46:42.586Z","run_bootstrap",192,"http://client3:8000","run","http://client3:8000/run",1,TRUE,200,1108,255,3.91472029685974,"2026-05-23T05:46:38.664397Z","2026-05-23T05:46:42.579117Z",1779515198.6644,1779515202.57912,0.000465,0.000555,0.000592,3.894067,3.894211,3.893475,0.0001439999999997,3.8851,0.0296202968597412
"2026-05-23T05:46:46.418Z","run_bootstrap",193,"http://client1:8000","run","http://client1:8000/run",1,TRUE,200,1108,253,3.55263876914978,"2026-05-23T05:46:42.602634Z","2026-05-23T05:46:46.155272Z",1779515202.60263,1779515206.15527,0.000676,0.000788,0.000822,3.53864,3.538731,3.537818,9.09999999998412e-05,3.5295,0.0231387691497802
"2026-05-23T05:46:46.418Z","run_bootstrap",193,"http://client2:8000","run","http://client2:8000/run",1,TRUE,200,1108,255,3.50843667984009,"2026-05-23T05:46:42.604422Z","2026-05-23T05:46:46.112858Z",1779515202.60442,1779515206.11286,0.000542,0.000661,0.000702,3.486058,3.486273,3.485356,0.000215000000000298,3.4751,0.033336679840088
"2026-05-23T05:46:46.418Z","run_bootstrap",193,"http://client3:8000","run","http://client3:8000/run",1,TRUE,200,1108,253,3.80933618545532,"2026-05-23T05:46:42.604760Z","2026-05-23T05:46:46.414096Z",1779515202.60476,1779515206.4141,0.000616,0.000687,0.00072,3.788246,3.788374,3.787526,0.000128000000000128,3.7796,0.0297361854553224
"2026-05-23T05:46:50.343Z","run_bootstrap",194,"http://client1:8000","run","http://client1:8000/run",1,TRUE,200,1108,253,3.8331515789032,"2026-05-23T05:46:46.431507Z","2026-05-23T05:46:50.264659Z",1779515206.43151,1779515210.26466,0.000769,0.000842,0.000874,3.817054,3.817171,3.81618,0.000116999999999923,3.8063,0.0268515789031984
"2026-05-23T05:46:50.343Z","run_bootstrap",194,"http://client2:8000","run","http://client2:8000/run",1,TRUE,200,1108,255,3.90351438522339,"2026-05-23T05:46:46.432274Z","2026-05-23T05:46:50.335788Z",1779515206.43227,1779515210.33579,0.000531,0.000611,0.000644,3.886226,3.886334,3.885582,0.000107999999999997,3.8773,0.0262143852233887
"2026-05-23T05:46:50.343Z","run_bootstrap",194,"http://client3:8000","run","http://client3:8000/run",1,TRUE,200,1108,253,3.5982711315155,"2026-05-23T05:46:46.432895Z","2026-05-23T05:46:50.031166Z",1779515206.4329,1779515210.03117,0.000479,0.000558,0.000589,3.581604,3.581715,3.581015,0.000110999999999972,3.5737,0.0245711315155028
"2026-05-23T05:46:54.276Z","run_bootstrap",195,"http://client1:8000","run","http://client1:8000/run",1,TRUE,200,1104,254,3.91555261611938,"2026-05-23T05:46:50.357293Z","2026-05-23T05:46:54.272846Z",1779515210.35729,1779515214.27285,0.000826,0.000907,0.00093,3.896386,3.89641,3.895456,2.3999999999802e-05,3.8862,0.0293526161193847
"2026-05-23T05:46:54.276Z","run_bootstrap",195,"http://client2:8000","run","http://client2:8000/run",1,TRUE,200,1104,255,3.69071102142334,"2026-05-23T05:46:50.357697Z","2026-05-23T05:46:54.048408Z",1779515210.3577,1779515214.04841,0.000681,0.000795,0.000832,3.662883,3.662914,3.662051,3.09999999998922e-05,3.6554,0.0353110214233396
"2026-05-23T05:46:54.276Z","run_bootstrap",195,"http://client3:8000","run","http://client3:8000/run",1,TRUE,200,1104,253,3.87504553794861,"2026-05-23T05:46:50.357976Z","2026-05-23T05:46:54.233022Z",1779515210.35798,1779515214.23302,0.000656,0.000755,0.000791,3.847616,3.847656,3.846825,4.0000000000262e-05,3.8403,0.0347455379486084
"2026-05-23T05:46:58.192Z","run_bootstrap",196,"http://client1:8000","run","http://client1:8000/run",1,TRUE,200,1104,254,3.71061158180237,"2026-05-23T05:46:54.291843Z","2026-05-23T05:46:58.002455Z",1779515214.29184,1779515218.00246,0.000627,0.000731,0.000765,3.696695,3.696816,3.69593,0.000121000000000038,3.6871,0.0235115818023681
"2026-05-23T05:46:58.192Z","run_bootstrap",196,"http://client2:8000","run","http://client2:8000/run",1,TRUE,200,1104,255,3.89384055137634,"2026-05-23T05:46:54.293760Z","2026-05-23T05:46:58.187600Z",1779515214.29376,1779515218.1876,0.000514,0.000598,0.000621,3.879954,3.880078,3.879333,0.000124000000000013,3.8727,0.0211405513763427
"2026-05-23T05:46:58.192Z","run_bootstrap",196,"http://client3:8000","run","http://client3:8000/run",1,TRUE,200,1104,253,3.70498704910278,"2026-05-23T05:46:54.294140Z","2026-05-23T05:46:57.999127Z",1779515214.29414,1779515217.99913,0.000667,0.000749,0.000781,3.691688,3.691823,3.690907,0.000134999999999774,3.6845,0.0204870491027833
"2026-05-23T05:47:02.131Z","run_bootstrap",197,"http://client1:8000","run","http://client1:8000/run",1,TRUE,200,1109,257,3.91856074333191,"2026-05-23T05:46:58.205662Z","2026-05-23T05:47:02.124222Z",1779515218.20566,1779515222.12422,0.000688,0.000791,0.000825,3.904968,3.905062,3.904143,9.39999999998165e-05,3.8972,0.021360743331909
"2026-05-23T05:47:02.131Z","run_bootstrap",197,"http://client2:8000","run","http://client2:8000/run",1,TRUE,200,1109,255,3.68775033950806,"2026-05-23T05:46:58.207601Z","2026-05-23T05:47:01.895352Z",1779515218.2076,1779515221.89535,0.000717,0.000825,0.000859,3.674243,3.674389,3.673384,0.000145999999999979,3.6658,0.0219503395080567
"2026-05-23T05:47:02.131Z","run_bootstrap",197,"http://client3:8000","run","http://client3:8000/run",1,TRUE,200,1109,251,3.62469267845154,"2026-05-23T05:46:58.208720Z","2026-05-23T05:47:01.833413Z",1779515218.20872,1779515221.83341,0.000755,0.000871,0.000909,3.60431,3.60448,3.603401,0.000170000000000226,3.5953,0.0293926784515381
"2026-05-23T05:47:06.099Z","run_bootstrap",198,"http://client1:8000","run","http://client1:8000/run",1,TRUE,200,1109,257,3.79326725006104,"2026-05-23T05:47:02.142602Z","2026-05-23T05:47:05.935869Z",1779515222.1426,1779515225.93587,0.000599,0.000701,0.000736,3.779401,3.779541,3.778665,0.000140000000000029,3.7665,0.026767250061035
"2026-05-23T05:47:06.099Z","run_bootstrap",198,"http://client2:8000","run","http://client2:8000/run",1,TRUE,200,1109,255,3.74421525001526,"2026-05-23T05:47:02.144843Z","2026-05-23T05:47:05.889059Z",1779515222.14484,1779515225.88906,0.000563,0.000634,0.000666,3.726644,3.726798,3.725978,0.00015400000000021,3.7084,0.0358152500152586
"2026-05-23T05:47:06.099Z","run_bootstrap",198,"http://client3:8000","run","http://client3:8000/run",1,TRUE,200,1109,251,3.94974851608276,"2026-05-23T05:47:02.145325Z","2026-05-23T05:47:06.095073Z",1779515222.14533,1779515226.09507,0.000526,0.000593,0.000614,3.933375,3.933502,3.932761,0.000126999999999988,3.9212,0.0285485160827639
"2026-05-23T05:47:09.945Z","run_bootstrap",199,"http://client1:8000","run","http://client1:8000/run",1,TRUE,200,1109,255,3.81803679466248,"2026-05-23T05:47:06.111719Z","2026-05-23T05:47:09.929756Z",1779515226.11172,1779515229.92976,0.000517,0.000606,0.000642,3.799657,3.799744,3.799015,8.70000000001703e-05,3.7896,0.0284367946624755
"2026-05-23T05:47:09.945Z","run_bootstrap",199,"http://client2:8000","run","http://client2:8000/run",1,TRUE,200,1109,254,3.78578782081604,"2026-05-23T05:47:06.112057Z","2026-05-23T05:47:09.897845Z",1779515226.11206,1779515229.89785,0.000726,0.000804,0.000826,3.77229,3.772416,3.771464,0.000126000000000293,3.7502,0.0355878208160401
"2026-05-23T05:47:09.945Z","run_bootstrap",199,"http://client3:8000","run","http://client3:8000/run",1,TRUE,200,1109,252,3.82892560958862,"2026-05-23T05:47:06.111732Z","2026-05-23T05:47:09.940658Z",1779515226.11173,1779515229.94066,0.000762,0.000848,0.00088,3.815142,3.815272,3.814262,0.000130000000000408,3.7912,0.0377256095886231
"2026-05-23T05:47:14.158Z","run_bootstrap",200,"http://client1:8000","run","http://client1:8000/run",1,TRUE,200,1109,254,4.19650602340698,"2026-05-23T05:47:09.956739Z","2026-05-23T05:47:14.153245Z",1779515229.95674,1779515234.15325,0.000399,0.000476,0.000498,4.181915,4.18204,4.181417,0.000124999999999709,4.008,0.188506023406982
"2026-05-23T05:47:14.158Z","run_bootstrap",200,"http://client2:8000","run","http://client2:8000/run",1,TRUE,200,1109,254,3.88527798652649,"2026-05-23T05:47:09.957849Z","2026-05-23T05:47:13.843127Z",1779515229.95785,1779515233.84313,0.000567,0.000598,0.000615,3.871165,3.871305,3.87055,0.000140000000000029,3.7071,0.178177986526489
"2026-05-23T05:47:14.158Z","run_bootstrap",200,"http://client3:8000","run","http://client3:8000/run",1,TRUE,200,1109,252,3.96893620491028,"2026-05-23T05:47:09.959118Z","2026-05-23T05:47:13.928054Z",1779515229.95912,1779515233.92805,0.00044,0.000518,0.00055,3.955715,3.955858,3.955165,0.000143000000000004,3.7835,0.185436204910278
"2026-05-23T05:47:17.710Z","run_bootstrap",201,"http://client1:8000","run","http://client1:8000/run",1,TRUE,200,1108,256,3.47171688079834,"2026-05-23T05:47:14.178066Z","2026-05-23T05:47:17.649782Z",1779515234.17807,1779515237.64978,0.000479,0.000566,0.000598,3.449231,3.449383,3.448633,0.00015199999999993,3.4423,0.0294168807983399
"2026-05-23T05:47:17.710Z","run_bootstrap",201,"http://client2:8000","run","http://client2:8000/run",1,TRUE,200,1108,254,3.52568984031677,"2026-05-23T05:47:14.178795Z","2026-05-23T05:47:17.704485Z",1779515234.1788,1779515237.70449,0.000519,0.000603,0.000634,3.503771,3.503895,3.503137,0.000124000000000013,3.4968,0.0288898403167726
"2026-05-23T05:47:17.710Z","run_bootstrap",201,"http://client3:8000","run","http://client3:8000/run",1,TRUE,200,1108,253,3.40798497200012,"2026-05-23T05:47:14.179079Z","2026-05-23T05:47:17.587064Z",1779515234.17908,1779515237.58706,0.000759,0.000849,0.000874,3.390896,3.391036,3.390022,0.000140000000000029,3.3806,0.0273849720001222
"2026-05-23T05:47:21.496Z","run_bootstrap",202,"http://client1:8000","run","http://client1:8000/run",1,TRUE,200,1108,256,3.55999684333801,"2026-05-23T05:47:17.724388Z","2026-05-23T05:47:21.284385Z",1779515237.72439,1779515241.28439,0.000648,0.000747,0.000781,3.54589,3.546039,3.545109,0.000148999999999955,3.5385,0.0214968433380127
"2026-05-23T05:47:21.496Z","run_bootstrap",202,"http://client2:8000","run","http://client2:8000/run",1,TRUE,200,1108,254,3.76298642158508,"2026-05-23T05:47:17.726254Z","2026-05-23T05:47:21.489240Z",1779515237.72625,1779515241.48924,0.00048,0.000596,0.000632,3.744993,3.745134,3.744361,0.000141000000000169,3.7383,0.0246864215850828
"2026-05-23T05:47:21.496Z","run_bootstrap",202,"http://client3:8000","run","http://client3:8000/run",1,TRUE,200,1108,252,3.35943269729614,"2026-05-23T05:47:17.726743Z","2026-05-23T05:47:21.086176Z",1779515237.72674,1779515241.08618,0.000645,0.000762,0.000798,3.343088,3.343204,3.34229,0.000116000000000227,3.335,0.0244326972961426
"2026-05-23T05:47:25.289Z","run_bootstrap",203,"http://client1:8000","run","http://client1:8000/run",1,TRUE,200,1108,257,3.47780394554138,"2026-05-23T05:47:21.510363Z","2026-05-23T05:47:24.988167Z",1779515241.51036,1779515244.98817,0.000463,0.000542,0.000564,3.463628,3.463746,3.463064,0.000118000000000062,3.4529,0.0249039455413818
"2026-05-23T05:47:25.289Z","run_bootstrap",203,"http://client2:8000","run","http://client2:8000/run",1,TRUE,200,1108,254,3.77414774894714,"2026-05-23T05:47:21.510920Z","2026-05-23T05:47:25.285068Z",1779515241.51092,1779515245.28507,0.000522,0.000582,0.000601,3.761234,3.761369,3.760633,0.000135000000000218,3.7546,0.0195477489471436
"2026-05-23T05:47:25.289Z","run_bootstrap",203,"http://client3:8000","run","http://client3:8000/run",1,TRUE,200,1108,253,3.56354308128357,"2026-05-23T05:47:21.511352Z","2026-05-23T05:47:25.074895Z",1779515241.51135,1779515245.0749,0.000579,0.000662,0.000694,3.543301,3.543443,3.542607,0.000141999999999864,3.5354,0.0281430812835692
"2026-05-23T05:47:29.117Z","run_bootstrap",204,"http://client1:8000","run","http://client1:8000/run",1,TRUE,200,1108,257,3.81066489219666,"2026-05-23T05:47:25.302243Z","2026-05-23T05:47:29.112908Z",1779515245.30224,1779515249.11291,0.000616,0.000669,0.000689,3.79563,3.795781,3.794941,0.00015099999999979,3.7836,0.0270648921966554
"2026-05-23T05:47:29.117Z","run_bootstrap",204,"http://client2:8000","run","http://client2:8000/run",1,TRUE,200,1108,254,3.64479494094849,"2026-05-23T05:47:25.302972Z","2026-05-23T05:47:28.947767Z",1779515245.30297,1779515248.94777,0.000459,0.000538,0.00056,3.630649,3.630788,3.630089,0.000138999999999889,3.6209,0.0238949409484865
"2026-05-23T05:47:29.117Z","run_bootstrap",204,"http://client3:8000","run","http://client3:8000/run",1,TRUE,200,1108,253,3.48324131965637,"2026-05-23T05:47:25.303595Z","2026-05-23T05:47:28.786837Z",1779515245.3036,1779515248.78684,0.000579,0.000653,0.000685,3.465279,3.465441,3.464594,0.000161999999999995,3.4558,0.0274413196563721
"2026-05-23T05:47:32.840Z","run_bootstrap",205,"http://client1:8000","run","http://client1:8000/run",1,TRUE,200,1109,257,3.48469376564026,"2026-05-23T05:47:29.129347Z","2026-05-23T05:47:32.614041Z",1779515249.12935,1779515252.61404,0.000613,0.000712,0.000747,3.465604,3.465756,3.464857,0.00015199999999993,3.4576,0.027093765640259
"2026-05-23T05:47:32.840Z","run_bootstrap",205,"http://client2:8000","run","http://client2:8000/run",1,TRUE,200,1109,252,3.62050533294678,"2026-05-23T05:47:29.130036Z","2026-05-23T05:47:32.750541Z",1779515249.13004,1779515252.75054,0.000562,0.000681,0.00074,3.598621,3.598793,3.597881,0.000172000000000061,3.5901,0.0304053329467773
"2026-05-23T05:47:32.840Z","run_bootstrap",205,"http://client3:8000","run","http://client3:8000/run",1,TRUE,200,1109,252,3.70287251472473,"2026-05-23T05:47:29.130787Z","2026-05-23T05:47:32.833659Z",1779515249.13079,1779515252.83366,0.000649,0.000746,0.000793,3.681775,3.681937,3.680982,0.000161999999999995,3.6741,0.0287725147247313
"2026-05-23T05:47:36.512Z","run_bootstrap",206,"http://client1:8000","run","http://client1:8000/run",1,TRUE,200,1109,257,3.64827561378479,"2026-05-23T05:47:32.853560Z","2026-05-23T05:47:36.501836Z",1779515252.85356,1779515256.50184,0.000628,0.000704,0.000726,3.62853,3.628649,3.627804,0.000118999999999758,3.6209,0.0273756137847903
"2026-05-23T05:47:36.512Z","run_bootstrap",206,"http://client2:8000","run","http://client2:8000/run",1,TRUE,200,1109,252,3.65409207344055,"2026-05-23T05:47:32.854309Z","2026-05-23T05:47:36.508401Z",1779515252.85431,1779515256.5084,0.000493,0.00058,0.000612,3.633707,3.633827,3.633095,0.000120000000000342,3.6268,0.027292073440552
"2026-05-23T05:47:36.512Z","run_bootstrap",206,"http://client3:8000","run","http://client3:8000/run",1,TRUE,200,1109,252,3.48229479789734,"2026-05-23T05:47:32.854807Z","2026-05-23T05:47:36.337102Z",1779515252.85481,1779515256.3371,0.000601,0.000676,0.000697,3.463014,3.463158,3.462317,0.000144000000000144,3.4556,0.0266947978973389
"2026-05-23T05:47:40.343Z","run_bootstrap",207,"http://client1:8000","run","http://client1:8000/run",1,TRUE,200,1109,257,3.67129564285278,"2026-05-23T05:47:36.527403Z","2026-05-23T05:47:40.198698Z",1779515256.5274,1779515260.1987,0.00065,0.000789,0.000825,3.653075,3.653213,3.65225,0.000138000000000194,3.6454,0.0258956428527832
"2026-05-23T05:47:40.343Z","run_bootstrap",207,"http://client2:8000","run","http://client2:8000/run",1,TRUE,200,1109,254,3.80798554420471,"2026-05-23T05:47:36.528221Z","2026-05-23T05:47:40.336207Z",1779515256.52822,1779515260.33621,0.000552,0.000669,0.000707,3.791724,3.791867,3.791017,0.000143000000000004,3.7838,0.0241855442047121
"2026-05-23T05:47:40.343Z","run_bootstrap",207,"http://client3:8000","run","http://client3:8000/run",1,TRUE,200,1109,250,3.70153784751892,"2026-05-23T05:47:36.528712Z","2026-05-23T05:47:40.230249Z",1779515256.52871,1779515260.23025,0.00054,0.000662,0.000702,3.68531,3.685481,3.684608,0.000170999999999921,3.676,0.0255378475189207
"2026-05-23T05:47:44.160Z","run_bootstrap",208,"http://client1:8000","run","http://client1:8000/run",1,TRUE,200,1109,257,3.48681879043579,"2026-05-23T05:47:40.357949Z","2026-05-23T05:47:43.844768Z",1779515260.35795,1779515263.84477,0.000597,0.000705,0.000743,3.472921,3.473071,3.472178,0.000150000000000095,3.4654,0.0214187904357912
"2026-05-23T05:47:44.160Z","run_bootstrap",208,"http://client2:8000","run","http://client2:8000/run",1,TRUE,200,1109,254,3.79705905914307,"2026-05-23T05:47:40.358684Z","2026-05-23T05:47:44.155743Z",1779515260.35868,1779515264.15574,0.000686,0.000716,0.000728,3.780646,3.780777,3.779918,0.000131000000000103,3.7735,0.0235590591430666
"2026-05-23T05:47:44.160Z","run_bootstrap",208,"http://client3:8000","run","http://client3:8000/run",1,TRUE,200,1109,251,3.49523830413818,"2026-05-23T05:47:40.358921Z","2026-05-23T05:47:43.854160Z",1779515260.35892,1779515263.85416,0.00056,0.000647,0.000671,3.478528,3.478666,3.477857,0.000138000000000194,3.4715,0.0237383041381838
"2026-05-23T05:47:47.991Z","run_bootstrap",209,"http://client1:8000","run","http://client1:8000/run",1,TRUE,200,1109,257,3.61682629585266,"2026-05-23T05:47:44.171468Z","2026-05-23T05:47:47.788294Z",1779515264.17147,1779515267.78829,0.000554,0.000657,0.000692,3.602546,3.602685,3.601854,0.000139000000000333,3.5943,0.0225262958526611
"2026-05-23T05:47:47.991Z","run_bootstrap",209,"http://client2:8000","run","http://client2:8000/run",1,TRUE,200,1109,255,3.81281733512878,"2026-05-23T05:47:44.173943Z","2026-05-23T05:47:47.986760Z",1779515264.17394,1779515267.98676,0.000539,0.000623,0.000656,3.798416,3.798523,3.79776,0.000106999999999857,3.7913,0.0215173351287841
"2026-05-23T05:47:47.991Z","run_bootstrap",209,"http://client3:8000","run","http://client3:8000/run",1,TRUE,200,1109,253,3.76344919204712,"2026-05-23T05:47:44.174376Z","2026-05-23T05:47:47.937825Z",1779515264.17438,1779515267.93783,0.000706,0.000812,0.000849,3.746401,3.746538,3.745552,0.000137000000000054,3.7392,0.0242491920471193
"2026-05-23T05:47:51.736Z","run_bootstrap",210,"http://client1:8000","run","http://client1:8000/run",1,TRUE,200,1109,256,3.72775316238403,"2026-05-23T05:47:48.003731Z","2026-05-23T05:47:51.731484Z",1779515268.00373,1779515271.73148,0.000637,0.000739,0.000775,3.709507,3.709598,3.708732,9.10000000002853e-05,3.702,0.0257531623840332
"2026-05-23T05:47:51.736Z","run_bootstrap",210,"http://client2:8000","run","http://client2:8000/run",1,TRUE,200,1109,255,3.59030222892761,"2026-05-23T05:47:48.004406Z","2026-05-23T05:47:51.594708Z",1779515268.00441,1779515271.59471,0.000624,0.000705,0.000738,3.569695,3.569848,3.568957,0.00015300000000007,3.5477,0.0426022289276125
"2026-05-23T05:47:51.736Z","run_bootstrap",210,"http://client3:8000","run","http://client3:8000/run",1,TRUE,200,1109,253,3.63863635063171,"2026-05-23T05:47:48.004907Z","2026-05-23T05:47:51.643543Z",1779515268.00491,1779515271.64354,0.000578,0.000673,0.000697,3.618514,3.618643,3.617817,0.000129000000000268,3.5973,0.0413363506317137
"2026-05-23T05:47:55.577Z","run_bootstrap",211,"http://client1:8000","run","http://client1:8000/run",1,TRUE,200,1108,257,3.82532548904419,"2026-05-23T05:47:51.746727Z","2026-05-23T05:47:55.572053Z",1779515271.74673,1779515275.57205,0.000794,0.000906,0.000945,3.810357,3.810492,3.809412,0.000134999999999774,3.8017,0.0236254890441896
"2026-05-23T05:47:55.577Z","run_bootstrap",211,"http://client2:8000","run","http://client2:8000/run",1,TRUE,200,1108,254,3.69853734970093,"2026-05-23T05:47:51.749393Z","2026-05-23T05:47:55.447931Z",1779515271.74939,1779515275.44793,0.000549,0.00066,0.000696,3.682746,3.682837,3.68205,9.10000000002853e-05,3.6757,0.0228373497009278
"2026-05-23T05:47:55.577Z","run_bootstrap",211,"http://client3:8000","run","http://client3:8000/run",1,TRUE,200,1108,252,3.74159622192383,"2026-05-23T05:47:51.749776Z","2026-05-23T05:47:55.491372Z",1779515271.74978,1779515275.49137,0.000503,0.000622,0.000664,3.723906,3.724036,3.723242,0.000129999999999963,3.717,0.024596221923828
"2026-05-23T05:47:59.461Z","run_bootstrap",212,"http://client1:8000","run","http://client1:8000/run",1,TRUE,200,1108,257,3.86503624916077,"2026-05-23T05:47:55.591247Z","2026-05-23T05:47:59.456283Z",1779515275.59125,1779515279.45628,0.000636,0.00074,0.000775,3.846365,3.846491,3.84559,0.000125999999999848,3.8387,0.0263362491607668
"2026-05-23T05:47:59.461Z","run_bootstrap",212,"http://client2:8000","run","http://client2:8000/run",1,TRUE,200,1108,254,3.63985347747803,"2026-05-23T05:47:55.593785Z","2026-05-23T05:47:59.233639Z",1779515275.59379,1779515279.23364,0.000583,0.000689,0.000725,3.622539,3.622687,3.621814,0.000147999999999815,3.6148,0.0250534774780276
"2026-05-23T05:47:59.461Z","run_bootstrap",212,"http://client3:8000","run","http://client3:8000/run",1,TRUE,200,1108,253,3.81385350227356,"2026-05-23T05:47:55.594156Z","2026-05-23T05:47:59.408009Z",1779515275.59416,1779515279.40801,0.00061,0.000689,0.000725,3.796959,3.797036,3.796234,7.69999999996607e-05,3.7895,0.0243535022735597
"2026-05-23T05:48:03.439Z","run_bootstrap",213,"http://client1:8000","run","http://client1:8000/run",1,TRUE,200,1109,257,3.95947527885437,"2026-05-23T05:47:59.475685Z","2026-05-23T05:48:03.435160Z",1779515279.47569,1779515283.43516,0.000502,0.000582,0.000604,3.946468,3.946623,3.945864,0.000155000000000349,3.9393,0.0201752788543703
"2026-05-23T05:48:03.439Z","run_bootstrap",213,"http://client2:8000","run","http://client2:8000/run",1,TRUE,200,1109,254,3.52141952514648,"2026-05-23T05:47:59.476375Z","2026-05-23T05:48:02.997794Z",1779515279.47638,1779515282.99779,0.000524,0.000609,0.000641,3.505008,3.505187,3.504367,0.000178999999999707,3.4972,0.0242195251464845
"2026-05-23T05:48:03.439Z","run_bootstrap",213,"http://client3:8000","run","http://client3:8000/run",1,TRUE,200,1109,253,3.77245020866394,"2026-05-23T05:47:59.475586Z","2026-05-23T05:48:03.248036Z",1779515279.47559,1779515283.24804,0.000588,0.000675,0.000709,3.758633,3.758783,3.757924,0.000150000000000095,3.7473,0.0251502086639404
"2026-05-23T05:48:07.332Z","run_bootstrap",214,"http://client1:8000","run","http://client1:8000/run",1,TRUE,200,1109,257,3.79926919937134,"2026-05-23T05:48:03.450673Z","2026-05-23T05:48:07.249942Z",1779515283.45067,1779515287.24994,0.00075,0.000861,0.000897,3.785836,3.786007,3.784939,0.000170999999999921,3.7764,0.0228691993713377
"2026-05-23T05:48:07.332Z","run_bootstrap",214,"http://client2:8000","run","http://client2:8000/run",1,TRUE,200,1109,254,3.87451505661011,"2026-05-23T05:48:03.453116Z","2026-05-23T05:48:07.327631Z",1779515283.45312,1779515287.32763,0.000651,0.000742,0.000774,3.859487,3.859623,3.858713,0.000135999999999914,3.8521,0.0224150566101073
"2026-05-23T05:48:07.332Z","run_bootstrap",214,"http://client3:8000","run","http://client3:8000/run",1,TRUE,200,1109,253,3.67891240119934,"2026-05-23T05:48:03.453611Z","2026-05-23T05:48:07.132523Z",1779515283.45361,1779515287.13252,0.000576,0.00069,0.000725,3.657884,3.658029,3.657159,0.00014499999999984,3.6496,0.0293124011993409
"2026-05-23T05:48:11.230Z","run_bootstrap",215,"http://client1:8000","run","http://client1:8000/run",1,TRUE,200,1109,257,3.88127040863037,"2026-05-23T05:48:07.344437Z","2026-05-23T05:48:11.225708Z",1779515287.34444,1779515291.22571,0.000511,0.000588,0.000619,3.864293,3.864388,3.863674,9.49999999999562e-05,3.8556,0.0256704086303712
"2026-05-23T05:48:11.230Z","run_bootstrap",215,"http://client2:8000","run","http://client2:8000/run",1,TRUE,200,1109,254,3.74798989295959,"2026-05-23T05:48:07.344141Z","2026-05-23T05:48:11.092131Z",1779515287.34414,1779515291.09213,0.000859,0.00094,0.000974,3.734379,3.734515,3.733405,0.000135999999999914,3.7258,0.0221898929595947
"2026-05-23T05:48:11.230Z","run_bootstrap",215,"http://client3:8000","run","http://client3:8000/run",1,TRUE,200,1109,251,3.76794362068176,"2026-05-23T05:48:07.345882Z","2026-05-23T05:48:11.113826Z",1779515287.34588,1779515291.11383,0.000691,0.000805,0.000842,3.749773,3.74992,3.748931,0.000147000000000119,3.74,0.0279436206817625
"2026-05-23T05:48:15.206Z","run_bootstrap",216,"http://client1:8000","run","http://client1:8000/run",1,TRUE,200,1109,257,3.66207885742188,"2026-05-23T05:48:11.242753Z","2026-05-23T05:48:14.904832Z",1779515291.24275,1779515294.90483,0.000684,0.000789,0.000824,3.648106,3.648243,3.647282,0.000137000000000054,3.6392,0.0228788574218748
"2026-05-23T05:48:15.206Z","run_bootstrap",216,"http://client2:8000","run","http://client2:8000/run",1,TRUE,200,1109,254,3.95565724372864,"2026-05-23T05:48:11.243232Z","2026-05-23T05:48:15.198889Z",1779515291.24323,1779515295.19889,0.000492,0.000571,0.000603,3.933817,3.933942,3.933214,0.000125000000000153,3.9267,0.0289572437286378
"2026-05-23T05:48:15.206Z","run_bootstrap",216,"http://client3:8000","run","http://client3:8000/run",1,TRUE,200,1109,253,3.75098133087158,"2026-05-23T05:48:11.243822Z","2026-05-23T05:48:14.994804Z",1779515291.24382,1779515294.9948,0.000557,0.000645,0.000677,3.733619,3.733772,3.732942,0.00015300000000007,3.7242,0.0267813308715819
"2026-05-23T05:48:19.173Z","run_bootstrap",217,"http://client1:8000","run","http://client1:8000/run",1,TRUE,200,1103,257,3.73960137367249,"2026-05-23T05:48:15.219191Z","2026-05-23T05:48:18.958792Z",1779515295.21919,1779515298.95879,0.000736,0.000877,0.000914,3.723534,3.723583,3.72262,4.90000000001878e-05,3.7156,0.0240013736724856
"2026-05-23T05:48:19.173Z","run_bootstrap",217,"http://client2:8000","run","http://client2:8000/run",1,TRUE,200,1103,254,3.94221186637878,"2026-05-23T05:48:15.219665Z","2026-05-23T05:48:19.161877Z",1779515295.21967,1779515299.16188,0.000543,0.000627,0.00066,3.918338,3.918377,3.917678,3.90000000001223e-05,3.9112,0.0310118663787842
"2026-05-23T05:48:19.173Z","run_bootstrap",217,"http://client3:8000","run","http://client3:8000/run",1,TRUE,200,1103,253,3.748051404953,"2026-05-23T05:48:15.220007Z","2026-05-23T05:48:18.968058Z",1779515295.22001,1779515298.96806,0.000627,0.000728,0.000762,3.724455,3.724497,3.723693,4.20000000000975e-05,3.7162,0.0318514049530028
"2026-05-23T05:48:23.139Z","run_bootstrap",218,"http://client1:8000","run","http://client1:8000/run",1,TRUE,200,1103,257,3.63385462760925,"2026-05-23T05:48:19.188374Z","2026-05-23T05:48:22.822229Z",1779515299.18837,1779515302.82223,0.000605,0.000713,0.000747,3.615663,3.615759,3.614916,9.6000000000096e-05,3.6071,0.026754627609253
"2026-05-23T05:48:23.139Z","run_bootstrap",218,"http://client2:8000","run","http://client2:8000/run",1,TRUE,200,1103,254,3.94287157058716,"2026-05-23T05:48:19.188773Z","2026-05-23T05:48:23.131645Z",1779515299.18877,1779515303.13165,0.000392,0.000474,0.000507,3.922645,3.922786,3.922138,0.000140999999999725,3.9147,0.0281715705871584
"2026-05-23T05:48:23.139Z","run_bootstrap",218,"http://client3:8000","run","http://client3:8000/run",1,TRUE,200,1103,252,3.7547595500946,"2026-05-23T05:48:19.188049Z","2026-05-23T05:48:22.942809Z",1779515299.18805,1779515302.94281,0.000565,0.000677,0.000715,3.741572,3.741713,3.740857,0.000140999999999725,3.733,0.0217595500946044
"2026-05-23T05:48:27.024Z","run_bootstrap",219,"http://client1:8000","run","http://client1:8000/run",1,TRUE,200,1106,257,3.86385869979858,"2026-05-23T05:48:23.156237Z","2026-05-23T05:48:27.020096Z",1779515303.15624,1779515307.0201,0.000388,0.000457,0.000486,3.842238,3.842373,3.841752,0.000134999999999774,3.8338,0.0300586997985839
"2026-05-23T05:48:27.024Z","run_bootstrap",219,"http://client2:8000","run","http://client2:8000/run",1,TRUE,200,1106,254,3.74493527412415,"2026-05-23T05:48:23.156734Z","2026-05-23T05:48:26.901670Z",1779515303.15673,1779515306.90167,0.000461,0.000552,0.000585,3.723714,3.723816,3.723129,0.000101999999999602,3.7089,0.0360352741241456
"2026-05-23T05:48:27.024Z","run_bootstrap",219,"http://client3:8000","run","http://client3:8000/run",1,TRUE,200,1106,253,3.7793333530426,"2026-05-23T05:48:23.157074Z","2026-05-23T05:48:26.936408Z",1779515303.15707,1779515306.93641,0.000515,0.000619,0.000653,3.761087,3.761177,3.760434,9.00000000001455e-05,3.7462,0.0331333530426026
"2026-05-23T05:48:31.210Z","run_bootstrap",220,"http://client1:8000","run","http://client1:8000/run",1,TRUE,200,1106,256,4.04817581176758,"2026-05-23T05:48:27.036991Z","2026-05-23T05:48:31.085167Z",1779515307.03699,1779515311.08517,0.000681,0.000809,0.000845,4.033997,4.034143,4.033152,0.000145999999999979,3.874,0.174175811767578
"2026-05-23T05:48:31.210Z","run_bootstrap",220,"http://client2:8000","run","http://client2:8000/run",1,TRUE,200,1106,254,4.16767597198486,"2026-05-23T05:48:27.037580Z","2026-05-23T05:48:31.205256Z",1779515307.03758,1779515311.20526,0.000606,0.000716,0.000752,4.151512,4.151637,4.15076,0.000124999999999709,3.9823,0.185375971984863
"2026-05-23T05:48:31.210Z","run_bootstrap",220,"http://client3:8000","run","http://client3:8000/run",1,TRUE,200,1106,253,3.71127915382385,"2026-05-23T05:48:27.036885Z","2026-05-23T05:48:30.748164Z",1779515307.03689,1779515310.74816,0.000698,0.000802,0.000837,3.69726,3.69739,3.696423,0.000129999999999963,3.4729,0.238379153823852
"2026-05-23T05:48:35.074Z","run_bootstrap",221,"http://client1:8000","run","http://client1:8000/run",1,TRUE,200,1109,257,3.84511709213257,"2026-05-23T05:48:31.221774Z","2026-05-23T05:48:35.066891Z",1779515311.22177,1779515315.06689,0.000661,0.000766,0.000802,3.826551,3.826693,3.825749,0.000142000000000309,3.8198,0.0253170921325685
"2026-05-23T05:48:35.074Z","run_bootstrap",221,"http://client2:8000","run","http://client2:8000/run",1,TRUE,200,1109,254,3.58502888679504,"2026-05-23T05:48:31.222579Z","2026-05-23T05:48:34.807607Z",1779515311.22258,1779515314.80761,0.000709,0.000803,0.000842,3.563639,3.563784,3.562797,0.000145000000000284,3.5572,0.027828886795044
"2026-05-23T05:48:35.074Z","run_bootstrap",221,"http://client3:8000","run","http://client3:8000/run",1,TRUE,200,1109,253,3.51280450820923,"2026-05-23T05:48:31.223344Z","2026-05-23T05:48:34.736148Z",1779515311.22334,1779515314.73615,0.000612,0.000735,0.000772,3.491657,3.491809,3.490885,0.00015199999999993,3.4843,0.0285045082092283
"2026-05-23T05:48:39.033Z","run_bootstrap",222,"http://client1:8000","run","http://client1:8000/run",1,TRUE,200,1109,257,3.93537545204163,"2026-05-23T05:48:35.093286Z","2026-05-23T05:48:39.028662Z",1779515315.09329,1779515319.02866,0.000627,0.00073,0.000765,3.912599,3.91274,3.911834,0.000140999999999725,3.9053,0.030075452041626
"2026-05-23T05:48:39.033Z","run_bootstrap",222,"http://client2:8000","run","http://client2:8000/run",1,TRUE,200,1109,254,3.60570740699768,"2026-05-23T05:48:35.093559Z","2026-05-23T05:48:38.699266Z",1779515315.09356,1779515318.69927,0.000539,0.000623,0.000669,3.582958,3.583095,3.582289,0.000137000000000054,3.5762,0.0295074069976806
"2026-05-23T05:48:39.033Z","run_bootstrap",222,"http://client3:8000","run","http://client3:8000/run",1,TRUE,200,1109,253,3.57418847084045,"2026-05-23T05:48:35.092750Z","2026-05-23T05:48:38.666939Z",1779515315.09275,1779515318.66694,0.00066,0.000766,0.000801,3.559569,3.559707,3.558768,0.000137999999999749,3.5516,0.022588470840454
"2026-05-23T05:48:43.144Z","run_bootstrap",223,"http://client1:8000","run","http://client1:8000/run",1,TRUE,200,1109,257,4.0952684879303,"2026-05-23T05:48:39.045457Z","2026-05-23T05:48:43.140725Z",1779515319.04546,1779515323.14073,0.000637,0.000731,0.000752,4.076262,4.076345,4.07551,8.30000000000553e-05,4.0688,0.0264684879302974
"2026-05-23T05:48:43.144Z","run_bootstrap",223,"http://client2:8000","run","http://client2:8000/run",1,TRUE,200,1109,254,3.89002513885498,"2026-05-23T05:48:39.045943Z","2026-05-23T05:48:42.935968Z",1779515319.04594,1779515322.93597,0.000774,0.000848,0.000871,3.871342,3.871444,3.870471,0.000102000000000046,3.8642,0.0258251388549806
"2026-05-23T05:48:43.144Z","run_bootstrap",223,"http://client3:8000","run","http://client3:8000/run",1,TRUE,200,1109,253,3.89907455444336,"2026-05-23T05:48:39.046293Z","2026-05-23T05:48:42.945367Z",1779515319.04629,1779515322.94537,0.000793,0.000826,0.00084,3.881323,3.881452,3.880483,0.000128999999999824,3.8743,0.0247745544433595
"2026-05-23T05:48:47.229Z","run_bootstrap",224,"http://client1:8000","run","http://client1:8000/run",1,TRUE,200,1109,257,3.76448559761047,"2026-05-23T05:48:43.159915Z","2026-05-23T05:48:46.924401Z",1779515323.15992,1779515326.9244,0.000558,0.000629,0.000658,3.743353,3.743508,3.742695,0.000154999999999905,3.7361,0.0283855976104737
"2026-05-23T05:48:47.229Z","run_bootstrap",224,"http://client2:8000","run","http://client2:8000/run",1,TRUE,200,1109,254,4.06446671485901,"2026-05-23T05:48:43.160696Z","2026-05-23T05:48:47.225162Z",1779515323.1607,1779515327.22516,0.000485,0.000575,0.000608,4.044634,4.044791,4.044026,0.000156999999999741,4.0377,0.0267667148590087
"2026-05-23T05:48:47.229Z","run_bootstrap",224,"http://client3:8000","run","http://client3:8000/run",1,TRUE,200,1109,253,3.87518048286438,"2026-05-23T05:48:43.161227Z","2026-05-23T05:48:47.036407Z",1779515323.16123,1779515327.03641,0.000721,0.000842,0.000881,3.86112,3.861278,3.860239,0.00015799999999988,3.8541,0.02108048286438
"2026-05-23T05:48:51.354Z","run_bootstrap",225,"http://client1:8000","run","http://client1:8000/run",1,TRUE,200,1108,257,4.10978055000305,"2026-05-23T05:48:47.240228Z","2026-05-23T05:48:51.350008Z",1779515327.24023,1779515331.35001,0.000702,0.000785,0.000817,4.096208,4.096359,4.095391,0.00015099999999979,3.9291,0.180680550003052
"2026-05-23T05:48:51.354Z","run_bootstrap",225,"http://client2:8000","run","http://client2:8000/run",1,TRUE,200,1108,254,3.6921067237854,"2026-05-23T05:48:47.241126Z","2026-05-23T05:48:50.933233Z",1779515327.24113,1779515330.93323,0.000615,0.000693,0.000716,3.678916,3.679063,3.6782,0.000147000000000119,3.6675,0.0246067237854004
"2026-05-23T05:48:51.354Z","run_bootstrap",225,"http://client3:8000","run","http://client3:8000/run",1,TRUE,200,1108,253,3.94420528411865,"2026-05-23T05:48:47.242918Z","2026-05-23T05:48:51.187123Z",1779515327.24292,1779515331.18712,0.000604,0.000683,0.000714,3.926586,3.926728,3.925872,0.000142000000000309,3.9182,0.0260052841186522
"2026-05-23T05:48:55.401Z","run_bootstrap",226,"http://client1:8000","run","http://client1:8000/run",1,TRUE,200,1108,257,3.46519732475281,"2026-05-23T05:48:51.367735Z","2026-05-23T05:48:54.832932Z",1779515331.36774,1779515334.83293,0.000495,0.000595,0.000633,3.442818,3.442982,3.442185,0.000164000000000275,3.4324,0.0327973247528077
"2026-05-23T05:48:55.401Z","run_bootstrap",226,"http://client2:8000","run","http://client2:8000/run",1,TRUE,200,1108,254,3.78662753105164,"2026-05-23T05:48:51.368819Z","2026-05-23T05:48:55.155447Z",1779515331.36882,1779515335.15545,0.000637,0.000701,0.000721,3.765697,3.765839,3.764976,0.000142000000000309,3.7441,0.0425275310516358
"2026-05-23T05:48:55.401Z","run_bootstrap",226,"http://client3:8000","run","http://client3:8000/run",1,TRUE,200,1108,253,4.02417516708374,"2026-05-23T05:48:51.369719Z","2026-05-23T05:48:55.393894Z",1779515331.36972,1779515335.39389,0.000694,0.000823,0.00086,4.007117,4.007252,4.006257,0.000135000000000218,3.9897,0.0344751670837402
"2026-05-23T05:48:59.197Z","run_bootstrap",227,"http://client1:8000","run","http://client1:8000/run",1,TRUE,200,1109,257,2.93583273887634,"2026-05-23T05:48:55.417702Z","2026-05-23T05:48:58.353535Z",1779515335.4177,1779515338.35354,0.000629,0.00074,0.000791,2.921433,2.92153,2.920642,9.70000000002358e-05,2.9093,0.0265327388763428
"2026-05-23T05:48:59.197Z","run_bootstrap",227,"http://client2:8000","run","http://client2:8000/run",1,TRUE,200,1109,254,3.72091865539551,"2026-05-23T05:48:55.419523Z","2026-05-23T05:48:59.140441Z",1779515335.41952,1779515339.14044,0.00048,0.000554,0.000585,3.699238,3.699394,3.698653,0.000156000000000045,3.6917,0.0292186553955078
"2026-05-23T05:48:59.197Z","run_bootstrap",227,"http://client3:8000","run","http://client3:8000/run",1,TRUE,200,1109,253,3.7731614112854,"2026-05-23T05:48:55.419922Z","2026-05-23T05:48:59.193084Z",1779515335.41992,1779515339.19308,0.00058,0.000666,0.000698,3.751545,3.751634,3.750847,8.90000000000057e-05,3.7445,0.0286614112854005
"2026-05-23T05:49:02.958Z","run_bootstrap",228,"http://client1:8000","run","http://client1:8000/run",1,TRUE,200,1109,257,3.74021458625793,"2026-05-23T05:48:59.209907Z","2026-05-23T05:49:02.950121Z",1779515339.20991,1779515342.95012,0.000728,0.000835,0.000871,3.725287,3.725434,3.724416,0.000147000000000119,3.7164,0.0238145862579344
"2026-05-23T05:49:02.958Z","run_bootstrap",228,"http://client2:8000","run","http://client2:8000/run",1,TRUE,200,1109,254,3.43341660499573,"2026-05-23T05:48:59.211728Z","2026-05-23T05:49:02.645145Z",1779515339.21173,1779515342.64515,0.000536,0.000616,0.000647,3.41196,3.412046,3.411313,8.60000000000305e-05,3.4051,0.0283166049957275
"2026-05-23T05:49:02.958Z","run_bootstrap",228,"http://client3:8000","run","http://client3:8000/run",1,TRUE,200,1109,253,3.55972957611084,"2026-05-23T05:48:59.211116Z","2026-05-23T05:49:02.770845Z",1779515339.21112,1779515342.77085,0.000614,0.000721,0.000755,3.538589,3.53869,3.537834,0.000100999999999907,3.5302,0.0295295761108401
"2026-05-23T05:49:06.700Z","run_bootstrap",229,"http://client1:8000","run","http://client1:8000/run",1,TRUE,200,1106,257,3.72322583198547,"2026-05-23T05:49:02.972979Z","2026-05-23T05:49:06.696204Z",1779515342.97298,1779515346.6962,0.000651,0.000766,0.000814,3.710061,3.710211,3.709247,0.000150000000000095,3.7025,0.0207258319854735
"2026-05-23T05:49:06.700Z","run_bootstrap",229,"http://client2:8000","run","http://client2:8000/run",1,TRUE,200,1106,253,3.45625162124634,"2026-05-23T05:49:02.974149Z","2026-05-23T05:49:06.430400Z",1779515342.97415,1779515346.4304,0.000624,0.000733,0.000772,3.442974,3.443098,3.442202,0.000124000000000013,3.436,0.0202516212463379
"2026-05-23T05:49:06.700Z","run_bootstrap",229,"http://client3:8000","run","http://client3:8000/run",1,TRUE,200,1106,253,3.53072261810303,"2026-05-23T05:49:02.974069Z","2026-05-23T05:49:06.504791Z",1779515342.97407,1779515346.50479,0.00062,0.000731,0.00077,3.517374,3.517529,3.516604,0.000155000000000349,3.5082,0.0225226181030274
"2026-05-23T05:49:10.585Z","run_bootstrap",230,"http://client1:8000","run","http://client1:8000/run",1,TRUE,200,1106,257,3.86647486686707,"2026-05-23T05:49:06.712290Z","2026-05-23T05:49:10.578764Z",1779515346.71229,1779515350.57876,0.000653,0.00076,0.000794,3.852702,3.852764,3.851908,6.20000000002285e-05,3.8456,0.0208748668670653
"2026-05-23T05:49:10.585Z","run_bootstrap",230,"http://client2:8000","run","http://client2:8000/run",1,TRUE,200,1106,254,3.68182134628296,"2026-05-23T05:49:06.714676Z","2026-05-23T05:49:10.396497Z",1779515346.71468,1779515350.3965,0.000706,0.000817,0.000851,3.666991,3.667147,3.66614,0.000156000000000045,3.6589,0.0229213462829589
"2026-05-23T05:49:10.585Z","run_bootstrap",230,"http://client3:8000","run","http://client3:8000/run",1,TRUE,200,1106,253,3.6688916683197,"2026-05-23T05:49:06.714992Z","2026-05-23T05:49:10.383883Z",1779515346.71499,1779515350.38388,0.000608,0.00069,0.000722,3.653399,3.653536,3.652677,0.000137000000000054,3.6464,0.0224916683197023
