"timestamp","phase","round_id","client","endpoint","url","attempt","ok","status","request_bytes","response_bytes","elapsed_sec","request_start_ts_utc","request_end_ts_utc","request_start_epoch_sec","request_end_epoch_sec","curl_namelookup_sec","curl_connect_sec","curl_pretransfer_sec","curl_starttransfer_sec","curl_total_sec","curl_ttfb_sec","curl_response_transfer_sec","client_compute_sec","net_overhead_sec"
"2026-05-22T02:34:03.179Z","init",1,"http://client1:8000","init","http://client1:8000/init",1,TRUE,200,2713,387,0.363636016845703,"2026-05-22T02:34:02.743987Z","2026-05-22T02:34:03.107623Z",1779417242.74399,1779417243.10762,0.000783,0.000923,0.000965,0.349531,0.349573,0.348566,4.2000000000042e-05,NA,NA
"2026-05-22T02:34:03.179Z","init",1,"http://client2:8000","init","http://client2:8000/init",1,TRUE,200,2713,387,0.372923612594604,"2026-05-22T02:34:02.747218Z","2026-05-22T02:34:03.120142Z",1779417242.74722,1779417243.12014,0.000664,0.000738,0.00077,0.350526,0.350571,0.349756,4.50000000000172e-05,NA,NA
"2026-05-22T02:34:03.179Z","init",1,"http://client3:8000","init","http://client3:8000/init",1,TRUE,200,2713,387,0.375843048095703,"2026-05-22T02:34:02.747650Z","2026-05-22T02:34:03.123493Z",1779417242.74765,1779417243.12349,0.000605,0.000719,0.00076,0.353797,0.353835,0.353037,3.8000000000038e-05,NA,NA
"2026-05-22T02:34:08.884Z","run_bootstrap",1,"http://client1:8000","run","http://client1:8000/run",1,TRUE,200,1108,255,5.45697951316833,"2026-05-22T02:34:03.396033Z","2026-05-22T02:34:08.853013Z",1779417243.39603,1779417248.85301,0.000656,0.000761,0.000799,5.444155,5.444187,5.443356,3.2000000000032e-05,5.3896,0.0673795131683352
"2026-05-22T02:34:08.884Z","run_bootstrap",1,"http://client2:8000","run","http://client2:8000/run",1,TRUE,200,1108,254,5.48191094398499,"2026-05-22T02:34:03.397470Z","2026-05-22T02:34:08.879381Z",1779417243.39747,1779417248.87938,0.000636,0.000751,0.00079,5.468551,5.468594,5.467761,4.30000000006814e-05,5.4137,0.068210943984985
"2026-05-22T02:34:08.884Z","run_bootstrap",1,"http://client3:8000","run","http://client3:8000/run",1,TRUE,200,1108,251,5.3586483001709,"2026-05-22T02:34:03.398594Z","2026-05-22T02:34:08.757242Z",1779417243.39859,1779417248.75724,0.000577,0.000701,0.000742,5.339758,5.3398,5.339016,4.20000000005416e-05,5.2825,0.0761483001708987
"2026-05-22T02:34:12.548Z","run_bootstrap",2,"http://client1:8000","run","http://client1:8000/run",1,TRUE,200,1108,255,3.57350158691406,"2026-05-22T02:34:08.937528Z","2026-05-22T02:34:12.511030Z",1779417248.93753,1779417252.51103,0.00054,0.000646,0.000687,3.556426,3.556472,3.555739,4.59999999997684e-05,3.4446,0.128901586914063
"2026-05-22T02:34:12.548Z","run_bootstrap",2,"http://client2:8000","run","http://client2:8000/run",1,TRUE,200,1108,254,3.60426139831543,"2026-05-22T02:34:08.938376Z","2026-05-22T02:34:12.542638Z",1779417248.93838,1779417252.54264,0.000603,0.000713,0.000754,3.586094,3.586137,3.58534,4.29999999997932e-05,3.4741,0.13016139831543
"2026-05-22T02:34:12.548Z","run_bootstrap",2,"http://client3:8000","run","http://client3:8000/run",1,TRUE,200,1108,251,3.50126338005066,"2026-05-22T02:34:08.937399Z","2026-05-22T02:34:12.438662Z",1779417248.9374,1779417252.43866,0.000602,0.000721,0.000765,3.486814,3.486862,3.486049,4.8000000000048e-05,3.3763,0.124963380050659
"2026-05-22T02:34:16.231Z","run_bootstrap",3,"http://client1:8000","run","http://client1:8000/run",1,TRUE,200,1110,261,3.66279816627502,"2026-05-22T02:34:12.564583Z","2026-05-22T02:34:16.227381Z",1779417252.56458,1779417256.22738,0.000679,0.000793,0.000829,3.645061,3.645116,3.644232,5.49999999996942e-05,3.6381,0.0246981662750243
"2026-05-22T02:34:16.231Z","run_bootstrap",3,"http://client2:8000","run","http://client2:8000/run",1,TRUE,200,1110,262,3.29301261901855,"2026-05-22T02:34:12.565152Z","2026-05-22T02:34:15.858164Z",1779417252.56515,1779417255.85816,0.000626,0.000737,0.000773,3.272703,3.272753,3.27193,4.99999999998835e-05,3.2661,0.0269126190185549
"2026-05-22T02:34:16.231Z","run_bootstrap",3,"http://client3:8000","run","http://client3:8000/run",1,TRUE,200,1110,258,3.54186224937439,"2026-05-22T02:34:12.564432Z","2026-05-22T02:34:16.106294Z",1779417252.56443,1779417256.10629,0.000648,0.000754,0.000788,3.528204,3.528245,3.527416,4.09999999999577e-05,3.5215,0.0203622493743896
"2026-05-22T02:34:19.990Z","run_bootstrap",4,"http://client1:8000","run","http://client1:8000/run",1,TRUE,200,1110,261,3.73910999298096,"2026-05-22T02:34:16.245932Z","2026-05-22T02:34:19.985042Z",1779417256.24593,1779417259.98504,0.000699,0.000812,0.000848,3.725668,3.725712,3.72482,4.3999999999933e-05,3.7171,0.0220099929809572
"2026-05-22T02:34:19.990Z","run_bootstrap",4,"http://client2:8000","run","http://client2:8000/run",1,TRUE,200,1110,262,3.46954846382141,"2026-05-22T02:34:16.247600Z","2026-05-22T02:34:19.717149Z",1779417256.2476,1779417259.71715,0.000497,0.00057,6e-04,3.456794,3.456843,3.456194,4.90000000001878e-05,3.4503,0.0192484638214112
"2026-05-22T02:34:19.990Z","run_bootstrap",4,"http://client3:8000","run","http://client3:8000/run",1,TRUE,200,1110,257,3.50160050392151,"2026-05-22T02:34:16.247056Z","2026-05-22T02:34:19.748656Z",1779417256.24706,1779417259.74866,0.000406,0.000472,0.000492,3.489431,3.489464,3.488939,3.29999999997277e-05,3.483,0.0186005039215087
"2026-05-22T02:34:23.562Z","run_bootstrap",5,"http://client1:8000","run","http://client1:8000/run",1,TRUE,200,1109,254,3.5560028553009,"2026-05-22T02:34:20.000424Z","2026-05-22T02:34:23.556427Z",1779417260.00042,1779417263.55643,0.000644,0.000748,0.000783,3.536383,3.536413,3.5356,3.00000000001965e-05,3.5288,0.0272028553009034
"2026-05-22T02:34:23.562Z","run_bootstrap",5,"http://client2:8000","run","http://client2:8000/run",1,TRUE,200,1109,255,3.21498799324036,"2026-05-22T02:34:20.002240Z","2026-05-22T02:34:23.217228Z",1779417260.00224,1779417263.21723,0.00067,0.000785,0.000829,3.194662,3.1947,3.193833,3.79999999999825e-05,3.1839,0.0310879932403565
"2026-05-22T02:34:23.562Z","run_bootstrap",5,"http://client3:8000","run","http://client3:8000/run",1,TRUE,200,1109,253,3.47193717956543,"2026-05-22T02:34:20.002740Z","2026-05-22T02:34:23.474678Z",1779417260.00274,1779417263.47468,0.000646,0.00074,0.00079,3.452612,3.452643,3.451822,3.10000000003363e-05,3.4442,0.0277371795654298
"2026-05-22T02:34:27.120Z","run_bootstrap",6,"http://client1:8000","run","http://client1:8000/run",1,TRUE,200,1109,254,3.53790664672852,"2026-05-22T02:34:23.578221Z","2026-05-22T02:34:27.116128Z",1779417263.57822,1779417267.11613,0.00068,0.000764,0.000789,3.52254,3.522578,3.521751,3.80000000004266e-05,3.5154,0.0225066467285155
"2026-05-22T02:34:27.120Z","run_bootstrap",6,"http://client2:8000","run","http://client2:8000/run",1,TRUE,200,1109,255,3.50055122375488,"2026-05-22T02:34:23.578908Z","2026-05-22T02:34:27.079459Z",1779417263.57891,1779417267.07946,0.000589,0.000667,0.000703,3.478808,3.478853,3.478105,4.50000000000728e-05,3.4721,0.0284512237548826
"2026-05-22T02:34:27.120Z","run_bootstrap",6,"http://client3:8000","run","http://client3:8000/run",1,TRUE,200,1109,253,3.49257755279541,"2026-05-22T02:34:23.579535Z","2026-05-22T02:34:27.072112Z",1779417263.57954,1779417267.07211,0.000415,0.000493,0.00053,3.47526,3.475304,3.47473,4.3999999999933e-05,3.4687,0.02387755279541
"2026-05-22T02:34:30.846Z","run_bootstrap",7,"http://client1:8000","run","http://client1:8000/run",1,TRUE,200,1108,254,3.47942066192627,"2026-05-22T02:34:27.132892Z","2026-05-22T02:34:30.612313Z",1779417267.13289,1779417270.61231,0.000658,0.000763,0.000804,3.462907,3.46295,3.462103,4.30000000002373e-05,3.4559,0.0235206619262693
"2026-05-22T02:34:30.846Z","run_bootstrap",7,"http://client2:8000","run","http://client2:8000/run",1,TRUE,200,1108,255,3.56526803970337,"2026-05-22T02:34:27.133407Z","2026-05-22T02:34:30.698675Z",1779417267.13341,1779417270.69868,0.000562,0.000656,0.000693,3.545119,3.545154,3.544426,3.50000000000072e-05,3.5379,0.0273680397033691
"2026-05-22T02:34:30.846Z","run_bootstrap",7,"http://client3:8000","run","http://client3:8000/run",1,TRUE,200,1108,253,3.70642971992493,"2026-05-22T02:34:27.133913Z","2026-05-22T02:34:30.840342Z",1779417267.13391,1779417270.84034,0.000679,0.000789,0.000828,3.687064,3.687109,3.686236,4.50000000000728e-05,3.6798,0.0266297199249266
"2026-05-22T02:34:34.721Z","run_bootstrap",8,"http://client1:8000","run","http://client1:8000/run",1,TRUE,200,1108,254,3.85860967636108,"2026-05-22T02:34:30.857875Z","2026-05-22T02:34:34.716484Z",1779417270.85788,1779417274.71648,0.000686,0.000805,0.000838,3.845832,3.845863,3.844994,3.09999999998922e-05,3.8385,0.0201096763610842
"2026-05-22T02:34:34.721Z","run_bootstrap",8,"http://client2:8000","run","http://client2:8000/run",1,TRUE,200,1108,255,3.60635852813721,"2026-05-22T02:34:30.859608Z","2026-05-22T02:34:34.465966Z",1779417270.85961,1779417274.46597,0.000536,0.000652,0.000686,3.587471,3.58752,3.586785,4.90000000001878e-05,3.5797,0.0266585281372071
"2026-05-22T02:34:34.721Z","run_bootstrap",8,"http://client3:8000","run","http://client3:8000/run",1,TRUE,200,1108,253,3.72023582458496,"2026-05-22T02:34:30.859946Z","2026-05-22T02:34:34.580182Z",1779417270.85995,1779417274.58018,0.000607,0.000727,0.000761,3.703378,3.703416,3.702617,3.79999999999825e-05,3.6963,0.023935824584961
"2026-05-22T02:34:38.761Z","run_bootstrap",9,"http://client1:8000","run","http://client1:8000/run",1,TRUE,200,1108,253,4.02158761024475,"2026-05-22T02:34:34.733716Z","2026-05-22T02:34:38.755303Z",1779417274.73372,1779417278.7553,0.000645,0.000751,0.000789,4.00618,4.006222,4.005391,4.20000000005416e-05,3.9987,0.0228876102447511
"2026-05-22T02:34:38.761Z","run_bootstrap",9,"http://client2:8000","run","http://client2:8000/run",1,TRUE,200,1108,253,3.68176651000977,"2026-05-22T02:34:34.734460Z","2026-05-22T02:34:38.416227Z",1779417274.73446,1779417278.41623,0.000457,0.000583,0.000626,3.661133,3.661181,3.660507,4.8000000000048e-05,3.6542,0.0275665100097657
"2026-05-22T02:34:38.761Z","run_bootstrap",9,"http://client3:8000","run","http://client3:8000/run",1,TRUE,200,1108,250,3.80533814430237,"2026-05-22T02:34:34.735028Z","2026-05-22T02:34:38.540366Z",1779417274.73503,1779417278.54037,0.000657,0.000745,0.000787,3.785464,3.785507,3.784677,4.29999999997932e-05,3.778,0.0273381443023681
"2026-05-22T02:34:42.853Z","run_bootstrap",10,"http://client1:8000","run","http://client1:8000/run",1,TRUE,200,1108,253,4.07360816001892,"2026-05-22T02:34:38.773419Z","2026-05-22T02:34:42.847027Z",1779417278.77342,1779417282.84703,0.000489,0.000627,0.00068,4.06013,4.060183,4.05945,5.30000000003028e-05,4.0528,0.0208081600189205
"2026-05-22T02:34:42.853Z","run_bootstrap",10,"http://client2:8000","run","http://client2:8000/run",1,TRUE,200,1108,253,3.76452994346619,"2026-05-22T02:34:38.774098Z","2026-05-22T02:34:42.538628Z",1779417278.7741,1779417282.53863,0.000564,0.000642,0.000676,3.751987,3.752039,3.751311,5.19999999997189e-05,3.7426,0.0219299434661866
"2026-05-22T02:34:42.853Z","run_bootstrap",10,"http://client3:8000","run","http://client3:8000/run",1,TRUE,200,1108,251,3.84407377243042,"2026-05-22T02:34:38.774422Z","2026-05-22T02:34:42.618496Z",1779417278.77442,1779417282.6185,0.000633,0.000738,0.000772,3.832,3.832053,3.831228,5.30000000003028e-05,3.8156,0.02847377243042
"2026-05-22T02:34:46.954Z","run_bootstrap",11,"http://client1:8000","run","http://client1:8000/run",1,TRUE,200,1109,251,4.08497619628906,"2026-05-22T02:34:42.864572Z","2026-05-22T02:34:46.949548Z",1779417282.86457,1779417286.94955,0.000517,0.000629,0.000664,4.060827,4.060874,4.060163,4.70000000003523e-05,4.0537,0.0312761962890624
"2026-05-22T02:34:46.954Z","run_bootstrap",11,"http://client2:8000","run","http://client2:8000/run",1,TRUE,200,1109,252,3.83213305473328,"2026-05-22T02:34:42.865222Z","2026-05-22T02:34:46.697355Z",1779417282.86522,1779417286.69736,0.000342,0.000461,0.000496,3.805235,3.805279,3.804739,4.3999999999933e-05,3.7968,0.0353330547332762
"2026-05-22T02:34:46.954Z","run_bootstrap",11,"http://client3:8000","run","http://client3:8000/run",1,TRUE,200,1109,252,3.79116082191467,"2026-05-22T02:34:42.869260Z","2026-05-22T02:34:46.660420Z",1779417282.86926,1779417286.66042,0.00061,0.000718,0.000752,3.775441,3.775486,3.774689,4.50000000000728e-05,3.7688,0.0223608219146727
"2026-05-22T02:34:50.881Z","run_bootstrap",12,"http://client1:8000","run","http://client1:8000/run",1,TRUE,200,1109,251,3.90530490875244,"2026-05-22T02:34:46.971163Z","2026-05-22T02:34:50.876468Z",1779417286.97116,1779417290.87647,0.000649,0.00075,0.000784,3.891613,3.891664,3.890829,5.10000000000232e-05,3.8848,0.0205049087524416
"2026-05-22T02:34:50.881Z","run_bootstrap",12,"http://client2:8000","run","http://client2:8000/run",1,TRUE,200,1109,252,3.78579044342041,"2026-05-22T02:34:46.971843Z","2026-05-22T02:34:50.757633Z",1779417286.97184,1779417290.75763,0.000689,0.000803,0.000838,3.767243,3.767298,3.766405,5.49999999996942e-05,3.7591,0.02669044342041
"2026-05-22T02:34:50.881Z","run_bootstrap",12,"http://client3:8000","run","http://client3:8000/run",1,TRUE,200,1109,252,3.69849801063538,"2026-05-22T02:34:46.972466Z","2026-05-22T02:34:50.670964Z",1779417286.97247,1779417290.67096,0.000503,0.000613,0.000652,3.678373,3.67842,3.677721,4.69999999999082e-05,3.6712,0.0272980106353762
"2026-05-22T02:34:54.674Z","run_bootstrap",13,"http://client1:8000","run","http://client1:8000/run",1,TRUE,200,1110,252,3.4881739616394,"2026-05-22T02:34:50.892121Z","2026-05-22T02:34:54.380295Z",1779417290.89212,1779417294.3803,0.000717,0.000827,0.000871,3.474148,3.474198,3.473277,4.99999999998835e-05,3.4656,0.0225739616394045
"2026-05-22T02:34:54.674Z","run_bootstrap",13,"http://client2:8000","run","http://client2:8000/run",1,TRUE,200,1110,253,3.77323579788208,"2026-05-22T02:34:50.893813Z","2026-05-22T02:34:54.667049Z",1779417290.89381,1779417294.66705,0.000548,0.000638,0.000691,3.760587,3.760637,3.759896,4.99999999998835e-05,3.7528,0.0204357978820799
"2026-05-22T02:34:54.674Z","run_bootstrap",13,"http://client3:8000","run","http://client3:8000/run",1,TRUE,200,1110,252,3.64738941192627,"2026-05-22T02:34:50.893061Z","2026-05-22T02:34:54.540450Z",1779417290.89306,1779417294.54045,0.000579,0.000689,0.000733,3.634056,3.634105,3.633323,4.89999999997437e-05,3.6274,0.0199894119262694
"2026-05-22T02:34:58.149Z","run_bootstrap",14,"http://client1:8000","run","http://client1:8000/run",1,TRUE,200,1110,252,3.45201182365417,"2026-05-22T02:34:54.685992Z","2026-05-22T02:34:58.138004Z",1779417294.68599,1779417298.138,0.00067,0.000782,0.000817,3.432695,3.432742,3.431878,4.70000000003523e-05,3.4248,0.027211823654175
"2026-05-22T02:34:58.149Z","run_bootstrap",14,"http://client2:8000","run","http://client2:8000/run",1,TRUE,200,1110,253,3.37424778938293,"2026-05-22T02:34:54.686452Z","2026-05-22T02:34:58.060700Z",1779417294.68645,1779417298.0607,0.000501,0.000587,0.000618,3.354626,3.354674,3.354008,4.8000000000048e-05,3.3472,0.0270477893829346
"2026-05-22T02:34:58.149Z","run_bootstrap",14,"http://client3:8000","run","http://client3:8000/run",1,TRUE,200,1110,252,3.45957970619202,"2026-05-22T02:34:54.685897Z","2026-05-22T02:34:58.145477Z",1779417294.6859,1779417298.14548,0.000688,0.000792,0.000827,3.446933,3.446979,3.446106,4.59999999997684e-05,3.4403,0.0192797061920165
"2026-05-22T02:35:01.650Z","run_bootstrap",15,"http://client1:8000","run","http://client1:8000/run",1,TRUE,200,1109,254,3.47676753997803,"2026-05-22T02:34:58.159528Z","2026-05-22T02:35:01.636296Z",1779417298.15953,1779417301.6363,0.000735,0.00084,0.000875,3.463422,3.46347,3.462547,4.8000000000048e-05,3.4559,0.0208675399780271
"2026-05-22T02:35:01.650Z","run_bootstrap",15,"http://client2:8000","run","http://client2:8000/run",1,TRUE,200,1109,253,3.43736910820007,"2026-05-22T02:34:58.161390Z","2026-05-22T02:35:01.598759Z",1779417298.16139,1779417301.59876,0.000462,0.000544,0.000576,3.424152,3.424199,3.423576,4.70000000003523e-05,3.4171,0.0202691082000732
"2026-05-22T02:35:01.650Z","run_bootstrap",15,"http://client3:8000","run","http://client3:8000/run",1,TRUE,200,1109,251,3.4858660697937,"2026-05-22T02:34:58.160798Z","2026-05-22T02:35:01.646664Z",1779417298.1608,1779417301.64666,0.000734,0.000948,0.001006,3.473692,3.473764,3.472686,7.20000000002941e-05,3.4656,0.0202660697937014
"2026-05-22T02:35:05.185Z","run_bootstrap",16,"http://client1:8000","run","http://client1:8000/run",1,TRUE,200,1109,254,3.49561429023743,"2026-05-22T02:35:01.662131Z","2026-05-22T02:35:05.157745Z",1779417301.66213,1779417305.15775,0.000554,0.000669,0.000706,3.476702,3.476735,3.475996,3.30000000001718e-05,3.4696,0.026014290237427
"2026-05-22T02:35:05.185Z","run_bootstrap",16,"http://client2:8000","run","http://client2:8000/run",1,TRUE,200,1109,253,3.42348384857178,"2026-05-22T02:35:01.662014Z","2026-05-22T02:35:05.085498Z",1779417301.66201,1779417305.0855,0.000623,0.000691,0.000714,3.405021,3.405052,3.404307,3.09999999998922e-05,3.3983,0.0251838485717775
"2026-05-22T02:35:05.185Z","run_bootstrap",16,"http://client3:8000","run","http://client3:8000/run",1,TRUE,200,1109,251,3.51505255699158,"2026-05-22T02:35:01.663392Z","2026-05-22T02:35:05.178445Z",1779417301.66339,1779417305.17845,0.000654,0.000734,0.000765,3.497372,3.497404,3.496607,3.2000000000032e-05,3.4901,0.0249525569915772
"2026-05-22T02:35:08.647Z","run_bootstrap",17,"http://client1:8000","run","http://client1:8000/run",1,TRUE,200,1108,252,3.43861103057861,"2026-05-22T02:35:05.203374Z","2026-05-22T02:35:08.641985Z",1779417305.20337,1779417308.64199,0.000388,0.000464,0.000497,3.417013,3.417066,3.416516,5.30000000003028e-05,3.4097,0.0289110305786133
"2026-05-22T02:35:08.647Z","run_bootstrap",17,"http://client2:8000","run","http://client2:8000/run",1,TRUE,200,1108,252,3.36370420455933,"2026-05-22T02:35:05.202539Z","2026-05-22T02:35:08.566243Z",1779417305.20254,1779417308.56624,0.000641,0.000752,0.000788,3.348971,3.349016,3.348183,4.50000000000728e-05,3.3423,0.0214042045593263
"2026-05-22T02:35:08.647Z","run_bootstrap",17,"http://client3:8000","run","http://client3:8000/run",1,TRUE,200,1108,252,3.42021822929382,"2026-05-22T02:35:05.204449Z","2026-05-22T02:35:08.624668Z",1779417305.20445,1779417308.62467,0.000578,0.000667,7e-04,3.400129,3.400185,3.399429,5.5999999999834e-05,3.3928,0.0274182292938234
"2026-05-22T02:35:12.314Z","run_bootstrap",18,"http://client1:8000","run","http://client1:8000/run",1,TRUE,200,1108,252,3.50132417678833,"2026-05-22T02:35:08.660296Z","2026-05-22T02:35:12.161620Z",1779417308.6603,1779417312.16162,0.000601,0.000712,0.000756,3.487412,3.487491,3.486656,7.89999999999402e-05,3.4804,0.0209241767883301
"2026-05-22T02:35:12.314Z","run_bootstrap",18,"http://client2:8000","run","http://client2:8000/run",1,TRUE,200,1108,251,3.35643744468689,"2026-05-22T02:35:08.661007Z","2026-05-22T02:35:12.017445Z",1779417308.66101,1779417312.01745,0.000344,0.00043,0.000469,3.342868,3.342997,3.342399,0.000128999999999824,3.336,0.0204374446868898
"2026-05-22T02:35:12.314Z","run_bootstrap",18,"http://client3:8000","run","http://client3:8000/run",1,TRUE,200,1108,252,3.64844632148743,"2026-05-22T02:35:08.661499Z","2026-05-22T02:35:12.309946Z",1779417308.6615,1779417312.30995,0.000548,0.000608,0.000633,3.633755,3.633882,3.633122,0.000126999999999988,3.6266,0.0218463214874269
"2026-05-22T02:35:15.995Z","run_bootstrap",19,"http://client1:8000","run","http://client1:8000/run",1,TRUE,200,1110,251,3.57686614990234,"2026-05-22T02:35:12.325741Z","2026-05-22T02:35:15.902607Z",1779417312.32574,1779417315.90261,0.000564,0.000676,0.000716,3.56157,3.561601,3.560854,3.09999999998922e-05,3.5538,0.0230661499023439
"2026-05-22T02:35:15.995Z","run_bootstrap",19,"http://client2:8000","run","http://client2:8000/run",1,TRUE,200,1110,254,3.38826417922974,"2026-05-22T02:35:12.326420Z","2026-05-22T02:35:15.714684Z",1779417312.32642,1779417315.71468,0.000473,0.000577,0.00061,3.373447,3.373488,3.372837,4.09999999999577e-05,3.3657,0.0225641792297364
"2026-05-22T02:35:15.995Z","run_bootstrap",19,"http://client3:8000","run","http://client3:8000/run",1,TRUE,200,1110,251,3.66489171981812,"2026-05-22T02:35:12.325662Z","2026-05-22T02:35:15.990553Z",1779417312.32566,1779417315.99055,0.000934,0.00105,0.001084,3.65121,3.651252,3.650126,4.20000000000975e-05,3.6439,0.0209917198181153
"2026-05-22T02:35:19.801Z","run_bootstrap",20,"http://client1:8000","run","http://client1:8000/run",1,TRUE,200,1110,251,3.53607249259949,"2026-05-22T02:35:16.006218Z","2026-05-22T02:35:19.542290Z",1779417316.00622,1779417319.54229,0.000761,0.000892,0.000938,3.52322,3.523258,3.522282,3.79999999999825e-05,3.3674,0.168672492599487
"2026-05-22T02:35:19.801Z","run_bootstrap",20,"http://client2:8000","run","http://client2:8000/run",1,TRUE,200,1110,254,3.78900003433228,"2026-05-22T02:35:16.008031Z","2026-05-22T02:35:19.797031Z",1779417316.00803,1779417319.79703,0.000482,0.000561,0.000601,3.772984,3.773048,3.772383,6.4000000000064e-05,3.6194,0.169600034332275
"2026-05-22T02:35:19.801Z","run_bootstrap",20,"http://client3:8000","run","http://client3:8000/run",1,TRUE,200,1110,251,3.55552840232849,"2026-05-22T02:35:16.008376Z","2026-05-22T02:35:19.563904Z",1779417316.00838,1779417319.5639,0.000499,0.000582,0.000623,3.540937,3.541122,3.540314,0.000185000000000102,3.3843,0.171228402328491
"2026-05-22T02:35:23.521Z","run_bootstrap",21,"http://client1:8000","run","http://client1:8000/run",1,TRUE,200,1109,251,3.70450782775879,"2026-05-22T02:35:19.812416Z","2026-05-22T02:35:23.516924Z",1779417319.81242,1779417323.51692,0.000509,0.000601,0.000641,3.689901,3.689942,3.68926,4.09999999999577e-05,3.6832,0.0213078277587893
"2026-05-22T02:35:23.521Z","run_bootstrap",21,"http://client2:8000","run","http://client2:8000/run",1,TRUE,200,1109,254,3.41925024986267,"2026-05-22T02:35:19.813171Z","2026-05-22T02:35:23.232421Z",1779417319.81317,1779417323.23242,0.000529,0.000606,0.000641,3.404624,3.404671,3.403983,4.69999999999082e-05,3.3982,0.0210502498626708
"2026-05-22T02:35:23.521Z","run_bootstrap",21,"http://client3:8000","run","http://client3:8000/run",1,TRUE,200,1109,251,3.2422821521759,"2026-05-22T02:35:19.813720Z","2026-05-22T02:35:23.056002Z",1779417319.81372,1779417323.056,0.000499,0.000572,0.000598,3.228248,3.228293,3.22765,4.50000000000728e-05,3.2216,0.0206821521759033
"2026-05-22T02:35:27.245Z","run_bootstrap",22,"http://client1:8000","run","http://client1:8000/run",1,TRUE,200,1109,251,3.44095087051392,"2026-05-22T02:35:23.539989Z","2026-05-22T02:35:26.980940Z",1779417323.53999,1779417326.98094,0.000674,0.000778,0.000813,3.426619,3.426663,3.425806,4.3999999999933e-05,3.4194,0.021550870513916
"2026-05-22T02:35:27.245Z","run_bootstrap",22,"http://client2:8000","run","http://client2:8000/run",1,TRUE,200,1109,254,3.69978213310242,"2026-05-22T02:35:23.541057Z","2026-05-22T02:35:27.240839Z",1779417323.54106,1779417327.24084,0.000525,0.000601,0.000631,3.680019,3.680065,3.679388,4.59999999997684e-05,3.6731,0.0266821331024172
"2026-05-22T02:35:27.245Z","run_bootstrap",22,"http://client3:8000","run","http://client3:8000/run",1,TRUE,200,1109,251,3.40221500396729,"2026-05-22T02:35:23.541622Z","2026-05-22T02:35:26.943837Z",1779417323.54162,1779417326.94384,0.000444,0.000545,0.000569,3.384564,3.384606,3.383995,4.19999999996534e-05,3.3741,0.0281150039672853
"2026-05-22T02:35:30.996Z","run_bootstrap",23,"http://client1:8000","run","http://client1:8000/run",1,TRUE,200,1106,247,3.7334930896759,"2026-05-22T02:35:27.258592Z","2026-05-22T02:35:30.992085Z",1779417327.25859,1779417330.99209,0.000453,0.000543,0.000581,3.716473,3.716517,3.715892,4.3999999999933e-05,3.7093,0.0241930896759035
"2026-05-22T02:35:30.996Z","run_bootstrap",23,"http://client2:8000","run","http://client2:8000/run",1,TRUE,200,1106,254,3.54957818984985,"2026-05-22T02:35:27.259218Z","2026-05-22T02:35:30.808797Z",1779417327.25922,1779417330.8088,0.000773,0.000894,0.000935,3.534524,3.534569,3.533589,4.49999999996287e-05,3.5275,0.0220781898498537
"2026-05-22T02:35:30.996Z","run_bootstrap",23,"http://client3:8000","run","http://client3:8000/run",1,TRUE,200,1106,250,3.27032566070557,"2026-05-22T02:35:27.259814Z","2026-05-22T02:35:30.530140Z",1779417327.25981,1779417330.53014,0.000497,0.000601,0.000666,3.250218,3.250262,3.249552,4.40000000003771e-05,3.2399,0.0304256607055664
"2026-05-22T02:35:34.575Z","run_bootstrap",24,"http://client1:8000","run","http://client1:8000/run",1,TRUE,200,1106,247,3.48861360549927,"2026-05-22T02:35:31.008830Z","2026-05-22T02:35:34.497443Z",1779417331.00883,1779417334.49744,6e-04,0.000718,0.000756,3.471729,3.47177,3.470973,4.09999999999577e-05,3.4643,0.0243136054992674
"2026-05-22T02:35:34.575Z","run_bootstrap",24,"http://client2:8000","run","http://client2:8000/run",1,TRUE,200,1106,253,3.56108999252319,"2026-05-22T02:35:31.009501Z","2026-05-22T02:35:34.570591Z",1779417331.0095,1779417334.57059,0.000505,0.000623,0.000662,3.544118,3.544183,3.543456,6.49999999997597e-05,3.537,0.0240899925231934
"2026-05-22T02:35:34.575Z","run_bootstrap",24,"http://client3:8000","run","http://client3:8000/run",1,TRUE,200,1106,249,3.54541611671448,"2026-05-22T02:35:31.009955Z","2026-05-22T02:35:34.555371Z",1779417331.00996,1779417334.55537,0.000663,0.000771,0.000807,3.530237,3.530281,3.52943,4.3999999999933e-05,3.523,0.0224161167144774
"2026-05-22T02:35:38.158Z","run_bootstrap",25,"http://client1:8000","run","http://client1:8000/run",1,TRUE,200,1109,251,3.45461010932922,"2026-05-22T02:35:34.586998Z","2026-05-22T02:35:38.041608Z",1779417334.587,1779417338.04161,0.000613,0.000733,0.000768,3.439335,3.439374,3.438567,3.90000000001223e-05,3.4291,0.0255101093292236
"2026-05-22T02:35:38.158Z","run_bootstrap",25,"http://client2:8000","run","http://client2:8000/run",1,TRUE,200,1109,255,3.56237125396729,"2026-05-22T02:35:34.587533Z","2026-05-22T02:35:38.149904Z",1779417334.58753,1779417338.1499,0.00055,0.000667,0.000702,3.545651,3.545691,3.544949,4.0000000000262e-05,3.5388,0.023571253967285
"2026-05-22T02:35:38.158Z","run_bootstrap",25,"http://client3:8000","run","http://client3:8000/run",1,TRUE,200,1109,248,3.56378412246704,"2026-05-22T02:35:34.587977Z","2026-05-22T02:35:38.151761Z",1779417334.58798,1779417338.15176,0.000585,0.000721,0.000755,3.550055,3.550092,3.5493,3.69999999998427e-05,3.543,0.0207841224670409
"2026-05-22T02:35:41.824Z","run_bootstrap",26,"http://client1:8000","run","http://client1:8000/run",1,TRUE,200,1109,251,3.65159606933594,"2026-05-22T02:35:38.168892Z","2026-05-22T02:35:41.820488Z",1779417338.16889,1779417341.82049,0.000643,0.000721,0.000745,3.638823,3.638862,3.638078,3.90000000001223e-05,3.6305,0.0210960693359374
"2026-05-22T02:35:41.824Z","run_bootstrap",26,"http://client2:8000","run","http://client2:8000/run",1,TRUE,200,1109,255,3.47326564788818,"2026-05-22T02:35:38.169409Z","2026-05-22T02:35:41.642674Z",1779417338.16941,1779417341.64267,0.000643,0.000721,0.000743,3.460457,3.460502,3.459714,4.50000000000728e-05,3.4489,0.0243656478881835
"2026-05-22T02:35:41.824Z","run_bootstrap",26,"http://client3:8000","run","http://client3:8000/run",1,TRUE,200,1109,249,3.47119617462158,"2026-05-22T02:35:38.170947Z","2026-05-22T02:35:41.642143Z",1779417338.17095,1779417341.64214,0.000666,0.000745,0.000775,3.455082,3.455126,3.454307,4.3999999999933e-05,3.4463,0.0248961746215821
"2026-05-22T02:35:45.593Z","run_bootstrap",27,"http://client1:8000","run","http://client1:8000/run",1,TRUE,200,1109,250,3.4835045337677,"2026-05-22T02:35:41.835565Z","2026-05-22T02:35:45.319069Z",1779417341.83557,1779417345.31907,0.00048,0.000559,0.000594,3.464626,3.464662,3.464032,3.6000000000147e-05,3.4576,0.0259045337677004
"2026-05-22T02:35:45.593Z","run_bootstrap",27,"http://client2:8000","run","http://client2:8000/run",1,TRUE,200,1109,251,3.75266623497009,"2026-05-22T02:35:41.835987Z","2026-05-22T02:35:45.588653Z",1779417341.83599,1779417345.58865,0.00071,0.000765,0.000786,3.73499,3.735015,3.734204,2.50000000003858e-05,3.728,0.0246662349700926
"2026-05-22T02:35:45.593Z","run_bootstrap",27,"http://client3:8000","run","http://client3:8000/run",1,TRUE,200,1109,251,3.53743004798889,"2026-05-22T02:35:41.835395Z","2026-05-22T02:35:45.372825Z",1779417341.8354,1779417345.37283,0.000598,0.000655,0.000677,3.51848,3.518511,3.517803,3.10000000003363e-05,3.511,0.0264300479888915
"2026-05-22T02:35:49.385Z","run_bootstrap",28,"http://client1:8000","run","http://client1:8000/run",1,TRUE,200,1109,250,3.77105760574341,"2026-05-22T02:35:45.609784Z","2026-05-22T02:35:49.380841Z",1779417345.60978,1779417349.38084,0.000692,0.000774,0.000796,3.756459,3.756508,3.755663,4.90000000001878e-05,3.7491,0.0219576057434083
"2026-05-22T02:35:49.385Z","run_bootstrap",28,"http://client2:8000","run","http://client2:8000/run",1,TRUE,200,1109,251,3.47136664390564,"2026-05-22T02:35:45.610431Z","2026-05-22T02:35:49.081798Z",1779417345.61043,1779417349.0818,0.000606,0.000676,0.000697,3.449114,3.449157,3.448417,4.30000000002373e-05,3.442,0.0293666439056395
"2026-05-22T02:35:49.385Z","run_bootstrap",28,"http://client3:8000","run","http://client3:8000/run",1,TRUE,200,1109,252,3.76314115524292,"2026-05-22T02:35:45.610774Z","2026-05-22T02:35:49.373915Z",1779417345.61077,1779417349.37392,0.000803,0.000866,0.000886,3.741828,3.741878,3.740942,4.99999999998835e-05,3.7346,0.02854115524292
"2026-05-22T02:35:53.175Z","run_bootstrap",29,"http://client1:8000","run","http://client1:8000/run",1,TRUE,200,1110,251,3.77353405952454,"2026-05-22T02:35:49.397437Z","2026-05-22T02:35:53.170971Z",1779417349.39744,1779417353.17097,0.000637,0.000746,0.000781,3.76005,3.760086,3.759269,3.59999999997029e-05,3.7527,0.0208340595245362
"2026-05-22T02:35:53.175Z","run_bootstrap",29,"http://client2:8000","run","http://client2:8000/run",1,TRUE,200,1110,253,3.44009399414062,"2026-05-22T02:35:49.396859Z","2026-05-22T02:35:52.836953Z",1779417349.39686,1779417352.83695,0.000692,8e-04,0.000835,3.426359,3.426406,3.425524,4.69999999999082e-05,3.418,0.0220939941406249
"2026-05-22T02:35:53.175Z","run_bootstrap",29,"http://client3:8000","run","http://client3:8000/run",1,TRUE,200,1110,247,3.48335456848145,"2026-05-22T02:35:49.398577Z","2026-05-22T02:35:52.881932Z",1779417349.39858,1779417352.88193,0.000787,0.000844,0.000876,3.47012,3.470168,3.469244,4.8000000000048e-05,3.462,0.0213545684814451
"2026-05-22T02:35:56.781Z","run_bootstrap",30,"http://client1:8000","run","http://client1:8000/run",1,TRUE,200,1110,251,3.58616590499878,"2026-05-22T02:35:53.187516Z","2026-05-22T02:35:56.773682Z",1779417353.18752,1779417356.77368,0.000581,0.000685,0.000718,3.570225,3.570273,3.569507,4.79999999996039e-05,3.5632,0.0229659049987792
"2026-05-22T02:35:56.781Z","run_bootstrap",30,"http://client2:8000","run","http://client2:8000/run",1,TRUE,200,1110,254,3.48610997200012,"2026-05-22T02:35:53.188131Z","2026-05-22T02:35:56.674241Z",1779417353.18813,1779417356.67424,5e-04,0.00062,0.000656,3.466334,3.466376,3.465678,4.20000000000975e-05,3.4587,0.0274099720001222
"2026-05-22T02:35:56.781Z","run_bootstrap",30,"http://client3:8000","run","http://client3:8000/run",1,TRUE,200,1110,248,3.51287436485291,"2026-05-22T02:35:53.188745Z","2026-05-22T02:35:56.701620Z",1779417353.18875,1779417356.70162,0.000537,0.000651,0.000692,3.493096,3.493136,3.492404,3.9999999999818e-05,3.4863,0.0265743648529053
"2026-05-22T02:36:00.369Z","run_bootstrap",31,"http://client1:8000","run","http://client1:8000/run",1,TRUE,200,1109,252,3.5690541267395,"2026-05-22T02:35:56.795063Z","2026-05-22T02:36:00.364118Z",1779417356.79506,1779417360.36412,0.000738,0.000814,0.000859,3.554507,3.554546,3.553648,3.90000000001223e-05,3.5472,0.0218541267395018
"2026-05-22T02:36:00.369Z","run_bootstrap",31,"http://client2:8000","run","http://client2:8000/run",1,TRUE,200,1109,255,3.473468542099,"2026-05-22T02:35:56.795457Z","2026-05-22T02:36:00.268926Z",1779417356.79546,1779417360.26893,0.000543,0.000632,0.000665,3.457218,3.457369,3.456553,0.00015099999999979,3.4497,0.023768542098999
"2026-05-22T02:36:00.369Z","run_bootstrap",31,"http://client3:8000","run","http://client3:8000/run",1,TRUE,200,1109,251,3.56025528907776,"2026-05-22T02:35:56.795380Z","2026-05-22T02:36:00.355635Z",1779417356.79538,1779417360.35564,0.000537,0.000649,0.000685,3.545758,3.545814,3.545073,5.5999999999834e-05,3.5388,0.0214552890777586
"2026-05-22T02:36:04.150Z","run_bootstrap",32,"http://client1:8000","run","http://client1:8000/run",1,TRUE,200,1109,252,3.48984575271606,"2026-05-22T02:36:00.380609Z","2026-05-22T02:36:03.870455Z",1779417360.38061,1779417363.87046,0.000708,0.000812,0.000846,3.47631,3.476362,3.475464,5.2000000000163e-05,3.4677,0.0221457527160647
"2026-05-22T02:36:04.150Z","run_bootstrap",32,"http://client2:8000","run","http://client2:8000/run",1,TRUE,200,1109,255,3.7045521736145,"2026-05-22T02:36:00.382236Z","2026-05-22T02:36:04.086788Z",1779417360.38224,1779417364.08679,0.000538,0.000627,0.000661,3.69176,3.691812,3.691099,5.2000000000163e-05,3.6845,0.0200521736145021
"2026-05-22T02:36:04.150Z","run_bootstrap",32,"http://client3:8000","run","http://client3:8000/run",1,TRUE,200,1109,251,3.75679755210876,"2026-05-22T02:36:00.383174Z","2026-05-22T02:36:04.139971Z",1779417360.38317,1779417364.13997,0.000421,0.000497,0.000528,3.744284,3.744328,3.743756,4.3999999999933e-05,3.7372,0.0195975521087646
"2026-05-22T02:36:08.017Z","run_bootstrap",33,"http://client1:8000","run","http://client1:8000/run",1,TRUE,200,1110,252,3.84684658050537,"2026-05-22T02:36:04.163968Z","2026-05-22T02:36:08.010814Z",1779417364.16397,1779417368.01081,0.000758,0.000877,0.000911,3.8316,3.831646,3.830689,4.60000000002125e-05,3.8239,0.022946580505371
"2026-05-22T02:36:08.017Z","run_bootstrap",33,"http://client2:8000","run","http://client2:8000/run",1,TRUE,200,1110,252,3.54280138015747,"2026-05-22T02:36:04.165769Z","2026-05-22T02:36:07.708570Z",1779417364.16577,1779417367.70857,0.000693,0.000791,0.000825,3.524129,3.52417,3.523304,4.09999999999577e-05,3.5172,0.0256013801574708
"2026-05-22T02:36:08.017Z","run_bootstrap",33,"http://client3:8000","run","http://client3:8000/run",1,TRUE,200,1110,249,3.78800082206726,"2026-05-22T02:36:04.166192Z","2026-05-22T02:36:07.954192Z",1779417364.16619,1779417367.95419,0.000633,0.000736,0.00076,3.769265,3.769306,3.768505,4.09999999999577e-05,3.7618,0.0262008220672607
"2026-05-22T02:36:11.811Z","run_bootstrap",34,"http://client1:8000","run","http://client1:8000/run",1,TRUE,200,1110,251,3.77479863166809,"2026-05-22T02:36:08.030409Z","2026-05-22T02:36:11.805208Z",1779417368.03041,1779417371.80521,0.000713,0.000841,0.000876,3.760268,3.760309,3.759392,4.09999999999577e-05,3.752,0.022798631668091
"2026-05-22T02:36:11.811Z","run_bootstrap",34,"http://client2:8000","run","http://client2:8000/run",1,TRUE,200,1110,252,3.64379167556763,"2026-05-22T02:36:08.029826Z","2026-05-22T02:36:11.673618Z",1779417368.02983,1779417371.67362,0.000596,0.000703,0.000738,3.630124,3.630171,3.629386,4.69999999999082e-05,3.6229,0.0208916755676269
"2026-05-22T02:36:11.811Z","run_bootstrap",34,"http://client3:8000","run","http://client3:8000/run",1,TRUE,200,1110,249,3.37101626396179,"2026-05-22T02:36:08.031615Z","2026-05-22T02:36:11.402631Z",1779417368.03162,1779417371.40263,0.000638,0.000745,0.000779,3.35566,3.355703,3.354881,4.30000000002373e-05,3.3483,0.0227162639617919
"2026-05-22T02:36:15.684Z","run_bootstrap",35,"http://client1:8000","run","http://client1:8000/run",1,TRUE,200,1110,250,3.56570172309875,"2026-05-22T02:36:11.823542Z","2026-05-22T02:36:15.389244Z",1779417371.82354,1779417375.38924,0.000403,0.000488,0.000518,3.550985,3.551028,3.550467,4.30000000002373e-05,3.5429,0.0228017230987549
"2026-05-22T02:36:15.684Z","run_bootstrap",35,"http://client2:8000","run","http://client2:8000/run",1,TRUE,200,1110,252,3.66571569442749,"2026-05-22T02:36:11.824163Z","2026-05-22T02:36:15.489879Z",1779417371.82416,1779417375.48988,0.000572,0.000658,0.000688,3.645778,3.645821,3.64509,4.30000000002373e-05,3.6389,0.0268156944274902
"2026-05-22T02:36:15.684Z","run_bootstrap",35,"http://client3:8000","run","http://client3:8000/run",1,TRUE,200,1110,251,3.85675168037415,"2026-05-22T02:36:11.823612Z","2026-05-22T02:36:15.680364Z",1779417371.82361,1779417375.68036,0.000765,0.000853,0.000876,3.843665,3.843698,3.842789,3.29999999997277e-05,3.8358,0.0209516803741456
"2026-05-22T02:36:19.428Z","run_bootstrap",36,"http://client1:8000","run","http://client1:8000/run",1,TRUE,200,1110,250,3.71385455131531,"2026-05-22T02:36:15.696749Z","2026-05-22T02:36:19.410604Z",1779417375.69675,1779417379.4106,7e-04,0.000807,0.00084,3.698691,3.698733,3.697851,4.19999999996534e-05,3.6913,0.0225545513153076
"2026-05-22T02:36:19.428Z","run_bootstrap",36,"http://client2:8000","run","http://client2:8000/run",1,TRUE,200,1110,252,3.60994458198547,"2026-05-22T02:36:15.697303Z","2026-05-22T02:36:19.307248Z",1779417375.6973,1779417379.30725,0.000661,0.000775,0.000812,3.590692,3.59073,3.58988,3.79999999999825e-05,3.5835,0.0264445819854737
"2026-05-22T02:36:19.428Z","run_bootstrap",36,"http://client3:8000","run","http://client3:8000/run",1,TRUE,200,1110,250,3.72525596618652,"2026-05-22T02:36:15.697905Z","2026-05-22T02:36:19.423161Z",1779417375.69791,1779417379.42316,0.00054,0.000606,0.000627,3.705713,3.705753,3.705086,4.0000000000262e-05,3.698,0.0272559661865235
"2026-05-22T02:36:23.188Z","run_bootstrap",37,"http://client1:8000","run","http://client1:8000/run",1,TRUE,200,1110,252,3.74235367774963,"2026-05-22T02:36:19.438902Z","2026-05-22T02:36:23.181256Z",1779417379.4389,1779417383.18126,0.000765,0.000879,0.000915,3.728125,3.728167,3.72721,4.20000000000975e-05,3.7198,0.0225536777496336
"2026-05-22T02:36:23.188Z","run_bootstrap",37,"http://client2:8000","run","http://client2:8000/run",1,TRUE,200,1110,255,3.6278133392334,"2026-05-22T02:36:19.440968Z","2026-05-22T02:36:23.068782Z",1779417379.44097,1779417383.06878,0.000552,0.000631,0.000664,3.607454,3.607499,3.60679,4.49999999996287e-05,3.6001,0.0277133392333986
"2026-05-22T02:36:23.188Z","run_bootstrap",37,"http://client3:8000","run","http://client3:8000/run",1,TRUE,200,1110,252,3.72632527351379,"2026-05-22T02:36:19.441479Z","2026-05-22T02:36:23.167805Z",1779417379.44148,1779417383.16781,0.000483,0.000598,0.000632,3.711878,3.711919,3.711246,4.09999999999577e-05,3.7048,0.0215252735137939
"2026-05-22T02:36:26.904Z","run_bootstrap",38,"http://client1:8000","run","http://client1:8000/run",1,TRUE,200,1110,252,3.65438508987427,"2026-05-22T02:36:23.199459Z","2026-05-22T02:36:26.853844Z",1779417383.19946,1779417386.85384,0.000523,0.000611,0.000634,3.632802,3.632847,3.632168,4.50000000000728e-05,3.6238,0.0305850898742674
"2026-05-22T02:36:26.904Z","run_bootstrap",38,"http://client2:8000","run","http://client2:8000/run",1,TRUE,200,1110,255,3.69996523857117,"2026-05-22T02:36:23.200014Z","2026-05-22T02:36:26.899979Z",1779417383.20001,1779417386.89998,0.000679,0.000749,0.000784,3.680397,3.680441,3.679613,4.3999999999933e-05,3.6727,0.0272652385711671
"2026-05-22T02:36:26.904Z","run_bootstrap",38,"http://client3:8000","run","http://client3:8000/run",1,TRUE,200,1110,252,3.53864216804504,"2026-05-22T02:36:23.200564Z","2026-05-22T02:36:26.739206Z",1779417383.20056,1779417386.73921,0.000575,0.000686,0.000722,3.519607,3.519657,3.518885,4.99999999998835e-05,3.5119,0.0267421680450441
"2026-05-22T02:36:30.689Z","run_bootstrap",39,"http://client1:8000","run","http://client1:8000/run",1,TRUE,200,1107,253,3.6770806312561,"2026-05-22T02:36:26.919457Z","2026-05-22T02:36:30.596538Z",1779417386.91946,1779417390.59654,0.000541,0.000619,0.000646,3.663139,3.663183,3.662493,4.3999999999933e-05,3.6538,0.0232806312561036
"2026-05-22T02:36:30.689Z","run_bootstrap",39,"http://client2:8000","run","http://client2:8000/run",1,TRUE,200,1107,255,3.76305651664734,"2026-05-22T02:36:26.920642Z","2026-05-22T02:36:30.683699Z",1779417386.92064,1779417390.6837,0.000489,0.000566,0.000602,3.74409,3.744132,3.743488,4.20000000000975e-05,3.7364,0.0266565166473387
"2026-05-22T02:36:30.689Z","run_bootstrap",39,"http://client3:8000","run","http://client3:8000/run",1,TRUE,200,1107,252,3.70601606369019,"2026-05-22T02:36:26.919612Z","2026-05-22T02:36:30.625628Z",1779417386.91961,1779417390.62563,0.000609,0.000662,0.000684,3.692271,3.692315,3.691587,4.3999999999933e-05,3.6853,0.0207160636901857
"2026-05-22T02:36:34.679Z","run_bootstrap",40,"http://client1:8000","run","http://client1:8000/run",1,TRUE,200,1107,252,3.80601835250854,"2026-05-22T02:36:30.701855Z","2026-05-22T02:36:34.507873Z",1779417390.70186,1779417394.50787,0.000514,0.000651,0.000696,3.786457,3.7865,3.785761,4.30000000002373e-05,3.635,0.171018352508545
"2026-05-22T02:36:34.679Z","run_bootstrap",40,"http://client2:8000","run","http://client2:8000/run",1,TRUE,200,1107,255,3.74984908103943,"2026-05-22T02:36:30.702393Z","2026-05-22T02:36:34.452242Z",1779417390.70239,1779417394.45224,0.000635,0.000742,0.00078,3.733233,3.733266,3.732453,3.30000000001718e-05,3.5839,0.165949081039429
"2026-05-22T02:36:34.679Z","run_bootstrap",40,"http://client3:8000","run","http://client3:8000/run",1,TRUE,200,1107,251,3.97148871421814,"2026-05-22T02:36:30.702877Z","2026-05-22T02:36:34.674365Z",1779417390.70288,1779417394.67437,0.00066,0.000792,0.000828,3.954093,3.95413,3.953265,3.70000000002868e-05,3.804,0.16748871421814
"2026-05-22T02:36:38.341Z","run_bootstrap",41,"http://client1:8000","run","http://client1:8000/run",1,TRUE,200,1108,250,3.37876653671265,"2026-05-22T02:36:34.690545Z","2026-05-22T02:36:38.069311Z",1779417394.69055,1779417398.06931,0.000731,0.000827,0.000865,3.36008,3.360123,3.359215,4.30000000002373e-05,3.3531,0.0256665367126465
"2026-05-22T02:36:38.341Z","run_bootstrap",41,"http://client2:8000","run","http://client2:8000/run",1,TRUE,200,1108,253,3.64541268348694,"2026-05-22T02:36:34.691169Z","2026-05-22T02:36:38.336582Z",1779417394.69117,1779417398.33658,0.000688,0.000772,0.000799,3.628128,3.628163,3.627329,3.50000000000072e-05,3.6217,0.0237126834869383
"2026-05-22T02:36:38.341Z","run_bootstrap",41,"http://client3:8000","run","http://client3:8000/run",1,TRUE,200,1108,252,3.37837028503418,"2026-05-22T02:36:34.691869Z","2026-05-22T02:36:38.070239Z",1779417394.69187,1779417398.07024,0.000732,0.000827,0.000865,3.361257,3.361301,3.360392,4.3999999999933e-05,3.3548,0.0235702850341797
"2026-05-22T02:36:42.025Z","run_bootstrap",42,"http://client1:8000","run","http://client1:8000/run",1,TRUE,200,1108,250,3.35060834884644,"2026-05-22T02:36:38.353281Z","2026-05-22T02:36:41.703889Z",1779417398.35328,1779417401.70389,0.000662,0.000795,0.000829,3.334058,3.3341,3.333229,4.19999999996534e-05,3.3265,0.0241083488464358
"2026-05-22T02:36:42.025Z","run_bootstrap",42,"http://client2:8000","run","http://client2:8000/run",1,TRUE,200,1108,253,3.47359704971313,"2026-05-22T02:36:38.354009Z","2026-05-22T02:36:41.827606Z",1779417398.35401,1779417401.82761,0.000567,0.00068,0.000715,3.454062,3.454104,3.453347,4.20000000000975e-05,3.4463,0.0272970497131348
"2026-05-22T02:36:42.025Z","run_bootstrap",42,"http://client3:8000","run","http://client3:8000/run",1,TRUE,200,1108,251,3.6636643409729,"2026-05-22T02:36:38.354556Z","2026-05-22T02:36:42.018220Z",1779417398.35456,1779417402.01822,0.000586,0.000693,0.000727,3.645917,3.645969,3.64519,5.2000000000163e-05,3.639,0.0246643409729006
"2026-05-22T02:36:45.721Z","run_bootstrap",43,"http://client1:8000","run","http://client1:8000/run",1,TRUE,200,1107,251,3.44107103347778,"2026-05-22T02:36:42.037531Z","2026-05-22T02:36:45.478602Z",1779417402.03753,1779417405.4786,0.000768,0.000837,0.000857,3.421153,3.421198,3.420296,4.50000000000728e-05,3.4035,0.037571033477783
"2026-05-22T02:36:45.721Z","run_bootstrap",43,"http://client2:8000","run","http://client2:8000/run",1,TRUE,200,1107,255,3.6761589050293,"2026-05-22T02:36:42.038110Z","2026-05-22T02:36:45.714269Z",1779417402.03811,1779417405.71427,0.000481,0.000606,0.000769,3.656718,3.656766,3.655949,4.8000000000048e-05,3.6395,0.0366589050292969
"2026-05-22T02:36:45.721Z","run_bootstrap",43,"http://client3:8000","run","http://client3:8000/run",1,TRUE,200,1107,252,3.46407246589661,"2026-05-22T02:36:42.039806Z","2026-05-22T02:36:45.503878Z",1779417402.03981,1779417405.50388,0.000553,0.00063,0.000661,3.445269,3.445298,3.444608,2.90000000000568e-05,3.4281,0.0359724658966063
"2026-05-22T02:36:49.397Z","run_bootstrap",44,"http://client1:8000","run","http://client1:8000/run",1,TRUE,200,1107,251,3.58749556541443,"2026-05-22T02:36:45.737349Z","2026-05-22T02:36:49.324845Z",1779417405.73735,1779417409.32485,0.000652,0.000729,0.00075,3.568045,3.568088,3.567295,4.29999999997932e-05,3.5592,0.0282955654144286
"2026-05-22T02:36:49.397Z","run_bootstrap",44,"http://client2:8000","run","http://client2:8000/run",1,TRUE,200,1107,255,3.46455955505371,"2026-05-22T02:36:45.738196Z","2026-05-22T02:36:49.202756Z",1779417405.7382,1779417409.20276,0.000723,0.000778,8e-04,3.446149,3.446182,3.445349,3.29999999997277e-05,3.4383,0.026259555053711
"2026-05-22T02:36:49.397Z","run_bootstrap",44,"http://client3:8000","run","http://client3:8000/run",1,TRUE,200,1107,252,3.65417647361755,"2026-05-22T02:36:45.738854Z","2026-05-22T02:36:49.393031Z",1779417405.73885,1779417409.39303,0.000653,0.000728,0.000751,3.636475,3.636512,3.635724,3.70000000002868e-05,3.6285,0.0256764736175539
"2026-05-22T02:36:53.128Z","run_bootstrap",45,"http://client1:8000","run","http://client1:8000/run",1,TRUE,200,1109,251,3.43714094161987,"2026-05-22T02:36:49.410029Z","2026-05-22T02:36:52.847170Z",1779417409.41003,1779417412.84717,0.00069,8e-04,0.000834,3.421712,3.421751,3.420878,3.90000000001223e-05,3.4145,0.0226409416198732
"2026-05-22T02:36:53.128Z","run_bootstrap",45,"http://client2:8000","run","http://client2:8000/run",1,TRUE,200,1109,255,3.71029829978943,"2026-05-22T02:36:49.410678Z","2026-05-22T02:36:53.120976Z",1779417409.41068,1779417413.12098,0.000397,0.000458,0.000484,3.690488,3.690528,3.690004,3.9999999999818e-05,3.6836,0.0266982997894285
"2026-05-22T02:36:53.128Z","run_bootstrap",45,"http://client3:8000","run","http://client3:8000/run",1,TRUE,200,1109,252,3.30973339080811,"2026-05-22T02:36:49.409979Z","2026-05-22T02:36:52.719713Z",1779417409.40998,1779417412.71971,0.000535,0.000641,0.000677,3.296274,3.296319,3.295597,4.50000000000728e-05,3.2892,0.0205333908081053
"2026-05-22T02:36:56.913Z","run_bootstrap",46,"http://client1:8000","run","http://client1:8000/run",1,TRUE,200,1109,251,3.50827050209045,"2026-05-22T02:36:53.146937Z","2026-05-22T02:36:56.655208Z",1779417413.14694,1779417416.65521,0.000557,0.000662,7e-04,3.487712,3.487755,3.487012,4.29999999997932e-05,3.4806,0.0276705020904542
"2026-05-22T02:36:56.913Z","run_bootstrap",46,"http://client2:8000","run","http://client2:8000/run",1,TRUE,200,1109,255,3.75848460197449,"2026-05-22T02:36:53.147408Z","2026-05-22T02:36:56.905892Z",1779417413.14741,1779417416.90589,0.000685,0.000754,0.000788,3.736983,3.737034,3.736195,5.10000000000232e-05,3.7299,0.0285846019744871
"2026-05-22T02:36:56.913Z","run_bootstrap",46,"http://client3:8000","run","http://client3:8000/run",1,TRUE,200,1109,251,3.6291618347168,"2026-05-22T02:36:53.147859Z","2026-05-22T02:36:56.777021Z",1779417413.14786,1779417416.77702,0.000509,0.000634,0.00067,3.608775,3.608829,3.608105,5.39999999999985e-05,3.602,0.027161834716797
"2026-05-22T02:37:00.726Z","run_bootstrap",47,"http://client1:8000","run","http://client1:8000/run",1,TRUE,200,1108,255,3.74349164962769,"2026-05-22T02:36:56.978593Z","2026-05-22T02:37:00.722084Z",1779417416.97859,1779417420.72208,0.000651,0.000845,0.000911,3.731022,3.731146,3.730111,0.000124000000000013,3.7126,0.0308916496276854
"2026-05-22T02:37:00.726Z","run_bootstrap",47,"http://client2:8000","run","http://client2:8000/run",1,TRUE,200,1108,257,3.41255569458008,"2026-05-22T02:36:56.979942Z","2026-05-22T02:37:00.392498Z",1779417416.97994,1779417420.3925,0.000519,0.000618,0.00065,3.40026,3.400402,3.39961,0.000142000000000309,3.3928,0.0197556945800783
"2026-05-22T02:37:00.726Z","run_bootstrap",47,"http://client3:8000","run","http://client3:8000/run",1,TRUE,200,1108,251,3.59810423851013,"2026-05-22T02:36:56.981523Z","2026-05-22T02:37:00.579628Z",1779417416.98152,1779417420.57963,0.000506,0.000598,0.00063,3.578476,3.578611,3.577846,0.000134999999999774,3.57,0.028104238510132
"2026-05-22T02:37:04.362Z","run_bootstrap",48,"http://client1:8000","run","http://client1:8000/run",1,TRUE,200,1108,255,3.54452419281006,"2026-05-22T02:37:00.737382Z","2026-05-22T02:37:04.281906Z",1779417420.73738,1779417424.28191,0.000728,0.000811,0.000838,3.530819,3.530943,3.529981,0.000124000000000013,3.5237,0.0208241928100588
"2026-05-22T02:37:04.362Z","run_bootstrap",48,"http://client2:8000","run","http://client2:8000/run",1,TRUE,200,1108,257,2.96400690078735,"2026-05-22T02:37:00.739430Z","2026-05-22T02:37:03.703437Z",1779417420.73943,1779417423.70344,0.000571,0.000687,0.000759,2.943518,2.943603,2.942759,8.49999999998907e-05,2.9332,0.0308069007873537
"2026-05-22T02:37:04.362Z","run_bootstrap",48,"http://client3:8000","run","http://client3:8000/run",1,TRUE,200,1108,253,3.61814284324646,"2026-05-22T02:37:00.738852Z","2026-05-22T02:37:04.356995Z",1779417420.73885,1779417424.357,0.000624,0.000699,0.000735,3.604654,3.604784,3.603919,0.000129999999999963,3.5977,0.0204428432464598
"2026-05-22T02:37:08.232Z","run_bootstrap",49,"http://client1:8000","run","http://client1:8000/run",1,TRUE,200,1110,264,3.8542275428772,"2026-05-22T02:37:04.373669Z","2026-05-22T02:37:08.227897Z",1779417424.37367,1779417428.2279,0.000594,0.000709,0.000745,3.837062,3.8372,3.836317,0.000138000000000194,3.8299,0.0243275428771974
"2026-05-22T02:37:08.232Z","run_bootstrap",49,"http://client2:8000","run","http://client2:8000/run",1,TRUE,200,1110,264,3.67784523963928,"2026-05-22T02:37:04.374218Z","2026-05-22T02:37:08.052063Z",1779417424.37422,1779417428.05206,0.000741,0.000855,0.00089,3.663174,3.663338,3.662284,0.000163999999999831,3.6558,0.0220452396392821
"2026-05-22T02:37:08.232Z","run_bootstrap",49,"http://client3:8000","run","http://client3:8000/run",1,TRUE,200,1110,265,3.70590424537659,"2026-05-22T02:37:04.374710Z","2026-05-22T02:37:08.080614Z",1779417424.37471,1779417428.08061,0.000553,0.000624,0.000654,3.688234,3.688391,3.68758,0.000157000000000185,3.6802,0.0257042453765868
"2026-05-22T02:37:12.165Z","run_bootstrap",50,"http://client1:8000","run","http://client1:8000/run",1,TRUE,200,1110,264,3.72569036483765,"2026-05-22T02:37:08.244884Z","2026-05-22T02:37:11.970574Z",1779417428.24488,1779417431.97057,0.000561,0.000633,0.000654,3.70897,3.709113,3.708316,0.000143000000000004,3.7014,0.0242903648376465
"2026-05-22T02:37:12.165Z","run_bootstrap",50,"http://client2:8000","run","http://client2:8000/run",1,TRUE,200,1110,264,3.70814490318298,"2026-05-22T02:37:08.245412Z","2026-05-22T02:37:11.953557Z",1779417428.24541,1779417431.95356,0.000629,0.000685,0.000706,3.692381,3.692528,3.691675,0.000146999999999675,3.6855,0.0226449031829832
"2026-05-22T02:37:12.165Z","run_bootstrap",50,"http://client3:8000","run","http://client3:8000/run",1,TRUE,200,1110,265,3.91519618034363,"2026-05-22T02:37:08.246033Z","2026-05-22T02:37:12.161229Z",1779417428.24603,1779417432.16123,0.000595,0.000655,0.000675,3.900439,3.900561,3.899764,0.000122000000000178,3.8934,0.0217961803436277
"2026-05-22T02:37:15.986Z","run_bootstrap",51,"http://client1:8000","run","http://client1:8000/run",1,TRUE,200,1105,254,3.62977457046509,"2026-05-22T02:37:12.178844Z","2026-05-22T02:37:15.808619Z",1779417432.17884,1779417435.80862,0.000635,0.000756,0.00078,3.614302,3.614434,3.613522,0.000132000000000243,3.604,0.0257745704650878
"2026-05-22T02:37:15.986Z","run_bootstrap",51,"http://client2:8000","run","http://client2:8000/run",1,TRUE,200,1105,257,3.54606056213379,"2026-05-22T02:37:12.179488Z","2026-05-22T02:37:15.725548Z",1779417432.17949,1779417435.72555,0.000765,0.000801,0.000814,3.53125,3.531397,3.530436,0.000147000000000119,3.5195,0.0265605621337892
"2026-05-22T02:37:15.986Z","run_bootstrap",51,"http://client3:8000","run","http://client3:8000/run",1,TRUE,200,1105,256,3.80129742622375,"2026-05-22T02:37:12.180005Z","2026-05-22T02:37:15.981303Z",1779417432.18001,1779417435.9813,0.000737,0.000825,0.000862,3.787088,3.787215,3.786226,0.000127000000000432,3.7761,0.0251974262237549
"2026-05-22T02:37:19.731Z","run_bootstrap",52,"http://client1:8000","run","http://client1:8000/run",1,TRUE,200,1105,255,3.70771503448486,"2026-05-22T02:37:15.999520Z","2026-05-22T02:37:19.707235Z",1779417435.99952,1779417439.70724,0.000586,0.000695,0.000746,3.688472,3.688622,3.687726,0.000150000000000095,3.6804,0.0273150344848632
"2026-05-22T02:37:19.731Z","run_bootstrap",52,"http://client2:8000","run","http://client2:8000/run",1,TRUE,200,1105,257,3.52520966529846,"2026-05-22T02:37:16.000389Z","2026-05-22T02:37:19.525599Z",1779417436.00039,1779417439.5256,0.000777,0.000895,0.00093,3.50135,3.501506,3.50042,0.000156000000000045,3.4928,0.032409665298462
"2026-05-22T02:37:19.731Z","run_bootstrap",52,"http://client3:8000","run","http://client3:8000/run",1,TRUE,200,1105,256,3.72622656822205,"2026-05-22T02:37:16.001187Z","2026-05-22T02:37:19.727413Z",1779417436.00119,1779417439.72741,0.000668,0.000735,0.000756,3.702708,3.702841,3.701952,0.000132999999999939,3.6954,0.0308265682220461
"2026-05-22T02:37:23.382Z","run_bootstrap",53,"http://client1:8000","run","http://client1:8000/run",1,TRUE,200,1109,254,3.63246703147888,"2026-05-22T02:37:19.744369Z","2026-05-22T02:37:23.376836Z",1779417439.74437,1779417443.37684,0.000525,0.000606,0.000629,3.618676,3.618803,3.618047,0.000127000000000432,3.611,0.0214670314788816
"2026-05-22T02:37:23.382Z","run_bootstrap",53,"http://client2:8000","run","http://client2:8000/run",1,TRUE,200,1109,256,3.57918906211853,"2026-05-22T02:37:19.745126Z","2026-05-22T02:37:23.324315Z",1779417439.74513,1779417443.32432,0.000583,0.000646,0.000664,3.566143,3.566268,3.565479,0.000125000000000153,3.5579,0.0212890621185302
"2026-05-22T02:37:23.382Z","run_bootstrap",53,"http://client3:8000","run","http://client3:8000/run",1,TRUE,200,1109,257,3.59907245635986,"2026-05-22T02:37:19.746357Z","2026-05-22T02:37:23.345429Z",1779417439.74636,1779417443.34543,0.000493,0.000582,0.000613,3.58727,3.58737,3.586657,9.99999999997669e-05,3.5802,0.0188724563598632
"2026-05-22T02:37:27.212Z","run_bootstrap",54,"http://client1:8000","run","http://client1:8000/run",1,TRUE,200,1109,254,3.81106662750244,"2026-05-22T02:37:23.394754Z","2026-05-22T02:37:27.205821Z",1779417443.39475,1779417447.20582,0.000525,0.000576,0.000598,3.791434,3.791564,3.790836,0.000129999999999963,3.784,0.0270666275024416
"2026-05-22T02:37:27.212Z","run_bootstrap",54,"http://client2:8000","run","http://client2:8000/run",1,TRUE,200,1109,256,3.52174282073975,"2026-05-22T02:37:23.395245Z","2026-05-22T02:37:26.916988Z",1779417443.39525,1779417446.91699,0.00074,0.000827,0.00085,3.50837,3.508505,3.50752,0.000134999999999774,3.5011,0.020642820739746
"2026-05-22T02:37:27.212Z","run_bootstrap",54,"http://client3:8000","run","http://client3:8000/run",1,TRUE,200,1109,257,3.62264156341553,"2026-05-22T02:37:23.395784Z","2026-05-22T02:37:27.018426Z",1779417443.39578,1779417447.01843,0.000515,0.000568,0.000585,3.60759,3.607719,3.607005,0.000128999999999824,3.6007,0.0219415634155276
"2026-05-22T02:37:31.059Z","run_bootstrap",55,"http://client1:8000","run","http://client1:8000/run",1,TRUE,200,1109,251,3.52804851531982,"2026-05-22T02:37:27.223937Z","2026-05-22T02:37:30.751986Z",1779417447.22394,1779417450.75199,0.00062,0.000722,0.000755,3.506794,3.506877,3.506039,8.29999999996112e-05,3.4952,0.0328485153198241
"2026-05-22T02:37:31.059Z","run_bootstrap",55,"http://client2:8000","run","http://client2:8000/run",1,TRUE,200,1109,255,3.81909942626953,"2026-05-22T02:37:27.224518Z","2026-05-22T02:37:31.043617Z",1779417447.22452,1779417451.04362,0.000539,0.000627,0.00066,3.796608,3.796751,3.795948,0.000143000000000004,3.7897,0.0293994262695314
"2026-05-22T02:37:31.059Z","run_bootstrap",55,"http://client3:8000","run","http://client3:8000/run",1,TRUE,200,1109,255,3.8295726776123,"2026-05-22T02:37:27.225130Z","2026-05-22T02:37:31.054702Z",1779417447.22513,1779417451.0547,0.000402,0.000473,0.000503,3.808853,3.808976,3.80835,0.000122999999999873,3.8017,0.0278726776123048
"2026-05-22T02:37:34.769Z","run_bootstrap",56,"http://client1:8000","run","http://client1:8000/run",1,TRUE,200,1109,251,3.5687997341156,"2026-05-22T02:37:31.071082Z","2026-05-22T02:37:34.639882Z",1779417451.07108,1779417454.63988,0.000705,0.000811,0.000853,3.553843,3.553976,3.55299,0.000132999999999939,3.5465,0.0222997341156006
"2026-05-22T02:37:34.769Z","run_bootstrap",56,"http://client2:8000","run","http://client2:8000/run",1,TRUE,200,1109,255,3.60615968704224,"2026-05-22T02:37:31.072417Z","2026-05-22T02:37:34.678577Z",1779417451.07242,1779417454.67858,0.000414,0.000478,0.000503,3.592157,3.592303,3.591654,0.000145999999999979,3.5855,0.0206596870422362
"2026-05-22T02:37:34.769Z","run_bootstrap",56,"http://client3:8000","run","http://client3:8000/run",1,TRUE,200,1109,255,3.69254326820374,"2026-05-22T02:37:31.072058Z","2026-05-22T02:37:34.764602Z",1779417451.07206,1779417454.7646,0.000625,7e-04,0.000738,3.678737,3.678864,3.677999,0.000126999999999988,3.6721,0.0204432682037354
"2026-05-22T02:37:38.555Z","run_bootstrap",57,"http://client1:8000","run","http://client1:8000/run",1,TRUE,200,1108,254,3.76801753044128,"2026-05-22T02:37:34.782022Z","2026-05-22T02:37:38.550040Z",1779417454.78202,1779417458.55004,0.000387,0.000462,0.00049,3.753254,3.753401,3.752764,0.000147000000000119,3.7464,0.0216175304412842
"2026-05-22T02:37:38.555Z","run_bootstrap",57,"http://client2:8000","run","http://client2:8000/run",1,TRUE,200,1108,256,3.50253534317017,"2026-05-22T02:37:34.782611Z","2026-05-22T02:37:38.285146Z",1779417454.78261,1779417458.28515,0.000414,0.000475,0.000502,3.488251,3.488379,3.487749,0.000128000000000128,3.4813,0.021235343170166
"2026-05-22T02:37:38.555Z","run_bootstrap",57,"http://client3:8000","run","http://client3:8000/run",1,TRUE,200,1108,255,3.72955584526062,"2026-05-22T02:37:34.782590Z","2026-05-22T02:37:38.512146Z",1779417454.78259,1779417458.51215,0.000508,0.000587,0.000647,3.715327,3.715435,3.71468,0.000107999999999997,3.7083,0.0212558452606202
"2026-05-22T02:37:42.442Z","run_bootstrap",58,"http://client1:8000","run","http://client1:8000/run",1,TRUE,200,1108,254,3.67114615440369,"2026-05-22T02:37:38.572847Z","2026-05-22T02:37:42.243993Z",1779417458.57285,1779417462.24399,0.000384,0.000471,0.00052,3.657979,3.658109,3.657459,0.000129999999999963,3.6477,0.0234461544036866
"2026-05-22T02:37:42.442Z","run_bootstrap",58,"http://client2:8000","run","http://client2:8000/run",1,TRUE,200,1108,256,3.69268560409546,"2026-05-22T02:37:38.572877Z","2026-05-22T02:37:42.265563Z",1779417458.57288,1779417462.26556,0.000465,0.000544,0.000579,3.677961,3.678064,3.677382,0.000103000000000186,3.6699,0.0227856040954588
"2026-05-22T02:37:42.442Z","run_bootstrap",58,"http://client3:8000","run","http://client3:8000/run",1,TRUE,200,1108,255,3.86684560775757,"2026-05-22T02:37:38.571734Z","2026-05-22T02:37:42.438579Z",1779417458.57173,1779417462.43858,0.000743,0.000849,0.000883,3.854961,3.855094,3.854078,0.000132999999999939,3.8464,0.0204456077575683
"2026-05-22T02:37:46.357Z","run_bootstrap",59,"http://client1:8000","run","http://client1:8000/run",1,TRUE,200,1107,252,3.64544892311096,"2026-05-22T02:37:42.456343Z","2026-05-22T02:37:46.101792Z",1779417462.45634,1779417466.10179,0.000646,0.000751,0.000794,3.627766,3.627884,3.626972,0.000118000000000062,3.6198,0.0256489231109618
"2026-05-22T02:37:46.357Z","run_bootstrap",59,"http://client2:8000","run","http://client2:8000/run",1,TRUE,200,1107,255,3.8955545425415,"2026-05-22T02:37:42.457085Z","2026-05-22T02:37:46.352639Z",1779417462.45709,1779417466.35264,0.000624,0.000743,0.000791,3.875771,3.875919,3.87498,0.000148000000000259,3.8677,0.0278545425415038
"2026-05-22T02:37:46.357Z","run_bootstrap",59,"http://client3:8000","run","http://client3:8000/run",1,TRUE,200,1107,255,3.6192798614502,"2026-05-22T02:37:42.457594Z","2026-05-22T02:37:46.076874Z",1779417462.45759,1779417466.07687,0.000609,0.000728,0.000774,3.59988,3.599973,3.599106,9.29999999996767e-05,3.5905,0.0287798614501953
"2026-05-22T02:37:50.452Z","run_bootstrap",60,"http://client1:8000","run","http://client1:8000/run",1,TRUE,200,1107,252,3.96479392051697,"2026-05-22T02:37:46.369697Z","2026-05-22T02:37:50.334491Z",1779417466.3697,1779417470.33449,0.000662,0.000777,0.000813,3.947696,3.947842,3.946883,0.000145999999999979,3.7941,0.170693920516968
"2026-05-22T02:37:50.452Z","run_bootstrap",60,"http://client2:8000","run","http://client2:8000/run",1,TRUE,200,1107,254,3.75643754005432,"2026-05-22T02:37:46.370423Z","2026-05-22T02:37:50.126861Z",1779417466.37042,1779417470.12686,0.000575,0.000686,0.000723,3.736998,3.737274,3.736275,0.000276000000000387,3.586,0.170437540054321
"2026-05-22T02:37:50.452Z","run_bootstrap",60,"http://client3:8000","run","http://client3:8000/run",1,TRUE,200,1107,255,4.07707357406616,"2026-05-22T02:37:46.371036Z","2026-05-22T02:37:50.448109Z",1779417466.37104,1779417470.44811,0.000527,0.000632,0.000671,4.062997,4.063133,4.062326,0.00013599999999947,3.9016,0.175473574066162
"2026-05-22T02:37:54.174Z","run_bootstrap",61,"http://client1:8000","run","http://client1:8000/run",1,TRUE,200,1108,254,3.42936205863953,"2026-05-22T02:37:50.464060Z","2026-05-22T02:37:53.893422Z",1779417470.46406,1779417473.89342,0.000635,0.000728,0.000763,3.410643,3.410786,3.40988,0.000143000000000004,3.4039,0.0254620586395262
"2026-05-22T02:37:54.174Z","run_bootstrap",61,"http://client2:8000","run","http://client2:8000/run",1,TRUE,200,1108,255,3.47304749488831,"2026-05-22T02:37:50.465105Z","2026-05-22T02:37:53.938153Z",1779417470.46511,1779417473.93815,0.000442,0.000517,0.000553,3.452159,3.452298,3.451606,0.000138999999999889,3.4455,0.0275474948883057
"2026-05-22T02:37:54.174Z","run_bootstrap",61,"http://client3:8000","run","http://client3:8000/run",1,TRUE,200,1108,253,3.70046281814575,"2026-05-22T02:37:50.465702Z","2026-05-22T02:37:54.166165Z",1779417470.4657,1779417474.16617,0.00056,0.000667,0.000706,3.683459,3.683603,3.682753,0.000144000000000144,3.6773,0.0231628181457522
"2026-05-22T02:37:57.854Z","run_bootstrap",62,"http://client1:8000","run","http://client1:8000/run",1,TRUE,200,1108,254,3.50700664520264,"2026-05-22T02:37:54.193608Z","2026-05-22T02:37:57.700614Z",1779417474.19361,1779417477.70061,0.000648,0.000756,0.000797,3.488837,3.488974,3.48804,0.00013699999999961,3.4816,0.0254066452026369
"2026-05-22T02:37:57.854Z","run_bootstrap",62,"http://client2:8000","run","http://client2:8000/run",1,TRUE,200,1108,255,3.65228939056396,"2026-05-22T02:37:54.193993Z","2026-05-22T02:37:57.846283Z",1779417474.19399,1779417477.84628,0.000413,0.000528,0.000581,3.630599,3.630701,3.630018,0.000102000000000046,3.6234,0.0288893905639647
"2026-05-22T02:37:57.854Z","run_bootstrap",62,"http://client3:8000","run","http://client3:8000/run",1,TRUE,200,1108,253,3.43102264404297,"2026-05-22T02:37:54.193031Z","2026-05-22T02:37:57.624053Z",1779417474.19303,1779417477.62405,0.000585,0.00069,0.000732,3.416442,3.416585,3.41571,0.000143000000000004,3.4094,0.0216226440429685
"2026-05-22T02:38:01.601Z","run_bootstrap",63,"http://client1:8000","run","http://client1:8000/run",1,TRUE,200,1104,253,3.45624423027039,"2026-05-22T02:37:57.866253Z","2026-05-22T02:38:01.322497Z",1779417477.86625,1779417481.3225,0.000685,0.00079,0.000825,3.438847,3.439024,3.438022,0.000176999999999872,3.4201,0.0361442302703856
"2026-05-22T02:38:01.601Z","run_bootstrap",63,"http://client2:8000","run","http://client2:8000/run",1,TRUE,200,1104,257,3.6305091381073,"2026-05-22T02:37:57.866902Z","2026-05-22T02:38:01.497411Z",1779417477.8669,1779417481.49741,0.000733,0.000846,0.000884,3.607968,3.608096,3.607084,0.000128000000000128,3.5918,0.0387091381072997
"2026-05-22T02:38:01.601Z","run_bootstrap",63,"http://client3:8000","run","http://client3:8000/run",1,TRUE,200,1104,252,3.72780323028564,"2026-05-22T02:37:57.867471Z","2026-05-22T02:38:01.595274Z",1779417477.86747,1779417481.59527,0.000506,0.000576,0.000604,3.704287,3.704453,3.703683,0.000166000000000111,3.6885,0.0393032302856446
"2026-05-22T02:38:05.332Z","run_bootstrap",64,"http://client1:8000","run","http://client1:8000/run",1,TRUE,200,1104,253,3.71045327186584,"2026-05-22T02:38:01.617557Z","2026-05-22T02:38:05.328010Z",1779417481.61756,1779417485.32801,0.000767,0.000859,0.000881,3.690666,3.690783,3.689785,0.000117000000000367,3.6831,0.0273532718658447
"2026-05-22T02:38:05.332Z","run_bootstrap",64,"http://client2:8000","run","http://client2:8000/run",1,TRUE,200,1104,257,3.42791652679443,"2026-05-22T02:38:01.618450Z","2026-05-22T02:38:05.046367Z",1779417481.61845,1779417485.04637,0.000598,0.000686,0.00072,3.407532,3.407659,3.406812,0.000127000000000432,3.3984,0.0295165267944335
"2026-05-22T02:38:05.332Z","run_bootstrap",64,"http://client3:8000","run","http://client3:8000/run",1,TRUE,200,1104,252,3.52241110801697,"2026-05-22T02:38:01.619240Z","2026-05-22T02:38:05.141651Z",1779417481.61924,1779417485.14165,0.000565,0.000674,0.000707,3.504931,3.505079,3.504224,0.000147999999999815,3.4969,0.0255111080169677
"2026-05-22T02:38:09.066Z","run_bootstrap",65,"http://client1:8000","run","http://client1:8000/run",1,TRUE,200,1109,253,3.71763253211975,"2026-05-22T02:38:05.344003Z","2026-05-22T02:38:09.061636Z",1779417485.344,1779417489.06164,0.000835,0.000933,0.000976,3.702684,3.702825,3.701708,0.000140999999999725,3.6952,0.0224325321197512
"2026-05-22T02:38:09.066Z","run_bootstrap",65,"http://client2:8000","run","http://client2:8000/run",1,TRUE,200,1109,257,3.43011498451233,"2026-05-22T02:38:05.344564Z","2026-05-22T02:38:08.774679Z",1779417485.34456,1779417488.77468,0.000853,0.000933,0.000974,3.415923,3.416076,3.414949,0.00015300000000007,3.4088,0.0213149845123293
"2026-05-22T02:38:09.066Z","run_bootstrap",65,"http://client3:8000","run","http://client3:8000/run",1,TRUE,200,1109,252,3.54637837409973,"2026-05-22T02:38:05.345096Z","2026-05-22T02:38:08.891475Z",1779417485.3451,1779417488.89148,0.00079,0.000915,0.000965,3.532012,3.532176,3.531047,0.000164000000000275,3.5248,0.0215783740997315
"2026-05-22T02:38:12.814Z","run_bootstrap",66,"http://client1:8000","run","http://client1:8000/run",1,TRUE,200,1109,253,3.44865202903748,"2026-05-22T02:38:09.077636Z","2026-05-22T02:38:12.526288Z",1779417489.07764,1779417492.52629,0.00068,0.000789,0.000825,3.434221,3.434334,3.433396,0.000113000000000252,3.4267,0.0219520290374757
"2026-05-22T02:38:12.814Z","run_bootstrap",66,"http://client2:8000","run","http://client2:8000/run",1,TRUE,200,1109,257,3.64665484428406,"2026-05-22T02:38:09.079146Z","2026-05-22T02:38:12.725801Z",1779417489.07915,1779417492.7258,0.000602,0.000713,0.000752,3.63321,3.633359,3.632458,0.000148999999999955,3.6264,0.0202548442840578
"2026-05-22T02:38:12.814Z","run_bootstrap",66,"http://client3:8000","run","http://client3:8000/run",1,TRUE,200,1109,252,3.73098111152649,"2026-05-22T02:38:09.078911Z","2026-05-22T02:38:12.809892Z",1779417489.07891,1779417492.80989,0.000445,0.000555,0.000592,3.71714,3.717266,3.716548,0.000125999999999848,3.7102,0.0207811115264893
"2026-05-22T02:38:16.449Z","run_bootstrap",67,"http://client1:8000","run","http://client1:8000/run",1,TRUE,200,1108,252,3.29956531524658,"2026-05-22T02:38:12.825603Z","2026-05-22T02:38:16.125169Z",1779417492.8256,1779417496.12517,0.00068,0.000789,0.000827,3.284703,3.284844,3.283876,0.000141000000000169,3.275,0.0245653152465821
"2026-05-22T02:38:16.449Z","run_bootstrap",67,"http://client2:8000","run","http://client2:8000/run",1,TRUE,200,1108,256,3.57372808456421,"2026-05-22T02:38:12.827615Z","2026-05-22T02:38:16.401343Z",1779417492.82762,1779417496.40134,0.000626,0.000706,0.000739,3.55058,3.550722,3.549841,0.000141999999999864,3.5427,0.031028084564209
"2026-05-22T02:38:16.449Z","run_bootstrap",67,"http://client3:8000","run","http://client3:8000/run",1,TRUE,200,1108,254,3.6170346736908,"2026-05-22T02:38:12.827825Z","2026-05-22T02:38:16.444859Z",1779417492.82783,1779417496.44486,0.000665,0.000759,0.000784,3.598388,3.598507,3.597604,0.000119000000000202,3.5917,0.025334673690796
"2026-05-22T02:38:20.020Z","run_bootstrap",68,"http://client1:8000","run","http://client1:8000/run",1,TRUE,200,1108,253,3.55342292785645,"2026-05-22T02:38:16.462506Z","2026-05-22T02:38:20.015928Z",1779417496.46251,1779417500.01593,0.000617,0.000696,0.000741,3.538744,3.538973,3.538003,0.000229000000000035,3.5312,0.0222229278564452
"2026-05-22T02:38:20.020Z","run_bootstrap",68,"http://client2:8000","run","http://client2:8000/run",1,TRUE,200,1108,256,3.4881546497345,"2026-05-22T02:38:16.463094Z","2026-05-22T02:38:19.951249Z",1779417496.46309,1779417499.95125,0.000484,0.000561,0.000591,3.47423,3.474356,3.473639,0.000126000000000293,3.4676,0.0205546497344971
"2026-05-22T02:38:20.020Z","run_bootstrap",68,"http://client3:8000","run","http://client3:8000/run",1,TRUE,200,1108,254,3.42318105697632,"2026-05-22T02:38:16.463714Z","2026-05-22T02:38:19.886895Z",1779417496.46371,1779417499.8869,0.000473,0.000548,0.000587,3.405941,3.406127,3.405354,0.000186000000000242,3.3991,0.0240810569763186
"2026-05-22T02:38:23.593Z","run_bootstrap",69,"http://client1:8000","run","http://client1:8000/run",1,TRUE,200,1109,254,3.3441686630249,"2026-05-22T02:38:20.031145Z","2026-05-22T02:38:23.375313Z",1779417500.03115,1779417503.37531,0.000744,0.000836,0.000859,3.326118,3.326282,3.325259,0.000163999999999831,3.315,0.0291686630249024
"2026-05-22T02:38:23.593Z","run_bootstrap",69,"http://client2:8000","run","http://client2:8000/run",1,TRUE,200,1109,257,3.497722864151,"2026-05-22T02:38:20.033244Z","2026-05-22T02:38:23.530967Z",1779417500.03324,1779417503.53097,0.000515,0.000597,0.000629,3.480599,3.480733,3.47997,0.000133999999999634,3.4723,0.0254228641510008
"2026-05-22T02:38:23.593Z","run_bootstrap",69,"http://client3:8000","run","http://client3:8000/run",1,TRUE,200,1109,253,3.55311155319214,"2026-05-22T02:38:20.033396Z","2026-05-22T02:38:23.586508Z",1779417500.0334,1779417503.58651,0.000645,0.000721,0.000752,3.536132,3.536281,3.53538,0.000148999999999955,3.5289,0.0242115531921385
"2026-05-22T02:38:27.265Z","run_bootstrap",70,"http://client1:8000","run","http://client1:8000/run",1,TRUE,200,1109,255,3.51133060455322,"2026-05-22T02:38:23.611887Z","2026-05-22T02:38:27.123218Z",1779417503.61189,1779417507.12322,0.000754,0.000863,0.000901,3.496837,3.49698,3.495936,0.000143000000000004,3.4886,0.0227306045532227
"2026-05-22T02:38:27.265Z","run_bootstrap",70,"http://client2:8000","run","http://client2:8000/run",1,TRUE,200,1109,257,3.59609222412109,"2026-05-22T02:38:23.614119Z","2026-05-22T02:38:27.210211Z",1779417503.61412,1779417507.21021,0.00074,0.000861,0.000901,3.581834,3.58199,3.580933,0.000155999999999601,3.5748,0.0212922241210936
"2026-05-22T02:38:27.265Z","run_bootstrap",70,"http://client3:8000","run","http://client3:8000/run",1,TRUE,200,1109,253,3.64612698554993,"2026-05-22T02:38:23.614860Z","2026-05-22T02:38:27.260987Z",1779417503.61486,1779417507.26099,0.000523,0.000638,0.000676,3.631617,3.631747,3.630941,0.000129999999999963,3.6247,0.0214269855499269
"2026-05-22T02:38:31.143Z","run_bootstrap",71,"http://client1:8000","run","http://client1:8000/run",1,TRUE,200,1109,255,3.85909843444824,"2026-05-22T02:38:27.277361Z","2026-05-22T02:38:31.136459Z",1779417507.27736,1779417511.13646,0.000514,0.00062,0.000654,3.841439,3.841599,3.840785,0.00016000000000016,3.8344,0.0246984344482422
"2026-05-22T02:38:31.143Z","run_bootstrap",71,"http://client2:8000","run","http://client2:8000/run",1,TRUE,200,1109,257,3.61966681480408,"2026-05-22T02:38:27.278021Z","2026-05-22T02:38:30.897687Z",1779417507.27802,1779417510.89769,0.000622,0.000733,0.00077,3.599055,3.599194,3.598285,0.000138999999999889,3.5906,0.0290668148040774
"2026-05-22T02:38:31.143Z","run_bootstrap",71,"http://client3:8000","run","http://client3:8000/run",1,TRUE,200,1109,251,3.52907180786133,"2026-05-22T02:38:27.278581Z","2026-05-22T02:38:30.807652Z",1779417507.27858,1779417510.80765,0.000625,0.000734,0.000768,3.514778,3.514927,3.51401,0.000148999999999955,3.5066,0.022471807861328
"2026-05-22T02:38:35.009Z","run_bootstrap",72,"http://client1:8000","run","http://client1:8000/run",1,TRUE,200,1109,255,3.84963798522949,"2026-05-22T02:38:31.155737Z","2026-05-22T02:38:35.005375Z",1779417511.15574,1779417515.00538,0.000679,0.000765,0.000789,3.833235,3.833353,3.832446,0.000117999999999618,3.8257,0.0239379852294923
"2026-05-22T02:38:35.009Z","run_bootstrap",72,"http://client2:8000","run","http://client2:8000/run",1,TRUE,200,1109,257,3.62153458595276,"2026-05-22T02:38:31.156208Z","2026-05-22T02:38:34.777743Z",1779417511.15621,1779417514.77774,0.000603,0.000678,0.000711,3.601282,3.60137,3.600571,8.80000000003101e-05,3.5938,0.0277345859527589
"2026-05-22T02:38:35.009Z","run_bootstrap",72,"http://client3:8000","run","http://client3:8000/run",1,TRUE,200,1109,251,3.59156537055969,"2026-05-22T02:38:31.156481Z","2026-05-22T02:38:34.748046Z",1779417511.15648,1779417514.74805,0.000346,0.000436,0.000468,3.574698,3.574819,3.57423,0.000121000000000038,3.5679,0.0236653705596925
"2026-05-22T02:38:38.726Z","run_bootstrap",73,"http://client1:8000","run","http://client1:8000/run",1,TRUE,200,1109,252,3.59507417678833,"2026-05-22T02:38:35.021491Z","2026-05-22T02:38:38.616565Z",1779417515.02149,1779417518.61657,0.000703,0.000808,0.000853,3.580133,3.580245,3.57928,0.000112000000000112,3.5698,0.0252741767883302
"2026-05-22T02:38:38.726Z","run_bootstrap",73,"http://client2:8000","run","http://client2:8000/run",1,TRUE,200,1109,255,3.61734795570374,"2026-05-22T02:38:35.022364Z","2026-05-22T02:38:38.639712Z",1779417515.02236,1779417518.63971,0.000621,0.000691,0.000734,3.603509,3.603645,3.602775,0.000136000000000358,3.5854,0.0319479557037354
"2026-05-22T02:38:38.726Z","run_bootstrap",73,"http://client3:8000","run","http://client3:8000/run",1,TRUE,200,1109,254,3.69722414016724,"2026-05-22T02:38:35.023404Z","2026-05-22T02:38:38.720628Z",1779417515.0234,1779417518.72063,0.000594,0.000682,0.000726,3.683943,3.684097,3.683217,0.000153999999999765,3.6769,0.0203241401672365
"2026-05-22T02:38:42.651Z","run_bootstrap",74,"http://client1:8000","run","http://client1:8000/run",1,TRUE,200,1109,252,3.62282752990723,"2026-05-22T02:38:38.740101Z","2026-05-22T02:38:42.362929Z",1779417518.7401,1779417522.36293,0.000408,0.00049,0.000514,3.602459,3.60265,3.601945,0.000191000000000052,3.5953,0.0275275299072266
"2026-05-22T02:38:42.651Z","run_bootstrap",74,"http://client2:8000","run","http://client2:8000/run",1,TRUE,200,1109,255,3.71302151679993,"2026-05-22T02:38:38.740783Z","2026-05-22T02:38:42.453804Z",1779417518.74078,1779417522.4538,0.000461,0.00054,0.00057,3.692454,3.692598,3.691884,0.0001439999999997,3.6847,0.0283215167999269
"2026-05-22T02:38:42.651Z","run_bootstrap",74,"http://client3:8000","run","http://client3:8000/run",1,TRUE,200,1109,254,3.90541386604309,"2026-05-22T02:38:38.741223Z","2026-05-22T02:38:42.646636Z",1779417518.74122,1779417522.64664,0.000543,0.000629,0.000664,3.886377,3.886538,3.885713,0.000160999999999856,3.8794,0.0260138660430909
"2026-05-22T02:38:46.559Z","run_bootstrap",75,"http://client1:8000","run","http://client1:8000/run",1,TRUE,200,1108,255,3.88795566558838,"2026-05-22T02:38:42.665033Z","2026-05-22T02:38:46.552989Z",1779417522.66503,1779417526.55299,0.000562,0.000644,0.000677,3.871901,3.872037,3.871224,0.000136000000000358,3.8644,0.0235556655883791
"2026-05-22T02:38:46.559Z","run_bootstrap",75,"http://client2:8000","run","http://client2:8000/run",1,TRUE,200,1108,255,3.60869026184082,"2026-05-22T02:38:42.665715Z","2026-05-22T02:38:46.274405Z",1779417522.66572,1779417526.27441,0.000636,0.000752,0.000783,3.591459,3.591611,3.590676,0.00015199999999993,3.584,0.0246902618408202
"2026-05-22T02:38:46.559Z","run_bootstrap",75,"http://client3:8000","run","http://client3:8000/run",1,TRUE,200,1108,254,3.71247482299805,"2026-05-22T02:38:42.665154Z","2026-05-22T02:38:46.377629Z",1779417522.66515,1779417526.37763,0.000711,0.000801,0.000824,3.699384,3.699535,3.69856,0.000151000000000234,3.6906,0.021874822998047
"2026-05-22T02:38:50.461Z","run_bootstrap",76,"http://client1:8000","run","http://client1:8000/run",1,TRUE,200,1108,255,3.61711716651917,"2026-05-22T02:38:46.570559Z","2026-05-22T02:38:50.187676Z",1779417526.57056,1779417530.18768,0.000663,0.000777,0.000812,3.603392,3.603538,3.60258,0.000145999999999979,3.5955,0.0216171665191651
"2026-05-22T02:38:50.461Z","run_bootstrap",76,"http://client2:8000","run","http://client2:8000/run",1,TRUE,200,1108,255,3.88290929794312,"2026-05-22T02:38:46.571389Z","2026-05-22T02:38:50.454298Z",1779417526.57139,1779417530.4543,0.000581,0.000654,0.000683,3.869222,3.869356,3.868539,0.000133999999999634,3.861,0.021909297943115
"2026-05-22T02:38:50.461Z","run_bootstrap",76,"http://client3:8000","run","http://client3:8000/run",1,TRUE,200,1108,254,3.58102226257324,"2026-05-22T02:38:46.573086Z","2026-05-22T02:38:50.154108Z",1779417526.57309,1779417530.15411,0.000504,0.000623,0.000661,3.568239,3.568374,3.567578,0.000134999999999774,3.5581,0.0229222625732421
"2026-05-22T02:38:54.162Z","run_bootstrap",77,"http://client1:8000","run","http://client1:8000/run",1,TRUE,200,1108,254,3.65397000312805,"2026-05-22T02:38:50.471420Z","2026-05-22T02:38:54.125390Z",1779417530.47142,1779417534.12539,0.000752,0.000837,0.000869,3.640188,3.640334,3.639319,0.000145999999999979,3.624,0.0299700031280516
"2026-05-22T02:38:54.162Z","run_bootstrap",77,"http://client2:8000","run","http://client2:8000/run",1,TRUE,200,1108,255,3.67956900596619,"2026-05-22T02:38:50.472849Z","2026-05-22T02:38:54.152418Z",1779417530.47285,1779417534.15242,0.000479,0.000552,0.000582,3.665198,3.665333,3.664616,0.000134999999999774,3.6581,0.0214690059661864
"2026-05-22T02:38:54.162Z","run_bootstrap",77,"http://client3:8000","run","http://client3:8000/run",1,TRUE,200,1108,253,3.68607330322266,"2026-05-22T02:38:50.472216Z","2026-05-22T02:38:54.158289Z",1779417530.47222,1779417534.15829,0.000614,0.000699,0.000723,3.673849,3.673934,3.673126,8.49999999998907e-05,3.6662,0.0198733032226563
"2026-05-22T02:38:58.061Z","run_bootstrap",78,"http://client1:8000","run","http://client1:8000/run",1,TRUE,200,1108,255,3.65289163589478,"2026-05-22T02:38:54.174690Z","2026-05-22T02:38:57.827581Z",1779417534.17469,1779417537.82758,0.000514,0.000584,0.000614,3.634758,3.634898,3.634144,0.000140000000000029,3.6269,0.0259916358947754
"2026-05-22T02:38:58.061Z","run_bootstrap",78,"http://client2:8000","run","http://client2:8000/run",1,TRUE,200,1108,255,3.8813271522522,"2026-05-22T02:38:54.175238Z","2026-05-22T02:38:58.056565Z",1779417534.17524,1779417538.05657,0.000539,0.000604,0.000635,3.866311,3.866445,3.865676,0.000134000000000079,3.8593,0.0220271522521971
"2026-05-22T02:38:58.061Z","run_bootstrap",78,"http://client3:8000","run","http://client3:8000/run",1,TRUE,200,1108,251,3.61352634429932,"2026-05-22T02:38:54.174511Z","2026-05-22T02:38:57.788037Z",1779417534.17451,1779417537.78804,0.000528,0.000643,0.00068,3.598204,3.598299,3.597524,9.49999999999562e-05,3.59,0.0235263442993165
"2026-05-22T02:39:01.818Z","run_bootstrap",79,"http://client1:8000","run","http://client1:8000/run",1,TRUE,200,1109,254,3.73433423042297,"2026-05-22T02:38:58.073503Z","2026-05-22T02:39:01.807837Z",1779417538.0735,1779417541.80784,0.000684,0.000786,0.00082,3.71983,3.719973,3.71901,0.000143000000000004,3.7118,0.0225342304229734
"2026-05-22T02:39:01.818Z","run_bootstrap",79,"http://client2:8000","run","http://client2:8000/run",1,TRUE,200,1109,257,3.66982364654541,"2026-05-22T02:38:58.074980Z","2026-05-22T02:39:01.744803Z",1779417538.07498,1779417541.7448,0.000654,0.00076,0.000797,3.654076,3.654217,3.653279,0.000141000000000169,3.6468,0.0230236465454103
"2026-05-22T02:39:01.818Z","run_bootstrap",79,"http://client3:8000","run","http://client3:8000/run",1,TRUE,200,1109,252,3.73828387260437,"2026-05-22T02:38:58.075293Z","2026-05-22T02:39:01.813577Z",1779417538.07529,1779417541.81358,0.000528,0.000615,0.000645,3.717026,3.717156,3.716381,0.000129999999999963,3.7098,0.0284838726043701
"2026-05-22T02:39:05.863Z","run_bootstrap",80,"http://client1:8000","run","http://client1:8000/run",1,TRUE,200,1109,254,3.90039491653442,"2026-05-22T02:39:01.830757Z","2026-05-22T02:39:05.731152Z",1779417541.83076,1779417545.73115,0.000635,0.000744,0.000781,3.883267,3.883395,3.882486,0.000128000000000128,3.7186,0.181794916534424
"2026-05-22T02:39:05.863Z","run_bootstrap",80,"http://client2:8000","run","http://client2:8000/run",1,TRUE,200,1109,257,3.83888792991638,"2026-05-22T02:39:01.832327Z","2026-05-22T02:39:05.671215Z",1779417541.83233,1779417545.67122,0.000577,0.000665,0.000697,3.820541,3.820668,3.819844,0.000126999999999988,3.6571,0.181787929916382
"2026-05-22T02:39:05.863Z","run_bootstrap",80,"http://client3:8000","run","http://client3:8000/run",1,TRUE,200,1109,252,4.02652430534363,"2026-05-22T02:39:01.832495Z","2026-05-22T02:39:05.859019Z",1779417541.8325,1779417545.85902,0.000639,0.000758,0.000794,4.008461,4.008797,4.007667,0.00033600000000078,3.8529,0.173624305343628
"2026-05-22T02:39:09.709Z","run_bootstrap",81,"http://client1:8000","run","http://client1:8000/run",1,TRUE,200,1107,255,3.68121480941772,"2026-05-22T02:39:05.877190Z","2026-05-22T02:39:09.558405Z",1779417545.87719,1779417549.55841,0.00063,0.000696,0.000723,3.662897,3.663024,3.662174,0.000126999999999988,3.6558,0.0254148094177244
"2026-05-22T02:39:09.709Z","run_bootstrap",81,"http://client2:8000","run","http://client2:8000/run",1,TRUE,200,1107,257,3.82677459716797,"2026-05-22T02:39:05.878164Z","2026-05-22T02:39:09.704938Z",1779417545.87816,1779417549.70494,0.000578,0.000665,0.000695,3.809478,3.809604,3.808783,0.000126000000000293,3.8026,0.0241745971679688
"2026-05-22T02:39:09.709Z","run_bootstrap",81,"http://client3:8000","run","http://client3:8000/run",1,TRUE,200,1107,254,3.66191816329956,"2026-05-22T02:39:05.878865Z","2026-05-22T02:39:09.540783Z",1779417545.87887,1779417549.54078,0.000631,0.000721,0.000765,3.644503,3.644662,3.643738,0.00015900000000002,3.6374,0.0245181632995606
"2026-05-22T02:39:13.746Z","run_bootstrap",82,"http://client1:8000","run","http://client1:8000/run",1,TRUE,200,1107,255,4.01939845085144,"2026-05-22T02:39:09.721835Z","2026-05-22T02:39:13.741234Z",1779417549.72184,1779417553.74123,0.000609,0.000714,0.000749,4.000786,4.000894,4.000037,0.000107999999999997,3.9936,0.0257984508514406
"2026-05-22T02:39:13.746Z","run_bootstrap",82,"http://client2:8000","run","http://client2:8000/run",1,TRUE,200,1107,256,3.75271654129028,"2026-05-22T02:39:09.722502Z","2026-05-22T02:39:13.475219Z",1779417549.7225,1779417553.47522,0.000527,0.000644,0.000686,3.731484,3.731614,3.730798,0.000129999999999963,3.724,0.028716541290283
"2026-05-22T02:39:13.746Z","run_bootstrap",82,"http://client3:8000","run","http://client3:8000/run",1,TRUE,200,1107,254,3.74955010414124,"2026-05-22T02:39:09.723032Z","2026-05-22T02:39:13.472582Z",1779417549.72303,1779417553.47258,0.000614,0.000709,0.00075,3.728936,3.729071,3.728186,0.000134999999999774,3.7201,0.0294501041412354
"2026-05-22T02:39:17.646Z","run_bootstrap",83,"http://client1:8000","run","http://client1:8000/run",1,TRUE,200,1108,254,3.80826234817505,"2026-05-22T02:39:13.757969Z","2026-05-22T02:39:17.566231Z",1779417553.75797,1779417557.56623,0.000548,0.000628,0.00067,3.793536,3.793674,3.792866,0.000138000000000194,3.7858,0.0224623481750488
"2026-05-22T02:39:17.646Z","run_bootstrap",83,"http://client2:8000","run","http://client2:8000/run",1,TRUE,200,1108,254,3.88090395927429,"2026-05-22T02:39:13.758614Z","2026-05-22T02:39:17.639518Z",1779417553.75861,1779417557.63952,0.000523,0.000602,0.000633,3.866031,3.866175,3.865398,0.000144000000000144,3.8586,0.022303959274292
"2026-05-22T02:39:17.646Z","run_bootstrap",83,"http://client3:8000","run","http://client3:8000/run",1,TRUE,200,1108,254,3.8804178237915,"2026-05-22T02:39:13.759245Z","2026-05-22T02:39:17.639663Z",1779417553.75925,1779417557.63966,0.000571,0.000646,0.000686,3.864489,3.864616,3.863803,0.000126999999999988,3.8576,0.0228178237915038
"2026-05-22T02:39:21.722Z","run_bootstrap",84,"http://client1:8000","run","http://client1:8000/run",1,TRUE,200,1108,254,4.0160973072052,"2026-05-22T02:39:17.660786Z","2026-05-22T02:39:21.676883Z",1779417557.66079,1779417561.67688,0.000606,0.00071,0.000744,3.996913,3.997053,3.996169,0.000140000000000029,3.9895,0.0265973072052001
"2026-05-22T02:39:21.722Z","run_bootstrap",84,"http://client2:8000","run","http://client2:8000/run",1,TRUE,200,1108,254,3.84935665130615,"2026-05-22T02:39:17.661039Z","2026-05-22T02:39:21.510395Z",1779417557.66104,1779417561.5104,0.00052,0.000609,0.000644,3.8289,3.829033,3.828256,0.000132999999999939,3.8221,0.0272566513061525
"2026-05-22T02:39:21.722Z","run_bootstrap",84,"http://client3:8000","run","http://client3:8000/run",1,TRUE,200,1108,254,4.05627512931824,"2026-05-22T02:39:17.661329Z","2026-05-22T02:39:21.717604Z",1779417557.66133,1779417561.7176,0.000689,0.000802,0.000837,4.037386,4.037511,4.036549,0.000125000000000597,4.0295,0.0267751293182377
"2026-05-22T02:39:25.800Z","run_bootstrap",85,"http://client1:8000","run","http://client1:8000/run",1,TRUE,200,1108,255,3.93806529045105,"2026-05-22T02:39:21.734585Z","2026-05-22T02:39:25.672650Z",1779417561.73459,1779417565.67265,0.000502,0.000611,0.000646,3.915627,3.915773,3.914981,0.000145999999999979,3.9083,0.0297652904510497
"2026-05-22T02:39:25.800Z","run_bootstrap",85,"http://client2:8000","run","http://client2:8000/run",1,TRUE,200,1108,257,3.85730409622192,"2026-05-22T02:39:21.735218Z","2026-05-22T02:39:25.592522Z",1779417561.73522,1779417565.59252,0.000541,0.000652,0.000695,3.835625,3.835767,3.83493,0.000142000000000309,3.8288,0.0285040962219236
"2026-05-22T02:39:25.800Z","run_bootstrap",85,"http://client3:8000","run","http://client3:8000/run",1,TRUE,200,1108,252,4.05651021003723,"2026-05-22T02:39:21.735612Z","2026-05-22T02:39:25.792122Z",1779417561.73561,1779417565.79212,0.000623,0.000725,0.000759,4.038768,4.038886,4.038009,0.000117999999999618,4.0319,0.0246102100372312
"2026-05-22T02:39:29.560Z","run_bootstrap",86,"http://client1:8000","run","http://client1:8000/run",1,TRUE,200,1108,255,3.58140516281128,"2026-05-22T02:39:25.815518Z","2026-05-22T02:39:29.396923Z",1779417565.81552,1779417569.39692,0.000546,0.000655,0.000695,3.565083,3.565212,3.564388,0.000128999999999824,3.5579,0.0235051628112792
"2026-05-22T02:39:29.560Z","run_bootstrap",86,"http://client2:8000","run","http://client2:8000/run",1,TRUE,200,1108,257,3.52784705162048,"2026-05-22T02:39:25.816073Z","2026-05-22T02:39:29.343920Z",1779417565.81607,1779417569.34392,0.000528,0.000641,0.000676,3.508765,3.508845,3.508089,8.000000000008e-05,3.5018,0.0260470516204836
"2026-05-22T02:39:29.560Z","run_bootstrap",86,"http://client3:8000","run","http://client3:8000/run",1,TRUE,200,1108,252,3.73799514770508,"2026-05-22T02:39:25.815369Z","2026-05-22T02:39:29.553364Z",1779417565.81537,1779417569.55336,0.000652,0.000758,0.000792,3.7242,3.724335,3.723408,0.000134999999999774,3.7174,0.0205951477050781
"2026-05-22T02:39:33.319Z","run_bootstrap",87,"http://client1:8000","run","http://client1:8000/run",1,TRUE,200,1108,256,3.35346221923828,"2026-05-22T02:39:29.623794Z","2026-05-22T02:39:32.977256Z",1779417569.62379,1779417572.97726,0.000766,0.000892,0.000929,3.340399,3.340522,3.33947,0.000122999999999873,3.3136,0.0398622192382811
"2026-05-22T02:39:33.319Z","run_bootstrap",87,"http://client2:8000","run","http://client2:8000/run",1,TRUE,200,1108,256,3.68592071533203,"2026-05-22T02:39:29.626377Z","2026-05-22T02:39:33.312298Z",1779417569.62638,1779417573.3123,0.000722,0.00082,0.000859,3.665123,3.665262,3.664264,0.000138999999999889,3.6564,0.0295207153320312
"2026-05-22T02:39:33.319Z","run_bootstrap",87,"http://client3:8000","run","http://client3:8000/run",1,TRUE,200,1108,254,3.39896416664124,"2026-05-22T02:39:29.626869Z","2026-05-22T02:39:33.025833Z",1779417569.62687,1779417573.02583,0.00071,0.000808,0.000843,3.378548,3.378708,3.377705,0.00016000000000016,3.3701,0.0288641666412355
"2026-05-22T02:39:37.021Z","run_bootstrap",88,"http://client1:8000","run","http://client1:8000/run",1,TRUE,200,1108,256,3.43850469589233,"2026-05-22T02:39:33.336975Z","2026-05-22T02:39:36.775479Z",1779417573.33698,1779417576.77548,0.000611,0.000715,0.000749,3.421724,3.421817,3.420975,9.29999999996767e-05,3.4145,0.0240046958923341
"2026-05-22T02:39:37.021Z","run_bootstrap",88,"http://client2:8000","run","http://client2:8000/run",1,TRUE,200,1108,256,3.67763662338257,"2026-05-22T02:39:33.337305Z","2026-05-22T02:39:37.014942Z",1779417573.33731,1779417577.01494,0.000586,0.000706,0.000745,3.656563,3.656707,3.655818,0.000144000000000144,3.6497,0.0279366233825682
"2026-05-22T02:39:37.021Z","run_bootstrap",88,"http://client3:8000","run","http://client3:8000/run",1,TRUE,200,1108,253,3.44874358177185,"2026-05-22T02:39:33.337694Z","2026-05-22T02:39:36.786437Z",1779417573.33769,1779417576.78644,0.000622,0.000711,0.000746,3.427976,3.428122,3.42723,0.000145999999999979,3.421,0.0277435817718508
"2026-05-22T02:39:40.731Z","run_bootstrap",89,"http://client1:8000","run","http://client1:8000/run",1,TRUE,200,1108,257,3.69200444221497,"2026-05-22T02:39:37.032518Z","2026-05-22T02:39:40.724523Z",1779417577.03252,1779417580.72452,0.000671,0.000774,0.000808,3.678369,3.678515,3.677561,0.000145999999999979,3.6701,0.0219044422149657
"2026-05-22T02:39:40.731Z","run_bootstrap",89,"http://client2:8000","run","http://client2:8000/run",1,TRUE,200,1108,254,3.46002745628357,"2026-05-22T02:39:37.034539Z","2026-05-22T02:39:40.494566Z",1779417577.03454,1779417580.49457,0.000596,0.000684,0.000727,3.440562,3.440661,3.439835,9.90000000000713e-05,3.4338,0.0262274562835692
"2026-05-22T02:39:40.731Z","run_bootstrap",89,"http://client3:8000","run","http://client3:8000/run",1,TRUE,200,1108,253,3.4629807472229,"2026-05-22T02:39:37.034638Z","2026-05-22T02:39:40.497619Z",1779417577.03464,1779417580.49762,0.000591,0.000668,7e-04,3.443414,3.443549,3.442714,0.000134999999999774,3.4365,0.0264807472229003
"2026-05-22T02:39:44.370Z","run_bootstrap",90,"http://client1:8000","run","http://client1:8000/run",1,TRUE,200,1108,257,3.58739829063416,"2026-05-22T02:39:40.744335Z","2026-05-22T02:39:44.331733Z",1779417580.74434,1779417584.33173,0.000532,0.000613,0.000638,3.572121,3.572256,3.571483,0.000134999999999774,3.5651,0.0222982906341551
"2026-05-22T02:39:44.370Z","run_bootstrap",90,"http://client2:8000","run","http://client2:8000/run",1,TRUE,200,1108,254,3.39613342285156,"2026-05-22T02:39:40.744581Z","2026-05-22T02:39:44.140715Z",1779417580.74458,1779417584.14072,0.000573,0.000648,0.000678,3.375971,3.376135,3.375293,0.000164000000000275,3.3683,0.0278334228515624
"2026-05-22T02:39:44.370Z","run_bootstrap",90,"http://client3:8000","run","http://client3:8000/run",1,TRUE,200,1108,250,3.62065553665161,"2026-05-22T02:39:40.744913Z","2026-05-22T02:39:44.365568Z",1779417580.74491,1779417584.36557,0.000617,0.00069,0.000709,3.60675,3.606888,3.606041,0.000138000000000194,3.6,0.0206555366516112
"2026-05-22T02:39:47.918Z","run_bootstrap",91,"http://client1:8000","run","http://client1:8000/run",1,TRUE,200,1108,259,3.41680955886841,"2026-05-22T02:39:44.382268Z","2026-05-22T02:39:47.799078Z",1779417584.38227,1779417587.79908,0.000369,0.000446,0.000468,3.402096,3.402234,3.401628,0.000138000000000194,3.3947,0.0221095588684084
"2026-05-22T02:39:47.918Z","run_bootstrap",91,"http://client2:8000","run","http://client2:8000/run",1,TRUE,200,1108,254,3.53163003921509,"2026-05-22T02:39:44.382424Z","2026-05-22T02:39:47.914054Z",1779417584.38242,1779417587.91405,0.000495,0.000557,0.000576,3.517966,3.518074,3.51739,0.000107999999999997,3.511,0.0206300392150878
"2026-05-22T02:39:47.918Z","run_bootstrap",91,"http://client3:8000","run","http://client3:8000/run",1,TRUE,200,1108,256,3.50475025177002,"2026-05-22T02:39:44.384305Z","2026-05-22T02:39:47.889055Z",1779417584.38431,1779417587.88906,0.00049,0.000573,0.000606,3.491883,3.492035,3.491277,0.00015199999999993,3.4851,0.0196502517700194
"2026-05-22T02:39:51.658Z","run_bootstrap",92,"http://client1:8000","run","http://client1:8000/run",1,TRUE,200,1108,259,3.48277997970581,"2026-05-22T02:39:47.931080Z","2026-05-22T02:39:51.413860Z",1779417587.93108,1779417591.41386,0.000568,0.000676,0.000713,3.46476,3.464907,3.464047,0.000147000000000119,3.4566,0.0261799797058107
"2026-05-22T02:39:51.658Z","run_bootstrap",92,"http://client2:8000","run","http://client2:8000/run",1,TRUE,200,1108,254,3.72150588035583,"2026-05-22T02:39:47.932795Z","2026-05-22T02:39:51.654301Z",1779417587.9328,1779417591.6543,0.000542,0.000607,0.000639,3.70168,3.701805,3.701041,0.000124999999999709,3.695,0.0265058803558351
"2026-05-22T02:39:51.658Z","run_bootstrap",92,"http://client3:8000","run","http://client3:8000/run",1,TRUE,200,1108,256,3.46738982200623,"2026-05-22T02:39:47.933150Z","2026-05-22T02:39:51.400540Z",1779417587.93315,1779417591.40054,0.000571,0.000646,0.000677,3.443191,3.44333,3.442514,0.000138999999999889,3.4362,0.0311898220062257
"2026-05-22T02:39:55.238Z","run_bootstrap",93,"http://client1:8000","run","http://client1:8000/run",1,TRUE,200,1109,256,3.56141448020935,"2026-05-22T02:39:51.671463Z","2026-05-22T02:39:55.232878Z",1779417591.67146,1779417595.23288,0.00075,0.000871,0.000908,3.547668,3.547815,3.54676,0.000147000000000119,3.5401,0.0213144802093508
"2026-05-22T02:39:55.238Z","run_bootstrap",93,"http://client2:8000","run","http://client2:8000/run",1,TRUE,200,1109,255,3.55141544342041,"2026-05-22T02:39:51.673722Z","2026-05-22T02:39:55.225137Z",1779417591.67372,1779417595.22514,0.00048,0.000579,0.000616,3.529592,3.529725,3.528976,0.000132999999999939,3.5228,0.02861544342041
"2026-05-22T02:39:55.238Z","run_bootstrap",93,"http://client3:8000","run","http://client3:8000/run",1,TRUE,200,1109,255,3.52697253227234,"2026-05-22T02:39:51.674140Z","2026-05-22T02:39:55.201113Z",1779417591.67414,1779417595.20111,0.000557,0.000647,0.000681,3.505504,3.505658,3.504823,0.000153999999999765,3.4985,0.0284725322723389
"2026-05-22T02:39:59.051Z","run_bootstrap",94,"http://client1:8000","run","http://client1:8000/run",1,TRUE,200,1109,256,3.79382562637329,"2026-05-22T02:39:55.250512Z","2026-05-22T02:39:59.044338Z",1779417595.25051,1779417599.04434,0.000409,0.000515,0.000555,3.777233,3.777314,3.776678,8.10000000002198e-05,3.7698,0.024025626373291
"2026-05-22T02:39:59.051Z","run_bootstrap",94,"http://client2:8000","run","http://client2:8000/run",1,TRUE,200,1109,254,3.71270871162415,"2026-05-22T02:39:55.250784Z","2026-05-22T02:39:58.963493Z",1779417595.25078,1779417598.96349,0.000359,0.000436,0.000459,3.699918,3.700033,3.699459,0.000115000000000087,3.693,0.0197087116241454
"2026-05-22T02:39:59.051Z","run_bootstrap",94,"http://client3:8000","run","http://client3:8000/run",1,TRUE,200,1109,255,3.50879335403442,"2026-05-22T02:39:55.249856Z","2026-05-22T02:39:58.758649Z",1779417595.24986,1779417598.75865,0.000462,0.000516,0.000533,3.494605,3.494753,3.494072,0.000148000000000259,3.4865,0.0222933540344239
"2026-05-22T02:40:02.887Z","run_bootstrap",95,"http://client1:8000","run","http://client1:8000/run",1,TRUE,200,1108,255,3.59900975227356,"2026-05-22T02:39:59.067615Z","2026-05-22T02:40:02.666625Z",1779417599.06762,1779417602.66663,0.000702,0.000811,0.000846,3.584485,3.584642,3.583639,0.000157000000000185,3.5771,0.0219097522735594
"2026-05-22T02:40:02.887Z","run_bootstrap",95,"http://client2:8000","run","http://client2:8000/run",1,TRUE,200,1108,255,3.6504909992218,"2026-05-22T02:39:59.068666Z","2026-05-22T02:40:02.719157Z",1779417599.06867,1779417602.71916,0.000551,0.000638,0.00067,3.636401,3.636541,3.635731,0.000139999999999585,3.6295,0.0209909992218016
"2026-05-22T02:40:02.887Z","run_bootstrap",95,"http://client3:8000","run","http://client3:8000/run",1,TRUE,200,1108,255,3.80976939201355,"2026-05-22T02:39:59.070390Z","2026-05-22T02:40:02.880159Z",1779417599.07039,1779417602.88016,0.000593,0.000682,0.000715,3.788031,3.788135,3.787316,0.000103999999999882,3.7801,0.0296693920135498
"2026-05-22T02:40:06.737Z","run_bootstrap",96,"http://client1:8000","run","http://client1:8000/run",1,TRUE,200,1108,255,3.82750153541565,"2026-05-22T02:40:02.905543Z","2026-05-22T02:40:06.733044Z",1779417602.90554,1779417606.73304,0.000646,0.000759,0.000793,3.813494,3.813614,3.812701,0.000119999999999898,3.8062,0.0213015354156494
"2026-05-22T02:40:06.737Z","run_bootstrap",96,"http://client2:8000","run","http://client2:8000/run",1,TRUE,200,1108,255,3.52893257141113,"2026-05-22T02:40:02.907475Z","2026-05-22T02:40:06.436408Z",1779417602.90748,1779417606.43641,0.000667,0.000762,0.000795,3.505269,3.505416,3.504474,0.000146999999999675,3.4981,0.0308325714111328
"2026-05-22T02:40:06.737Z","run_bootstrap",96,"http://client3:8000","run","http://client3:8000/run",1,TRUE,200,1108,255,3.65103387832642,"2026-05-22T02:40:02.907739Z","2026-05-22T02:40:06.558773Z",1779417602.90774,1779417606.55877,0.000649,0.000724,0.00076,3.627681,3.627809,3.626921,0.000128000000000128,3.6209,0.0301338783264162
"2026-05-22T02:40:10.473Z","run_bootstrap",97,"http://client1:8000","run","http://client1:8000/run",1,TRUE,200,1109,255,3.71911263465881,"2026-05-22T02:40:06.750199Z","2026-05-22T02:40:10.469312Z",1779417606.7502,1779417610.46931,0.000647,0.000723,0.000746,3.702487,3.702562,3.701741,7.49999999998252e-05,3.6954,0.0237126346588137
"2026-05-22T02:40:10.473Z","run_bootstrap",97,"http://client2:8000","run","http://client2:8000/run",1,TRUE,200,1109,254,3.60549068450928,"2026-05-22T02:40:06.751012Z","2026-05-22T02:40:10.356502Z",1779417606.75101,1779417610.3565,0.000669,0.000756,0.000796,3.588724,3.588883,3.587928,0.00015900000000002,3.5817,0.0237906845092772
"2026-05-22T02:40:10.473Z","run_bootstrap",97,"http://client3:8000","run","http://client3:8000/run",1,TRUE,200,1109,255,3.71152782440186,"2026-05-22T02:40:06.751689Z","2026-05-22T02:40:10.463217Z",1779417606.75169,1779417610.46322,0.000532,0.000605,0.000635,3.694943,3.695071,3.694308,0.000128000000000128,3.6779,0.0336278244018553
"2026-05-22T02:40:14.367Z","run_bootstrap",98,"http://client1:8000","run","http://client1:8000/run",1,TRUE,200,1109,255,3.65777182579041,"2026-05-22T02:40:10.492819Z","2026-05-22T02:40:14.150590Z",1779417610.49282,1779417614.15059,0.00044,0.000513,0.000546,3.643035,3.643244,3.642489,0.000209000000000348,3.6358,0.0219718257904051
"2026-05-22T02:40:14.367Z","run_bootstrap",98,"http://client2:8000","run","http://client2:8000/run",1,TRUE,200,1109,254,3.854412317276,"2026-05-22T02:40:10.492819Z","2026-05-22T02:40:14.347231Z",1779417610.49282,1779417614.34723,0.000714,0.000779,0.000855,3.842614,3.842741,3.841759,0.000126999999999988,3.8353,0.0191123172760008
"2026-05-22T02:40:14.367Z","run_bootstrap",98,"http://client3:8000","run","http://client3:8000/run",1,TRUE,200,1109,255,3.86806011199951,"2026-05-22T02:40:10.492038Z","2026-05-22T02:40:14.360098Z",1779417610.49204,1779417614.3601,0.000573,0.000683,0.00072,3.855499,3.85563,3.854779,0.000131000000000103,3.8482,0.0198601119995119
"2026-05-22T02:40:18.257Z","run_bootstrap",99,"http://client1:8000","run","http://client1:8000/run",1,TRUE,200,1108,255,3.867267370224,"2026-05-22T02:40:14.385397Z","2026-05-22T02:40:18.252664Z",1779417614.3854,1779417618.25266,0.000619,0.000729,0.000768,3.85403,3.85416,3.853262,0.000129999999999963,3.8453,0.0219673702239991
"2026-05-22T02:40:18.257Z","run_bootstrap",99,"http://client2:8000","run","http://client2:8000/run",1,TRUE,200,1108,254,3.65219330787659,"2026-05-22T02:40:14.386942Z","2026-05-22T02:40:18.039135Z",1779417614.38694,1779417618.03914,0.000509,0.00077,0.000806,3.637829,3.637979,3.637023,0.000150000000000095,3.6304,0.0217933078765871
"2026-05-22T02:40:18.257Z","run_bootstrap",99,"http://client3:8000","run","http://client3:8000/run",1,TRUE,200,1108,255,3.56364488601685,"2026-05-22T02:40:14.386264Z","2026-05-22T02:40:17.949909Z",1779417614.38626,1779417617.94991,0.000583,0.000672,0.000703,3.550408,3.550561,3.549705,0.00015300000000007,3.5407,0.0229448860168455
"2026-05-22T02:40:22.218Z","run_bootstrap",100,"http://client1:8000","run","http://client1:8000/run",1,TRUE,200,1108,255,3.74941158294678,"2026-05-22T02:40:18.268728Z","2026-05-22T02:40:22.018140Z",1779417618.26873,1779417622.01814,0.000718,0.000829,0.000868,3.736329,3.736463,3.735461,0.000134000000000079,3.5797,0.169711582946777
"2026-05-22T02:40:22.218Z","run_bootstrap",100,"http://client2:8000","run","http://client2:8000/run",1,TRUE,200,1108,254,3.68960046768188,"2026-05-22T02:40:18.270372Z","2026-05-22T02:40:21.959973Z",1779417618.27037,1779417621.95997,0.000572,0.000665,0.000725,3.671864,3.671981,3.671139,0.000117000000000367,3.5167,0.172900467681885
"2026-05-22T02:40:22.218Z","run_bootstrap",100,"http://client3:8000","run","http://client3:8000/run",1,TRUE,200,1108,255,3.94361138343811,"2026-05-22T02:40:18.270668Z","2026-05-22T02:40:22.214280Z",1779417618.27067,1779417622.21428,0.000588,0.00068,0.000721,3.927086,3.927212,3.926365,0.000125999999999848,3.7863,0.15731138343811
"2026-05-22T02:40:25.913Z","run_bootstrap",101,"http://client1:8000","run","http://client1:8000/run",1,TRUE,200,1110,255,3.38682532310486,"2026-05-22T02:40:22.229756Z","2026-05-22T02:40:25.616582Z",1779417622.22976,1779417625.61658,0.00073,0.000834,0.000868,3.372868,3.373017,3.372,0.000148999999999955,3.366,0.0208253231048583
"2026-05-22T02:40:25.913Z","run_bootstrap",101,"http://client2:8000","run","http://client2:8000/run",1,TRUE,200,1110,255,3.48974323272705,"2026-05-22T02:40:22.231269Z","2026-05-22T02:40:25.721012Z",1779417622.23127,1779417625.72101,0.00054,0.000632,0.000664,3.472506,3.472592,3.471842,8.60000000000305e-05,3.4638,0.0259432327270508
"2026-05-22T02:40:25.913Z","run_bootstrap",101,"http://client3:8000","run","http://client3:8000/run",1,TRUE,200,1110,254,3.67811703681946,"2026-05-22T02:40:22.230544Z","2026-05-22T02:40:25.908661Z",1779417622.23054,1779417625.90866,0.000491,0.000587,0.000736,3.663979,3.664109,3.663243,0.000129999999999963,3.6576,0.020517036819458
"2026-05-22T02:40:29.636Z","run_bootstrap",102,"http://client1:8000","run","http://client1:8000/run",1,TRUE,200,1110,256,3.70150780677795,"2026-05-22T02:40:25.927037Z","2026-05-22T02:40:29.628544Z",1779417625.92704,1779417629.62854,0.000826,0.000921,0.000944,3.683481,3.683622,3.682537,0.000141000000000169,3.6751,0.0264078067779541
"2026-05-22T02:40:29.636Z","run_bootstrap",102,"http://client2:8000","run","http://client2:8000/run",1,TRUE,200,1110,255,3.61156296730042,"2026-05-22T02:40:25.926225Z","2026-05-22T02:40:29.537788Z",1779417625.92623,1779417629.53779,0.000631,0.000744,0.000778,3.597549,3.597748,3.596771,0.000199000000000282,3.5904,0.0211629673004152
"2026-05-22T02:40:29.636Z","run_bootstrap",102,"http://client3:8000","run","http://client3:8000/run",1,TRUE,200,1110,253,3.25161528587341,"2026-05-22T02:40:25.928288Z","2026-05-22T02:40:29.179903Z",1779417625.92829,1779417629.1799,0.000539,0.00062,0.000656,3.233618,3.233702,3.232962,8.4000000000195e-05,3.225,0.026615285873413
"2026-05-22T02:40:33.302Z","run_bootstrap",103,"http://client1:8000","run","http://client1:8000/run",1,TRUE,200,1110,255,3.64854693412781,"2026-05-22T02:40:29.649748Z","2026-05-22T02:40:33.298295Z",1779417629.64975,1779417633.2983,0.000321,0.000411,0.000464,3.627459,3.627606,3.626995,0.000147000000000119,3.6206,0.0279469341278076
"2026-05-22T02:40:33.302Z","run_bootstrap",103,"http://client2:8000","run","http://client2:8000/run",1,TRUE,200,1110,255,3.41520118713379,"2026-05-22T02:40:29.650082Z","2026-05-22T02:40:33.065283Z",1779417629.65008,1779417633.06528,0.000462,0.000547,0.000585,3.3948,3.394928,3.394215,0.000128000000000128,3.3879,0.0273011871337889
"2026-05-22T02:40:33.302Z","run_bootstrap",103,"http://client3:8000","run","http://client3:8000/run",1,TRUE,200,1110,254,3.49120831489563,"2026-05-22T02:40:29.650152Z","2026-05-22T02:40:33.141361Z",1779417629.65015,1779417633.14136,0.000773,0.000893,0.000937,3.473021,3.473154,3.472084,0.000132999999999939,3.465,0.02620831489563
"2026-05-22T02:40:36.955Z","run_bootstrap",104,"http://client1:8000","run","http://client1:8000/run",1,TRUE,200,1110,255,3.4417142868042,"2026-05-22T02:40:33.317591Z","2026-05-22T02:40:36.759305Z",1779417633.31759,1779417636.75931,0.000565,0.000679,0.000719,3.42007,3.42023,3.419351,0.00016000000000016,3.4126,0.0291142868041994
"2026-05-22T02:40:36.955Z","run_bootstrap",104,"http://client2:8000","run","http://client2:8000/run",1,TRUE,200,1110,255,3.44005537033081,"2026-05-22T02:40:33.318123Z","2026-05-22T02:40:36.758178Z",1779417633.31812,1779417636.75818,0.000635,0.000742,0.000785,3.425524,3.425653,3.424739,0.000129000000000268,3.4181,0.0219553703308106
"2026-05-22T02:40:36.955Z","run_bootstrap",104,"http://client3:8000","run","http://client3:8000/run",1,TRUE,200,1110,255,3.63176941871643,"2026-05-22T02:40:33.318666Z","2026-05-22T02:40:36.950435Z",1779417633.31867,1779417636.95044,0.000643,0.000757,0.000797,3.612911,3.613064,3.612114,0.00015300000000007,3.6059,0.0258694187164306
"2026-05-22T02:40:40.516Z","run_bootstrap",105,"http://client1:8000","run","http://client1:8000/run",1,TRUE,200,1109,254,3.54382729530334,"2026-05-22T02:40:36.967725Z","2026-05-22T02:40:40.511552Z",1779417636.96773,1779417640.51155,0.000508,0.000576,0.000597,3.52668,3.526817,3.526083,0.000137000000000054,3.5193,0.0245272953033449
"2026-05-22T02:40:40.516Z","run_bootstrap",105,"http://client2:8000","run","http://client2:8000/run",1,TRUE,200,1109,255,3.50636649131775,"2026-05-22T02:40:36.968289Z","2026-05-22T02:40:40.474656Z",1779417636.96829,1779417640.47466,0.000729,0.000819,0.000853,3.491357,3.491492,3.490504,0.000135000000000218,3.4839,0.0224664913177488
"2026-05-22T02:40:40.516Z","run_bootstrap",105,"http://client3:8000","run","http://client3:8000/run",1,TRUE,200,1109,255,3.53534007072449,"2026-05-22T02:40:36.968870Z","2026-05-22T02:40:40.504210Z",1779417636.96887,1779417640.50421,0.000608,0.000695,0.000719,3.520244,3.520338,3.519525,9.40000000002605e-05,3.5127,0.0226400707244871
"2026-05-22T02:40:44.316Z","run_bootstrap",106,"http://client1:8000","run","http://client1:8000/run",1,TRUE,200,1109,253,3.78078579902649,"2026-05-22T02:40:40.528567Z","2026-05-22T02:40:44.309353Z",1779417640.52857,1779417644.30935,0.00056,0.000669,0.000709,3.762625,3.762752,3.761916,0.000126999999999988,3.754,0.0267857990264893
"2026-05-22T02:40:44.316Z","run_bootstrap",106,"http://client2:8000","run","http://client2:8000/run",1,TRUE,200,1109,255,3.38466620445251,"2026-05-22T02:40:40.529207Z","2026-05-22T02:40:43.913873Z",1779417640.52921,1779417643.91387,0.000407,0.000473,0.000505,3.366757,3.366926,3.366252,0.000168999999999642,3.3583,0.0263662044525148
"2026-05-22T02:40:44.316Z","run_bootstrap",106,"http://client3:8000","run","http://client3:8000/run",1,TRUE,200,1109,255,3.56846570968628,"2026-05-22T02:40:40.528901Z","2026-05-22T02:40:44.097367Z",1779417640.5289,1779417644.09737,0.000709,0.000822,0.00086,3.554799,3.554936,3.553939,0.000137000000000054,3.5479,0.0205657096862795
"2026-05-22T02:40:48.149Z","run_bootstrap",107,"http://client1:8000","run","http://client1:8000/run",1,TRUE,200,1108,252,3.80788612365723,"2026-05-22T02:40:44.333902Z","2026-05-22T02:40:48.141788Z",1779417644.3339,1779417648.14179,0.000543,0.000674,0.000711,3.792277,3.792403,3.791566,0.000126000000000293,3.785,0.0228861236572264
"2026-05-22T02:40:48.149Z","run_bootstrap",107,"http://client2:8000","run","http://client2:8000/run",1,TRUE,200,1108,253,3.52485299110413,"2026-05-22T02:40:44.335255Z","2026-05-22T02:40:47.860108Z",1779417644.33526,1779417647.86011,0.000522,0.000642,0.000687,3.501997,3.502132,3.50131,0.000135000000000218,3.495,0.0298529911041259
"2026-05-22T02:40:48.149Z","run_bootstrap",107,"http://client3:8000","run","http://client3:8000/run",1,TRUE,200,1108,256,3.79336738586426,"2026-05-22T02:40:44.335922Z","2026-05-22T02:40:48.129290Z",1779417644.33592,1779417648.12929,0.000547,0.000734,0.000757,3.772126,3.77227,3.771369,0.0001439999999997,3.7639,0.0294673858642578
"2026-05-22T02:40:52.006Z","run_bootstrap",108,"http://client1:8000","run","http://client1:8000/run",1,TRUE,200,1108,253,3.84006714820862,"2026-05-22T02:40:48.161598Z","2026-05-22T02:40:52.001665Z",1779417648.1616,1779417652.00167,0.000699,0.000806,0.000841,3.826048,3.826202,3.825207,0.000153999999999765,3.8187,0.021367148208618
"2026-05-22T02:40:52.006Z","run_bootstrap",108,"http://client2:8000","run","http://client2:8000/run",1,TRUE,200,1108,254,3.60647058486938,"2026-05-22T02:40:48.163231Z","2026-05-22T02:40:51.769702Z",1779417648.16323,1779417651.7697,0.000619,0.000733,0.000769,3.592697,3.592838,3.591928,0.000141000000000169,3.5858,0.0206705848693849
"2026-05-22T02:40:52.006Z","run_bootstrap",108,"http://client3:8000","run","http://client3:8000/run",1,TRUE,200,1108,256,3.62427258491516,"2026-05-22T02:40:48.164116Z","2026-05-22T02:40:51.788389Z",1779417648.16412,1779417651.78839,0.000682,0.000802,0.00084,3.609283,3.609435,3.608443,0.00015199999999993,3.6024,0.0218725849151613
"2026-05-22T02:40:55.792Z","run_bootstrap",109,"http://client1:8000","run","http://client1:8000/run",1,TRUE,200,1109,254,3.65224623680115,"2026-05-22T02:40:52.018082Z","2026-05-22T02:40:55.670328Z",1779417652.01808,1779417655.67033,0.000617,0.00072,0.000755,3.633726,3.63386,3.632971,0.000134000000000079,3.6264,0.0258462368011476
"2026-05-22T02:40:55.792Z","run_bootstrap",109,"http://client2:8000","run","http://client2:8000/run",1,TRUE,200,1109,255,3.68157076835632,"2026-05-22T02:40:52.018866Z","2026-05-22T02:40:55.700437Z",1779417652.01887,1779417655.70044,0.000614,0.000696,0.000731,3.663802,3.663932,3.663071,0.000129999999999963,3.6568,0.0247707683563232
"2026-05-22T02:40:55.792Z","run_bootstrap",109,"http://client3:8000","run","http://client3:8000/run",1,TRUE,200,1109,254,3.76541233062744,"2026-05-22T02:40:52.019494Z","2026-05-22T02:40:55.784907Z",1779417652.01949,1779417655.78491,6e-04,0.000714,0.000748,3.742913,3.74303,3.742165,0.000116999999999923,3.7354,0.0300123306274416
"2026-05-22T02:40:59.676Z","run_bootstrap",110,"http://client1:8000","run","http://client1:8000/run",1,TRUE,200,1109,254,3.86496353149414,"2026-05-22T02:40:55.806567Z","2026-05-22T02:40:59.671531Z",1779417655.80657,1779417659.67153,0.000726,0.000819,0.000877,3.846531,3.846668,3.845654,0.000137000000000054,3.8389,0.0260635314941404
"2026-05-22T02:40:59.676Z","run_bootstrap",110,"http://client2:8000","run","http://client2:8000/run",1,TRUE,200,1109,255,3.69083786010742,"2026-05-22T02:40:55.807098Z","2026-05-22T02:40:59.497936Z",1779417655.8071,1779417659.49794,0.000658,0.00077,0.000804,3.67642,3.676569,3.675616,0.000149000000000399,3.6687,0.022137860107422
"2026-05-22T02:40:59.676Z","run_bootstrap",110,"http://client3:8000","run","http://client3:8000/run",1,TRUE,200,1109,254,3.57207655906677,"2026-05-22T02:40:55.807552Z","2026-05-22T02:40:59.379629Z",1779417655.80755,1779417659.37963,0.000556,0.000632,0.000662,3.5522,3.552314,3.551538,0.000113999999999947,3.5425,0.0295765590667725
"2026-05-22T02:41:03.383Z","run_bootstrap",111,"http://client1:8000","run","http://client1:8000/run",1,TRUE,200,1109,252,3.69147109985352,"2026-05-22T02:40:59.687550Z","2026-05-22T02:41:03.379021Z",1779417659.68755,1779417663.37902,0.000724,0.000814,0.000839,3.674565,3.674662,3.673726,9.70000000002358e-05,3.6669,0.0245710998535156
"2026-05-22T02:41:03.383Z","run_bootstrap",111,"http://client2:8000","run","http://client2:8000/run",1,TRUE,200,1109,255,3.56144666671753,"2026-05-22T02:40:59.688168Z","2026-05-22T02:41:03.249614Z",1779417659.68817,1779417663.24961,0.000517,0.000587,0.000711,3.54282,3.542951,3.542109,0.000131000000000103,3.5349,0.0265466667175294
"2026-05-22T02:41:03.383Z","run_bootstrap",111,"http://client3:8000","run","http://client3:8000/run",1,TRUE,200,1109,253,3.52875924110413,"2026-05-22T02:40:59.688802Z","2026-05-22T02:41:03.217561Z",1779417659.6888,1779417663.21756,0.000505,0.000582,0.000619,3.510345,3.510779,3.509726,0.000433999999999823,3.5001,0.0286592411041258
"2026-05-22T02:41:07.197Z","run_bootstrap",112,"http://client1:8000","run","http://client1:8000/run",1,TRUE,200,1109,252,3.70387482643127,"2026-05-22T02:41:03.396520Z","2026-05-22T02:41:07.100394Z",1779417663.39652,1779417667.10039,0.000688,0.000764,0.000801,3.681442,3.681581,3.680641,0.000138999999999889,3.6741,0.0297748264312743
"2026-05-22T02:41:07.197Z","run_bootstrap",112,"http://client2:8000","run","http://client2:8000/run",1,TRUE,200,1109,255,3.57965445518494,"2026-05-22T02:41:03.397086Z","2026-05-22T02:41:06.976740Z",1779417663.39709,1779417666.97674,0.000634,0.000745,0.000787,3.560057,3.560217,3.55927,0.00016000000000016,3.5514,0.0282544551849364
"2026-05-22T02:41:07.197Z","run_bootstrap",112,"http://client3:8000","run","http://client3:8000/run",1,TRUE,200,1109,253,3.79507493972778,"2026-05-22T02:41:03.397470Z","2026-05-22T02:41:07.192545Z",1779417663.39747,1779417667.19255,0.000711,0.000808,0.000844,3.775453,3.775587,3.774609,0.000133999999999634,3.7668,0.0282749397277833
"2026-05-22T02:41:11.017Z","run_bootstrap",113,"http://client1:8000","run","http://client1:8000/run",1,TRUE,200,1108,253,3.64615511894226,"2026-05-22T02:41:07.208835Z","2026-05-22T02:41:10.854990Z",1779417667.20884,1779417670.85499,0.000621,0.000748,0.00079,3.631231,3.631345,3.630441,0.000113999999999947,3.6137,0.0324551189422606
"2026-05-22T02:41:11.017Z","run_bootstrap",113,"http://client2:8000","run","http://client2:8000/run",1,TRUE,200,1108,255,3.80195283889771,"2026-05-22T02:41:07.210724Z","2026-05-22T02:41:11.012677Z",1779417667.21072,1779417671.01268,0.000632,0.00074,0.000775,3.784842,3.784973,3.784067,0.000131000000000103,3.7774,0.024552838897705
"2026-05-22T02:41:11.017Z","run_bootstrap",113,"http://client3:8000","run","http://client3:8000/run",1,TRUE,200,1108,253,3.53706216812134,"2026-05-22T02:41:07.210813Z","2026-05-22T02:41:10.747875Z",1779417667.21081,1779417670.74788,0.000551,0.000674,0.000712,3.521771,3.52191,3.521059,0.000138999999999889,3.5141,0.0229621681213379
"2026-05-22T02:41:14.730Z","run_bootstrap",114,"http://client1:8000","run","http://client1:8000/run",1,TRUE,200,1108,253,3.69258308410645,"2026-05-22T02:41:11.030906Z","2026-05-22T02:41:14.723489Z",1779417671.03091,1779417674.72349,0.00063,0.000739,0.000868,3.672899,3.672931,3.672031,3.2000000000032e-05,3.6636,0.0289830841064451
"2026-05-22T02:41:14.730Z","run_bootstrap",114,"http://client2:8000","run","http://client2:8000/run",1,TRUE,200,1108,255,3.66998291015625,"2026-05-22T02:41:11.031578Z","2026-05-22T02:41:14.701561Z",1779417671.03158,1779417674.70156,0.000571,0.000651,0.000685,3.64543,3.645462,3.644745,3.2000000000032e-05,3.6384,0.0315829101562501
"2026-05-22T02:41:14.730Z","run_bootstrap",114,"http://client3:8000","run","http://client3:8000/run",1,TRUE,200,1108,253,3.56766033172607,"2026-05-22T02:41:11.032140Z","2026-05-22T02:41:14.599801Z",1779417671.03214,1779417674.5998,0.000458,0.00056,0.000594,3.547347,3.547381,3.546753,3.40000000003116e-05,3.5393,0.0283603317260743
"2026-05-22T02:41:18.400Z","run_bootstrap",115,"http://client1:8000","run","http://client1:8000/run",1,TRUE,200,1107,253,3.56502866744995,"2026-05-22T02:41:14.745326Z","2026-05-22T02:41:18.310354Z",1779417674.74533,1779417678.31035,0.000554,0.00067,0.000706,3.544873,3.544962,3.544167,8.90000000000057e-05,3.5359,0.0291286674499514
"2026-05-22T02:41:18.400Z","run_bootstrap",115,"http://client2:8000","run","http://client2:8000/run",1,TRUE,200,1107,253,3.65015292167664,"2026-05-22T02:41:14.745658Z","2026-05-22T02:41:18.395811Z",1779417674.74566,1779417678.39581,0.000563,0.000672,0.000711,3.63402,3.634151,3.633309,0.000131000000000103,3.6267,0.0234529216766357
"2026-05-22T02:41:18.400Z","run_bootstrap",115,"http://client3:8000","run","http://client3:8000/run",1,TRUE,200,1107,252,3.60437107086182,"2026-05-22T02:41:14.745917Z","2026-05-22T02:41:18.350288Z",1779417674.74592,1779417678.35029,0.000644,0.000752,0.000788,3.590133,3.590251,3.589345,0.000118000000000062,3.5828,0.0215710708618162
"2026-05-22T02:41:22.137Z","run_bootstrap",116,"http://client1:8000","run","http://client1:8000/run",1,TRUE,200,1107,253,3.55634117126465,"2026-05-22T02:41:18.412831Z","2026-05-22T02:41:21.969172Z",1779417678.41283,1779417681.96917,0.000518,0.000597,0.000619,3.541337,3.541467,3.540718,0.000129999999999963,3.5295,0.0268411712646484
"2026-05-22T02:41:22.137Z","run_bootstrap",116,"http://client2:8000","run","http://client2:8000/run",1,TRUE,200,1107,252,3.71956086158752,"2026-05-22T02:41:18.413389Z","2026-05-22T02:41:22.132950Z",1779417678.41339,1779417682.13295,0.000435,0.000508,0.00054,3.702989,3.703101,3.702449,0.000112000000000112,3.695,0.0245608615875246
"2026-05-22T02:41:22.137Z","run_bootstrap",116,"http://client3:8000","run","http://client3:8000/run",1,TRUE,200,1107,252,3.36572623252869,"2026-05-22T02:41:18.413939Z","2026-05-22T02:41:21.779665Z",1779417678.41394,1779417681.77967,0.000551,0.000632,0.000666,3.351619,3.351768,3.350953,0.000148999999999955,3.3407,0.0250262325286865
"2026-05-22T02:41:25.833Z","run_bootstrap",117,"http://client1:8000","run","http://client1:8000/run",1,TRUE,200,1106,254,3.67912673950195,"2026-05-22T02:41:22.150009Z","2026-05-22T02:41:25.829136Z",1779417682.15001,1779417685.82914,0.000689,0.00074,0.000784,3.665906,3.666029,3.665122,0.000122999999999873,3.6571,0.0220267395019533
"2026-05-22T02:41:25.833Z","run_bootstrap",117,"http://client2:8000","run","http://client2:8000/run",1,TRUE,200,1106,251,3.67104554176331,"2026-05-22T02:41:22.150616Z","2026-05-22T02:41:25.821662Z",1779417682.15062,1779417685.82166,0.000447,0.000527,0.000553,3.657962,3.658088,3.657409,0.000125999999999848,3.6495,0.0215455417633055
"2026-05-22T02:41:25.833Z","run_bootstrap",117,"http://client3:8000","run","http://client3:8000/run",1,TRUE,200,1106,253,3.66150283813477,"2026-05-22T02:41:22.150010Z","2026-05-22T02:41:25.811513Z",1779417682.15001,1779417685.81151,0.000429,0.000484,0.000515,3.647351,3.647506,3.646836,0.000154999999999905,3.638,0.0235028381347657
"2026-05-22T02:41:29.800Z","run_bootstrap",118,"http://client1:8000","run","http://client1:8000/run",1,TRUE,200,1106,254,3.75908899307251,"2026-05-22T02:41:25.845877Z","2026-05-22T02:41:29.604966Z",1779417685.84588,1779417689.60497,0.000541,0.000603,0.000626,3.744994,3.745125,3.744368,0.000130999999999659,3.7364,0.0226889930725096
"2026-05-22T02:41:29.800Z","run_bootstrap",118,"http://client2:8000","run","http://client2:8000/run",1,TRUE,200,1106,251,3.72195029258728,"2026-05-22T02:41:25.847602Z","2026-05-22T02:41:29.569552Z",1779417685.8476,1779417689.56955,0.000495,0.000601,0.000634,3.708662,3.708769,3.708028,0.000107000000000301,3.6851,0.0368502925872805
"2026-05-22T02:41:29.800Z","run_bootstrap",118,"http://client3:8000","run","http://client3:8000/run",1,TRUE,200,1106,254,3.94848132133484,"2026-05-22T02:41:25.846740Z","2026-05-22T02:41:29.795221Z",1779417685.84674,1779417689.79522,0.000569,0.000623,0.000642,3.935256,3.935377,3.934614,0.000121000000000038,3.9123,0.0361813213348388
"2026-05-22T02:41:33.767Z","run_bootstrap",119,"http://client1:8000","run","http://client1:8000/run",1,TRUE,200,1108,253,3.74778604507446,"2026-05-22T02:41:29.812636Z","2026-05-22T02:41:33.560422Z",1779417689.81264,1779417693.56042,0.00042,0.000489,0.000512,3.727284,3.727384,3.726772,9.99999999997669e-05,3.7186,0.029186045074463
"2026-05-22T02:41:33.767Z","run_bootstrap",119,"http://client2:8000","run","http://client2:8000/run",1,TRUE,200,1108,255,3.94632387161255,"2026-05-22T02:41:29.813322Z","2026-05-22T02:41:33.759646Z",1779417689.81332,1779417693.75965,0.000764,0.000836,0.000866,3.925397,3.925536,3.924531,0.000139000000000333,3.9174,0.0289238716125486
"2026-05-22T02:41:33.767Z","run_bootstrap",119,"http://client3:8000","run","http://client3:8000/run",1,TRUE,200,1108,254,3.76369690895081,"2026-05-22T02:41:29.813825Z","2026-05-22T02:41:33.577522Z",1779417689.81383,1779417693.57752,0.000418,0.000483,0.000506,3.743585,3.743726,3.743079,0.000141000000000169,3.7359,0.0277969089508057
"2026-05-22T02:41:37.863Z","run_bootstrap",120,"http://client1:8000","run","http://client1:8000/run",1,TRUE,200,1108,253,3.87089109420776,"2026-05-22T02:41:33.786081Z","2026-05-22T02:41:37.656972Z",1779417693.78608,1779417697.65697,0.000519,0.000603,0.000634,3.848346,3.848378,3.847712,3.2000000000032e-05,3.6812,0.189691094207764
"2026-05-22T02:41:37.863Z","run_bootstrap",120,"http://client2:8000","run","http://client2:8000/run",1,TRUE,200,1108,255,4.07322311401367,"2026-05-22T02:41:33.785472Z","2026-05-22T02:41:37.858695Z",1779417693.78547,1779417697.8587,0.000661,0.000772,0.000806,4.056339,4.056472,4.055533,0.000132999999999939,3.8992,0.174023114013672
"2026-05-22T02:41:37.863Z","run_bootstrap",120,"http://client3:8000","run","http://client3:8000/run",1,TRUE,200,1108,254,3.90252590179443,"2026-05-22T02:41:33.787107Z","2026-05-22T02:41:37.689633Z",1779417693.78711,1779417697.68963,0.000582,0.000662,0.000694,3.879102,3.879217,3.878408,0.000115000000000087,3.7153,0.187225901794434
"2026-05-22T02:41:41.413Z","run_bootstrap",121,"http://client1:8000","run","http://client1:8000/run",1,TRUE,200,1109,253,3.4648597240448,"2026-05-22T02:41:37.875623Z","2026-05-22T02:41:41.340483Z",1779417697.87562,1779417701.34048,0.000844,0.000923,0.000946,3.451975,3.452059,3.451029,8.4000000000195e-05,3.4452,0.0196597240448
"2026-05-22T02:41:41.413Z","run_bootstrap",121,"http://client2:8000","run","http://client2:8000/run",1,TRUE,200,1109,252,3.53133964538574,"2026-05-22T02:41:37.877285Z","2026-05-22T02:41:41.408625Z",1779417697.87729,1779417701.40863,0.000615,0.00075,0.000787,3.51081,3.510958,3.510023,0.000147999999999815,3.504,0.0273396453857422
"2026-05-22T02:41:41.413Z","run_bootstrap",121,"http://client3:8000","run","http://client3:8000/run",1,TRUE,200,1109,254,3.42058038711548,"2026-05-22T02:41:37.877714Z","2026-05-22T02:41:41.298295Z",1779417697.87771,1779417701.2983,0.000562,0.000646,0.000678,3.403699,3.403812,3.403021,0.000112999999999808,3.3941,0.0264803871154786
"2026-05-22T02:41:45.038Z","run_bootstrap",122,"http://client1:8000","run","http://client1:8000/run",1,TRUE,200,1109,253,3.58503770828247,"2026-05-22T02:41:41.425452Z","2026-05-22T02:41:45.010490Z",1779417701.42545,1779417705.01049,0.000515,0.000618,0.000656,3.563718,3.563858,3.563062,0.000140000000000029,3.5566,0.0284377082824707
"2026-05-22T02:41:45.038Z","run_bootstrap",122,"http://client2:8000","run","http://client2:8000/run",1,TRUE,200,1109,253,3.44605779647827,"2026-05-22T02:41:41.425770Z","2026-05-22T02:41:44.871828Z",1779417701.42577,1779417704.87183,0.000517,0.000618,0.000659,3.427957,3.428067,3.427298,0.000109999999999832,3.4212,0.0248577964782717
"2026-05-22T02:41:45.038Z","run_bootstrap",122,"http://client3:8000","run","http://client3:8000/run",1,TRUE,200,1109,254,3.60484099388123,"2026-05-22T02:41:41.426326Z","2026-05-22T02:41:45.031167Z",1779417701.42633,1779417705.03117,0.00061,0.000743,0.000784,3.588373,3.588487,3.587589,0.000114000000000392,3.5801,0.0247409938812257
"2026-05-22T02:41:48.784Z","run_bootstrap",123,"http://client1:8000","run","http://client1:8000/run",1,TRUE,200,1109,255,3.59053587913513,"2026-05-22T02:41:45.049252Z","2026-05-22T02:41:48.639788Z",1779417705.04925,1779417708.63979,0.000599,0.000657,0.000683,3.57556,3.57573,3.574877,0.000170000000000226,3.5684,0.0221358791351318
"2026-05-22T02:41:48.784Z","run_bootstrap",123,"http://client2:8000","run","http://client2:8000/run",1,TRUE,200,1109,254,3.44600701332092,"2026-05-22T02:41:45.050401Z","2026-05-22T02:41:48.496408Z",1779417705.0504,1779417708.49641,0.000537,0.000661,0.000724,3.432719,3.432809,3.431995,9.00000000001455e-05,3.4241,0.0219070133209227
"2026-05-22T02:41:48.784Z","run_bootstrap",123,"http://client3:8000","run","http://client3:8000/run",1,TRUE,200,1109,253,3.72626304626465,"2026-05-22T02:41:45.050276Z","2026-05-22T02:41:48.776539Z",1779417705.05028,1779417708.77654,0.000496,0.000619,0.000681,3.712306,3.712442,3.711625,0.000135999999999914,3.7053,0.0209630462646486
"2026-05-22T02:41:52.491Z","run_bootstrap",124,"http://client1:8000","run","http://client1:8000/run",1,TRUE,200,1109,255,3.56266212463379,"2026-05-22T02:41:48.803505Z","2026-05-22T02:41:52.366168Z",1779417708.80351,1779417712.36617,0.000411,0.000515,0.000555,3.543792,3.54411,3.543237,0.00031800000000004,3.5362,0.0264621246337891
"2026-05-22T02:41:52.491Z","run_bootstrap",124,"http://client2:8000","run","http://client2:8000/run",1,TRUE,200,1109,254,3.54218173027039,"2026-05-22T02:41:48.804022Z","2026-05-22T02:41:52.346204Z",1779417708.80402,1779417712.3462,0.000594,0.000673,0.000721,3.521354,3.521493,3.520633,0.000138999999999889,3.5143,0.0278817302703858
"2026-05-22T02:41:52.491Z","run_bootstrap",124,"http://client3:8000","run","http://client3:8000/run",1,TRUE,200,1109,253,3.68231987953186,"2026-05-22T02:41:48.804413Z","2026-05-22T02:41:52.486733Z",1779417708.80441,1779417712.48673,0.000628,0.000747,0.000783,3.664503,3.664643,3.66372,0.000140000000000029,3.6574,0.0249198795318604
"2026-05-22T02:41:56.054Z","run_bootstrap",125,"http://client1:8000","run","http://client1:8000/run",1,TRUE,200,1106,254,3.54248285293579,"2026-05-22T02:41:52.504117Z","2026-05-22T02:41:56.046599Z",1779417712.50412,1779417716.0466,0.00048,0.000556,6e-04,3.526376,3.526479,3.525776,0.000103000000000186,3.5186,0.0238828529357908
"2026-05-22T02:41:56.054Z","run_bootstrap",125,"http://client2:8000","run","http://client2:8000/run",1,TRUE,200,1106,254,3.5139045715332,"2026-05-22T02:41:52.503682Z","2026-05-22T02:41:56.017586Z",1779417712.50368,1779417716.01759,0.000553,0.000764,0.000795,3.500054,3.500182,3.499259,0.000128000000000128,3.4927,0.021204571533203
"2026-05-22T02:41:56.054Z","run_bootstrap",125,"http://client3:8000","run","http://client3:8000/run",1,TRUE,200,1106,252,3.24732518196106,"2026-05-22T02:41:52.504045Z","2026-05-22T02:41:55.751370Z",1779417712.50405,1779417715.75137,0.000523,0.000617,0.000641,3.23346,3.233507,3.232819,4.69999999999082e-05,3.2229,0.0244251819610595
"2026-05-22T02:41:59.799Z","run_bootstrap",126,"http://client1:8000","run","http://client1:8000/run",1,TRUE,200,1106,254,3.56382656097412,"2026-05-22T02:41:56.068249Z","2026-05-22T02:41:59.632075Z",1779417716.06825,1779417719.63208,0.000661,0.000764,0.000798,3.549767,3.549915,3.548969,0.000147999999999815,3.5419,0.021926560974121
"2026-05-22T02:41:59.799Z","run_bootstrap",126,"http://client2:8000","run","http://client2:8000/run",1,TRUE,200,1106,254,3.7220344543457,"2026-05-22T02:41:56.069956Z","2026-05-22T02:41:59.791990Z",1779417716.06996,1779417719.79199,0.000572,0.000657,0.000686,3.703715,3.703852,3.703029,0.000137000000000054,3.6967,0.0253344543457033
"2026-05-22T02:41:59.799Z","run_bootstrap",126,"http://client3:8000","run","http://client3:8000/run",1,TRUE,200,1106,252,3.50029373168945,"2026-05-22T02:41:56.070281Z","2026-05-22T02:41:59.570574Z",1779417716.07028,1779417719.57057,0.000702,0.000886,0.000943,3.485716,3.485882,3.484773,0.000166000000000111,3.4776,0.0226937316894533
"2026-05-22T02:42:03.563Z","run_bootstrap",127,"http://client1:8000","run","http://client1:8000/run",1,TRUE,200,1109,250,3.74547958374023,"2026-05-22T02:41:59.811125Z","2026-05-22T02:42:03.556605Z",1779417719.81113,1779417723.55661,0.000637,0.000754,0.000792,3.730003,3.730135,3.729211,0.000132000000000243,3.7226,0.0228795837402345
"2026-05-22T02:42:03.563Z","run_bootstrap",127,"http://client2:8000","run","http://client2:8000/run",1,TRUE,200,1109,253,3.52104830741882,"2026-05-22T02:41:59.811782Z","2026-05-22T02:42:03.332830Z",1779417719.81178,1779417723.33283,0.000713,0.000797,0.00083,3.499427,3.499555,3.498597,0.000128000000000128,3.4924,0.0286483074188233
"2026-05-22T02:42:03.563Z","run_bootstrap",127,"http://client3:8000","run","http://client3:8000/run",1,TRUE,200,1109,252,3.36678528785706,"2026-05-22T02:41:59.812226Z","2026-05-22T02:42:03.179011Z",1779417719.81223,1779417723.17901,0.000661,0.000776,0.000814,3.34569,3.345819,3.344876,0.000129000000000268,3.3386,0.0281852878570557
"2026-05-22T02:42:07.354Z","run_bootstrap",128,"http://client1:8000","run","http://client1:8000/run",1,TRUE,200,1109,250,3.77269887924194,"2026-05-22T02:42:03.576011Z","2026-05-22T02:42:07.348710Z",1779417723.57601,1779417727.34871,0.000497,0.000582,0.000615,3.751041,3.75119,3.750426,0.000148999999999955,3.7439,0.0287988792419434
"2026-05-22T02:42:07.354Z","run_bootstrap",128,"http://client2:8000","run","http://client2:8000/run",1,TRUE,200,1109,253,3.48710322380066,"2026-05-22T02:42:03.575636Z","2026-05-22T02:42:07.062739Z",1779417723.57564,1779417727.06274,0.000709,0.000852,0.000893,3.473518,3.473643,3.472625,0.000125000000000153,3.4663,0.0208032238006592
"2026-05-22T02:42:07.354Z","run_bootstrap",128,"http://client3:8000","run","http://client3:8000/run",1,TRUE,200,1109,252,3.75316524505615,"2026-05-22T02:42:03.577308Z","2026-05-22T02:42:07.330474Z",1779417723.57731,1779417727.33047,0.000535,0.000624,0.000659,3.733346,3.733475,3.732687,0.000128999999999824,3.7263,0.0268652450561522
"2026-05-22T02:42:10.998Z","run_bootstrap",129,"http://client1:8000","run","http://client1:8000/run",1,TRUE,200,1109,252,3.52954983711243,"2026-05-22T02:42:07.366675Z","2026-05-22T02:42:10.896225Z",1779417727.36668,1779417730.89623,0.00092,0.001005,0.001041,3.51486,3.515,3.513819,0.000140000000000029,3.5072,0.0223498371124267
"2026-05-22T02:42:10.998Z","run_bootstrap",129,"http://client2:8000","run","http://client2:8000/run",1,TRUE,200,1109,254,3.62726807594299,"2026-05-22T02:42:07.366574Z","2026-05-22T02:42:10.993842Z",1779417727.36657,1779417730.99384,0.000962,0.001042,0.00108,3.612783,3.612907,3.611703,0.000124000000000013,3.6053,0.021968075942993
"2026-05-22T02:42:10.998Z","run_bootstrap",129,"http://client3:8000","run","http://client3:8000/run",1,TRUE,200,1109,254,3.59685301780701,"2026-05-22T02:42:07.366884Z","2026-05-22T02:42:10.963737Z",1779417727.36688,1779417730.96374,0.000773,0.000842,0.000884,3.582974,3.583106,3.58209,0.000131999999999799,3.5757,0.021153017807007
"2026-05-22T02:42:14.677Z","run_bootstrap",130,"http://client1:8000","run","http://client1:8000/run",1,TRUE,200,1109,252,3.5756242275238,"2026-05-22T02:42:11.011585Z","2026-05-22T02:42:14.587209Z",1779417731.01159,1779417734.58721,0.000641,0.000751,0.000789,3.557145,3.557275,3.556356,0.000130000000000408,3.5487,0.0269242275238035
"2026-05-22T02:42:14.677Z","run_bootstrap",130,"http://client2:8000","run","http://client2:8000/run",1,TRUE,200,1109,254,3.66228103637695,"2026-05-22T02:42:11.011035Z","2026-05-22T02:42:14.673316Z",1779417731.01104,1779417734.67332,0.000616,0.000729,0.000768,3.648486,3.64861,3.647718,0.000124000000000013,3.6409,0.0213810363769533
"2026-05-22T02:42:14.677Z","run_bootstrap",130,"http://client3:8000","run","http://client3:8000/run",1,TRUE,200,1109,254,3.58844113349915,"2026-05-22T02:42:11.012855Z","2026-05-22T02:42:14.601296Z",1779417731.01286,1779417734.6013,0.000518,0.000742,0.000792,3.56809,3.568208,3.567298,0.000117999999999618,3.5607,0.0277411334991453
"2026-05-22T02:42:18.448Z","run_bootstrap",131,"http://client1:8000","run","http://client1:8000/run",1,TRUE,200,1109,253,3.74958896636963,"2026-05-22T02:42:14.694618Z","2026-05-22T02:42:18.444207Z",1779417734.69462,1779417738.44421,0.000521,0.000612,0.000636,3.728189,3.728212,3.727553,2.30000000001063e-05,3.7207,0.028888966369629
"2026-05-22T02:42:18.448Z","run_bootstrap",131,"http://client2:8000","run","http://client2:8000/run",1,TRUE,200,1109,255,3.61692929267883,"2026-05-22T02:42:14.695172Z","2026-05-22T02:42:18.312101Z",1779417734.69517,1779417738.3121,0.000599,0.000705,0.000741,3.597218,3.597253,3.596477,3.50000000000072e-05,3.5899,0.0270292926788329
"2026-05-22T02:42:18.448Z","run_bootstrap",131,"http://client3:8000","run","http://client3:8000/run",1,TRUE,200,1109,254,3.64790868759155,"2026-05-22T02:42:14.696069Z","2026-05-22T02:42:18.343978Z",1779417734.69607,1779417738.34398,0.000592,0.000645,0.000661,3.627953,3.627977,3.627292,2.3999999999802e-05,3.6207,0.0272086875915529
"2026-05-22T02:42:22.313Z","run_bootstrap",132,"http://client1:8000","run","http://client1:8000/run",1,TRUE,200,1109,253,3.69088649749756,"2026-05-22T02:42:18.463418Z","2026-05-22T02:42:22.154304Z",1779417738.46342,1779417742.1543,0.000667,0.000785,0.000833,3.67639,3.676472,3.675557,8.19999999999155e-05,3.6684,0.0224864974975585
"2026-05-22T02:42:22.313Z","run_bootstrap",132,"http://client2:8000","run","http://client2:8000/run",1,TRUE,200,1109,255,3.68424606323242,"2026-05-22T02:42:18.464008Z","2026-05-22T02:42:22.148254Z",1779417738.46401,1779417742.14825,0.000786,0.000877,9e-04,3.665958,3.666084,3.665058,0.000126000000000293,3.6589,0.0253460632324218
"2026-05-22T02:42:22.313Z","run_bootstrap",132,"http://client3:8000","run","http://client3:8000/run",1,TRUE,200,1109,254,3.84178495407104,"2026-05-22T02:42:18.464596Z","2026-05-22T02:42:22.306381Z",1779417738.4646,1779417742.30638,0.000638,0.000696,0.000716,3.821245,3.821415,3.820529,0.000170000000000226,3.8135,0.028284954071045
"2026-05-22T02:42:26.109Z","run_bootstrap",133,"http://client1:8000","run","http://client1:8000/run",1,TRUE,200,1109,253,3.71943020820618,"2026-05-22T02:42:22.330647Z","2026-05-22T02:42:26.050077Z",1779417742.33065,1779417746.05008,0.000552,0.00064,0.000675,3.705411,3.70555,3.704736,0.000139000000000333,3.6978,0.0216302082061768
"2026-05-22T02:42:26.109Z","run_bootstrap",133,"http://client2:8000","run","http://client2:8000/run",1,TRUE,200,1109,249,3.62152433395386,"2026-05-22T02:42:22.330182Z","2026-05-22T02:42:25.951706Z",1779417742.33018,1779417745.95171,0.000535,0.000613,0.00064,3.607889,3.608008,3.607249,0.000118999999999758,3.601,0.0205243339538574
"2026-05-22T02:42:26.109Z","run_bootstrap",133,"http://client3:8000","run","http://client3:8000/run",1,TRUE,200,1109,254,3.77281832695007,"2026-05-22T02:42:22.331966Z","2026-05-22T02:42:26.104784Z",1779417742.33197,1779417746.10478,0.00067,0.000729,0.000748,3.755476,3.755603,3.754728,0.000126999999999988,3.7484,0.0244183269500731
"2026-05-22T02:42:30.056Z","run_bootstrap",134,"http://client1:8000","run","http://client1:8000/run",1,TRUE,200,1109,253,3.93038272857666,"2026-05-22T02:42:26.121616Z","2026-05-22T02:42:30.051999Z",1779417746.12162,1779417750.052,0.000409,0.000488,0.000513,3.916817,3.916946,3.916304,0.000128999999999824,3.9092,0.0211827285766604
"2026-05-22T02:42:30.056Z","run_bootstrap",134,"http://client2:8000","run","http://client2:8000/run",1,TRUE,200,1109,249,3.61360549926758,"2026-05-22T02:42:26.122239Z","2026-05-22T02:42:29.735845Z",1779417746.12224,1779417749.73585,0.000508,0.000584,0.000619,3.60013,3.600303,3.599511,0.000172999999999757,3.593,0.0206054992675782
"2026-05-22T02:42:30.056Z","run_bootstrap",134,"http://client3:8000","run","http://client3:8000/run",1,TRUE,200,1109,254,3.91645359992981,"2026-05-22T02:42:26.121492Z","2026-05-22T02:42:30.037945Z",1779417746.12149,1779417750.03795,0.000519,0.000621,0.000667,3.902683,3.902851,3.902016,0.000167999999999946,3.8955,0.0209535999298094
"2026-05-22T02:42:33.823Z","run_bootstrap",135,"http://client1:8000","run","http://client1:8000/run",1,TRUE,200,1109,252,3.7491602897644,"2026-05-22T02:42:30.070005Z","2026-05-22T02:42:33.819165Z",1779417750.07001,1779417753.81917,0.000512,0.000586,0.000624,3.734222,3.734341,3.733598,0.000119000000000202,3.7256,0.0235602897644043
"2026-05-22T02:42:33.823Z","run_bootstrap",135,"http://client2:8000","run","http://client2:8000/run",1,TRUE,200,1109,254,3.67119765281677,"2026-05-22T02:42:30.070476Z","2026-05-22T02:42:33.741673Z",1779417750.07048,1779417753.74167,0.000453,0.000546,0.000583,3.656335,3.656448,3.655752,0.000113000000000252,3.642,0.0291976528167726
"2026-05-22T02:42:33.823Z","run_bootstrap",135,"http://client3:8000","run","http://client3:8000/run",1,TRUE,200,1109,254,3.73827886581421,"2026-05-22T02:42:30.070043Z","2026-05-22T02:42:33.808322Z",1779417750.07004,1779417753.80832,0.000681,0.000792,0.000835,3.723183,3.723318,3.722348,0.000134999999999774,3.7091,0.0291788658142091
"2026-05-22T02:42:37.708Z","run_bootstrap",136,"http://client1:8000","run","http://client1:8000/run",1,TRUE,200,1109,251,3.46379232406616,"2026-05-22T02:42:33.836497Z","2026-05-22T02:42:37.300289Z",1779417753.8365,1779417757.30029,0.000668,0.000771,0.000811,3.449614,3.449711,3.448803,9.70000000002358e-05,3.438,0.0257923240661619
"2026-05-22T02:42:37.708Z","run_bootstrap",136,"http://client2:8000","run","http://client2:8000/run",1,TRUE,200,1109,255,3.63360476493835,"2026-05-22T02:42:33.837779Z","2026-05-22T02:42:37.471383Z",1779417753.83778,1779417757.47138,0.000555,0.000636,0.000662,3.613963,3.614071,3.613301,0.000107999999999997,3.6037,0.0299047649383546
"2026-05-22T02:42:37.708Z","run_bootstrap",136,"http://client3:8000","run","http://client3:8000/run",1,TRUE,200,1109,254,3.85995888710022,"2026-05-22T02:42:33.838132Z","2026-05-22T02:42:37.698091Z",1779417753.83813,1779417757.69809,0.00058,0.000695,0.000736,3.845825,3.845932,3.845089,0.000106999999999857,3.8375,0.0224588871002198
"2026-05-22T02:42:41.579Z","run_bootstrap",137,"http://client1:8000","run","http://client1:8000/run",1,TRUE,200,1108,257,3.80294799804688,"2026-05-22T02:42:37.771697Z","2026-05-22T02:42:41.574645Z",1779417757.7717,1779417761.57465,0.000605,0.00071,0.000745,3.789666,3.789743,3.788921,7.70000000001048e-05,3.7794,0.0235479980468751
"2026-05-22T02:42:41.579Z","run_bootstrap",137,"http://client2:8000","run","http://client2:8000/run",1,TRUE,200,1108,252,3.79685401916504,"2026-05-22T02:42:37.773278Z","2026-05-22T02:42:41.570132Z",1779417757.77328,1779417761.57013,0.000524,0.000613,0.000646,3.776561,3.776692,3.775915,0.000131000000000103,3.7684,0.0284540191650389
"2026-05-22T02:42:41.579Z","run_bootstrap",137,"http://client3:8000","run","http://client3:8000/run",1,TRUE,200,1108,254,3.64844679832458,"2026-05-22T02:42:37.773843Z","2026-05-22T02:42:41.422290Z",1779417757.77384,1779417761.42229,0.000608,0.000717,0.000752,3.633997,3.63414,3.633245,0.000143000000000004,3.6263,0.0221467983245849
"2026-05-22T02:42:45.346Z","run_bootstrap",138,"http://client1:8000","run","http://client1:8000/run",1,TRUE,200,1108,257,3.75073504447937,"2026-05-22T02:42:41.591715Z","2026-05-22T02:42:45.342450Z",1779417761.59172,1779417765.34245,0.000504,0.000634,0.000681,3.734606,3.734746,3.733925,0.000140000000000029,3.7266,0.0241350444793702
"2026-05-22T02:42:45.346Z","run_bootstrap",138,"http://client2:8000","run","http://client2:8000/run",1,TRUE,200,1108,252,3.68217420578003,"2026-05-22T02:42:41.591649Z","2026-05-22T02:42:45.273823Z",1779417761.59165,1779417765.27382,0.000635,0.00075,0.00079,3.668092,3.668243,3.667302,0.00015099999999979,3.6594,0.0227742057800291
"2026-05-22T02:42:45.346Z","run_bootstrap",138,"http://client3:8000","run","http://client3:8000/run",1,TRUE,200,1108,254,3.58948588371277,"2026-05-22T02:42:41.592842Z","2026-05-22T02:42:45.182327Z",1779417761.59284,1779417765.18233,0.000872,0.000978,0.00102,3.574416,3.574562,3.573396,0.000145999999999979,3.5666,0.0228858837127683
"2026-05-22T02:42:49.393Z","run_bootstrap",139,"http://client1:8000","run","http://client1:8000/run",1,TRUE,200,1110,262,3.7356128692627,"2026-05-22T02:42:45.358670Z","2026-05-22T02:42:49.094283Z",1779417765.35867,1779417769.09428,0.000394,0.000469,0.000499,3.71468,3.71481,3.714181,0.000129999999999963,3.7062,0.0294128692626954
"2026-05-22T02:42:49.393Z","run_bootstrap",139,"http://client2:8000","run","http://client2:8000/run",1,TRUE,200,1110,264,3.7082097530365,"2026-05-22T02:42:45.358991Z","2026-05-22T02:42:49.067201Z",1779417765.35899,1779417769.0672,0.000723,0.000836,0.000869,3.694033,3.694287,3.693164,0.000253999999999976,3.6857,0.0225097530364988
"2026-05-22T02:42:49.393Z","run_bootstrap",139,"http://client3:8000","run","http://client3:8000/run",1,TRUE,200,1110,262,4.03008270263672,"2026-05-22T02:42:45.359525Z","2026-05-22T02:42:49.389608Z",1779417765.35953,1779417769.38961,0.000582,0.000693,0.000728,4.013007,4.013138,4.012279,0.000130999999999659,4.0047,0.025382702636719
"2026-05-22T02:42:53.652Z","run_bootstrap",140,"http://client1:8000","run","http://client1:8000/run",1,TRUE,200,1110,262,4.24015736579895,"2026-05-22T02:42:49.407385Z","2026-05-22T02:42:53.647542Z",1779417769.40739,1779417773.64754,0.00055,0.000626,0.000652,4.226642,4.22677,4.22599,0.000128000000000128,4.0617,0.17845736579895
"2026-05-22T02:42:53.652Z","run_bootstrap",140,"http://client2:8000","run","http://client2:8000/run",1,TRUE,200,1110,263,4.00828957557678,"2026-05-22T02:42:49.408065Z","2026-05-22T02:42:53.416354Z",1779417769.40807,1779417773.41635,0.000466,0.000555,0.000592,3.994105,3.994224,3.993513,0.000119000000000202,3.834,0.174289575576782
"2026-05-22T02:42:53.652Z","run_bootstrap",140,"http://client3:8000","run","http://client3:8000/run",1,TRUE,200,1110,262,3.94583487510681,"2026-05-22T02:42:49.407236Z","2026-05-22T02:42:53.353071Z",1779417769.40724,1779417773.35307,0.000523,0.000612,0.000644,3.932219,3.932345,3.931575,0.000126000000000293,3.7671,0.178734875106811
"2026-05-22T02:42:57.388Z","run_bootstrap",141,"http://client1:8000","run","http://client1:8000/run",1,TRUE,200,1108,254,3.71742296218872,"2026-05-22T02:42:53.663569Z","2026-05-22T02:42:57.380992Z",1779417773.66357,1779417777.38099,0.000596,0.000709,0.000751,3.698089,3.698229,3.697338,0.000140000000000029,3.6902,0.0272229621887208
"2026-05-22T02:42:57.388Z","run_bootstrap",141,"http://client2:8000","run","http://client2:8000/run",1,TRUE,200,1108,254,3.2252140045166,"2026-05-22T02:42:53.663995Z","2026-05-22T02:42:56.889209Z",1779417773.664,1779417776.88921,0.000745,0.000858,0.000892,3.210092,3.210185,3.2092,9.30000000001208e-05,3.2024,0.0228140045166016
"2026-05-22T02:42:57.388Z","run_bootstrap",141,"http://client3:8000","run","http://client3:8000/run",1,TRUE,200,1108,249,3.55931663513184,"2026-05-22T02:42:53.664897Z","2026-05-22T02:42:57.224214Z",1779417773.6649,1779417777.22421,0.000446,0.000546,0.000584,3.544797,3.544933,3.544213,0.000135999999999914,3.5381,0.0212166351318359
"2026-05-22T02:43:00.998Z","run_bootstrap",142,"http://client1:8000","run","http://client1:8000/run",1,TRUE,200,1108,254,3.58595848083496,"2026-05-22T02:42:57.408282Z","2026-05-22T02:43:00.994240Z",1779417777.40828,1779417780.99424,0.000528,0.000615,0.000654,3.56086,3.560893,3.560206,3.30000000001718e-05,3.5524,0.0335584808349609
"2026-05-22T02:43:00.998Z","run_bootstrap",142,"http://client2:8000","run","http://client2:8000/run",1,TRUE,200,1108,254,3.57395601272583,"2026-05-22T02:42:57.408854Z","2026-05-22T02:43:00.982810Z",1779417777.40885,1779417780.98281,0.000735,0.000851,0.000888,3.55223,3.552261,3.551342,3.09999999998922e-05,3.5443,0.0296560127258303
"2026-05-22T02:43:00.998Z","run_bootstrap",142,"http://client3:8000","run","http://client3:8000/run",1,TRUE,200,1108,249,3.57170057296753,"2026-05-22T02:42:57.409538Z","2026-05-22T02:43:00.981238Z",1779417777.40954,1779417780.98124,0.000466,0.000579,0.000614,3.545846,3.545882,3.545232,3.6000000000147e-05,3.5391,0.0326005729675294
"2026-05-22T02:43:04.609Z","run_bootstrap",143,"http://client1:8000","run","http://client1:8000/run",1,TRUE,200,1109,253,3.58631372451782,"2026-05-22T02:43:01.012592Z","2026-05-22T02:43:04.598906Z",1779417781.01259,1779417784.59891,0.000791,0.000875,0.00091,3.570745,3.570886,3.569835,0.000140999999999725,3.5633,0.0230137245178224
"2026-05-22T02:43:04.609Z","run_bootstrap",143,"http://client2:8000","run","http://client2:8000/run",1,TRUE,200,1109,253,3.5918653011322,"2026-05-22T02:43:01.013135Z","2026-05-22T02:43:04.605000Z",1779417781.01314,1779417784.605,0.000709,0.000781,0.000815,3.577081,3.577212,3.576266,0.000130999999999659,3.5702,0.0216653011322023
"2026-05-22T02:43:04.609Z","run_bootstrap",143,"http://client3:8000","run","http://client3:8000/run",1,TRUE,200,1109,250,3.48096799850464,"2026-05-22T02:43:01.012794Z","2026-05-22T02:43:04.493762Z",1779417781.01279,1779417784.49376,0.000606,0.000696,0.000733,3.466691,3.46684,3.465958,0.000148999999999955,3.4587,0.0222679985046388
"2026-05-22T02:43:08.397Z","run_bootstrap",144,"http://client1:8000","run","http://client1:8000/run",1,TRUE,200,1109,253,3.53608274459839,"2026-05-22T02:43:04.621286Z","2026-05-22T02:43:08.157369Z",1779417784.62129,1779417788.15737,0.000571,0.00063,0.000654,3.518775,3.518906,3.518121,0.000130999999999659,3.5117,0.0243827445983889
"2026-05-22T02:43:08.397Z","run_bootstrap",144,"http://client2:8000","run","http://client2:8000/run",1,TRUE,200,1109,253,3.76837229728699,"2026-05-22T02:43:04.621779Z","2026-05-22T02:43:08.390151Z",1779417784.62178,1779417788.39015,0.000563,0.000642,0.000666,3.750891,3.75102,3.750225,0.000128999999999824,3.7442,0.0241722972869871
"2026-05-22T02:43:08.397Z","run_bootstrap",144,"http://client3:8000","run","http://client3:8000/run",1,TRUE,200,1109,250,3.39976215362549,"2026-05-22T02:43:04.622334Z","2026-05-22T02:43:08.022096Z",1779417784.62233,1779417788.0221,0.000573,0.000646,0.000682,3.382481,3.382632,3.381799,0.000151000000000234,3.3758,0.0239621536254884
"2026-05-22T02:43:12.272Z","run_bootstrap",145,"http://client1:8000","run","http://client1:8000/run",1,TRUE,200,1109,253,3.52326607704163,"2026-05-22T02:43:08.413111Z","2026-05-22T02:43:11.936377Z",1779417788.41311,1779417791.93638,0.000712,0.000812,0.000847,3.509466,3.509609,3.508619,0.000143000000000004,3.5001,0.0231660770416258
"2026-05-22T02:43:12.272Z","run_bootstrap",145,"http://client2:8000","run","http://client2:8000/run",1,TRUE,200,1109,253,3.85130405426025,"2026-05-22T02:43:08.413665Z","2026-05-22T02:43:12.264969Z",1779417788.41367,1779417792.26497,0.00058,0.000666,0.000713,3.831094,3.831243,3.830381,0.000148999999999955,3.8235,0.0278040542602538
"2026-05-22T02:43:12.272Z","run_bootstrap",145,"http://client3:8000","run","http://client3:8000/run",1,TRUE,200,1109,250,3.49284887313843,"2026-05-22T02:43:08.412907Z","2026-05-22T02:43:11.905756Z",1779417788.41291,1779417791.90576,0.000705,0.000802,0.000826,3.479086,3.479235,3.47826,0.000148999999999955,3.4705,0.0223488731384278
"2026-05-22T02:43:15.906Z","run_bootstrap",146,"http://client1:8000","run","http://client1:8000/run",1,TRUE,200,1109,253,3.61326313018799,"2026-05-22T02:43:12.286468Z","2026-05-22T02:43:15.899731Z",1779417792.28647,1779417795.89973,0.000581,0.000729,0.000771,3.593448,3.593574,3.592677,0.000125999999999848,3.5859,0.0273631301879882
"2026-05-22T02:43:15.906Z","run_bootstrap",146,"http://client2:8000","run","http://client2:8000/run",1,TRUE,200,1109,253,3.55600476264954,"2026-05-22T02:43:12.286804Z","2026-05-22T02:43:15.842808Z",1779417792.2868,1779417795.84281,0.000434,0.000554,0.000599,3.534771,3.534912,3.534172,0.000140999999999725,3.5275,0.0285047626495363
"2026-05-22T02:43:15.906Z","run_bootstrap",146,"http://client3:8000","run","http://client3:8000/run",1,TRUE,200,1109,250,3.61398410797119,"2026-05-22T02:43:12.287494Z","2026-05-22T02:43:15.901478Z",1779417792.28749,1779417795.90148,0.000881,0.001,0.001053,3.594118,3.594238,3.593065,0.000119999999999898,3.5855,0.0284841079711913
"2026-05-22T02:43:19.694Z","run_bootstrap",147,"http://client1:8000","run","http://client1:8000/run",1,TRUE,200,1109,249,3.52594470977783,"2026-05-22T02:43:15.916501Z","2026-05-22T02:43:19.442446Z",1779417795.9165,1779417799.44245,0.000821,0.000945,0.000981,3.511012,3.511118,3.510031,0.000106000000000162,3.5032,0.0227447097778319
"2026-05-22T02:43:19.694Z","run_bootstrap",147,"http://client2:8000","run","http://client2:8000/run",1,TRUE,200,1109,256,3.76803016662598,"2026-05-22T02:43:15.918305Z","2026-05-22T02:43:19.686336Z",1779417795.91831,1779417799.68634,0.000544,0.00066,0.000695,3.753547,3.753685,3.752852,0.000137999999999749,3.7454,0.0226301666259765
"2026-05-22T02:43:19.694Z","run_bootstrap",147,"http://client3:8000","run","http://client3:8000/run",1,TRUE,200,1109,248,3.60180735588074,"2026-05-22T02:43:15.918962Z","2026-05-22T02:43:19.520769Z",1779417795.91896,1779417799.52077,0.000482,0.000573,0.000606,3.587003,3.587109,3.586397,0.000105999999999717,3.579,0.0228073558807371
"2026-05-22T02:43:23.372Z","run_bootstrap",148,"http://client1:8000","run","http://client1:8000/run",1,TRUE,200,1109,249,3.5944402217865,"2026-05-22T02:43:19.714109Z","2026-05-22T02:43:23.308549Z",1779417799.71411,1779417803.30855,0.000604,0.00069,0.000724,3.578461,3.578492,3.577737,3.09999999998922e-05,3.5702,0.0242402217864992
"2026-05-22T02:43:23.372Z","run_bootstrap",148,"http://client2:8000","run","http://client2:8000/run",1,TRUE,200,1109,256,3.65437626838684,"2026-05-22T02:43:19.714110Z","2026-05-22T02:43:23.368487Z",1779417799.71411,1779417803.36849,0.000609,0.000692,0.000714,3.639188,3.639218,3.638474,3.00000000001965e-05,3.6325,0.021876268386841
"2026-05-22T02:43:23.372Z","run_bootstrap",148,"http://client3:8000","run","http://client3:8000/run",1,TRUE,200,1109,249,3.62965035438538,"2026-05-22T02:43:19.714112Z","2026-05-22T02:43:23.343762Z",1779417799.71411,1779417803.34376,0.000627,0.000698,0.000808,3.613704,3.613736,3.612896,3.2000000000032e-05,3.6068,0.0228503543853762
"2026-05-22T02:43:27.108Z","run_bootstrap",149,"http://client1:8000","run","http://client1:8000/run",1,TRUE,200,1109,252,3.61796355247498,"2026-05-22T02:43:23.386058Z","2026-05-22T02:43:27.004022Z",1779417803.38606,1779417807.00402,0.000522,6e-04,0.000622,3.604346,3.604481,3.603724,0.000134999999999774,3.5962,0.0217635524749755
"2026-05-22T02:43:27.108Z","run_bootstrap",149,"http://client2:8000","run","http://client2:8000/run",1,TRUE,200,1109,255,3.49366211891174,"2026-05-22T02:43:23.385919Z","2026-05-22T02:43:26.879581Z",1779417803.38592,1779417806.87958,0.00053,0.000616,0.000652,3.479918,3.479978,3.479266,5.9999999999949e-05,3.4692,0.0244621189117433
"2026-05-22T02:43:27.108Z","run_bootstrap",149,"http://client3:8000","run","http://client3:8000/run",1,TRUE,200,1109,250,3.71513319015503,"2026-05-22T02:43:23.387681Z","2026-05-22T02:43:27.102814Z",1779417803.38768,1779417807.10281,0.000694,0.000785,0.000819,3.694547,3.694688,3.693728,0.000141000000000169,3.6862,0.0289331901550294
"2026-05-22T02:43:30.732Z","run_bootstrap",150,"http://client1:8000","run","http://client1:8000/run",1,TRUE,200,1109,251,3.587562084198,"2026-05-22T02:43:27.120866Z","2026-05-22T02:43:30.708428Z",1779417807.12087,1779417810.70843,0.000517,0.000601,0.000641,3.566544,3.56669,3.565903,0.000145999999999979,3.559,0.0285620841979979
"2026-05-22T02:43:30.732Z","run_bootstrap",150,"http://client2:8000","run","http://client2:8000/run",1,TRUE,200,1109,255,3.56236863136292,"2026-05-22T02:43:27.120393Z","2026-05-22T02:43:30.682761Z",1779417807.12039,1779417810.68276,0.000637,0.000738,0.000776,3.548905,3.549015,3.548129,0.000109999999999832,3.5414,0.0209686313629152
"2026-05-22T02:43:30.732Z","run_bootstrap",150,"http://client3:8000","run","http://client3:8000/run",1,TRUE,200,1109,249,3.60281252861023,"2026-05-22T02:43:27.122101Z","2026-05-22T02:43:30.724913Z",1779417807.1221,1779417810.72491,0.00072,0.000825,0.000863,3.587873,3.588008,3.58701,0.000134999999999774,3.581,0.0218125286102295
"2026-05-22T02:43:34.568Z","run_bootstrap",151,"http://client1:8000","run","http://client1:8000/run",1,TRUE,200,1108,252,3.82041931152344,"2026-05-22T02:43:30.743745Z","2026-05-22T02:43:34.564164Z",1779417810.74375,1779417814.56416,0.000572,0.000646,0.000673,3.806409,3.80656,3.805736,0.000151000000000234,3.7983,0.0221193115234377
"2026-05-22T02:43:34.568Z","run_bootstrap",151,"http://client2:8000","run","http://client2:8000/run",1,TRUE,200,1108,256,3.58601546287537,"2026-05-22T02:43:30.744147Z","2026-05-22T02:43:34.330163Z",1779417810.74415,1779417814.33016,0.000572,0.000648,0.000673,3.572507,3.57264,3.571834,0.000132999999999939,3.5634,0.0226154628753661
"2026-05-22T02:43:34.568Z","run_bootstrap",151,"http://client3:8000","run","http://client3:8000/run",1,TRUE,200,1108,250,3.64155769348145,"2026-05-22T02:43:30.744637Z","2026-05-22T02:43:34.386194Z",1779417810.74464,1779417814.38619,0.000644,0.000724,0.000762,3.62774,3.627864,3.626978,0.000124000000000013,3.6209,0.0206576934814455
"2026-05-22T02:43:38.592Z","run_bootstrap",152,"http://client1:8000","run","http://client1:8000/run",1,TRUE,200,1108,252,4.00712537765503,"2026-05-22T02:43:34.580901Z","2026-05-22T02:43:38.588026Z",1779417814.5809,1779417818.58803,0.000755,0.000836,0.000858,3.989156,3.98928,3.988298,0.000124000000000013,3.9817,0.0254253776550293
"2026-05-22T02:43:38.592Z","run_bootstrap",152,"http://client2:8000","run","http://client2:8000/run",1,TRUE,200,1108,256,3.78303933143616,"2026-05-22T02:43:34.581565Z","2026-05-22T02:43:38.364604Z",1779417814.58157,1779417818.3646,0.000515,0.000599,0.000632,3.761605,3.761743,3.760973,0.000138000000000194,3.7545,0.0285393314361571
"2026-05-22T02:43:38.592Z","run_bootstrap",152,"http://client3:8000","run","http://client3:8000/run",1,TRUE,200,1108,250,3.93036961555481,"2026-05-22T02:43:34.582194Z","2026-05-22T02:43:38.512564Z",1779417814.58219,1779417818.51256,0.000653,0.000741,0.000772,3.909732,3.909871,3.90896,0.000138999999999889,3.9026,0.0277696155548095
"2026-05-22T02:43:42.591Z","run_bootstrap",153,"http://client1:8000","run","http://client1:8000/run",1,TRUE,200,1109,252,3.97930335998535,"2026-05-22T02:43:38.605263Z","2026-05-22T02:43:42.584567Z",1779417818.60526,1779417822.58457,0.000708,0.000826,0.000863,3.959452,3.959484,3.958589,3.19999999995879e-05,3.952,0.0273033599853516
"2026-05-22T02:43:42.591Z","run_bootstrap",153,"http://client2:8000","run","http://client2:8000/run",1,TRUE,200,1109,254,3.84442162513733,"2026-05-22T02:43:38.605452Z","2026-05-22T02:43:42.449873Z",1779417818.60545,1779417822.44987,0.000575,0.000684,0.000719,3.825782,3.826055,3.825063,0.000273000000000412,3.8177,0.0267216251373292
"2026-05-22T02:43:42.591Z","run_bootstrap",153,"http://client3:8000","run","http://client3:8000/run",1,TRUE,200,1109,252,3.9722466468811,"2026-05-22T02:43:38.606541Z","2026-05-22T02:43:42.578788Z",1779417818.60654,1779417822.57879,0.000681,0.000798,0.000834,3.954212,3.95434,3.953378,0.000128000000000128,3.946,0.0262466468811033
"2026-05-22T02:43:46.581Z","run_bootstrap",154,"http://client1:8000","run","http://client1:8000/run",1,TRUE,200,1109,253,3.96775341033936,"2026-05-22T02:43:42.606569Z","2026-05-22T02:43:46.574322Z",1779417822.60657,1779417826.57432,0.000533,0.000639,0.000675,3.948112,3.948199,3.947437,8.69999999997262e-05,3.9397,0.0280534103393553
"2026-05-22T02:43:46.581Z","run_bootstrap",154,"http://client2:8000","run","http://client2:8000/run",1,TRUE,200,1109,254,3.82915353775024,"2026-05-22T02:43:42.607180Z","2026-05-22T02:43:46.436333Z",1779417822.60718,1779417826.43633,0.000537,0.000621,0.000652,3.810693,3.810835,3.810041,0.000141999999999864,3.7877,0.0414535377502441
"2026-05-22T02:43:46.581Z","run_bootstrap",154,"http://client3:8000","run","http://client3:8000/run",1,TRUE,200,1109,253,3.86610984802246,"2026-05-22T02:43:42.607202Z","2026-05-22T02:43:46.473311Z",1779417822.6072,1779417826.47331,0.000692,0.000776,0.000811,3.852809,3.852926,3.851998,0.000116999999999923,3.8385,0.0276098480224611
"2026-05-22T02:43:50.740Z","run_bootstrap",155,"http://client1:8000","run","http://client1:8000/run",1,TRUE,200,1108,249,4.00557684898376,"2026-05-22T02:43:46.593324Z","2026-05-22T02:43:50.598901Z",1779417826.59332,1779417830.5989,0.000694,0.000794,0.000817,3.991342,3.991478,3.990525,0.000135999999999914,3.984,0.0215768489837647
"2026-05-22T02:43:50.740Z","run_bootstrap",155,"http://client2:8000","run","http://client2:8000/run",1,TRUE,200,1108,256,3.80353736877441,"2026-05-22T02:43:46.594099Z","2026-05-22T02:43:50.397636Z",1779417826.5941,1779417830.39764,0.000611,0.000697,0.000728,3.783948,3.784065,3.78322,0.000116999999999923,3.7762,0.0273373687744143
"2026-05-22T02:43:50.740Z","run_bootstrap",155,"http://client3:8000","run","http://client3:8000/run",1,TRUE,200,1108,251,4.14089918136597,"2026-05-22T02:43:46.594578Z","2026-05-22T02:43:50.735477Z",1779417826.59458,1779417830.73548,5e-04,0.000609,0.000644,4.120266,4.120401,4.119622,0.000135000000000218,4.1138,0.0270991813659665
"2026-05-22T02:43:54.755Z","run_bootstrap",156,"http://client1:8000","run","http://client1:8000/run",1,TRUE,200,1108,250,3.99727082252502,"2026-05-22T02:43:50.753119Z","2026-05-22T02:43:54.750390Z",1779417830.75312,1779417834.75039,0.000664,0.000768,0.000803,3.983556,3.983707,3.982753,0.00015099999999979,3.9762,0.0210708225250245
"2026-05-22T02:43:54.755Z","run_bootstrap",156,"http://client2:8000","run","http://client2:8000/run",1,TRUE,200,1108,256,3.86458420753479,"2026-05-22T02:43:50.755378Z","2026-05-22T02:43:54.619962Z",1779417830.75538,1779417834.61996,0.000459,0.000545,0.000579,3.84385,3.843967,3.843271,0.000116999999999923,3.8366,0.0279842075347903
"2026-05-22T02:43:54.755Z","run_bootstrap",156,"http://client3:8000","run","http://client3:8000/run",1,TRUE,200,1108,251,3.5975079536438,"2026-05-22T02:43:50.755037Z","2026-05-22T02:43:54.352545Z",1779417830.75504,1779417834.35255,0.000542,0.000653,0.000688,3.583873,3.583982,3.583185,0.000108999999999693,3.5729,0.0246079536437986
"2026-05-22T02:43:58.465Z","run_bootstrap",157,"http://client1:8000","run","http://client1:8000/run",1,TRUE,200,1108,249,3.07899022102356,"2026-05-22T02:43:54.772876Z","2026-05-22T02:43:57.851866Z",1779417834.77288,1779417837.85187,0.000668,0.000747,0.000776,3.064725,3.064839,3.063949,0.000113999999999947,3.0539,0.0250902210235595
"2026-05-22T02:43:58.465Z","run_bootstrap",157,"http://client2:8000","run","http://client2:8000/run",1,TRUE,200,1108,257,3.68751311302185,"2026-05-22T02:43:54.773281Z","2026-05-22T02:43:58.460794Z",1779417834.77328,1779417838.46079,0.000663,0.000756,0.000793,3.673721,3.673856,3.672928,0.000134999999999774,3.6653,0.0222131130218508
"2026-05-22T02:43:58.465Z","run_bootstrap",157,"http://client3:8000","run","http://client3:8000/run",1,TRUE,200,1108,251,3.56030344963074,"2026-05-22T02:43:54.773119Z","2026-05-22T02:43:58.333422Z",1779417834.77312,1779417838.33342,0.000754,0.00081,0.000836,3.546589,3.546715,3.545753,0.000125999999999848,3.5383,0.0220034496307373
"2026-05-22T02:44:02.097Z","run_bootstrap",158,"http://client1:8000","run","http://client1:8000/run",1,TRUE,200,1108,249,3.43982529640198,"2026-05-22T02:43:58.478231Z","2026-05-22T02:44:01.918056Z",1779417838.47823,1779417841.91806,0.000733,0.000851,0.000892,3.423753,3.4239,3.422861,0.000147000000000119,3.4154,0.0244252964019775
"2026-05-22T02:44:02.097Z","run_bootstrap",158,"http://client2:8000","run","http://client2:8000/run",1,TRUE,200,1108,256,3.61407446861267,"2026-05-22T02:43:58.478638Z","2026-05-22T02:44:02.092712Z",1779417838.47864,1779417842.09271,0.000471,0.000556,0.000595,3.597858,3.598008,3.597263,0.000150000000000095,3.591,0.0230744686126707
"2026-05-22T02:44:02.097Z","run_bootstrap",158,"http://client3:8000","run","http://client3:8000/run",1,TRUE,200,1108,251,2.98384809494019,"2026-05-22T02:43:58.479174Z","2026-05-22T02:44:01.463022Z",1779417838.47917,1779417841.46302,0.000497,0.000579,0.000633,2.966848,2.96696,2.966215,0.000111999999999668,2.9549,0.0289480949401857
"2026-05-22T02:44:05.849Z","run_bootstrap",159,"http://client1:8000","run","http://client1:8000/run",1,TRUE,200,1109,250,3.43368482589722,"2026-05-22T02:44:02.111157Z","2026-05-22T02:44:05.544842Z",1779417842.11116,1779417845.54484,0.000691,0.000796,0.000829,3.416639,3.416682,3.41581,4.30000000002373e-05,3.4092,0.024484825897217
"2026-05-22T02:44:05.849Z","run_bootstrap",159,"http://client2:8000","run","http://client2:8000/run",1,TRUE,200,1109,257,3.7318274974823,"2026-05-22T02:44:02.112394Z","2026-05-22T02:44:05.844222Z",1779417842.11239,1779417845.84422,0.000539,0.000619,0.000651,3.710107,3.710138,3.709456,3.10000000003363e-05,3.7033,0.0285274974822998
"2026-05-22T02:44:05.849Z","run_bootstrap",159,"http://client3:8000","run","http://client3:8000/run",1,TRUE,200,1109,252,3.26758360862732,"2026-05-22T02:44:02.112609Z","2026-05-22T02:44:05.380193Z",1779417842.11261,1779417845.38019,0.000776,0.000896,0.000929,3.249,3.249034,3.248071,3.39999999998675e-05,3.2387,0.0288836086273192
"2026-05-22T02:44:09.752Z","run_bootstrap",160,"http://client1:8000","run","http://client1:8000/run",1,TRUE,200,1109,250,3.71995711326599,"2026-05-22T02:44:05.864155Z","2026-05-22T02:44:09.584112Z",1779417845.86416,1779417849.58411,0.000602,0.000718,0.000764,3.707108,3.707238,3.706344,0.000129999999999963,3.5562,0.163757113265991
"2026-05-22T02:44:09.752Z","run_bootstrap",160,"http://client2:8000","run","http://client2:8000/run",1,TRUE,200,1109,257,3.88384699821472,"2026-05-22T02:44:05.863839Z","2026-05-22T02:44:09.747686Z",1779417845.86384,1779417849.74769,0.000698,0.00079,0.000829,3.870329,3.870471,3.8695,0.000142000000000309,3.7207,0.163146998214722
"2026-05-22T02:44:09.752Z","run_bootstrap",160,"http://client3:8000","run","http://client3:8000/run",1,TRUE,200,1109,252,3.58015441894531,"2026-05-22T02:44:05.865655Z","2026-05-22T02:44:09.445809Z",1779417845.86566,1779417849.44581,0.000583,0.00067,0.000704,3.560323,3.560442,3.559619,0.000119000000000202,3.4025,0.177654418945313
"2026-05-22T02:44:13.318Z","run_bootstrap",161,"http://client1:8000","run","http://client1:8000/run",1,TRUE,200,1109,251,3.55056262016296,"2026-05-22T02:44:09.763228Z","2026-05-22T02:44:13.313791Z",1779417849.76323,1779417853.31379,0.000424,0.000516,0.000541,3.537153,3.537288,3.536612,0.000135000000000218,3.5304,0.0201626201629637
"2026-05-22T02:44:13.318Z","run_bootstrap",161,"http://client2:8000","run","http://client2:8000/run",1,TRUE,200,1109,256,3.46269869804382,"2026-05-22T02:44:09.763804Z","2026-05-22T02:44:13.226503Z",1779417849.7638,1779417853.2265,0.000609,0.000681,0.000705,3.449806,3.449938,3.449101,0.000131999999999799,3.4434,0.0192986980438232
"2026-05-22T02:44:13.318Z","run_bootstrap",161,"http://client3:8000","run","http://client3:8000/run",1,TRUE,200,1109,249,3.4261417388916,"2026-05-22T02:44:09.764163Z","2026-05-22T02:44:13.190305Z",1779417849.76416,1779417853.19031,0.000678,0.00075,0.000782,3.413084,3.413202,3.412302,0.000118000000000062,3.405,0.0211417388916018
"2026-05-22T02:44:17.059Z","run_bootstrap",162,"http://client1:8000","run","http://client1:8000/run",1,TRUE,200,1109,251,3.72482776641846,"2026-05-22T02:44:13.329905Z","2026-05-22T02:44:17.054733Z",1779417853.32991,1779417857.05473,0.000781,0.000884,0.000919,3.710666,3.710793,3.709747,0.000126999999999988,3.7033,0.021527766418457
"2026-05-22T02:44:17.059Z","run_bootstrap",162,"http://client2:8000","run","http://client2:8000/run",1,TRUE,200,1109,256,3.49409246444702,"2026-05-22T02:44:13.331815Z","2026-05-22T02:44:16.825908Z",1779417853.33182,1779417856.82591,0.00076,0.000878,0.000913,3.479631,3.479759,3.478718,0.000128000000000128,3.4723,0.0217924644470213
"2026-05-22T02:44:17.059Z","run_bootstrap",162,"http://client3:8000","run","http://client3:8000/run",1,TRUE,200,1109,250,3.30441689491272,"2026-05-22T02:44:13.332243Z","2026-05-22T02:44:16.636660Z",1779417853.33224,1779417856.63666,0.000579,0.000689,0.000725,3.289789,3.289922,3.289064,0.000132999999999939,3.2829,0.0215168949127196
"2026-05-22T02:44:20.821Z","run_bootstrap",163,"http://client1:8000","run","http://client1:8000/run",1,TRUE,200,1109,253,3.74614405632019,"2026-05-22T02:44:17.071149Z","2026-05-22T02:44:20.817293Z",1779417857.07115,1779417860.81729,0.000636,0.000744,0.000791,3.731965,3.732109,3.731174,0.0001439999999997,3.7243,0.0218440563201905
"2026-05-22T02:44:20.821Z","run_bootstrap",163,"http://client2:8000","run","http://client2:8000/run",1,TRUE,200,1109,250,3.42361736297607,"2026-05-22T02:44:17.072397Z","2026-05-22T02:44:20.496014Z",1779417857.0724,1779417860.49601,0.000475,0.000559,0.000584,3.408219,3.40835,3.407635,0.000131000000000103,3.4011,0.0225173629760742
"2026-05-22T02:44:20.821Z","run_bootstrap",163,"http://client3:8000","run","http://client3:8000/run",1,TRUE,200,1109,251,3.72063374519348,"2026-05-22T02:44:17.072733Z","2026-05-22T02:44:20.793367Z",1779417857.07273,1779417860.79337,0.00056,0.00061,0.000631,3.706378,3.706523,3.705747,0.00014499999999984,3.6998,0.0208337451934812
"2026-05-22T02:44:24.590Z","run_bootstrap",164,"http://client1:8000","run","http://client1:8000/run",1,TRUE,200,1109,253,3.37479043006897,"2026-05-22T02:44:20.834952Z","2026-05-22T02:44:24.209742Z",1779417860.83495,1779417864.20974,0.000674,0.000764,0.000789,3.352294,3.352327,3.351505,3.29999999997277e-05,3.3313,0.0434904300689696
"2026-05-22T02:44:24.590Z","run_bootstrap",164,"http://client2:8000","run","http://client2:8000/run",1,TRUE,200,1109,250,3.37625694274902,"2026-05-22T02:44:20.835607Z","2026-05-22T02:44:24.211863Z",1779417860.83561,1779417864.21186,0.000506,0.000588,0.000617,3.352236,3.352271,3.351619,3.50000000000072e-05,3.3437,0.0325569427490233
"2026-05-22T02:44:24.590Z","run_bootstrap",164,"http://client3:8000","run","http://client3:8000/run",1,TRUE,200,1109,251,3.75028204917908,"2026-05-22T02:44:20.836102Z","2026-05-22T02:44:24.586384Z",1779417860.8361,1779417864.58638,0.000648,0.000757,0.000792,3.730823,3.730857,3.730031,3.39999999998675e-05,3.7224,0.0278820491790772
"2026-05-22T02:44:28.378Z","run_bootstrap",165,"http://client1:8000","run","http://client1:8000/run",1,TRUE,200,1107,252,3.55220937728882,"2026-05-22T02:44:24.605499Z","2026-05-22T02:44:28.157708Z",1779417864.6055,1779417868.15771,0.000625,0.000727,0.000761,3.534311,3.53442,3.53355,0.000108999999999693,3.5273,0.0249093772888185
"2026-05-22T02:44:28.378Z","run_bootstrap",165,"http://client2:8000","run","http://client2:8000/run",1,TRUE,200,1107,254,3.76420426368713,"2026-05-22T02:44:24.606323Z","2026-05-22T02:44:28.370527Z",1779417864.60632,1779417868.37053,0.000558,0.000666,0.000701,3.743638,3.743776,3.742937,0.000138000000000194,3.7355,0.0287042636871337
"2026-05-22T02:44:28.378Z","run_bootstrap",165,"http://client3:8000","run","http://client3:8000/run",1,TRUE,200,1107,249,3.5380220413208,"2026-05-22T02:44:24.606896Z","2026-05-22T02:44:28.144918Z",1779417864.6069,1779417868.14492,0.000637,0.000716,0.000747,3.518686,3.51884,3.517939,0.000153999999999765,3.5116,0.0264220413208007
"2026-05-22T02:44:32.068Z","run_bootstrap",166,"http://client1:8000","run","http://client1:8000/run",1,TRUE,200,1107,251,3.56682181358337,"2026-05-22T02:44:28.392223Z","2026-05-22T02:44:31.959045Z",1779417868.39222,1779417871.95905,0.000773,0.000866,0.000902,3.55285,3.552997,3.551948,0.000147000000000119,3.543,0.0238218135833739
"2026-05-22T02:44:32.068Z","run_bootstrap",166,"http://client2:8000","run","http://client2:8000/run",1,TRUE,200,1107,254,3.62105393409729,"2026-05-22T02:44:28.392562Z","2026-05-22T02:44:32.013616Z",1779417868.39256,1779417872.01362,0.000642,0.000706,0.000727,3.602069,3.602195,3.601342,0.000125999999999848,3.5946,0.0264539340972902
"2026-05-22T02:44:32.068Z","run_bootstrap",166,"http://client3:8000","run","http://client3:8000/run",1,TRUE,200,1107,249,3.66912031173706,"2026-05-22T02:44:28.392431Z","2026-05-22T02:44:32.061551Z",1779417868.39243,1779417872.06155,0.000685,0.000799,0.000838,3.655412,3.655535,3.654574,0.000122999999999873,3.6485,0.0206203117370607
"2026-05-22T02:44:35.921Z","run_bootstrap",167,"http://client1:8000","run","http://client1:8000/run",1,TRUE,200,1109,251,3.83640003204346,"2026-05-22T02:44:32.080678Z","2026-05-22T02:44:35.917078Z",1779417872.08068,1779417875.91708,0.000417,0.000498,0.000522,3.820798,3.821117,3.820276,0.00031900000000018,3.8133,0.0231000320434571
"2026-05-22T02:44:35.921Z","run_bootstrap",167,"http://client2:8000","run","http://client2:8000/run",1,TRUE,200,1109,254,3.53542613983154,"2026-05-22T02:44:32.081229Z","2026-05-22T02:44:35.616656Z",1779417872.08123,1779417875.61666,0.000637,0.000782,0.000818,3.52087,3.521002,3.520052,0.000132000000000243,3.5135,0.0219261398315429
"2026-05-22T02:44:35.921Z","run_bootstrap",167,"http://client3:8000","run","http://client3:8000/run",1,TRUE,200,1109,251,3.61306524276733,"2026-05-22T02:44:32.081652Z","2026-05-22T02:44:35.694717Z",1779417872.08165,1779417875.69472,0.000567,0.000654,0.000799,3.598638,3.598779,3.597839,0.000141000000000169,3.5916,0.0214652427673339
"2026-05-22T02:44:39.725Z","run_bootstrap",168,"http://client1:8000","run","http://client1:8000/run",1,TRUE,200,1109,251,3.78692221641541,"2026-05-22T02:44:35.933758Z","2026-05-22T02:44:39.720680Z",1779417875.93376,1779417879.72068,0.000731,0.000823,0.000857,3.766065,3.766191,3.765208,0.000125999999999848,3.7586,0.0283222164154053
"2026-05-22T02:44:39.725Z","run_bootstrap",168,"http://client2:8000","run","http://client2:8000/run",1,TRUE,200,1109,253,3.67377305030823,"2026-05-22T02:44:35.934426Z","2026-05-22T02:44:39.608199Z",1779417875.93443,1779417879.6082,0.00059,0.000703,0.000739,3.652943,3.653102,3.652204,0.00015900000000002,3.646,0.0277730503082276
"2026-05-22T02:44:39.725Z","run_bootstrap",168,"http://client3:8000","run","http://client3:8000/run",1,TRUE,200,1109,251,3.47197866439819,"2026-05-22T02:44:35.933660Z","2026-05-22T02:44:39.405638Z",1779417875.93366,1779417879.40564,0.00066,0.000765,0.000804,3.458565,3.458697,3.457761,0.000131999999999799,3.4516,0.0203786643981934
"2026-05-22T02:44:43.520Z","run_bootstrap",169,"http://client1:8000","run","http://client1:8000/run",1,TRUE,200,1108,253,3.59506058692932,"2026-05-22T02:44:39.737110Z","2026-05-22T02:44:43.332170Z",1779417879.73711,1779417883.33217,0.000695,0.000799,0.000833,3.577677,3.577761,3.576844,8.4000000000195e-05,3.5693,0.0257605869293211
"2026-05-22T02:44:43.520Z","run_bootstrap",169,"http://client2:8000","run","http://client2:8000/run",1,TRUE,200,1108,255,3.62889504432678,"2026-05-22T02:44:39.737971Z","2026-05-22T02:44:43.366866Z",1779417879.73797,1779417883.36687,0.00052,0.000608,0.000641,3.606953,3.607061,3.606312,0.000107999999999997,3.5989,0.0299950443267822
"2026-05-22T02:44:43.520Z","run_bootstrap",169,"http://client3:8000","run","http://client3:8000/run",1,TRUE,200,1108,251,3.77351307868958,"2026-05-22T02:44:39.738457Z","2026-05-22T02:44:43.511970Z",1779417879.73846,1779417883.51197,0.00054,0.000653,0.000688,3.755644,3.75577,3.754956,0.000125999999999848,3.7477,0.0258130786895752
"2026-05-22T02:44:47.358Z","run_bootstrap",170,"http://client1:8000","run","http://client1:8000/run",1,TRUE,200,1108,253,3.81075882911682,"2026-05-22T02:44:43.540810Z","2026-05-22T02:44:47.351569Z",1779417883.54081,1779417887.35157,0.000628,0.000731,0.000765,3.791238,3.791272,3.790473,3.40000000003116e-05,3.7841,0.0266588291168213
"2026-05-22T02:44:47.358Z","run_bootstrap",170,"http://client2:8000","run","http://client2:8000/run",1,TRUE,200,1108,255,3.65009784698486,"2026-05-22T02:44:43.541444Z","2026-05-22T02:44:47.191542Z",1779417883.54144,1779417887.19154,0.000524,0.000612,0.000645,3.627747,3.627781,3.627102,3.40000000003116e-05,3.6207,0.0293978469848635
"2026-05-22T02:44:47.358Z","run_bootstrap",170,"http://client3:8000","run","http://client3:8000/run",1,TRUE,200,1108,251,3.55752348899841,"2026-05-22T02:44:43.540684Z","2026-05-22T02:44:47.098208Z",1779417883.54068,1779417887.09821,0.000666,0.000772,0.000806,3.539676,3.539707,3.53887,3.09999999998922e-05,3.5327,0.0248234889984129
"2026-05-22T02:44:51.213Z","run_bootstrap",171,"http://client1:8000","run","http://client1:8000/run",1,TRUE,200,1109,251,3.61682152748108,"2026-05-22T02:44:47.378424Z","2026-05-22T02:44:50.995246Z",1779417887.37842,1779417890.99525,0.000516,0.000604,0.000638,3.597373,3.59747,3.596735,9.69999999997917e-05,3.589,0.0278215274810791
"2026-05-22T02:44:51.213Z","run_bootstrap",171,"http://client2:8000","run","http://client2:8000/run",1,TRUE,200,1109,254,3.64458751678467,"2026-05-22T02:44:47.377896Z","2026-05-22T02:44:51.022484Z",1779417887.3779,1779417891.02248,0.000677,0.000791,0.000829,3.629702,3.629844,3.628873,0.000141999999999864,3.6221,0.0224875167846679
"2026-05-22T02:44:51.213Z","run_bootstrap",171,"http://client3:8000","run","http://client3:8000/run",1,TRUE,200,1109,250,3.82888650894165,"2026-05-22T02:44:47.379688Z","2026-05-22T02:44:51.208574Z",1779417887.37969,1779417891.20857,0.000482,0.000566,0.000599,3.808236,3.808375,3.807637,0.000138999999999889,3.8012,0.0276865089416503
"2026-05-22T02:44:55.047Z","run_bootstrap",172,"http://client1:8000","run","http://client1:8000/run",1,TRUE,200,1109,252,3.66131138801575,"2026-05-22T02:44:51.225487Z","2026-05-22T02:44:54.886799Z",1779417891.22549,1779417894.8868,0.000474,0.000555,0.000587,3.643882,3.644,3.643295,0.000118000000000062,3.6368,0.024511388015747
"2026-05-22T02:44:55.047Z","run_bootstrap",172,"http://client2:8000","run","http://client2:8000/run",1,TRUE,200,1109,254,3.81707167625427,"2026-05-22T02:44:51.226197Z","2026-05-22T02:44:55.043269Z",1779417891.2262,1779417895.04327,0.000534,0.00062,0.000653,3.800345,3.800487,3.799692,0.000141999999999864,3.7928,0.0242716762542723
"2026-05-22T02:44:55.047Z","run_bootstrap",172,"http://client3:8000","run","http://client3:8000/run",1,TRUE,200,1109,250,3.54056930541992,"2026-05-22T02:44:51.225519Z","2026-05-22T02:44:54.766088Z",1779417891.22552,1779417894.76609,0.000678,0.000801,0.000826,3.526795,3.526923,3.525969,0.000128000000000128,3.5193,0.021269305419922
"2026-05-22T02:44:58.901Z","run_bootstrap",173,"http://client1:8000","run","http://client1:8000/run",1,TRUE,200,1109,253,3.83575534820557,"2026-05-22T02:44:55.058348Z","2026-05-22T02:44:58.894103Z",1779417895.05835,1779417898.8941,0.000629,0.000743,0.000794,3.82107,3.821203,3.820276,0.000132999999999939,3.8125,0.0232553482055664
"2026-05-22T02:44:58.901Z","run_bootstrap",173,"http://client2:8000","run","http://client2:8000/run",1,TRUE,200,1109,254,3.56776332855225,"2026-05-22T02:44:55.060492Z","2026-05-22T02:44:58.628255Z",1779417895.06049,1779417898.62826,0.000453,0.000541,0.000576,3.552364,3.552488,3.551788,0.000124000000000013,3.5455,0.022263328552246
"2026-05-22T02:44:58.901Z","run_bootstrap",173,"http://client3:8000","run","http://client3:8000/run",1,TRUE,200,1109,251,3.615149974823,"2026-05-22T02:44:55.060761Z","2026-05-22T02:44:58.675911Z",1779417895.06076,1779417898.67591,0.000502,0.000572,0.000604,3.599827,3.59996,3.599223,0.000132999999999939,3.5929,0.0222499748229978
"2026-05-22T02:45:02.637Z","run_bootstrap",174,"http://client1:8000","run","http://client1:8000/run",1,TRUE,200,1109,252,3.7178041934967,"2026-05-22T02:44:58.913527Z","2026-05-22T02:45:02.631331Z",1779417898.91353,1779417902.63133,0.000666,0.000783,0.000822,3.703542,3.703686,3.70272,0.0001439999999997,3.695,0.0228041934967043
"2026-05-22T02:45:02.637Z","run_bootstrap",174,"http://client2:8000","run","http://client2:8000/run",1,TRUE,200,1109,254,3.54777050018311,"2026-05-22T02:44:58.915054Z","2026-05-22T02:45:02.462825Z",1779417898.91505,1779417902.46283,0.000476,0.000547,0.000579,3.525656,3.52583,3.525077,0.000173999999999896,3.5164,0.0313705001831055
"2026-05-22T02:45:02.637Z","run_bootstrap",174,"http://client3:8000","run","http://client3:8000/run",1,TRUE,200,1109,251,3.67071175575256,"2026-05-22T02:44:58.915404Z","2026-05-22T02:45:02.586115Z",1779417898.9154,1779417902.58612,0.00078,0.000892,0.000929,3.650277,3.650413,3.649348,0.000135999999999914,3.6417,0.0290117557525633
"2026-05-22T02:45:06.357Z","run_bootstrap",175,"http://client1:8000","run","http://client1:8000/run",1,TRUE,200,1108,252,3.68500137329102,"2026-05-22T02:45:02.649518Z","2026-05-22T02:45:06.334519Z",1779417902.64952,1779417906.33452,0.000738,0.000827,0.000861,3.66709,3.667217,3.666229,0.000126999999999988,3.6581,0.0269013732910155
"2026-05-22T02:45:06.357Z","run_bootstrap",175,"http://client2:8000","run","http://client2:8000/run",1,TRUE,200,1108,253,3.69428563117981,"2026-05-22T02:45:02.650180Z","2026-05-22T02:45:06.344465Z",1779417902.65018,1779417906.34447,0.000769,0.000834,0.000854,3.675319,3.675465,3.674465,0.000145999999999979,3.668,0.0262856311798094
"2026-05-22T02:45:06.357Z","run_bootstrap",175,"http://client3:8000","run","http://client3:8000/run",1,TRUE,200,1108,249,3.68149042129517,"2026-05-22T02:45:02.650653Z","2026-05-22T02:45:06.332143Z",1779417902.65065,1779417906.33214,0.000644,0.000751,0.000786,3.665063,3.665201,3.664277,0.000138000000000194,3.6575,0.0239904212951658
"2026-05-22T02:45:10.341Z","run_bootstrap",176,"http://client1:8000","run","http://client1:8000/run",1,TRUE,200,1108,252,3.96006727218628,"2026-05-22T02:45:06.374037Z","2026-05-22T02:45:10.334104Z",1779417906.37404,1779417910.3341,0.000543,0.000623,0.000682,3.945871,3.946002,3.945189,0.000131000000000103,3.9229,0.0371672721862795
"2026-05-22T02:45:10.341Z","run_bootstrap",176,"http://client2:8000","run","http://client2:8000/run",1,TRUE,200,1108,254,3.6590940952301,"2026-05-22T02:45:06.374589Z","2026-05-22T02:45:10.033684Z",1779417906.37459,1779417910.03368,0.000525,0.000641,0.000691,3.645395,3.645552,3.644704,0.000156999999999741,3.6387,0.0203940952301025
"2026-05-22T02:45:10.341Z","run_bootstrap",176,"http://client3:8000","run","http://client3:8000/run",1,TRUE,200,1108,249,3.7486572265625,"2026-05-22T02:45:06.376211Z","2026-05-22T02:45:10.124868Z",1779417906.37621,1779417910.12487,0.000479,0.00057,0.000608,3.73329,3.733402,3.732682,0.000111999999999668,3.7171,0.0315572265625002
"2026-05-22T02:45:14.375Z","run_bootstrap",177,"http://client1:8000","run","http://client1:8000/run",1,TRUE,200,1108,252,3.96818113327026,"2026-05-22T02:45:10.400166Z","2026-05-22T02:45:14.368347Z",1779417910.40017,1779417914.36835,0.000631,0.000747,0.000782,3.954071,3.954214,3.953289,0.000143000000000004,3.9452,0.0229811332702639
"2026-05-22T02:45:14.375Z","run_bootstrap",177,"http://client2:8000","run","http://client2:8000/run",1,TRUE,200,1108,251,3.6953911781311,"2026-05-22T02:45:10.402610Z","2026-05-22T02:45:14.098001Z",1779417910.40261,1779417914.098,0.000604,0.000721,0.000757,3.676077,3.676197,3.67532,0.000120000000000342,3.666,0.0293911781311036
"2026-05-22T02:45:14.375Z","run_bootstrap",177,"http://client3:8000","run","http://client3:8000/run",1,TRUE,200,1108,254,3.83199310302734,"2026-05-22T02:45:10.403423Z","2026-05-22T02:45:14.235416Z",1779417910.40342,1779417914.23542,0.000462,0.000545,0.000579,3.811336,3.811488,3.810757,0.000152000000000374,3.8021,0.0298931030273439
"2026-05-22T02:45:18.384Z","run_bootstrap",178,"http://client1:8000","run","http://client1:8000/run",1,TRUE,200,1108,252,3.98278069496155,"2026-05-22T02:45:14.394080Z","2026-05-22T02:45:18.376861Z",1779417914.39408,1779417918.37686,0.000649,0.000728,0.000763,3.96794,3.968085,3.967177,0.00014499999999984,3.9607,0.0220806949615477
"2026-05-22T02:45:18.384Z","run_bootstrap",178,"http://client2:8000","run","http://client2:8000/run",1,TRUE,200,1108,252,3.8231828212738,"2026-05-22T02:45:14.394825Z","2026-05-22T02:45:18.218008Z",1779417914.39483,1779417918.21801,0.000544,0.000593,0.000612,3.809352,3.809484,3.80874,0.000131999999999799,3.8023,0.0208828212738039
"2026-05-22T02:45:18.384Z","run_bootstrap",178,"http://client3:8000","run","http://client3:8000/run",1,TRUE,200,1108,254,3.51502537727356,"2026-05-22T02:45:14.395263Z","2026-05-22T02:45:17.910289Z",1779417914.39526,1779417917.91029,0.00048,0.000558,0.00058,3.502077,3.502242,3.501497,0.000164999999999971,3.4926,0.0224253772735596
"2026-05-22T02:45:22.501Z","run_bootstrap",179,"http://client1:8000","run","http://client1:8000/run",1,TRUE,200,1108,264,4.09323024749756,"2026-05-22T02:45:18.400399Z","2026-05-22T02:45:22.493629Z",1779417918.4004,1779417922.49363,0.000642,0.000743,0.000776,4.078907,4.079059,4.078131,0.00015199999999993,4.0716,0.0216302474975585
"2026-05-22T02:45:22.501Z","run_bootstrap",179,"http://client2:8000","run","http://client2:8000/run",1,TRUE,200,1108,264,3.97353839874268,"2026-05-22T02:45:18.402495Z","2026-05-22T02:45:22.376034Z",1779417918.4025,1779417922.37603,6e-04,0.000711,0.000747,3.951214,3.951468,3.950467,0.000254000000000421,3.9433,0.030238398742676
"2026-05-22T02:45:22.501Z","run_bootstrap",179,"http://client3:8000","run","http://client3:8000/run",1,TRUE,200,1108,263,3.87000107765198,"2026-05-22T02:45:18.403114Z","2026-05-22T02:45:22.273115Z",1779417918.40311,1779417922.27312,0.000899,0.000974,0.000999,3.848369,3.848534,3.84737,0.000164999999999971,3.8406,0.0294010776519777
"2026-05-22T02:45:26.778Z","run_bootstrap",180,"http://client1:8000","run","http://client1:8000/run",1,TRUE,200,1108,264,4.19950103759766,"2026-05-22T02:45:22.515203Z","2026-05-22T02:45:26.714704Z",1779417922.5152,1779417926.7147,0.000433,0.000528,0.000561,4.185412,4.185554,4.184851,0.00014199999999942,4.0293,0.170201037597656
"2026-05-22T02:45:26.778Z","run_bootstrap",180,"http://client2:8000","run","http://client2:8000/run",1,TRUE,200,1108,264,4.25751352310181,"2026-05-22T02:45:22.515974Z","2026-05-22T02:45:26.773488Z",1779417922.51597,1779417926.77349,0.000438,0.000518,0.000542,4.244196,4.244325,4.243654,0.000129000000000268,4.0836,0.173913523101807
"2026-05-22T02:45:26.778Z","run_bootstrap",180,"http://client3:8000","run","http://client3:8000/run",1,TRUE,200,1108,263,3.96010732650757,"2026-05-22T02:45:22.517362Z","2026-05-22T02:45:26.477470Z",1779417922.51736,1779417926.47747,0.000519,0.000606,0.000637,3.939192,3.939303,3.938555,0.000111000000000416,3.7807,0.179407326507568
"2026-05-22T02:45:30.480Z","run_bootstrap",181,"http://client1:8000","run","http://client1:8000/run",1,TRUE,200,1109,252,3.49836921691895,"2026-05-22T02:45:26.790908Z","2026-05-22T02:45:30.289277Z",1779417926.79091,1779417930.28928,0.000707,0.000813,0.000847,3.482886,3.483048,3.482039,0.000161999999999995,3.4759,0.0224692169189451
"2026-05-22T02:45:30.480Z","run_bootstrap",181,"http://client2:8000","run","http://client2:8000/run",1,TRUE,200,1109,252,3.42671632766724,"2026-05-22T02:45:26.793019Z","2026-05-22T02:45:30.219735Z",1779417926.79302,1779417930.21974,0.000598,0.000714,0.000752,3.410585,3.410747,3.409833,0.000161999999999995,3.4044,0.0223163276672365
"2026-05-22T02:45:30.480Z","run_bootstrap",181,"http://client3:8000","run","http://client3:8000/run",1,TRUE,200,1109,255,3.68038082122803,"2026-05-22T02:45:26.793834Z","2026-05-22T02:45:30.474215Z",1779417926.79383,1779417930.47422,0.000597,0.000714,0.000752,3.664481,3.664624,3.663729,0.000143000000000004,3.6582,0.0221808212280274
"2026-05-22T02:45:34.220Z","run_bootstrap",182,"http://client1:8000","run","http://client1:8000/run",1,TRUE,200,1109,252,3.39813184738159,"2026-05-22T02:45:30.493769Z","2026-05-22T02:45:33.891901Z",1779417930.49377,1779417933.8919,0.000621,0.000705,0.00074,3.373862,3.373919,3.373122,5.69999999999737e-05,3.3659,0.0322318473815919
"2026-05-22T02:45:34.220Z","run_bootstrap",182,"http://client2:8000","run","http://client2:8000/run",1,TRUE,200,1109,252,3.72151327133179,"2026-05-22T02:45:30.494432Z","2026-05-22T02:45:34.215946Z",1779417930.49443,1779417934.21595,0.000522,0.000611,0.00064,3.698733,3.698766,3.698093,3.30000000001718e-05,3.6919,0.0296132713317871
"2026-05-22T02:45:34.220Z","run_bootstrap",182,"http://client3:8000","run","http://client3:8000/run",1,TRUE,200,1109,255,3.54589128494263,"2026-05-22T02:45:30.495057Z","2026-05-22T02:45:34.040948Z",1779417930.49506,1779417934.04095,0.000552,0.000628,0.000662,3.520926,3.521166,3.520264,0.00024000000000024,3.5128,0.033091284942627
"2026-05-22T02:45:37.973Z","run_bootstrap",183,"http://client1:8000","run","http://client1:8000/run",1,TRUE,200,1109,252,3.73381471633911,"2026-05-22T02:45:34.235367Z","2026-05-22T02:45:37.969182Z",1779417934.23537,1779417937.96918,0.000582,0.000672,0.000704,3.715629,3.715949,3.714925,0.00032000000000032,3.7076,0.0262147163391115
"2026-05-22T02:45:37.973Z","run_bootstrap",183,"http://client2:8000","run","http://client2:8000/run",1,TRUE,200,1109,253,3.73214221000671,"2026-05-22T02:45:34.235851Z","2026-05-22T02:45:37.967993Z",1779417934.23585,1779417937.96799,0.000588,0.000699,0.000736,3.713813,3.713866,3.713077,5.29999999998587e-05,3.7064,0.025742210006714
"2026-05-22T02:45:37.973Z","run_bootstrap",183,"http://client3:8000","run","http://client3:8000/run",1,TRUE,200,1109,253,3.47689890861511,"2026-05-22T02:45:34.235030Z","2026-05-22T02:45:37.711929Z",1779417934.23503,1779417937.71193,0.000644,0.000746,0.000774,3.463439,3.463572,3.462665,0.000132999999999939,3.4566,0.0202989086151124
"2026-05-22T02:45:41.701Z","run_bootstrap",184,"http://client1:8000","run","http://client1:8000/run",1,TRUE,200,1109,252,3.37847638130188,"2026-05-22T02:45:37.985755Z","2026-05-22T02:45:41.364231Z",1779417937.98576,1779417941.36423,0.000693,0.000783,0.000818,3.360589,3.360732,3.359771,0.000143000000000004,3.3522,0.02627638130188
"2026-05-22T02:45:41.701Z","run_bootstrap",184,"http://client2:8000","run","http://client2:8000/run",1,TRUE,200,1109,253,3.70840644836426,"2026-05-22T02:45:37.985371Z","2026-05-22T02:45:41.693778Z",1779417937.98537,1779417941.69378,0.000583,0.00069,0.000725,3.693914,3.694008,3.693189,9.40000000002605e-05,3.6859,0.0225064483642576
"2026-05-22T02:45:41.701Z","run_bootstrap",184,"http://client3:8000","run","http://client3:8000/run",1,TRUE,200,1109,253,3.39990925788879,"2026-05-22T02:45:37.986943Z","2026-05-22T02:45:41.386852Z",1779417937.98694,1779417941.38685,0.000579,0.000699,0.000738,3.382847,3.382979,3.382109,0.000132000000000243,3.3759,0.0240092578887938
"2026-05-22T02:45:45.312Z","run_bootstrap",185,"http://client1:8000","run","http://client1:8000/run",1,TRUE,200,1109,253,3.59121203422546,"2026-05-22T02:45:41.716732Z","2026-05-22T02:45:45.307945Z",1779417941.71673,1779417945.30795,0.00072,0.000843,0.00088,3.571056,3.571177,3.570176,0.000121000000000038,3.5634,0.0278120342254637
"2026-05-22T02:45:45.312Z","run_bootstrap",185,"http://client2:8000","run","http://client2:8000/run",1,TRUE,200,1109,254,3.56393885612488,"2026-05-22T02:45:41.717180Z","2026-05-22T02:45:45.281119Z",1779417941.71718,1779417945.28112,0.000654,0.00074,0.000772,3.541691,3.54182,3.540919,0.000128999999999824,3.5346,0.0293388561248777
"2026-05-22T02:45:45.312Z","run_bootstrap",185,"http://client3:8000","run","http://client3:8000/run",1,TRUE,200,1109,252,3.56095242500305,"2026-05-22T02:45:41.717646Z","2026-05-22T02:45:45.278598Z",1779417941.71765,1779417945.2786,0.000512,0.000597,0.000631,3.53936,3.539499,3.538729,0.000139000000000333,3.5326,0.0283524250030518
"2026-05-22T02:45:49.083Z","run_bootstrap",186,"http://client1:8000","run","http://client1:8000/run",1,TRUE,200,1109,253,3.5692994594574,"2026-05-22T02:45:45.325124Z","2026-05-22T02:45:48.894423Z",1779417945.32512,1779417948.89442,0.00058,0.000675,0.000708,3.553915,3.554036,3.553207,0.000121000000000038,3.5456,0.0236994594573976
"2026-05-22T02:45:49.083Z","run_bootstrap",186,"http://client2:8000","run","http://client2:8000/run",1,TRUE,200,1109,254,3.75294470787048,"2026-05-22T02:45:45.325722Z","2026-05-22T02:45:49.078667Z",1779417945.32572,1779417949.07867,0.000515,0.000597,0.000629,3.73572,3.735808,3.735091,8.7999999999866e-05,3.7286,0.0243447078704833
"2026-05-22T02:45:49.083Z","run_bootstrap",186,"http://client3:8000","run","http://client3:8000/run",1,TRUE,200,1109,252,3.53524398803711,"2026-05-22T02:45:45.324803Z","2026-05-22T02:45:48.860047Z",1779417945.3248,1779417948.86005,0.00072,0.00079,0.000822,3.519787,3.519936,3.518965,0.000148999999999955,3.5119,0.0233439880371096
"2026-05-22T02:45:52.906Z","run_bootstrap",187,"http://client1:8000","run","http://client1:8000/run",1,TRUE,200,1108,254,3.5049250125885,"2026-05-22T02:45:49.095558Z","2026-05-22T02:45:52.600483Z",1779417949.09556,1779417952.60048,0.000727,0.000836,0.000871,3.490046,3.490159,3.489175,0.000112999999999808,3.4822,0.0227250125885008
"2026-05-22T02:45:52.906Z","run_bootstrap",187,"http://client2:8000","run","http://client2:8000/run",1,TRUE,200,1108,252,3.8039391040802,"2026-05-22T02:45:49.097945Z","2026-05-22T02:45:52.901884Z",1779417949.09795,1779417952.90188,0.000717,0.000784,0.000805,3.788518,3.788665,3.787713,0.000147000000000119,3.7818,0.0221391040802001
"2026-05-22T02:45:52.906Z","run_bootstrap",187,"http://client3:8000","run","http://client3:8000/run",1,TRUE,200,1108,254,3.65070939064026,"2026-05-22T02:45:49.098188Z","2026-05-22T02:45:52.748897Z",1779417949.09819,1779417952.7489,0.000636,0.000746,0.000788,3.635225,3.63536,3.634437,0.000134999999999774,3.6271,0.0236093906402588
"2026-05-22T02:45:56.658Z","run_bootstrap",188,"http://client1:8000","run","http://client1:8000/run",1,TRUE,200,1108,254,3.73001074790955,"2026-05-22T02:45:52.924624Z","2026-05-22T02:45:56.654634Z",1779417952.92462,1779417956.65463,0.000538,0.000626,0.000658,3.717841,3.717885,3.717183,4.3999999999933e-05,3.7107,0.0193107479095458
"2026-05-22T02:45:56.658Z","run_bootstrap",188,"http://client2:8000","run","http://client2:8000/run",1,TRUE,200,1108,252,3.63975095748901,"2026-05-22T02:45:52.925511Z","2026-05-22T02:45:56.565262Z",1779417952.92551,1779417956.56526,0.000613,0.000689,0.000724,3.628379,3.62842,3.627655,4.10000000004018e-05,3.6207,0.0190509574890139
"2026-05-22T02:45:56.658Z","run_bootstrap",188,"http://client3:8000","run","http://client3:8000/run",1,TRUE,200,1108,254,3.60625028610229,"2026-05-22T02:45:52.925498Z","2026-05-22T02:45:56.531749Z",1779417952.9255,1779417956.53175,0.000411,0.000485,0.000508,3.595187,3.595237,3.594679,4.99999999998835e-05,3.5873,0.018950286102295
"2026-05-22T02:46:00.528Z","run_bootstrap",189,"http://client1:8000","run","http://client1:8000/run",1,TRUE,200,1110,252,3.84999847412109,"2026-05-22T02:45:56.671411Z","2026-05-22T02:46:00.521409Z",1779417956.67141,1779417960.52141,0.00059,0.000697,0.000732,3.836157,3.836202,3.835425,4.50000000000728e-05,3.828,0.0219984741210939
"2026-05-22T02:46:00.528Z","run_bootstrap",189,"http://client2:8000","run","http://client2:8000/run",1,TRUE,200,1110,253,3.56529688835144,"2026-05-22T02:45:56.673606Z","2026-05-22T02:46:00.238903Z",1779417956.67361,1779417960.2389,0.000653,0.000717,0.000738,3.55131,3.551346,3.550572,3.6000000000147e-05,3.5445,0.0207968883514402
"2026-05-22T02:46:00.528Z","run_bootstrap",189,"http://client3:8000","run","http://client3:8000/run",1,TRUE,200,1110,254,3.5329065322876,"2026-05-22T02:45:56.673969Z","2026-05-22T02:46:00.206875Z",1779417956.67397,1779417960.20688,0.000599,0.000682,0.000713,3.512167,3.512215,3.511454,4.8000000000048e-05,3.5053,0.0276065322875976
"2026-05-22T02:46:04.413Z","run_bootstrap",190,"http://client1:8000","run","http://client1:8000/run",1,TRUE,200,1110,253,3.6433470249176,"2026-05-22T02:46:00.541931Z","2026-05-22T02:46:04.185278Z",1779417960.54193,1779417964.18528,0.000654,0.000749,0.000788,3.62805,3.628175,3.627262,0.000125000000000153,3.6207,0.0226470249176027
"2026-05-22T02:46:04.413Z","run_bootstrap",190,"http://client2:8000","run","http://client2:8000/run",1,TRUE,200,1110,253,3.68661046028137,"2026-05-22T02:46:00.542509Z","2026-05-22T02:46:04.229119Z",1779417960.54251,1779417964.22912,0.000593,0.00072,0.000771,3.672032,3.672193,3.671261,0.000160999999999856,3.6649,0.0217104602813722
"2026-05-22T02:46:04.413Z","run_bootstrap",190,"http://client3:8000","run","http://client3:8000/run",1,TRUE,200,1110,254,3.86582922935486,"2026-05-22T02:46:00.542914Z","2026-05-22T02:46:04.408743Z",1779417960.54291,1779417964.40874,0.000672,0.00077,0.000805,3.851287,3.851421,3.850482,0.000134000000000079,3.8438,0.0220292293548585
"2026-05-22T02:46:08.338Z","run_bootstrap",191,"http://client1:8000","run","http://client1:8000/run",1,TRUE,200,1109,251,3.4363272190094,"2026-05-22T02:46:04.425482Z","2026-05-22T02:46:07.861809Z",1779417964.42548,1779417967.86181,0.000599,0.000669,0.000692,3.417098,3.417147,3.416406,4.89999999997437e-05,3.4059,0.0304272190093995
"2026-05-22T02:46:08.338Z","run_bootstrap",191,"http://client2:8000","run","http://client2:8000/run",1,TRUE,200,1109,253,3.90446615219116,"2026-05-22T02:46:04.426132Z","2026-05-22T02:46:08.330598Z",1779417964.42613,1779417968.3306,0.000602,0.000669,0.000695,3.885877,3.885921,3.885182,4.40000000003771e-05,3.8788,0.0256661521911621
"2026-05-22T02:46:08.338Z","run_bootstrap",191,"http://client3:8000","run","http://client3:8000/run",1,TRUE,200,1109,254,3.68100214004517,"2026-05-22T02:46:04.426869Z","2026-05-22T02:46:08.107871Z",1779417964.42687,1779417968.10787,0.000515,0.000598,0.000629,3.663122,3.663166,3.662493,4.3999999999933e-05,3.6545,0.0265021400451659
"2026-05-22T02:46:12.256Z","run_bootstrap",192,"http://client1:8000","run","http://client1:8000/run",1,TRUE,200,1109,250,3.69339060783386,"2026-05-22T02:46:08.352643Z","2026-05-22T02:46:12.046034Z",1779417968.35264,1779417972.04603,0.000531,0.000633,0.000677,3.678971,3.679107,3.678294,0.000135999999999914,3.669,0.0243906078338623
"2026-05-22T02:46:12.256Z","run_bootstrap",192,"http://client2:8000","run","http://client2:8000/run",1,TRUE,200,1109,253,3.89803886413574,"2026-05-22T02:46:08.353652Z","2026-05-22T02:46:12.251690Z",1779417968.35365,1779417972.25169,0.000632,0.000723,0.000757,3.876686,3.87683,3.875929,0.000144000000000144,3.8687,0.0293388641357422
"2026-05-22T02:46:12.256Z","run_bootstrap",192,"http://client3:8000","run","http://client3:8000/run",1,TRUE,200,1109,254,3.72392606735229,"2026-05-22T02:46:08.352651Z","2026-05-22T02:46:12.076577Z",1779417968.35265,1779417972.07658,0.000539,0.000633,0.000677,3.71013,3.710265,3.709453,0.000135000000000218,3.7017,0.0222260673522947
"2026-05-22T02:46:16.192Z","run_bootstrap",193,"http://client1:8000","run","http://client1:8000/run",1,TRUE,200,1110,251,3.47936034202576,"2026-05-22T02:46:12.269030Z","2026-05-22T02:46:15.748391Z",1779417972.26903,1779417975.74839,0.000817,0.000889,0.000912,3.451645,3.451707,3.450733,6.19999999997844e-05,3.4439,0.0354603420257567
"2026-05-22T02:46:16.192Z","run_bootstrap",193,"http://client2:8000","run","http://client2:8000/run",1,TRUE,200,1110,252,3.69162154197693,"2026-05-22T02:46:12.269621Z","2026-05-22T02:46:15.961242Z",1779417972.26962,1779417975.96124,0.000667,0.000784,0.000827,3.664478,3.664505,3.663651,2.70000000002213e-05,3.6569,0.0347215419769289
"2026-05-22T02:46:16.192Z","run_bootstrap",193,"http://client3:8000","run","http://client3:8000/run",1,TRUE,200,1110,252,3.91832041740417,"2026-05-22T02:46:12.270131Z","2026-05-22T02:46:16.188452Z",1779417972.27013,1779417976.18845,0.000667,0.000784,0.000827,3.891637,3.891663,3.89081,2.60000000000815e-05,3.8841,0.0342204174041747
"2026-05-22T02:46:19.998Z","run_bootstrap",194,"http://client1:8000","run","http://client1:8000/run",1,TRUE,200,1110,250,3.78677272796631,"2026-05-22T02:46:16.206801Z","2026-05-22T02:46:19.993574Z",1779417976.2068,1779417979.99357,0.000635,0.000739,0.000782,3.773133,3.773256,3.772351,0.000122999999999873,3.765,0.0217727279663085
"2026-05-22T02:46:19.998Z","run_bootstrap",194,"http://client2:8000","run","http://client2:8000/run",1,TRUE,200,1110,252,3.66238808631897,"2026-05-22T02:46:16.208283Z","2026-05-22T02:46:19.870671Z",1779417976.20828,1779417979.87067,0.000754,0.00087,0.000904,3.648469,3.648568,3.647565,9.90000000000713e-05,3.6411,0.0212880863189699
"2026-05-22T02:46:19.998Z","run_bootstrap",194,"http://client3:8000","run","http://client3:8000/run",1,TRUE,200,1110,252,3.59496474266052,"2026-05-22T02:46:16.209142Z","2026-05-22T02:46:19.804107Z",1779417976.20914,1779417979.80411,0.000536,0.000648,0.000683,3.577303,3.577388,3.57662,8.49999999998907e-05,3.5692,0.0257647426605225
"2026-05-22T02:46:23.718Z","run_bootstrap",195,"http://client1:8000","run","http://client1:8000/run",1,TRUE,200,1109,254,3.70449471473694,"2026-05-22T02:46:20.009171Z","2026-05-22T02:46:23.713665Z",1779417980.00917,1779417983.71367,0.000743,0.00085,0.000884,3.69122,3.691399,3.690336,0.000179000000000151,3.6827,0.0217947147369384
"2026-05-22T02:46:23.718Z","run_bootstrap",195,"http://client2:8000","run","http://client2:8000/run",1,TRUE,200,1109,251,3.57337069511414,"2026-05-22T02:46:20.010912Z","2026-05-22T02:46:23.584283Z",1779417980.01091,1779417983.58428,0.000523,0.000622,0.000656,3.55788,3.557992,3.557224,0.000112000000000112,3.5507,0.0226706951141358
"2026-05-22T02:46:23.718Z","run_bootstrap",195,"http://client3:8000","run","http://client3:8000/run",1,TRUE,200,1109,253,3.67945313453674,"2026-05-22T02:46:20.011306Z","2026-05-22T02:46:23.690759Z",1779417980.01131,1779417983.69076,0.000597,0.000716,0.000756,3.662751,3.66289,3.661995,0.000138999999999889,3.6556,0.023853134536743
"2026-05-22T02:46:27.612Z","run_bootstrap",196,"http://client1:8000","run","http://client1:8000/run",1,TRUE,200,1109,253,3.60407400131226,"2026-05-22T02:46:23.730658Z","2026-05-22T02:46:27.334732Z",1779417983.73066,1779417987.33473,0.000486,0.000579,0.000611,3.582251,3.582395,3.58164,0.000144000000000144,3.575,0.0290740013122557
"2026-05-22T02:46:27.612Z","run_bootstrap",196,"http://client2:8000","run","http://client2:8000/run",1,TRUE,200,1109,251,3.73292088508606,"2026-05-22T02:46:23.731267Z","2026-05-22T02:46:27.464188Z",1779417983.73127,1779417987.46419,0.000655,0.000765,0.000804,3.714721,3.714843,3.713917,0.000122000000000178,3.7075,0.0254208850860596
"2026-05-22T02:46:27.612Z","run_bootstrap",196,"http://client3:8000","run","http://client3:8000/run",1,TRUE,200,1109,253,3.87350511550903,"2026-05-22T02:46:23.731792Z","2026-05-22T02:46:27.605297Z",1779417983.73179,1779417987.6053,0.000549,0.00064,0.000673,3.855575,3.855716,3.854902,0.000141000000000169,3.8486,0.0249051155090334
"2026-05-22T02:46:31.387Z","run_bootstrap",197,"http://client1:8000","run","http://client1:8000/run",1,TRUE,200,1109,254,3.56503868103027,"2026-05-22T02:46:27.625488Z","2026-05-22T02:46:31.190527Z",1779417987.62549,1779417991.19053,0.000647,0.00078,0.000818,3.549859,3.549967,3.549041,0.000107999999999997,3.5418,0.0232386810302736
"2026-05-22T02:46:31.387Z","run_bootstrap",197,"http://client2:8000","run","http://client2:8000/run",1,TRUE,200,1109,251,3.69493722915649,"2026-05-22T02:46:27.626750Z","2026-05-22T02:46:31.321687Z",1779417987.62675,1779417991.32169,0.000576,0.000669,0.000705,3.674714,3.674854,3.674009,0.000140000000000029,3.6665,0.028437229156494
"2026-05-22T02:46:31.387Z","run_bootstrap",197,"http://client3:8000","run","http://client3:8000/run",1,TRUE,200,1109,253,3.75539302825928,"2026-05-22T02:46:27.627130Z","2026-05-22T02:46:31.382523Z",1779417987.62713,1779417991.38252,0.000494,0.000585,0.000622,3.737058,3.737188,3.736436,0.000129999999999963,3.7292,0.0261930282592773
"2026-05-22T02:46:35.198Z","run_bootstrap",198,"http://client1:8000","run","http://client1:8000/run",1,TRUE,200,1109,254,3.79332184791565,"2026-05-22T02:46:31.400308Z","2026-05-22T02:46:35.193629Z",1779417991.40031,1779417995.19363,0.000822,0.000883,0.000904,3.779235,3.779371,3.778331,0.000135999999999914,3.7696,0.0237218479156494
"2026-05-22T02:46:35.198Z","run_bootstrap",198,"http://client2:8000","run","http://client2:8000/run",1,TRUE,200,1109,250,3.75622487068176,"2026-05-22T02:46:31.401452Z","2026-05-22T02:46:35.157676Z",1779417991.40145,1779417995.15768,0.000466,0.000572,0.000604,3.739067,3.739212,3.738463,0.000145000000000284,3.726,0.0302248706817627
"2026-05-22T02:46:35.198Z","run_bootstrap",198,"http://client3:8000","run","http://client3:8000/run",1,TRUE,200,1109,253,3.65505528450012,"2026-05-22T02:46:31.400766Z","2026-05-22T02:46:35.055822Z",1779417991.40077,1779417995.05582,0.000688,0.000768,0.000794,3.640996,3.641131,3.640202,0.000135000000000218,3.6249,0.0301552845001223
"2026-05-22T02:46:39.070Z","run_bootstrap",199,"http://client1:8000","run","http://client1:8000/run",1,TRUE,200,1109,252,3.85359787940979,"2026-05-22T02:46:35.210400Z","2026-05-22T02:46:39.063997Z",1779417995.2104,1779417999.064,0.000745,0.000843,0.00088,3.835,3.835035,3.83412,3.50000000000072e-05,3.8264,0.02719787940979
"2026-05-22T02:46:39.070Z","run_bootstrap",199,"http://client2:8000","run","http://client2:8000/run",1,TRUE,200,1109,250,3.65392112731934,"2026-05-22T02:46:35.211087Z","2026-05-22T02:46:38.865008Z",1779417995.21109,1779417998.86501,0.000538,0.000615,0.000647,3.636399,3.636517,3.635752,0.000118000000000062,3.6114,0.0425211273193358
"2026-05-22T02:46:39.070Z","run_bootstrap",199,"http://client3:8000","run","http://client3:8000/run",1,TRUE,200,1109,253,3.73672246932983,"2026-05-22T02:46:35.211262Z","2026-05-22T02:46:38.947984Z",1779417995.21126,1779417998.94798,0.000723,0.000829,0.000867,3.718877,3.718912,3.71801,3.50000000000072e-05,3.6936,0.043122469329834
"2026-05-22T02:46:43.278Z","run_bootstrap",200,"http://client1:8000","run","http://client1:8000/run",1,TRUE,200,1109,252,3.87594628334045,"2026-05-22T02:46:39.085858Z","2026-05-22T02:46:42.961804Z",1779417999.08586,1779418002.9618,0.000576,0.000633,0.000655,3.862709,3.862925,3.862054,0.000215999999999994,3.6912,0.184746283340454
"2026-05-22T02:46:43.278Z","run_bootstrap",200,"http://client2:8000","run","http://client2:8000/run",1,TRUE,200,1109,250,4.18806147575378,"2026-05-22T02:46:39.086079Z","2026-05-22T02:46:43.274140Z",1779417999.08608,1779418003.27414,0.000618,0.000669,0.000688,4.174998,4.175183,4.17431,0.000184999999999214,4.0036,0.184461475753785
"2026-05-22T02:46:43.278Z","run_bootstrap",200,"http://client3:8000","run","http://client3:8000/run",1,TRUE,200,1109,253,3.98001480102539,"2026-05-22T02:46:39.085629Z","2026-05-22T02:46:43.065644Z",1779417999.08563,1779418003.06564,0.000545,0.000621,0.000642,3.966666,3.966789,3.966024,0.000122999999999873,3.8011,0.178914801025391
"2026-05-22T02:46:46.827Z","run_bootstrap",201,"http://client1:8000","run","http://client1:8000/run",1,TRUE,200,1107,252,3.44868135452271,"2026-05-22T02:46:43.289969Z","2026-05-22T02:46:46.738651Z",1779418003.28997,1779418006.73865,0.000698,0.000806,0.000841,3.434449,3.434607,3.433608,0.000158000000000325,3.4267,0.0219813545227052
"2026-05-22T02:46:46.827Z","run_bootstrap",201,"http://client2:8000","run","http://client2:8000/run",1,TRUE,200,1107,252,3.46546339988708,"2026-05-22T02:46:43.291665Z","2026-05-22T02:46:46.757128Z",1779418003.29167,1779418006.75713,0.000444,0.000537,0.00057,3.447833,3.447969,3.447263,0.000135999999999914,3.4394,0.0260633998870849
"2026-05-22T02:46:46.827Z","run_bootstrap",201,"http://client3:8000","run","http://client3:8000/run",1,TRUE,200,1107,253,3.5281445980072,"2026-05-22T02:46:43.292085Z","2026-05-22T02:46:46.820229Z",1779418003.29209,1779418006.82023,0.00049,0.000574,0.000606,3.511091,3.511234,3.510485,0.000143000000000004,3.5048,0.0233445980072022
"2026-05-22T02:46:50.478Z","run_bootstrap",202,"http://client1:8000","run","http://client1:8000/run",1,TRUE,200,1107,252,3.62997913360596,"2026-05-22T02:46:46.843509Z","2026-05-22T02:46:50.473488Z",1779418006.84351,1779418010.47349,0.000379,0.000496,0.000534,3.61187,3.612004,3.611336,0.000134000000000079,3.6048,0.025179133605957
"2026-05-22T02:46:50.478Z","run_bootstrap",202,"http://client2:8000","run","http://client2:8000/run",1,TRUE,200,1107,252,3.62242722511292,"2026-05-22T02:46:46.843852Z","2026-05-22T02:46:50.466279Z",1779418006.84385,1779418010.46628,6e-04,0.000715,0.00077,3.606961,3.607092,3.606191,0.000131000000000103,3.6002,0.022227225112915
"2026-05-22T02:46:50.478Z","run_bootstrap",202,"http://client3:8000","run","http://client3:8000/run",1,TRUE,200,1107,253,3.28483271598816,"2026-05-22T02:46:46.844272Z","2026-05-22T02:46:50.129105Z",1779418006.84427,1779418010.12911,0.000706,0.000778,0.00081,3.268677,3.268825,3.267867,0.000148000000000259,3.2587,0.026132715988159
"2026-05-22T02:46:54.097Z","run_bootstrap",203,"http://client1:8000","run","http://client1:8000/run",1,TRUE,200,1108,253,3.55514693260193,"2026-05-22T02:46:50.494146Z","2026-05-22T02:46:54.049293Z",1779418010.49415,1779418014.04929,0.00041,0.000475,0.000497,3.540905,3.541014,3.540408,0.000109000000000137,3.5341,0.0210469326019287
"2026-05-22T02:46:54.097Z","run_bootstrap",203,"http://client2:8000","run","http://client2:8000/run",1,TRUE,200,1108,250,3.59742307662964,"2026-05-22T02:46:50.495226Z","2026-05-22T02:46:54.092649Z",1779418010.49523,1779418014.09265,0.000495,0.000569,6e-04,3.581998,3.582133,3.581398,0.000134999999999774,3.5753,0.0221230766296387
"2026-05-22T02:46:54.097Z","run_bootstrap",203,"http://client3:8000","run","http://client3:8000/run",1,TRUE,200,1108,251,3.53343200683594,"2026-05-22T02:46:50.494149Z","2026-05-22T02:46:54.027581Z",1779418010.49415,1779418014.02758,4e-04,0.000475,0.000497,3.518158,3.518291,3.517661,0.000132999999999939,3.5112,0.0222320068359374
"2026-05-22T02:46:57.737Z","run_bootstrap",204,"http://client1:8000","run","http://client1:8000/run",1,TRUE,200,1108,253,3.56657886505127,"2026-05-22T02:46:54.110240Z","2026-05-22T02:46:57.676819Z",1779418014.11024,1779418017.67682,0.000538,0.000613,0.000639,3.547928,3.547955,3.547289,2.69999999997772e-05,3.5368,0.0297788650512696
"2026-05-22T02:46:57.737Z","run_bootstrap",204,"http://client2:8000","run","http://client2:8000/run",1,TRUE,200,1108,250,3.62165284156799,"2026-05-22T02:46:54.111583Z","2026-05-22T02:46:57.733236Z",1779418014.11158,1779418017.73324,0.000538,0.000614,0.000639,3.604439,3.604466,3.6038,2.69999999997772e-05,3.5956,0.026052841567993
"2026-05-22T02:46:57.737Z","run_bootstrap",204,"http://client3:8000","run","http://client3:8000/run",1,TRUE,200,1108,251,3.60950231552124,"2026-05-22T02:46:54.111358Z","2026-05-22T02:46:57.720861Z",1779418014.11136,1779418017.72086,0.000642,0.000673,0.000687,3.591274,3.591309,3.590587,3.50000000000072e-05,3.5815,0.0280023155212401
"2026-05-22T02:47:01.357Z","run_bootstrap",205,"http://client1:8000","run","http://client1:8000/run",1,TRUE,200,1108,252,3.59870648384094,"2026-05-22T02:46:57.751610Z","2026-05-22T02:47:01.350316Z",1779418017.75161,1779418021.35032,0.000541,0.000628,0.000665,3.584777,3.584945,3.584112,0.000167999999999946,3.5764,0.0223064838409424
"2026-05-22T02:47:01.357Z","run_bootstrap",205,"http://client2:8000","run","http://client2:8000/run",1,TRUE,200,1108,249,3.563401222229,"2026-05-22T02:46:57.751250Z","2026-05-22T02:47:01.314651Z",1779418017.75125,1779418021.31465,0.000651,0.000751,0.000786,3.549681,3.549825,3.548895,0.0001439999999997,3.5417,0.0217012222290038
"2026-05-22T02:47:01.357Z","run_bootstrap",205,"http://client3:8000","run","http://client3:8000/run",1,TRUE,200,1108,255,3.59244012832642,"2026-05-22T02:46:57.752724Z","2026-05-22T02:47:01.345164Z",1779418017.75272,1779418021.34516,0.000667,0.000772,0.000809,3.579592,3.579742,3.578783,0.000150000000000095,3.5721,0.0203401283264162
"2026-05-22T02:47:05.150Z","run_bootstrap",206,"http://client1:8000","run","http://client1:8000/run",1,TRUE,200,1108,252,3.7759735584259,"2026-05-22T02:47:01.370458Z","2026-05-22T02:47:05.146431Z",1779418021.37046,1779418025.14643,0.000706,0.000812,0.000847,3.760154,3.760282,3.759307,0.000128000000000128,3.7511,0.0248735584259032
"2026-05-22T02:47:05.150Z","run_bootstrap",206,"http://client2:8000","run","http://client2:8000/run",1,TRUE,200,1108,249,3.56583309173584,"2026-05-22T02:47:01.371054Z","2026-05-22T02:47:04.936887Z",1779418021.37105,1779418024.93689,0.000499,0.000576,0.000605,3.546399,3.546544,3.545794,0.00014499999999984,3.5373,0.0285330917358397
"2026-05-22T02:47:05.150Z","run_bootstrap",206,"http://client3:8000","run","http://client3:8000/run",1,TRUE,200,1108,255,3.76645159721375,"2026-05-22T02:47:01.371315Z","2026-05-22T02:47:05.137767Z",1779418021.37132,1779418025.13777,0.000515,0.00061,0.000647,3.751258,3.751393,3.750611,0.000135000000000218,3.7436,0.0228515972137453
"2026-05-22T02:47:08.947Z","run_bootstrap",207,"http://client1:8000","run","http://client1:8000/run",1,TRUE,200,1106,253,3.4977605342865,"2026-05-22T02:47:05.162962Z","2026-05-22T02:47:08.660723Z",1779418025.16296,1779418028.66072,0.00042,0.000497,0.000528,3.480482,3.480632,3.479954,0.000150000000000095,3.4709,0.0268605342864991
"2026-05-22T02:47:08.947Z","run_bootstrap",207,"http://client2:8000","run","http://client2:8000/run",1,TRUE,200,1106,249,3.77875757217407,"2026-05-22T02:47:05.163521Z","2026-05-22T02:47:08.942279Z",1779418025.16352,1779418028.94228,0.000448,0.000539,0.000574,3.764518,3.764666,3.763944,0.000148000000000259,3.7578,0.0209575721740722
"2026-05-22T02:47:08.947Z","run_bootstrap",207,"http://client3:8000","run","http://client3:8000/run",1,TRUE,200,1106,255,3.64950180053711,"2026-05-22T02:47:05.163992Z","2026-05-22T02:47:08.813493Z",1779418025.16399,1779418028.81349,0.000583,0.000659,0.000691,3.632232,3.632386,3.631541,0.000153999999999765,3.6256,0.0239018005371094
"2026-05-22T02:47:12.658Z","run_bootstrap",208,"http://client1:8000","run","http://client1:8000/run",1,TRUE,200,1106,253,3.57311224937439,"2026-05-22T02:47:08.960553Z","2026-05-22T02:47:12.533665Z",1779418028.96055,1779418032.53367,0.000686,0.00079,0.000829,3.548915,3.549051,3.548086,0.000135999999999914,3.5412,0.0319122493743897
"2026-05-22T02:47:12.658Z","run_bootstrap",208,"http://client2:8000","run","http://client2:8000/run",1,TRUE,200,1106,249,3.6017758846283,"2026-05-22T02:47:08.961329Z","2026-05-22T02:47:12.563105Z",1779418028.96133,1779418032.56311,7e-04,0.000776,0.000813,3.578943,3.579115,3.57813,0.000171999999999617,3.5709,0.0308758846282959
"2026-05-22T02:47:12.658Z","run_bootstrap",208,"http://client3:8000","run","http://client3:8000/run",1,TRUE,200,1106,253,3.68966293334961,"2026-05-22T02:47:08.962055Z","2026-05-22T02:47:12.651718Z",1779418028.96206,1779418032.65172,0.000848,0.00093,0.000951,3.667051,3.667221,3.6661,0.000170000000000226,3.66,0.0296629333496092
"2026-05-22T02:47:16.446Z","run_bootstrap",209,"http://client1:8000","run","http://client1:8000/run",1,TRUE,200,1109,252,3.52005577087402,"2026-05-22T02:47:12.670852Z","2026-05-22T02:47:16.190908Z",1779418032.67085,1779418036.19091,0.000483,0.00056,0.00059,3.50339,3.503544,3.5028,0.00015400000000021,3.4947,0.0253557708740235
"2026-05-22T02:47:16.446Z","run_bootstrap",209,"http://client2:8000","run","http://client2:8000/run",1,TRUE,200,1109,251,3.61858916282654,"2026-05-22T02:47:12.671606Z","2026-05-22T02:47:16.290195Z",1779418032.67161,1779418036.2902,0.000458,0.000532,0.000564,3.597237,3.597384,3.596673,0.000147000000000119,3.5905,0.0280891628265381
"2026-05-22T02:47:16.446Z","run_bootstrap",209,"http://client3:8000","run","http://client3:8000/run",1,TRUE,200,1109,255,3.77109503746033,"2026-05-22T02:47:12.670789Z","2026-05-22T02:47:16.441884Z",1779418032.67079,1779418036.44188,0.000674,0.000763,0.000786,3.757122,3.757319,3.756336,0.000197000000000003,3.7493,0.0217950374603273
"2026-05-22T02:47:20.203Z","run_bootstrap",210,"http://client1:8000","run","http://client1:8000/run",1,TRUE,200,1109,252,3.59089255332947,"2026-05-22T02:47:16.459416Z","2026-05-22T02:47:20.050309Z",1779418036.45942,1779418040.05031,0.000573,0.000654,0.000677,3.570684,3.570829,3.570007,0.00014499999999984,3.5636,0.0272925533294677
"2026-05-22T02:47:20.203Z","run_bootstrap",210,"http://client2:8000","run","http://client2:8000/run",1,TRUE,200,1109,251,3.73694181442261,"2026-05-22T02:47:16.460016Z","2026-05-22T02:47:20.196958Z",1779418036.46002,1779418040.19696,0.000534,0.000617,0.000652,3.71209,3.712215,3.711438,0.000125000000000153,3.6909,0.0460418144226074
"2026-05-22T02:47:20.203Z","run_bootstrap",210,"http://client3:8000","run","http://client3:8000/run",1,TRUE,200,1109,255,3.66900634765625,"2026-05-22T02:47:16.460542Z","2026-05-22T02:47:20.129549Z",1779418036.46054,1779418040.12955,0.000688,0.000793,0.000827,3.651241,3.651384,3.650414,0.000143000000000004,3.6283,0.0407063476562501
"2026-05-22T02:47:23.939Z","run_bootstrap",211,"http://client1:8000","run","http://client1:8000/run",1,TRUE,200,1108,252,3.68888545036316,"2026-05-22T02:47:20.217439Z","2026-05-22T02:47:23.906324Z",1779418040.21744,1779418043.90632,0.000654,0.00076,0.000795,3.674788,3.6749,3.673993,0.000112000000000112,3.6674,0.021485450363159
"2026-05-22T02:47:23.939Z","run_bootstrap",211,"http://client2:8000","run","http://client2:8000/run",1,TRUE,200,1108,251,3.71538424491882,"2026-05-22T02:47:20.219268Z","2026-05-22T02:47:23.934652Z",1779418040.21927,1779418043.93465,0.000564,0.000686,0.000727,3.702564,3.7027,3.701837,0.000135999999999914,3.6957,0.0196842449188233
"2026-05-22T02:47:23.939Z","run_bootstrap",211,"http://client3:8000","run","http://client3:8000/run",1,TRUE,200,1108,255,3.62349724769592,"2026-05-22T02:47:20.218489Z","2026-05-22T02:47:23.841986Z",1779418040.21849,1779418043.84199,0.000656,0.000754,0.000787,3.609269,3.609404,3.608482,0.000135000000000218,3.6021,0.0213972476959228
"2026-05-22T02:47:27.879Z","run_bootstrap",212,"http://client1:8000","run","http://client1:8000/run",1,TRUE,200,1108,252,3.6344530582428,"2026-05-22T02:47:23.951837Z","2026-05-22T02:47:27.586290Z",1779418043.95184,1779418047.58629,0.000715,0.00082,0.000855,3.620104,3.62025,3.619249,0.000145999999999979,3.6128,0.0216530582427978
"2026-05-22T02:47:27.879Z","run_bootstrap",212,"http://client2:8000","run","http://client2:8000/run",1,TRUE,200,1108,251,3.73848009109497,"2026-05-22T02:47:23.952659Z","2026-05-22T02:47:27.691139Z",1779418043.95266,1779418047.69114,0.000637,0.000759,0.000797,3.716517,3.716585,3.71572,6.79999999997349e-05,3.7093,0.0291800910949709
"2026-05-22T02:47:27.879Z","run_bootstrap",212,"http://client3:8000","run","http://client3:8000/run",1,TRUE,200,1108,255,3.92166209220886,"2026-05-22T02:47:23.953127Z","2026-05-22T02:47:27.874789Z",1779418043.95313,1779418047.87479,0.000586,0.000687,0.000721,3.900617,3.900843,3.899896,0.000226000000000059,3.8936,0.0280620922088621
"2026-05-22T02:47:31.844Z","run_bootstrap",213,"http://client1:8000","run","http://client1:8000/run",1,TRUE,200,1109,252,3.80256056785583,"2026-05-22T02:47:27.893095Z","2026-05-22T02:47:31.695656Z",1779418047.8931,1779418051.69566,0.000688,0.000767,0.00079,3.787327,3.787426,3.786537,9.90000000000713e-05,3.7797,0.0228605678558349
"2026-05-22T02:47:31.844Z","run_bootstrap",213,"http://client2:8000","run","http://client2:8000/run",1,TRUE,200,1109,250,3.94147992134094,"2026-05-22T02:47:27.895054Z","2026-05-22T02:47:31.836534Z",1779418047.89505,1779418051.83653,0.000506,0.000607,0.000638,3.926119,3.926265,3.925481,0.000145999999999979,3.9176,0.0238799213409422
"2026-05-22T02:47:31.844Z","run_bootstrap",213,"http://client3:8000","run","http://client3:8000/run",1,TRUE,200,1109,252,3.71815061569214,"2026-05-22T02:47:27.895414Z","2026-05-22T02:47:31.613565Z",1779418047.89541,1779418051.61357,0.000404,0.000467,0.000485,3.703638,3.703775,3.703153,0.00013699999999961,3.6963,0.0218506156921388
"2026-05-22T02:47:35.832Z","run_bootstrap",214,"http://client1:8000","run","http://client1:8000/run",1,TRUE,200,1109,252,3.59409856796265,"2026-05-22T02:47:31.857950Z","2026-05-22T02:47:35.452049Z",1779418051.85795,1779418055.45205,0.000597,0.000686,0.000736,3.57898,3.579134,3.578244,0.000153999999999765,3.5707,0.0233985679626465
"2026-05-22T02:47:35.832Z","run_bootstrap",214,"http://client2:8000","run","http://client2:8000/run",1,TRUE,200,1109,250,3.9662230014801,"2026-05-22T02:47:31.858586Z","2026-05-22T02:47:35.824809Z",1779418051.85859,1779418055.82481,0.000559,0.000631,0.000652,3.951818,3.951972,3.951166,0.00015400000000021,3.9449,0.0213230014801025
"2026-05-22T02:47:35.832Z","run_bootstrap",214,"http://client3:8000","run","http://client3:8000/run",1,TRUE,200,1109,252,3.73542451858521,"2026-05-22T02:47:31.858537Z","2026-05-22T02:47:35.593961Z",1779418051.85854,1779418055.59396,0.000509,0.000578,0.000601,3.721711,3.721849,3.72111,0.000138000000000194,3.7137,0.0217245185852053
"2026-05-22T02:47:39.807Z","run_bootstrap",215,"http://client1:8000","run","http://client1:8000/run",1,TRUE,200,1109,253,3.94522762298584,"2026-05-22T02:47:35.850596Z","2026-05-22T02:47:39.795824Z",1779418055.8506,1779418059.79582,0.00046,0.000527,0.000556,3.923302,3.923352,3.922746,4.99999999998835e-05,3.9157,0.0295276229858397
"2026-05-22T02:47:39.807Z","run_bootstrap",215,"http://client2:8000","run","http://client2:8000/run",1,TRUE,200,1109,251,3.67326784133911,"2026-05-22T02:47:35.851128Z","2026-05-22T02:47:39.524396Z",1779418055.85113,1779418059.5244,0.000447,0.000541,0.000577,3.650875,3.650927,3.650298,5.19999999997189e-05,3.6428,0.0304678413391115
"2026-05-22T02:47:39.807Z","run_bootstrap",215,"http://client3:8000","run","http://client3:8000/run",1,TRUE,200,1109,255,3.73484897613525,"2026-05-22T02:47:35.851547Z","2026-05-22T02:47:39.586396Z",1779418055.85155,1779418059.5864,0.000646,0.000749,0.000785,3.715716,3.715761,3.714931,4.50000000000728e-05,3.7078,0.0270489761352537
"2026-05-22T02:47:43.773Z","run_bootstrap",216,"http://client1:8000","run","http://client1:8000/run",1,TRUE,200,1109,253,3.65362095832825,"2026-05-22T02:47:39.822798Z","2026-05-22T02:47:43.476419Z",1779418059.8228,1779418063.47642,0.000845,0.000935,0.000973,3.634689,3.634831,3.633716,0.000142000000000309,3.6266,0.0270209583282472
"2026-05-22T02:47:43.773Z","run_bootstrap",216,"http://client2:8000","run","http://client2:8000/run",1,TRUE,200,1109,251,3.94562196731567,"2026-05-22T02:47:39.823449Z","2026-05-22T02:47:43.769071Z",1779418059.82345,1779418063.76907,0.000897,0.001003,0.001041,3.927771,3.927926,3.92673,0.000154999999999905,3.9201,0.0255219673156737
"2026-05-22T02:47:43.773Z","run_bootstrap",216,"http://client3:8000","run","http://client3:8000/run",1,TRUE,200,1109,255,3.92919659614563,"2026-05-22T02:47:39.824054Z","2026-05-22T02:47:43.753251Z",1779418059.82405,1779418063.75325,0.000673,0.000792,0.000831,3.911118,3.911259,3.910287,0.000140999999999725,3.9037,0.0254965961456297
"2026-05-22T02:47:47.655Z","run_bootstrap",217,"http://client1:8000","run","http://client1:8000/run",1,TRUE,200,1105,253,3.80775856971741,"2026-05-22T02:47:43.785727Z","2026-05-22T02:47:47.593486Z",1779418063.78573,1779418067.59349,0.000382,0.00046,0.000484,3.793701,3.793837,3.793217,0.000135999999999914,3.7866,0.0211585697174073
"2026-05-22T02:47:47.655Z","run_bootstrap",217,"http://client2:8000","run","http://client2:8000/run",1,TRUE,200,1105,251,3.86381053924561,"2026-05-22T02:47:43.786323Z","2026-05-22T02:47:47.650134Z",1779418063.78632,1779418067.65013,0.000496,0.000578,0.000616,3.850087,3.850222,3.849471,0.000135000000000218,3.8434,0.0204105392456055
"2026-05-22T02:47:47.655Z","run_bootstrap",217,"http://client3:8000","run","http://client3:8000/run",1,TRUE,200,1105,255,3.79613757133484,"2026-05-22T02:47:43.785726Z","2026-05-22T02:47:47.581863Z",1779418063.78573,1779418067.58186,0.000526,0.000611,0.000644,3.782663,3.782883,3.782019,0.000220000000000109,3.7757,0.0204375713348388
"2026-05-22T02:47:51.525Z","run_bootstrap",218,"http://client1:8000","run","http://client1:8000/run",1,TRUE,200,1105,253,3.73310351371765,"2026-05-22T02:47:47.667342Z","2026-05-22T02:47:51.400445Z",1779418067.66734,1779418071.40045,0.000674,0.000778,0.000813,3.718147,3.718315,3.717334,0.000167999999999946,3.7078,0.0253035137176512
"2026-05-22T02:47:51.525Z","run_bootstrap",218,"http://client2:8000","run","http://client2:8000/run",1,TRUE,200,1105,251,3.7679488658905,"2026-05-22T02:47:47.669584Z","2026-05-22T02:47:51.437533Z",1779418067.66958,1779418071.43753,0.000491,0.000563,0.000593,3.750033,3.750183,3.74944,0.00014999999999965,3.7419,0.0260488658905031
"2026-05-22T02:47:51.525Z","run_bootstrap",218,"http://client3:8000","run","http://client3:8000/run",1,TRUE,200,1105,255,3.85107445716858,"2026-05-22T02:47:47.669979Z","2026-05-22T02:47:51.521054Z",1779418067.66998,1779418071.52105,0.000763,0.000859,0.000883,3.837129,3.837279,3.836246,0.000150000000000095,3.8279,0.023174457168579
"2026-05-22T02:47:55.300Z","run_bootstrap",219,"http://client1:8000","run","http://client1:8000/run",1,TRUE,200,1109,253,3.75813388824463,"2026-05-22T02:47:51.537090Z","2026-05-22T02:47:55.295224Z",1779418071.53709,1779418075.29522,0.000533,0.000608,0.000633,3.7437,3.743821,3.743067,0.000121000000000038,3.7349,0.0232338882446288
"2026-05-22T02:47:55.300Z","run_bootstrap",219,"http://client2:8000","run","http://client2:8000/run",1,TRUE,200,1109,251,3.70050477981567,"2026-05-22T02:47:51.538921Z","2026-05-22T02:47:55.239426Z",1779418071.53892,1779418075.23943,0.000613,0.000687,0.000719,3.686721,3.686862,3.686002,0.000141000000000169,3.6724,0.0281047798156737
"2026-05-22T02:47:55.300Z","run_bootstrap",219,"http://client3:8000","run","http://client3:8000/run",1,TRUE,200,1109,255,3.52363967895508,"2026-05-22T02:47:51.538083Z","2026-05-22T02:47:55.061722Z",1779418071.53808,1779418075.06172,0.000531,0.000609,0.000635,3.509376,3.509522,3.508741,0.000145999999999979,3.5002,0.0234396789550781
"2026-05-22T02:47:59.579Z","run_bootstrap",220,"http://client1:8000","run","http://client1:8000/run",1,TRUE,200,1109,253,4.26099300384521,"2026-05-22T02:47:55.313855Z","2026-05-22T02:47:59.574848Z",1779418075.31386,1779418079.57485,0.000465,0.000554,0.000589,4.243704,4.243853,4.243115,0.000148999999999511,4.0796,0.181393003845215
"2026-05-22T02:47:59.579Z","run_bootstrap",220,"http://client2:8000","run","http://client2:8000/run",1,TRUE,200,1109,251,3.96761989593506,"2026-05-22T02:47:55.314562Z","2026-05-22T02:47:59.282182Z",1779418075.31456,1779418079.28218,0.000718,0.000825,0.00086,3.951874,3.952001,3.951014,0.000126999999999988,3.7784,0.189219895935059
"2026-05-22T02:47:59.579Z","run_bootstrap",220,"http://client3:8000","run","http://client3:8000/run",1,TRUE,200,1109,255,3.90398955345154,"2026-05-22T02:47:55.313831Z","2026-05-22T02:47:59.217820Z",1779418075.31383,1779418079.21782,0.000756,0.000865,0.000899,3.889804,3.890076,3.888905,0.000272000000000272,3.7238,0.180189553451538
"2026-05-22T02:48:03.459Z","run_bootstrap",221,"http://client1:8000","run","http://client1:8000/run",1,TRUE,200,1109,254,3.86402773857117,"2026-05-22T02:47:59.591693Z","2026-05-22T02:48:03.455721Z",1779418079.59169,1779418083.45572,0.000606,0.000725,0.000763,3.84353,3.843559,3.842767,2.90000000000568e-05,3.8369,0.027127738571167
"2026-05-22T02:48:03.459Z","run_bootstrap",221,"http://client2:8000","run","http://client2:8000/run",1,TRUE,200,1109,251,3.71022248268127,"2026-05-22T02:47:59.592086Z","2026-05-22T02:48:03.302309Z",1779418079.59209,1779418083.30231,0.000753,0.000864,0.000898,3.685255,3.685397,3.684357,0.000141999999999864,3.6788,0.0314224826812746
"2026-05-22T02:48:03.459Z","run_bootstrap",221,"http://client3:8000","run","http://client3:8000/run",1,TRUE,200,1109,254,3.31288409233093,"2026-05-22T02:47:59.591537Z","2026-05-22T02:48:02.904421Z",1779418079.59154,1779418082.90442,0.000689,0.000796,0.000831,3.293976,3.294122,3.293145,0.000146000000000424,3.2842,0.0286840923309328
"2026-05-22T02:48:07.291Z","run_bootstrap",222,"http://client1:8000","run","http://client1:8000/run",1,TRUE,200,1109,254,3.80446124076843,"2026-05-22T02:48:03.473543Z","2026-05-22T02:48:07.278005Z",1779418083.47354,1779418087.27801,0.000638,0.000742,0.000776,3.790707,3.790851,3.789931,0.000144000000000144,3.7792,0.0252612407684327
"2026-05-22T02:48:07.291Z","run_bootstrap",222,"http://client2:8000","run","http://client2:8000/run",1,TRUE,200,1109,251,3.80818343162537,"2026-05-22T02:48:03.476096Z","2026-05-22T02:48:07.284279Z",1779418083.4761,1779418087.28428,0.000483,0.00057,0.000603,3.791945,3.79204,3.791342,9.49999999999562e-05,3.7854,0.0227834316253661
"2026-05-22T02:48:07.291Z","run_bootstrap",222,"http://client3:8000","run","http://client3:8000/run",1,TRUE,200,1109,254,3.80230617523193,"2026-05-22T02:48:03.476507Z","2026-05-22T02:48:07.278814Z",1779418083.47651,1779418087.27881,0.000609,0.000714,0.000749,3.78227,3.782405,3.781521,0.000134999999999774,3.7747,0.0276061752319334
"2026-05-22T02:48:11.162Z","run_bootstrap",223,"http://client1:8000","run","http://client1:8000/run",1,TRUE,200,1109,253,3.82929968833923,"2026-05-22T02:48:07.304729Z","2026-05-22T02:48:11.134029Z",1779418087.30473,1779418091.13403,0.000587,0.000674,0.000711,3.813339,3.813467,3.812628,0.000128000000000128,3.8052,0.0240996883392333
"2026-05-22T02:48:11.162Z","run_bootstrap",223,"http://client2:8000","run","http://client2:8000/run",1,TRUE,200,1109,252,3.84993076324463,"2026-05-22T02:48:07.305313Z","2026-05-22T02:48:11.155243Z",1779418087.30531,1779418091.15524,0.000583,0.000671,0.000708,3.834571,3.834702,3.833863,0.000131000000000103,3.8271,0.0228307632446287
"2026-05-22T02:48:11.162Z","run_bootstrap",223,"http://client3:8000","run","http://client3:8000/run",1,TRUE,200,1109,255,3.79361510276794,"2026-05-22T02:48:07.304494Z","2026-05-22T02:48:11.098109Z",1779418087.30449,1779418091.09811,0.000707,0.000829,0.000869,3.779057,3.779191,3.778188,0.000134000000000079,3.7712,0.0224151027679445
"2026-05-22T02:48:15.077Z","run_bootstrap",224,"http://client1:8000","run","http://client1:8000/run",1,TRUE,200,1109,253,3.82378029823303,"2026-05-22T02:48:11.175448Z","2026-05-22T02:48:14.999228Z",1779418091.17545,1779418094.99923,0.00047,0.000557,0.000591,3.804252,3.804405,3.803661,0.00015300000000007,3.7974,0.0263802982330321
"2026-05-22T02:48:15.077Z","run_bootstrap",224,"http://client2:8000","run","http://client2:8000/run",1,TRUE,200,1109,252,3.89599418640137,"2026-05-22T02:48:11.176056Z","2026-05-22T02:48:15.072050Z",1779418091.17606,1779418095.07205,0.000654,0.000777,0.000813,3.87889,3.879016,3.878077,0.000125999999999848,3.8717,0.024294186401367
"2026-05-22T02:48:15.077Z","run_bootstrap",224,"http://client3:8000","run","http://client3:8000/run",1,TRUE,200,1109,255,3.89357304573059,"2026-05-22T02:48:11.176649Z","2026-05-22T02:48:15.070222Z",1779418091.17665,1779418095.07022,0.000438,0.000559,0.000594,3.875725,3.875826,3.875131,0.000100999999999907,3.8659,0.0276730457305909
"2026-05-22T02:48:19.167Z","run_bootstrap",225,"http://client1:8000","run","http://client1:8000/run",1,TRUE,200,1107,253,4.07184815406799,"2026-05-22T02:48:15.091333Z","2026-05-22T02:48:19.163182Z",1779418095.09133,1779418099.16318,0.000793,0.000878,0.000919,4.055474,4.055599,4.054555,0.000124999999999709,3.889,0.182848154067993
"2026-05-22T02:48:19.167Z","run_bootstrap",225,"http://client2:8000","run","http://client2:8000/run",1,TRUE,200,1107,252,3.89326786994934,"2026-05-22T02:48:15.092022Z","2026-05-22T02:48:18.985290Z",1779418095.09202,1779418098.98529,0.000605,0.000714,0.000755,3.876665,3.876801,3.87591,0.000135999999999914,3.8695,0.0237678699493409
"2026-05-22T02:48:19.167Z","run_bootstrap",225,"http://client3:8000","run","http://client3:8000/run",1,TRUE,200,1107,253,3.8316855430603,"2026-05-22T02:48:15.092630Z","2026-05-22T02:48:18.924315Z",1779418095.09263,1779418098.92432,0.000647,0.000746,0.000781,3.816094,3.816219,3.815313,0.000124999999999709,3.805,0.0266855430603026
"2026-05-22T02:48:23.019Z","run_bootstrap",226,"http://client1:8000","run","http://client1:8000/run",1,TRUE,200,1107,254,3.48312616348267,"2026-05-22T02:48:19.181322Z","2026-05-22T02:48:22.664448Z",1779418099.18132,1779418102.66445,0.000636,0.000725,0.000759,3.461325,3.461381,3.460566,5.5999999999834e-05,3.4546,0.0285261634826659
"2026-05-22T02:48:23.019Z","run_bootstrap",226,"http://client2:8000","run","http://client2:8000/run",1,TRUE,200,1107,251,3.83335781097412,"2026-05-22T02:48:19.181828Z","2026-05-22T02:48:23.015186Z",1779418099.18183,1779418103.01519,0.000653,0.000769,0.000805,3.814093,3.814154,3.813288,6.09999999996447e-05,3.797,0.0363578109741209
"2026-05-22T02:48:23.019Z","run_bootstrap",226,"http://client3:8000","run","http://client3:8000/run",1,TRUE,200,1107,254,3.80663967132568,"2026-05-22T02:48:19.182392Z","2026-05-22T02:48:22.989032Z",1779418099.18239,1779418102.98903,0.00058,0.000699,0.000737,3.781316,3.781369,3.780579,5.30000000003028e-05,3.7734,0.0332396713256835
"2026-05-22T02:48:26.882Z","run_bootstrap",227,"http://client1:8000","run","http://client1:8000/run",1,TRUE,200,1108,252,3.20004892349243,"2026-05-22T02:48:23.032564Z","2026-05-22T02:48:26.232613Z",1779418103.03256,1779418106.23261,0.000734,0.000851,0.000885,3.18576,3.185919,3.184875,0.00015900000000002,3.1746,0.0254489234924318
"2026-05-22T02:48:26.882Z","run_bootstrap",227,"http://client2:8000","run","http://client2:8000/run",1,TRUE,200,1108,252,3.8436381816864,"2026-05-22T02:48:23.034727Z","2026-05-22T02:48:26.878365Z",1779418103.03473,1779418106.87837,0.000665,0.000785,0.000821,3.827188,3.827315,3.826367,0.000126999999999988,3.8204,0.0232381816864016
"2026-05-22T02:48:26.882Z","run_bootstrap",227,"http://client3:8000","run","http://client3:8000/run",1,TRUE,200,1108,251,3.61858630180359,"2026-05-22T02:48:23.035182Z","2026-05-22T02:48:26.653768Z",1779418103.03518,1779418106.65377,0.000448,0.00057,0.000622,3.604172,3.60431,3.60355,0.000137999999999749,3.5975,0.0210863018035887
"2026-05-22T02:48:30.634Z","run_bootstrap",228,"http://client1:8000","run","http://client1:8000/run",1,TRUE,200,1108,252,3.73433828353882,"2026-05-22T02:48:26.895477Z","2026-05-22T02:48:30.629815Z",1779418106.89548,1779418110.62982,0.000631,0.000738,0.000775,3.715653,3.715789,3.714878,0.000135999999999914,3.7081,0.0262382835388184
"2026-05-22T02:48:30.634Z","run_bootstrap",228,"http://client2:8000","run","http://client2:8000/run",1,TRUE,200,1108,252,3.70551156997681,"2026-05-22T02:48:26.894971Z","2026-05-22T02:48:30.600482Z",1779418106.89497,1779418110.60048,0.000705,0.000824,0.00086,3.691439,3.691583,3.690579,0.000144000000000144,3.6846,0.0209115699768065
"2026-05-22T02:48:30.634Z","run_bootstrap",228,"http://client3:8000","run","http://client3:8000/run",1,TRUE,200,1108,251,3.52981805801392,"2026-05-22T02:48:26.896721Z","2026-05-22T02:48:30.426539Z",1779418106.89672,1779418110.42654,0.000542,0.000633,0.000665,3.512554,3.512681,3.511889,0.000126999999999988,3.5056,0.0242180580139162
"2026-05-22T02:48:34.370Z","run_bootstrap",229,"http://client1:8000","run","http://client1:8000/run",1,TRUE,200,1109,253,3.59502124786377,"2026-05-22T02:48:30.644553Z","2026-05-22T02:48:34.239574Z",1779418110.64455,1779418114.23957,0.000698,0.000801,0.000834,3.580705,3.58085,3.579871,0.00014499999999984,3.5735,0.0215212478637694
"2026-05-22T02:48:34.370Z","run_bootstrap",229,"http://client2:8000","run","http://client2:8000/run",1,TRUE,200,1109,251,3.71874761581421,"2026-05-22T02:48:30.647010Z","2026-05-22T02:48:34.365758Z",1779418110.64701,1779418114.36576,0.000638,0.000757,8e-04,3.697558,3.697693,3.696758,0.000135000000000218,3.6908,0.0279476158142091
"2026-05-22T02:48:34.370Z","run_bootstrap",229,"http://client3:8000","run","http://client3:8000/run",1,TRUE,200,1109,255,3.44651913642883,"2026-05-22T02:48:30.647523Z","2026-05-22T02:48:34.094042Z",1779418110.64752,1779418114.09404,0.000518,0.000629,0.000665,3.42464,3.424796,3.423975,0.000156000000000045,3.4177,0.028819136428833
"2026-05-22T02:48:38.142Z","run_bootstrap",230,"http://client1:8000","run","http://client1:8000/run",1,TRUE,200,1109,253,3.75130271911621,"2026-05-22T02:48:34.383435Z","2026-05-22T02:48:38.134737Z",1779418114.38344,1779418118.13474,0.000646,0.00074,0.000777,3.727767,3.727907,3.72699,0.000140000000000029,3.7208,0.0305027191162108
"2026-05-22T02:48:38.142Z","run_bootstrap",230,"http://client2:8000","run","http://client2:8000/run",1,TRUE,200,1109,251,3.46814131736755,"2026-05-22T02:48:34.384111Z","2026-05-22T02:48:37.852252Z",1779418114.38411,1779418117.85225,0.000516,0.000639,0.000679,3.445411,3.445548,3.444732,0.000137000000000054,3.4387,0.0294413173675538
"2026-05-22T02:48:38.142Z","run_bootstrap",230,"http://client3:8000","run","http://client3:8000/run",1,TRUE,200,1109,255,3.34422063827515,"2026-05-22T02:48:34.383529Z","2026-05-22T02:48:37.727749Z",1779418114.38353,1779418117.72775,0.000615,0.000715,0.00075,3.329056,3.329205,3.328306,0.000148999999999955,3.3222,0.0220206382751464
"2026-05-22T02:48:41.750Z","run_bootstrap",231,"http://client1:8000","run","http://client1:8000/run",1,TRUE,200,1109,252,3.49458241462708,"2026-05-22T02:48:38.157407Z","2026-05-22T02:48:41.651989Z",1779418118.15741,1779418121.65199,0.000571,0.000603,0.000615,3.480211,3.48034,3.479596,0.000128999999999824,3.4732,0.0213824146270754
"2026-05-22T02:48:41.750Z","run_bootstrap",231,"http://client2:8000","run","http://client2:8000/run",1,TRUE,200,1109,250,3.49902176856995,"2026-05-22T02:48:38.157054Z","2026-05-22T02:48:41.656076Z",1779418118.15705,1779418121.65608,0.000482,0.000541,0.000561,3.485358,3.485471,3.484797,0.000112999999999808,3.4775,0.0215217685699463
"2026-05-22T02:48:41.750Z","run_bootstrap",231,"http://client3:8000","run","http://client3:8000/run",1,TRUE,200,1109,255,3.58865714073181,"2026-05-22T02:48:38.156976Z","2026-05-22T02:48:41.745634Z",1779418118.15698,1779418121.74563,0.000427,0.000517,0.000542,3.574883,3.574929,3.574341,4.60000000002125e-05,3.5675,0.0211571407318116
"2026-05-22T02:48:45.502Z","run_bootstrap",232,"http://client1:8000","run","http://client1:8000/run",1,TRUE,200,1109,252,3.50618815422058,"2026-05-22T02:48:41.763519Z","2026-05-22T02:48:45.269707Z",1779418121.76352,1779418125.26971,0.000411,0.000506,0.000529,3.484135,3.484214,3.483606,7.89999999999402e-05,3.4761,0.0300881542205809
"2026-05-22T02:48:45.502Z","run_bootstrap",232,"http://client2:8000","run","http://client2:8000/run",1,TRUE,200,1109,250,3.51227235794067,"2026-05-22T02:48:41.764008Z","2026-05-22T02:48:45.276280Z",1779418121.76401,1779418125.27628,0.000621,0.000701,0.000731,3.490351,3.490474,3.48962,0.000122999999999873,3.4834,0.0288723579406738
"2026-05-22T02:48:45.502Z","run_bootstrap",232,"http://client3:8000","run","http://client3:8000/run",1,TRUE,200,1109,255,3.73145508766174,"2026-05-22T02:48:41.764457Z","2026-05-22T02:48:45.495912Z",1779418121.76446,1779418125.49591,0.000694,0.000802,0.000836,3.711494,3.711615,3.710658,0.000121000000000038,3.7044,0.027055087661743
