"timestamp","phase","round_id","client","endpoint","url","attempt","ok","status","request_bytes","response_bytes","elapsed_sec","request_start_ts_utc","request_end_ts_utc","request_start_epoch_sec","request_end_epoch_sec","curl_namelookup_sec","curl_connect_sec","curl_pretransfer_sec","curl_starttransfer_sec","curl_total_sec","curl_ttfb_sec","curl_response_transfer_sec","client_compute_sec","net_overhead_sec"
"2026-05-23T15:49:15.694Z","init",1,"http://client1:8000","init","http://client1:8000/init",1,TRUE,200,2713,387,0.36721658706665,"2026-05-23T15:49:15.268266Z","2026-05-23T15:49:15.635483Z",1779551355.26827,1779551355.63548,0.000697,0.000819,0.00086,0.353134,0.353181,0.352274,4.70000000000192e-05,NA,NA
"2026-05-23T15:49:15.694Z","init",1,"http://client2:8000","init","http://client2:8000/init",1,TRUE,200,2713,387,0.364874601364136,"2026-05-23T15:49:15.271355Z","2026-05-23T15:49:15.636229Z",1779551355.27136,1779551355.63623,0.000596,0.000653,0.000675,0.347421,0.347454,0.346746,3.30000000000052e-05,NA,NA
"2026-05-23T15:49:15.694Z","init",1,"http://client3:8000","init","http://client3:8000/init",1,TRUE,200,2713,387,0.368008375167847,"2026-05-23T15:49:15.271780Z","2026-05-23T15:49:15.639788Z",1779551355.27178,1779551355.63979,0.000498,0.000601,0.000632,0.350955,0.350995,0.350323,3.99999999999845e-05,NA,NA
"2026-05-23T15:49:21.510Z","run_bootstrap",1,"http://client1:8000","run","http://client1:8000/run",1,TRUE,200,1108,253,5.49363231658936,"2026-05-23T15:49:15.911370Z","2026-05-23T15:49:21.405002Z",1779551355.91137,1779551361.405,0.000612,0.000721,0.000758,5.480177,5.480225,5.479419,4.79999999996039e-05,5.4228,0.0708323165893558
"2026-05-23T15:49:21.510Z","run_bootstrap",1,"http://client2:8000","run","http://client2:8000/run",1,TRUE,200,1108,255,5.5914831161499,"2026-05-23T15:49:15.912069Z","2026-05-23T15:49:21.503552Z",1779551355.91207,1779551361.50355,0.000632,0.000721,0.000758,5.578801,5.578843,5.578043,4.19999999996534e-05,5.524,0.0674831161499023
"2026-05-23T15:49:21.510Z","run_bootstrap",1,"http://client3:8000","run","http://client3:8000/run",1,TRUE,200,1108,250,5.42320823669434,"2026-05-23T15:49:15.913821Z","2026-05-23T15:49:21.337029Z",1779551355.91382,1779551361.33703,5e-04,0.00059,0.000624,5.407765,5.407795,5.407141,2.99999999997524e-05,5.3492,0.0740082366943362
"2026-05-23T15:49:25.372Z","run_bootstrap",2,"http://client1:8000","run","http://client1:8000/run",1,TRUE,200,1108,253,3.57657361030579,"2026-05-23T15:49:21.569738Z","2026-05-23T15:49:25.146311Z",1779551361.56974,1779551365.14631,0.000719,0.000838,0.000872,3.562385,3.562437,3.561513,5.2000000000163e-05,3.4492,0.127373610305786
"2026-05-23T15:49:25.372Z","run_bootstrap",2,"http://client2:8000","run","http://client2:8000/run",1,TRUE,200,1108,255,3.79616618156433,"2026-05-23T15:49:21.571642Z","2026-05-23T15:49:25.367808Z",1779551361.57164,1779551365.36781,0.000748,0.000848,0.000881,3.773556,3.773599,3.772675,4.29999999997932e-05,3.664,0.132166181564331
"2026-05-23T15:49:25.372Z","run_bootstrap",2,"http://client3:8000","run","http://client3:8000/run",1,TRUE,200,1108,250,3.5607008934021,"2026-05-23T15:49:21.571921Z","2026-05-23T15:49:25.132622Z",1779551361.57192,1779551365.13262,0.000694,0.000818,0.000856,3.538293,3.538341,3.537437,4.8000000000048e-05,3.4286,0.1321008934021
"2026-05-23T15:49:29.148Z","run_bootstrap",3,"http://client1:8000","run","http://client1:8000/run",1,TRUE,200,1110,263,3.75493097305298,"2026-05-23T15:49:25.388291Z","2026-05-23T15:49:29.143222Z",1779551365.38829,1779551369.14322,0.000574,0.000653,0.000677,3.733816,3.733953,3.733139,0.000137000000000054,3.7255,0.0294309730529787
"2026-05-23T15:49:29.148Z","run_bootstrap",3,"http://client2:8000","run","http://client2:8000/run",1,TRUE,200,1110,263,3.74591207504272,"2026-05-23T15:49:25.388591Z","2026-05-23T15:49:29.134503Z",1779551365.38859,1779551369.1345,0.000739,0.000795,0.000813,3.72512,3.725169,3.724307,4.90000000001878e-05,3.7185,0.0274120750427245
"2026-05-23T15:49:29.148Z","run_bootstrap",3,"http://client3:8000","run","http://client3:8000/run",1,TRUE,200,1110,264,3.5237135887146,"2026-05-23T15:49:25.389122Z","2026-05-23T15:49:28.912835Z",1779551365.38912,1779551368.91284,0.000628,0.000686,0.00071,3.502714,3.502755,3.502004,4.09999999999577e-05,3.4959,0.0278135887145998
"2026-05-23T15:49:32.909Z","run_bootstrap",4,"http://client1:8000","run","http://client1:8000/run",1,TRUE,200,1110,262,3.53699016571045,"2026-05-23T15:49:29.161830Z","2026-05-23T15:49:32.698820Z",1779551369.16183,1779551372.69882,0.000736,0.000816,0.000849,3.523677,3.523723,3.522828,4.59999999997684e-05,3.516,0.0209901657104492
"2026-05-23T15:49:32.909Z","run_bootstrap",4,"http://client2:8000","run","http://client2:8000/run",1,TRUE,200,1110,263,3.51882004737854,"2026-05-23T15:49:29.162066Z","2026-05-23T15:49:32.680886Z",1779551369.16207,1779551372.68089,0.000553,0.000629,0.00065,3.505819,3.505867,3.505169,4.8000000000048e-05,3.4992,0.01962004737854
"2026-05-23T15:49:32.909Z","run_bootstrap",4,"http://client3:8000","run","http://client3:8000/run",1,TRUE,200,1110,264,3.74240708351135,"2026-05-23T15:49:29.162543Z","2026-05-23T15:49:32.904950Z",1779551369.16254,1779551372.90495,0.000576,0.00065,0.000668,3.730317,3.730359,3.729649,4.20000000000975e-05,3.7233,0.0191070835113525
"2026-05-23T15:49:36.566Z","run_bootstrap",5,"http://client1:8000","run","http://client1:8000/run",1,TRUE,200,1107,255,3.24144697189331,"2026-05-23T15:49:32.919673Z","2026-05-23T15:49:36.161120Z",1779551372.91967,1779551376.16112,0.000707,0.000816,0.000851,3.221246,3.221283,3.220395,3.70000000002868e-05,3.2136,0.0278469718933105
"2026-05-23T15:49:36.566Z","run_bootstrap",5,"http://client2:8000","run","http://client2:8000/run",1,TRUE,200,1107,256,3.63893890380859,"2026-05-23T15:49:32.921202Z","2026-05-23T15:49:36.560141Z",1779551372.9212,1779551376.56014,0.000634,0.00074,0.000777,3.61991,3.619941,3.619133,3.09999999998922e-05,3.6125,0.0264389038085939
"2026-05-23T15:49:36.566Z","run_bootstrap",5,"http://client3:8000","run","http://client3:8000/run",1,TRUE,200,1107,252,3.61597633361816,"2026-05-23T15:49:32.921787Z","2026-05-23T15:49:36.537763Z",1779551372.92179,1779551376.53776,0.000504,0.00061,0.000647,3.597481,3.597509,3.596834,2.7999999999917e-05,3.5891,0.0268763336181639
"2026-05-23T15:49:40.139Z","run_bootstrap",6,"http://client1:8000","run","http://client1:8000/run",1,TRUE,200,1107,255,3.55273675918579,"2026-05-23T15:49:36.581972Z","2026-05-23T15:49:40.134708Z",1779551376.58197,1779551380.13471,0.000683,0.000837,0.000889,3.535518,3.535558,3.534629,3.9999999999818e-05,3.5278,0.024936759185791
"2026-05-23T15:49:40.139Z","run_bootstrap",6,"http://client2:8000","run","http://client2:8000/run",1,TRUE,200,1107,256,3.46724605560303,"2026-05-23T15:49:36.582427Z","2026-05-23T15:49:40.049673Z",1779551376.58243,1779551380.04967,0.00073,0.000833,0.000875,3.449843,3.449885,3.448968,4.20000000000975e-05,3.4419,0.0253460556030274
"2026-05-23T15:49:40.139Z","run_bootstrap",6,"http://client3:8000","run","http://client3:8000/run",1,TRUE,200,1107,252,3.48543882369995,"2026-05-23T15:49:36.583004Z","2026-05-23T15:49:40.068443Z",1779551376.583,1779551380.06844,0.000689,0.000827,0.000873,3.468502,3.468546,3.467629,4.3999999999933e-05,3.4609,0.0245388236999511
"2026-05-23T15:49:43.705Z","run_bootstrap",7,"http://client1:8000","run","http://client1:8000/run",1,TRUE,200,1109,255,3.45514845848083,"2026-05-23T15:49:40.151311Z","2026-05-23T15:49:43.606460Z",1779551380.15131,1779551383.60646,0.000528,0.000637,0.000671,3.437997,3.438038,3.437326,4.09999999999577e-05,3.4311,0.0240484584808351
"2026-05-23T15:49:43.705Z","run_bootstrap",7,"http://client2:8000","run","http://client2:8000/run",1,TRUE,200,1109,255,3.54885601997375,"2026-05-23T15:49:40.151884Z","2026-05-23T15:49:43.700740Z",1779551380.15188,1779551383.70074,0.000865,0.000939,0.000969,3.532625,3.532686,3.531656,6.10000000000888e-05,3.5257,0.0231560199737548
"2026-05-23T15:49:43.705Z","run_bootstrap",7,"http://client3:8000","run","http://client3:8000/run",1,TRUE,200,1109,251,3.53825569152832,"2026-05-23T15:49:40.151164Z","2026-05-23T15:49:43.689419Z",1779551380.15116,1779551383.68942,0.000599,0.000707,0.000741,3.524688,3.52473,3.523947,4.20000000000975e-05,3.5176,0.0206556915283205
"2026-05-23T15:49:47.450Z","run_bootstrap",8,"http://client1:8000","run","http://client1:8000/run",1,TRUE,200,1109,255,3.71199059486389,"2026-05-23T15:49:43.717383Z","2026-05-23T15:49:47.429374Z",1779551383.71738,1779551387.42937,0.000653,0.000757,0.000799,3.697942,3.697987,3.697143,4.50000000000728e-05,3.6909,0.0210905948638915
"2026-05-23T15:49:47.450Z","run_bootstrap",8,"http://client2:8000","run","http://client2:8000/run",1,TRUE,200,1109,255,3.72805762290955,"2026-05-23T15:49:43.717893Z","2026-05-23T15:49:47.445950Z",1779551383.71789,1779551387.44595,0.000605,0.000732,0.000782,3.715237,3.715283,3.714455,4.59999999997684e-05,3.7072,0.0208576229095461
"2026-05-23T15:49:47.450Z","run_bootstrap",8,"http://client3:8000","run","http://client3:8000/run",1,TRUE,200,1109,251,3.61631178855896,"2026-05-23T15:49:43.718403Z","2026-05-23T15:49:47.334715Z",1779551383.7184,1779551387.33472,0.00042,0.000511,0.000551,3.602217,3.602267,3.601666,4.99999999998835e-05,3.5942,0.0221117885589601
"2026-05-23T15:49:51.307Z","run_bootstrap",9,"http://client1:8000","run","http://client1:8000/run",1,TRUE,200,1109,256,3.81156468391418,"2026-05-23T15:49:47.461449Z","2026-05-23T15:49:51.273014Z",1779551387.46145,1779551391.27301,0.000502,0.000576,0.000619,3.795538,3.795579,3.794919,4.09999999999577e-05,3.7883,0.0232646839141846
"2026-05-23T15:49:51.307Z","run_bootstrap",9,"http://client2:8000","run","http://client2:8000/run",1,TRUE,200,1109,253,3.73623013496399,"2026-05-23T15:49:47.461842Z","2026-05-23T15:49:51.198072Z",1779551387.46184,1779551391.19807,0.000739,0.000848,0.000882,3.720966,3.721008,3.720084,4.19999999996534e-05,3.714,0.0222301349639893
"2026-05-23T15:49:51.307Z","run_bootstrap",9,"http://client3:8000","run","http://client3:8000/run",1,TRUE,200,1109,252,3.83988308906555,"2026-05-23T15:49:47.462376Z","2026-05-23T15:49:51.302259Z",1779551387.46238,1779551391.30226,0.000516,0.000587,0.000616,3.82412,3.824209,3.823504,8.90000000000057e-05,3.8173,0.0225830890655518
"2026-05-23T15:49:55.339Z","run_bootstrap",10,"http://client1:8000","run","http://client1:8000/run",1,TRUE,200,1109,256,3.73544931411743,"2026-05-23T15:49:51.318597Z","2026-05-23T15:49:55.054046Z",1779551391.3186,1779551395.05405,0.000446,0.000512,0.000538,3.718588,3.718637,3.71805,4.90000000001878e-05,3.7117,0.0237493141174316
"2026-05-23T15:49:55.339Z","run_bootstrap",10,"http://client2:8000","run","http://client2:8000/run",1,TRUE,200,1109,253,3.87995982170105,"2026-05-23T15:49:51.318994Z","2026-05-23T15:49:55.198953Z",1779551391.31899,1779551395.19895,0.000443,0.000511,0.000546,3.863405,3.863453,3.862859,4.79999999996039e-05,3.856,0.0239598217010499
"2026-05-23T15:49:55.339Z","run_bootstrap",10,"http://client3:8000","run","http://client3:8000/run",1,TRUE,200,1109,252,4.016770362854,"2026-05-23T15:49:51.318301Z","2026-05-23T15:49:55.335072Z",1779551391.3183,1779551395.33507,0.000639,0.000747,0.000793,4.004146,4.004191,4.003353,4.49999999991846e-05,3.9972,0.019570362854004
"2026-05-23T15:49:59.251Z","run_bootstrap",11,"http://client1:8000","run","http://client1:8000/run",1,TRUE,200,1109,255,3.85243892669678,"2026-05-23T15:49:55.350504Z","2026-05-23T15:49:59.202943Z",1779551395.3505,1779551399.20294,0.000691,0.000799,0.000833,3.825458,3.825508,3.824625,5.00000000003276e-05,3.8173,0.0351389266967774
"2026-05-23T15:49:59.251Z","run_bootstrap",11,"http://client2:8000","run","http://client2:8000/run",1,TRUE,200,1109,255,3.89462065696716,"2026-05-23T15:49:55.351272Z","2026-05-23T15:49:59.245893Z",1779551395.35127,1779551399.24589,0.000567,0.000644,0.000679,3.866862,3.866909,3.866183,4.70000000003523e-05,3.8598,0.0348206569671632
"2026-05-23T15:49:59.251Z","run_bootstrap",11,"http://client3:8000","run","http://client3:8000/run",1,TRUE,200,1109,253,3.71714210510254,"2026-05-23T15:49:55.355170Z","2026-05-23T15:49:59.072312Z",1779551395.35517,1779551399.07231,0.000698,0.000804,0.000839,3.701999,3.702044,3.70116,4.50000000000728e-05,3.6937,0.0234421051025389
"2026-05-23T15:50:03.169Z","run_bootstrap",12,"http://client1:8000","run","http://client1:8000/run",1,TRUE,200,1109,255,3.78211331367493,"2026-05-23T15:49:59.265707Z","2026-05-23T15:50:03.047821Z",1779551399.26571,1779551403.04782,0.000706,0.000884,0.000946,3.768884,3.768918,3.767938,3.40000000003116e-05,3.7606,0.0215133136749266
"2026-05-23T15:50:03.169Z","run_bootstrap",12,"http://client2:8000","run","http://client2:8000/run",1,TRUE,200,1109,255,3.89695358276367,"2026-05-23T15:49:59.267933Z","2026-05-23T15:50:03.164886Z",1779551399.26793,1779551403.16489,0.000523,0.000647,0.000706,3.883102,3.883143,3.882396,4.09999999999577e-05,3.8763,0.0206535827636718
"2026-05-23T15:50:03.169Z","run_bootstrap",12,"http://client3:8000","run","http://client3:8000/run",1,TRUE,200,1109,253,3.77428078651428,"2026-05-23T15:49:59.268432Z","2026-05-23T15:50:03.042713Z",1779551399.26843,1779551403.04271,0.000578,0.000656,0.000701,3.758259,3.75831,3.757558,5.10000000000232e-05,3.7516,0.0226807865142824
"2026-05-23T15:50:06.858Z","run_bootstrap",13,"http://client1:8000","run","http://client1:8000/run",1,TRUE,200,1108,254,3.51855134963989,"2026-05-23T15:50:03.180752Z","2026-05-23T15:50:06.699303Z",1779551403.18075,1779551406.6993,0.000659,0.000791,0.000835,3.502486,3.502532,3.501651,4.59999999997684e-05,3.4952,0.0233513496398925
"2026-05-23T15:50:06.858Z","run_bootstrap",13,"http://client2:8000","run","http://client2:8000/run",1,TRUE,200,1108,255,3.67284893989563,"2026-05-23T15:50:03.181350Z","2026-05-23T15:50:06.854199Z",1779551403.18135,1779551406.8542,0.000512,6e-04,0.000649,3.657029,3.657061,3.65638,3.2000000000032e-05,3.6505,0.0223489398956298
"2026-05-23T15:50:06.858Z","run_bootstrap",13,"http://client3:8000","run","http://client3:8000/run",1,TRUE,200,1108,251,3.39245247840881,"2026-05-23T15:50:03.181896Z","2026-05-23T15:50:06.574348Z",1779551403.1819,1779551406.57435,0.000465,0.00054,0.000574,3.372649,3.372692,3.372075,4.29999999997932e-05,3.3626,0.0298524784088134
"2026-05-23T15:50:10.453Z","run_bootstrap",14,"http://client1:8000","run","http://client1:8000/run",1,TRUE,200,1108,253,3.35777378082275,"2026-05-23T15:50:06.870714Z","2026-05-23T15:50:10.228488Z",1779551406.87071,1779551410.22849,0.000543,0.000646,0.000679,3.343033,3.343073,3.342354,3.9999999999818e-05,3.336,0.0217737808227541
"2026-05-23T15:50:10.453Z","run_bootstrap",14,"http://client2:8000","run","http://client2:8000/run",1,TRUE,200,1108,255,3.33482789993286,"2026-05-23T15:50:06.871431Z","2026-05-23T15:50:10.206259Z",1779551406.87143,1779551410.20626,0.000482,0.000615,0.00065,3.315384,3.315425,3.314734,4.09999999999577e-05,3.3089,0.0259278999328614
"2026-05-23T15:50:10.453Z","run_bootstrap",14,"http://client3:8000","run","http://client3:8000/run",1,TRUE,200,1108,251,3.5780565738678,"2026-05-23T15:50:06.870727Z","2026-05-23T15:50:10.448783Z",1779551406.87073,1779551410.44878,0.000675,0.000781,0.000814,3.56506,3.565113,3.564246,5.30000000003028e-05,3.5481,0.029956573867798
"2026-05-23T15:50:14.043Z","run_bootstrap",15,"http://client1:8000","run","http://client1:8000/run",1,TRUE,200,1109,253,3.57545614242554,"2026-05-23T15:50:10.463206Z","2026-05-23T15:50:14.038662Z",1779551410.46321,1779551414.03866,0.000717,0.000834,0.00087,3.562565,3.562612,3.561695,4.69999999999082e-05,3.5551,0.0203561424255372
"2026-05-23T15:50:14.043Z","run_bootstrap",15,"http://client2:8000","run","http://client2:8000/run",1,TRUE,200,1109,254,3.44933938980103,"2026-05-23T15:50:10.464262Z","2026-05-23T15:50:13.913601Z",1779551410.46426,1779551413.9136,0.000606,0.000709,0.00074,3.437214,3.437252,3.436474,3.79999999999825e-05,3.4298,0.0195393898010252
"2026-05-23T15:50:14.043Z","run_bootstrap",15,"http://client3:8000","run","http://client3:8000/run",1,TRUE,200,1109,253,3.46802139282227,"2026-05-23T15:50:10.465933Z","2026-05-23T15:50:13.933954Z",1779551410.46593,1779551413.93395,0.000475,0.000565,0.000601,3.451205,3.451253,3.450604,4.8000000000048e-05,3.4445,0.0235213928222655
"2026-05-23T15:50:17.712Z","run_bootstrap",16,"http://client1:8000","run","http://client1:8000/run",1,TRUE,200,1109,253,3.40391802787781,"2026-05-23T15:50:14.053747Z","2026-05-23T15:50:17.457665Z",1779551414.05375,1779551417.45767,8e-04,0.000917,0.000954,3.384592,3.384624,3.383638,3.2000000000032e-05,3.3765,0.0274180278778076
"2026-05-23T15:50:17.712Z","run_bootstrap",16,"http://client2:8000","run","http://client2:8000/run",1,TRUE,200,1109,254,3.38555383682251,"2026-05-23T15:50:14.055862Z","2026-05-23T15:50:17.441416Z",1779551414.05586,1779551417.44142,0.000652,0.000764,0.000799,3.365088,3.365118,3.364289,2.99999999997524e-05,3.3583,0.0272538368225099
"2026-05-23T15:50:17.712Z","run_bootstrap",16,"http://client3:8000","run","http://client3:8000/run",1,TRUE,200,1109,253,3.64881634712219,"2026-05-23T15:50:14.056329Z","2026-05-23T15:50:17.705146Z",1779551414.05633,1779551417.70515,0.000573,0.000689,0.000725,3.627669,3.627701,3.626944,3.2000000000032e-05,3.6209,0.0279163471221926
"2026-05-23T15:50:21.377Z","run_bootstrap",17,"http://client1:8000","run","http://client1:8000/run",1,TRUE,200,1109,253,3.4279260635376,"2026-05-23T15:50:17.726965Z","2026-05-23T15:50:21.154891Z",1779551417.72697,1779551421.15489,0.000576,0.000682,0.000715,3.4126,3.412754,3.411885,0.00015400000000021,3.4055,0.0224260635375977
"2026-05-23T15:50:21.377Z","run_bootstrap",17,"http://client2:8000","run","http://client2:8000/run",1,TRUE,200,1109,253,3.64271688461304,"2026-05-23T15:50:17.727797Z","2026-05-23T15:50:21.370514Z",1779551417.7278,1779551421.37051,0.000613,0.000746,0.000784,3.628539,3.628586,3.627755,4.69999999999082e-05,3.6215,0.0212168846130369
"2026-05-23T15:50:21.377Z","run_bootstrap",17,"http://client3:8000","run","http://client3:8000/run",1,TRUE,200,1109,253,3.33841371536255,"2026-05-23T15:50:17.728182Z","2026-05-23T15:50:21.066595Z",1779551417.72818,1779551421.0666,0.000646,0.00072,0.00075,3.324671,3.324716,3.323921,4.50000000000728e-05,3.3178,0.0206137153625487
"2026-05-23T15:50:25.037Z","run_bootstrap",18,"http://client1:8000","run","http://client1:8000/run",1,TRUE,200,1109,253,3.39225959777832,"2026-05-23T15:50:21.396937Z","2026-05-23T15:50:24.789196Z",1779551421.39694,1779551424.7892,0.000675,0.000779,0.00082,3.370963,3.371008,3.370143,4.49999999996287e-05,3.3638,0.0284595977783204
"2026-05-23T15:50:25.037Z","run_bootstrap",18,"http://client2:8000","run","http://client2:8000/run",1,TRUE,200,1109,253,3.47326898574829,"2026-05-23T15:50:21.397430Z","2026-05-23T15:50:24.870699Z",1779551421.39743,1779551424.8707,0.000624,0.000741,0.00079,3.452459,3.452501,3.451669,4.19999999996534e-05,3.4457,0.027568985748291
"2026-05-23T15:50:25.037Z","run_bootstrap",18,"http://client3:8000","run","http://client3:8000/run",1,TRUE,200,1109,253,3.63340616226196,"2026-05-23T15:50:21.397636Z","2026-05-23T15:50:25.031042Z",1779551421.39764,1779551425.03104,0.000675,0.000745,0.000783,3.612822,3.612866,3.612039,4.3999999999933e-05,3.6054,0.028006162261963
"2026-05-23T15:50:28.582Z","run_bootstrap",19,"http://client1:8000","run","http://client1:8000/run",1,TRUE,200,1107,253,3.49307608604431,"2026-05-23T15:50:25.049084Z","2026-05-23T15:50:28.542160Z",1779551425.04908,1779551428.54216,0.000819,0.000895,0.000925,3.478554,3.478582,3.477629,2.7999999999917e-05,3.4712,0.0218760860443115
"2026-05-23T15:50:28.582Z","run_bootstrap",19,"http://client2:8000","run","http://client2:8000/run",1,TRUE,200,1107,254,3.42575740814209,"2026-05-23T15:50:25.049842Z","2026-05-23T15:50:28.475599Z",1779551425.04984,1779551428.4756,0.00054,0.000619,0.000646,3.411197,3.411248,3.410551,5.10000000000232e-05,3.4045,0.0212574081420898
"2026-05-23T15:50:28.582Z","run_bootstrap",19,"http://client3:8000","run","http://client3:8000/run",1,TRUE,200,1107,249,3.5274646282196,"2026-05-23T15:50:25.050358Z","2026-05-23T15:50:28.577823Z",1779551425.05036,1779551428.57782,7e-04,0.00078,0.000812,3.513455,3.513501,3.512643,4.60000000002125e-05,3.5067,0.0207646282196046
"2026-05-23T15:50:32.456Z","run_bootstrap",20,"http://client1:8000","run","http://client1:8000/run",1,TRUE,200,1107,253,3.85909962654114,"2026-05-23T15:50:28.592614Z","2026-05-23T15:50:32.451713Z",1779551428.59261,1779551432.45171,0.00075,0.000834,0.000856,3.846403,3.846457,3.845547,5.39999999999985e-05,3.6998,0.159299626541137
"2026-05-23T15:50:32.456Z","run_bootstrap",20,"http://client2:8000","run","http://client2:8000/run",1,TRUE,200,1107,254,3.63616108894348,"2026-05-23T15:50:28.594695Z","2026-05-23T15:50:32.230856Z",1779551428.5947,1779551432.23086,0.000486,0.000565,0.000596,3.621019,3.621066,3.620423,4.69999999999082e-05,3.4645,0.171661088943481
"2026-05-23T15:50:32.456Z","run_bootstrap",20,"http://client3:8000","run","http://client3:8000/run",1,TRUE,200,1107,249,3.56481337547302,"2026-05-23T15:50:28.593832Z","2026-05-23T15:50:32.158645Z",1779551428.59383,1779551432.15865,0.000494,0.000567,0.000597,3.552659,3.552699,3.552062,4.0000000000262e-05,3.3994,0.165413375473022
"2026-05-23T15:50:36.090Z","run_bootstrap",21,"http://client1:8000","run","http://client1:8000/run",1,TRUE,200,1108,250,3.52278304100037,"2026-05-23T15:50:32.467055Z","2026-05-23T15:50:35.989838Z",1779551432.46706,1779551435.98984,0.000616,0.000684,0.000713,3.505485,3.505616,3.504772,0.000130999999999659,3.4986,0.0241830410003661
"2026-05-23T15:50:36.090Z","run_bootstrap",21,"http://client2:8000","run","http://client2:8000/run",1,TRUE,200,1108,253,3.61786961555481,"2026-05-23T15:50:32.467553Z","2026-05-23T15:50:36.085422Z",1779551432.46755,1779551436.08542,0.000506,0.000625,0.000669,3.600332,3.600496,3.599663,0.000164000000000275,3.5938,0.0240696155548097
"2026-05-23T15:50:36.090Z","run_bootstrap",21,"http://client3:8000","run","http://client3:8000/run",1,TRUE,200,1108,251,3.45196461677551,"2026-05-23T15:50:32.468132Z","2026-05-23T15:50:35.920096Z",1779551432.46813,1779551435.9201,0.000494,0.000567,0.000604,3.432388,3.432523,3.431784,0.000135000000000218,3.4255,0.0264646167755127
"2026-05-23T15:50:39.649Z","run_bootstrap",22,"http://client1:8000","run","http://client1:8000/run",1,TRUE,200,1108,250,3.5367214679718,"2026-05-23T15:50:36.108614Z","2026-05-23T15:50:39.645335Z",1779551436.10861,1779551439.64534,0.000665,0.000767,0.000806,3.514647,3.514697,3.513841,4.99999999998835e-05,3.5063,0.0304214679718018
"2026-05-23T15:50:39.649Z","run_bootstrap",22,"http://client2:8000","run","http://client2:8000/run",1,TRUE,200,1108,253,3.39181780815125,"2026-05-23T15:50:36.107990Z","2026-05-23T15:50:39.499808Z",1779551436.10799,1779551439.49981,0.000812,0.000892,0.00092,3.378062,3.378103,3.377142,4.09999999999577e-05,3.3711,0.0207178081512449
"2026-05-23T15:50:39.649Z","run_bootstrap",22,"http://client3:8000","run","http://client3:8000/run",1,TRUE,200,1108,251,3.47637462615967,"2026-05-23T15:50:36.109510Z","2026-05-23T15:50:39.585885Z",1779551436.10951,1779551439.58589,0.000604,0.000693,0.000732,3.455472,3.455516,3.45474,4.3999999999933e-05,3.4486,0.0277746261596681
"2026-05-23T15:50:43.235Z","run_bootstrap",23,"http://client1:8000","run","http://client1:8000/run",1,TRUE,200,1109,253,3.47992539405823,"2026-05-23T15:50:39.662338Z","2026-05-23T15:50:43.142264Z",1779551439.66234,1779551443.14226,0.000584,0.000667,0.000704,3.464235,3.464281,3.463531,4.60000000002125e-05,3.4553,0.0246253940582277
"2026-05-23T15:50:43.235Z","run_bootstrap",23,"http://client2:8000","run","http://client2:8000/run",1,TRUE,200,1109,252,3.56800675392151,"2026-05-23T15:50:39.662877Z","2026-05-23T15:50:43.230884Z",1779551439.66288,1779551443.23088,0.000419,0.000498,0.000538,3.551686,3.551823,3.551148,0.000137000000000054,3.5442,0.0238067539215088
"2026-05-23T15:50:43.235Z","run_bootstrap",23,"http://client3:8000","run","http://client3:8000/run",1,TRUE,200,1109,252,3.50228762626648,"2026-05-23T15:50:39.663334Z","2026-05-23T15:50:43.165621Z",1779551439.66333,1779551443.16562,0.000566,0.000645,0.000672,3.488307,3.488351,3.487635,4.40000000003771e-05,3.4808,0.0214876262664796
"2026-05-23T15:50:46.907Z","run_bootstrap",24,"http://client1:8000","run","http://client1:8000/run",1,TRUE,200,1109,253,3.65276336669922,"2026-05-23T15:50:43.246729Z","2026-05-23T15:50:46.899492Z",1779551443.24673,1779551446.89949,0.000704,0.000776,0.000806,3.639012,3.639067,3.638206,5.49999999996942e-05,3.6316,0.0211633666992186
"2026-05-23T15:50:46.907Z","run_bootstrap",24,"http://client2:8000","run","http://client2:8000/run",1,TRUE,200,1109,252,3.45328187942505,"2026-05-23T15:50:43.248274Z","2026-05-23T15:50:46.701556Z",1779551443.24827,1779551446.70156,0.000593,0.000705,0.000741,3.438136,3.438195,3.437395,5.89999999998092e-05,3.4312,0.0220818794250488
"2026-05-23T15:50:46.907Z","run_bootstrap",24,"http://client3:8000","run","http://client3:8000/run",1,TRUE,200,1109,252,3.55285954475403,"2026-05-23T15:50:43.247599Z","2026-05-23T15:50:46.800459Z",1779551443.2476,1779551446.80046,0.000603,0.000708,0.000744,3.54027,3.54031,3.539526,3.9999999999818e-05,3.5333,0.0195595447540282
"2026-05-23T15:50:50.658Z","run_bootstrap",25,"http://client1:8000","run","http://client1:8000/run",1,TRUE,200,1107,255,3.52933931350708,"2026-05-23T15:50:46.917182Z","2026-05-23T15:50:50.446521Z",1779551446.91718,1779551450.44652,0.000523,0.000643,0.000677,3.515939,3.51599,3.515262,5.10000000000232e-05,3.5082,0.0211393135070801
"2026-05-23T15:50:50.658Z","run_bootstrap",25,"http://client2:8000","run","http://client2:8000/run",1,TRUE,200,1107,253,3.73514127731323,"2026-05-23T15:50:46.919246Z","2026-05-23T15:50:50.654387Z",1779551446.91925,1779551450.65439,0.000406,0.000523,0.000674,3.718764,3.718812,3.71809,4.79999999996039e-05,3.7109,0.0242412773132323
"2026-05-23T15:50:50.658Z","run_bootstrap",25,"http://client3:8000","run","http://client3:8000/run",1,TRUE,200,1107,252,3.28417801856995,"2026-05-23T15:50:46.919830Z","2026-05-23T15:50:50.204008Z",1779551446.91983,1779551450.20401,0.000593,0.00069,0.000721,3.270704,3.270746,3.269983,4.20000000000975e-05,3.2607,0.0234780185699464
"2026-05-23T15:50:54.346Z","run_bootstrap",26,"http://client1:8000","run","http://client1:8000/run",1,TRUE,200,1107,255,3.6715521812439,"2026-05-23T15:50:50.670560Z","2026-05-23T15:50:54.342113Z",1779551450.67056,1779551454.34211,0.000705,0.000794,0.000817,3.655876,3.655904,3.655059,2.7999999999917e-05,3.6471,0.0244521812438965
"2026-05-23T15:50:54.346Z","run_bootstrap",26,"http://client2:8000","run","http://client2:8000/run",1,TRUE,200,1107,253,3.6694917678833,"2026-05-23T15:50:50.671195Z","2026-05-23T15:50:54.340687Z",1779551450.6712,1779551454.34069,0.000455,0.000536,0.000566,3.652464,3.652506,3.651898,4.19999999996534e-05,3.6321,0.0373917678833009
"2026-05-23T15:50:54.346Z","run_bootstrap",26,"http://client3:8000","run","http://client3:8000/run",1,TRUE,200,1107,252,3.54860401153564,"2026-05-23T15:50:50.671790Z","2026-05-23T15:50:54.220394Z",1779551450.67179,1779551454.22039,0.000494,0.000574,0.000594,3.53152,3.531561,3.530926,4.09999999999577e-05,3.5111,0.0375040115356446
"2026-05-23T15:50:58.113Z","run_bootstrap",27,"http://client1:8000","run","http://client1:8000/run",1,TRUE,200,1108,255,3.7497227191925,"2026-05-23T15:50:54.356746Z","2026-05-23T15:50:58.106468Z",1779551454.35675,1779551458.10647,0.00057,0.00066,0.000698,3.728976,3.729014,3.728278,3.79999999999825e-05,3.7219,0.0278227191925047
"2026-05-23T15:50:58.113Z","run_bootstrap",27,"http://client2:8000","run","http://client2:8000/run",1,TRUE,200,1108,254,3.45567274093628,"2026-05-23T15:50:54.357272Z","2026-05-23T15:50:57.812944Z",1779551454.35727,1779551457.81294,0.000545,0.000659,0.000697,3.435433,3.435462,3.434736,2.89999999996127e-05,3.4241,0.0315727409362792
"2026-05-23T15:50:58.113Z","run_bootstrap",27,"http://client3:8000","run","http://client3:8000/run",1,TRUE,200,1108,249,3.53911280632019,"2026-05-23T15:50:54.356553Z","2026-05-23T15:50:57.895665Z",1779551454.35655,1779551457.89567,0.000747,0.000863,0.000898,3.519496,3.519529,3.518598,3.29999999997277e-05,3.5111,0.0280128063201905
"2026-05-23T15:51:01.894Z","run_bootstrap",28,"http://client1:8000","run","http://client1:8000/run",1,TRUE,200,1108,255,3.50460386276245,"2026-05-23T15:50:58.128775Z","2026-05-23T15:51:01.633379Z",1779551458.12878,1779551461.63338,0.000592,0.000715,0.000754,3.491131,3.491167,3.490377,3.59999999997029e-05,3.4839,0.020703862762451
"2026-05-23T15:51:01.894Z","run_bootstrap",28,"http://client2:8000","run","http://client2:8000/run",1,TRUE,200,1108,254,3.76032185554504,"2026-05-23T15:50:58.129927Z","2026-05-23T15:51:01.890249Z",1779551458.12993,1779551461.89025,0.000689,0.00079,0.000825,3.746978,3.74702,3.746153,4.20000000000975e-05,3.7385,0.0218218555450438
"2026-05-23T15:51:01.894Z","run_bootstrap",28,"http://client3:8000","run","http://client3:8000/run",1,TRUE,200,1108,249,3.48228001594543,"2026-05-23T15:50:58.129724Z","2026-05-23T15:51:01.612004Z",1779551458.12972,1779551461.612,0.000771,0.000846,0.000883,3.468706,3.468752,3.467823,4.59999999997684e-05,3.4613,0.0209800159454345
"2026-05-23T15:51:05.501Z","run_bootstrap",29,"http://client1:8000","run","http://client1:8000/run",1,TRUE,200,1108,251,3.34124541282654,"2026-05-23T15:51:01.906526Z","2026-05-23T15:51:05.247771Z",1779551461.90653,1779551465.24777,0.000572,0.000651,0.000686,3.327517,3.327559,3.326831,4.20000000000975e-05,3.3164,0.0248454128265383
"2026-05-23T15:51:05.501Z","run_bootstrap",29,"http://client2:8000","run","http://client2:8000/run",1,TRUE,200,1108,254,3.58816361427307,"2026-05-23T15:51:01.906133Z","2026-05-23T15:51:05.494297Z",1779551461.90613,1779551465.4943,0.000843,0.000902,0.000921,3.574146,3.574187,3.573225,4.09999999999577e-05,3.5613,0.0268636142730712
"2026-05-23T15:51:05.501Z","run_bootstrap",29,"http://client3:8000","run","http://client3:8000/run",1,TRUE,200,1108,251,3.54744362831116,"2026-05-23T15:51:01.907838Z","2026-05-23T15:51:05.455281Z",1779551461.90784,1779551465.45528,0.000538,0.000633,0.000663,3.534582,3.534625,3.533919,4.30000000002373e-05,3.5212,0.0262436283111573
"2026-05-23T15:51:09.295Z","run_bootstrap",30,"http://client1:8000","run","http://client1:8000/run",1,TRUE,200,1108,251,3.77515435218811,"2026-05-23T15:51:05.515390Z","2026-05-23T15:51:09.290544Z",1779551465.51539,1779551469.29054,0.000511,0.000659,0.000699,3.754998,3.755039,3.754299,4.09999999999577e-05,3.7474,0.0277543521881105
"2026-05-23T15:51:09.295Z","run_bootstrap",30,"http://client2:8000","run","http://client2:8000/run",1,TRUE,200,1108,254,3.58786797523499,"2026-05-23T15:51:05.514822Z","2026-05-23T15:51:09.102690Z",1779551465.51482,1779551469.10269,0.000772,0.00088,0.000914,3.57417,3.57421,3.573256,3.9999999999818e-05,3.5635,0.0243679752349855
"2026-05-23T15:51:09.295Z","run_bootstrap",30,"http://client3:8000","run","http://client3:8000/run",1,TRUE,200,1108,251,3.66604018211365,"2026-05-23T15:51:05.516342Z","2026-05-23T15:51:09.182383Z",1779551465.51634,1779551469.18238,0.00057,0.000678,0.000713,3.649419,3.649468,3.648706,4.90000000001878e-05,3.6426,0.0234401821136476
"2026-05-23T15:51:13.080Z","run_bootstrap",31,"http://client1:8000","run","http://client1:8000/run",1,TRUE,200,1108,255,3.51410174369812,"2026-05-23T15:51:09.306176Z","2026-05-23T15:51:12.820278Z",1779551469.30618,1779551472.82028,0.000678,0.00079,0.000835,3.493254,3.493296,3.492419,4.20000000000975e-05,3.4858,0.0283017436981203
"2026-05-23T15:51:13.080Z","run_bootstrap",31,"http://client2:8000","run","http://client2:8000/run",1,TRUE,200,1108,252,3.49369764328003,"2026-05-23T15:51:09.305952Z","2026-05-23T15:51:12.799650Z",1779551469.30595,1779551472.79965,0.00066,0.000771,0.00081,3.480231,3.480283,3.479421,5.2000000000163e-05,3.4725,0.0211976432800292
"2026-05-23T15:51:13.080Z","run_bootstrap",31,"http://client3:8000","run","http://client3:8000/run",1,TRUE,200,1108,251,3.76568174362183,"2026-05-23T15:51:09.307644Z","2026-05-23T15:51:13.073326Z",1779551469.30764,1779551473.07333,0.00048,0.000591,0.000633,3.746092,3.746132,3.745459,3.9999999999818e-05,3.7385,0.027181743621826
"2026-05-23T15:51:16.856Z","run_bootstrap",32,"http://client1:8000","run","http://client1:8000/run",1,TRUE,200,1108,255,3.493497133255,"2026-05-23T15:51:13.090333Z","2026-05-23T15:51:16.583831Z",1779551473.09033,1779551476.58383,0.000812,0.000911,0.000945,3.479776,3.479828,3.478831,5.19999999997189e-05,3.4721,0.0213971332550047
"2026-05-23T15:51:16.856Z","run_bootstrap",32,"http://client2:8000","run","http://client2:8000/run",1,TRUE,200,1108,252,3.52654767036438,"2026-05-23T15:51:13.092072Z","2026-05-23T15:51:16.618619Z",1779551473.09207,1779551476.61862,0.000578,0.000655,0.000686,3.514353,3.514399,3.513667,4.60000000002125e-05,3.5072,0.0193476703643798
"2026-05-23T15:51:16.856Z","run_bootstrap",32,"http://client3:8000","run","http://client3:8000/run",1,TRUE,200,1108,251,3.75421643257141,"2026-05-23T15:51:13.091363Z","2026-05-23T15:51:16.845580Z",1779551473.09136,1779551476.84558,0.00056,0.000705,0.000745,3.741445,3.741488,3.7407,4.29999999997932e-05,3.7343,0.019916432571411
"2026-05-23T15:51:20.544Z","run_bootstrap",33,"http://client1:8000","run","http://client1:8000/run",1,TRUE,200,1109,250,3.39761185646057,"2026-05-23T15:51:16.871884Z","2026-05-23T15:51:20.269495Z",1779551476.87188,1779551480.2695,0.000596,0.000655,0.000679,3.379147,3.379294,3.378468,0.000146999999999675,3.3703,0.0273118564605714
"2026-05-23T15:51:20.544Z","run_bootstrap",33,"http://client2:8000","run","http://client2:8000/run",1,TRUE,200,1109,254,3.66672539710999,"2026-05-23T15:51:16.872217Z","2026-05-23T15:51:20.538943Z",1779551476.87222,1779551480.53894,0.000647,0.000734,0.000772,3.648709,3.648842,3.647937,0.000132999999999939,3.6392,0.0275253971099851
"2026-05-23T15:51:20.544Z","run_bootstrap",33,"http://client3:8000","run","http://client3:8000/run",1,TRUE,200,1109,251,3.64061069488525,"2026-05-23T15:51:16.871739Z","2026-05-23T15:51:20.512350Z",1779551476.87174,1779551480.51235,0.000769,0.000868,0.000895,3.625948,3.62607,3.625053,0.000121999999999733,3.6159,0.024710694885254
"2026-05-23T15:51:24.422Z","run_bootstrap",34,"http://client1:8000","run","http://client1:8000/run",1,TRUE,200,1109,250,3.58609676361084,"2026-05-23T15:51:20.558534Z","2026-05-23T15:51:24.144631Z",1779551480.55853,1779551484.14463,0.000469,0.000556,0.000577,3.572925,3.572955,3.572348,2.99999999997524e-05,3.5658,0.02029676361084
"2026-05-23T15:51:24.422Z","run_bootstrap",34,"http://client2:8000","run","http://client2:8000/run",1,TRUE,200,1109,254,3.85771179199219,"2026-05-23T15:51:20.559160Z","2026-05-23T15:51:24.416872Z",1779551480.55916,1779551484.41687,0.000522,0.000595,0.000625,3.839997,3.840038,3.839372,4.09999999999577e-05,3.8331,0.0246117919921875
"2026-05-23T15:51:24.422Z","run_bootstrap",34,"http://client3:8000","run","http://client3:8000/run",1,TRUE,200,1109,250,3.56557989120483,"2026-05-23T15:51:20.558809Z","2026-05-23T15:51:24.124389Z",1779551480.55881,1779551484.12439,0.000674,0.000733,0.000753,3.552672,3.552713,3.551919,4.09999999999577e-05,3.546,0.0195798912048342
"2026-05-23T15:51:28.270Z","run_bootstrap",35,"http://client1:8000","run","http://client1:8000/run",1,TRUE,200,1109,254,3.43399286270142,"2026-05-23T15:51:24.433769Z","2026-05-23T15:51:27.867762Z",1779551484.43377,1779551487.86776,0.000517,0.000684,0.000722,3.412806,3.412848,3.412084,4.20000000000975e-05,3.4053,0.028692862701416
"2026-05-23T15:51:28.270Z","run_bootstrap",35,"http://client2:8000","run","http://client2:8000/run",1,TRUE,200,1109,255,3.82901620864868,"2026-05-23T15:51:24.434477Z","2026-05-23T15:51:28.263493Z",1779551484.43448,1779551488.26349,0.000689,0.000799,0.000832,3.813822,3.813884,3.81299,6.19999999997844e-05,3.8068,0.0222162086486817
"2026-05-23T15:51:28.270Z","run_bootstrap",35,"http://client3:8000","run","http://client3:8000/run",1,TRUE,200,1109,251,3.68503570556641,"2026-05-23T15:51:24.435022Z","2026-05-23T15:51:28.120058Z",1779551484.43502,1779551488.12006,0.000582,0.000696,0.000729,3.667637,3.667679,3.666908,4.20000000000975e-05,3.6607,0.0243357055664064
"2026-05-23T15:51:32.041Z","run_bootstrap",36,"http://client1:8000","run","http://client1:8000/run",1,TRUE,200,1109,254,3.43091058731079,"2026-05-23T15:51:28.288962Z","2026-05-23T15:51:31.719872Z",1779551488.28896,1779551491.71987,0.000563,0.000679,0.000719,3.410069,3.410132,3.40935,6.29999999999242e-05,3.4021,0.0288105873107911
"2026-05-23T15:51:32.041Z","run_bootstrap",36,"http://client2:8000","run","http://client2:8000/run",1,TRUE,200,1109,255,3.67487096786499,"2026-05-23T15:51:28.289374Z","2026-05-23T15:51:31.964245Z",1779551488.28937,1779551491.96425,0.000609,0.000734,0.000769,3.657381,3.657424,3.656612,4.29999999997932e-05,3.6503,0.0245709678649901
"2026-05-23T15:51:32.041Z","run_bootstrap",36,"http://client3:8000","run","http://client3:8000/run",1,TRUE,200,1109,251,3.74630093574524,"2026-05-23T15:51:28.289930Z","2026-05-23T15:51:32.036231Z",1779551488.28993,1779551492.03623,0.000548,0.000643,0.000685,3.726463,3.726504,3.725778,4.09999999999577e-05,3.7194,0.0269009357452394
"2026-05-23T15:51:35.941Z","run_bootstrap",37,"http://client1:8000","run","http://client1:8000/run",1,TRUE,200,1109,252,3.49558401107788,"2026-05-23T15:51:32.053349Z","2026-05-23T15:51:35.548933Z",1779551492.05335,1779551495.54893,0.000638,0.000753,0.000828,3.476086,3.476211,3.475258,0.000125000000000153,3.4687,0.0268840110778807
"2026-05-23T15:51:35.941Z","run_bootstrap",37,"http://client2:8000","run","http://client2:8000/run",1,TRUE,200,1109,253,3.66035604476929,"2026-05-23T15:51:32.053040Z","2026-05-23T15:51:35.713396Z",1779551492.05304,1779551495.7134,0.000612,0.000721,0.000756,3.647001,3.647051,3.646245,4.99999999998835e-05,3.6392,0.0211560447692869
"2026-05-23T15:51:35.941Z","run_bootstrap",37,"http://client3:8000","run","http://client3:8000/run",1,TRUE,200,1109,252,3.88164615631104,"2026-05-23T15:51:32.054760Z","2026-05-23T15:51:35.936406Z",1779551492.05476,1779551495.93641,0.000615,0.000726,0.00076,3.868992,3.869121,3.868232,0.000128999999999824,3.8616,0.020046156311035
"2026-05-23T15:51:39.827Z","run_bootstrap",38,"http://client1:8000","run","http://client1:8000/run",1,TRUE,200,1109,252,3.66230249404907,"2026-05-23T15:51:35.952835Z","2026-05-23T15:51:39.615138Z",1779551495.95284,1779551499.61514,0.000583,0.000656,0.000677,3.642435,3.642469,3.641758,3.40000000003116e-05,3.6348,0.0275024940490725
"2026-05-23T15:51:39.827Z","run_bootstrap",38,"http://client2:8000","run","http://client2:8000/run",1,TRUE,200,1109,253,3.41099190711975,"2026-05-23T15:51:35.953416Z","2026-05-23T15:51:39.364408Z",1779551495.95342,1779551499.36441,0.000653,0.00071,0.000729,3.391545,3.39159,3.390816,4.50000000000728e-05,3.3805,0.0304919071197509
"2026-05-23T15:51:39.827Z","run_bootstrap",38,"http://client3:8000","run","http://client3:8000/run",1,TRUE,200,1109,252,3.86919522285461,"2026-05-23T15:51:35.954085Z","2026-05-23T15:51:39.823280Z",1779551495.95409,1779551499.82328,0.000609,0.000662,0.000682,3.850513,3.850545,3.849831,3.2000000000032e-05,3.8433,0.0258952228546141
"2026-05-23T15:51:43.699Z","run_bootstrap",39,"http://client1:8000","run","http://client1:8000/run",1,TRUE,200,1108,255,3.61455941200256,"2026-05-23T15:51:39.843458Z","2026-05-23T15:51:43.458018Z",1779551499.84346,1779551503.45802,0.000716,0.000837,0.000877,3.600115,3.600159,3.599238,4.3999999999933e-05,3.5907,0.0238594120025635
"2026-05-23T15:51:43.699Z","run_bootstrap",39,"http://client2:8000","run","http://client2:8000/run",1,TRUE,200,1108,254,3.8505482673645,"2026-05-23T15:51:39.844080Z","2026-05-23T15:51:43.694629Z",1779551499.84408,1779551503.69463,0.000512,0.000605,0.000643,3.830319,3.830363,3.829676,4.40000000003771e-05,3.8225,0.0280482673645022
"2026-05-23T15:51:43.699Z","run_bootstrap",39,"http://client3:8000","run","http://client3:8000/run",1,TRUE,200,1108,250,3.58777904510498,"2026-05-23T15:51:39.844755Z","2026-05-23T15:51:43.432534Z",1779551499.84476,1779551503.43253,0.000513,0.000599,0.000635,3.566428,3.566494,3.565793,6.59999999998995e-05,3.5596,0.0281790451049804
"2026-05-23T15:51:47.710Z","run_bootstrap",40,"http://client1:8000","run","http://client1:8000/run",1,TRUE,200,1108,255,3.74338531494141,"2026-05-23T15:51:43.711602Z","2026-05-23T15:51:47.454987Z",1779551503.7116,1779551507.45499,0.000499,0.00061,0.000644,3.726091,3.726331,3.725447,0.00024000000000024,3.5745,0.168885314941406
"2026-05-23T15:51:47.710Z","run_bootstrap",40,"http://client2:8000","run","http://client2:8000/run",1,TRUE,200,1108,254,3.69177985191345,"2026-05-23T15:51:43.712304Z","2026-05-23T15:51:47.404084Z",1779551503.7123,1779551507.40408,0.000481,0.000594,0.000631,3.671395,3.671441,3.670764,4.60000000002125e-05,3.5249,0.166879851913452
"2026-05-23T15:51:47.710Z","run_bootstrap",40,"http://client3:8000","run","http://client3:8000/run",1,TRUE,200,1108,250,3.99333333969116,"2026-05-23T15:51:43.712892Z","2026-05-23T15:51:47.706225Z",1779551503.71289,1779551507.70623,0.000648,0.000769,0.000804,3.979062,3.979096,3.978258,3.40000000003116e-05,3.8403,0.153033339691162
"2026-05-23T15:51:51.391Z","run_bootstrap",41,"http://client1:8000","run","http://client1:8000/run",1,TRUE,200,1108,254,3.42853546142578,"2026-05-23T15:51:47.722101Z","2026-05-23T15:51:51.150637Z",1779551507.7221,1779551511.15064,0.000631,0.000754,0.00079,3.410214,3.410259,3.409424,4.50000000000728e-05,3.4008,0.0277354614257814
"2026-05-23T15:51:51.391Z","run_bootstrap",41,"http://client2:8000","run","http://client2:8000/run",1,TRUE,200,1108,255,3.35780596733093,"2026-05-23T15:51:47.723043Z","2026-05-23T15:51:51.080849Z",1779551507.72304,1779551511.08085,0.000517,0.00061,0.000649,3.336968,3.33701,3.336319,4.19999999996534e-05,3.3291,0.0287059673309327
"2026-05-23T15:51:51.391Z","run_bootstrap",41,"http://client3:8000","run","http://client3:8000/run",1,TRUE,200,1108,252,3.66013717651367,"2026-05-23T15:51:47.723926Z","2026-05-23T15:51:51.384063Z",1779551507.72393,1779551511.38406,0.000529,0.000606,0.000643,3.640245,3.640288,3.639602,4.29999999997932e-05,3.6338,0.026337176513672
"2026-05-23T15:51:55.077Z","run_bootstrap",42,"http://client1:8000","run","http://client1:8000/run",1,TRUE,200,1108,254,3.6705436706543,"2026-05-23T15:51:51.402890Z","2026-05-23T15:51:55.073434Z",1779551511.40289,1779551515.07343,0.000622,7e-04,0.000722,3.658031,3.658064,3.657309,3.30000000001718e-05,3.6512,0.0193436706542971
"2026-05-23T15:51:55.077Z","run_bootstrap",42,"http://client2:8000","run","http://client2:8000/run",1,TRUE,200,1108,255,3.37306070327759,"2026-05-23T15:51:51.403469Z","2026-05-23T15:51:54.776530Z",1779551511.40347,1779551514.77653,0.00064,7e-04,0.000722,3.360919,3.360965,3.360197,4.60000000002125e-05,3.3537,0.019360703277588
"2026-05-23T15:51:55.077Z","run_bootstrap",42,"http://client3:8000","run","http://client3:8000/run",1,TRUE,200,1108,252,3.47370553016663,"2026-05-23T15:51:51.403736Z","2026-05-23T15:51:54.877442Z",1779551511.40374,1779551514.87744,0.000683,0.000734,0.000752,3.462001,3.462035,3.461249,3.40000000003116e-05,3.4546,0.0191055301666259
"2026-05-23T15:51:58.684Z","run_bootstrap",43,"http://client1:8000","run","http://client1:8000/run",1,TRUE,200,1109,254,3.50973606109619,"2026-05-23T15:51:55.087843Z","2026-05-23T15:51:58.597579Z",1779551515.08784,1779551518.59758,0.000766,0.000878,0.000912,3.49121,3.491256,3.490298,4.59999999997684e-05,3.4738,0.0359360610961912
"2026-05-23T15:51:58.684Z","run_bootstrap",43,"http://client2:8000","run","http://client2:8000/run",1,TRUE,200,1109,254,3.42878246307373,"2026-05-23T15:51:55.089285Z","2026-05-23T15:51:58.518067Z",1779551515.08929,1779551518.51807,0.000607,0.000717,0.00075,3.408968,3.409001,3.408218,3.29999999997277e-05,3.3986,0.0301824630737304
"2026-05-23T15:51:58.684Z","run_bootstrap",43,"http://client3:8000","run","http://client3:8000/run",1,TRUE,200,1109,251,3.59129166603088,"2026-05-23T15:51:55.088958Z","2026-05-23T15:51:58.680249Z",1779551515.08896,1779551518.68025,0.000491,0.000609,0.000645,3.573316,3.573359,3.572671,4.29999999997932e-05,3.5659,0.0253916660308837
"2026-05-23T15:52:02.382Z","run_bootstrap",44,"http://client1:8000","run","http://client1:8000/run",1,TRUE,200,1109,254,3.6771285533905,"2026-05-23T15:51:58.699511Z","2026-05-23T15:52:02.376639Z",1779551518.69951,1779551522.37664,0.000665,0.000771,0.000811,3.662003,3.662049,3.661192,4.60000000002125e-05,3.6547,0.0224285533905029
"2026-05-23T15:52:02.382Z","run_bootstrap",44,"http://client2:8000","run","http://client2:8000/run",1,TRUE,200,1109,254,3.49448156356812,"2026-05-23T15:51:58.701559Z","2026-05-23T15:52:02.196041Z",1779551518.70156,1779551522.19604,0.00062,0.000695,0.000736,3.479307,3.479349,3.478571,4.20000000000975e-05,3.4723,0.0221815635681151
"2026-05-23T15:52:02.382Z","run_bootstrap",44,"http://client3:8000","run","http://client3:8000/run",1,TRUE,200,1109,251,3.44718861579895,"2026-05-23T15:51:58.701859Z","2026-05-23T15:52:02.149048Z",1779551518.70186,1779551522.14905,0.000558,0.000674,0.000715,3.432307,3.432351,3.431592,4.3999999999933e-05,3.4253,0.0218886157989502
"2026-05-23T15:52:06.084Z","run_bootstrap",45,"http://client1:8000","run","http://client1:8000/run",1,TRUE,200,1108,253,3.50805830955505,"2026-05-23T15:52:02.394970Z","2026-05-23T15:52:05.903028Z",1779551522.39497,1779551525.90303,0.000632,0.000716,0.000757,3.488998,3.489039,3.488241,4.09999999999577e-05,3.4819,0.0261583095550537
"2026-05-23T15:52:06.084Z","run_bootstrap",45,"http://client2:8000","run","http://client2:8000/run",1,TRUE,200,1108,255,3.68433594703674,"2026-05-23T15:52:02.395616Z","2026-05-23T15:52:06.079952Z",1779551522.39562,1779551526.07995,0.000477,0.00056,0.000587,3.666794,3.666826,3.666207,3.2000000000032e-05,3.6598,0.024535947036743
"2026-05-23T15:52:06.084Z","run_bootstrap",45,"http://client3:8000","run","http://client3:8000/run",1,TRUE,200,1108,249,3.65540075302124,"2026-05-23T15:52:02.396238Z","2026-05-23T15:52:06.051639Z",1779551522.39624,1779551526.05164,0.000627,0.00073,0.000767,3.636456,3.636498,3.635689,4.20000000000975e-05,3.6286,0.0268007530212402
"2026-05-23T15:52:09.853Z","run_bootstrap",46,"http://client1:8000","run","http://client1:8000/run",1,TRUE,200,1108,252,3.56879782676697,"2026-05-23T15:52:06.096354Z","2026-05-23T15:52:09.665151Z",1779551526.09635,1779551529.66515,0.000559,0.000662,0.000696,3.548021,3.548062,3.547325,4.09999999999577e-05,3.541,0.0277978267669678
"2026-05-23T15:52:09.853Z","run_bootstrap",46,"http://client2:8000","run","http://client2:8000/run",1,TRUE,200,1108,255,3.75180220603943,"2026-05-23T15:52:06.097289Z","2026-05-23T15:52:09.849091Z",1779551526.09729,1779551529.84909,0.000508,0.000592,0.000628,3.731776,3.731957,3.731148,0.000180999999999987,3.7251,0.0267022060394289
"2026-05-23T15:52:09.853Z","run_bootstrap",46,"http://client3:8000","run","http://client3:8000/run",1,TRUE,200,1108,249,3.47863125801086,"2026-05-23T15:52:06.097685Z","2026-05-23T15:52:09.576316Z",1779551526.09769,1779551529.57632,0.000772,0.000883,0.00092,3.460023,3.460066,3.459103,4.29999999997932e-05,3.4531,0.0255312580108642
"2026-05-23T15:52:13.650Z","run_bootstrap",47,"http://client1:8000","run","http://client1:8000/run",1,TRUE,200,1104,255,3.50327134132385,"2026-05-23T15:52:09.865325Z","2026-05-23T15:52:13.368596Z",1779551529.86533,1779551533.3686,0.000601,0.000677,0.000708,3.488231,3.488266,3.487523,3.50000000000072e-05,3.4715,0.0317713413238527
"2026-05-23T15:52:13.650Z","run_bootstrap",47,"http://client2:8000","run","http://client2:8000/run",1,TRUE,200,1104,253,3.77673602104187,"2026-05-23T15:52:09.866003Z","2026-05-23T15:52:13.642739Z",1779551529.866,1779551533.64274,0.000559,0.000748,0.000786,3.761644,3.76169,3.760858,4.60000000002125e-05,3.7547,0.02203602104187
"2026-05-23T15:52:13.650Z","run_bootstrap",47,"http://client3:8000","run","http://client3:8000/run",1,TRUE,200,1104,250,3.59359383583069,"2026-05-23T15:52:09.865274Z","2026-05-23T15:52:13.458868Z",1779551529.86527,1779551533.45887,0.000703,0.000821,0.000865,3.579941,3.579984,3.579076,4.30000000002373e-05,3.5718,0.0217938358306884
"2026-05-23T15:52:17.370Z","run_bootstrap",48,"http://client1:8000","run","http://client1:8000/run",1,TRUE,200,1104,255,3.69781756401062,"2026-05-23T15:52:13.665660Z","2026-05-23T15:52:17.363477Z",1779551533.66566,1779551537.36348,0.000624,0.000735,0.000777,3.677036,3.677078,3.676259,4.19999999996534e-05,3.6698,0.0280175640106202
"2026-05-23T15:52:17.370Z","run_bootstrap",48,"http://client2:8000","run","http://client2:8000/run",1,TRUE,200,1104,253,3.64234471321106,"2026-05-23T15:52:13.666467Z","2026-05-23T15:52:17.308811Z",1779551533.66647,1779551537.30881,0.000514,0.000607,0.000641,3.622918,3.622953,3.622277,3.50000000000072e-05,3.6158,0.0265447132110594
"2026-05-23T15:52:17.370Z","run_bootstrap",48,"http://client3:8000","run","http://client3:8000/run",1,TRUE,200,1104,250,3.59629440307617,"2026-05-23T15:52:13.667073Z","2026-05-23T15:52:17.263367Z",1779551533.66707,1779551537.26337,0.000667,0.000774,0.000808,3.579077,3.579128,3.578269,5.10000000000232e-05,3.5721,0.024194403076172
"2026-05-23T15:52:21.196Z","run_bootstrap",49,"http://client1:8000","run","http://client1:8000/run",1,TRUE,200,1108,254,3.77421021461487,"2026-05-23T15:52:17.386477Z","2026-05-23T15:52:21.160687Z",1779551537.38648,1779551541.16069,0.000489,0.000609,0.00065,3.76083,3.760873,3.76018,4.30000000002373e-05,3.7536,0.0206102146148681
"2026-05-23T15:52:21.196Z","run_bootstrap",49,"http://client2:8000","run","http://client2:8000/run",1,TRUE,200,1108,254,3.4332001209259,"2026-05-23T15:52:17.387531Z","2026-05-23T15:52:20.820731Z",1779551537.38753,1779551540.82073,0.00054,0.000656,0.000691,3.420865,3.42091,3.420174,4.50000000000728e-05,3.4138,0.0194001209259032
"2026-05-23T15:52:21.196Z","run_bootstrap",49,"http://client3:8000","run","http://client3:8000/run",1,TRUE,200,1108,251,3.80465841293335,"2026-05-23T15:52:17.385972Z","2026-05-23T15:52:21.190631Z",1779551537.38597,1779551541.19063,0.000518,0.000604,0.000639,3.790745,3.790785,3.790106,4.0000000000262e-05,3.7836,0.0210584129333498
"2026-05-23T15:52:24.873Z","run_bootstrap",50,"http://client1:8000","run","http://client1:8000/run",1,TRUE,200,1108,254,3.65711164474487,"2026-05-23T15:52:21.211367Z","2026-05-23T15:52:24.868479Z",1779551541.21137,1779551544.86848,0.000622,0.00071,0.000742,3.643111,3.64327,3.642369,0.000158999999999576,3.6345,0.022611644744873
"2026-05-23T15:52:24.873Z","run_bootstrap",50,"http://client2:8000","run","http://client2:8000/run",1,TRUE,200,1108,254,3.61496877670288,"2026-05-23T15:52:21.211852Z","2026-05-23T15:52:24.826821Z",1779551541.21185,1779551544.82682,0.000522,0.00059,0.000611,3.60143,3.601581,3.600819,0.00015099999999979,3.5942,0.020768776702881
"2026-05-23T15:52:24.873Z","run_bootstrap",50,"http://client3:8000","run","http://client3:8000/run",1,TRUE,200,1108,251,3.52873992919922,"2026-05-23T15:52:21.211834Z","2026-05-23T15:52:24.740574Z",1779551541.21183,1779551544.74057,0.000642,0.000713,0.000744,3.515195,3.515339,3.514451,0.000144000000000144,3.5082,0.0205399291992188
"2026-05-23T15:52:28.545Z","run_bootstrap",51,"http://client1:8000","run","http://client1:8000/run",1,TRUE,200,1107,255,3.65649747848511,"2026-05-23T15:52:24.883867Z","2026-05-23T15:52:28.540364Z",1779551544.88387,1779551548.54036,0.000695,0.000802,0.000835,3.642652,3.642694,3.641817,4.20000000000975e-05,3.6336,0.0228974784851075
"2026-05-23T15:52:28.545Z","run_bootstrap",51,"http://client2:8000","run","http://client2:8000/run",1,TRUE,200,1107,255,3.51598525047302,"2026-05-23T15:52:24.885802Z","2026-05-23T15:52:28.401787Z",1779551544.8858,1779551548.40179,0.000543,0.000654,0.000689,3.497388,3.497437,3.496699,4.90000000001878e-05,3.4748,0.0411852504730224
"2026-05-23T15:52:28.545Z","run_bootstrap",51,"http://client3:8000","run","http://client3:8000/run",1,TRUE,200,1107,250,3.48036742210388,"2026-05-23T15:52:24.886291Z","2026-05-23T15:52:28.366658Z",1779551544.88629,1779551548.36666,0.000548,0.000657,0.000692,3.462795,3.462854,3.462103,5.90000000002533e-05,3.4433,0.037067422103882
"2026-05-23T15:52:32.358Z","run_bootstrap",52,"http://client1:8000","run","http://client1:8000/run",1,TRUE,200,1107,255,3.57696557044983,"2026-05-23T15:52:28.556893Z","2026-05-23T15:52:32.133858Z",1779551548.55689,1779551552.13386,0.000598,0.000716,0.000761,3.561377,3.561421,3.560616,4.40000000003771e-05,3.5532,0.0237655704498292
"2026-05-23T15:52:32.358Z","run_bootstrap",52,"http://client2:8000","run","http://client2:8000/run",1,TRUE,200,1107,255,3.58904218673706,"2026-05-23T15:52:28.556746Z","2026-05-23T15:52:32.145788Z",1779551548.55675,1779551552.14579,0.000638,0.000743,0.000783,3.575591,3.575636,3.574808,4.49999999996287e-05,3.5673,0.0217421867370606
"2026-05-23T15:52:32.358Z","run_bootstrap",52,"http://client3:8000","run","http://client3:8000/run",1,TRUE,200,1107,250,3.79346585273743,"2026-05-23T15:52:28.557964Z","2026-05-23T15:52:32.351430Z",1779551548.55796,1779551552.35143,0.000548,0.000655,0.000697,3.774294,3.774352,3.773597,5.80000000001135e-05,3.7663,0.0271658527374266
"2026-05-23T15:52:36.173Z","run_bootstrap",53,"http://client1:8000","run","http://client1:8000/run",1,TRUE,200,1109,255,3.54905581474304,"2026-05-23T15:52:32.375640Z","2026-05-23T15:52:35.924696Z",1779551552.37564,1779551555.9247,0.00063,0.000722,0.000756,3.529424,3.529475,3.528668,5.10000000000232e-05,3.5203,0.0287558147430418
"2026-05-23T15:52:36.173Z","run_bootstrap",53,"http://client2:8000","run","http://client2:8000/run",1,TRUE,200,1109,254,3.65445399284363,"2026-05-23T15:52:32.376186Z","2026-05-23T15:52:36.030640Z",1779551552.37619,1779551556.03064,0.00066,0.000774,0.000808,3.636819,3.636861,3.636011,4.20000000000975e-05,3.6296,0.024853992843628
"2026-05-23T15:52:36.173Z","run_bootstrap",53,"http://client3:8000","run","http://client3:8000/run",1,TRUE,200,1109,250,3.78888320922852,"2026-05-23T15:52:32.377031Z","2026-05-23T15:52:36.165914Z",1779551552.37703,1779551556.16591,0.000571,0.000691,0.000729,3.77075,3.7708,3.770021,4.99999999998835e-05,3.7587,0.0301832092285155
"2026-05-23T15:52:39.840Z","run_bootstrap",54,"http://client1:8000","run","http://client1:8000/run",1,TRUE,200,1109,255,3.61316800117493,"2026-05-23T15:52:36.185237Z","2026-05-23T15:52:39.798405Z",1779551556.18524,1779551559.79841,0.000403,0.000471,0.000492,3.580558,3.580592,3.580066,3.40000000003116e-05,3.5725,0.040668001174927
"2026-05-23T15:52:39.840Z","run_bootstrap",54,"http://client2:8000","run","http://client2:8000/run",1,TRUE,200,1109,254,3.64916968345642,"2026-05-23T15:52:36.185329Z","2026-05-23T15:52:39.834499Z",1779551556.18533,1779551559.8345,0.000695,0.000802,0.000838,3.617568,3.617602,3.61673,3.40000000003116e-05,3.6082,0.0409696834564208
"2026-05-23T15:52:39.840Z","run_bootstrap",54,"http://client3:8000","run","http://client3:8000/run",1,TRUE,200,1109,250,3.53629183769226,"2026-05-23T15:52:36.185801Z","2026-05-23T15:52:39.722092Z",1779551556.1858,1779551559.72209,0.000546,0.000601,0.000621,3.50374,3.503775,3.503119,3.50000000000072e-05,3.4955,0.0407918376922609
"2026-05-23T15:52:43.615Z","run_bootstrap",55,"http://client1:8000","run","http://client1:8000/run",1,TRUE,200,1108,255,3.74994421005249,"2026-05-23T15:52:39.860840Z","2026-05-23T15:52:43.610785Z",1779551559.86084,1779551563.61079,0.000454,0.000532,0.000563,3.734258,3.734348,3.733695,8.99999999997014e-05,3.7232,0.0267442100524904
"2026-05-23T15:52:43.615Z","run_bootstrap",55,"http://client2:8000","run","http://client2:8000/run",1,TRUE,200,1108,252,3.48560643196106,"2026-05-23T15:52:39.861661Z","2026-05-23T15:52:43.347267Z",1779551559.86166,1779551563.34727,0.000416,0.000487,0.000507,3.470031,3.470176,3.469524,0.00014499999999984,3.4626,0.0230064319610594
"2026-05-23T15:52:43.615Z","run_bootstrap",55,"http://client3:8000","run","http://client3:8000/run",1,TRUE,200,1108,251,3.74652600288391,"2026-05-23T15:52:39.862000Z","2026-05-23T15:52:43.608526Z",1779551559.862,1779551563.60853,0.000409,5e-04,0.000534,3.731835,3.73196,3.731301,0.000125000000000153,3.7249,0.0216260028839113
"2026-05-23T15:52:47.257Z","run_bootstrap",56,"http://client1:8000","run","http://client1:8000/run",1,TRUE,200,1108,255,3.44602489471436,"2026-05-23T15:52:43.634647Z","2026-05-23T15:52:47.080672Z",1779551563.63465,1779551567.08067,0.000715,0.000798,0.000829,3.431469,3.431635,3.43064,0.000166000000000111,3.4239,0.0221248947143553
"2026-05-23T15:52:47.257Z","run_bootstrap",56,"http://client2:8000","run","http://client2:8000/run",1,TRUE,200,1108,252,3.57148480415344,"2026-05-23T15:52:43.634929Z","2026-05-23T15:52:47.206414Z",1779551563.63493,1779551567.20641,0.000638,0.000717,0.000739,3.557377,3.55752,3.556638,0.000143000000000004,3.5505,0.0209848041534424
"2026-05-23T15:52:47.257Z","run_bootstrap",56,"http://client3:8000","run","http://client3:8000/run",1,TRUE,200,1108,251,3.61753726005554,"2026-05-23T15:52:43.635566Z","2026-05-23T15:52:47.253104Z",1779551563.63557,1779551567.2531,0.000599,0.000679,7e-04,3.604772,3.604908,3.604072,0.000135999999999914,3.5983,0.0192372600555419
"2026-05-23T15:52:51.113Z","run_bootstrap",57,"http://client1:8000","run","http://client1:8000/run",1,TRUE,200,1106,255,3.83692407608032,"2026-05-23T15:52:47.269284Z","2026-05-23T15:52:51.106208Z",1779551567.26928,1779551571.10621,0.000644,0.000713,0.000749,3.8202,3.82035,3.819451,0.000150000000000095,3.8127,0.0242240760803223
"2026-05-23T15:52:51.113Z","run_bootstrap",57,"http://client2:8000","run","http://client2:8000/run",1,TRUE,200,1106,252,3.63716101646423,"2026-05-23T15:52:47.269832Z","2026-05-23T15:52:50.906993Z",1779551567.26983,1779551570.90699,0.000461,0.000533,0.000563,3.618574,3.618855,3.618011,0.000280999999999754,3.6111,0.0260610164642334
"2026-05-23T15:52:51.113Z","run_bootstrap",57,"http://client3:8000","run","http://client3:8000/run",1,TRUE,200,1106,251,3.72670078277588,"2026-05-23T15:52:47.270326Z","2026-05-23T15:52:50.997026Z",1779551567.27033,1779551570.99703,0.000627,0.000713,0.000749,3.711026,3.711169,3.710277,0.000143000000000004,3.7036,0.0231007827758791
"2026-05-23T15:52:55.016Z","run_bootstrap",58,"http://client1:8000","run","http://client1:8000/run",1,TRUE,200,1106,255,3.88297772407532,"2026-05-23T15:52:51.125859Z","2026-05-23T15:52:55.008837Z",1779551571.12586,1779551575.00884,0.000537,0.000654,0.000689,3.868609,3.868746,3.86792,0.00013699999999961,3.8607,0.0222777240753174
"2026-05-23T15:52:55.016Z","run_bootstrap",58,"http://client2:8000","run","http://client2:8000/run",1,TRUE,200,1106,252,3.57760214805603,"2026-05-23T15:52:51.126440Z","2026-05-23T15:52:54.704042Z",1779551571.12644,1779551574.70404,0.000542,0.000659,0.000693,3.558346,3.558432,3.557653,8.60000000000305e-05,3.5511,0.0265021480560304
"2026-05-23T15:52:55.016Z","run_bootstrap",58,"http://client3:8000","run","http://client3:8000/run",1,TRUE,200,1106,251,3.80641412734985,"2026-05-23T15:52:51.125676Z","2026-05-23T15:52:54.932090Z",1779551571.12568,1779551574.93209,0.00068,0.000802,0.000837,3.793102,3.793238,3.792265,0.000135999999999914,3.7855,0.0209141273498537
"2026-05-23T15:52:58.816Z","run_bootstrap",59,"http://client1:8000","run","http://client1:8000/run",1,TRUE,200,1107,254,3.64368438720703,"2026-05-23T15:52:55.027949Z","2026-05-23T15:52:58.671633Z",1779551575.02795,1779551578.67163,0.000773,0.000922,0.000957,3.62788,3.628171,3.626923,0.000290999999999819,3.6184,0.0252843872070314
"2026-05-23T15:52:58.816Z","run_bootstrap",59,"http://client2:8000","run","http://client2:8000/run",1,TRUE,200,1107,254,3.78330373764038,"2026-05-23T15:52:55.028703Z","2026-05-23T15:52:58.812007Z",1779551575.0287,1779551578.81201,0.000456,0.000537,0.000566,3.767375,3.767552,3.766809,0.000176999999999872,3.7589,0.0244037376403807
"2026-05-23T15:52:58.816Z","run_bootstrap",59,"http://client3:8000","run","http://client3:8000/run",1,TRUE,200,1107,250,3.70666122436523,"2026-05-23T15:52:55.029235Z","2026-05-23T15:52:58.735897Z",1779551575.02924,1779551578.7359,0.000585,0.000659,0.000688,3.691937,3.692075,3.691249,0.000138000000000194,3.6839,0.0227612243652344
"2026-05-23T15:53:02.951Z","run_bootstrap",60,"http://client1:8000","run","http://client1:8000/run",1,TRUE,200,1107,254,3.86804175376892,"2026-05-23T15:52:58.838215Z","2026-05-23T15:53:02.706257Z",1779551578.83822,1779551582.70626,0.000593,0.000685,0.000718,3.849541,3.849681,3.848823,0.000140000000000029,3.6939,0.174141753768921
"2026-05-23T15:53:02.951Z","run_bootstrap",60,"http://client2:8000","run","http://client2:8000/run",1,TRUE,200,1107,254,4.10926532745361,"2026-05-23T15:52:58.838240Z","2026-05-23T15:53:02.947506Z",1779551578.83824,1779551582.94751,0.000501,0.000564,0.000594,4.088461,4.088595,4.087867,0.000134000000000079,3.9279,0.181365327453613
"2026-05-23T15:53:02.951Z","run_bootstrap",60,"http://client3:8000","run","http://client3:8000/run",1,TRUE,200,1107,250,3.86286950111389,"2026-05-23T15:52:58.835206Z","2026-05-23T15:53:02.698075Z",1779551578.83521,1779551582.69808,0.000763,0.000873,0.00091,3.849054,3.849197,3.848144,0.000143000000000004,3.6934,0.169469501113892
"2026-05-23T15:53:06.675Z","run_bootstrap",61,"http://client1:8000","run","http://client1:8000/run",1,TRUE,200,1109,253,3.7009642124176,"2026-05-23T15:53:02.968206Z","2026-05-23T15:53:06.669170Z",1779551582.96821,1779551586.66917,0.000726,0.000816,0.000849,3.67876,3.67891,3.677911,0.000150000000000095,3.6721,0.0288642124176026
"2026-05-23T15:53:06.675Z","run_bootstrap",61,"http://client2:8000","run","http://client2:8000/run",1,TRUE,200,1109,253,3.52566814422607,"2026-05-23T15:53:02.968936Z","2026-05-23T15:53:06.494604Z",1779551582.96894,1779551586.4946,0.000736,0.000862,0.000898,3.509857,3.51,3.508959,0.000143000000000004,3.5032,0.0224681442260741
"2026-05-23T15:53:06.675Z","run_bootstrap",61,"http://client3:8000","run","http://client3:8000/run",1,TRUE,200,1109,249,3.42910528182983,"2026-05-23T15:53:02.969437Z","2026-05-23T15:53:06.398542Z",1779551582.96944,1779551586.39854,0.000624,0.000719,0.000752,3.408112,3.408291,3.40736,0.000179000000000151,3.4017,0.027405281829834
"2026-05-23T15:53:10.390Z","run_bootstrap",62,"http://client1:8000","run","http://client1:8000/run",1,TRUE,200,1109,253,3.54742050170898,"2026-05-23T15:53:06.687522Z","2026-05-23T15:53:10.234943Z",1779551586.68752,1779551590.23494,0.000755,0.000833,0.000854,3.528403,3.52853,3.527549,0.000126999999999988,3.5209,0.0265205017089842
"2026-05-23T15:53:10.390Z","run_bootstrap",62,"http://client2:8000","run","http://client2:8000/run",1,TRUE,200,1109,253,3.52358722686768,"2026-05-23T15:53:06.688089Z","2026-05-23T15:53:10.211676Z",1779551586.68809,1779551590.21168,0.000664,0.00072,0.000738,3.502362,3.502524,3.501624,0.000161999999999995,3.4955,0.028087226867676
"2026-05-23T15:53:10.390Z","run_bootstrap",62,"http://client3:8000","run","http://client3:8000/run",1,TRUE,200,1109,249,3.69687676429749,"2026-05-23T15:53:06.688661Z","2026-05-23T15:53:10.385538Z",1779551586.68866,1779551590.38554,0.000475,0.000551,0.000581,3.676379,3.676512,3.675798,0.000132999999999939,3.6695,0.0273767642974851
"2026-05-23T15:53:14.114Z","run_bootstrap",63,"http://client1:8000","run","http://client1:8000/run",1,TRUE,200,1109,254,3.44322657585144,"2026-05-23T15:53:10.401066Z","2026-05-23T15:53:13.844293Z",1779551590.40107,1779551593.84429,0.000727,0.00081,0.000858,3.428968,3.429114,3.42811,0.000146000000000424,3.4097,0.0335265758514405
"2026-05-23T15:53:14.114Z","run_bootstrap",63,"http://client2:8000","run","http://client2:8000/run",1,TRUE,200,1109,254,3.70676112174988,"2026-05-23T15:53:10.402836Z","2026-05-23T15:53:14.109597Z",1779551590.40284,1779551594.1096,0.000613,0.000725,0.000771,3.690651,3.690789,3.68988,0.000138000000000194,3.6837,0.023061121749878
"2026-05-23T15:53:14.114Z","run_bootstrap",63,"http://client3:8000","run","http://client3:8000/run",1,TRUE,200,1109,250,3.49386501312256,"2026-05-23T15:53:10.401993Z","2026-05-23T15:53:13.895858Z",1779551590.40199,1779551593.89586,0.000673,0.000777,0.000825,3.480548,3.480697,3.479723,0.000148999999999955,3.4737,0.0201650131225586
"2026-05-23T15:53:17.691Z","run_bootstrap",64,"http://client1:8000","run","http://client1:8000/run",1,TRUE,200,1109,254,3.41811561584473,"2026-05-23T15:53:14.126966Z","2026-05-23T15:53:17.545082Z",1779551594.12697,1779551597.54508,0.000839,0.000946,0.000979,3.402344,3.402446,3.401365,0.000102000000000046,3.3948,0.0233156158447265
"2026-05-23T15:53:17.691Z","run_bootstrap",64,"http://client2:8000","run","http://client2:8000/run",1,TRUE,200,1109,254,3.41117238998413,"2026-05-23T15:53:14.127535Z","2026-05-23T15:53:17.538707Z",1779551594.12754,1779551597.53871,0.000572,0.000683,0.00072,3.389869,3.390018,3.389149,0.000148999999999955,3.3827,0.028472389984131
"2026-05-23T15:53:17.691Z","run_bootstrap",64,"http://client3:8000","run","http://client3:8000/run",1,TRUE,200,1109,250,3.55738115310669,"2026-05-23T15:53:14.128066Z","2026-05-23T15:53:17.685447Z",1779551594.12807,1779551597.68545,0.000667,0.000765,0.000802,3.536679,3.536821,3.535877,0.000142000000000309,3.5294,0.0279811531066896
"2026-05-23T15:53:21.272Z","run_bootstrap",65,"http://client1:8000","run","http://client1:8000/run",1,TRUE,200,1107,253,3.41877746582031,"2026-05-23T15:53:17.701817Z","2026-05-23T15:53:21.120594Z",1779551597.70182,1779551601.12059,0.000753,0.000859,0.000896,3.399633,3.399773,3.398737,0.000140000000000029,3.3905,0.0282774658203127
"2026-05-23T15:53:21.272Z","run_bootstrap",65,"http://client2:8000","run","http://client2:8000/run",1,TRUE,200,1107,252,3.56381058692932,"2026-05-23T15:53:17.703486Z","2026-05-23T15:53:21.267297Z",1779551597.70349,1779551601.2673,0.000582,0.000666,0.000698,3.539224,3.53941,3.538526,0.000186000000000242,3.5323,0.0315105869293211
"2026-05-23T15:53:21.272Z","run_bootstrap",65,"http://client3:8000","run","http://client3:8000/run",1,TRUE,200,1107,251,3.49394655227661,"2026-05-23T15:53:17.702763Z","2026-05-23T15:53:21.196710Z",1779551597.70276,1779551601.19671,0.000599,0.000711,0.000748,3.474633,3.474768,3.473885,0.000135000000000218,3.4678,0.0261465522766113
"2026-05-23T15:53:25.001Z","run_bootstrap",66,"http://client1:8000","run","http://client1:8000/run",1,TRUE,200,1107,253,3.43090152740479,"2026-05-23T15:53:21.288347Z","2026-05-23T15:53:24.719249Z",1779551601.28835,1779551604.71925,0.000614,0.000692,0.000725,3.415315,3.415524,3.41459,0.000208999999999904,3.4064,0.0245015274047851
"2026-05-23T15:53:25.001Z","run_bootstrap",66,"http://client2:8000","run","http://client2:8000/run",1,TRUE,200,1107,252,3.70802068710327,"2026-05-23T15:53:21.289120Z","2026-05-23T15:53:24.997140Z",1779551601.28912,1779551604.99714,0.000591,0.000652,0.000674,3.694126,3.69426,3.693452,0.000134000000000079,3.6869,0.0211206871032714
"2026-05-23T15:53:25.001Z","run_bootstrap",66,"http://client3:8000","run","http://client3:8000/run",1,TRUE,200,1107,251,3.43624901771545,"2026-05-23T15:53:21.289580Z","2026-05-23T15:53:24.725829Z",1779551601.28958,1779551604.72583,0.000569,0.000647,0.000672,3.421929,3.42223,3.421257,0.000300999999999885,3.4135,0.0227490177154541
"2026-05-23T15:53:28.632Z","run_bootstrap",67,"http://client1:8000","run","http://client1:8000/run",1,TRUE,200,1108,254,3.61299967765808,"2026-05-23T15:53:25.014162Z","2026-05-23T15:53:28.627162Z",1779551605.01416,1779551608.62716,0.000564,0.000642,0.000672,3.597507,3.597615,3.596835,0.000107999999999997,3.5893,0.0236996776580809
"2026-05-23T15:53:28.632Z","run_bootstrap",67,"http://client2:8000","run","http://client2:8000/run",1,TRUE,200,1108,254,3.48427724838257,"2026-05-23T15:53:25.014840Z","2026-05-23T15:53:28.499117Z",1779551605.01484,1779551608.49912,0.000583,0.000695,0.000731,3.466626,3.466739,3.465895,0.000112999999999808,3.4596,0.0246772483825684
"2026-05-23T15:53:28.632Z","run_bootstrap",67,"http://client3:8000","run","http://client3:8000/run",1,TRUE,200,1108,250,3.49507570266724,"2026-05-23T15:53:25.014019Z","2026-05-23T15:53:28.509094Z",1779551605.01402,1779551608.50909,0.000838,0.000944,0.000979,3.482243,3.482286,3.481264,4.30000000002373e-05,3.4752,0.0198757026672363
"2026-05-23T15:53:32.383Z","run_bootstrap",68,"http://client1:8000","run","http://client1:8000/run",1,TRUE,200,1108,254,3.47613978385925,"2026-05-23T15:53:28.644916Z","2026-05-23T15:53:32.121056Z",1779551608.64492,1779551612.12106,0.000534,0.000609,0.000638,3.455313,3.455431,3.454675,0.000118000000000062,3.4482,0.027939783859253
"2026-05-23T15:53:32.383Z","run_bootstrap",68,"http://client2:8000","run","http://client2:8000/run",1,TRUE,200,1108,254,3.73019814491272,"2026-05-23T15:53:28.645575Z","2026-05-23T15:53:32.375773Z",1779551608.64558,1779551612.37577,0.000458,0.000539,0.000573,3.714928,3.715132,3.714355,0.000204000000000093,3.7069,0.0232981449127196
"2026-05-23T15:53:32.383Z","run_bootstrap",68,"http://client3:8000","run","http://client3:8000/run",1,TRUE,200,1108,250,3.51020693778992,"2026-05-23T15:53:28.646223Z","2026-05-23T15:53:32.156430Z",1779551608.64622,1779551612.15643,0.000524,0.000591,0.00061,3.496052,3.49614,3.495442,8.7999999999866e-05,3.4861,0.024106937789917
"2026-05-23T15:53:36.117Z","run_bootstrap",69,"http://client1:8000","run","http://client1:8000/run",1,TRUE,200,1108,254,3.55556392669678,"2026-05-23T15:53:32.398862Z","2026-05-23T15:53:35.954426Z",1779551612.39886,1779551615.95443,0.000614,0.000722,0.000755,3.541645,3.541791,3.54089,0.000145999999999979,3.5335,0.0220639266967773
"2026-05-23T15:53:36.117Z","run_bootstrap",69,"http://client2:8000","run","http://client2:8000/run",1,TRUE,200,1108,254,3.70977711677551,"2026-05-23T15:53:32.400728Z","2026-05-23T15:53:36.110505Z",1779551612.40073,1779551616.11051,0.000677,0.000772,0.000804,3.688038,3.688181,3.687234,0.000143000000000004,3.6809,0.0288771167755129
"2026-05-23T15:53:36.117Z","run_bootstrap",69,"http://client3:8000","run","http://client3:8000/run",1,TRUE,200,1108,250,3.55463171005249,"2026-05-23T15:53:32.401198Z","2026-05-23T15:53:35.955829Z",1779551612.4012,1779551615.95583,0.000587,0.000692,0.000733,3.533495,3.533635,3.532762,0.000140000000000029,3.5256,0.0290317100524904
"2026-05-23T15:53:39.854Z","run_bootstrap",70,"http://client1:8000","run","http://client1:8000/run",1,TRUE,200,1108,254,3.72013235092163,"2026-05-23T15:53:36.130001Z","2026-05-23T15:53:39.850133Z",1779551616.13,1779551619.85013,0.000687,0.000822,0.000862,3.706332,3.706452,3.70547,0.000119999999999898,3.6987,0.0214323509216308
"2026-05-23T15:53:39.854Z","run_bootstrap",70,"http://client2:8000","run","http://client2:8000/run",1,TRUE,200,1108,254,3.59484529495239,"2026-05-23T15:53:36.131780Z","2026-05-23T15:53:39.726625Z",1779551616.13178,1779551619.72663,0.000536,0.000632,0.000664,3.575738,3.575916,3.575074,0.000178000000000011,3.5689,0.0259452949523924
"2026-05-23T15:53:39.854Z","run_bootstrap",70,"http://client3:8000","run","http://client3:8000/run",1,TRUE,200,1108,250,3.70182418823242,"2026-05-23T15:53:36.132227Z","2026-05-23T15:53:39.834051Z",1779551616.13223,1779551619.83405,0.000436,0.000507,0.000538,3.682225,3.682373,3.681687,0.000148000000000259,3.6754,0.0264241882324221
"2026-05-23T15:53:43.702Z","run_bootstrap",71,"http://client1:8000","run","http://client1:8000/run",1,TRUE,200,1109,255,3.62969779968262,"2026-05-23T15:53:39.871954Z","2026-05-23T15:53:43.501652Z",1779551619.87195,1779551623.50165,0.000588,0.000695,0.000737,3.613886,3.614022,3.613149,0.000135999999999914,3.6068,0.0228977996826174
"2026-05-23T15:53:43.702Z","run_bootstrap",71,"http://client2:8000","run","http://client2:8000/run",1,TRUE,200,1109,253,3.82590675354004,"2026-05-23T15:53:39.872009Z","2026-05-23T15:53:43.697915Z",1779551619.87201,1779551623.69792,0.000442,0.000535,0.000595,3.810745,3.810878,3.81015,0.000133000000000383,3.7928,0.0331067535400389
"2026-05-23T15:53:43.702Z","run_bootstrap",71,"http://client3:8000","run","http://client3:8000/run",1,TRUE,200,1109,250,3.57621765136719,"2026-05-23T15:53:39.872064Z","2026-05-23T15:53:43.448281Z",1779551619.87206,1779551623.44828,0.000691,0.000785,0.000841,3.560616,3.560718,3.559775,0.000102000000000046,3.5412,0.0350176513671876
"2026-05-23T15:53:47.556Z","run_bootstrap",72,"http://client1:8000","run","http://client1:8000/run",1,TRUE,200,1109,255,3.56222248077393,"2026-05-23T15:53:43.719568Z","2026-05-23T15:53:47.281791Z",1779551623.71957,1779551627.28179,0.000597,0.000676,7e-04,3.54142,3.541557,3.54072,0.000137000000000054,3.5333,0.0289224807739257
"2026-05-23T15:53:47.556Z","run_bootstrap",72,"http://client2:8000","run","http://client2:8000/run",1,TRUE,200,1109,253,3.69635963439941,"2026-05-23T15:53:43.720288Z","2026-05-23T15:53:47.416647Z",1779551623.72029,1779551627.41665,0.000619,0.000699,0.000735,3.675722,3.675869,3.674987,0.000147000000000119,3.6684,0.027959634399414
"2026-05-23T15:53:47.556Z","run_bootstrap",72,"http://client3:8000","run","http://client3:8000/run",1,TRUE,200,1109,250,3.83061289787292,"2026-05-23T15:53:43.720902Z","2026-05-23T15:53:47.551515Z",1779551623.7209,1779551627.55152,0.000588,0.000667,0.000691,3.81117,3.811305,3.810479,0.000134999999999774,3.8043,0.0263128978729248
"2026-05-23T15:53:51.442Z","run_bootstrap",73,"http://client1:8000","run","http://client1:8000/run",1,TRUE,200,1109,254,3.66299080848694,"2026-05-23T15:53:47.567720Z","2026-05-23T15:53:51.230711Z",1779551627.56772,1779551631.23071,0.000573,0.000629,0.00065,3.644248,3.644365,3.643598,0.000116999999999923,3.6369,0.0260908084869387
"2026-05-23T15:53:51.442Z","run_bootstrap",73,"http://client2:8000","run","http://client2:8000/run",1,TRUE,200,1109,253,3.69943857192993,"2026-05-23T15:53:47.568518Z","2026-05-23T15:53:51.267957Z",1779551627.56852,1779551631.26796,0.000509,0.000584,0.000609,3.682452,3.682591,3.681843,0.000138999999999889,3.6753,0.0241385719299316
"2026-05-23T15:53:51.442Z","run_bootstrap",73,"http://client3:8000","run","http://client3:8000/run",1,TRUE,200,1109,251,3.86611437797546,"2026-05-23T15:53:47.569120Z","2026-05-23T15:53:51.435235Z",1779551627.56912,1779551631.43524,0.000668,0.000741,0.000771,3.846095,3.846234,3.845324,0.000138999999999889,3.8391,0.0270143779754637
"2026-05-23T15:53:55.382Z","run_bootstrap",74,"http://client1:8000","run","http://client1:8000/run",1,TRUE,200,1109,254,3.63213443756104,"2026-05-23T15:53:51.455307Z","2026-05-23T15:53:55.087441Z",1779551631.45531,1779551635.08744,0.000654,0.000762,0.000806,3.617886,3.618031,3.61708,0.000145000000000284,3.6102,0.0219344375610353
"2026-05-23T15:53:55.382Z","run_bootstrap",74,"http://client2:8000","run","http://client2:8000/run",1,TRUE,200,1109,253,3.88248038291931,"2026-05-23T15:53:51.456904Z","2026-05-23T15:53:55.339384Z",1779551631.4569,1779551635.33938,0.000579,0.000672,0.000723,3.869103,3.869228,3.86838,0.000125000000000153,3.8622,0.0202803829193114
"2026-05-23T15:53:55.382Z","run_bootstrap",74,"http://client3:8000","run","http://client3:8000/run",1,TRUE,200,1109,251,3.92147994041443,"2026-05-23T15:53:51.457027Z","2026-05-23T15:53:55.378507Z",1779551631.45703,1779551635.37851,0.000572,0.00069,0.000736,3.908212,3.908352,3.907476,0.000140000000000029,3.9011,0.0203799404144287
"2026-05-23T15:53:59.296Z","run_bootstrap",75,"http://client1:8000","run","http://client1:8000/run",1,TRUE,200,1109,255,3.63636159896851,"2026-05-23T15:53:55.394464Z","2026-05-23T15:53:59.030826Z",1779551635.39446,1779551639.03083,0.000676,0.000766,0.000811,3.617791,3.61794,3.61698,0.000148999999999955,3.6093,0.0270615989685057
"2026-05-23T15:53:59.296Z","run_bootstrap",75,"http://client2:8000","run","http://client2:8000/run",1,TRUE,200,1109,253,3.89714002609253,"2026-05-23T15:53:55.394946Z","2026-05-23T15:53:59.292086Z",1779551635.39495,1779551639.29209,0.000483,0.000536,0.000563,3.879728,3.879872,3.879165,0.000144000000000144,3.8726,0.0245400260925295
"2026-05-23T15:53:59.296Z","run_bootstrap",75,"http://client3:8000","run","http://client3:8000/run",1,TRUE,200,1109,250,3.63549590110779,"2026-05-23T15:53:55.395651Z","2026-05-23T15:53:59.031147Z",1779551635.39565,1779551639.03115,0.00037,0.00045,0.000487,3.618218,3.61831,3.617731,9.1999999999981e-05,3.6104,0.0250959011077883
"2026-05-23T15:54:03.103Z","run_bootstrap",76,"http://client1:8000","run","http://client1:8000/run",1,TRUE,200,1109,255,3.70585298538208,"2026-05-23T15:53:59.307876Z","2026-05-23T15:54:03.013729Z",1779551639.30788,1779551643.01373,0.000627,0.000732,0.000768,3.684396,3.684529,3.683628,0.000132999999999939,3.6762,0.0296529853820799
"2026-05-23T15:54:03.103Z","run_bootstrap",76,"http://client2:8000","run","http://client2:8000/run",1,TRUE,200,1109,253,3.78840160369873,"2026-05-23T15:53:59.309666Z","2026-05-23T15:54:03.098067Z",1779551639.30967,1779551643.09807,0.000707,0.000823,0.000861,3.768766,3.768905,3.767905,0.000139000000000333,3.7553,0.0331016036987304
"2026-05-23T15:54:03.103Z","run_bootstrap",76,"http://client3:8000","run","http://client3:8000/run",1,TRUE,200,1109,250,3.69405293464661,"2026-05-23T15:53:59.310010Z","2026-05-23T15:54:03.004063Z",1779551639.31001,1779551643.00406,0.000646,0.000747,0.000782,3.673409,3.673535,3.672627,0.000126000000000293,3.6616,0.0324529346466065
"2026-05-23T15:54:06.977Z","run_bootstrap",77,"http://client1:8000","run","http://client1:8000/run",1,TRUE,200,1108,254,3.62839984893799,"2026-05-23T15:54:03.170229Z","2026-05-23T15:54:06.798629Z",1779551643.17023,1779551646.79863,0.00052,0.000615,0.000656,3.614186,3.614297,3.61353,0.000110999999999972,3.5985,0.0298998489379882
"2026-05-23T15:54:06.977Z","run_bootstrap",77,"http://client2:8000","run","http://client2:8000/run",1,TRUE,200,1108,256,3.80000233650208,"2026-05-23T15:54:03.172124Z","2026-05-23T15:54:06.972126Z",1779551643.17212,1779551646.97213,0.000515,0.000595,0.000634,3.783977,3.784126,3.783343,0.000148999999999955,3.7759,0.0241023365020752
"2026-05-23T15:54:06.977Z","run_bootstrap",77,"http://client3:8000","run","http://client3:8000/run",1,TRUE,200,1108,252,3.59563207626343,"2026-05-23T15:54:03.171202Z","2026-05-23T15:54:06.766834Z",1779551643.1712,1779551646.76683,0.000654,0.000766,0.000814,3.582319,3.582491,3.581505,0.000172000000000061,3.5729,0.0227320762634275
"2026-05-23T15:54:10.895Z","run_bootstrap",78,"http://client1:8000","run","http://client1:8000/run",1,TRUE,200,1108,254,3.60203003883362,"2026-05-23T15:54:06.990099Z","2026-05-23T15:54:10.592129Z",1779551646.9901,1779551650.59213,0.000513,0.000568,0.000583,3.583971,3.584163,3.583388,0.000192000000000192,3.5753,0.0267300388336182
"2026-05-23T15:54:10.895Z","run_bootstrap",78,"http://client2:8000","run","http://client2:8000/run",1,TRUE,200,1108,256,3.89790153503418,"2026-05-23T15:54:06.990814Z","2026-05-23T15:54:10.888716Z",1779551646.99081,1779551650.88872,0.000491,0.000554,0.000572,3.880871,3.881021,3.880299,0.000150000000000095,3.8734,0.0245015350341795
"2026-05-23T15:54:10.895Z","run_bootstrap",78,"http://client3:8000","run","http://client3:8000/run",1,TRUE,200,1108,252,3.74506545066833,"2026-05-23T15:54:06.990053Z","2026-05-23T15:54:10.735119Z",1779551646.99005,1779551650.73512,0.000652,0.000759,0.000822,3.73111,3.731252,3.730288,0.000141999999999864,3.7229,0.0221654506683349
"2026-05-23T15:54:14.616Z","run_bootstrap",79,"http://client1:8000","run","http://client1:8000/run",1,TRUE,200,1110,258,3.69891142845154,"2026-05-23T15:54:10.906392Z","2026-05-23T15:54:14.605303Z",1779551650.90639,1779551654.6053,0.000571,0.000648,0.00067,3.684893,3.685049,3.684223,0.000155999999999601,3.6773,0.0216114284515383
"2026-05-23T15:54:14.616Z","run_bootstrap",79,"http://client2:8000","run","http://client2:8000/run",1,TRUE,200,1110,253,3.70278239250183,"2026-05-23T15:54:10.908401Z","2026-05-23T15:54:14.611183Z",1779551650.9084,1779551654.61118,0.000433,0.000503,0.000523,3.684117,3.684284,3.683594,0.000166999999999806,3.6763,0.0264823925018312
"2026-05-23T15:54:14.616Z","run_bootstrap",79,"http://client3:8000","run","http://client3:8000/run",1,TRUE,200,1110,254,3.60966348648071,"2026-05-23T15:54:10.908823Z","2026-05-23T15:54:14.518486Z",1779551650.90882,1779551654.51849,0.000461,0.000536,0.000567,3.589305,3.589441,3.588738,0.000135999999999914,3.5811,0.0285634864807127
"2026-05-23T15:54:18.630Z","run_bootstrap",80,"http://client1:8000","run","http://client1:8000/run",1,TRUE,200,1110,258,3.99662399291992,"2026-05-23T15:54:14.628745Z","2026-05-23T15:54:18.625369Z",1779551654.62875,1779551658.62537,0.000614,0.000676,0.000695,3.980219,3.980361,3.979524,0.000141999999999864,3.8223,0.174323992919922
"2026-05-23T15:54:18.630Z","run_bootstrap",80,"http://client2:8000","run","http://client2:8000/run",1,TRUE,200,1110,253,3.81089949607849,"2026-05-23T15:54:14.629083Z","2026-05-23T15:54:18.439983Z",1779551654.62908,1779551658.43998,0.000479,0.000555,0.000586,3.794187,3.794313,3.793601,0.000125999999999848,3.6302,0.180699496078491
"2026-05-23T15:54:18.630Z","run_bootstrap",80,"http://client3:8000","run","http://client3:8000/run",1,TRUE,200,1110,254,3.77038669586182,"2026-05-23T15:54:14.628678Z","2026-05-23T15:54:18.399065Z",1779551654.62868,1779551658.39907,0.000602,0.000719,0.000742,3.756832,3.756971,3.75609,0.000138999999999889,3.5944,0.175986695861817
"2026-05-23T15:54:22.202Z","run_bootstrap",81,"http://client1:8000","run","http://client1:8000/run",1,TRUE,200,1109,255,3.5545802116394,"2026-05-23T15:54:18.641430Z","2026-05-23T15:54:22.196010Z",1779551658.64143,1779551662.19601,0.000499,0.000583,0.000606,3.535621,3.535679,3.535015,5.80000000001135e-05,3.5289,0.0256802116394041
"2026-05-23T15:54:22.202Z","run_bootstrap",81,"http://client2:8000","run","http://client2:8000/run",1,TRUE,200,1109,254,3.52421808242798,"2026-05-23T15:54:18.642364Z","2026-05-23T15:54:22.166582Z",1779551658.64236,1779551662.16658,0.000558,0.000653,0.000682,3.506086,3.506233,3.505404,0.000147000000000119,3.4997,0.0245180824279787
"2026-05-23T15:54:22.202Z","run_bootstrap",81,"http://client3:8000","run","http://client3:8000/run",1,TRUE,200,1109,251,3.45935392379761,"2026-05-23T15:54:18.643183Z","2026-05-23T15:54:22.102537Z",1779551658.64318,1779551662.10254,0.000502,0.000634,0.00067,3.437914,3.438084,3.437244,0.000169999999999781,3.431,0.0283539237976074
"2026-05-23T15:54:26.188Z","run_bootstrap",82,"http://client1:8000","run","http://client1:8000/run",1,TRUE,200,1109,255,3.96947526931763,"2026-05-23T15:54:22.214871Z","2026-05-23T15:54:26.184347Z",1779551662.21487,1779551666.18435,0.00067,0.000772,0.000808,3.946563,3.946697,3.945755,0.000134000000000079,3.9383,0.031175269317627
"2026-05-23T15:54:26.188Z","run_bootstrap",82,"http://client2:8000","run","http://client2:8000/run",1,TRUE,200,1109,254,3.8214967250824,"2026-05-23T15:54:22.215296Z","2026-05-23T15:54:26.036793Z",1779551662.2153,1779551666.03679,0.00053,0.000602,0.000632,3.798185,3.798304,3.797553,0.000118999999999758,3.7885,0.0329967250823975
"2026-05-23T15:54:26.188Z","run_bootstrap",82,"http://client3:8000","run","http://client3:8000/run",1,TRUE,200,1109,252,3.77298426628113,"2026-05-23T15:54:22.215592Z","2026-05-23T15:54:25.988576Z",1779551662.21559,1779551665.98858,0.000477,0.000553,0.000575,3.750353,3.750484,3.749778,0.000131000000000103,3.7428,0.030184266281128
"2026-05-23T15:54:30.021Z","run_bootstrap",83,"http://client1:8000","run","http://client1:8000/run",1,TRUE,200,1109,254,3.77624821662903,"2026-05-23T15:54:26.202777Z","2026-05-23T15:54:29.979025Z",1779551666.20278,1779551669.97903,0.000716,0.000787,0.000813,3.754633,3.75477,3.75382,0.000137000000000054,3.7477,0.0285482166290283
"2026-05-23T15:54:30.021Z","run_bootstrap",83,"http://client2:8000","run","http://client2:8000/run",1,TRUE,200,1109,257,3.74888515472412,"2026-05-23T15:54:26.203421Z","2026-05-23T15:54:29.952306Z",1779551666.20342,1779551669.95231,0.000693,0.000791,0.000826,3.727869,3.728025,3.727043,0.000156000000000045,3.7198,0.0290851547241209
"2026-05-23T15:54:30.021Z","run_bootstrap",83,"http://client3:8000","run","http://client3:8000/run",1,TRUE,200,1109,250,3.8134880065918,"2026-05-23T15:54:26.203925Z","2026-05-23T15:54:30.017413Z",1779551666.20393,1779551670.01741,0.000737,0.000839,0.000879,3.797711,3.797807,3.796832,9.6000000000096e-05,3.7909,0.0225880065917967
"2026-05-23T15:54:33.885Z","run_bootstrap",84,"http://client1:8000","run","http://client1:8000/run",1,TRUE,200,1109,254,3.84557771682739,"2026-05-23T15:54:30.032685Z","2026-05-23T15:54:33.878263Z",1779551670.03269,1779551673.87826,0.000581,0.000666,7e-04,3.831791,3.831938,3.831091,0.000147000000000119,3.8249,0.0206777168273926
"2026-05-23T15:54:33.885Z","run_bootstrap",84,"http://client2:8000","run","http://client2:8000/run",1,TRUE,200,1109,257,3.80516219139099,"2026-05-23T15:54:30.033463Z","2026-05-23T15:54:33.838625Z",1779551670.03346,1779551673.83863,0.000435,0.000514,0.000536,3.793046,3.79316,3.79251,0.000113999999999947,3.7862,0.0189621913909912
"2026-05-23T15:54:33.885Z","run_bootstrap",84,"http://client3:8000","run","http://client3:8000/run",1,TRUE,200,1109,250,3.80257630348206,"2026-05-23T15:54:30.033423Z","2026-05-23T15:54:33.835999Z",1779551670.03342,1779551673.836,0.000474,0.000534,0.000555,3.789516,3.789652,3.788961,0.000135999999999914,3.7814,0.0211763034820556
"2026-05-23T15:54:38.123Z","run_bootstrap",85,"http://client1:8000","run","http://client1:8000/run",1,TRUE,200,1110,254,4.21910810470581,"2026-05-23T15:54:33.897700Z","2026-05-23T15:54:38.116808Z",1779551673.8977,1779551678.11681,0.000558,0.000651,0.000685,4.202697,4.202842,4.202012,0.000145000000000728,4.1956,0.0235081047058108
"2026-05-23T15:54:38.123Z","run_bootstrap",85,"http://client2:8000","run","http://client2:8000/run",1,TRUE,200,1110,254,4.0361602306366,"2026-05-23T15:54:33.898086Z","2026-05-23T15:54:37.934247Z",1779551673.89809,1779551677.93425,0.000435,0.000523,0.000559,4.019356,4.019472,4.018797,0.000116000000000227,4.0109,0.0252602306365963
"2026-05-23T15:54:38.123Z","run_bootstrap",85,"http://client3:8000","run","http://client3:8000/run",1,TRUE,200,1110,252,3.92434287071228,"2026-05-23T15:54:33.898371Z","2026-05-23T15:54:37.822714Z",1779551673.89837,1779551677.82271,0.000658,0.000769,0.000803,3.909527,3.909678,3.908724,0.00015099999999979,3.8986,0.0257428707122802
"2026-05-23T15:54:42.144Z","run_bootstrap",86,"http://client1:8000","run","http://client1:8000/run",1,TRUE,200,1110,254,3.63797950744629,"2026-05-23T15:54:38.137241Z","2026-05-23T15:54:41.775220Z",1779551678.13724,1779551681.77522,0.000551,0.000637,0.000659,3.624259,3.624411,3.6236,0.00015199999999993,3.6135,0.0244795074462889
"2026-05-23T15:54:42.144Z","run_bootstrap",86,"http://client2:8000","run","http://client2:8000/run",1,TRUE,200,1110,254,3.99943780899048,"2026-05-23T15:54:38.137745Z","2026-05-23T15:54:42.137182Z",1779551678.13775,1779551682.13718,0.000633,0.000717,0.000749,3.986285,3.986425,3.985536,0.000140000000000029,3.9794,0.0200378089904785
"2026-05-23T15:54:42.144Z","run_bootstrap",86,"http://client3:8000","run","http://client3:8000/run",1,TRUE,200,1110,252,3.71618342399597,"2026-05-23T15:54:38.136836Z","2026-05-23T15:54:41.853019Z",1779551678.13684,1779551681.85302,0.000606,0.000696,0.000735,3.701858,3.702019,3.701123,0.000160999999999856,3.6935,0.0226834239959719
"2026-05-23T15:54:45.957Z","run_bootstrap",87,"http://client1:8000","run","http://client1:8000/run",1,TRUE,200,1110,255,3.40323209762573,"2026-05-23T15:54:42.156182Z","2026-05-23T15:54:45.559414Z",1779551682.15618,1779551685.55941,0.000781,0.000877,0.000924,3.388809,3.388923,3.387885,0.000113999999999947,3.3701,0.0331320976257325
"2026-05-23T15:54:45.957Z","run_bootstrap",87,"http://client2:8000","run","http://client2:8000/run",1,TRUE,200,1110,254,3.79165697097778,"2026-05-23T15:54:42.157925Z","2026-05-23T15:54:45.949582Z",1779551682.15793,1779551685.94958,0.000586,0.00067,0.000702,3.776925,3.777075,3.776223,0.000150000000000095,3.7693,0.0223569709777833
"2026-05-23T15:54:45.957Z","run_bootstrap",87,"http://client3:8000","run","http://client3:8000/run",1,TRUE,200,1110,249,3.55120277404785,"2026-05-23T15:54:42.158066Z","2026-05-23T15:54:45.709269Z",1779551682.15807,1779551685.70927,0.000586,0.000668,7e-04,3.536612,3.536744,3.535912,0.000132000000000243,3.529,0.0222027740478516
"2026-05-23T15:54:49.679Z","run_bootstrap",88,"http://client1:8000","run","http://client1:8000/run",1,TRUE,200,1110,255,3.42591285705566,"2026-05-23T15:54:45.982907Z","2026-05-23T15:54:49.408820Z",1779551685.98291,1779551689.40882,0.000801,0.000872,0.000893,3.406656,3.4068,3.405763,0.000144000000000144,3.3947,0.0312128570556642
"2026-05-23T15:54:49.679Z","run_bootstrap",88,"http://client2:8000","run","http://client2:8000/run",1,TRUE,200,1110,254,3.6937472820282,"2026-05-23T15:54:45.980937Z","2026-05-23T15:54:49.674684Z",1779551685.98094,1779551689.67468,0.000687,0.000796,0.00083,3.681989,3.682102,3.681159,0.000112999999999808,3.6655,0.028247282028198
"2026-05-23T15:54:49.679Z","run_bootstrap",88,"http://client3:8000","run","http://client3:8000/run",1,TRUE,200,1110,250,3.48105382919312,"2026-05-23T15:54:45.982907Z","2026-05-23T15:54:49.463961Z",1779551685.98291,1779551689.46396,0.000662,0.000779,0.000814,3.462009,3.462063,3.461195,5.39999999999985e-05,3.4459,0.0351538291931153
"2026-05-23T15:54:53.419Z","run_bootstrap",89,"http://client1:8000","run","http://client1:8000/run",1,TRUE,200,1109,255,3.45116424560547,"2026-05-23T15:54:49.692641Z","2026-05-23T15:54:53.143805Z",1779551689.69264,1779551693.14381,0.000406,0.000526,0.000562,3.43079,3.430932,3.430228,0.000141999999999864,3.4208,0.0303642456054689
"2026-05-23T15:54:53.419Z","run_bootstrap",89,"http://client2:8000","run","http://client2:8000/run",1,TRUE,200,1109,255,3.2634596824646,"2026-05-23T15:54:49.693404Z","2026-05-23T15:54:52.956864Z",1779551689.6934,1779551692.95686,0.000677,0.000801,0.000842,3.246989,3.247133,3.246147,0.0001439999999997,3.2373,0.0261596824645998
"2026-05-23T15:54:53.419Z","run_bootstrap",89,"http://client3:8000","run","http://client3:8000/run",1,TRUE,200,1109,251,3.71809506416321,"2026-05-23T15:54:49.693970Z","2026-05-23T15:54:53.412065Z",1779551689.69397,1779551693.41207,0.000649,0.000757,0.000792,3.703545,3.703701,3.702753,0.000156000000000045,3.6962,0.0218950641632079
"2026-05-23T15:54:57.071Z","run_bootstrap",90,"http://client1:8000","run","http://client1:8000/run",1,TRUE,200,1109,255,3.47224736213684,"2026-05-23T15:54:53.430184Z","2026-05-23T15:54:56.902431Z",1779551693.43018,1779551696.90243,0.000707,0.00082,0.000856,3.458229,3.458371,3.457373,0.000141999999999864,3.4506,0.0216473621368407
"2026-05-23T15:54:57.071Z","run_bootstrap",90,"http://client2:8000","run","http://client2:8000/run",1,TRUE,200,1109,255,3.39049983024597,"2026-05-23T15:54:53.431738Z","2026-05-23T15:54:56.822237Z",1779551693.43174,1779551696.82224,0.000446,0.000533,0.000556,3.375988,3.376129,3.375432,0.000141000000000169,3.3689,0.0215998302459717
"2026-05-23T15:54:57.071Z","run_bootstrap",90,"http://client3:8000","run","http://client3:8000/run",1,TRUE,200,1109,251,3.63469576835632,"2026-05-23T15:54:53.432094Z","2026-05-23T15:54:57.066790Z",1779551693.43209,1779551697.06679,0.000683,0.000763,0.000795,3.621187,3.621309,3.620392,0.000122000000000178,3.6134,0.0212957683563233
"2026-05-23T15:55:00.745Z","run_bootstrap",91,"http://client1:8000","run","http://client1:8000/run",1,TRUE,200,1110,254,3.43520855903625,"2026-05-23T15:54:57.081938Z","2026-05-23T15:55:00.517147Z",1779551697.08194,1779551700.51715,0.000741,0.000864,0.000899,3.422012,3.422157,3.421113,0.00014499999999984,3.4131,0.0221085590362549
"2026-05-23T15:55:00.745Z","run_bootstrap",91,"http://client2:8000","run","http://client2:8000/run",1,TRUE,200,1110,254,3.65420770645142,"2026-05-23T15:54:57.083767Z","2026-05-23T15:55:00.737975Z",1779551697.08377,1779551700.73798,0.00068,0.000792,0.000827,3.638606,3.638748,3.637779,0.000142000000000309,3.6309,0.023307706451416
"2026-05-23T15:55:00.745Z","run_bootstrap",91,"http://client3:8000","run","http://client3:8000/run",1,TRUE,200,1110,248,3.51244568824768,"2026-05-23T15:54:57.084077Z","2026-05-23T15:55:00.596523Z",1779551697.08408,1779551700.59652,0.000494,6e-04,0.000636,3.495267,3.495433,3.494631,0.000165999999999666,3.4863,0.0261456882476807
"2026-05-23T15:55:04.429Z","run_bootstrap",92,"http://client1:8000","run","http://client1:8000/run",1,TRUE,200,1110,254,3.4452919960022,"2026-05-23T15:55:00.762329Z","2026-05-23T15:55:04.207621Z",1779551700.76233,1779551704.20762,0.000621,0.000726,0.00076,3.430605,3.430758,3.429845,0.00015300000000007,3.4232,0.0220919960021972
"2026-05-23T15:55:04.429Z","run_bootstrap",92,"http://client2:8000","run","http://client2:8000/run",1,TRUE,200,1110,254,3.43532395362854,"2026-05-23T15:55:00.764019Z","2026-05-23T15:55:04.199343Z",1779551700.76402,1779551704.19934,0.000809,0.000879,0.000899,3.413549,3.413674,3.41265,0.000124999999999709,3.4064,0.0289239536285399
"2026-05-23T15:55:04.429Z","run_bootstrap",92,"http://client3:8000","run","http://client3:8000/run",1,TRUE,200,1110,248,3.65700936317444,"2026-05-23T15:55:00.764387Z","2026-05-23T15:55:04.421396Z",1779551700.76439,1779551704.4214,0.00073,0.000841,0.000879,3.634793,3.634916,3.633914,0.000122999999999873,3.6277,0.0293093631744386
"2026-05-23T15:55:08.013Z","run_bootstrap",93,"http://client1:8000","run","http://client1:8000/run",1,TRUE,200,1108,250,3.50235056877136,"2026-05-23T15:55:04.447604Z","2026-05-23T15:55:07.949954Z",1779551704.4476,1779551707.94995,0.000753,0.000839,0.000865,3.478822,3.478936,3.477957,0.000113999999999947,3.4714,0.0309505687713623
"2026-05-23T15:55:08.013Z","run_bootstrap",93,"http://client2:8000","run","http://client2:8000/run",1,TRUE,200,1108,254,3.5594687461853,"2026-05-23T15:55:04.448195Z","2026-05-23T15:55:08.007664Z",1779551704.4482,1779551708.00766,0.00061,0.000722,0.000757,3.537087,3.537222,3.53633,0.000134999999999774,3.5298,0.0296687461853029
"2026-05-23T15:55:08.013Z","run_bootstrap",93,"http://client3:8000","run","http://client3:8000/run",1,TRUE,200,1108,249,3.32319092750549,"2026-05-23T15:55:04.449113Z","2026-05-23T15:55:07.772304Z",1779551704.44911,1779551707.7723,0.000354,0.000428,0.000458,3.298794,3.298948,3.298336,0.00015400000000021,3.2899,0.0332909275054933
"2026-05-23T15:55:11.758Z","run_bootstrap",94,"http://client1:8000","run","http://client1:8000/run",1,TRUE,200,1108,250,3.53963303565979,"2026-05-23T15:55:08.028066Z","2026-05-23T15:55:11.567699Z",1779551708.02807,1779551711.5677,0.000696,0.000799,0.000836,3.525272,3.525411,3.524436,0.000138999999999889,3.5173,0.0223330356597899
"2026-05-23T15:55:11.758Z","run_bootstrap",94,"http://client2:8000","run","http://client2:8000/run",1,TRUE,200,1108,254,3.4909360408783,"2026-05-23T15:55:08.028884Z","2026-05-23T15:55:11.519820Z",1779551708.02888,1779551711.51982,0.000625,0.000708,0.000745,3.477015,3.477174,3.47627,0.00015900000000002,3.4702,0.0207360408782957
"2026-05-23T15:55:11.758Z","run_bootstrap",94,"http://client3:8000","run","http://client3:8000/run",1,TRUE,200,1108,249,3.7220151424408,"2026-05-23T15:55:08.029506Z","2026-05-23T15:55:11.751521Z",1779551708.02951,1779551711.75152,0.000624,0.000711,0.000747,3.704367,3.704489,3.70362,0.000122000000000178,3.6975,0.0245151424407961
"2026-05-23T15:55:15.434Z","run_bootstrap",95,"http://client1:8000","run","http://client1:8000/run",1,TRUE,200,1110,252,3.65268158912659,"2026-05-23T15:55:11.774532Z","2026-05-23T15:55:15.427213Z",1779551711.77453,1779551715.42721,0.000783,0.000912,0.000948,3.638894,3.639038,3.637946,0.000144000000000144,3.6314,0.0212815891265867
"2026-05-23T15:55:15.434Z","run_bootstrap",95,"http://client2:8000","run","http://client2:8000/run",1,TRUE,200,1110,252,3.5375452041626,"2026-05-23T15:55:11.776783Z","2026-05-23T15:55:15.314328Z",1779551711.77678,1779551715.31433,0.000569,0.000656,0.000688,3.51693,3.517083,3.516242,0.00015300000000007,3.5101,0.0274452041625977
"2026-05-23T15:55:15.434Z","run_bootstrap",95,"http://client3:8000","run","http://client3:8000/run",1,TRUE,200,1110,251,3.60739612579346,"2026-05-23T15:55:11.777403Z","2026-05-23T15:55:15.384799Z",1779551711.7774,1779551715.3848,0.000519,0.000616,0.000651,3.588957,3.589088,3.588306,0.000130999999999659,3.5793,0.0280961257934571
"2026-05-23T15:55:19.097Z","run_bootstrap",96,"http://client1:8000","run","http://client1:8000/run",1,TRUE,200,1110,252,3.59835767745972,"2026-05-23T15:55:15.446124Z","2026-05-23T15:55:19.044482Z",1779551715.44612,1779551719.04448,0.000506,0.000587,0.000624,3.584,3.584146,3.583376,0.000145999999999979,3.5769,0.0214576774597166
"2026-05-23T15:55:19.097Z","run_bootstrap",96,"http://client2:8000","run","http://client2:8000/run",1,TRUE,200,1110,252,3.64689970016479,"2026-05-23T15:55:15.446102Z","2026-05-23T15:55:19.093002Z",1779551715.4461,1779551719.093,0.000705,0.000825,0.000861,3.633302,3.633402,3.632441,9.99999999997669e-05,3.6256,0.021299700164795
"2026-05-23T15:55:19.097Z","run_bootstrap",96,"http://client3:8000","run","http://client3:8000/run",1,TRUE,200,1110,250,3.63635683059692,"2026-05-23T15:55:15.446750Z","2026-05-23T15:55:19.083107Z",1779551715.44675,1779551719.08311,0.000562,0.00064,0.000672,3.622272,3.622412,3.6216,0.000140000000000029,3.614,0.0223568305969239
"2026-05-23T15:55:22.963Z","run_bootstrap",97,"http://client1:8000","run","http://client1:8000/run",1,TRUE,200,1108,252,3.69023013114929,"2026-05-23T15:55:19.107809Z","2026-05-23T15:55:22.798039Z",1779551719.10781,1779551722.79804,0.000708,0.000811,0.000844,3.676097,3.676229,3.675253,0.000132000000000243,3.6688,0.0214301311492919
"2026-05-23T15:55:22.963Z","run_bootstrap",97,"http://client2:8000","run","http://client2:8000/run",1,TRUE,200,1108,249,3.84692668914795,"2026-05-23T15:55:19.109430Z","2026-05-23T15:55:22.956357Z",1779551719.10943,1779551722.95636,0.000709,0.00082,0.000854,3.832303,3.832441,3.831449,0.000138000000000194,3.8249,0.0220266891479493
"2026-05-23T15:55:22.963Z","run_bootstrap",97,"http://client3:8000","run","http://client3:8000/run",1,TRUE,200,1108,253,3.58247447013855,"2026-05-23T15:55:19.109730Z","2026-05-23T15:55:22.692204Z",1779551719.10973,1779551722.6922,0.000445,0.000552,0.000591,3.56313,3.563304,3.562539,0.000173999999999896,3.5553,0.0271744701385499
"2026-05-23T15:55:26.988Z","run_bootstrap",98,"http://client1:8000","run","http://client1:8000/run",1,TRUE,200,1108,252,3.8192195892334,"2026-05-23T15:55:22.976836Z","2026-05-23T15:55:26.796056Z",1779551722.97684,1779551726.79606,0.000598,0.000653,0.000672,3.805278,3.805417,3.804606,0.000138999999999889,3.7978,0.0214195892333984
"2026-05-23T15:55:26.988Z","run_bootstrap",98,"http://client2:8000","run","http://client2:8000/run",1,TRUE,200,1108,249,4.00341367721558,"2026-05-23T15:55:22.977099Z","2026-05-23T15:55:26.980513Z",1779551722.9771,1779551726.98051,0.000462,0.000539,0.000561,3.988955,3.989098,3.988394,0.000143000000000004,3.9805,0.022913677215576
"2026-05-23T15:55:26.988Z","run_bootstrap",98,"http://client3:8000","run","http://client3:8000/run",1,TRUE,200,1108,253,3.86734938621521,"2026-05-23T15:55:22.976500Z","2026-05-23T15:55:26.843850Z",1779551722.9765,1779551726.84385,0.000551,6e-04,0.000618,3.852536,3.852671,3.851918,0.000134999999999774,3.8458,0.0215493862152099
"2026-05-23T15:55:30.730Z","run_bootstrap",99,"http://client1:8000","run","http://client1:8000/run",1,TRUE,200,1110,253,3.61609745025635,"2026-05-23T15:55:27.005875Z","2026-05-23T15:55:30.621972Z",1779551727.00588,1779551730.62197,0.00076,0.000826,0.000847,3.598633,3.598804,3.597786,0.000170999999999921,3.5894,0.0266974502563477
"2026-05-23T15:55:30.730Z","run_bootstrap",99,"http://client2:8000","run","http://client2:8000/run",1,TRUE,200,1110,253,3.68237566947937,"2026-05-23T15:55:27.006160Z","2026-05-23T15:55:30.688536Z",1779551727.00616,1779551730.68854,0.000784,0.000834,0.000854,3.665583,3.66573,3.664729,0.000147000000000119,3.6584,0.0239756694793702
"2026-05-23T15:55:30.730Z","run_bootstrap",99,"http://client3:8000","run","http://client3:8000/run",1,TRUE,200,1110,252,3.71901226043701,"2026-05-23T15:55:27.006783Z","2026-05-23T15:55:30.725796Z",1779551727.00678,1779551730.7258,0.000692,0.000814,0.000847,3.70307,3.703229,3.702223,0.00015900000000002,3.6947,0.0243122604370116
"2026-05-23T15:55:34.729Z","run_bootstrap",100,"http://client1:8000","run","http://client1:8000/run",1,TRUE,200,1110,252,3.9797215461731,"2026-05-23T15:55:30.745012Z","2026-05-23T15:55:34.724734Z",1779551730.74501,1779551734.72473,5e-04,0.000574,0.000606,3.961543,3.961716,3.960937,0.000173000000000201,3.808,0.171721546173096
"2026-05-23T15:55:34.729Z","run_bootstrap",100,"http://client2:8000","run","http://client2:8000/run",1,TRUE,200,1110,253,3.60513353347778,"2026-05-23T15:55:30.744634Z","2026-05-23T15:55:34.349767Z",1779551730.74463,1779551734.34977,0.00076,0.000875,0.000937,3.591542,3.591689,3.590605,0.000147000000000119,3.4461,0.159033533477783
"2026-05-23T15:55:34.729Z","run_bootstrap",100,"http://client3:8000","run","http://client3:8000/run",1,TRUE,200,1110,252,3.92220544815063,"2026-05-23T15:55:30.746430Z","2026-05-23T15:55:34.668635Z",1779551730.74643,1779551734.66864,0.000615,0.000725,0.000759,3.906128,3.906293,3.905369,0.000164999999999971,3.7637,0.158505448150635
"2026-05-23T15:55:38.224Z","run_bootstrap",101,"http://client1:8000","run","http://client1:8000/run",1,TRUE,200,1110,253,3.39010334014893,"2026-05-23T15:55:34.739328Z","2026-05-23T15:55:38.129431Z",1779551734.73933,1779551738.12943,0.000723,0.000865,0.000913,3.375254,3.37539,3.374341,0.000135999999999914,3.3672,0.0229033401489258
"2026-05-23T15:55:38.224Z","run_bootstrap",101,"http://client2:8000","run","http://client2:8000/run",1,TRUE,200,1110,252,3.47654247283936,"2026-05-23T15:55:34.740166Z","2026-05-23T15:55:38.216708Z",1779551734.74017,1779551738.21671,0.000692,0.000773,0.000809,3.462395,3.462563,3.461586,0.000167999999999946,3.4558,0.0207424728393555
"2026-05-23T15:55:38.224Z","run_bootstrap",101,"http://client3:8000","run","http://client3:8000/run",1,TRUE,200,1110,251,3.37327456474304,"2026-05-23T15:55:34.741530Z","2026-05-23T15:55:38.114804Z",1779551734.74153,1779551738.1148,0.00061,0.000709,0.00075,3.361241,3.3614,3.360491,0.00015900000000002,3.3535,0.0197745647430421
"2026-05-23T15:55:41.937Z","run_bootstrap",102,"http://client1:8000","run","http://client1:8000/run",1,TRUE,200,1110,253,3.69136452674866,"2026-05-23T15:55:38.241446Z","2026-05-23T15:55:41.932810Z",1779551738.24145,1779551741.93281,0.000702,0.000805,0.000844,3.676425,3.676542,3.675581,0.000116999999999923,3.6687,0.0226645267486574
"2026-05-23T15:55:41.937Z","run_bootstrap",102,"http://client2:8000","run","http://client2:8000/run",1,TRUE,200,1110,252,3.41199994087219,"2026-05-23T15:55:38.243234Z","2026-05-23T15:55:41.655234Z",1779551738.24323,1779551741.65523,0.000396,0.000495,0.000539,3.393242,3.393462,3.392703,0.000220000000000109,3.3843,0.0276999408721923
"2026-05-23T15:55:41.937Z","run_bootstrap",102,"http://client3:8000","run","http://client3:8000/run",1,TRUE,200,1110,251,3.47089099884033,"2026-05-23T15:55:38.243256Z","2026-05-23T15:55:41.714147Z",1779551738.24326,1779551741.71415,0.000684,0.000778,0.000813,3.456828,3.457003,3.456015,0.000175000000000036,3.4498,0.0210909988403318
"2026-05-23T15:55:45.634Z","run_bootstrap",103,"http://client1:8000","run","http://client1:8000/run",1,TRUE,200,1107,251,3.51883482933044,"2026-05-23T15:55:41.948714Z","2026-05-23T15:55:45.467549Z",1779551741.94871,1779551745.46755,0.000566,0.00064,0.000671,3.502906,3.503003,3.502235,9.70000000002358e-05,3.4947,0.0241348293304444
"2026-05-23T15:55:45.634Z","run_bootstrap",103,"http://client2:8000","run","http://client2:8000/run",1,TRUE,200,1107,252,3.67762398719788,"2026-05-23T15:55:41.949389Z","2026-05-23T15:55:45.627013Z",1779551741.94939,1779551745.62701,0.000478,0.000589,0.000626,3.662412,3.662549,3.661786,0.000137000000000054,3.6551,0.022523987197876
"2026-05-23T15:55:45.634Z","run_bootstrap",103,"http://client3:8000","run","http://client3:8000/run",1,TRUE,200,1107,248,3.41316866874695,"2026-05-23T15:55:41.948630Z","2026-05-23T15:55:45.361798Z",1779551741.94863,1779551745.3618,0.000743,0.000851,0.000885,3.398498,3.398666,3.397613,0.000167999999999946,3.3915,0.0216686687469481
"2026-05-23T15:55:49.352Z","run_bootstrap",104,"http://client1:8000","run","http://client1:8000/run",1,TRUE,200,1107,251,3.69797778129578,"2026-05-23T15:55:45.647941Z","2026-05-23T15:55:49.345919Z",1779551745.64794,1779551749.34592,0.000761,0.000879,0.000914,3.674903,3.67504,3.673989,0.000137000000000054,3.6654,0.0325777812957764
"2026-05-23T15:55:49.352Z","run_bootstrap",104,"http://client2:8000","run","http://client2:8000/run",1,TRUE,200,1107,252,3.40174555778503,"2026-05-23T15:55:45.648249Z","2026-05-23T15:55:49.049995Z",1779551745.64825,1779551749.05,0.000466,0.000585,0.00062,3.376619,3.376752,3.375999,0.000133000000000383,3.3699,0.0318455577850343
"2026-05-23T15:55:49.352Z","run_bootstrap",104,"http://client3:8000","run","http://client3:8000/run",1,TRUE,200,1107,248,3.68708395957947,"2026-05-23T15:55:45.648815Z","2026-05-23T15:55:49.335899Z",1779551745.64882,1779551749.3359,0.000561,0.00063,0.000658,3.662908,3.663062,3.66225,0.00015400000000021,3.6561,0.0309839595794679
"2026-05-23T15:55:53.032Z","run_bootstrap",105,"http://client1:8000","run","http://client1:8000/run",1,TRUE,200,1110,254,3.65592503547668,"2026-05-23T15:55:49.369065Z","2026-05-23T15:55:53.024990Z",1779551749.36907,1779551753.02499,0.000488,0.000603,0.000653,3.641822,3.64197,3.641169,0.000148000000000259,3.6348,0.0211250354766848
"2026-05-23T15:55:53.032Z","run_bootstrap",105,"http://client2:8000","run","http://client2:8000/run",1,TRUE,200,1110,252,3.535315990448,"2026-05-23T15:55:49.369590Z","2026-05-23T15:55:52.904906Z",1779551749.36959,1779551752.90491,0.000513,0.000602,0.00064,3.518147,3.518274,3.517507,0.000126999999999988,3.5094,0.0259159904479982
"2026-05-23T15:55:53.032Z","run_bootstrap",105,"http://client3:8000","run","http://client3:8000/run",1,TRUE,200,1110,251,3.35539031028748,"2026-05-23T15:55:49.370215Z","2026-05-23T15:55:52.725605Z",1779551749.37022,1779551752.72561,0.000484,0.000567,0.000601,3.338353,3.338454,3.337752,0.000100999999999907,3.3289,0.0264903102874756
"2026-05-23T15:55:56.700Z","run_bootstrap",106,"http://client1:8000","run","http://client1:8000/run",1,TRUE,200,1110,254,3.49071931838989,"2026-05-23T15:55:53.047729Z","2026-05-23T15:55:56.538448Z",1779551753.04773,1779551756.53845,0.000613,0.000677,0.000709,3.477383,3.477521,3.476674,0.000137999999999749,3.4684,0.0223193183898927
"2026-05-23T15:55:56.700Z","run_bootstrap",106,"http://client2:8000","run","http://client2:8000/run",1,TRUE,200,1110,252,3.64426112174988,"2026-05-23T15:55:53.048988Z","2026-05-23T15:55:56.693249Z",1779551753.04899,1779551756.69325,0.000456,0.000537,0.000576,3.628274,3.628408,3.627698,0.000133999999999634,3.6205,0.0237611217498781
"2026-05-23T15:55:56.700Z","run_bootstrap",106,"http://client3:8000","run","http://client3:8000/run",1,TRUE,200,1110,251,3.49147343635559,"2026-05-23T15:55:53.048197Z","2026-05-23T15:55:56.539671Z",1779551753.0482,1779551756.53967,0.00057,0.000653,0.000678,3.478179,3.478401,3.477501,0.000221999999999944,3.4715,0.019973436355591
"2026-05-23T15:56:00.531Z","run_bootstrap",107,"http://client1:8000","run","http://client1:8000/run",1,TRUE,200,1110,253,3.81125521659851,"2026-05-23T15:55:56.716119Z","2026-05-23T15:56:00.527374Z",1779551756.71612,1779551760.52737,0.000676,0.000781,0.000817,3.797694,3.797831,3.796877,0.000137000000000054,3.7888,0.0224552165985106
"2026-05-23T15:56:00.531Z","run_bootstrap",107,"http://client2:8000","run","http://client2:8000/run",1,TRUE,200,1110,253,3.52570939064026,"2026-05-23T15:55:56.718276Z","2026-05-23T15:56:00.243985Z",1779551756.71828,1779551760.24399,0.000581,0.000698,0.000732,3.505515,3.50566,3.504783,0.000145000000000284,3.4985,0.0272093906402588
"2026-05-23T15:56:00.531Z","run_bootstrap",107,"http://client3:8000","run","http://client3:8000/run",1,TRUE,200,1110,251,3.60004186630249,"2026-05-23T15:55:56.718484Z","2026-05-23T15:56:00.318526Z",1779551756.71848,1779551760.31853,0.000689,0.000806,0.000841,3.587164,3.587321,3.586323,0.000157000000000185,3.5801,0.0199418663024904
"2026-05-23T15:56:04.279Z","run_bootstrap",108,"http://client1:8000","run","http://client1:8000/run",1,TRUE,200,1110,252,3.46036028862,"2026-05-23T15:56:00.544205Z","2026-05-23T15:56:04.004565Z",1779551760.54421,1779551764.00457,0.000446,0.000528,0.000552,3.442284,3.442419,3.441732,0.000135000000000218,3.434,0.026360288619995
"2026-05-23T15:56:04.279Z","run_bootstrap",108,"http://client2:8000","run","http://client2:8000/run",1,TRUE,200,1110,253,3.728031873703,"2026-05-23T15:56:00.545042Z","2026-05-23T15:56:04.273074Z",1779551760.54504,1779551764.27307,0.000393,0.000474,0.000519,3.70999,3.710139,3.709471,0.000148999999999955,3.7017,0.0263318737030027
"2026-05-23T15:56:04.279Z","run_bootstrap",108,"http://client3:8000","run","http://client3:8000/run",1,TRUE,200,1110,251,3.42398262023926,"2026-05-23T15:56:00.545531Z","2026-05-23T15:56:03.969514Z",1779551760.54553,1779551763.96951,0.000639,0.000773,0.000839,3.406693,3.406817,3.405854,0.000124000000000013,3.3993,0.0246826202392576
"2026-05-23T15:56:07.904Z","run_bootstrap",109,"http://client1:8000","run","http://client1:8000/run",1,TRUE,200,1110,253,3.58289504051208,"2026-05-23T15:56:04.290102Z","2026-05-23T15:56:07.872997Z",1779551764.2901,1779551767.873,0.000697,0.000811,0.00085,3.567852,3.567985,3.567002,0.000133000000000383,3.5566,0.026295040512085
"2026-05-23T15:56:07.904Z","run_bootstrap",109,"http://client2:8000","run","http://client2:8000/run",1,TRUE,200,1110,253,3.50885391235352,"2026-05-23T15:56:04.291533Z","2026-05-23T15:56:07.800387Z",1779551764.29153,1779551767.80039,0.00075,0.000882,0.000924,3.494451,3.494599,3.493527,0.000147999999999815,3.4844,0.0244539123535157
"2026-05-23T15:56:07.904Z","run_bootstrap",109,"http://client3:8000","run","http://client3:8000/run",1,TRUE,200,1110,249,3.60652470588684,"2026-05-23T15:56:04.292258Z","2026-05-23T15:56:07.898783Z",1779551764.29226,1779551767.89878,0.000466,0.000534,0.000556,3.59296,3.593093,3.592404,0.000132999999999939,3.586,0.020524705886841
"2026-05-23T15:56:11.800Z","run_bootstrap",110,"http://client1:8000","run","http://client1:8000/run",1,TRUE,200,1110,253,3.63680839538574,"2026-05-23T15:56:07.918468Z","2026-05-23T15:56:11.555276Z",1779551767.91847,1779551771.55528,0.000505,0.000584,0.000619,3.61133,3.611475,3.610711,0.00014499999999984,3.6005,0.0363083953857424
"2026-05-23T15:56:11.800Z","run_bootstrap",110,"http://client2:8000","run","http://client2:8000/run",1,TRUE,200,1110,253,3.87456464767456,"2026-05-23T15:56:07.919127Z","2026-05-23T15:56:11.793692Z",1779551767.91913,1779551771.79369,0.001056,0.001159,0.001195,3.8559,3.855983,3.854705,8.30000000000553e-05,3.8485,0.0260646476745605
"2026-05-23T15:56:11.800Z","run_bootstrap",110,"http://client3:8000","run","http://client3:8000/run",1,TRUE,200,1110,250,3.46783781051636,"2026-05-23T15:56:07.919641Z","2026-05-23T15:56:11.387479Z",1779551767.91964,1779551771.38748,0.000591,0.00068,0.000712,3.44437,3.444503,3.443658,0.000132999999999939,3.4364,0.0314378105163575
"2026-05-23T15:56:15.694Z","run_bootstrap",111,"http://client1:8000","run","http://client1:8000/run",1,TRUE,200,1109,254,3.5845673084259,"2026-05-23T15:56:11.820662Z","2026-05-23T15:56:15.405230Z",1779551771.82066,1779551775.40523,0.000592,0.000689,0.000728,3.56294,3.563116,3.562212,0.000175999999999732,3.5554,0.0291673084259032
"2026-05-23T15:56:15.694Z","run_bootstrap",111,"http://client2:8000","run","http://client2:8000/run",1,TRUE,200,1109,254,3.57375025749207,"2026-05-23T15:56:11.821232Z","2026-05-23T15:56:15.394982Z",1779551771.82123,1779551775.39498,0.000545,0.000662,0.000701,3.552341,3.552487,3.55164,0.000145999999999979,3.5453,0.0284502574920653
"2026-05-23T15:56:15.694Z","run_bootstrap",111,"http://client3:8000","run","http://client3:8000/run",1,TRUE,200,1109,250,3.86500144004822,"2026-05-23T15:56:11.821728Z","2026-05-23T15:56:15.686729Z",1779551771.82173,1779551775.68673,0.000548,0.000651,0.000689,3.847202,3.847303,3.846513,0.000101000000000351,3.8399,0.0251014400482177
"2026-05-23T15:56:19.472Z","run_bootstrap",112,"http://client1:8000","run","http://client1:8000/run",1,TRUE,200,1109,254,3.7619743347168,"2026-05-23T15:56:15.706221Z","2026-05-23T15:56:19.468195Z",1779551775.70622,1779551779.4682,0.00048,0.000558,0.000587,3.748997,3.749128,3.74841,0.000130999999999659,3.7417,0.0202743347167971
"2026-05-23T15:56:19.472Z","run_bootstrap",112,"http://client2:8000","run","http://client2:8000/run",1,TRUE,200,1109,254,3.51314425468445,"2026-05-23T15:56:15.706577Z","2026-05-23T15:56:19.219721Z",1779551775.70658,1779551779.21972,0.000489,0.000558,0.000589,3.500427,3.500607,3.499838,0.000179999999999847,3.4912,0.0219442546844482
"2026-05-23T15:56:19.472Z","run_bootstrap",112,"http://client3:8000","run","http://client3:8000/run",1,TRUE,200,1109,250,3.54113602638245,"2026-05-23T15:56:15.706022Z","2026-05-23T15:56:19.247159Z",1779551775.70602,1779551779.24716,0.000667,0.000758,0.000804,3.527363,3.52752,3.526559,0.000157000000000185,3.5189,0.0222360263824464
"2026-05-23T15:56:23.353Z","run_bootstrap",113,"http://client1:8000","run","http://client1:8000/run",1,TRUE,200,1109,254,3.86314916610718,"2026-05-23T15:56:19.482903Z","2026-05-23T15:56:23.346053Z",1779551779.4829,1779551783.34605,0.000637,0.000761,0.000805,3.849342,3.849483,3.848537,0.000141000000000169,3.8308,0.0323491661071778
"2026-05-23T15:56:23.353Z","run_bootstrap",113,"http://client2:8000","run","http://client2:8000/run",1,TRUE,200,1109,251,3.61418414115906,"2026-05-23T15:56:19.485396Z","2026-05-23T15:56:23.099581Z",1779551779.4854,1779551783.09958,0.000623,0.000679,0.000699,3.597029,3.59717,3.59633,0.000141000000000169,3.59,0.0241841411590578
"2026-05-23T15:56:23.353Z","run_bootstrap",113,"http://client3:8000","run","http://client3:8000/run",1,TRUE,200,1109,251,3.60222172737122,"2026-05-23T15:56:19.485881Z","2026-05-23T15:56:23.088103Z",1779551779.48588,1779551783.0881,0.000532,0.000606,0.00063,3.585503,3.585628,3.584873,0.000124999999999709,3.5784,0.023821727371216
"2026-05-23T15:56:27.228Z","run_bootstrap",114,"http://client1:8000","run","http://client1:8000/run",1,TRUE,200,1109,254,3.67515325546265,"2026-05-23T15:56:23.367070Z","2026-05-23T15:56:27.042223Z",1779551783.36707,1779551787.04222,0.000726,0.000807,0.000846,3.653482,3.653631,3.652636,0.000148999999999955,3.6443,0.0308532554626466
"2026-05-23T15:56:27.228Z","run_bootstrap",114,"http://client2:8000","run","http://client2:8000/run",1,TRUE,200,1109,253,3.85609889030457,"2026-05-23T15:56:23.367461Z","2026-05-23T15:56:27.223560Z",1779551783.36746,1779551787.22356,0.000558,0.000641,0.000673,3.835677,3.835804,3.835004,0.000126999999999988,3.8284,0.0276988903045656
"2026-05-23T15:56:27.228Z","run_bootstrap",114,"http://client3:8000","run","http://client3:8000/run",1,TRUE,200,1109,251,3.55291700363159,"2026-05-23T15:56:23.367943Z","2026-05-23T15:56:26.920860Z",1779551783.36794,1779551786.92086,0.000665,0.000727,0.000751,3.531959,3.532175,3.531208,0.000215999999999994,3.5238,0.0291170036315918
"2026-05-23T15:56:31.096Z","run_bootstrap",115,"http://client1:8000","run","http://client1:8000/run",1,TRUE,200,1110,253,3.84931111335754,"2026-05-23T15:56:27.238841Z","2026-05-23T15:56:31.088152Z",1779551787.23884,1779551791.08815,0.000633,0.000761,0.000798,3.834532,3.834682,3.833734,0.000150000000000095,3.8265,0.0228111133575442
"2026-05-23T15:56:31.096Z","run_bootstrap",115,"http://client2:8000","run","http://client2:8000/run",1,TRUE,200,1110,254,3.56472659111023,"2026-05-23T15:56:27.241246Z","2026-05-23T15:56:30.805973Z",1779551787.24125,1779551790.80597,0.000723,0.000844,0.000882,3.549163,3.549259,3.548281,9.6000000000096e-05,3.5419,0.0228265911102294
"2026-05-23T15:56:31.096Z","run_bootstrap",115,"http://client3:8000","run","http://client3:8000/run",1,TRUE,200,1110,250,3.82797789573669,"2026-05-23T15:56:27.241697Z","2026-05-23T15:56:31.069674Z",1779551787.2417,1779551791.06967,0.000611,0.000739,0.00078,3.80813,3.808281,3.80735,0.000151000000000234,3.8008,0.0271778957366942
"2026-05-23T15:56:34.967Z","run_bootstrap",116,"http://client1:8000","run","http://client1:8000/run",1,TRUE,200,1110,253,3.84820914268494,"2026-05-23T15:56:31.111698Z","2026-05-23T15:56:34.959907Z",1779551791.1117,1779551794.95991,0.000538,0.000639,0.000675,3.826461,3.826604,3.825786,0.000143000000000004,3.8187,0.0295091426849363
"2026-05-23T15:56:34.967Z","run_bootstrap",116,"http://client2:8000","run","http://client2:8000/run",1,TRUE,200,1110,254,3.57051301002502,"2026-05-23T15:56:31.112394Z","2026-05-23T15:56:34.682907Z",1779551791.11239,1779551794.68291,0.000708,0.000843,0.000868,3.550133,3.550252,3.549265,0.000118999999999758,3.5411,0.0294130100250243
"2026-05-23T15:56:34.967Z","run_bootstrap",116,"http://client3:8000","run","http://client3:8000/run",1,TRUE,200,1110,250,3.66720581054688,"2026-05-23T15:56:31.113013Z","2026-05-23T15:56:34.780219Z",1779551791.11301,1779551794.78022,0.000607,0.000687,0.000716,3.646654,3.646801,3.645938,0.000147000000000119,3.6372,0.030005810546875
"2026-05-23T15:56:38.891Z","run_bootstrap",117,"http://client1:8000","run","http://client1:8000/run",1,TRUE,200,1110,254,3.80987858772278,"2026-05-23T15:56:34.977816Z","2026-05-23T15:56:38.787694Z",1779551794.97782,1779551798.78769,0.000679,0.000785,0.000822,3.797023,3.797174,3.796201,0.000151000000000234,3.7895,0.0203785877227785
"2026-05-23T15:56:38.891Z","run_bootstrap",117,"http://client2:8000","run","http://client2:8000/run",1,TRUE,200,1110,254,3.66412115097046,"2026-05-23T15:56:34.979601Z","2026-05-23T15:56:38.643722Z",1779551794.9796,1779551798.64372,0.00057,0.000657,0.000681,3.644117,3.644265,3.643436,0.000147999999999815,3.6288,0.035321150970459
"2026-05-23T15:56:38.891Z","run_bootstrap",117,"http://client3:8000","run","http://client3:8000/run",1,TRUE,200,1110,251,3.90674257278442,"2026-05-23T15:56:34.979946Z","2026-05-23T15:56:38.886688Z",1779551794.97995,1779551798.88669,0.000787,0.000897,0.000938,3.887936,3.888091,3.886998,0.000155000000000349,3.8691,0.0376425727844238
"2026-05-23T15:56:42.832Z","run_bootstrap",118,"http://client1:8000","run","http://client1:8000/run",1,TRUE,200,1110,254,3.92470812797546,"2026-05-23T15:56:38.903717Z","2026-05-23T15:56:42.828425Z",1779551798.90372,1779551802.82843,0.000434,0.000647,0.00069,3.907156,3.907304,3.906466,0.000147999999999815,3.8985,0.026208127975464
"2026-05-23T15:56:42.832Z","run_bootstrap",118,"http://client2:8000","run","http://client2:8000/run",1,TRUE,200,1110,254,3.62935209274292,"2026-05-23T15:56:38.904212Z","2026-05-23T15:56:42.533565Z",1779551798.90421,1779551802.53357,0.000727,0.000783,0.000806,3.60909,3.609214,3.608284,0.000124000000000013,3.6013,0.0280520927429198
"2026-05-23T15:56:42.832Z","run_bootstrap",118,"http://client3:8000","run","http://client3:8000/run",1,TRUE,200,1110,251,3.50849413871765,"2026-05-23T15:56:38.904616Z","2026-05-23T15:56:42.413110Z",1779551798.90462,1779551802.41311,0.000494,0.000621,0.000663,3.491027,3.491174,3.490364,0.000147000000000119,3.4793,0.0291941387176515
"2026-05-23T15:56:46.656Z","run_bootstrap",119,"http://client1:8000","run","http://client1:8000/run",1,TRUE,200,1109,254,3.80547714233398,"2026-05-23T15:56:42.844243Z","2026-05-23T15:56:46.649720Z",1779551802.84424,1779551806.64972,0.000756,0.00086,0.000894,3.789378,3.789533,3.788484,0.000154999999999905,3.7792,0.0262771423339845
"2026-05-23T15:56:46.656Z","run_bootstrap",119,"http://client2:8000","run","http://client2:8000/run",1,TRUE,200,1109,253,3.75705981254578,"2026-05-23T15:56:42.845117Z","2026-05-23T15:56:46.602177Z",1779551802.84512,1779551806.60218,0.000631,0.000745,0.000781,3.741682,3.741832,3.740901,0.000150000000000095,3.7341,0.0229598125457762
"2026-05-23T15:56:46.656Z","run_bootstrap",119,"http://client3:8000","run","http://client3:8000/run",1,TRUE,200,1109,251,3.71653175354004,"2026-05-23T15:56:42.845767Z","2026-05-23T15:56:46.562299Z",1779551802.84577,1779551806.5623,0.000542,0.000623,0.000659,3.696066,3.696209,3.695407,0.000143000000000004,3.6874,0.0291317535400393
"2026-05-23T15:56:50.645Z","run_bootstrap",120,"http://client1:8000","run","http://client1:8000/run",1,TRUE,200,1109,254,3.95311403274536,"2026-05-23T15:56:46.668717Z","2026-05-23T15:56:50.621831Z",1779551806.66872,1779551810.62183,0.000692,0.000819,0.000855,3.938416,3.938689,3.937561,0.000272999999999968,3.7737,0.179414032745361
"2026-05-23T15:56:50.645Z","run_bootstrap",120,"http://client2:8000","run","http://client2:8000/run",1,TRUE,200,1109,253,3.86665296554565,"2026-05-23T15:56:46.669109Z","2026-05-23T15:56:50.535762Z",1779551806.66911,1779551810.53576,0.000357,0.000476,0.000515,3.844382,3.844527,3.843867,0.00014499999999984,3.6781,0.188552965545654
"2026-05-23T15:56:50.645Z","run_bootstrap",120,"http://client3:8000","run","http://client3:8000/run",1,TRUE,200,1109,251,3.97059059143066,"2026-05-23T15:56:46.669543Z","2026-05-23T15:56:50.640133Z",1779551806.66954,1779551810.64013,0.00055,0.000643,0.000676,3.951589,3.951712,3.950913,0.000123000000000317,3.7886,0.181990591430664
"2026-05-23T15:56:54.211Z","run_bootstrap",121,"http://client1:8000","run","http://client1:8000/run",1,TRUE,200,1108,254,3.50432372093201,"2026-05-23T15:56:50.657218Z","2026-05-23T15:56:54.161542Z",1779551810.65722,1779551814.16154,0.000534,0.000645,0.00068,3.484857,3.48499,3.484177,0.000132999999999939,3.4779,0.0264237209320068
"2026-05-23T15:56:54.211Z","run_bootstrap",121,"http://client2:8000","run","http://client2:8000/run",1,TRUE,200,1108,254,3.52208042144775,"2026-05-23T15:56:50.658028Z","2026-05-23T15:56:54.180109Z",1779551810.65803,1779551814.18011,0.00063,0.000715,0.000748,3.502073,3.502217,3.501325,0.0001439999999997,3.4929,0.0291804214477538
"2026-05-23T15:56:54.211Z","run_bootstrap",121,"http://client3:8000","run","http://client3:8000/run",1,TRUE,200,1108,250,3.54918789863586,"2026-05-23T15:56:50.658657Z","2026-05-23T15:56:54.207845Z",1779551810.65866,1779551814.20785,0.000621,0.000708,0.000741,3.529567,3.529701,3.528826,0.000134000000000079,3.5221,0.0270878986358642
"2026-05-23T15:56:57.946Z","run_bootstrap",122,"http://client1:8000","run","http://client1:8000/run",1,TRUE,200,1108,254,3.7157506942749,"2026-05-23T15:56:54.226409Z","2026-05-23T15:56:57.942160Z",1779551814.22641,1779551817.94216,0.00037,0.000439,0.000468,3.698626,3.698763,3.698158,0.000137000000000054,3.6902,0.0255506942749024
"2026-05-23T15:56:57.946Z","run_bootstrap",122,"http://client2:8000","run","http://client2:8000/run",1,TRUE,200,1108,254,3.66274309158325,"2026-05-23T15:56:54.225850Z","2026-05-23T15:56:57.888593Z",1779551814.22585,1779551817.88859,0.000613,0.000717,0.000751,3.649008,3.64916,3.648257,0.000152000000000374,3.6411,0.0216430915832522
"2026-05-23T15:56:57.946Z","run_bootstrap",122,"http://client3:8000","run","http://client3:8000/run",1,TRUE,200,1108,250,3.58564496040344,"2026-05-23T15:56:54.227440Z","2026-05-23T15:56:57.813085Z",1779551814.22744,1779551817.81309,0.000503,0.000563,0.000589,3.564467,3.564693,3.563878,0.000226000000000059,3.5514,0.0342449604034423
"2026-05-23T15:57:01.600Z","run_bootstrap",123,"http://client1:8000","run","http://client1:8000/run",1,TRUE,200,1109,254,3.5347592830658,"2026-05-23T15:56:57.957935Z","2026-05-23T15:57:01.492694Z",1779551817.95794,1779551821.49269,0.000764,0.00088,0.000921,3.520746,3.520892,3.519825,0.000145999999999979,3.5125,0.0222592830657957
"2026-05-23T15:57:01.600Z","run_bootstrap",123,"http://client2:8000","run","http://client2:8000/run",1,TRUE,200,1109,252,3.63754057884216,"2026-05-23T15:56:57.958557Z","2026-05-23T15:57:01.596097Z",1779551817.95856,1779551821.5961,0.000416,0.000488,0.000521,3.619303,3.619448,3.618782,0.000145000000000284,3.6124,0.025140578842163
"2026-05-23T15:57:01.600Z","run_bootstrap",123,"http://client3:8000","run","http://client3:8000/run",1,TRUE,200,1109,251,3.42674231529236,"2026-05-23T15:56:57.959157Z","2026-05-23T15:57:01.385900Z",1779551817.95916,1779551821.3859,0.000596,0.00069,0.000723,3.40958,3.40972,3.408857,0.000140000000000029,3.4024,0.0243423152923583
"2026-05-23T15:57:05.353Z","run_bootstrap",124,"http://client1:8000","run","http://client1:8000/run",1,TRUE,200,1109,254,3.44100403785706,"2026-05-23T15:57:01.612860Z","2026-05-23T15:57:05.053864Z",1779551821.61286,1779551825.05386,0.000658,0.000785,0.000836,3.425113,3.425206,3.424277,9.30000000001208e-05,3.4162,0.0248040378570558
"2026-05-23T15:57:05.353Z","run_bootstrap",124,"http://client2:8000","run","http://client2:8000/run",1,TRUE,200,1109,252,3.50415205955505,"2026-05-23T15:57:01.613530Z","2026-05-23T15:57:05.117682Z",1779551821.61353,1779551825.11768,0.00058,0.000692,0.000754,3.482906,3.48304,3.482152,0.000134000000000079,3.4759,0.0282520595550535
"2026-05-23T15:57:05.353Z","run_bootstrap",124,"http://client3:8000","run","http://client3:8000/run",1,TRUE,200,1109,251,3.73195910453796,"2026-05-23T15:57:01.614088Z","2026-05-23T15:57:05.346047Z",1779551821.61409,1779551825.34605,0.000668,0.000772,0.000804,3.711203,3.711341,3.710399,0.000138000000000194,3.7045,0.027459104537964
"2026-05-23T15:57:09.113Z","run_bootstrap",125,"http://client1:8000","run","http://client1:8000/run",1,TRUE,200,1108,252,3.73589634895325,"2026-05-23T15:57:05.370257Z","2026-05-23T15:57:09.106153Z",1779551825.37026,1779551829.10615,0.000379,0.000445,0.00048,3.713333,3.713462,3.712853,0.000128999999999824,3.7052,0.030696348953247
"2026-05-23T15:57:09.113Z","run_bootstrap",125,"http://client2:8000","run","http://client2:8000/run",1,TRUE,200,1108,253,3.56785535812378,"2026-05-23T15:57:05.371004Z","2026-05-23T15:57:08.938859Z",1779551825.371,1779551828.93886,0.000423,0.000494,0.000529,3.546036,3.546167,3.545507,0.000131000000000103,3.5391,0.0287553581237794
"2026-05-23T15:57:09.113Z","run_bootstrap",125,"http://client3:8000","run","http://client3:8000/run",1,TRUE,200,1108,250,3.43409037590027,"2026-05-23T15:57:05.371909Z","2026-05-23T15:57:08.805999Z",1779551825.37191,1779551828.806,0.000648,0.000755,0.000795,3.415596,3.415679,3.414801,8.30000000000553e-05,3.4087,0.0253903759002685
"2026-05-23T15:57:12.846Z","run_bootstrap",126,"http://client1:8000","run","http://client1:8000/run",1,TRUE,200,1108,252,3.6531445980072,"2026-05-23T15:57:09.128062Z","2026-05-23T15:57:12.781207Z",1779551829.12806,1779551832.78121,0.000569,0.000646,0.000687,3.633194,3.633289,3.632507,9.49999999999562e-05,3.6253,0.027844598007202
"2026-05-23T15:57:12.846Z","run_bootstrap",126,"http://client2:8000","run","http://client2:8000/run",1,TRUE,200,1108,253,3.70926427841187,"2026-05-23T15:57:09.128651Z","2026-05-23T15:57:12.837916Z",1779551829.12865,1779551832.83792,0.000608,0.00069,0.000717,3.695334,3.695448,3.694617,0.000113999999999947,3.6884,0.0208642784118651
"2026-05-23T15:57:12.846Z","run_bootstrap",126,"http://client3:8000","run","http://client3:8000/run",1,TRUE,200,1108,250,3.6611442565918,"2026-05-23T15:57:09.128438Z","2026-05-23T15:57:12.789583Z",1779551829.12844,1779551832.78958,0.000618,0.000686,0.000712,3.645946,3.646089,3.645234,0.000143000000000004,3.6392,0.0219442565917967
"2026-05-23T15:57:16.596Z","run_bootstrap",127,"http://client1:8000","run","http://client1:8000/run",1,TRUE,200,1109,253,3.72912526130676,"2026-05-23T15:57:12.859940Z","2026-05-23T15:57:16.589065Z",1779551832.85994,1779551836.58907,0.000643,0.00072,0.000744,3.715354,3.715488,3.71461,0.000134000000000079,3.7079,0.0212252613067627
"2026-05-23T15:57:16.596Z","run_bootstrap",127,"http://client2:8000","run","http://client2:8000/run",1,TRUE,200,1109,253,3.54852986335754,"2026-05-23T15:57:12.861624Z","2026-05-23T15:57:16.410154Z",1779551832.86162,1779551836.41015,0.000463,0.000537,0.000576,3.53657,3.536714,3.535994,0.0001439999999997,3.5285,0.0200298633575438
"2026-05-23T15:57:16.596Z","run_bootstrap",127,"http://client3:8000","run","http://client3:8000/run",1,TRUE,200,1109,251,3.4501416683197,"2026-05-23T15:57:12.860867Z","2026-05-23T15:57:16.311009Z",1779551832.86087,1779551836.31101,0.000478,0.000572,0.000607,3.436891,3.437028,3.436284,0.000137000000000054,3.4293,0.0208416683197021
"2026-05-23T15:57:20.377Z","run_bootstrap",128,"http://client1:8000","run","http://client1:8000/run",1,TRUE,200,1109,253,3.7599458694458,"2026-05-23T15:57:16.613349Z","2026-05-23T15:57:20.373295Z",1779551836.61335,1779551840.3733,0.00038,0.000465,0.000495,3.746802,3.746952,3.746307,0.00014999999999965,3.7396,0.020345869445801
"2026-05-23T15:57:20.377Z","run_bootstrap",128,"http://client2:8000","run","http://client2:8000/run",1,TRUE,200,1109,252,3.4649806022644,"2026-05-23T15:57:16.613730Z","2026-05-23T15:57:20.078711Z",1779551836.61373,1779551840.07871,0.000616,0.000674,0.000695,3.452207,3.452342,3.451512,0.000134999999999774,3.445,0.0199806022644045
"2026-05-23T15:57:20.377Z","run_bootstrap",128,"http://client3:8000","run","http://client3:8000/run",1,TRUE,200,1109,251,3.4497663974762,"2026-05-23T15:57:16.615452Z","2026-05-23T15:57:20.065218Z",1779551836.61545,1779551840.06522,0.00054,0.000627,0.000674,3.432232,3.43233,3.431558,9.79999999999315e-05,3.4248,0.0249663974761964
"2026-05-23T15:57:24.096Z","run_bootstrap",129,"http://client1:8000","run","http://client1:8000/run",1,TRUE,200,1110,253,3.62558507919312,"2026-05-23T15:57:20.388049Z","2026-05-23T15:57:24.013634Z",1779551840.38805,1779551844.01363,0.000715,0.000822,0.000865,3.611902,3.612064,3.611037,0.000161999999999995,3.6036,0.0219850791931151
"2026-05-23T15:57:24.096Z","run_bootstrap",129,"http://client2:8000","run","http://client2:8000/run",1,TRUE,200,1110,254,3.58789539337158,"2026-05-23T15:57:20.390155Z","2026-05-23T15:57:23.978050Z",1779551840.39016,1779551843.97805,0.000545,0.000658,0.000698,3.571979,3.572124,3.571281,0.000145000000000284,3.5644,0.023495393371582
"2026-05-23T15:57:24.096Z","run_bootstrap",129,"http://client3:8000","run","http://client3:8000/run",1,TRUE,200,1110,251,3.69914555549622,"2026-05-23T15:57:20.390437Z","2026-05-23T15:57:24.089583Z",1779551840.39044,1779551844.08958,0.000389,0.000476,0.000516,3.683602,3.683755,3.683086,0.00015300000000007,3.6765,0.0226455554962159
"2026-05-23T15:57:27.927Z","run_bootstrap",130,"http://client1:8000","run","http://client1:8000/run",1,TRUE,200,1110,253,3.80798482894897,"2026-05-23T15:57:24.112549Z","2026-05-23T15:57:27.920534Z",1779551844.11255,1779551847.92053,0.000648,0.000727,0.000757,3.793591,3.793761,3.792834,0.000169999999999781,3.7854,0.0225848289489745
"2026-05-23T15:57:27.927Z","run_bootstrap",130,"http://client2:8000","run","http://client2:8000/run",1,TRUE,200,1110,254,3.61058974266052,"2026-05-23T15:57:24.113658Z","2026-05-23T15:57:27.724248Z",1779551844.11366,1779551847.72425,0.000499,0.000614,0.000667,3.598095,3.598219,3.597428,0.000124000000000013,3.5909,0.0196897426605225
"2026-05-23T15:57:27.927Z","run_bootstrap",130,"http://client3:8000","run","http://client3:8000/run",1,TRUE,200,1110,250,3.49770450592041,"2026-05-23T15:57:24.112905Z","2026-05-23T15:57:27.610610Z",1779551844.11291,1779551847.61061,0.000629,0.000735,0.000772,3.483649,3.483785,3.482877,0.000135999999999914,3.476,0.0217045059204102
"2026-05-23T15:57:31.644Z","run_bootstrap",131,"http://client1:8000","run","http://client1:8000/run",1,TRUE,200,1110,254,3.70139074325562,"2026-05-23T15:57:27.938040Z","2026-05-23T15:57:31.639431Z",1779551847.93804,1779551851.63943,0.000674,0.000789,0.000935,3.687403,3.687527,3.686468,0.000124000000000013,3.6797,0.0216907432556153
"2026-05-23T15:57:31.644Z","run_bootstrap",131,"http://client2:8000","run","http://client2:8000/run",1,TRUE,200,1110,252,3.67150902748108,"2026-05-23T15:57:27.939699Z","2026-05-23T15:57:31.611208Z",1779551847.9397,1779551851.61121,0.000622,0.000725,0.000764,3.658098,3.658235,3.657334,0.000137000000000054,3.6506,0.0209090274810793
"2026-05-23T15:57:31.644Z","run_bootstrap",131,"http://client3:8000","run","http://client3:8000/run",1,TRUE,200,1110,249,3.56193494796753,"2026-05-23T15:57:27.940241Z","2026-05-23T15:57:31.502176Z",1779551847.94024,1779551851.50218,0.00077,0.00084,0.00087,3.548209,3.54832,3.547339,0.000110999999999972,3.5408,0.0211349479675293
"2026-05-23T15:57:35.530Z","run_bootstrap",132,"http://client1:8000","run","http://client1:8000/run",1,TRUE,200,1110,254,3.61885142326355,"2026-05-23T15:57:31.656971Z","2026-05-23T15:57:35.275823Z",1779551851.65697,1779551855.27582,0.000663,0.000772,0.000806,3.600305,3.600337,3.599499,3.2000000000032e-05,3.5923,0.02655142326355
"2026-05-23T15:57:35.530Z","run_bootstrap",132,"http://client2:8000","run","http://client2:8000/run",1,TRUE,200,1110,252,3.58993577957153,"2026-05-23T15:57:31.658088Z","2026-05-23T15:57:35.248024Z",1779551851.65809,1779551855.24802,0.000516,0.000594,0.000624,3.564478,3.564511,3.563854,3.30000000001718e-05,3.5575,0.0324357795715331
"2026-05-23T15:57:35.530Z","run_bootstrap",132,"http://client3:8000","run","http://client3:8000/run",1,TRUE,200,1110,248,3.86536455154419,"2026-05-23T15:57:31.658407Z","2026-05-23T15:57:35.523771Z",1779551851.65841,1779551855.52377,0.000543,0.000636,0.000667,3.841054,3.841086,3.840387,3.19999999995879e-05,3.833,0.0323645515441893
"2026-05-23T15:57:39.490Z","run_bootstrap",133,"http://client1:8000","run","http://client1:8000/run",1,TRUE,200,1108,255,3.65044450759888,"2026-05-23T15:57:35.594403Z","2026-05-23T15:57:39.244847Z",1779551855.5944,1779551859.24485,0.000675,0.000787,0.000823,3.636662,3.636807,3.635839,0.000145000000000284,3.628,0.0224445075988768
"2026-05-23T15:57:39.490Z","run_bootstrap",133,"http://client2:8000","run","http://client2:8000/run",1,TRUE,200,1108,256,3.61833953857422,"2026-05-23T15:57:35.596219Z","2026-05-23T15:57:39.214559Z",1779551855.59622,1779551859.21456,0.000664,0.00078,0.000814,3.605006,3.605165,3.604192,0.00015900000000002,3.5971,0.0212395385742186
"2026-05-23T15:57:39.490Z","run_bootstrap",133,"http://client3:8000","run","http://client3:8000/run",1,TRUE,200,1108,255,3.88593530654907,"2026-05-23T15:57:35.597085Z","2026-05-23T15:57:39.483021Z",1779551855.59709,1779551859.48302,0.000614,0.000706,0.000739,3.871638,3.871789,3.870899,0.000151000000000234,3.8637,0.0222353065490721
"2026-05-23T15:57:43.406Z","run_bootstrap",134,"http://client1:8000","run","http://client1:8000/run",1,TRUE,200,1108,256,3.89707159996033,"2026-05-23T15:57:39.505354Z","2026-05-23T15:57:43.402425Z",1779551859.50535,1779551863.40243,0.000617,0.000683,0.000702,3.883665,3.883786,3.882963,0.000121000000000038,3.8763,0.0207715999603271
"2026-05-23T15:57:43.406Z","run_bootstrap",134,"http://client2:8000","run","http://client2:8000/run",1,TRUE,200,1108,256,3.87698650360107,"2026-05-23T15:57:39.505580Z","2026-05-23T15:57:43.382566Z",1779551859.50558,1779551863.38257,0.000538,0.000618,0.00064,3.86373,3.863853,3.86309,0.000123000000000317,3.8553,0.021686503601074
"2026-05-23T15:57:43.406Z","run_bootstrap",134,"http://client3:8000","run","http://client3:8000/run",1,TRUE,200,1108,255,3.57459926605225,"2026-05-23T15:57:39.506332Z","2026-05-23T15:57:43.080931Z",1779551859.50633,1779551863.08093,0.00065,0.00071,0.000728,3.561377,3.561534,3.560649,0.000157000000000185,3.5527,0.0218992660522459
"2026-05-23T15:57:47.341Z","run_bootstrap",135,"http://client1:8000","run","http://client1:8000/run",1,TRUE,200,1109,255,3.62812900543213,"2026-05-23T15:57:43.418529Z","2026-05-23T15:57:47.046658Z",1779551863.41853,1779551867.04666,0.000703,0.000822,0.000863,3.610401,3.610547,3.609538,0.000145999999999979,3.5999,0.028229005432129
"2026-05-23T15:57:47.341Z","run_bootstrap",135,"http://client2:8000","run","http://client2:8000/run",1,TRUE,200,1109,255,3.91509246826172,"2026-05-23T15:57:43.419222Z","2026-05-23T15:57:47.334315Z",1779551863.41922,1779551867.33432,0.000475,0.000563,0.000594,3.894276,3.894415,3.893682,0.000138999999999889,3.8858,0.0292924682617186
"2026-05-23T15:57:47.341Z","run_bootstrap",135,"http://client3:8000","run","http://client3:8000/run",1,TRUE,200,1109,257,3.7076199054718,"2026-05-23T15:57:43.418424Z","2026-05-23T15:57:47.126044Z",1779551863.41842,1779551867.12604,0.000667,0.000779,0.000815,3.693572,3.693716,3.692757,0.000144000000000144,3.6861,0.0215199054718016
"2026-05-23T15:57:51.273Z","run_bootstrap",136,"http://client1:8000","run","http://client1:8000/run",1,TRUE,200,1109,255,3.73146867752075,"2026-05-23T15:57:47.355277Z","2026-05-23T15:57:51.086746Z",1779551867.35528,1779551871.08675,0.00073,0.000852,0.000903,3.716288,3.716425,3.715385,0.000137000000000054,3.7083,0.023168677520752
"2026-05-23T15:57:51.273Z","run_bootstrap",136,"http://client2:8000","run","http://client2:8000/run",1,TRUE,200,1109,255,3.9106273651123,"2026-05-23T15:57:47.355604Z","2026-05-23T15:57:51.266231Z",1779551867.3556,1779551871.26623,0.000737,0.000852,0.000895,3.895381,3.895538,3.894486,0.000157000000000185,3.8878,0.0228273651123048
"2026-05-23T15:57:51.273Z","run_bootstrap",136,"http://client3:8000","run","http://client3:8000/run",1,TRUE,200,1109,257,3.62415027618408,"2026-05-23T15:57:47.355772Z","2026-05-23T15:57:50.979923Z",1779551867.35577,1779551870.97992,0.000886,0.000957,0.000987,3.609182,3.609341,3.608195,0.00015900000000002,3.6016,0.0225502761840821
"2026-05-23T15:57:55.181Z","run_bootstrap",137,"http://client1:8000","run","http://client1:8000/run",1,TRUE,200,1109,254,3.71739912033081,"2026-05-23T15:57:51.285773Z","2026-05-23T15:57:55.003172Z",1779551871.28577,1779551875.00317,0.00066,0.00072,0.000745,3.702429,3.702577,3.701684,0.000147999999999815,3.6946,0.0227991203308107
"2026-05-23T15:57:55.181Z","run_bootstrap",137,"http://client2:8000","run","http://client2:8000/run",1,TRUE,200,1109,252,3.89000725746155,"2026-05-23T15:57:51.286469Z","2026-05-23T15:57:55.176476Z",1779551871.28647,1779551875.17648,5e-04,0.000584,0.00061,3.876558,3.876695,3.875948,0.00013699999999961,3.869,0.0210072574615476
"2026-05-23T15:57:55.181Z","run_bootstrap",137,"http://client3:8000","run","http://client3:8000/run",1,TRUE,200,1109,257,3.68659925460815,"2026-05-23T15:57:51.287673Z","2026-05-23T15:57:54.974273Z",1779551871.28767,1779551874.97427,0.00055,0.000622,0.000657,3.674141,3.674266,3.673484,0.000124999999999709,3.6669,0.0196992546081542
"2026-05-23T15:57:59.108Z","run_bootstrap",138,"http://client1:8000","run","http://client1:8000/run",1,TRUE,200,1109,254,3.90939736366272,"2026-05-23T15:57:55.193221Z","2026-05-23T15:57:59.102618Z",1779551875.19322,1779551879.10262,0.000675,0.000786,0.000822,3.891026,3.891157,3.890204,0.000131000000000103,3.8831,0.0262973636627195
"2026-05-23T15:57:59.108Z","run_bootstrap",138,"http://client2:8000","run","http://client2:8000/run",1,TRUE,200,1109,253,3.49853897094727,"2026-05-23T15:57:55.195011Z","2026-05-23T15:57:58.693550Z",1779551875.19501,1779551878.69355,0.000716,0.000865,0.000909,3.481307,3.481416,3.480398,0.000108999999999693,3.4696,0.0289389709472658
"2026-05-23T15:57:59.108Z","run_bootstrap",138,"http://client3:8000","run","http://client3:8000/run",1,TRUE,200,1109,257,3.72738003730774,"2026-05-23T15:57:55.195677Z","2026-05-23T15:57:58.923058Z",1779551875.19568,1779551878.92306,0.000652,0.000743,0.000775,3.710624,3.710907,3.709849,0.000283000000000033,3.7005,0.0268800373077394
"2026-05-23T15:58:03.071Z","run_bootstrap",139,"http://client1:8000","run","http://client1:8000/run",1,TRUE,200,1108,253,3.65495705604553,"2026-05-23T15:57:59.122882Z","2026-05-23T15:58:02.777839Z",1779551879.12288,1779551882.77784,0.000714,0.000797,0.000827,3.639451,3.639614,3.638624,0.000162999999999691,3.6317,0.0232570560455323
"2026-05-23T15:58:03.071Z","run_bootstrap",139,"http://client2:8000","run","http://client2:8000/run",1,TRUE,200,1108,253,3.94405555725098,"2026-05-23T15:57:59.123426Z","2026-05-23T15:58:03.067482Z",1779551879.12343,1779551883.06748,0.000605,0.000683,0.000705,3.929667,3.929795,3.928962,0.000128000000000128,3.9224,0.0216555572509765
"2026-05-23T15:58:03.071Z","run_bootstrap",139,"http://client3:8000","run","http://client3:8000/run",1,TRUE,200,1108,257,3.79382944107056,"2026-05-23T15:57:59.124093Z","2026-05-23T15:58:02.917922Z",1779551879.12409,1779551882.91792,0.000629,0.000703,0.000733,3.777298,3.777427,3.776565,0.000128999999999824,3.7702,0.0236294410705566
"2026-05-23T15:58:07.215Z","run_bootstrap",140,"http://client1:8000","run","http://client1:8000/run",1,TRUE,200,1108,253,3.84235525131226,"2026-05-23T15:58:03.083560Z","2026-05-23T15:58:06.925916Z",1779551883.08356,1779551886.92592,0.00071,0.000817,0.000855,3.828556,3.828678,3.827701,0.000122000000000178,3.6718,0.170555251312256
"2026-05-23T15:58:07.215Z","run_bootstrap",140,"http://client2:8000","run","http://client2:8000/run",1,TRUE,200,1108,253,4.12693667411804,"2026-05-23T15:58:03.084304Z","2026-05-23T15:58:07.211241Z",1779551883.0843,1779551887.21124,0.000651,0.000769,0.000811,4.113777,4.11391,4.112966,0.000132999999999939,3.9496,0.177336674118042
"2026-05-23T15:58:07.215Z","run_bootstrap",140,"http://client3:8000","run","http://client3:8000/run",1,TRUE,200,1108,257,3.90861678123474,"2026-05-23T15:58:03.085858Z","2026-05-23T15:58:06.994474Z",1779551883.08586,1779551886.99447,0.000495,0.000586,0.000627,3.896875,3.89698,3.896248,0.000105000000000022,3.7196,0.189016781234741
"2026-05-23T15:58:10.907Z","run_bootstrap",141,"http://client1:8000","run","http://client1:8000/run",1,TRUE,200,1109,254,3.57711362838745,"2026-05-23T15:58:07.227474Z","2026-05-23T15:58:10.804588Z",1779551887.22747,1779551890.80459,0.000668,0.00076,8e-04,3.555031,3.555141,3.554231,0.000109999999999832,3.5472,0.029913628387451
"2026-05-23T15:58:10.907Z","run_bootstrap",141,"http://client2:8000","run","http://client2:8000/run",1,TRUE,200,1109,253,3.67414355278015,"2026-05-23T15:58:07.228123Z","2026-05-23T15:58:10.902267Z",1779551887.22812,1779551890.90227,0.000697,0.000784,0.000821,3.652823,3.652951,3.652002,0.000127999999999684,3.6454,0.0287435527801514
"2026-05-23T15:58:10.907Z","run_bootstrap",141,"http://client3:8000","run","http://client3:8000/run",1,TRUE,200,1109,255,3.49258542060852,"2026-05-23T15:58:07.228819Z","2026-05-23T15:58:10.721404Z",1779551887.22882,1779551890.7214,0.000755,0.000889,0.000931,3.478302,3.478411,3.477371,0.000109000000000137,3.4712,0.0213854206085204
"2026-05-23T15:58:14.516Z","run_bootstrap",142,"http://client1:8000","run","http://client1:8000/run",1,TRUE,200,1109,254,3.44513845443726,"2026-05-23T15:58:10.920657Z","2026-05-23T15:58:14.365796Z",1779551890.92066,1779551894.3658,0.000511,0.000626,0.000672,3.428723,3.428781,3.428051,5.79999999996694e-05,3.4208,0.024338454437256
"2026-05-23T15:58:14.516Z","run_bootstrap",142,"http://client2:8000","run","http://client2:8000/run",1,TRUE,200,1109,253,3.54597067832947,"2026-05-23T15:58:10.920317Z","2026-05-23T15:58:14.466288Z",1779551890.92032,1779551894.46629,0.000738,0.000848,0.000891,3.530635,3.530785,3.529744,0.00014999999999965,3.5232,0.0227706783294677
"2026-05-23T15:58:14.516Z","run_bootstrap",142,"http://client3:8000","run","http://client3:8000/run",1,TRUE,200,1109,255,3.59141421318054,"2026-05-23T15:58:10.920549Z","2026-05-23T15:58:14.511963Z",1779551890.92055,1779551894.51196,8e-04,0.000876,0.000921,3.577233,3.577358,3.576312,0.000124999999999709,3.5696,0.0218142131805421
"2026-05-23T15:58:18.168Z","run_bootstrap",143,"http://client1:8000","run","http://client1:8000/run",1,TRUE,200,1109,254,3.51923084259033,"2026-05-23T15:58:14.528868Z","2026-05-23T15:58:18.048099Z",1779551894.52887,1779551898.0481,0.000589,0.000726,0.000766,3.503926,3.504055,3.50316,0.000129000000000268,3.4965,0.0227308425903319
"2026-05-23T15:58:18.168Z","run_bootstrap",143,"http://client2:8000","run","http://client2:8000/run",1,TRUE,200,1109,253,3.63529372215271,"2026-05-23T15:58:14.528778Z","2026-05-23T15:58:18.164071Z",1779551894.52878,1779551898.16407,0.000937,0.00105,0.001093,3.620777,3.620907,3.619684,0.000129999999999963,3.6132,0.02209372215271
"2026-05-23T15:58:18.168Z","run_bootstrap",143,"http://client3:8000","run","http://client3:8000/run",1,TRUE,200,1109,256,3.47602105140686,"2026-05-23T15:58:14.530136Z","2026-05-23T15:58:18.006157Z",1779551894.53014,1779551898.00616,0.000376,0.000485,0.000523,3.459174,3.45934,3.458651,0.000166000000000111,3.4506,0.0254210514068602
"2026-05-23T15:58:21.777Z","run_bootstrap",144,"http://client1:8000","run","http://client1:8000/run",1,TRUE,200,1109,254,3.54540491104126,"2026-05-23T15:58:18.185446Z","2026-05-23T15:58:21.730851Z",1779551898.18545,1779551901.73085,0.000417,0.00051,0.000535,3.533195,3.533345,3.53266,0.000150000000000095,3.5252,0.0202049110412599
"2026-05-23T15:58:21.777Z","run_bootstrap",144,"http://client2:8000","run","http://client2:8000/run",1,TRUE,200,1109,253,3.58775520324707,"2026-05-23T15:58:18.185854Z","2026-05-23T15:58:21.773609Z",1779551898.18585,1779551901.77361,0.000493,0.000558,0.000578,3.576633,3.576788,3.576055,0.000154999999999905,3.5696,0.0181552032470704
"2026-05-23T15:58:21.777Z","run_bootstrap",144,"http://client3:8000","run","http://client3:8000/run",1,TRUE,200,1109,256,3.50774526596069,"2026-05-23T15:58:18.187752Z","2026-05-23T15:58:21.695497Z",1779551898.18775,1779551901.6955,0.000489,0.000569,6e-04,3.497332,3.497474,3.496732,0.000141999999999864,3.4904,0.0173452659606932
"2026-05-23T15:58:25.577Z","run_bootstrap",145,"http://client1:8000","run","http://client1:8000/run",1,TRUE,200,1107,252,3.62470078468323,"2026-05-23T15:58:21.791151Z","2026-05-23T15:58:25.415852Z",1779551901.79115,1779551905.41585,0.000513,0.00058,0.000607,3.610085,3.610358,3.609478,0.000272999999999968,3.6024,0.0223007846832277
"2026-05-23T15:58:25.577Z","run_bootstrap",145,"http://client2:8000","run","http://client2:8000/run",1,TRUE,200,1107,253,3.78008532524109,"2026-05-23T15:58:21.790613Z","2026-05-23T15:58:25.570698Z",1779551901.79061,1779551905.5707,0.000694,0.000816,0.000851,3.766336,3.766497,3.765485,0.0001610000000003,3.7594,0.020685325241089
"2026-05-23T15:58:25.577Z","run_bootstrap",145,"http://client3:8000","run","http://client3:8000/run",1,TRUE,200,1107,256,3.52652907371521,"2026-05-23T15:58:21.792340Z","2026-05-23T15:58:25.318869Z",1779551901.79234,1779551905.31887,0.000594,0.000684,0.000717,3.508319,3.508441,3.507602,0.000121999999999733,3.5002,0.02632907371521
"2026-05-23T15:58:29.392Z","run_bootstrap",146,"http://client1:8000","run","http://client1:8000/run",1,TRUE,200,1107,252,3.79425096511841,"2026-05-23T15:58:25.590759Z","2026-05-23T15:58:29.385010Z",1779551905.59076,1779551909.38501,0.00054,0.000619,0.000641,3.780526,3.780682,3.779885,0.000156000000000045,3.7727,0.0215509651184083
"2026-05-23T15:58:29.392Z","run_bootstrap",146,"http://client2:8000","run","http://client2:8000/run",1,TRUE,200,1107,253,3.5318124294281,"2026-05-23T15:58:25.591132Z","2026-05-23T15:58:29.122945Z",1779551905.59113,1779551909.12295,0.000586,0.000663,0.000692,3.516195,3.516342,3.515503,0.000146999999999675,3.5094,0.0224124294281007
"2026-05-23T15:58:29.392Z","run_bootstrap",146,"http://client3:8000","run","http://client3:8000/run",1,TRUE,200,1107,256,3.59598326683044,"2026-05-23T15:58:25.590430Z","2026-05-23T15:58:29.186414Z",1779551905.59043,1779551909.18641,0.000538,0.000612,0.000635,3.581972,3.582105,3.581337,0.000132999999999939,3.5754,0.0205832668304442
"2026-05-23T15:58:33.163Z","run_bootstrap",147,"http://client1:8000","run","http://client1:8000/run",1,TRUE,200,1110,253,3.56672692298889,"2026-05-23T15:58:29.404588Z","2026-05-23T15:58:32.971315Z",1779551909.40459,1779551912.97132,0.000715,0.000798,0.000833,3.550734,3.550882,3.549901,0.000148000000000259,3.5434,0.0233269229888915
"2026-05-23T15:58:33.163Z","run_bootstrap",147,"http://client2:8000","run","http://client2:8000/run",1,TRUE,200,1110,253,3.7530825138092,"2026-05-23T15:58:29.405019Z","2026-05-23T15:58:33.158101Z",1779551909.40502,1779551913.1581,0.000616,0.000693,0.000738,3.73753,3.737669,3.736792,0.000138999999999889,3.7304,0.0226825138092042
"2026-05-23T15:58:33.163Z","run_bootstrap",147,"http://client3:8000","run","http://client3:8000/run",1,TRUE,200,1110,255,3.49864959716797,"2026-05-23T15:58:29.405487Z","2026-05-23T15:58:32.904136Z",1779551909.40549,1779551912.90414,0.000522,0.000603,0.000631,3.483524,3.483669,3.482893,0.00014499999999984,3.4749,0.0237495971679689
"2026-05-23T15:58:36.839Z","run_bootstrap",148,"http://client1:8000","run","http://client1:8000/run",1,TRUE,200,1110,253,3.65387153625488,"2026-05-23T15:58:33.177556Z","2026-05-23T15:58:36.831428Z",1779551913.17756,1779551916.83143,0.000527,0.000619,0.000661,3.63258,3.632713,3.631919,0.000132999999999939,3.6254,0.0284715362548829
"2026-05-23T15:58:36.839Z","run_bootstrap",148,"http://client2:8000","run","http://client2:8000/run",1,TRUE,200,1110,252,3.59459090232849,"2026-05-23T15:58:33.178132Z","2026-05-23T15:58:36.772723Z",1779551913.17813,1779551916.77272,0.000821,0.000877,0.000936,3.579598,3.579698,3.578662,0.000100000000000211,3.572,0.0225909023284911
"2026-05-23T15:58:36.839Z","run_bootstrap",148,"http://client3:8000","run","http://client3:8000/run",1,TRUE,200,1110,255,3.54142761230469,"2026-05-23T15:58:33.178831Z","2026-05-23T15:58:36.720259Z",1779551913.17883,1779551916.72026,0.000633,0.000741,0.000801,3.527128,3.527276,3.526327,0.000148000000000259,3.5196,0.0218276123046874
"2026-05-23T15:58:40.659Z","run_bootstrap",149,"http://client1:8000","run","http://client1:8000/run",1,TRUE,200,1108,248,3.63253211975098,"2026-05-23T15:58:36.853207Z","2026-05-23T15:58:40.485739Z",1779551916.85321,1779551920.48574,0.000643,0.000754,0.000789,3.609596,3.609677,3.608807,8.10000000002198e-05,3.6014,0.0311321197509766
"2026-05-23T15:58:40.659Z","run_bootstrap",149,"http://client2:8000","run","http://client2:8000/run",1,TRUE,200,1108,251,3.80036473274231,"2026-05-23T15:58:36.853564Z","2026-05-23T15:58:40.653929Z",1779551916.85356,1779551920.65393,0.000513,0.000627,0.000663,3.776739,3.776773,3.776076,3.39999999998675e-05,3.7687,0.0316647327423096
"2026-05-23T15:58:40.659Z","run_bootstrap",149,"http://client3:8000","run","http://client3:8000/run",1,TRUE,200,1108,254,3.53120422363281,"2026-05-23T15:58:36.854136Z","2026-05-23T15:58:40.385340Z",1779551916.85414,1779551920.38534,0.000702,0.000817,0.000855,3.511842,3.511886,3.510987,4.3999999999933e-05,3.5002,0.0310042236328125
"2026-05-23T15:58:44.472Z","run_bootstrap",150,"http://client1:8000","run","http://client1:8000/run",1,TRUE,200,1108,248,3.5889732837677,"2026-05-23T15:58:40.673091Z","2026-05-23T15:58:44.262064Z",1779551920.67309,1779551924.26206,0.000633,0.00076,0.000802,3.575377,3.575509,3.574575,0.000131999999999799,3.5678,0.0211732837677001
"2026-05-23T15:58:44.472Z","run_bootstrap",150,"http://client2:8000","run","http://client2:8000/run",1,TRUE,200,1108,251,3.58233690261841,"2026-05-23T15:58:40.674909Z","2026-05-23T15:58:44.257246Z",1779551920.67491,1779551924.25725,0.000684,0.000747,0.000779,3.560798,3.560928,3.560019,0.000129999999999963,3.5537,0.0286369026184081
"2026-05-23T15:58:44.472Z","run_bootstrap",150,"http://client3:8000","run","http://client3:8000/run",1,TRUE,200,1108,254,3.7898850440979,"2026-05-23T15:58:40.675303Z","2026-05-23T15:58:44.465188Z",1779551920.6753,1779551924.46519,0.000633,0.000745,0.00078,3.771967,3.772086,3.771187,0.000118999999999758,3.7641,0.0257850440979004
"2026-05-23T15:58:48.303Z","run_bootstrap",151,"http://client1:8000","run","http://client1:8000/run",1,TRUE,200,1110,249,3.69136595726013,"2026-05-23T15:58:44.484403Z","2026-05-23T15:58:48.175769Z",1779551924.4844,1779551928.17577,6e-04,0.000691,0.000721,3.670779,3.670916,3.670058,0.000137000000000054,3.6631,0.0282659572601318
"2026-05-23T15:58:48.303Z","run_bootstrap",151,"http://client2:8000","run","http://client2:8000/run",1,TRUE,200,1110,252,3.81141209602356,"2026-05-23T15:58:44.484646Z","2026-05-23T15:58:48.296058Z",1779551924.48465,1779551928.29606,0.000601,0.000684,0.000707,3.791081,3.791218,3.790374,0.000137000000000054,3.7838,0.0276120960235597
"2026-05-23T15:58:48.303Z","run_bootstrap",151,"http://client3:8000","run","http://client3:8000/run",1,TRUE,200,1110,253,3.59445667266846,"2026-05-23T15:58:44.485208Z","2026-05-23T15:58:48.079665Z",1779551924.48521,1779551928.07967,0.000434,0.000508,0.000537,3.574143,3.574261,3.573606,0.000118000000000062,3.5665,0.027956672668457
"2026-05-23T15:58:52.310Z","run_bootstrap",152,"http://client1:8000","run","http://client1:8000/run",1,TRUE,200,1110,249,3.98725342750549,"2026-05-23T15:58:48.318511Z","2026-05-23T15:58:52.305765Z",1779551928.31851,1779551932.30577,0.000572,0.000654,0.000685,3.973052,3.973172,3.972367,0.000119999999999898,3.9659,0.0213534275054932
"2026-05-23T15:58:52.310Z","run_bootstrap",152,"http://client2:8000","run","http://client2:8000/run",1,TRUE,200,1110,252,3.52663969993591,"2026-05-23T15:58:48.319383Z","2026-05-23T15:58:51.846023Z",1779551928.31938,1779551931.84602,0.000527,0.000647,0.000684,3.513561,3.513812,3.512877,0.000251000000000001,3.5052,0.0214396999359132
"2026-05-23T15:58:52.310Z","run_bootstrap",152,"http://client3:8000","run","http://client3:8000/run",1,TRUE,200,1110,253,3.58183622360229,"2026-05-23T15:58:48.320066Z","2026-05-23T15:58:51.901902Z",1779551928.32007,1779551931.9019,0.000555,0.000653,0.000687,3.569314,3.569431,3.568627,0.000116999999999923,3.5605,0.0213362236022947
"2026-05-23T15:58:56.342Z","run_bootstrap",153,"http://client1:8000","run","http://client1:8000/run",1,TRUE,200,1106,250,3.76774835586548,"2026-05-23T15:58:52.321266Z","2026-05-23T15:58:56.089014Z",1779551932.32127,1779551936.08901,0.000645,0.000753,0.000788,3.752873,3.753011,3.752085,0.000137999999999749,3.7442,0.0235483558654783
"2026-05-23T15:58:56.342Z","run_bootstrap",153,"http://client2:8000","run","http://client2:8000/run",1,TRUE,200,1106,253,4.01099920272827,"2026-05-23T15:58:52.323694Z","2026-05-23T15:58:56.334693Z",1779551932.32369,1779551936.33469,0.000577,0.000684,0.000719,3.993406,3.993536,3.992687,0.000130000000000408,3.9863,0.0246992027282715
"2026-05-23T15:58:56.342Z","run_bootstrap",153,"http://client3:8000","run","http://client3:8000/run",1,TRUE,200,1106,256,3.75845646858215,"2026-05-23T15:58:52.323822Z","2026-05-23T15:58:56.082278Z",1779551932.32382,1779551936.08228,0.000555,0.000641,0.000675,3.741895,3.742001,3.74122,0.000106000000000162,3.7339,0.0245564685821531
"2026-05-23T15:59:00.509Z","run_bootstrap",154,"http://client1:8000","run","http://client1:8000/run",1,TRUE,200,1106,250,4.14715600013733,"2026-05-23T15:58:56.357178Z","2026-05-23T15:59:00.504334Z",1779551936.35718,1779551940.50433,0.000508,0.000588,0.000624,4.126504,4.126645,4.12588,0.000141000000000169,4.1182,0.0289560001373292
"2026-05-23T15:59:00.509Z","run_bootstrap",154,"http://client2:8000","run","http://client2:8000/run",1,TRUE,200,1106,253,4.0541410446167,"2026-05-23T15:58:56.357271Z","2026-05-23T15:59:00.411412Z",1779551936.35727,1779551940.41141,0.000598,0.000647,0.000685,4.04048,4.040616,4.039795,0.000136000000000358,4.0338,0.0203410446166989
"2026-05-23T15:59:00.509Z","run_bootstrap",154,"http://client3:8000","run","http://client3:8000/run",1,TRUE,200,1106,256,3.85696411132812,"2026-05-23T15:58:56.357527Z","2026-05-23T15:59:00.214491Z",1779551936.35753,1779551940.21449,0.00042,0.000501,0.000528,3.843263,3.843388,3.842735,0.000125000000000153,3.8364,0.0205641113281252
"2026-05-23T15:59:04.648Z","run_bootstrap",155,"http://client1:8000","run","http://client1:8000/run",1,TRUE,200,1107,251,4.12236285209656,"2026-05-23T15:59:00.521165Z","2026-05-23T15:59:04.643527Z",1779551940.52117,1779551944.64353,0.000651,0.000728,0.00075,4.104,4.104036,4.10325,3.59999999997029e-05,4.0953,0.0270628520965577
"2026-05-23T15:59:04.648Z","run_bootstrap",155,"http://client2:8000","run","http://client2:8000/run",1,TRUE,200,1107,253,4.11522269248962,"2026-05-23T15:59:00.521773Z","2026-05-23T15:59:04.636996Z",1779551940.52177,1779551944.637,0.000675,0.00073,0.00075,4.098104,4.098137,4.097354,3.30000000001718e-05,4.0884,0.026822692489624
"2026-05-23T15:59:04.648Z","run_bootstrap",155,"http://client3:8000","run","http://client3:8000/run",1,TRUE,200,1107,256,3.86588954925537,"2026-05-23T15:59:00.522239Z","2026-05-23T15:59:04.388128Z",1779551940.52224,1779551944.38813,0.000821,0.001026,0.001058,3.849305,3.849344,3.848247,3.89999999996782e-05,3.8422,0.023689549255371
"2026-05-23T15:59:08.697Z","run_bootstrap",156,"http://client1:8000","run","http://client1:8000/run",1,TRUE,200,1107,251,3.77237272262573,"2026-05-23T15:59:04.663167Z","2026-05-23T15:59:08.435539Z",1779551944.66317,1779551948.43554,0.000505,0.000628,0.000665,3.754856,3.754994,3.754191,0.000137999999999749,3.7466,0.0257727226257325
"2026-05-23T15:59:08.697Z","run_bootstrap",156,"http://client2:8000","run","http://client2:8000/run",1,TRUE,200,1107,253,3.80921292304993,"2026-05-23T15:59:04.663798Z","2026-05-23T15:59:08.473011Z",1779551944.6638,1779551948.47301,0.000692,0.000805,0.000844,3.793502,3.793649,3.792658,0.000146999999999675,3.7861,0.023112923049927
"2026-05-23T15:59:08.697Z","run_bootstrap",156,"http://client3:8000","run","http://client3:8000/run",1,TRUE,200,1107,256,4.02846956253052,"2026-05-23T15:59:04.663022Z","2026-05-23T15:59:08.691492Z",1779551944.66302,1779551948.69149,0.000725,0.000837,0.000871,4.014366,4.014516,4.013495,0.000150000000000539,4.0065,0.0219695625305176
"2026-05-23T15:59:12.620Z","run_bootstrap",157,"http://client1:8000","run","http://client1:8000/run",1,TRUE,200,1107,251,3.64497661590576,"2026-05-23T15:59:08.708806Z","2026-05-23T15:59:12.353782Z",1779551948.70881,1779551952.35378,0.000635,0.000743,0.000777,3.625331,3.625393,3.624554,6.19999999997844e-05,3.6144,0.0305766159057619
"2026-05-23T15:59:12.620Z","run_bootstrap",157,"http://client2:8000","run","http://client2:8000/run",1,TRUE,200,1107,252,3.86344695091248,"2026-05-23T15:59:08.709565Z","2026-05-23T15:59:12.573012Z",1779551948.70957,1779551952.57301,0.000724,0.000839,0.000876,3.842041,3.84218,3.841165,0.000138999999999889,3.8338,0.0296469509124755
"2026-05-23T15:59:12.620Z","run_bootstrap",157,"http://client3:8000","run","http://client3:8000/run",1,TRUE,200,1107,253,3.90588283538818,"2026-05-23T15:59:08.710093Z","2026-05-23T15:59:12.615976Z",1779551948.71009,1779551952.61598,0.000562,0.000681,0.000718,3.884899,3.885036,3.884181,0.000137000000000054,3.8766,0.0292828353881838
"2026-05-23T15:59:16.466Z","run_bootstrap",158,"http://client1:8000","run","http://client1:8000/run",1,TRUE,200,1107,250,2.66515874862671,"2026-05-23T15:59:12.632640Z","2026-05-23T15:59:15.297799Z",1779551952.63264,1779551955.2978,0.000589,0.000694,0.00073,2.650323,2.650449,2.649593,0.000125999999999848,2.639,0.0261587486267092
"2026-05-23T15:59:16.466Z","run_bootstrap",158,"http://client2:8000","run","http://client2:8000/run",1,TRUE,200,1107,251,3.72989010810852,"2026-05-23T15:59:12.634373Z","2026-05-23T15:59:16.364264Z",1779551952.63437,1779551956.36426,0.000682,0.000766,0.000799,3.714863,3.714978,3.714064,0.000115000000000087,3.708,0.0218901081085203
"2026-05-23T15:59:16.466Z","run_bootstrap",158,"http://client3:8000","run","http://client3:8000/run",1,TRUE,200,1107,252,3.8265438079834,"2026-05-23T15:59:12.634902Z","2026-05-23T15:59:16.461445Z",1779551952.6349,1779551956.46145,0.000623,0.00071,0.000747,3.811974,3.812109,3.811227,0.000134999999999774,3.805,0.0215438079833983
"2026-05-23T15:59:20.139Z","run_bootstrap",159,"http://client1:8000","run","http://client1:8000/run",1,TRUE,200,1109,250,3.57010293006897,"2026-05-23T15:59:16.479966Z","2026-05-23T15:59:20.050069Z",1779551956.47997,1779551960.05007,0.000589,0.000694,0.000734,3.555155,3.5553,3.554421,0.00014499999999984,3.547,0.0231029300689696
"2026-05-23T15:59:20.139Z","run_bootstrap",159,"http://client2:8000","run","http://client2:8000/run",1,TRUE,200,1109,252,3.65235877037048,"2026-05-23T15:59:16.481884Z","2026-05-23T15:59:20.134243Z",1779551956.48188,1779551960.13424,0.000652,0.000759,8e-04,3.62879,3.628927,3.62799,0.000137000000000054,3.6216,0.0307587703704835
"2026-05-23T15:59:20.139Z","run_bootstrap",159,"http://client3:8000","run","http://client3:8000/run",1,TRUE,200,1109,254,3.31878113746643,"2026-05-23T15:59:16.482313Z","2026-05-23T15:59:19.801094Z",1779551956.48231,1779551959.80109,0.000649,0.000754,0.000797,3.295622,3.295769,3.294825,0.000147000000000119,3.2886,0.0301811374664305
"2026-05-23T15:59:23.858Z","run_bootstrap",160,"http://client1:8000","run","http://client1:8000/run",1,TRUE,200,1109,251,3.60318827629089,"2026-05-23T15:59:20.152143Z","2026-05-23T15:59:23.755332Z",1779551960.15214,1779551963.75533,0.000571,0.000625,0.000651,3.585188,3.585221,3.584537,3.30000000001718e-05,3.4353,0.167888276290894
"2026-05-23T15:59:23.858Z","run_bootstrap",160,"http://client2:8000","run","http://client2:8000/run",1,TRUE,200,1109,252,3.70190000534058,"2026-05-23T15:59:20.152806Z","2026-05-23T15:59:23.854706Z",1779551960.15281,1779551963.85471,0.000493,0.000576,6e-04,3.684612,3.684653,3.684012,4.09999999999577e-05,3.5307,0.171200005340576
"2026-05-23T15:59:23.858Z","run_bootstrap",160,"http://client3:8000","run","http://client3:8000/run",1,TRUE,200,1109,254,3.67492651939392,"2026-05-23T15:59:20.154473Z","2026-05-23T15:59:23.829399Z",1779551960.15447,1779551963.8294,0.000542,0.000617,0.000649,3.658,3.65803,3.657351,3.00000000001965e-05,3.4978,0.177126519393921
"2026-05-23T15:59:27.535Z","run_bootstrap",161,"http://client1:8000","run","http://client1:8000/run",1,TRUE,200,1107,253,3.40817475318909,"2026-05-23T15:59:23.871741Z","2026-05-23T15:59:27.279916Z",1779551963.87174,1779551967.27992,0.000614,0.000732,0.000768,3.394092,3.394231,3.393324,0.000138999999999889,3.3872,0.0209747531890869
"2026-05-23T15:59:27.535Z","run_bootstrap",161,"http://client2:8000","run","http://client2:8000/run",1,TRUE,200,1107,252,3.65830206871033,"2026-05-23T15:59:23.872596Z","2026-05-23T15:59:27.530898Z",1779551963.8726,1779551967.5309,0.000483,0.000559,0.000592,3.644957,3.645089,3.644365,0.000132000000000243,3.6385,0.0198020687103271
"2026-05-23T15:59:27.535Z","run_bootstrap",161,"http://client3:8000","run","http://client3:8000/run",1,TRUE,200,1107,254,3.44954633712769,"2026-05-23T15:59:23.874426Z","2026-05-23T15:59:27.323972Z",1779551963.87443,1779551967.32397,0.000708,0.000819,0.000853,3.429516,3.429672,3.428663,0.000156000000000045,3.4229,0.0266463371276857
"2026-05-23T15:59:31.247Z","run_bootstrap",162,"http://client1:8000","run","http://client1:8000/run",1,TRUE,200,1107,253,3.44945311546326,"2026-05-23T15:59:27.548389Z","2026-05-23T15:59:30.997843Z",1779551967.54839,1779551970.99784,0.000449,0.000546,0.000568,3.430701,3.430833,3.430133,0.000131999999999799,3.4221,0.0273531154632569
"2026-05-23T15:59:31.247Z","run_bootstrap",162,"http://client2:8000","run","http://client2:8000/run",1,TRUE,200,1107,252,3.55723810195923,"2026-05-23T15:59:27.549099Z","2026-05-23T15:59:31.106337Z",1779551967.5491,1779551971.10634,0.000607,0.000656,0.000673,3.540006,3.540127,3.539333,0.000121000000000038,3.5315,0.0257381019592287
"2026-05-23T15:59:31.247Z","run_bootstrap",162,"http://client3:8000","run","http://client3:8000/run",1,TRUE,200,1107,252,3.69337511062622,"2026-05-23T15:59:27.549774Z","2026-05-23T15:59:31.243149Z",1779551967.54977,1779551971.24315,0.000481,0.000542,0.000564,3.676832,3.676954,3.676268,0.000121999999999733,3.67,0.0233751106262208
"2026-05-23T15:59:34.960Z","run_bootstrap",163,"http://client1:8000","run","http://client1:8000/run",1,TRUE,200,1109,253,3.45614528656006,"2026-05-23T15:59:31.259557Z","2026-05-23T15:59:34.715703Z",1779551971.25956,1779551974.7157,0.000713,0.000831,0.000868,3.440649,3.440828,3.439781,0.000179000000000151,3.4333,0.0228452865600586
"2026-05-23T15:59:34.960Z","run_bootstrap",163,"http://client2:8000","run","http://client2:8000/run",1,TRUE,200,1109,253,3.69558477401733,"2026-05-23T15:59:31.260116Z","2026-05-23T15:59:34.955701Z",1779551971.26012,1779551974.9557,0.000536,0.000624,0.000656,3.675484,3.675615,3.674828,0.000131000000000103,3.6685,0.0270847740173341
"2026-05-23T15:59:34.960Z","run_bootstrap",163,"http://client3:8000","run","http://client3:8000/run",1,TRUE,200,1109,255,3.69297957420349,"2026-05-23T15:59:31.259434Z","2026-05-23T15:59:34.952414Z",1779551971.25943,1779551974.95241,0.00066,0.000764,0.000801,3.679072,3.679219,3.678271,0.000146999999999675,3.6715,0.0214795742034912
"2026-05-23T15:59:38.755Z","run_bootstrap",164,"http://client1:8000","run","http://client1:8000/run",1,TRUE,200,1109,253,3.77703976631165,"2026-05-23T15:59:34.973487Z","2026-05-23T15:59:38.750527Z",1779551974.97349,1779551978.75053,0.00059,0.000723,0.000764,3.760144,3.760266,3.75938,0.000122000000000178,3.7431,0.0339397663116454
"2026-05-23T15:59:38.755Z","run_bootstrap",164,"http://client2:8000","run","http://client2:8000/run",1,TRUE,200,1109,253,3.53952836990356,"2026-05-23T15:59:34.974259Z","2026-05-23T15:59:38.513787Z",1779551974.97426,1779551978.51379,0.000633,0.00073,0.000766,3.522508,3.522654,3.521742,0.000145999999999979,3.5156,0.0239283699035644
"2026-05-23T15:59:38.755Z","run_bootstrap",164,"http://client3:8000","run","http://client3:8000/run",1,TRUE,200,1109,255,3.3172492980957,"2026-05-23T15:59:34.974273Z","2026-05-23T15:59:38.291522Z",1779551974.97427,1779551978.29152,0.000631,0.000741,0.000777,3.302193,3.302284,3.301416,9.10000000002853e-05,3.2929,0.0243492980957032
"2026-05-23T15:59:42.523Z","run_bootstrap",165,"http://client1:8000","run","http://client1:8000/run",1,TRUE,200,1109,252,3.59395027160645,"2026-05-23T15:59:38.768115Z","2026-05-23T15:59:42.362066Z",1779551978.76812,1779551982.36207,0.000695,0.000832,0.000867,3.574247,3.574375,3.57338,0.000127999999999684,3.5669,0.0270502716064454
"2026-05-23T15:59:42.523Z","run_bootstrap",165,"http://client2:8000","run","http://client2:8000/run",1,TRUE,200,1109,252,3.47915577888489,"2026-05-23T15:59:38.768962Z","2026-05-23T15:59:42.248117Z",1779551978.76896,1779551982.24812,0.000668,0.000754,0.000788,3.456923,3.457055,3.456135,0.000131999999999799,3.4496,0.0295557788848875
"2026-05-23T15:59:42.523Z","run_bootstrap",165,"http://client3:8000","run","http://client3:8000/run",1,TRUE,200,1109,254,3.7485511302948,"2026-05-23T15:59:38.769734Z","2026-05-23T15:59:42.518285Z",1779551978.76973,1779551982.51829,0.000814,0.000878,0.000898,3.727203,3.727338,3.726305,0.000135000000000218,3.7195,0.0290511302947998
"2026-05-23T15:59:46.324Z","run_bootstrap",166,"http://client1:8000","run","http://client1:8000/run",1,TRUE,200,1109,252,3.63736319541931,"2026-05-23T15:59:42.535893Z","2026-05-23T15:59:46.173256Z",1779551982.53589,1779551986.17326,0.000694,0.000817,0.000862,3.616864,3.616904,3.616002,3.9999999999818e-05,3.6096,0.0277631954193116
"2026-05-23T15:59:46.324Z","run_bootstrap",166,"http://client2:8000","run","http://client2:8000/run",1,TRUE,200,1109,252,3.7831289768219,"2026-05-23T15:59:42.536679Z","2026-05-23T15:59:46.319808Z",1779551982.53668,1779551986.31981,0.000603,0.00069,0.000722,3.758552,3.758585,3.75783,3.30000000001718e-05,3.7506,0.0325289768218995
"2026-05-23T15:59:46.324Z","run_bootstrap",166,"http://client3:8000","run","http://client3:8000/run",1,TRUE,200,1109,254,3.58393406867981,"2026-05-23T15:59:42.537315Z","2026-05-23T15:59:46.121249Z",1779551982.53732,1779551986.12125,0.000502,0.000587,0.000618,3.559011,3.559046,3.558393,3.50000000000072e-05,3.5524,0.0315340686798096
"2026-05-23T15:59:50.011Z","run_bootstrap",167,"http://client1:8000","run","http://client1:8000/run",1,TRUE,200,1109,252,3.66834998130798,"2026-05-23T15:59:46.338171Z","2026-05-23T15:59:50.006520Z",1779551986.33817,1779551990.00652,0.00068,0.000763,0.00079,3.647097,3.647218,3.646307,0.000121000000000038,3.6394,0.0289499813079832
"2026-05-23T15:59:50.011Z","run_bootstrap",167,"http://client2:8000","run","http://client2:8000/run",1,TRUE,200,1109,252,3.62364768981934,"2026-05-23T15:59:46.338995Z","2026-05-23T15:59:49.962642Z",1779551986.339,1779551989.96264,0.000637,0.000691,0.00071,3.602419,3.602576,3.601709,0.000157000000000185,3.5954,0.0282476898193358
"2026-05-23T15:59:50.011Z","run_bootstrap",167,"http://client3:8000","run","http://client3:8000/run",1,TRUE,200,1109,252,3.52141261100769,"2026-05-23T15:59:46.339447Z","2026-05-23T15:59:49.860860Z",1779551986.33945,1779551989.86086,0.000738,0.000819,0.00085,3.500762,3.500902,3.499912,0.000140000000000029,3.4913,0.0301126110076906
"2026-05-23T15:59:53.864Z","run_bootstrap",168,"http://client1:8000","run","http://client1:8000/run",1,TRUE,200,1109,252,3.60421466827393,"2026-05-23T15:59:50.022559Z","2026-05-23T15:59:53.626774Z",1779551990.02256,1779551993.62677,0.000646,0.000753,0.000789,3.590078,3.590214,3.589289,0.000135999999999914,3.5828,0.0214146682739256
"2026-05-23T15:59:53.864Z","run_bootstrap",168,"http://client2:8000","run","http://client2:8000/run",1,TRUE,200,1109,252,3.52113461494446,"2026-05-23T15:59:50.024679Z","2026-05-23T15:59:53.545814Z",1779551990.02468,1779551993.54581,0.000645,0.000718,0.000749,3.505654,3.505788,3.504905,0.000134000000000079,3.4983,0.022834614944458
"2026-05-23T15:59:53.864Z","run_bootstrap",168,"http://client3:8000","run","http://client3:8000/run",1,TRUE,200,1109,252,3.83272552490234,"2026-05-23T15:59:50.025017Z","2026-05-23T15:59:53.857743Z",1779551990.02502,1779551993.85774,0.000711,0.000833,0.000875,3.81815,3.818293,3.817275,0.000143000000000004,3.8106,0.0221255249023438
"2026-05-23T15:59:57.736Z","run_bootstrap",169,"http://client1:8000","run","http://client1:8000/run",1,TRUE,200,1107,252,3.57051634788513,"2026-05-23T15:59:53.881060Z","2026-05-23T15:59:57.451576Z",1779551993.88106,1779551997.45158,0.000697,0.000804,0.00084,3.55562,3.555752,3.55478,0.000132000000000243,3.5465,0.0240163478851319
"2026-05-23T15:59:57.736Z","run_bootstrap",169,"http://client2:8000","run","http://client2:8000/run",1,TRUE,200,1107,250,3.84634280204773,"2026-05-23T15:59:53.882927Z","2026-05-23T15:59:57.729270Z",1779551993.88293,1779551997.72927,0.000604,0.000697,0.000731,3.831933,3.832067,3.831202,0.000134000000000079,3.8249,0.0214428020477295
"2026-05-23T15:59:57.736Z","run_bootstrap",169,"http://client3:8000","run","http://client3:8000/run",1,TRUE,200,1107,254,3.65069198608398,"2026-05-23T15:59:53.882759Z","2026-05-23T15:59:57.533451Z",1779551993.88276,1779551997.53345,0.000636,0.000751,0.000788,3.636942,3.637054,3.636154,0.000112000000000112,3.6285,0.0221919860839845
"2026-05-23T16:00:01.457Z","run_bootstrap",170,"http://client1:8000","run","http://client1:8000/run",1,TRUE,200,1107,252,3.68257403373718,"2026-05-23T15:59:57.750873Z","2026-05-23T16:00:01.433447Z",1779551997.75087,1779552001.43345,0.000509,0.000618,0.000656,3.662124,3.662236,3.661468,0.000112000000000112,3.6547,0.0278740337371826
"2026-05-23T16:00:01.457Z","run_bootstrap",170,"http://client2:8000","run","http://client2:8000/run",1,TRUE,200,1107,250,3.69984436035156,"2026-05-23T15:59:57.749927Z","2026-05-23T16:00:01.449772Z",1779551997.74993,1779552001.44977,0.000647,0.000758,0.000797,3.685124,3.68521,3.684327,8.60000000000305e-05,3.6749,0.0249443603515624
"2026-05-23T16:00:01.457Z","run_bootstrap",170,"http://client3:8000","run","http://client3:8000/run",1,TRUE,200,1107,254,3.45083475112915,"2026-05-23T15:59:57.751258Z","2026-05-23T16:00:01.202093Z",1779551997.75126,1779552001.20209,0.000613,0.000725,0.000763,3.437169,3.437332,3.436406,0.000163000000000135,3.4265,0.0243347511291505
"2026-05-23T16:00:05.146Z","run_bootstrap",171,"http://client1:8000","run","http://client1:8000/run",1,TRUE,200,1106,252,3.63399314880371,"2026-05-23T16:00:01.469396Z","2026-05-23T16:00:05.103389Z",1779552001.4694,1779552005.10339,0.000701,0.000811,0.000846,3.619302,3.619348,3.618456,4.60000000002125e-05,3.6112,0.0227931488037107
"2026-05-23T16:00:05.146Z","run_bootstrap",171,"http://client2:8000","run","http://client2:8000/run",1,TRUE,200,1106,252,3.66616439819336,"2026-05-23T16:00:01.470595Z","2026-05-23T16:00:05.136759Z",1779552001.4706,1779552005.13676,0.000527,0.000645,0.000684,3.651915,3.651958,3.651231,4.30000000002373e-05,3.6444,0.0217643981933593
"2026-05-23T16:00:05.146Z","run_bootstrap",171,"http://client3:8000","run","http://client3:8000/run",1,TRUE,200,1106,255,3.62228155136108,"2026-05-23T16:00:01.470993Z","2026-05-23T16:00:05.093274Z",1779552001.47099,1779552005.09327,0.000547,0.000645,0.000684,3.608455,3.608501,3.607771,4.59999999997684e-05,3.6013,0.0209815513610838
"2026-05-23T16:00:09.017Z","run_bootstrap",172,"http://client1:8000","run","http://client1:8000/run",1,TRUE,200,1106,252,3.63448691368103,"2026-05-23T16:00:05.161416Z","2026-05-23T16:00:08.795902Z",1779552005.16142,1779552008.7959,0.000405,0.000493,0.000516,3.621555,3.62168,3.621039,0.000125000000000153,3.6147,0.0197869136810302
"2026-05-23T16:00:09.017Z","run_bootstrap",172,"http://client2:8000","run","http://client2:8000/run",1,TRUE,200,1106,252,3.8505699634552,"2026-05-23T16:00:05.162658Z","2026-05-23T16:00:09.013228Z",1779552005.16266,1779552009.01323,0.000417,0.000478,0.000497,3.837897,3.838036,3.8374,0.000138999999999889,3.8309,0.0196699634552
"2026-05-23T16:00:09.017Z","run_bootstrap",172,"http://client3:8000","run","http://client3:8000/run",1,TRUE,200,1106,255,3.50303626060486,"2026-05-23T16:00:05.161865Z","2026-05-23T16:00:08.664901Z",1779552005.16187,1779552008.6649,0.000539,0.000591,0.00061,3.49015,3.490282,3.48954,0.000132000000000243,3.4812,0.0218362606048585
"2026-05-23T16:00:12.847Z","run_bootstrap",173,"http://client1:8000","run","http://client1:8000/run",1,TRUE,200,1109,252,3.68463444709778,"2026-05-23T16:00:09.029448Z","2026-05-23T16:00:12.714082Z",1779552009.02945,1779552012.71408,0.000706,0.000819,0.000859,3.662707,3.662845,3.661848,0.000137999999999749,3.6541,0.0305344470977782
"2026-05-23T16:00:12.847Z","run_bootstrap",173,"http://client2:8000","run","http://client2:8000/run",1,TRUE,200,1109,252,3.80961871147156,"2026-05-23T16:00:09.030150Z","2026-05-23T16:00:12.839769Z",1779552009.03015,1779552012.83977,0.000753,0.000848,0.000885,3.788408,3.788553,3.787523,0.00014499999999984,3.7811,0.0285187114715577
"2026-05-23T16:00:12.847Z","run_bootstrap",173,"http://client3:8000","run","http://client3:8000/run",1,TRUE,200,1109,255,3.56208443641663,"2026-05-23T16:00:09.030565Z","2026-05-23T16:00:12.592649Z",1779552009.03057,1779552012.59265,0.000731,0.000805,0.000845,3.541703,3.54184,3.540858,0.000137000000000054,3.5343,0.027784436416626
"2026-05-23T16:00:16.612Z","run_bootstrap",174,"http://client1:8000","run","http://client1:8000/run",1,TRUE,200,1109,252,3.74202752113342,"2026-05-23T16:00:12.864371Z","2026-05-23T16:00:16.606399Z",1779552012.86437,1779552016.6064,0.000671,0.000777,0.000814,3.728142,3.728285,3.727328,0.000143000000000004,3.7192,0.022827521133423
"2026-05-23T16:00:16.612Z","run_bootstrap",174,"http://client2:8000","run","http://client2:8000/run",1,TRUE,200,1109,252,3.6114296913147,"2026-05-23T16:00:12.865144Z","2026-05-23T16:00:16.476574Z",1779552012.86514,1779552016.47657,0.000604,0.00072,0.000757,3.598245,3.59841,3.597488,0.000164999999999971,3.5887,0.0227296913146975
"2026-05-23T16:00:16.612Z","run_bootstrap",174,"http://client3:8000","run","http://client3:8000/run",1,TRUE,200,1109,255,3.56210398674011,"2026-05-23T16:00:12.866810Z","2026-05-23T16:00:16.428914Z",1779552012.86681,1779552016.42891,0.000449,0.00053,0.000564,3.54078,3.540926,3.540216,0.000145999999999979,3.5324,0.0297039867401123
"2026-05-23T16:00:20.515Z","run_bootstrap",175,"http://client1:8000","run","http://client1:8000/run",1,TRUE,200,1109,252,3.69525599479675,"2026-05-23T16:00:16.624330Z","2026-05-23T16:00:20.319586Z",1779552016.62433,1779552020.31959,0.000764,0.000894,0.000935,3.679665,3.679798,3.67873,0.000132999999999939,3.6706,0.0246559947967531
"2026-05-23T16:00:20.515Z","run_bootstrap",175,"http://client2:8000","run","http://client2:8000/run",1,TRUE,200,1109,250,3.88235139846802,"2026-05-23T16:00:16.625048Z","2026-05-23T16:00:20.507399Z",1779552016.62505,1779552020.5074,0.00052,0.000609,0.000644,3.864398,3.864512,3.863754,0.000113999999999947,3.857,0.0253513984680174
"2026-05-23T16:00:20.515Z","run_bootstrap",175,"http://client3:8000","run","http://client3:8000/run",1,TRUE,200,1109,255,3.38479089736938,"2026-05-23T16:00:16.625607Z","2026-05-23T16:00:20.010398Z",1779552016.62561,1779552020.0104,0.000819,0.000916,0.000951,3.370035,3.370169,3.369084,0.000134000000000079,3.3585,0.0262908973693849
"2026-05-23T16:00:24.302Z","run_bootstrap",176,"http://client1:8000","run","http://client1:8000/run",1,TRUE,200,1109,252,3.76636338233948,"2026-05-23T16:00:20.529507Z","2026-05-23T16:00:24.295870Z",1779552020.52951,1779552024.29587,0.000694,0.000815,0.000853,3.751987,3.752144,3.751134,0.000156999999999741,3.7286,0.0377633823394774
"2026-05-23T16:00:24.302Z","run_bootstrap",176,"http://client2:8000","run","http://client2:8000/run",1,TRUE,200,1109,250,3.70012521743774,"2026-05-23T16:00:20.530734Z","2026-05-23T16:00:24.230859Z",1779552020.53073,1779552024.23086,0.000603,0.00069,0.000722,3.67926,3.679488,3.678538,0.000227999999999895,3.661,0.0391252174377441
"2026-05-23T16:00:24.302Z","run_bootstrap",176,"http://client3:8000","run","http://client3:8000/run",1,TRUE,200,1109,255,3.60316491127014,"2026-05-23T16:00:20.531049Z","2026-05-23T16:00:24.134214Z",1779552020.53105,1779552024.13421,0.000516,0.000608,0.000656,3.588134,3.588265,3.587478,0.000130999999999659,3.5795,0.0236649112701417
"2026-05-23T16:00:28.210Z","run_bootstrap",177,"http://client1:8000","run","http://client1:8000/run",1,TRUE,200,1109,250,3.52608227729797,"2026-05-23T16:00:24.313016Z","2026-05-23T16:00:27.839098Z",1779552024.31302,1779552027.8391,0.000453,0.000532,0.000555,3.507417,3.507489,3.506862,7.20000000002941e-05,3.499,0.0270822772979735
"2026-05-23T16:00:28.210Z","run_bootstrap",177,"http://client2:8000","run","http://client2:8000/run",1,TRUE,200,1109,252,3.8893826007843,"2026-05-23T16:00:24.314351Z","2026-05-23T16:00:28.203733Z",1779552024.31435,1779552028.20373,0.000557,0.000652,0.000693,3.871985,3.872081,3.871292,9.6000000000096e-05,3.8638,0.0255826007843019
"2026-05-23T16:00:28.210Z","run_bootstrap",177,"http://client3:8000","run","http://client3:8000/run",1,TRUE,200,1109,255,3.76303696632385,"2026-05-23T16:00:24.315025Z","2026-05-23T16:00:28.078062Z",1779552024.31503,1779552028.07806,0.000528,0.000589,0.000614,3.746553,3.746662,3.745939,0.000109000000000137,3.7393,0.0237369663238525
"2026-05-23T16:00:32.165Z","run_bootstrap",178,"http://client1:8000","run","http://client1:8000/run",1,TRUE,200,1109,251,3.69922471046448,"2026-05-23T16:00:28.225760Z","2026-05-23T16:00:31.924985Z",1779552028.22576,1779552031.92499,0.000638,0.000758,0.000794,3.685582,3.68572,3.684788,0.000137999999999749,3.6751,0.0241247104644775
"2026-05-23T16:00:32.165Z","run_bootstrap",178,"http://client2:8000","run","http://client2:8000/run",1,TRUE,200,1109,252,3.91941785812378,"2026-05-23T16:00:28.227370Z","2026-05-23T16:00:32.146788Z",1779552028.22737,1779552032.14679,0.00053,0.000646,0.000684,3.899777,3.899897,3.899093,0.000120000000000342,3.8928,0.0266178581237795
"2026-05-23T16:00:32.165Z","run_bootstrap",178,"http://client3:8000","run","http://client3:8000/run",1,TRUE,200,1109,255,3.933837890625,"2026-05-23T16:00:28.226826Z","2026-05-23T16:00:32.160664Z",1779552028.22683,1779552032.16066,0.000393,0.000465,0.000494,3.921484,3.921656,3.92099,0.000172000000000061,3.9144,0.0194378906249999
"2026-05-23T16:00:36.156Z","run_bootstrap",179,"http://client1:8000","run","http://client1:8000/run",1,TRUE,200,1109,252,3.9719250202179,"2026-05-23T16:00:32.177014Z","2026-05-23T16:00:36.148939Z",1779552032.17701,1779552036.14894,0.000612,0.000722,0.000758,3.953277,3.953425,3.952519,0.000148000000000259,3.9455,0.0264250202178955
"2026-05-23T16:00:36.156Z","run_bootstrap",179,"http://client2:8000","run","http://client2:8000/run",1,TRUE,200,1109,252,3.73933410644531,"2026-05-23T16:00:32.176375Z","2026-05-23T16:00:35.915709Z",1779552032.17638,1779552035.91571,0.000624,0.00073,0.000764,3.725961,3.726091,3.725197,0.000129999999999963,3.7185,0.0208341064453124
"2026-05-23T16:00:36.156Z","run_bootstrap",179,"http://client3:8000","run","http://client3:8000/run",1,TRUE,200,1109,253,3.76579880714417,"2026-05-23T16:00:32.177974Z","2026-05-23T16:00:35.943773Z",1779552032.17797,1779552035.94377,0.000664,0.000772,0.000807,3.748492,3.748643,3.747685,0.00015099999999979,3.7411,0.0246988071441652
"2026-05-23T16:00:40.140Z","run_bootstrap",180,"http://client1:8000","run","http://client1:8000/run",1,TRUE,200,1109,252,3.94813799858093,"2026-05-23T16:00:36.174557Z","2026-05-23T16:00:40.122695Z",1779552036.17456,1779552040.1227,0.000587,0.000695,0.000736,3.926184,3.926333,3.925448,0.000148999999999955,3.7597,0.188437998580933
"2026-05-23T16:00:40.140Z","run_bootstrap",180,"http://client2:8000","run","http://client2:8000/run",1,TRUE,200,1109,250,3.86165404319763,"2026-05-23T16:00:36.175108Z","2026-05-23T16:00:40.036762Z",1779552036.17511,1779552040.03676,0.000556,0.000663,0.000704,3.840186,3.840347,3.839482,0.000160999999999856,3.68,0.181654043197632
"2026-05-23T16:00:40.140Z","run_bootstrap",180,"http://client3:8000","run","http://client3:8000/run",1,TRUE,200,1109,253,3.9603967666626,"2026-05-23T16:00:36.175585Z","2026-05-23T16:00:40.135982Z",1779552036.17559,1779552040.13598,0.00058,0.000676,0.000711,3.939351,3.939574,3.93864,0.000223000000000084,3.7715,0.188896766662598
"2026-05-23T16:00:43.864Z","run_bootstrap",181,"http://client1:8000","run","http://client1:8000/run",1,TRUE,200,1109,251,3.51218628883362,"2026-05-23T16:00:40.151561Z","2026-05-23T16:00:43.663747Z",1779552040.15156,1779552043.66375,0.000775,0.000889,0.000925,3.497272,3.497386,3.496347,0.000113999999999947,3.4901,0.0220862888336182
"2026-05-23T16:00:43.864Z","run_bootstrap",181,"http://client2:8000","run","http://client2:8000/run",1,TRUE,200,1109,252,3.54765772819519,"2026-05-23T16:00:40.153605Z","2026-05-23T16:00:43.701263Z",1779552040.15361,1779552043.70126,0.000524,0.000634,0.000679,3.530377,3.530456,3.529698,7.89999999999402e-05,3.5238,0.0238577281951904
"2026-05-23T16:00:43.864Z","run_bootstrap",181,"http://client3:8000","run","http://client3:8000/run",1,TRUE,200,1109,254,3.70441126823425,"2026-05-23T16:00:40.152885Z","2026-05-23T16:00:43.857296Z",1779552040.15289,1779552043.8573,0.000576,0.000693,0.000739,3.689455,3.689594,3.688716,0.000138999999999889,3.6822,0.022211268234253
"2026-05-23T16:00:47.627Z","run_bootstrap",182,"http://client1:8000","run","http://client1:8000/run",1,TRUE,200,1109,251,3.73481512069702,"2026-05-23T16:00:43.879495Z","2026-05-23T16:00:47.614310Z",1779552043.8795,1779552047.61431,0.000729,0.000832,0.000869,3.720719,3.720858,3.71985,0.000139000000000333,3.7133,0.0215151206970217
"2026-05-23T16:00:47.627Z","run_bootstrap",182,"http://client2:8000","run","http://client2:8000/run",1,TRUE,200,1109,252,3.51557278633118,"2026-05-23T16:00:43.880313Z","2026-05-23T16:00:47.395886Z",1779552043.88031,1779552047.39589,0.000603,0.000714,0.000757,3.502267,3.502367,3.50151,0.000100000000000211,3.4953,0.0202727863311769
"2026-05-23T16:00:47.627Z","run_bootstrap",182,"http://client3:8000","run","http://client3:8000/run",1,TRUE,200,1109,254,3.45379543304443,"2026-05-23T16:00:43.880945Z","2026-05-23T16:00:47.334740Z",1779552043.88095,1779552047.33474,0.000659,0.000748,0.00078,3.433551,3.433685,3.432771,0.000134000000000079,3.4256,0.0281954330444334
"2026-05-23T16:00:51.294Z","run_bootstrap",183,"http://client1:8000","run","http://client1:8000/run",1,TRUE,200,1108,252,3.55069851875305,"2026-05-23T16:00:47.641994Z","2026-05-23T16:00:51.192692Z",1779552047.64199,1779552051.19269,0.000701,0.000824,0.000863,3.531818,3.531938,3.530955,0.000119999999999898,3.5242,0.0264985187530518
"2026-05-23T16:00:51.294Z","run_bootstrap",183,"http://client2:8000","run","http://client2:8000/run",1,TRUE,200,1108,251,3.64679098129272,"2026-05-23T16:00:47.642690Z","2026-05-23T16:00:51.289481Z",1779552047.64269,1779552051.28948,0.000581,0.000666,0.000696,3.626208,3.626343,3.625512,0.000134999999999774,3.619,0.0277909812927244
"2026-05-23T16:00:51.294Z","run_bootstrap",183,"http://client3:8000","run","http://client3:8000/run",1,TRUE,200,1108,254,3.34368467330933,"2026-05-23T16:00:47.643201Z","2026-05-23T16:00:50.986886Z",1779552047.6432,1779552050.98689,0.000357,0.000457,0.000491,3.325505,3.325651,3.325014,0.000145999999999979,3.3154,0.0282846733093263
"2026-05-23T16:00:54.943Z","run_bootstrap",184,"http://client1:8000","run","http://client1:8000/run",1,TRUE,200,1108,252,3.45768666267395,"2026-05-23T16:00:51.305565Z","2026-05-23T16:00:54.763252Z",1779552051.30557,1779552054.76325,0.000636,0.000741,0.000776,3.443634,3.44375,3.442858,0.000116000000000227,3.4357,0.02198666267395
"2026-05-23T16:00:54.943Z","run_bootstrap",184,"http://client2:8000","run","http://client2:8000/run",1,TRUE,200,1108,252,3.63197088241577,"2026-05-23T16:00:51.306656Z","2026-05-23T16:00:54.938627Z",1779552051.30666,1779552054.93863,0.000579,0.000818,0.000875,3.619064,3.619227,3.618189,0.000163000000000135,3.6108,0.0211708824157717
"2026-05-23T16:00:54.943Z","run_bootstrap",184,"http://client3:8000","run","http://client3:8000/run",1,TRUE,200,1108,254,3.53211092948914,"2026-05-23T16:00:51.308508Z","2026-05-23T16:00:54.840619Z",1779552051.30851,1779552054.84062,0.000461,0.000569,6e-04,3.51855,3.518682,3.51795,0.000132000000000243,3.5115,0.0206109294891359
"2026-05-23T16:00:58.500Z","run_bootstrap",185,"http://client1:8000","run","http://client1:8000/run",1,TRUE,200,1108,253,3.37693405151367,"2026-05-23T16:00:54.955248Z","2026-05-23T16:00:58.332182Z",1779552054.95525,1779552058.33218,0.000594,0.000715,0.00075,3.357626,3.357773,3.356876,0.000146999999999675,3.3501,0.026834051513672
"2026-05-23T16:00:58.500Z","run_bootstrap",185,"http://client2:8000","run","http://client2:8000/run",1,TRUE,200,1108,253,3.53700828552246,"2026-05-23T16:00:54.955985Z","2026-05-23T16:00:58.492994Z",1779552054.95599,1779552058.49299,0.000539,0.000632,0.000664,3.516591,3.516693,3.515927,0.000102000000000046,3.5086,0.028408285522461
"2026-05-23T16:00:58.500Z","run_bootstrap",185,"http://client3:8000","run","http://client3:8000/run",1,TRUE,200,1108,254,3.49391222000122,"2026-05-23T16:00:54.956447Z","2026-05-23T16:00:58.450359Z",1779552054.95645,1779552058.45036,0.000702,0.000824,0.000858,3.478816,3.478956,3.477958,0.000140000000000029,3.4714,0.0225122200012207
"2026-05-23T16:01:02.275Z","run_bootstrap",186,"http://client1:8000","run","http://client1:8000/run",1,TRUE,200,1108,253,3.49807691574097,"2026-05-23T16:00:58.512609Z","2026-05-23T16:01:02.010686Z",1779552058.51261,1779552062.01069,0.000702,0.000798,0.000835,3.48056,3.480696,3.479725,0.000135999999999914,3.4714,0.0266769157409668
"2026-05-23T16:01:02.275Z","run_bootstrap",186,"http://client2:8000","run","http://client2:8000/run",1,TRUE,200,1108,252,3.75812530517578,"2026-05-23T16:00:58.512808Z","2026-05-23T16:01:02.270934Z",1779552058.51281,1779552062.27093,0.000458,0.00058,0.000619,3.74073,3.740904,3.740111,0.000173999999999896,3.733,0.0251253051757812
"2026-05-23T16:01:02.275Z","run_bootstrap",186,"http://client3:8000","run","http://client3:8000/run",1,TRUE,200,1108,254,3.48140144348145,"2026-05-23T16:00:58.513298Z","2026-05-23T16:01:01.994699Z",1779552058.5133,1779552061.9947,0.000442,0.000515,0.000547,3.461467,3.461651,3.46092,0.000183999999999962,3.4548,0.0266014434814452
"2026-05-23T16:01:06.228Z","run_bootstrap",187,"http://client1:8000","run","http://client1:8000/run",1,TRUE,200,1109,253,3.93207621574402,"2026-05-23T16:01:02.288631Z","2026-05-23T16:01:06.220708Z",1779552062.28863,1779552066.22071,0.000659,0.000766,0.000803,3.915085,3.915212,3.914282,0.000126999999999988,3.9072,0.0248762157440185
"2026-05-23T16:01:06.228Z","run_bootstrap",187,"http://client2:8000","run","http://client2:8000/run",1,TRUE,200,1109,251,3.62547945976257,"2026-05-23T16:01:02.289152Z","2026-05-23T16:01:05.914631Z",1779552062.28915,1779552065.91463,0.000528,0.000645,0.000682,3.6047,3.604817,3.604018,0.000117000000000367,3.5973,0.0281794597625731
"2026-05-23T16:01:06.228Z","run_bootstrap",187,"http://client3:8000","run","http://client3:8000/run",1,TRUE,200,1109,255,3.70244669914246,"2026-05-23T16:01:02.289635Z","2026-05-23T16:01:05.992081Z",1779552062.28964,1779552065.99208,0.000517,0.000593,0.000623,3.685884,3.685978,3.685261,9.39999999998165e-05,3.6789,0.023546699142456
"2026-05-23T16:01:09.965Z","run_bootstrap",188,"http://client1:8000","run","http://client1:8000/run",1,TRUE,200,1109,253,3.57200407981873,"2026-05-23T16:01:06.247824Z","2026-05-23T16:01:09.819828Z",1779552066.24782,1779552069.81983,0.000413,0.000463,0.000485,3.546667,3.546789,3.546182,0.000122000000000178,3.5396,0.0324040798187255
"2026-05-23T16:01:09.965Z","run_bootstrap",188,"http://client2:8000","run","http://client2:8000/run",1,TRUE,200,1109,251,3.70482611656189,"2026-05-23T16:01:06.248373Z","2026-05-23T16:01:09.953199Z",1779552066.24837,1779552069.9532,0.000395,0.000462,0.000483,3.679032,3.679162,3.678549,0.000129999999999963,3.6709,0.0339261165618896
"2026-05-23T16:01:09.965Z","run_bootstrap",188,"http://client3:8000","run","http://client3:8000/run",1,TRUE,200,1109,255,3.71265006065369,"2026-05-23T16:01:06.248826Z","2026-05-23T16:01:09.961476Z",1779552066.24883,1779552069.96148,0.000721,0.000854,0.000893,3.692892,3.693015,3.691999,0.000122999999999873,3.6857,0.0269500606536863
"2026-05-23T16:01:13.782Z","run_bootstrap",189,"http://client1:8000","run","http://client1:8000/run",1,TRUE,200,1108,256,3.70601606369019,"2026-05-23T16:01:10.030138Z","2026-05-23T16:01:13.736154Z",1779552070.03014,1779552073.73615,0.000649,0.000761,0.000797,3.692394,3.692529,3.691597,0.000134999999999774,3.6842,0.0218160636901854
"2026-05-23T16:01:13.782Z","run_bootstrap",189,"http://client2:8000","run","http://client2:8000/run",1,TRUE,200,1108,258,3.62103247642517,"2026-05-23T16:01:10.031604Z","2026-05-23T16:01:13.652637Z",1779552070.0316,1779552073.65264,0.000475,0.000595,0.000634,3.608088,3.608231,3.607454,0.000143000000000004,3.6004,0.0206324764251709
"2026-05-23T16:01:13.782Z","run_bootstrap",189,"http://client3:8000","run","http://client3:8000/run",1,TRUE,200,1108,255,3.74561071395874,"2026-05-23T16:01:10.031865Z","2026-05-23T16:01:13.777475Z",1779552070.03187,1779552073.77748,0.000545,0.000639,0.000673,3.73239,3.732549,3.731717,0.00015900000000002,3.7235,0.0221107139587402
"2026-05-23T16:01:17.667Z","run_bootstrap",190,"http://client1:8000","run","http://client1:8000/run",1,TRUE,200,1108,256,3.70313930511475,"2026-05-23T16:01:13.795288Z","2026-05-23T16:01:17.498428Z",1779552073.79529,1779552077.49843,0.000489,0.000589,0.000624,3.685303,3.685448,3.684679,0.00014499999999984,3.6784,0.0247393051147462
"2026-05-23T16:01:17.667Z","run_bootstrap",190,"http://client2:8000","run","http://client2:8000/run",1,TRUE,200,1108,258,3.57890844345093,"2026-05-23T16:01:13.795856Z","2026-05-23T16:01:17.374765Z",1779552073.79586,1779552077.37477,0.000763,0.000886,0.000922,3.563354,3.563493,3.562432,0.000138999999999889,3.5442,0.0347084434509277
"2026-05-23T16:01:17.667Z","run_bootstrap",190,"http://client3:8000","run","http://client3:8000/run",1,TRUE,200,1108,255,3.86602067947388,"2026-05-23T16:01:13.796408Z","2026-05-23T16:01:17.662429Z",1779552073.79641,1779552077.66243,0.000535,0.000658,0.000717,3.849516,3.849664,3.848799,0.000148000000000259,3.8319,0.0341206794738769
"2026-05-23T16:01:21.388Z","run_bootstrap",191,"http://client1:8000","run","http://client1:8000/run",1,TRUE,200,1109,259,3.70501375198364,"2026-05-23T16:01:17.679101Z","2026-05-23T16:01:21.384115Z",1779552077.6791,1779552081.38412,0.000622,7e-04,0.000723,3.688551,3.688677,3.687828,0.000126000000000293,3.6807,0.0243137519836427
"2026-05-23T16:01:21.388Z","run_bootstrap",191,"http://client2:8000","run","http://client2:8000/run",1,TRUE,200,1109,257,3.65516257286072,"2026-05-23T16:01:17.679757Z","2026-05-23T16:01:21.334919Z",1779552077.67976,1779552081.33492,0.000691,0.000775,0.000806,3.639173,3.639435,3.638367,0.000262000000000207,3.6316,0.0235625728607176
"2026-05-23T16:01:21.388Z","run_bootstrap",191,"http://client3:8000","run","http://client3:8000/run",1,TRUE,200,1109,256,3.39198446273804,"2026-05-23T16:01:17.680138Z","2026-05-23T16:01:21.072122Z",1779552077.68014,1779552081.07212,0.00065,0.000758,0.000794,3.3768,3.376957,3.376006,0.000157000000000185,3.3657,0.0262844627380372
"2026-05-23T16:01:25.207Z","run_bootstrap",192,"http://client1:8000","run","http://client1:8000/run",1,TRUE,200,1109,259,3.68712496757507,"2026-05-23T16:01:21.401665Z","2026-05-23T16:01:25.088790Z",1779552081.40167,1779552085.08879,0.000782,0.000841,0.000862,3.668366,3.668528,3.667504,0.000161999999999995,3.6596,0.0275249675750731
"2026-05-23T16:01:25.207Z","run_bootstrap",192,"http://client2:8000","run","http://client2:8000/run",1,TRUE,200,1109,257,3.79825067520142,"2026-05-23T16:01:21.402273Z","2026-05-23T16:01:25.200524Z",1779552081.40227,1779552085.20052,0.000654,0.000809,0.000865,3.782477,3.782622,3.781612,0.00014499999999984,3.7752,0.0230506752014161
"2026-05-23T16:01:25.207Z","run_bootstrap",192,"http://client3:8000","run","http://client3:8000/run",1,TRUE,200,1109,256,3.68246626853943,"2026-05-23T16:01:21.401980Z","2026-05-23T16:01:25.084447Z",1779552081.40198,1779552085.08445,0.000692,0.000797,0.000833,3.667679,3.66782,3.666846,0.000140999999999725,3.6601,0.0223662685394288
"2026-05-23T16:01:29.256Z","run_bootstrap",193,"http://client1:8000","run","http://client1:8000/run",1,TRUE,200,1109,255,3.8284912109375,"2026-05-23T16:01:25.221076Z","2026-05-23T16:01:29.049567Z",1779552085.22108,1779552089.04957,0.000487,0.000593,0.000628,3.814828,3.814981,3.8142,0.00015300000000007,3.8071,0.0213912109374998
"2026-05-23T16:01:29.256Z","run_bootstrap",193,"http://client2:8000","run","http://client2:8000/run",1,TRUE,200,1109,257,4.02744746208191,"2026-05-23T16:01:25.221351Z","2026-05-23T16:01:29.248798Z",1779552085.22135,1779552089.2488,0.000516,0.000596,0.000629,4.008064,4.008188,4.007435,0.000123999999999569,4.0009,0.0265474620819095
"2026-05-23T16:01:29.256Z","run_bootstrap",193,"http://client3:8000","run","http://client3:8000/run",1,TRUE,200,1109,254,3.61626887321472,"2026-05-23T16:01:25.220273Z","2026-05-23T16:01:28.836542Z",1779552085.22027,1779552088.83654,0.00068,0.000785,0.000826,3.602063,3.602162,3.601237,9.90000000000713e-05,3.5942,0.0220688732147218
"2026-05-23T16:01:33.164Z","run_bootstrap",194,"http://client1:8000","run","http://client1:8000/run",1,TRUE,200,1109,255,3.53975963592529,"2026-05-23T16:01:29.271717Z","2026-05-23T16:01:32.811476Z",1779552089.27172,1779552092.81148,0.000757,0.000873,0.000911,3.5191,3.519143,3.518189,4.30000000002373e-05,3.5111,0.0286596359252931
"2026-05-23T16:01:33.164Z","run_bootstrap",194,"http://client2:8000","run","http://client2:8000/run",1,TRUE,200,1109,257,3.84338521957397,"2026-05-23T16:01:29.271964Z","2026-05-23T16:01:33.115349Z",1779552089.27196,1779552093.11535,0.000511,0.000618,0.000653,3.818969,3.819,3.818316,3.09999999998922e-05,3.8115,0.0318852195739745
"2026-05-23T16:01:33.164Z","run_bootstrap",194,"http://client3:8000","run","http://client3:8000/run",1,TRUE,200,1109,254,3.88757681846619,"2026-05-23T16:01:29.272426Z","2026-05-23T16:01:33.160003Z",1779552089.27243,1779552093.16,0.000803,0.000891,0.000917,3.861875,3.861909,3.860958,3.39999999998675e-05,3.8542,0.0333768184661865
"2026-05-23T16:01:36.924Z","run_bootstrap",195,"http://client1:8000","run","http://client1:8000/run",1,TRUE,200,1108,253,3.6251175403595,"2026-05-23T16:01:33.178679Z","2026-05-23T16:01:36.803797Z",1779552093.17868,1779552096.8038,0.000434,0.000508,0.00053,3.612138,3.612343,3.611608,0.000205000000000233,3.6037,0.0214175403594972
"2026-05-23T16:01:36.924Z","run_bootstrap",195,"http://client2:8000","run","http://client2:8000/run",1,TRUE,200,1108,259,3.72007727622986,"2026-05-23T16:01:33.179377Z","2026-05-23T16:01:36.899454Z",1779552093.17938,1779552096.89945,0.000474,0.000547,0.000578,3.705845,3.705999,3.705267,0.000153999999999765,3.6967,0.0233772762298585
"2026-05-23T16:01:36.924Z","run_bootstrap",195,"http://client3:8000","run","http://client3:8000/run",1,TRUE,200,1108,255,3.7399537563324,"2026-05-23T16:01:33.178710Z","2026-05-23T16:01:36.918664Z",1779552093.17871,1779552096.91866,0.000463,0.000526,0.000548,3.726314,3.726425,3.725766,0.000110999999999972,3.7192,0.0207537563323976
"2026-05-23T16:01:40.859Z","run_bootstrap",196,"http://client1:8000","run","http://client1:8000/run",1,TRUE,200,1108,253,3.6039125919342,"2026-05-23T16:01:36.935986Z","2026-05-23T16:01:40.539899Z",1779552096.93599,1779552100.5399,0.000482,0.000546,0.000567,3.590129,3.590277,3.589562,0.000147999999999815,3.5829,0.0210125919342041
"2026-05-23T16:01:40.859Z","run_bootstrap",196,"http://client2:8000","run","http://client2:8000/run",1,TRUE,200,1108,259,3.91865348815918,"2026-05-23T16:01:36.936553Z","2026-05-23T16:01:40.855206Z",1779552096.93655,1779552100.85521,0.000459,0.000536,0.000559,3.906266,3.906388,3.905707,0.000122000000000178,3.8977,0.0209534881591797
"2026-05-23T16:01:40.859Z","run_bootstrap",196,"http://client3:8000","run","http://client3:8000/run",1,TRUE,200,1108,255,3.9071786403656,"2026-05-23T16:01:36.938215Z","2026-05-23T16:01:40.845394Z",1779552096.93822,1779552100.84539,0.000704,0.00076,0.000778,3.894151,3.894308,3.893373,0.000157000000000185,3.8858,0.0213786403656004
"2026-05-23T16:01:44.824Z","run_bootstrap",197,"http://client1:8000","run","http://client1:8000/run",1,TRUE,200,1108,253,3.94993019104004,"2026-05-23T16:01:40.870104Z","2026-05-23T16:01:44.820034Z",1779552100.8701,1779552104.82003,0.000707,0.000822,0.000865,3.93572,3.93586,3.934855,0.000140000000000029,3.9279,0.0220301910400389
"2026-05-23T16:01:44.824Z","run_bootstrap",197,"http://client2:8000","run","http://client2:8000/run",1,TRUE,200,1108,258,3.73156929016113,"2026-05-23T16:01:40.871461Z","2026-05-23T16:01:44.603030Z",1779552100.87146,1779552104.60303,0.000609,0.000703,0.000739,3.718945,3.719181,3.718206,0.000235999999999681,3.7045,0.0270692901611329
"2026-05-23T16:01:44.824Z","run_bootstrap",197,"http://client3:8000","run","http://client3:8000/run",1,TRUE,200,1108,252,3.74095869064331,"2026-05-23T16:01:40.871037Z","2026-05-23T16:01:44.611996Z",1779552100.87104,1779552104.612,0.000559,0.000659,7e-04,3.727918,3.728154,3.727218,0.000236000000000125,3.714,0.0269586906433106
"2026-05-23T16:01:48.591Z","run_bootstrap",198,"http://client1:8000","run","http://client1:8000/run",1,TRUE,200,1108,253,3.71516609191895,"2026-05-23T16:01:44.837812Z","2026-05-23T16:01:48.552978Z",1779552104.83781,1779552108.55298,0.000512,0.000596,0.000623,3.69655,3.696666,3.695927,0.000116000000000227,3.6881,0.0270660919189454
"2026-05-23T16:01:48.591Z","run_bootstrap",198,"http://client2:8000","run","http://client2:8000/run",1,TRUE,200,1108,258,3.74568009376526,"2026-05-23T16:01:44.838436Z","2026-05-23T16:01:48.584116Z",1779552104.83844,1779552108.58412,0.000621,0.000704,0.000741,3.726855,3.727001,3.726114,0.000145999999999979,3.7181,0.0275800937652586
"2026-05-23T16:01:48.591Z","run_bootstrap",198,"http://client3:8000","run","http://client3:8000/run",1,TRUE,200,1108,253,3.65240168571472,"2026-05-23T16:01:44.839062Z","2026-05-23T16:01:48.491464Z",1779552104.83906,1779552108.49146,0.000597,0.000681,0.000713,3.634423,3.63456,3.63371,0.000137000000000054,3.6253,0.0271016857147215
"2026-05-23T16:01:52.581Z","run_bootstrap",199,"http://client1:8000","run","http://client1:8000/run",1,TRUE,200,1108,252,3.96462488174438,"2026-05-23T16:01:48.609976Z","2026-05-23T16:01:52.574601Z",1779552108.60998,1779552112.5746,0.00058,0.00067,0.000703,3.949325,3.949471,3.948622,0.000145999999999979,3.9403,0.0243248817443846
"2026-05-23T16:01:52.581Z","run_bootstrap",199,"http://client2:8000","run","http://client2:8000/run",1,TRUE,200,1108,258,3.61797523498535,"2026-05-23T16:01:48.609528Z","2026-05-23T16:01:52.227503Z",1779552108.60953,1779552112.2275,0.000512,0.000634,0.000672,3.603511,3.603651,3.602839,0.000140000000000029,3.5962,0.0217752349853515
"2026-05-23T16:01:52.581Z","run_bootstrap",199,"http://client3:8000","run","http://client3:8000/run",1,TRUE,200,1108,252,3.62457537651062,"2026-05-23T16:01:48.611483Z","2026-05-23T16:01:52.236058Z",1779552108.61148,1779552112.23606,0.000623,0.000698,0.000731,3.610705,3.610811,3.609974,0.000106000000000162,3.6018,0.0227753765106202
"2026-05-23T16:01:56.771Z","run_bootstrap",200,"http://client1:8000","run","http://client1:8000/run",1,TRUE,200,1108,251,4.16785550117493,"2026-05-23T16:01:52.599661Z","2026-05-23T16:01:56.767516Z",1779552112.59966,1779552116.76752,0.000614,0.000669,0.000689,4.156668,4.156703,4.155979,3.50000000004513e-05,3.993,0.174855501174927
"2026-05-23T16:01:56.771Z","run_bootstrap",200,"http://client2:8000","run","http://client2:8000/run",1,TRUE,200,1108,258,3.88285350799561,"2026-05-23T16:01:52.599482Z","2026-05-23T16:01:56.482335Z",1779552112.59948,1779552116.48234,0.000443,0.000544,0.000566,3.87162,3.871651,3.871054,3.09999999998922e-05,3.7053,0.177553507995606
"2026-05-23T16:01:56.771Z","run_bootstrap",200,"http://client3:8000","run","http://client3:8000/run",1,TRUE,200,1108,251,3.87125372886658,"2026-05-23T16:01:52.599496Z","2026-05-23T16:01:56.470750Z",1779552112.5995,1779552116.47075,0.000674,0.000733,0.000751,3.859856,3.859917,3.859105,6.09999999996447e-05,3.685,0.186253728866577
"2026-05-23T16:02:00.505Z","run_bootstrap",201,"http://client1:8000","run","http://client1:8000/run",1,TRUE,200,1105,251,3.71369481086731,"2026-05-23T16:01:56.784592Z","2026-05-23T16:02:00.498287Z",1779552116.78459,1779552120.49829,0.000665,0.000769,0.000803,3.699803,3.699934,3.699,0.000130999999999659,3.6927,0.0209948108673097
"2026-05-23T16:02:00.505Z","run_bootstrap",201,"http://client2:8000","run","http://client2:8000/run",1,TRUE,200,1105,257,3.44909048080444,"2026-05-23T16:01:56.786809Z","2026-05-23T16:02:00.235899Z",1779552116.78681,1779552120.2359,0.00049,0.000593,0.000627,3.43155,3.431678,3.430923,0.000127999999999684,3.4249,0.0241904808044433
"2026-05-23T16:02:00.505Z","run_bootstrap",201,"http://client3:8000","run","http://client3:8000/run",1,TRUE,200,1105,251,3.42109942436218,"2026-05-23T16:01:56.787310Z","2026-05-23T16:02:00.208410Z",1779552116.78731,1779552120.20841,0.000483,0.000545,0.000573,3.400725,3.400862,3.400152,0.000137000000000054,3.3944,0.0266994243621825
"2026-05-23T16:02:04.117Z","run_bootstrap",202,"http://client1:8000","run","http://client1:8000/run",1,TRUE,200,1105,251,3.59052181243896,"2026-05-23T16:02:00.522912Z","2026-05-23T16:02:04.113434Z",1779552120.52291,1779552124.11343,0.000683,0.00079,0.000825,3.576645,3.576727,3.57582,8.19999999999155e-05,3.5689,0.0216218124389647
"2026-05-23T16:02:04.117Z","run_bootstrap",202,"http://client2:8000","run","http://client2:8000/run",1,TRUE,200,1105,257,3.55652904510498,"2026-05-23T16:02:00.524760Z","2026-05-23T16:02:04.081289Z",1779552120.52476,1779552124.08129,0.000655,0.000764,0.000801,3.539754,3.539915,3.538953,0.0001610000000003,3.5329,0.0236290451049803
"2026-05-23T16:02:04.117Z","run_bootstrap",202,"http://client3:8000","run","http://client3:8000/run",1,TRUE,200,1105,250,3.57531571388245,"2026-05-23T16:02:00.525101Z","2026-05-23T16:02:04.100417Z",1779552120.5251,1779552124.10042,0.000411,0.000498,0.000531,3.554802,3.554909,3.554271,0.000106999999999857,3.548,0.0273157138824462
"2026-05-23T16:02:07.935Z","run_bootstrap",203,"http://client1:8000","run","http://client1:8000/run",1,TRUE,200,1108,251,3.53828382492065,"2026-05-23T16:02:04.128133Z","2026-05-23T16:02:07.666417Z",1779552124.12813,1779552127.66642,0.000543,0.000602,0.000621,3.523779,3.523908,3.523158,0.000128999999999824,3.5164,0.0218838249206543
"2026-05-23T16:02:07.935Z","run_bootstrap",203,"http://client2:8000","run","http://client2:8000/run",1,TRUE,200,1108,257,3.7861340045929,"2026-05-23T16:02:04.128917Z","2026-05-23T16:02:07.915051Z",1779552124.12892,1779552127.91505,0.000497,0.000575,0.000596,3.773163,3.773303,3.772567,0.000140000000000029,3.7665,0.0196340045928953
"2026-05-23T16:02:07.935Z","run_bootstrap",203,"http://client3:8000","run","http://client3:8000/run",1,TRUE,200,1108,250,3.8003408908844,"2026-05-23T16:02:04.130285Z","2026-05-23T16:02:07.930625Z",1779552124.13029,1779552127.93063,0.000481,0.000532,0.00055,3.787869,3.787992,3.787319,0.000122999999999873,3.7811,0.0192408908843995
"2026-05-23T16:02:11.728Z","run_bootstrap",204,"http://client1:8000","run","http://client1:8000/run",1,TRUE,200,1108,251,3.52437376976013,"2026-05-23T16:02:07.949516Z","2026-05-23T16:02:11.473890Z",1779552127.94952,1779552131.47389,0.000614,0.000699,0.000733,3.505973,3.506148,3.50524,0.000175000000000036,3.4944,0.0299737697601317
"2026-05-23T16:02:11.728Z","run_bootstrap",204,"http://client2:8000","run","http://client2:8000/run",1,TRUE,200,1108,257,3.77354001998901,"2026-05-23T16:02:07.950008Z","2026-05-23T16:02:11.723548Z",1779552127.95001,1779552131.72355,0.000408,0.000515,0.000553,3.755343,3.755466,3.75479,0.000123000000000317,3.7485,0.0250400199890137
"2026-05-23T16:02:11.728Z","run_bootstrap",204,"http://client3:8000","run","http://client3:8000/run",1,TRUE,200,1108,250,3.50226712226868,"2026-05-23T16:02:07.950362Z","2026-05-23T16:02:11.452630Z",1779552127.95036,1779552131.45263,0.000737,0.000848,0.000883,3.48545,3.485589,3.484567,0.000138999999999889,3.4783,0.0239671222686768
"2026-05-23T16:02:15.467Z","run_bootstrap",205,"http://client1:8000","run","http://client1:8000/run",1,TRUE,200,1108,250,3.5663046836853,"2026-05-23T16:02:11.741135Z","2026-05-23T16:02:15.307439Z",1779552131.74114,1779552135.30744,0.000604,0.000684,0.000724,3.546033,3.546069,3.545309,3.6000000000147e-05,3.5375,0.0288046836853026
"2026-05-23T16:02:15.467Z","run_bootstrap",205,"http://client2:8000","run","http://client2:8000/run",1,TRUE,200,1108,256,3.55302238464355,"2026-05-23T16:02:11.741975Z","2026-05-23T16:02:15.294998Z",1779552131.74198,1779552135.295,0.000619,0.000683,0.000723,3.532968,3.533,3.532245,3.2000000000032e-05,3.5247,0.0283223846435545
"2026-05-23T16:02:15.467Z","run_bootstrap",205,"http://client3:8000","run","http://client3:8000/run",1,TRUE,200,1108,250,3.72071409225464,"2026-05-23T16:02:11.742513Z","2026-05-23T16:02:15.463227Z",1779552131.74251,1779552135.46323,0.000718,0.000774,0.000823,3.701976,3.702006,3.701153,2.99999999997524e-05,3.6934,0.0273140922546387
"2026-05-23T16:02:19.281Z","run_bootstrap",206,"http://client1:8000","run","http://client1:8000/run",1,TRUE,200,1108,250,3.7956223487854,"2026-05-23T16:02:15.481688Z","2026-05-23T16:02:19.277311Z",1779552135.48169,1779552139.27731,0.000579,0.000686,0.000722,3.781556,3.78169,3.780834,0.000134000000000079,3.7736,0.0220223487854003
"2026-05-23T16:02:19.281Z","run_bootstrap",206,"http://client2:8000","run","http://client2:8000/run",1,TRUE,200,1108,256,3.63475394248962,"2026-05-23T16:02:15.483200Z","2026-05-23T16:02:19.117954Z",1779552135.4832,1779552139.11795,0.000603,0.000688,0.00072,3.620473,3.620561,3.619753,8.7999999999866e-05,3.6136,0.0211539424896241
"2026-05-23T16:02:19.281Z","run_bootstrap",206,"http://client3:8000","run","http://client3:8000/run",1,TRUE,200,1108,250,3.54026651382446,"2026-05-23T16:02:15.483660Z","2026-05-23T16:02:19.023926Z",1779552135.48366,1779552139.02393,0.000512,0.000627,0.000668,3.52055,3.520762,3.519882,0.000211999999999879,3.5137,0.0265665138244628
"2026-05-23T16:02:23.073Z","run_bootstrap",207,"http://client1:8000","run","http://client1:8000/run",1,TRUE,200,1108,253,3.77478003501892,"2026-05-23T16:02:19.293992Z","2026-05-23T16:02:23.068772Z",1779552139.29399,1779552143.06877,0.000406,0.000482,0.000509,3.759515,3.759631,3.759006,0.000116000000000227,3.7525,0.022280035018921
"2026-05-23T16:02:23.073Z","run_bootstrap",207,"http://client2:8000","run","http://client2:8000/run",1,TRUE,200,1108,253,3.65313506126404,"2026-05-23T16:02:19.294718Z","2026-05-23T16:02:22.947853Z",1779552139.29472,1779552142.94785,0.000572,0.000644,0.000676,3.633578,3.633715,3.632902,0.000137000000000054,3.6262,0.0269350612640382
"2026-05-23T16:02:23.073Z","run_bootstrap",207,"http://client3:8000","run","http://client3:8000/run",1,TRUE,200,1108,254,3.52803683280945,"2026-05-23T16:02:19.295401Z","2026-05-23T16:02:22.823438Z",1779552139.2954,1779552142.82344,0.000523,0.000608,0.000644,3.513271,3.513415,3.512627,0.000144000000000144,3.5052,0.0228368328094484
"2026-05-23T16:02:26.867Z","run_bootstrap",208,"http://client1:8000","run","http://client1:8000/run",1,TRUE,200,1108,253,3.53604626655579,"2026-05-23T16:02:23.084549Z","2026-05-23T16:02:26.620595Z",1779552143.08455,1779552146.6206,0.000673,0.000777,0.000812,3.521809,3.521943,3.520997,0.000133999999999634,3.5136,0.0224462665557863
"2026-05-23T16:02:26.867Z","run_bootstrap",208,"http://client2:8000","run","http://client2:8000/run",1,TRUE,200,1108,252,3.77350068092346,"2026-05-23T16:02:23.086779Z","2026-05-23T16:02:26.860280Z",1779552143.08678,1779552146.86028,0.000572,0.000665,0.000698,3.756222,3.756348,3.755524,0.000125999999999848,3.749,0.0245006809234618
"2026-05-23T16:02:26.867Z","run_bootstrap",208,"http://client3:8000","run","http://client3:8000/run",1,TRUE,200,1108,254,3.57781553268433,"2026-05-23T16:02:23.087229Z","2026-05-23T16:02:26.665044Z",1779552143.08723,1779552146.66504,0.000639,0.000756,0.00079,3.556694,3.55683,3.555904,0.000136000000000358,3.5485,0.029315532684326
"2026-05-23T16:02:30.690Z","run_bootstrap",209,"http://client1:8000","run","http://client1:8000/run",1,TRUE,200,1109,248,3.70274209976196,"2026-05-23T16:02:26.882050Z","2026-05-23T16:02:30.584792Z",1779552146.88205,1779552150.58479,0.000619,0.000701,0.000733,3.68642,3.686559,3.685687,0.000138999999999889,3.679,0.0237420997619631
"2026-05-23T16:02:30.690Z","run_bootstrap",209,"http://client2:8000","run","http://client2:8000/run",1,TRUE,200,1109,255,3.5390932559967,"2026-05-23T16:02:26.882517Z","2026-05-23T16:02:30.421610Z",1779552146.88252,1779552150.42161,0.000496,0.00057,0.000592,3.523189,3.523323,3.522597,0.000134000000000079,3.516,0.0230932559967041
"2026-05-23T16:02:30.690Z","run_bootstrap",209,"http://client3:8000","run","http://client3:8000/run",1,TRUE,200,1109,252,3.80028343200684,"2026-05-23T16:02:26.882779Z","2026-05-23T16:02:30.683063Z",1779552146.88278,1779552150.68306,0.00056,0.000648,0.00068,3.784683,3.784826,3.784003,0.000143000000000004,3.7771,0.023183432006836
"2026-05-23T16:02:34.452Z","run_bootstrap",210,"http://client1:8000","run","http://client1:8000/run",1,TRUE,200,1109,248,3.74305653572083,"2026-05-23T16:02:30.705142Z","2026-05-23T16:02:34.448198Z",1779552150.70514,1779552154.4482,0.000582,0.000644,0.000663,3.723239,3.723359,3.722576,0.000119999999999898,3.715,0.0280565357208253
"2026-05-23T16:02:34.452Z","run_bootstrap",210,"http://client2:8000","run","http://client2:8000/run",1,TRUE,200,1109,256,3.46860480308533,"2026-05-23T16:02:30.705509Z","2026-05-23T16:02:34.174114Z",1779552150.70551,1779552154.17411,0.000553,0.000636,0.000659,3.449081,3.449219,3.448422,0.000137999999999749,3.4266,0.0420048030853271
"2026-05-23T16:02:34.452Z","run_bootstrap",210,"http://client3:8000","run","http://client3:8000/run",1,TRUE,200,1109,252,3.67097592353821,"2026-05-23T16:02:30.704699Z","2026-05-23T16:02:34.375674Z",1779552150.7047,1779552154.37567,0.000658,0.000762,0.000795,3.657194,3.657318,3.656399,0.000124000000000013,3.6502,0.0207759235382081
"2026-05-23T16:02:38.333Z","run_bootstrap",211,"http://client1:8000","run","http://client1:8000/run",1,TRUE,200,1109,248,3.86415028572083,"2026-05-23T16:02:34.464973Z","2026-05-23T16:02:38.329123Z",1779552154.46497,1779552158.32912,0.000467,0.000543,0.000572,3.837226,3.837261,3.836654,3.50000000000072e-05,3.829,0.035150285720825
"2026-05-23T16:02:38.333Z","run_bootstrap",211,"http://client2:8000","run","http://client2:8000/run",1,TRUE,200,1109,256,3.5657696723938,"2026-05-23T16:02:34.465730Z","2026-05-23T16:02:38.031500Z",1779552154.46573,1779552158.0315,0.000655,0.000755,0.000789,3.547942,3.547969,3.547153,2.70000000002213e-05,3.5394,0.0263696723937987
"2026-05-23T16:02:38.333Z","run_bootstrap",211,"http://client3:8000","run","http://client3:8000/run",1,TRUE,200,1109,251,3.46022701263428,"2026-05-23T16:02:34.466257Z","2026-05-23T16:02:37.926484Z",1779552154.46626,1779552157.92648,0.000716,0.000784,0.000804,3.437952,3.437991,3.437148,3.89999999996782e-05,3.4277,0.0325270126342772
"2026-05-23T16:02:42.159Z","run_bootstrap",212,"http://client1:8000","run","http://client1:8000/run",1,TRUE,200,1109,249,3.80602431297302,"2026-05-23T16:02:38.348315Z","2026-05-23T16:02:42.154339Z",1779552158.34832,1779552162.15434,0.000544,0.000623,0.000652,3.787976,3.788169,3.787324,0.000192999999999888,3.7808,0.0252243129730223
"2026-05-23T16:02:42.159Z","run_bootstrap",212,"http://client2:8000","run","http://client2:8000/run",1,TRUE,200,1109,256,3.70118427276611,"2026-05-23T16:02:38.349081Z","2026-05-23T16:02:42.050266Z",1779552158.34908,1779552162.05027,0.000538,0.000616,0.000638,3.688119,3.688628,3.687481,0.000509000000000093,3.6793,0.0218842727661133
"2026-05-23T16:02:42.159Z","run_bootstrap",212,"http://client3:8000","run","http://client3:8000/run",1,TRUE,200,1109,251,3.59150671958923,"2026-05-23T16:02:38.348476Z","2026-05-23T16:02:41.939983Z",1779552158.34848,1779552161.93998,0.000562,0.000659,0.00069,3.577412,3.577499,3.576722,8.70000000001703e-05,3.5671,0.0244067195892335
"2026-05-23T16:02:45.997Z","run_bootstrap",213,"http://client1:8000","run","http://client1:8000/run",1,TRUE,200,1107,249,3.76658868789673,"2026-05-23T16:02:42.169230Z","2026-05-23T16:02:45.935818Z",1779552162.16923,1779552165.93582,0.000706,0.000818,0.000853,3.752604,3.752737,3.751751,0.000133000000000383,3.7451,0.0214886878967286
"2026-05-23T16:02:45.997Z","run_bootstrap",213,"http://client2:8000","run","http://client2:8000/run",1,TRUE,200,1107,257,3.82044959068298,"2026-05-23T16:02:42.171158Z","2026-05-23T16:02:45.991607Z",1779552162.17116,1779552165.99161,0.00062,0.000733,0.000768,3.802259,3.802374,3.801491,0.000115000000000087,3.7953,0.0251495906829833
"2026-05-23T16:02:45.997Z","run_bootstrap",213,"http://client3:8000","run","http://client3:8000/run",1,TRUE,200,1107,249,3.63981294631958,"2026-05-23T16:02:42.171602Z","2026-05-23T16:02:45.811415Z",1779552162.1716,1779552165.81142,0.000566,0.000677,0.000712,3.619267,3.619359,3.618555,9.20000000004251e-05,3.6112,0.0286129463195799
"2026-05-23T16:02:49.893Z","run_bootstrap",214,"http://client1:8000","run","http://client1:8000/run",1,TRUE,200,1107,249,3.86536169052124,"2026-05-23T16:02:46.009683Z","2026-05-23T16:02:49.875044Z",1779552166.00968,1779552169.87504,0.00073,0.000835,0.000873,3.84836,3.848507,3.847487,0.000147000000000119,3.8394,0.0259616905212403
"2026-05-23T16:02:49.893Z","run_bootstrap",214,"http://client2:8000","run","http://client2:8000/run",1,TRUE,200,1107,257,3.87791204452515,"2026-05-23T16:02:46.010553Z","2026-05-23T16:02:49.888465Z",1779552166.01055,1779552169.88847,0.000714,0.000819,0.000857,3.861398,3.861519,3.860541,0.000121000000000038,3.8541,0.0238120445251466
"2026-05-23T16:02:49.893Z","run_bootstrap",214,"http://client3:8000","run","http://client3:8000/run",1,TRUE,200,1107,249,3.60877871513367,"2026-05-23T16:02:46.009729Z","2026-05-23T16:02:49.618508Z",1779552166.00973,1779552169.61851,0.000691,0.000798,0.000833,3.593912,3.594042,3.593079,0.000129999999999963,3.5866,0.0221787151336672
"2026-05-23T16:02:53.675Z","run_bootstrap",215,"http://client1:8000","run","http://client1:8000/run",1,TRUE,200,1109,250,3.75316047668457,"2026-05-23T16:02:49.904462Z","2026-05-23T16:02:53.657623Z",1779552169.90446,1779552173.65762,0.000848,0.000954,0.000989,3.737481,3.737631,3.736492,0.000150000000000095,3.7286,0.0245604766845702
"2026-05-23T16:02:53.675Z","run_bootstrap",215,"http://client2:8000","run","http://client2:8000/run",1,TRUE,200,1109,255,3.76130247116089,"2026-05-23T16:02:49.906867Z","2026-05-23T16:02:53.668169Z",1779552169.90687,1779552173.66817,0.00042,0.000533,0.00057,3.745716,3.745854,3.745146,0.000138000000000194,3.739,0.0223024711608888
"2026-05-23T16:02:53.675Z","run_bootstrap",215,"http://client3:8000","run","http://client3:8000/run",1,TRUE,200,1109,251,3.51343202590942,"2026-05-23T16:02:49.906206Z","2026-05-23T16:02:53.419638Z",1779552169.90621,1779552173.41964,0.00056,0.000631,0.000661,3.498305,3.498455,3.497644,0.00014999999999965,3.491,0.0224320259094237
"2026-05-23T16:02:57.485Z","run_bootstrap",216,"http://client1:8000","run","http://client1:8000/run",1,TRUE,200,1109,250,3.67940711975098,"2026-05-23T16:02:53.689536Z","2026-05-23T16:02:57.368943Z",1779552173.68954,1779552177.36894,0.00034,0.000404,0.000424,3.653503,3.653545,3.653079,4.19999999996534e-05,3.6424,0.0370071197509767
"2026-05-23T16:02:57.485Z","run_bootstrap",216,"http://client2:8000","run","http://client2:8000/run",1,TRUE,200,1109,256,3.75701665878296,"2026-05-23T16:02:53.690106Z","2026-05-23T16:02:57.447122Z",1779552173.69011,1779552177.44712,0.000815,0.000926,0.000962,3.732968,3.733009,3.732006,4.09999999999577e-05,3.7246,0.0324166587829589
"2026-05-23T16:02:57.485Z","run_bootstrap",216,"http://client3:8000","run","http://client3:8000/run",1,TRUE,200,1109,251,3.78963899612427,"2026-05-23T16:02:53.690675Z","2026-05-23T16:02:57.480314Z",1779552173.69068,1779552177.48031,0.000366,0.000446,0.000478,3.764994,3.765035,3.764516,4.09999999999577e-05,3.757,0.0326389961242675
"2026-05-23T16:03:01.304Z","run_bootstrap",217,"http://client1:8000","run","http://client1:8000/run",1,TRUE,200,1108,249,3.75185298919678,"2026-05-23T16:02:57.499817Z","2026-05-23T16:03:01.251670Z",1779552177.49982,1779552181.25167,0.000477,0.000553,0.000599,3.731653,3.731808,3.731054,0.000154999999999905,3.7231,0.0287529891967773
"2026-05-23T16:03:01.304Z","run_bootstrap",217,"http://client2:8000","run","http://client2:8000/run",1,TRUE,200,1108,257,3.73364901542664,"2026-05-23T16:02:57.500525Z","2026-05-23T16:03:01.234174Z",1779552177.50053,1779552181.23417,0.00073,0.000817,0.00084,3.717517,3.717651,3.716677,0.000134000000000079,3.7093,0.0243490154266359
"2026-05-23T16:03:01.304Z","run_bootstrap",217,"http://client3:8000","run","http://client3:8000/run",1,TRUE,200,1108,251,3.79887342453003,"2026-05-23T16:02:57.501052Z","2026-05-23T16:03:01.299925Z",1779552177.50105,1779552181.29993,0.000663,0.000768,0.000804,3.785143,3.785353,3.784339,0.000210000000000043,3.7761,0.0227734245300293
"2026-05-23T16:03:05.098Z","run_bootstrap",218,"http://client1:8000","run","http://client1:8000/run",1,TRUE,200,1108,249,3.75886034965515,"2026-05-23T16:03:01.315899Z","2026-05-23T16:03:05.074759Z",1779552181.3159,1779552185.07476,0.000667,0.000783,0.000817,3.744854,3.744992,3.744037,0.000137999999999749,3.7371,0.0217603496551515
"2026-05-23T16:03:05.098Z","run_bootstrap",218,"http://client2:8000","run","http://client2:8000/run",1,TRUE,200,1108,257,3.77600336074829,"2026-05-23T16:03:01.317651Z","2026-05-23T16:03:05.093655Z",1779552181.31765,1779552185.09366,0.000453,0.000537,0.000559,3.762801,3.762926,3.762242,0.000125000000000153,3.7494,0.0266033607482909
"2026-05-23T16:03:05.098Z","run_bootstrap",218,"http://client3:8000","run","http://client3:8000/run",1,TRUE,200,1108,251,3.76739621162415,"2026-05-23T16:03:01.318136Z","2026-05-23T16:03:05.085532Z",1779552181.31814,1779552185.08553,0.000467,0.000556,0.000588,3.753899,3.754019,3.753311,0.000119999999999898,3.7352,0.0321962116241457
"2026-05-23T16:03:09.061Z","run_bootstrap",219,"http://client1:8000","run","http://client1:8000/run",1,TRUE,200,1107,250,3.74207925796509,"2026-05-23T16:03:05.109719Z","2026-05-23T16:03:08.851798Z",1779552185.10972,1779552188.8518,0.000565,0.000676,0.000711,3.723492,3.7236,3.722781,0.000107999999999997,3.7143,0.0277792579650877
"2026-05-23T16:03:09.061Z","run_bootstrap",219,"http://client2:8000","run","http://client2:8000/run",1,TRUE,200,1107,257,3.6743426322937,"2026-05-23T16:03:05.109993Z","2026-05-23T16:03:08.784336Z",1779552185.10999,1779552188.78434,0.000514,6e-04,0.000632,3.654988,3.655132,3.654356,0.000144000000000144,3.6467,0.0276426322937011
"2026-05-23T16:03:09.061Z","run_bootstrap",219,"http://client3:8000","run","http://client3:8000/run",1,TRUE,200,1107,253,3.94582581520081,"2026-05-23T16:03:05.110482Z","2026-05-23T16:03:09.056308Z",1779552185.11048,1779552189.05631,0.000758,0.000877,0.000913,3.931174,3.931311,3.930261,0.000137000000000054,3.9224,0.0234258152008056
"2026-05-23T16:03:13.194Z","run_bootstrap",220,"http://client1:8000","run","http://client1:8000/run",1,TRUE,200,1107,250,4.11417603492737,"2026-05-23T16:03:09.075148Z","2026-05-23T16:03:13.189324Z",1779552189.07515,1779552193.18932,0.000558,0.000706,0.000764,4.099837,4.099951,4.099073,0.000113999999999947,3.9326,0.181576034927368
"2026-05-23T16:03:13.194Z","run_bootstrap",220,"http://client2:8000","run","http://client2:8000/run",1,TRUE,200,1107,256,4.01334643363953,"2026-05-23T16:03:09.076031Z","2026-05-23T16:03:13.089378Z",1779552189.07603,1779552193.08938,0.000458,0.000526,0.000546,3.999904,4.000008,3.999358,0.000104000000000326,3.831,0.182346433639526
"2026-05-23T16:03:13.194Z","run_bootstrap",220,"http://client3:8000","run","http://client3:8000/run",1,TRUE,200,1107,253,3.94423818588257,"2026-05-23T16:03:09.076783Z","2026-05-23T16:03:13.021021Z",1779552189.07678,1779552193.02102,0.000431,0.000506,0.000527,3.931611,3.931743,3.931084,0.000131999999999799,3.7684,0.175838185882568
"2026-05-23T16:03:16.976Z","run_bootstrap",221,"http://client1:8000","run","http://client1:8000/run",1,TRUE,200,1108,250,3.76457071304321,"2026-05-23T16:03:13.207383Z","2026-05-23T16:03:16.971954Z",1779552193.20738,1779552196.97195,0.000551,0.000746,0.000783,3.747741,3.747868,3.746958,0.000126999999999988,3.7408,0.0237707130432128
"2026-05-23T16:03:16.976Z","run_bootstrap",221,"http://client2:8000","run","http://client2:8000/run",1,TRUE,200,1108,258,3.66854524612427,"2026-05-23T16:03:13.207910Z","2026-05-23T16:03:16.876456Z",1779552193.20791,1779552196.87646,0.000658,0.000746,0.000777,3.6514,3.651505,3.650623,0.000104999999999578,3.6445,0.0240452461242677
"2026-05-23T16:03:16.976Z","run_bootstrap",221,"http://client3:8000","run","http://client3:8000/run",1,TRUE,200,1108,253,3.24141526222229,"2026-05-23T16:03:13.207240Z","2026-05-23T16:03:16.448655Z",1779552193.20724,1779552196.44866,0.000644,0.000755,0.000832,3.226685,3.226831,3.225853,0.000145999999999979,3.2198,0.0216152622222898
"2026-05-23T16:03:20.716Z","run_bootstrap",222,"http://client1:8000","run","http://client1:8000/run",1,TRUE,200,1108,250,3.60873556137085,"2026-05-23T16:03:16.988303Z","2026-05-23T16:03:20.597039Z",1779552196.9883,1779552200.59704,0.000608,0.00064,0.000652,3.590097,3.590135,3.589445,3.79999999999825e-05,3.5816,0.0271355613708497
"2026-05-23T16:03:20.716Z","run_bootstrap",222,"http://client2:8000","run","http://client2:8000/run",1,TRUE,200,1108,258,3.55799341201782,"2026-05-23T16:03:16.989880Z","2026-05-23T16:03:20.547873Z",1779552196.98988,1779552200.54787,0.000475,0.00053,0.000549,3.54016,3.540191,3.539611,3.09999999998922e-05,3.5333,0.0246934120178222
"2026-05-23T16:03:20.716Z","run_bootstrap",222,"http://client3:8000","run","http://client3:8000/run",1,TRUE,200,1108,252,3.71828627586365,"2026-05-23T16:03:16.991074Z","2026-05-23T16:03:20.709360Z",1779552196.99107,1779552200.70936,0.000445,0.000516,0.000538,3.701604,3.701667,3.701066,6.29999999999242e-05,3.694,0.0242862758636475
"2026-05-23T16:03:24.435Z","run_bootstrap",223,"http://client1:8000","run","http://client1:8000/run",1,TRUE,200,1109,249,3.69848561286926,"2026-05-23T16:03:20.731816Z","2026-05-23T16:03:24.430302Z",1779552200.73182,1779552204.4303,0.000596,0.000703,0.00074,3.684824,3.684943,3.684084,0.000119000000000202,3.6775,0.0209856128692625
"2026-05-23T16:03:24.435Z","run_bootstrap",223,"http://client2:8000","run","http://client2:8000/run",1,TRUE,200,1109,257,3.66941237449646,"2026-05-23T16:03:20.733006Z","2026-05-23T16:03:24.402418Z",1779552200.73301,1779552204.40242,0.00041,0.000502,0.000535,3.649446,3.649593,3.648911,0.000146999999999675,3.6422,0.0272123744964601
"2026-05-23T16:03:24.435Z","run_bootstrap",223,"http://client3:8000","run","http://client3:8000/run",1,TRUE,200,1109,253,3.58807873725891,"2026-05-23T16:03:20.732163Z","2026-05-23T16:03:24.320242Z",1779552200.73216,1779552204.32024,0.000587,0.000703,0.000739,3.574319,3.574458,3.57358,0.000138999999999889,3.5673,0.0207787372589112
"2026-05-23T16:03:28.496Z","run_bootstrap",224,"http://client1:8000","run","http://client1:8000/run",1,TRUE,200,1109,249,3.86756110191345,"2026-05-23T16:03:24.449196Z","2026-05-23T16:03:28.316757Z",1779552204.4492,1779552208.31676,0.000555,0.000635,0.000672,3.852872,3.852986,3.8522,0.000113999999999947,3.8459,0.0216611019134523
"2026-05-23T16:03:28.496Z","run_bootstrap",224,"http://client2:8000","run","http://client2:8000/run",1,TRUE,200,1109,257,3.82928442955017,"2026-05-23T16:03:24.448975Z","2026-05-23T16:03:28.278260Z",1779552204.44898,1779552208.27826,0.000356,0.000432,0.000456,3.816194,3.816325,3.815738,0.000131000000000103,3.8098,0.0194844295501708
"2026-05-23T16:03:28.496Z","run_bootstrap",224,"http://client3:8000","run","http://client3:8000/run",1,TRUE,200,1109,253,4.03880953788757,"2026-05-23T16:03:24.449438Z","2026-05-23T16:03:28.488247Z",1779552204.44944,1779552208.48825,0.000508,0.000596,0.000637,4.025357,4.025536,4.02472,0.000179000000000151,4.0187,0.0201095378875733
"2026-05-23T16:03:32.612Z","run_bootstrap",225,"http://client1:8000","run","http://client1:8000/run",1,TRUE,200,1109,249,4.09724926948547,"2026-05-23T16:03:28.510921Z","2026-05-23T16:03:32.608171Z",1779552208.51092,1779552212.60817,0.000452,0.00057,0.000605,4.083814,4.083936,4.083209,0.000121999999999289,3.9226,0.174649269485474
"2026-05-23T16:03:32.612Z","run_bootstrap",225,"http://client2:8000","run","http://client2:8000/run",1,TRUE,200,1109,255,3.86275672912598,"2026-05-23T16:03:28.511561Z","2026-05-23T16:03:32.374317Z",1779552208.51156,1779552212.37432,0.000598,0.000705,0.000739,3.848993,3.849126,3.848254,0.000132999999999939,3.8419,0.0208567291259767
"2026-05-23T16:03:32.612Z","run_bootstrap",225,"http://client3:8000","run","http://client3:8000/run",1,TRUE,200,1109,253,4.08930468559265,"2026-05-23T16:03:28.513097Z","2026-05-23T16:03:32.602401Z",1779552208.5131,1779552212.6024,0.000679,0.000757,0.000778,4.06724,4.067412,4.066462,0.000172000000000061,4.0598,0.0295046855926513
"2026-05-23T16:03:36.467Z","run_bootstrap",226,"http://client1:8000","run","http://client1:8000/run",1,TRUE,200,1109,249,3.65847611427307,"2026-05-23T16:03:32.626196Z","2026-05-23T16:03:36.284672Z",1779552212.6262,1779552216.28467,0.000579,0.000693,0.00073,3.64016,3.640286,3.63943,0.000126000000000293,3.6295,0.0289761142730711
"2026-05-23T16:03:36.467Z","run_bootstrap",226,"http://client2:8000","run","http://client2:8000/run",1,TRUE,200,1109,255,3.83567023277283,"2026-05-23T16:03:32.626741Z","2026-05-23T16:03:36.462411Z",1779552212.62674,1779552216.46241,0.000579,0.000693,0.00073,3.81817,3.818305,3.81744,0.000135000000000218,3.8114,0.0242702327728272
"2026-05-23T16:03:36.467Z","run_bootstrap",226,"http://client3:8000","run","http://client3:8000/run",1,TRUE,200,1109,253,3.67743945121765,"2026-05-23T16:03:32.627233Z","2026-05-23T16:03:36.304673Z",1779552212.62723,1779552216.30467,0.000786,0.000901,0.000936,3.662407,3.662544,3.661471,0.000137000000000054,3.6551,0.0223394512176514
"2026-05-23T16:03:40.349Z","run_bootstrap",227,"http://client1:8000","run","http://client1:8000/run",1,TRUE,200,1108,249,3.55680799484253,"2026-05-23T16:03:36.479931Z","2026-05-23T16:03:40.036739Z",1779552216.47993,1779552220.03674,0.00055,0.000629,0.00066,3.537991,3.538051,3.537331,5.9999999999949e-05,3.5298,0.0270079948425295
"2026-05-23T16:03:40.349Z","run_bootstrap",227,"http://client2:8000","run","http://client2:8000/run",1,TRUE,200,1108,256,3.85878443717957,"2026-05-23T16:03:36.480545Z","2026-05-23T16:03:40.339330Z",1779552216.48055,1779552220.33933,0.000872,0.000956,0.001003,3.844074,3.844132,3.843071,5.80000000001135e-05,3.8361,0.0226844371795654
"2026-05-23T16:03:40.349Z","run_bootstrap",227,"http://client3:8000","run","http://client3:8000/run",1,TRUE,200,1108,250,3.82186150550842,"2026-05-23T16:03:36.481243Z","2026-05-23T16:03:40.303104Z",1779552216.48124,1779552220.3031,0.000347,0.000424,0.000457,3.804112,3.804171,3.803655,5.90000000002533e-05,3.7975,0.024361505508423
"2026-05-23T16:03:44.485Z","run_bootstrap",228,"http://client1:8000","run","http://client1:8000/run",1,TRUE,200,1108,249,3.74315619468689,"2026-05-23T16:03:40.364583Z","2026-05-23T16:03:44.107740Z",1779552220.36458,1779552224.10774,0.000608,0.000696,0.000729,3.726076,3.726225,3.725347,0.000148999999999955,3.7173,0.0258561946868898
"2026-05-23T16:03:44.485Z","run_bootstrap",228,"http://client2:8000","run","http://client2:8000/run",1,TRUE,200,1108,256,4.11637496948242,"2026-05-23T16:03:40.365036Z","2026-05-23T16:03:44.481411Z",1779552220.36504,1779552224.48141,0.000398,0.000477,0.000524,4.099775,4.099908,4.099251,0.000132999999999939,4.0931,0.0232749694824221
"2026-05-23T16:03:44.485Z","run_bootstrap",228,"http://client3:8000","run","http://client3:8000/run",1,TRUE,200,1108,250,4.06556487083435,"2026-05-23T16:03:40.364236Z","2026-05-23T16:03:44.429800Z",1779552220.36424,1779552224.4298,0.000707,0.000822,0.000857,4.051538,4.05168,4.050681,0.000142000000000309,4.0443,0.0212648708343508
"2026-05-23T16:03:48.354Z","run_bootstrap",229,"http://client1:8000","run","http://client1:8000/run",1,TRUE,200,1109,250,3.05355262756348,"2026-05-23T16:03:44.497487Z","2026-05-23T16:03:47.551039Z",1779552224.49749,1779552227.55104,0.000618,0.000728,0.000764,3.03956,3.039653,3.038796,9.30000000001208e-05,3.0286,0.0249526275634766
"2026-05-23T16:03:48.354Z","run_bootstrap",229,"http://client2:8000","run","http://client2:8000/run",1,TRUE,200,1109,253,3.85106039047241,"2026-05-23T16:03:44.498249Z","2026-05-23T16:03:48.349309Z",1779552224.49825,1779552228.34931,0.000569,0.000653,0.000682,3.834221,3.834386,3.833539,0.000164999999999971,3.8274,0.0236603904724122
"2026-05-23T16:03:48.354Z","run_bootstrap",229,"http://client3:8000","run","http://client3:8000/run",1,TRUE,200,1109,253,3.71659064292908,"2026-05-23T16:03:44.498657Z","2026-05-23T16:03:48.215248Z",1779552224.49866,1779552228.21525,0.000434,0.000501,0.000534,3.704117,3.704259,3.703583,0.000141999999999864,3.696,0.020590642929077
"2026-05-23T16:03:52.096Z","run_bootstrap",230,"http://client1:8000","run","http://client1:8000/run",1,TRUE,200,1109,250,3.72356033325195,"2026-05-23T16:03:48.368195Z","2026-05-23T16:03:52.091755Z",1779552228.3682,1779552232.09176,0.000741,0.000856,0.000895,3.709512,3.709656,3.708617,0.0001439999999997,3.7006,0.022960333251953
"2026-05-23T16:03:52.096Z","run_bootstrap",230,"http://client2:8000","run","http://client2:8000/run",1,TRUE,200,1109,253,3.56907415390015,"2026-05-23T16:03:48.369227Z","2026-05-23T16:03:51.938302Z",1779552228.36923,1779552231.9383,0.000833,0.000888,0.000906,3.55653,3.556647,3.555624,0.000116999999999923,3.5491,0.0199741539001463
"2026-05-23T16:03:52.096Z","run_bootstrap",230,"http://client3:8000","run","http://client3:8000/run",1,TRUE,200,1109,254,3.53430724143982,"2026-05-23T16:03:48.369245Z","2026-05-23T16:03:51.903552Z",1779552228.36925,1779552231.90355,0.000699,0.000801,0.000841,3.520839,3.520981,3.519998,0.000141999999999864,3.5138,0.0205072414398195
"2026-05-23T16:03:55.759Z","run_bootstrap",231,"http://client1:8000","run","http://client1:8000/run",1,TRUE,200,1109,249,3.58401584625244,"2026-05-23T16:03:52.114597Z","2026-05-23T16:03:55.698613Z",1779552232.1146,1779552235.69861,0.000749,0.000828,0.000859,3.569747,3.569879,3.568888,0.000131999999999799,3.5624,0.0216158462524416
"2026-05-23T16:03:55.759Z","run_bootstrap",231,"http://client2:8000","run","http://client2:8000/run",1,TRUE,200,1109,256,3.63604855537415,"2026-05-23T16:03:52.115157Z","2026-05-23T16:03:55.751205Z",1779552232.11516,1779552235.75121,0.000652,0.00074,0.000775,3.614793,3.614937,3.614018,0.0001439999999997,3.6076,0.0284485553741454
"2026-05-23T16:03:55.759Z","run_bootstrap",231,"http://client3:8000","run","http://client3:8000/run",1,TRUE,200,1109,254,3.63873481750488,"2026-05-23T16:03:52.114694Z","2026-05-23T16:03:55.753429Z",1779552232.11469,1779552235.75343,0.000707,0.000795,0.00082,3.62523,3.625298,3.62441,6.79999999997349e-05,3.6182,0.020534817504883
"2026-05-23T16:03:59.564Z","run_bootstrap",232,"http://client1:8000","run","http://client1:8000/run",1,TRUE,200,1109,249,3.78414607048035,"2026-05-23T16:03:55.773237Z","2026-05-23T16:03:59.557383Z",1779552235.77324,1779552239.55738,0.00056,0.000658,0.000693,3.769249,3.769391,3.768556,0.000142000000000309,3.7615,0.0226460704803468
"2026-05-23T16:03:59.564Z","run_bootstrap",232,"http://client2:8000","run","http://client2:8000/run",1,TRUE,200,1109,256,3.36435413360596,"2026-05-23T16:03:55.773808Z","2026-05-23T16:03:59.138162Z",1779552235.77381,1779552239.13816,0.000589,0.000668,0.000699,3.349677,3.350087,3.348978,0.000410000000000021,3.3426,0.021754133605957
"2026-05-23T16:03:59.564Z","run_bootstrap",232,"http://client3:8000","run","http://client3:8000/run",1,TRUE,200,1109,254,3.56046962738037,"2026-05-23T16:03:55.773206Z","2026-05-23T16:03:59.333675Z",1779552235.77321,1779552239.33368,0.000853,0.000964,0.001,3.546426,3.546566,3.545426,0.000140000000000029,3.5391,0.0213696273803712
"2026-05-23T16:04:03.414Z","run_bootstrap",233,"http://client1:8000","run","http://client1:8000/run",1,TRUE,200,1107,248,3.83081889152527,"2026-05-23T16:03:59.576310Z","2026-05-23T16:04:03.407129Z",1779552239.57631,1779552243.40713,0.000501,0.000589,0.000621,3.808549,3.808673,3.807928,0.000124000000000013,3.8008,0.0300188915252684
"2026-05-23T16:04:03.414Z","run_bootstrap",233,"http://client2:8000","run","http://client2:8000/run",1,TRUE,200,1107,253,3.58213114738464,"2026-05-23T16:03:59.575956Z","2026-05-23T16:04:03.158087Z",1779552239.57596,1779552243.15809,0.000742,0.000857,0.000893,3.56345,3.563563,3.562557,0.000112999999999808,3.5552,0.0269311473846434
"2026-05-23T16:04:03.414Z","run_bootstrap",233,"http://client3:8000","run","http://client3:8000/run",1,TRUE,200,1107,254,3.44634008407593,"2026-05-23T16:03:59.577878Z","2026-05-23T16:04:03.024218Z",1779552239.57788,1779552243.02422,0.000574,0.000701,0.000736,3.422303,3.422429,3.421567,0.000126000000000293,3.4147,0.0316400840759279
"2026-05-23T16:04:07.225Z","run_bootstrap",234,"http://client1:8000","run","http://client1:8000/run",1,TRUE,200,1107,248,3.67886590957642,"2026-05-23T16:04:03.430029Z","2026-05-23T16:04:07.108895Z",1779552243.43003,1779552247.1089,0.000634,0.000751,0.000787,3.665091,3.665226,3.664304,0.000135000000000218,3.6567,0.0221659095764162
"2026-05-23T16:04:07.225Z","run_bootstrap",234,"http://client2:8000","run","http://client2:8000/run",1,TRUE,200,1107,251,3.78803014755249,"2026-05-23T16:04:03.431936Z","2026-05-23T16:04:07.219966Z",1779552243.43194,1779552247.21997,0.000424,0.000506,0.000539,3.766798,3.766925,3.766259,0.000126999999999988,3.76,0.0280301475524904
"2026-05-23T16:04:07.225Z","run_bootstrap",234,"http://client3:8000","run","http://client3:8000/run",1,TRUE,200,1107,254,3.48607563972473,"2026-05-23T16:04:03.432152Z","2026-05-23T16:04:06.918228Z",1779552243.43215,1779552246.91823,0.000541,0.000641,0.000677,3.467751,3.468491,3.467074,0.000740000000000407,3.4608,0.0252756397247316
"2026-05-23T16:04:11.029Z","run_bootstrap",235,"http://client1:8000","run","http://client1:8000/run",1,TRUE,200,1107,247,3.78710031509399,"2026-05-23T16:04:07.237711Z","2026-05-23T16:04:11.024811Z",1779552247.23771,1779552251.02481,0.000846,0.000904,0.000926,3.771997,3.772167,3.771071,0.000170000000000226,3.764,0.0231003150939944
"2026-05-23T16:04:11.029Z","run_bootstrap",235,"http://client2:8000","run","http://client2:8000/run",1,TRUE,200,1107,254,3.59157061576843,"2026-05-23T16:04:07.238373Z","2026-05-23T16:04:10.829943Z",1779552247.23837,1779552250.82994,0.000481,0.000554,0.000584,3.573078,3.573214,3.572494,0.000135999999999914,3.5662,0.0253706157684328
"2026-05-23T16:04:11.029Z","run_bootstrap",235,"http://client3:8000","run","http://client3:8000/run",1,TRUE,200,1107,253,3.64203691482544,"2026-05-23T16:04:07.238834Z","2026-05-23T16:04:10.880871Z",1779552247.23883,1779552250.88087,0.000822,0.000901,0.000923,3.628029,3.628233,3.627106,0.000203999999999649,3.6208,0.0212369148254394
"2026-05-23T16:04:14.766Z","run_bootstrap",236,"http://client1:8000","run","http://client1:8000/run",1,TRUE,200,1107,248,3.71742749214172,"2026-05-23T16:04:11.041452Z","2026-05-23T16:04:14.758879Z",1779552251.04145,1779552254.75888,0.000733,0.000841,0.000875,3.702804,3.70293,3.701929,0.000125999999999848,3.6942,0.0232274921417237
"2026-05-23T16:04:14.766Z","run_bootstrap",236,"http://client2:8000","run","http://client2:8000/run",1,TRUE,200,1107,253,3.39381432533264,"2026-05-23T16:04:11.043282Z","2026-05-23T16:04:14.437096Z",1779552251.04328,1779552254.4371,0.000621,0.000732,0.000768,3.379573,3.379698,3.378805,0.000124999999999709,3.369,0.0248143253326414
"2026-05-23T16:04:14.766Z","run_bootstrap",236,"http://client3:8000","run","http://client3:8000/run",1,TRUE,200,1107,253,3.64006853103638,"2026-05-23T16:04:11.043783Z","2026-05-23T16:04:14.683852Z",1779552251.04378,1779552254.68385,0.000588,0.000709,0.000745,3.623129,3.623209,3.622384,8.000000000008e-05,3.6159,0.0241685310363771
"2026-05-23T16:04:18.519Z","run_bootstrap",237,"http://client1:8000","run","http://client1:8000/run",1,TRUE,200,1107,250,3.73014545440674,"2026-05-23T16:04:14.781431Z","2026-05-23T16:04:18.511576Z",1779552254.78143,1779552258.51158,0.000612,0.000717,0.000752,3.71399,3.714154,3.713238,0.000164000000000275,3.7061,0.0240454544067381
"2026-05-23T16:04:18.519Z","run_bootstrap",237,"http://client2:8000","run","http://client2:8000/run",1,TRUE,200,1107,255,3.55988216400146,"2026-05-23T16:04:14.781649Z","2026-05-23T16:04:18.341531Z",1779552254.78165,1779552258.34153,0.00075,0.000862,0.000898,3.539037,3.539168,3.538139,0.000131000000000103,3.5308,0.0290821640014647
"2026-05-23T16:04:18.519Z","run_bootstrap",237,"http://client3:8000","run","http://client3:8000/run",1,TRUE,200,1107,252,3.63840413093567,"2026-05-23T16:04:14.782141Z","2026-05-23T16:04:18.420545Z",1779552254.78214,1779552258.42055,0.000503,0.000591,0.000624,3.617444,3.617528,3.61682,8.4000000000195e-05,3.6104,0.0280041309356691
"2026-05-23T16:04:22.294Z","run_bootstrap",238,"http://client1:8000","run","http://client1:8000/run",1,TRUE,200,1107,249,3.75093030929565,"2026-05-23T16:04:18.534701Z","2026-05-23T16:04:22.285631Z",1779552258.5347,1779552262.28563,0.000545,0.000658,0.000693,3.731874,3.73199,3.731181,0.000116000000000227,3.724,0.0269303092956541
"2026-05-23T16:04:22.294Z","run_bootstrap",238,"http://client2:8000","run","http://client2:8000/run",1,TRUE,200,1107,255,3.6886773109436,"2026-05-23T16:04:18.535040Z","2026-05-23T16:04:22.223717Z",1779552258.53504,1779552262.22372,0.000613,0.000728,0.000769,3.663307,3.663449,3.662538,0.000141999999999864,3.6552,0.0334773109436037
"2026-05-23T16:04:22.294Z","run_bootstrap",238,"http://client3:8000","run","http://client3:8000/run",1,TRUE,200,1107,252,3.72819328308105,"2026-05-23T16:04:18.535434Z","2026-05-23T16:04:22.263627Z",1779552258.53543,1779552262.26363,0.000654,0.000758,0.000791,3.708778,3.708868,3.707987,8.99999999997014e-05,3.7017,0.0264932830810545
"2026-05-23T16:04:26.089Z","run_bootstrap",239,"http://client1:8000","run","http://client1:8000/run",1,TRUE,200,1108,249,3.77390694618225,"2026-05-23T16:04:22.309227Z","2026-05-23T16:04:26.083134Z",1779552262.30923,1779552266.08313,0.000527,0.000607,0.000643,3.759315,3.759454,3.758672,0.000138999999999889,3.7511,0.0228069461822509
"2026-05-23T16:04:26.089Z","run_bootstrap",239,"http://client2:8000","run","http://client2:8000/run",1,TRUE,200,1108,254,3.65252161026001,"2026-05-23T16:04:22.308898Z","2026-05-23T16:04:25.961419Z",1779552262.3089,1779552265.96142,0.000817,0.000907,0.00093,3.638654,3.638806,3.637724,0.000152000000000374,3.6302,0.0223216102600099
"2026-05-23T16:04:26.089Z","run_bootstrap",239,"http://client3:8000","run","http://client3:8000/run",1,TRUE,200,1108,252,3.70846652984619,"2026-05-23T16:04:22.310510Z","2026-05-23T16:04:26.018977Z",1779552262.31051,1779552266.01898,0.000546,0.000617,0.000652,3.695203,3.695347,3.694551,0.000144000000000144,3.687,0.0214665298461916
"2026-05-23T16:04:30.005Z","run_bootstrap",240,"http://client1:8000","run","http://client1:8000/run",1,TRUE,200,1108,249,3.83023190498352,"2026-05-23T16:04:26.102656Z","2026-05-23T16:04:29.932888Z",1779552266.10266,1779552269.93289,0.000758,0.000836,0.000857,3.815279,3.815442,3.814422,0.000163000000000135,3.6511,0.17913190498352
"2026-05-23T16:04:30.005Z","run_bootstrap",240,"http://client2:8000","run","http://client2:8000/run",1,TRUE,200,1108,254,3.3286566734314,"2026-05-23T16:04:26.103990Z","2026-05-23T16:04:29.432646Z",1779552266.10399,1779552269.43265,0.000623,0.000713,0.000757,3.311267,3.311427,3.31051,0.00016000000000016,3.1476,0.181056673431396
"2026-05-23T16:04:30.005Z","run_bootstrap",240,"http://client3:8000","run","http://client3:8000/run",1,TRUE,200,1108,253,3.89635515213013,"2026-05-23T16:04:26.104766Z","2026-05-23T16:04:30.001121Z",1779552266.10477,1779552270.00112,0.000491,0.000572,0.00063,3.882931,3.883064,3.882301,0.000132999999999939,3.7239,0.172455152130127
"2026-05-23T16:04:33.774Z","run_bootstrap",241,"http://client1:8000","run","http://client1:8000/run",1,TRUE,200,1108,256,3.44284868240356,"2026-05-23T16:04:30.067886Z","2026-05-23T16:04:33.510734Z",1779552270.06789,1779552273.51073,0.000666,0.000773,0.000806,3.429337,3.429493,3.428531,0.000156000000000045,3.4218,0.0210486824035643
"2026-05-23T16:04:33.774Z","run_bootstrap",241,"http://client2:8000","run","http://client2:8000/run",1,TRUE,200,1108,258,3.69690489768982,"2026-05-23T16:04:30.070110Z","2026-05-23T16:04:33.767015Z",1779552270.07011,1779552273.76702,0.000542,0.000627,0.000659,3.676785,3.676911,3.676126,0.000125999999999848,3.6688,0.0281048976898193
"2026-05-23T16:04:33.774Z","run_bootstrap",241,"http://client3:8000","run","http://client3:8000/run",1,TRUE,200,1108,253,3.47967171669006,"2026-05-23T16:04:30.069456Z","2026-05-23T16:04:33.549127Z",1779552270.06946,1779552273.54913,0.000613,0.000697,0.00072,3.467249,3.467403,3.466529,0.00015400000000021,3.4598,0.0198717166900635
"2026-05-23T16:04:37.509Z","run_bootstrap",242,"http://client1:8000","run","http://client1:8000/run",1,TRUE,200,1108,256,3.4859402179718,"2026-05-23T16:04:33.791720Z","2026-05-23T16:04:37.277660Z",1779552273.79172,1779552277.27766,0.000727,0.000852,0.000888,3.472433,3.472599,3.471545,0.000166000000000111,3.4651,0.0208402179718017
"2026-05-23T16:04:37.509Z","run_bootstrap",242,"http://client2:8000","run","http://client2:8000/run",1,TRUE,200,1108,258,3.45831418037415,"2026-05-23T16:04:33.793728Z","2026-05-23T16:04:37.252042Z",1779552273.79373,1779552277.25204,0.000649,0.000737,0.000771,3.437079,3.437167,3.436308,8.7999999999866e-05,3.4286,0.0297141803741456
"2026-05-23T16:04:37.509Z","run_bootstrap",242,"http://client3:8000","run","http://client3:8000/run",1,TRUE,200,1108,253,3.7109100818634,"2026-05-23T16:04:33.794103Z","2026-05-23T16:04:37.505013Z",1779552273.7941,1779552277.50501,0.000607,0.000729,0.000766,3.690667,3.690907,3.689901,0.00024000000000024,3.6836,0.0273100818634031
"2026-05-23T16:04:41.138Z","run_bootstrap",243,"http://client1:8000","run","http://client1:8000/run",1,TRUE,200,1110,263,3.61003828048706,"2026-05-23T16:04:37.521076Z","2026-05-23T16:04:41.131114Z",1779552277.52108,1779552281.13111,0.00062,0.000685,0.000704,3.596173,3.596328,3.595469,0.000155000000000349,3.5878,0.0222382804870604
"2026-05-23T16:04:41.138Z","run_bootstrap",243,"http://client2:8000","run","http://client2:8000/run",1,TRUE,200,1110,260,3.39102458953857,"2026-05-23T16:04:37.521924Z","2026-05-23T16:04:40.912949Z",1779552277.52192,1779552280.91295,0.000491,0.000563,0.000594,3.375677,3.37582,3.375083,0.000143000000000004,3.3687,0.0223245895385742
"2026-05-23T16:04:41.138Z","run_bootstrap",243,"http://client3:8000","run","http://client3:8000/run",1,TRUE,200,1110,262,3.51746916770935,"2026-05-23T16:04:37.521221Z","2026-05-23T16:04:41.038690Z",1779552277.52122,1779552281.03869,0.000478,0.000555,0.000578,3.504534,3.504661,3.503956,0.000126999999999988,3.4978,0.0196691677093508
"2026-05-23T16:04:44.849Z","run_bootstrap",244,"http://client1:8000","run","http://client1:8000/run",1,TRUE,200,1110,262,3.68951416015625,"2026-05-23T16:04:41.155476Z","2026-05-23T16:04:44.844990Z",1779552281.15548,1779552284.84499,0.000745,0.000846,0.000882,3.676337,3.676485,3.675455,0.000147999999999815,3.669,0.02051416015625
"2026-05-23T16:04:44.849Z","run_bootstrap",244,"http://client2:8000","run","http://client2:8000/run",1,TRUE,200,1110,260,3.46391439437866,"2026-05-23T16:04:41.156776Z","2026-05-23T16:04:44.620690Z",1779552281.15678,1779552284.62069,0.000404,0.000484,0.000507,3.446189,3.446318,3.445682,0.000129000000000268,3.4395,0.0244143943786623
"2026-05-23T16:04:44.849Z","run_bootstrap",244,"http://client3:8000","run","http://client3:8000/run",1,TRUE,200,1110,262,3.59131264686584,"2026-05-23T16:04:41.157139Z","2026-05-23T16:04:44.748452Z",1779552281.15714,1779552284.74845,0.000545,0.000629,0.000663,3.573998,3.574142,3.573335,0.000144000000000144,3.5672,0.0241126468658446
"2026-05-23T16:04:48.462Z","run_bootstrap",245,"http://client1:8000","run","http://client1:8000/run",1,TRUE,200,1109,255,3.59632039070129,"2026-05-23T16:04:44.861760Z","2026-05-23T16:04:48.458081Z",1779552284.86176,1779552288.45808,0.000669,0.000788,0.000822,3.581896,3.582025,3.581074,0.000128999999999824,3.5741,0.0222203907012939
"2026-05-23T16:04:48.462Z","run_bootstrap",245,"http://client2:8000","run","http://client2:8000/run",1,TRUE,200,1109,254,3.56432247161865,"2026-05-23T16:04:44.862363Z","2026-05-23T16:04:48.426686Z",1779552284.86236,1779552288.42669,0.000771,0.000847,0.000869,3.548857,3.548973,3.547988,0.000116000000000227,3.5418,0.0225224716186525
"2026-05-23T16:04:48.462Z","run_bootstrap",245,"http://client3:8000","run","http://client3:8000/run",1,TRUE,200,1109,255,3.52525091171265,"2026-05-23T16:04:44.863042Z","2026-05-23T16:04:48.388293Z",1779552284.86304,1779552288.38829,0.000662,0.000741,0.000772,3.503772,3.503906,3.503,0.000134000000000079,3.4966,0.0286509117126466
"2026-05-23T16:04:52.111Z","run_bootstrap",246,"http://client1:8000","run","http://client1:8000/run",1,TRUE,200,1109,255,3.63124132156372,"2026-05-23T16:04:48.475013Z","2026-05-23T16:04:52.106255Z",1779552288.47501,1779552292.10626,0.000573,0.00068,0.000715,3.611602,3.611731,3.610887,0.000128999999999824,3.6033,0.0279413215637208
"2026-05-23T16:04:52.111Z","run_bootstrap",246,"http://client2:8000","run","http://client2:8000/run",1,TRUE,200,1109,254,3.40770816802979,"2026-05-23T16:04:48.477037Z","2026-05-23T16:04:51.884745Z",1779552288.47704,1779552291.88475,0.000596,0.000672,0.000703,3.381056,3.381174,3.380353,0.000118000000000062,3.3636,0.0441081680297852
"2026-05-23T16:04:52.111Z","run_bootstrap",246,"http://client3:8000","run","http://client3:8000/run",1,TRUE,200,1109,254,3.62687659263611,"2026-05-23T16:04:48.477461Z","2026-05-23T16:04:52.104337Z",1779552288.47746,1779552292.10434,0.000762,0.000837,0.000859,3.604646,3.604767,3.603787,0.000121000000000038,3.587,0.0398765926361082
"2026-05-23T16:04:55.959Z","run_bootstrap",247,"http://client1:8000","run","http://client1:8000/run",1,TRUE,200,1109,252,3.77780675888062,"2026-05-23T16:04:52.126029Z","2026-05-23T16:04:55.903836Z",1779552292.12603,1779552295.90384,0.000623,0.000695,0.000725,3.759604,3.759689,3.758879,8.49999999998907e-05,3.7512,0.0266067588806154
"2026-05-23T16:04:55.959Z","run_bootstrap",247,"http://client2:8000","run","http://client2:8000/run",1,TRUE,200,1109,255,3.58761024475098,"2026-05-23T16:04:52.126778Z","2026-05-23T16:04:55.714389Z",1779552292.12678,1779552295.71439,0.000675,0.000783,0.000819,3.573798,3.573914,3.572979,0.000115999999999783,3.5657,0.0219102447509765
"2026-05-23T16:04:55.959Z","run_bootstrap",247,"http://client3:8000","run","http://client3:8000/run",1,TRUE,200,1109,252,3.82732629776001,"2026-05-23T16:04:52.127341Z","2026-05-23T16:04:55.954668Z",1779552292.12734,1779552295.95467,0.000706,0.000795,0.000818,3.81329,3.813414,3.812472,0.000124000000000013,3.806,0.0213262977600097
"2026-05-23T16:04:59.811Z","run_bootstrap",248,"http://client1:8000","run","http://client1:8000/run",1,TRUE,200,1109,252,3.83685755729675,"2026-05-23T16:04:55.970288Z","2026-05-23T16:04:59.807146Z",1779552295.97029,1779552299.80715,0.00045,0.000533,0.000555,3.824013,3.824081,3.823458,6.8000000000179e-05,3.8164,0.0204575572967531
"2026-05-23T16:04:59.811Z","run_bootstrap",248,"http://client2:8000","run","http://client2:8000/run",1,TRUE,200,1109,255,3.62232446670532,"2026-05-23T16:04:55.970951Z","2026-05-23T16:04:59.593276Z",1779552295.97095,1779552299.59328,0.000589,0.000669,7e-04,3.609183,3.609318,3.608483,0.000135000000000218,3.6015,0.0208244667053221
"2026-05-23T16:04:59.811Z","run_bootstrap",248,"http://client3:8000","run","http://client3:8000/run",1,TRUE,200,1109,252,3.83176875114441,"2026-05-23T16:04:55.972762Z","2026-05-23T16:04:59.804531Z",1779552295.97276,1779552299.80453,0.000363,0.000451,0.000483,3.819414,3.819573,3.818931,0.00015900000000002,3.812,0.0197687511444093
"2026-05-23T16:05:03.689Z","run_bootstrap",249,"http://client1:8000","run","http://client1:8000/run",1,TRUE,200,1108,251,3.69760704040527,"2026-05-23T16:04:59.827105Z","2026-05-23T16:05:03.524712Z",1779552299.82711,1779552303.52471,0.00064,0.000753,0.000788,3.683323,3.683468,3.682535,0.00014499999999984,3.676,0.0216070404052733
"2026-05-23T16:05:03.689Z","run_bootstrap",249,"http://client2:8000","run","http://client2:8000/run",1,TRUE,200,1108,257,3.60196757316589,"2026-05-23T16:04:59.829137Z","2026-05-23T16:05:03.431104Z",1779552299.82914,1779552303.4311,0.000671,0.000754,0.000776,3.587825,3.587968,3.587049,0.000143000000000004,3.5808,0.0211675731658936
"2026-05-23T16:05:03.689Z","run_bootstrap",249,"http://client3:8000","run","http://client3:8000/run",1,TRUE,200,1108,251,3.85436487197876,"2026-05-23T16:04:59.829228Z","2026-05-23T16:05:03.683593Z",1779552299.82923,1779552303.68359,0.000749,0.000844,0.000866,3.840272,3.840426,3.839406,0.000153999999999765,3.8332,0.0211648719787596
"2026-05-23T16:05:07.467Z","run_bootstrap",250,"http://client1:8000","run","http://client1:8000/run",1,TRUE,200,1108,252,3.69046950340271,"2026-05-23T16:05:03.701775Z","2026-05-23T16:05:07.392245Z",1779552303.70178,1779552307.39225,0.000655,0.000766,8e-04,3.675914,3.67605,3.675114,0.000135999999999914,3.6681,0.02236950340271
"2026-05-23T16:05:07.467Z","run_bootstrap",250,"http://client2:8000","run","http://client2:8000/run",1,TRUE,200,1108,257,3.75997233390808,"2026-05-23T16:05:03.702446Z","2026-05-23T16:05:07.462418Z",1779552303.70245,1779552307.46242,0.000608,0.00071,0.000744,3.745843,3.745983,3.745099,0.000140000000000029,3.7388,0.0211723339080812
"2026-05-23T16:05:07.467Z","run_bootstrap",250,"http://client3:8000","run","http://client3:8000/run",1,TRUE,200,1108,250,3.44900751113892,"2026-05-23T16:05:03.701719Z","2026-05-23T16:05:07.150726Z",1779552303.70172,1779552307.15073,0.000699,0.00082,0.000867,3.434556,3.434668,3.433689,0.000111999999999668,3.424,0.0250075111389161
"2026-05-23T16:05:11.371Z","run_bootstrap",251,"http://client1:8000","run","http://client1:8000/run",1,TRUE,200,1110,248,3.69029378890991,"2026-05-23T16:05:07.478134Z","2026-05-23T16:05:11.168427Z",1779552307.47813,1779552311.16843,0.000782,0.00088,0.000915,3.676302,3.676369,3.675387,6.70000000000393e-05,3.668,0.022293788909912
"2026-05-23T16:05:11.371Z","run_bootstrap",251,"http://client2:8000","run","http://client2:8000/run",1,TRUE,200,1110,257,3.88561940193176,"2026-05-23T16:05:07.480660Z","2026-05-23T16:05:11.366279Z",1779552307.48066,1779552311.36628,0.000594,0.000682,0.000717,3.869686,3.869803,3.868969,0.000116999999999923,3.8625,0.0231194019317629
"2026-05-23T16:05:11.371Z","run_bootstrap",251,"http://client3:8000","run","http://client3:8000/run",1,TRUE,200,1110,251,3.68217158317566,"2026-05-23T16:05:07.480746Z","2026-05-23T16:05:11.162918Z",1779552307.48075,1779552311.16292,0.000393,0.000455,0.000478,3.666247,3.66638,3.665769,0.000133000000000383,3.6593,0.0228715831756592
"2026-05-23T16:05:15.285Z","run_bootstrap",252,"http://client1:8000","run","http://client1:8000/run",1,TRUE,200,1110,247,3.88250732421875,"2026-05-23T16:05:11.389190Z","2026-05-23T16:05:15.271697Z",1779552311.38919,1779552315.2717,0.000677,0.00079,0.000824,3.870582,3.870659,3.869758,7.69999999996607e-05,3.86,0.0225073242187501
"2026-05-23T16:05:15.285Z","run_bootstrap",252,"http://client2:8000","run","http://client2:8000/run",1,TRUE,200,1110,257,3.41465592384338,"2026-05-23T16:05:11.393222Z","2026-05-23T16:05:14.807878Z",1779552311.39322,1779552314.80788,0.000753,0.000871,0.000907,3.396247,3.396333,3.39534,8.60000000000305e-05,3.3849,0.0297559238433838
"2026-05-23T16:05:15.285Z","run_bootstrap",252,"http://client3:8000","run","http://client3:8000/run",1,TRUE,200,1110,251,3.88642549514771,"2026-05-23T16:05:11.393142Z","2026-05-23T16:05:15.279567Z",1779552311.39314,1779552315.27957,0.000589,0.000718,0.000756,3.874912,3.874991,3.874156,7.89999999999402e-05,3.8674,0.0190254951477051
"2026-05-23T16:05:19.011Z","run_bootstrap",253,"http://client1:8000","run","http://client1:8000/run",1,TRUE,200,1108,250,3.70835471153259,"2026-05-23T16:05:15.298166Z","2026-05-23T16:05:19.006521Z",1779552315.29817,1779552319.00652,0.000436,0.000515,0.000555,3.694723,3.694857,3.694168,0.000133999999999634,3.6766,0.0317547115325927
"2026-05-23T16:05:19.011Z","run_bootstrap",253,"http://client2:8000","run","http://client2:8000/run",1,TRUE,200,1108,255,3.70415234565735,"2026-05-23T16:05:15.298771Z","2026-05-23T16:05:19.002924Z",1779552315.29877,1779552319.00292,0.000458,0.000513,0.000552,3.690894,3.691034,3.690342,0.000140000000000029,3.6823,0.0218523456573485
"2026-05-23T16:05:19.011Z","run_bootstrap",253,"http://client3:8000","run","http://client3:8000/run",1,TRUE,200,1108,252,3.66458964347839,"2026-05-23T16:05:15.300433Z","2026-05-23T16:05:18.965023Z",1779552315.30043,1779552318.96502,0.000572,0.000646,0.000677,3.647885,3.647972,3.647208,8.70000000001703e-05,3.6389,0.0256896434783935
"2026-05-23T16:05:22.903Z","run_bootstrap",254,"http://client1:8000","run","http://client1:8000/run",1,TRUE,200,1108,250,3.87569570541382,"2026-05-23T16:05:19.022976Z","2026-05-23T16:05:22.898671Z",1779552319.02298,1779552322.89867,0.000562,0.000647,0.000679,3.860439,3.860568,3.85976,0.000129000000000268,3.8514,0.0242957054138184
"2026-05-23T16:05:22.903Z","run_bootstrap",254,"http://client2:8000","run","http://client2:8000/run",1,TRUE,200,1108,254,3.69692707061768,"2026-05-23T16:05:19.023466Z","2026-05-23T16:05:22.720393Z",1779552319.02347,1779552322.72039,0.000551,0.000631,0.000662,3.681041,3.681139,3.680379,9.79999999999315e-05,3.666,0.0309270706176759
"2026-05-23T16:05:22.903Z","run_bootstrap",254,"http://client3:8000","run","http://client3:8000/run",1,TRUE,200,1108,252,3.66689372062683,"2026-05-23T16:05:19.022695Z","2026-05-23T16:05:22.689588Z",1779552319.0227,1779552322.68959,0.00065,0.000757,0.00079,3.652282,3.652438,3.651492,0.000156000000000045,3.6375,0.0293937206268309
"2026-05-23T16:05:26.658Z","run_bootstrap",255,"http://client1:8000","run","http://client1:8000/run",1,TRUE,200,1110,252,3.73884844779968,"2026-05-23T16:05:22.913828Z","2026-05-23T16:05:26.652676Z",1779552322.91383,1779552326.65268,0.000748,0.000856,0.00089,3.724816,3.725021,3.723926,0.000204999999999789,3.7159,0.0229484477996826
"2026-05-23T16:05:26.658Z","run_bootstrap",255,"http://client2:8000","run","http://client2:8000/run",1,TRUE,200,1110,257,3.73476672172546,"2026-05-23T16:05:22.916317Z","2026-05-23T16:05:26.651084Z",1779552322.91632,1779552326.65108,0.000697,0.000806,0.00084,3.719779,3.71993,3.718939,0.000151000000000234,3.7071,0.0276667217254638
"2026-05-23T16:05:26.658Z","run_bootstrap",255,"http://client3:8000","run","http://client3:8000/run",1,TRUE,200,1110,252,3.71698880195618,"2026-05-23T16:05:22.916643Z","2026-05-23T16:05:26.633632Z",1779552322.91664,1779552326.63363,0.000861,0.000922,0.000948,3.702656,3.702799,3.701708,0.000143000000000004,3.6931,0.0238888019561769
"2026-05-23T16:05:30.596Z","run_bootstrap",256,"http://client1:8000","run","http://client1:8000/run",1,TRUE,200,1110,252,3.75110387802124,"2026-05-23T16:05:26.674706Z","2026-05-23T16:05:30.425810Z",1779552326.67471,1779552330.42581,0.000628,0.000715,0.000748,3.737003,3.737143,3.736255,0.000140000000000029,3.7283,0.0228038780212403
"2026-05-23T16:05:30.596Z","run_bootstrap",256,"http://client2:8000","run","http://client2:8000/run",1,TRUE,200,1110,257,3.75847673416138,"2026-05-23T16:05:26.674422Z","2026-05-23T16:05:30.432898Z",1779552326.67442,1779552330.4329,0.000449,0.000532,0.000556,3.744157,3.744278,3.743601,0.000121000000000038,3.7371,0.0213767341613771
"2026-05-23T16:05:30.596Z","run_bootstrap",256,"http://client3:8000","run","http://client3:8000/run",1,TRUE,200,1110,252,3.91555309295654,"2026-05-23T16:05:26.676055Z","2026-05-23T16:05:30.591608Z",1779552326.67606,1779552330.59161,0.000701,0.000783,0.000814,3.898712,3.898846,3.897898,0.000133999999999634,3.8915,0.0240530929565428
"2026-05-23T16:05:34.621Z","run_bootstrap",257,"http://client1:8000","run","http://client1:8000/run",1,TRUE,200,1108,251,4.00836730003357,"2026-05-23T16:05:30.609329Z","2026-05-23T16:05:34.617696Z",1779552330.60933,1779552334.6177,0.000578,0.000633,0.000655,3.985594,3.98571,3.984939,0.000116000000000227,3.9775,0.0308673000335693
"2026-05-23T16:05:34.621Z","run_bootstrap",257,"http://client2:8000","run","http://client2:8000/run",1,TRUE,200,1108,254,3.76558494567871,"2026-05-23T16:05:30.610049Z","2026-05-23T16:05:34.375634Z",1779552330.61005,1779552334.37563,0.000638,0.000718,0.000753,3.738449,3.738575,3.737696,0.000125999999999848,3.7302,0.035384945678711
"2026-05-23T16:05:34.621Z","run_bootstrap",257,"http://client3:8000","run","http://client3:8000/run",1,TRUE,200,1108,250,3.70652222633362,"2026-05-23T16:05:30.610627Z","2026-05-23T16:05:34.317149Z",1779552330.61063,1779552334.31715,0.000442,0.000538,0.000567,3.685049,3.685162,3.684482,0.000113000000000252,3.678,0.0285222263336182
"2026-05-23T16:05:38.555Z","run_bootstrap",258,"http://client1:8000","run","http://client1:8000/run",1,TRUE,200,1108,251,3.91344881057739,"2026-05-23T16:05:34.637213Z","2026-05-23T16:05:38.550662Z",1779552334.63721,1779552338.55066,0.000591,0.000701,0.000741,3.897027,3.897137,3.896286,0.000109999999999832,3.8722,0.0412488105773927
"2026-05-23T16:05:38.555Z","run_bootstrap",258,"http://client2:8000","run","http://client2:8000/run",1,TRUE,200,1108,254,3.81697845458984,"2026-05-23T16:05:34.637972Z","2026-05-23T16:05:38.454951Z",1779552334.63797,1779552338.45495,0.000523,0.000595,0.000626,3.796517,3.796648,3.795891,0.000130999999999659,3.7893,0.0276784545898439
"2026-05-23T16:05:38.555Z","run_bootstrap",258,"http://client3:8000","run","http://client3:8000/run",1,TRUE,200,1108,251,3.86580514907837,"2026-05-23T16:05:34.638660Z","2026-05-23T16:05:38.504465Z",1779552334.63866,1779552338.50447,0.000529,0.000616,0.000648,3.845847,3.845956,3.845199,0.000109000000000137,3.8369,0.0289051490783692
"2026-05-23T16:05:42.586Z","run_bootstrap",259,"http://client1:8000","run","http://client1:8000/run",1,TRUE,200,1110,252,3.88178682327271,"2026-05-23T16:05:38.567040Z","2026-05-23T16:05:42.448827Z",1779552338.56704,1779552342.44883,0.000654,0.000751,0.000788,3.864029,3.864164,3.863241,0.000135000000000218,3.8554,0.0263868232727051
"2026-05-23T16:05:42.586Z","run_bootstrap",259,"http://client2:8000","run","http://client2:8000/run",1,TRUE,200,1110,254,4.01119780540466,"2026-05-23T16:05:38.567580Z","2026-05-23T16:05:42.578778Z",1779552338.56758,1779552342.57878,0.000625,0.000749,0.000788,3.994095,3.994187,3.993307,9.1999999999981e-05,3.9866,0.0245978054046629
"2026-05-23T16:05:42.586Z","run_bootstrap",259,"http://client3:8000","run","http://client3:8000/run",1,TRUE,200,1110,252,3.51493239402771,"2026-05-23T16:05:38.568310Z","2026-05-23T16:05:42.083243Z",1779552338.56831,1779552342.08324,0.000665,0.000775,0.000811,3.499762,3.499864,3.498951,0.000102000000000046,3.4919,0.0230323940277102
"2026-05-23T16:05:46.777Z","run_bootstrap",260,"http://client1:8000","run","http://client1:8000/run",1,TRUE,200,1110,252,4.03562569618225,"2026-05-23T16:05:42.605035Z","2026-05-23T16:05:46.640661Z",1779552342.60504,1779552346.64066,0.000369,0.000444,0.000474,4.0127,4.012849,4.012226,0.000149000000000399,3.8639,0.171725696182251
"2026-05-23T16:05:46.777Z","run_bootstrap",260,"http://client2:8000","run","http://client2:8000/run",1,TRUE,200,1110,254,4.1678614616394,"2026-05-23T16:05:42.605373Z","2026-05-23T16:05:46.773235Z",1779552342.60537,1779552346.77324,0.00037,0.00044,0.000471,4.146143,4.146278,4.145672,0.00013499999999933,3.9731,0.194761461639404
"2026-05-23T16:05:46.777Z","run_bootstrap",260,"http://client3:8000","run","http://client3:8000/run",1,TRUE,200,1110,251,3.73676109313965,"2026-05-23T16:05:42.605917Z","2026-05-23T16:05:46.342679Z",1779552342.60592,1779552346.34268,0.000619,0.00073,0.00077,3.716743,3.716869,3.715973,0.000125999999999848,3.535,0.201761093139648
"2026-05-23T16:05:50.514Z","run_bootstrap",261,"http://client1:8000","run","http://client1:8000/run",1,TRUE,200,1110,252,3.42114877700806,"2026-05-23T16:05:46.789823Z","2026-05-23T16:05:50.210972Z",1779552346.78982,1779552350.21097,0.00066,0.000765,0.000796,3.398694,3.398842,3.397898,0.000148000000000259,3.391,0.0301487770080566
"2026-05-23T16:05:50.514Z","run_bootstrap",261,"http://client2:8000","run","http://client2:8000/run",1,TRUE,200,1110,256,3.53035235404968,"2026-05-23T16:05:46.790506Z","2026-05-23T16:05:50.320858Z",1779552346.79051,1779552350.32086,0.000488,0.000557,0.000583,3.509052,3.509366,3.508469,0.000313999999999925,3.5022,0.0281523540496824
"2026-05-23T16:05:50.514Z","run_bootstrap",261,"http://client3:8000","run","http://client3:8000/run",1,TRUE,200,1110,247,3.71589708328247,"2026-05-23T16:05:46.791159Z","2026-05-23T16:05:50.507056Z",1779552346.79116,1779552350.50706,0.000611,0.000716,0.00075,3.698786,3.698882,3.698036,9.59999999996519e-05,3.6922,0.0236970832824706
"2026-05-23T16:05:54.135Z","run_bootstrap",262,"http://client1:8000","run","http://client1:8000/run",1,TRUE,200,1110,253,3.49577331542969,"2026-05-23T16:05:50.530052Z","2026-05-23T16:05:54.025825Z",1779552350.53005,1779552354.02583,0.000548,0.000618,0.000638,3.475171,3.475307,3.474533,0.000135999999999914,3.4667,0.0290733154296876
"2026-05-23T16:05:54.135Z","run_bootstrap",262,"http://client2:8000","run","http://client2:8000/run",1,TRUE,200,1110,256,3.59721875190735,"2026-05-23T16:05:50.530514Z","2026-05-23T16:05:54.127732Z",1779552350.53051,1779552354.12773,0.00046,0.000527,0.000548,3.577169,3.577297,3.576621,0.000128000000000128,3.5704,0.0268187519073488
"2026-05-23T16:05:54.135Z","run_bootstrap",262,"http://client3:8000","run","http://client3:8000/run",1,TRUE,200,1110,247,3.56296014785767,"2026-05-23T16:05:50.529822Z","2026-05-23T16:05:54.092782Z",1779552350.52982,1779552354.09278,0.000619,0.000732,0.00077,3.548653,3.548787,3.547883,0.000134000000000079,3.5417,0.0212601478576659
"2026-05-23T16:05:57.719Z","run_bootstrap",263,"http://client1:8000","run","http://client1:8000/run",1,TRUE,200,1107,252,3.46159029006958,"2026-05-23T16:05:54.150660Z","2026-05-23T16:05:57.612251Z",1779552354.15066,1779552357.61225,0.00094,0.000999,0.001097,3.444368,3.444488,3.443271,0.000120000000000342,3.4354,0.0261902900695801
"2026-05-23T16:05:57.719Z","run_bootstrap",263,"http://client2:8000","run","http://client2:8000/run",1,TRUE,200,1107,255,3.51492381095886,"2026-05-23T16:05:54.151719Z","2026-05-23T16:05:57.666643Z",1779552354.15172,1779552357.66664,0.000841,0.000873,0.000886,3.498063,3.498182,3.497177,0.000118999999999758,3.491,0.0239238109588622
"2026-05-23T16:05:57.719Z","run_bootstrap",263,"http://client3:8000","run","http://client3:8000/run",1,TRUE,200,1107,252,3.56304669380188,"2026-05-23T16:05:54.150660Z","2026-05-23T16:05:57.713707Z",1779552354.15066,1779552357.71371,0.000591,0.000678,0.00079,3.545122,3.545243,3.544332,0.000121000000000038,3.5381,0.0249466938018799
"2026-05-23T16:06:01.407Z","run_bootstrap",264,"http://client1:8000","run","http://client1:8000/run",1,TRUE,200,1107,251,3.59323763847351,"2026-05-23T16:05:57.733337Z","2026-05-23T16:06:01.326575Z",1779552357.73334,1779552361.32658,0.000754,0.000841,0.000864,3.580187,3.580322,3.579323,0.000134999999999774,3.573,0.0202376384735108
"2026-05-23T16:06:01.407Z","run_bootstrap",264,"http://client2:8000","run","http://client2:8000/run",1,TRUE,200,1107,256,3.45957517623901,"2026-05-23T16:05:57.735522Z","2026-05-23T16:06:01.195097Z",1779552357.73552,1779552361.1951,0.00062,0.000708,0.00074,3.441971,3.442059,3.441231,8.7999999999866e-05,3.4338,0.0257751762390135
"2026-05-23T16:06:01.407Z","run_bootstrap",264,"http://client3:8000","run","http://client3:8000/run",1,TRUE,200,1107,252,3.66668248176575,"2026-05-23T16:05:57.735996Z","2026-05-23T16:06:01.402679Z",1779552357.736,1779552361.40268,0.000521,0.000602,0.000634,3.648597,3.648831,3.647963,0.000233999999999845,3.6411,0.0255824817657473
"2026-05-23T16:06:05.057Z","run_bootstrap",265,"http://client1:8000","run","http://client1:8000/run",1,TRUE,200,1110,253,3.63463377952576,"2026-05-23T16:06:01.418469Z","2026-05-23T16:06:05.053103Z",1779552361.41847,1779552365.0531,0.000635,0.000745,0.000786,3.620618,3.620748,3.619832,0.000129999999999963,3.6133,0.0213337795257567
"2026-05-23T16:06:05.057Z","run_bootstrap",265,"http://client2:8000","run","http://client2:8000/run",1,TRUE,200,1110,256,3.59305334091187,"2026-05-23T16:06:01.419423Z","2026-05-23T16:06:05.012476Z",1779552361.41942,1779552365.01248,0.000517,0.000588,0.000622,3.579642,3.579789,3.57902,0.000146999999999675,3.5723,0.0207533409118654
"2026-05-23T16:06:05.057Z","run_bootstrap",265,"http://client3:8000","run","http://client3:8000/run",1,TRUE,200,1110,251,3.56944537162781,"2026-05-23T16:06:01.419677Z","2026-05-23T16:06:04.989123Z",1779552361.41968,1779552364.98912,0.000568,0.000661,0.000701,3.556321,3.556455,3.55562,0.000134000000000079,3.549,0.0204453716278077
"2026-05-23T16:06:08.674Z","run_bootstrap",266,"http://client1:8000","run","http://client1:8000/run",1,TRUE,200,1110,253,3.3891122341156,"2026-05-23T16:06:05.071623Z","2026-05-23T16:06:08.460735Z",1779552365.07162,1779552368.46074,0.000513,0.000629,0.000666,3.371946,3.372037,3.37128,9.10000000002853e-05,3.3648,0.0243122341156008
"2026-05-23T16:06:08.674Z","run_bootstrap",266,"http://client2:8000","run","http://client2:8000/run",1,TRUE,200,1110,256,3.56532645225525,"2026-05-23T16:06:05.072150Z","2026-05-23T16:06:08.637477Z",1779552365.07215,1779552368.63748,0.000307,0.000428,0.000463,3.544239,3.544378,3.543776,0.000138999999999889,3.5374,0.0279264522552491
"2026-05-23T16:06:08.674Z","run_bootstrap",266,"http://client3:8000","run","http://client3:8000/run",1,TRUE,200,1110,252,3.59594655036926,"2026-05-23T16:06:05.071354Z","2026-05-23T16:06:08.667301Z",1779552365.07135,1779552368.6673,0.000643,0.000748,0.000785,3.581622,3.58177,3.580837,0.000148000000000259,3.5745,0.0214465503692627
"2026-05-23T16:06:12.477Z","run_bootstrap",267,"http://client1:8000","run","http://client1:8000/run",1,TRUE,200,1109,251,3.60395073890686,"2026-05-23T16:06:08.692342Z","2026-05-23T16:06:12.296292Z",1779552368.69234,1779552372.29629,0.000635,0.000685,0.000704,3.58715,3.587278,3.586446,0.000128000000000128,3.5698,0.0341507389068605
"2026-05-23T16:06:12.477Z","run_bootstrap",267,"http://client2:8000","run","http://client2:8000/run",1,TRUE,200,1109,257,3.77712202072144,"2026-05-23T16:06:08.692227Z","2026-05-23T16:06:12.469349Z",1779552368.69223,1779552372.46935,0.000566,0.000705,0.000742,3.762364,3.762464,3.761622,0.000100000000000211,3.7553,0.0218220207214355
"2026-05-23T16:06:12.477Z","run_bootstrap",267,"http://client3:8000","run","http://client3:8000/run",1,TRUE,200,1109,251,3.60741186141968,"2026-05-23T16:06:08.693681Z","2026-05-23T16:06:12.301093Z",1779552368.69368,1779552372.30109,0.000548,0.000634,0.000658,3.592179,3.592296,3.591521,0.000117000000000367,3.5854,0.0220118614196778
"2026-05-23T16:06:16.217Z","run_bootstrap",268,"http://client1:8000","run","http://client1:8000/run",1,TRUE,200,1109,251,3.66982817649841,"2026-05-23T16:06:12.490310Z","2026-05-23T16:06:16.160138Z",1779552372.49031,1779552376.16014,0.000673,0.000802,0.000842,3.643331,3.643445,3.642489,0.000113999999999947,3.6261,0.043728176498413
"2026-05-23T16:06:16.217Z","run_bootstrap",268,"http://client2:8000","run","http://client2:8000/run",1,TRUE,200,1109,257,3.72191381454468,"2026-05-23T16:06:12.490726Z","2026-05-23T16:06:16.212640Z",1779552372.49073,1779552376.21264,0.000507,0.000607,0.000647,3.695019,3.695143,3.694372,0.000124000000000013,3.6867,0.0352138145446776
"2026-05-23T16:06:16.217Z","run_bootstrap",268,"http://client3:8000","run","http://client3:8000/run",1,TRUE,200,1109,251,3.40985584259033,"2026-05-23T16:06:12.490887Z","2026-05-23T16:06:15.900743Z",1779552372.49089,1779552375.90074,0.000599,0.000703,0.000739,3.390195,3.390337,3.389456,0.000142000000000309,3.3831,0.0267558425903318
"2026-05-23T16:06:19.922Z","run_bootstrap",269,"http://client1:8000","run","http://client1:8000/run",1,TRUE,200,1107,252,3.68342232704163,"2026-05-23T16:06:16.231584Z","2026-05-23T16:06:19.915007Z",1779552376.23158,1779552379.91501,0.000763,0.00084,0.000862,3.670371,3.670484,3.669509,0.000113000000000252,3.653,0.030422327041626
"2026-05-23T16:06:19.922Z","run_bootstrap",269,"http://client2:8000","run","http://client2:8000/run",1,TRUE,200,1107,257,3.68451619148254,"2026-05-23T16:06:16.232820Z","2026-05-23T16:06:19.917337Z",1779552376.23282,1779552379.91734,0.00053,0.000576,0.000595,3.672298,3.672416,3.671703,0.000118000000000062,3.6652,0.0193161914825439
"2026-05-23T16:06:19.922Z","run_bootstrap",269,"http://client3:8000","run","http://client3:8000/run",1,TRUE,200,1107,252,3.60951948165894,"2026-05-23T16:06:16.232596Z","2026-05-23T16:06:19.842116Z",1779552376.2326,1779552379.84212,0.000506,0.000587,0.000619,3.596365,3.596499,3.595746,0.000134000000000079,3.5895,0.0200194816589354
"2026-05-23T16:06:23.686Z","run_bootstrap",270,"http://client1:8000","run","http://client1:8000/run",1,TRUE,200,1107,253,3.74761271476746,"2026-05-23T16:06:19.933657Z","2026-05-23T16:06:23.681270Z",1779552379.93366,1779552383.68127,0.000726,0.000833,0.000868,3.733886,3.733973,3.733018,8.70000000001703e-05,3.7195,0.028112714767456
"2026-05-23T16:06:23.686Z","run_bootstrap",270,"http://client2:8000","run","http://client2:8000/run",1,TRUE,200,1107,257,3.59300303459167,"2026-05-23T16:06:19.934807Z","2026-05-23T16:06:23.527810Z",1779552379.93481,1779552383.52781,0.000518,0.000646,0.000673,3.579687,3.579832,3.579014,0.000145000000000284,3.5729,0.0201030345916746
"2026-05-23T16:06:23.686Z","run_bootstrap",270,"http://client3:8000","run","http://client3:8000/run",1,TRUE,200,1107,252,3.66330409049988,"2026-05-23T16:06:19.936335Z","2026-05-23T16:06:23.599639Z",1779552379.93634,1779552383.59964,0.00055,0.000625,0.000656,3.648321,3.648462,3.647665,0.000140999999999725,3.6401,0.023204090499878
"2026-05-23T16:06:27.601Z","run_bootstrap",271,"http://client1:8000","run","http://client1:8000/run",1,TRUE,200,1109,252,3.83039903640747,"2026-05-23T16:06:23.698694Z","2026-05-23T16:06:27.529093Z",1779552383.69869,1779552387.52909,0.000766,0.000892,0.000934,3.815368,3.815514,3.814434,0.000145999999999979,3.8064,0.0239990364074707
"2026-05-23T16:06:27.601Z","run_bootstrap",271,"http://client2:8000","run","http://client2:8000/run",1,TRUE,200,1109,257,3.89759111404419,"2026-05-23T16:06:23.699253Z","2026-05-23T16:06:27.596844Z",1779552383.69925,1779552387.59684,0.000456,0.00058,0.000621,3.88125,3.881399,3.880629,0.000148999999999955,3.8741,0.0234911140441896
"2026-05-23T16:06:27.601Z","run_bootstrap",271,"http://client3:8000","run","http://client3:8000/run",1,TRUE,200,1109,250,3.84971523284912,"2026-05-23T16:06:23.699799Z","2026-05-23T16:06:27.549514Z",1779552383.6998,1779552387.54951,0.000642,0.000743,0.000778,3.83328,3.833421,3.832502,0.000141000000000169,3.8262,0.023515232849121
"2026-05-23T16:06:31.482Z","run_bootstrap",272,"http://client1:8000","run","http://client1:8000/run",1,TRUE,200,1109,252,3.74934244155884,"2026-05-23T16:06:27.619287Z","2026-05-23T16:06:31.368629Z",1779552387.61929,1779552391.36863,0.000607,0.00072,0.000756,3.735284,3.735441,3.734528,0.000156999999999741,3.7251,0.024242441558838
"2026-05-23T16:06:31.482Z","run_bootstrap",272,"http://client2:8000","run","http://client2:8000/run",1,TRUE,200,1109,257,3.85486364364624,"2026-05-23T16:06:27.619848Z","2026-05-23T16:06:31.474712Z",1779552387.61985,1779552391.47471,0.000705,0.000783,0.000821,3.841282,3.841452,3.840461,0.000169999999999781,3.8343,0.0205636436462404
"2026-05-23T16:06:31.482Z","run_bootstrap",272,"http://client3:8000","run","http://client3:8000/run",1,TRUE,200,1109,250,3.73953557014465,"2026-05-23T16:06:27.619269Z","2026-05-23T16:06:31.358805Z",1779552387.61927,1779552391.35881,0.000741,0.00084,0.000877,3.7254,3.72554,3.724523,0.000140000000000029,3.7185,0.0210355701446532
"2026-05-23T16:06:35.445Z","run_bootstrap",273,"http://client1:8000","run","http://client1:8000/run",1,TRUE,200,1110,253,3.81177663803101,"2026-05-23T16:06:31.496776Z","2026-05-23T16:06:35.308552Z",1779552391.49678,1779552395.30855,0.000629,0.000732,0.000769,3.7966,3.796746,3.795831,0.000145999999999979,3.7888,0.0229766380310057
"2026-05-23T16:06:35.445Z","run_bootstrap",273,"http://client2:8000","run","http://client2:8000/run",1,TRUE,200,1110,257,3.94376730918884,"2026-05-23T16:06:31.497213Z","2026-05-23T16:06:35.440980Z",1779552391.49721,1779552395.44098,0.000571,0.000661,0.000692,3.923038,3.923253,3.922346,0.000214999999999854,3.9163,0.0274673091888427
"2026-05-23T16:06:35.445Z","run_bootstrap",273,"http://client3:8000","run","http://client3:8000/run",1,TRUE,200,1110,252,3.68781900405884,"2026-05-23T16:06:31.497339Z","2026-05-23T16:06:35.185158Z",1779552391.49734,1779552395.18516,0.000553,0.000656,0.000693,3.673989,3.674114,3.673296,0.000124999999999709,3.6671,0.0207190040588379
"2026-05-23T16:06:39.231Z","run_bootstrap",274,"http://client1:8000","run","http://client1:8000/run",1,TRUE,200,1110,252,3.76563000679016,"2026-05-23T16:06:35.458375Z","2026-05-23T16:06:39.224005Z",1779552395.45838,1779552399.22401,0.00067,0.000775,0.000809,3.747697,3.747802,3.746888,0.000105000000000022,3.739,0.0266300067901613
"2026-05-23T16:06:39.231Z","run_bootstrap",274,"http://client2:8000","run","http://client2:8000/run",1,TRUE,200,1110,257,3.68104386329651,"2026-05-23T16:06:35.461303Z","2026-05-23T16:06:39.142347Z",1779552395.4613,1779552399.14235,0.000521,0.000619,0.000655,3.662392,3.662524,3.661737,0.000131999999999799,3.6555,0.0255438632965088
"2026-05-23T16:06:39.231Z","run_bootstrap",274,"http://client3:8000","run","http://client3:8000/run",1,TRUE,200,1110,251,3.71561861038208,"2026-05-23T16:06:35.461619Z","2026-05-23T16:06:39.177238Z",1779552395.46162,1779552399.17724,0.000675,0.000786,0.000822,3.690252,3.690378,3.68943,0.000125999999999848,3.683,0.0326186103820802
"2026-05-23T16:06:43.175Z","run_bootstrap",275,"http://client1:8000","run","http://client1:8000/run",1,TRUE,200,1110,253,3.90945053100586,"2026-05-23T16:06:39.247017Z","2026-05-23T16:06:43.156468Z",1779552399.24702,1779552403.15647,0.000534,0.000607,0.000629,3.888781,3.888933,3.888152,0.000152000000000374,3.8811,0.0283505310058594
"2026-05-23T16:06:43.175Z","run_bootstrap",275,"http://client2:8000","run","http://client2:8000/run",1,TRUE,200,1110,256,3.92455387115479,"2026-05-23T16:06:39.246650Z","2026-05-23T16:06:43.171204Z",1779552399.24665,1779552403.1712,0.000684,0.00081,0.000845,3.910238,3.910396,3.909393,0.00015799999999988,3.9015,0.0230538711547852
"2026-05-23T16:06:43.175Z","run_bootstrap",275,"http://client3:8000","run","http://client3:8000/run",1,TRUE,200,1110,250,3.61268973350525,"2026-05-23T16:06:39.247731Z","2026-05-23T16:06:42.860421Z",1779552399.24773,1779552402.86042,0.000539,0.000608,0.000629,3.599595,3.599702,3.598966,0.000107000000000301,3.5905,0.022189733505249
"2026-05-23T16:06:47.136Z","run_bootstrap",276,"http://client1:8000","run","http://client1:8000/run",1,TRUE,200,1110,252,3.71659779548645,"2026-05-23T16:06:43.187609Z","2026-05-23T16:06:46.904207Z",1779552403.18761,1779552406.90421,0.000582,0.000673,0.000707,3.702466,3.702616,3.701759,0.000150000000000095,3.695,0.0215977954864504
"2026-05-23T16:06:47.136Z","run_bootstrap",276,"http://client2:8000","run","http://client2:8000/run",1,TRUE,200,1110,256,3.9402928352356,"2026-05-23T16:06:43.189071Z","2026-05-23T16:06:47.129364Z",1779552403.18907,1779552407.12936,0.000593,0.000674,0.000706,3.927383,3.927533,3.926677,0.000150000000000095,3.9125,0.0277928352355956
"2026-05-23T16:06:47.136Z","run_bootstrap",276,"http://client3:8000","run","http://client3:8000/run",1,TRUE,200,1110,250,3.76063847541809,"2026-05-23T16:06:43.188285Z","2026-05-23T16:06:46.948924Z",1779552403.18829,1779552406.94892,0.000551,0.000635,0.000658,3.748004,3.748162,3.747346,0.000158000000000325,3.7325,0.0281384754180909
"2026-05-23T16:06:51.040Z","run_bootstrap",277,"http://client1:8000","run","http://client1:8000/run",1,TRUE,200,1110,252,3.88737916946411,"2026-05-23T16:06:47.148246Z","2026-05-23T16:06:51.035625Z",1779552407.14825,1779552411.03563,0.000764,0.000895,0.00093,3.867046,3.867206,3.866116,0.000159999999999716,3.8582,0.0291791694641113
"2026-05-23T16:06:51.040Z","run_bootstrap",277,"http://client2:8000","run","http://client2:8000/run",1,TRUE,200,1110,256,3.68198800086975,"2026-05-23T16:06:47.148988Z","2026-05-23T16:06:50.830976Z",1779552407.14899,1779552410.83098,0.000529,0.000662,0.000704,3.661177,3.661327,3.660473,0.000150000000000095,3.652,0.0299880008697508
"2026-05-23T16:06:51.040Z","run_bootstrap",277,"http://client3:8000","run","http://client3:8000/run",1,TRUE,200,1110,251,3.77284002304077,"2026-05-23T16:06:47.149606Z","2026-05-23T16:06:50.922446Z",1779552407.14961,1779552410.92245,0.000579,0.000683,0.00072,3.752597,3.752744,3.751877,0.000146999999999675,3.7439,0.0289400230407715
"2026-05-23T16:06:54.999Z","run_bootstrap",278,"http://client1:8000","run","http://client1:8000/run",1,TRUE,200,1110,250,3.75519180297852,"2026-05-23T16:06:51.052656Z","2026-05-23T16:06:54.807847Z",1779552411.05266,1779552414.80785,0.000787,0.000884,0.000907,3.740641,3.740776,3.739734,0.000134999999999774,3.73,0.0251918029785156
"2026-05-23T16:06:54.999Z","run_bootstrap",278,"http://client2:8000","run","http://client2:8000/run",1,TRUE,200,1110,256,3.93968415260315,"2026-05-23T16:06:51.054479Z","2026-05-23T16:06:54.994163Z",1779552411.05448,1779552414.99416,0.000578,0.000663,0.000694,3.925048,3.925185,3.924354,0.000137000000000054,3.917,0.0226841526031496
"2026-05-23T16:06:54.999Z","run_bootstrap",278,"http://client3:8000","run","http://client3:8000/run",1,TRUE,200,1110,251,3.54829859733582,"2026-05-23T16:06:51.054854Z","2026-05-23T16:06:54.603152Z",1779552411.05485,1779552414.60315,0.000605,0.000701,0.000733,3.533431,3.533566,3.532698,0.000134999999999774,3.5249,0.0233985973358153
"2026-05-23T16:06:58.995Z","run_bootstrap",279,"http://client1:8000","run","http://client1:8000/run",1,TRUE,200,1108,253,3.74176597595215,"2026-05-23T16:06:55.017739Z","2026-05-23T16:06:58.759505Z",1779552415.01774,1779552418.75951,0.000575,0.000683,0.000724,3.722508,3.722554,3.721784,4.60000000002125e-05,3.7144,0.0273659759521485
"2026-05-23T16:06:58.995Z","run_bootstrap",279,"http://client2:8000","run","http://client2:8000/run",1,TRUE,200,1108,256,3.70327210426331,"2026-05-23T16:06:55.017031Z","2026-05-23T16:06:58.720303Z",1779552415.01703,1779552418.7203,0.00062,0.000716,0.000751,3.683231,3.683275,3.68248,4.3999999999933e-05,3.6759,0.0273721042633057
"2026-05-23T16:06:58.995Z","run_bootstrap",279,"http://client3:8000","run","http://client3:8000/run",1,TRUE,200,1108,249,3.97277498245239,"2026-05-23T16:06:55.018965Z","2026-05-23T16:06:58.991740Z",1779552415.01897,1779552418.99174,0.000597,0.000679,0.000712,3.949089,3.949122,3.948377,3.30000000001718e-05,3.9406,0.0321749824523927
"2026-05-23T16:07:03.011Z","run_bootstrap",280,"http://client1:8000","run","http://client1:8000/run",1,TRUE,200,1108,253,3.96822619438171,"2026-05-23T16:06:59.010272Z","2026-05-23T16:07:02.978498Z",1779552419.01027,1779552422.9785,0.000694,0.000808,0.000844,3.955118,3.955246,3.954274,0.000127999999999684,3.7809,0.187326194381714
"2026-05-23T16:07:03.011Z","run_bootstrap",280,"http://client2:8000","run","http://client2:8000/run",1,TRUE,200,1108,256,3.9682240486145,"2026-05-23T16:06:59.011117Z","2026-05-23T16:07:02.979341Z",1779552419.01112,1779552422.97934,0.000603,0.000693,0.000725,3.955625,3.955752,3.9549,0.000126999999999988,3.7764,0.191824048614502
"2026-05-23T16:07:03.011Z","run_bootstrap",280,"http://client3:8000","run","http://client3:8000/run",1,TRUE,200,1108,249,3.99431681632996,"2026-05-23T16:06:59.012644Z","2026-05-23T16:07:03.006961Z",1779552419.01264,1779552423.00696,0.00053,0.000614,0.000655,3.981786,3.981903,3.981131,0.000116999999999923,3.7979,0.196416816329956
"2026-05-23T16:07:06.774Z","run_bootstrap",281,"http://client1:8000","run","http://client1:8000/run",1,TRUE,200,1110,252,3.74353170394897,"2026-05-23T16:07:03.023573Z","2026-05-23T16:07:06.767105Z",1779552423.02357,1779552426.76711,0.000508,0.00059,0.000629,3.727281,3.727395,3.726652,0.000113999999999947,3.7204,0.0231317039489745
"2026-05-23T16:07:06.774Z","run_bootstrap",281,"http://client2:8000","run","http://client2:8000/run",1,TRUE,200,1110,257,3.32837343215942,"2026-05-23T16:07:03.024761Z","2026-05-23T16:07:06.353135Z",1779552423.02476,1779552426.35314,0.000555,0.000665,0.000703,3.313116,3.313258,3.312413,0.000141999999999864,3.3066,0.0217734321594238
"2026-05-23T16:07:06.774Z","run_bootstrap",281,"http://client3:8000","run","http://client3:8000/run",1,TRUE,200,1110,252,3.54239177703857,"2026-05-23T16:07:03.025353Z","2026-05-23T16:07:06.567745Z",1779552423.02535,1779552426.56775,0.000473,0.000587,0.000626,3.527808,3.527962,3.527182,0.00015400000000021,3.5214,0.0209917770385744
"2026-05-23T16:07:10.468Z","run_bootstrap",282,"http://client1:8000","run","http://client1:8000/run",1,TRUE,200,1110,252,3.67486596107483,"2026-05-23T16:07:06.789384Z","2026-05-23T16:07:10.464250Z",1779552426.78938,1779552430.46425,0.000694,0.000805,0.000839,3.661294,3.661473,3.660455,0.000179000000000151,3.6542,0.0206659610748292
"2026-05-23T16:07:10.468Z","run_bootstrap",282,"http://client2:8000","run","http://client2:8000/run",1,TRUE,200,1110,257,3.48824882507324,"2026-05-23T16:07:06.790562Z","2026-05-23T16:07:10.278811Z",1779552426.79056,1779552430.27881,0.000741,0.00086,0.000896,3.466657,3.466796,3.465761,0.000138999999999889,3.4562,0.0320488250732422
"2026-05-23T16:07:10.468Z","run_bootstrap",282,"http://client3:8000","run","http://client3:8000/run",1,TRUE,200,1110,252,3.61410856246948,"2026-05-23T16:07:06.790989Z","2026-05-23T16:07:10.405097Z",1779552426.79099,1779552430.4051,0.000503,0.00059,0.000623,3.592189,3.592319,3.591566,0.000129999999999963,3.5853,0.0288085624694823
"2026-05-23T16:07:14.085Z","run_bootstrap",283,"http://client1:8000","run","http://client1:8000/run",1,TRUE,200,1109,253,3.44844746589661,"2026-05-23T16:07:10.479546Z","2026-05-23T16:07:13.927993Z",1779552430.47955,1779552433.92799,0.00052,0.000615,0.000652,3.43506,3.435276,3.434408,0.000215999999999994,3.4279,0.0205474658966063
"2026-05-23T16:07:14.085Z","run_bootstrap",283,"http://client2:8000","run","http://client2:8000/run",1,TRUE,200,1109,257,3.58062434196472,"2026-05-23T16:07:10.479996Z","2026-05-23T16:07:14.060621Z",1779552430.48,1779552434.06062,0.00045,0.00053,0.000556,3.567433,3.567564,3.566877,0.000131000000000103,3.5606,0.0200243419647217
"2026-05-23T16:07:14.085Z","run_bootstrap",283,"http://client3:8000","run","http://client3:8000/run",1,TRUE,200,1109,251,3.60038542747498,"2026-05-23T16:07:10.480418Z","2026-05-23T16:07:14.080803Z",1779552430.48042,1779552434.0808,0.000564,0.00064,0.000677,3.58751,3.587645,3.586833,0.000135000000000218,3.5807,0.0196854274749754
"2026-05-23T16:07:17.909Z","run_bootstrap",284,"http://client1:8000","run","http://client1:8000/run",1,TRUE,200,1109,253,3.5433349609375,"2026-05-23T16:07:14.096660Z","2026-05-23T16:07:17.639995Z",1779552434.09666,1779552437.64,0.000671,0.000784,0.00082,3.528131,3.528215,3.527311,8.39999999997509e-05,3.5205,0.0228349609374998
"2026-05-23T16:07:17.909Z","run_bootstrap",284,"http://client2:8000","run","http://client2:8000/run",1,TRUE,200,1109,257,3.64402270317078,"2026-05-23T16:07:14.098083Z","2026-05-23T16:07:17.742106Z",1779552434.09808,1779552437.74211,0.000629,0.000745,0.00078,3.629367,3.629506,3.628587,0.000139000000000333,3.6223,0.0217227031707763
"2026-05-23T16:07:17.909Z","run_bootstrap",284,"http://client3:8000","run","http://client3:8000/run",1,TRUE,200,1109,251,3.80474734306335,"2026-05-23T16:07:14.099582Z","2026-05-23T16:07:17.904329Z",1779552434.09958,1779552437.90433,0.000446,0.000583,0.000623,3.789432,3.789565,3.788809,0.000132999999999939,3.7815,0.0232473430633546
"2026-05-23T16:07:21.665Z","run_bootstrap",285,"http://client1:8000","run","http://client1:8000/run",1,TRUE,200,1110,252,3.73821449279785,"2026-05-23T16:07:17.923079Z","2026-05-23T16:07:21.661293Z",1779552437.92308,1779552441.66129,0.000696,0.000725,0.000738,3.720624,3.720742,3.719886,0.000118000000000062,3.7122,0.0260144927978514
"2026-05-23T16:07:21.665Z","run_bootstrap",285,"http://client2:8000","run","http://client2:8000/run",1,TRUE,200,1110,257,3.58256578445435,"2026-05-23T16:07:17.923341Z","2026-05-23T16:07:21.505907Z",1779552437.92334,1779552441.50591,0.000744,0.000772,0.000786,3.564443,3.564606,3.563657,0.000163000000000135,3.5571,0.0254657844543456
"2026-05-23T16:07:21.665Z","run_bootstrap",285,"http://client3:8000","run","http://client3:8000/run",1,TRUE,200,1110,250,3.63306832313538,"2026-05-23T16:07:17.922748Z","2026-05-23T16:07:21.555816Z",1779552437.92275,1779552441.55582,0.000557,0.000634,0.000669,3.614461,3.614508,3.613792,4.69999999999082e-05,3.6072,0.0258683231353758
"2026-05-23T16:07:25.456Z","run_bootstrap",286,"http://client1:8000","run","http://client1:8000/run",1,TRUE,200,1110,252,3.56331920623779,"2026-05-23T16:07:21.680067Z","2026-05-23T16:07:25.243386Z",1779552441.68007,1779552445.24339,0.00065,0.000756,0.000792,3.549585,3.549737,3.548793,0.00015199999999993,3.5412,0.0221192062377931
"2026-05-23T16:07:25.456Z","run_bootstrap",286,"http://client2:8000","run","http://client2:8000/run",1,TRUE,200,1110,257,3.60861206054688,"2026-05-23T16:07:21.681941Z","2026-05-23T16:07:25.290554Z",1779552441.68194,1779552445.29055,5e-04,0.000612,0.000649,3.594637,3.594762,3.593988,0.000124999999999709,3.5869,0.021712060546875
"2026-05-23T16:07:25.456Z","run_bootstrap",286,"http://client3:8000","run","http://client3:8000/run",1,TRUE,200,1110,250,3.76926589012146,"2026-05-23T16:07:21.682354Z","2026-05-23T16:07:25.451620Z",1779552441.68235,1779552445.45162,0.000602,0.000695,0.000728,3.756256,3.756396,3.755528,0.000140000000000029,3.7486,0.0206658901214598
"2026-05-23T16:07:29.297Z","run_bootstrap",287,"http://client1:8000","run","http://client1:8000/run",1,TRUE,200,1109,252,3.79862499237061,"2026-05-23T16:07:25.468008Z","2026-05-23T16:07:29.266633Z",1779552445.46801,1779552449.26663,0.000635,0.000744,0.00078,3.785517,3.785604,3.784737,8.70000000001703e-05,3.778,0.0206249923706054
"2026-05-23T16:07:29.297Z","run_bootstrap",287,"http://client2:8000","run","http://client2:8000/run",1,TRUE,200,1109,255,3.82273006439209,"2026-05-23T16:07:25.469258Z","2026-05-23T16:07:29.291988Z",1779552445.46926,1779552449.29199,0.000535,0.000654,0.000689,3.801694,3.801829,3.801005,0.000135000000000218,3.7945,0.0282300643920896
"2026-05-23T16:07:29.297Z","run_bootstrap",287,"http://client3:8000","run","http://client3:8000/run",1,TRUE,200,1109,252,3.63346934318542,"2026-05-23T16:07:25.469697Z","2026-05-23T16:07:29.103166Z",1779552445.4697,1779552449.10317,0.000719,0.000835,0.000869,3.616848,3.616983,3.615979,0.000134999999999774,3.6095,0.0239693431854247
"2026-05-23T16:07:33.304Z","run_bootstrap",288,"http://client1:8000","run","http://client1:8000/run",1,TRUE,200,1109,253,3.98912572860718,"2026-05-23T16:07:29.308381Z","2026-05-23T16:07:33.297507Z",1779552449.30838,1779552453.29751,0.000694,0.000803,0.000838,3.974974,3.975063,3.974136,8.90000000000057e-05,3.9666,0.0225257286071776
"2026-05-23T16:07:33.304Z","run_bootstrap",288,"http://client2:8000","run","http://client2:8000/run",1,TRUE,200,1109,255,3.64292573928833,"2026-05-23T16:07:29.310676Z","2026-05-23T16:07:32.953601Z",1779552449.31068,1779552452.9536,0.000514,0.000603,0.000623,3.626307,3.626432,3.625684,0.000124999999999709,3.6188,0.0241257392883303
"2026-05-23T16:07:33.304Z","run_bootstrap",288,"http://client3:8000","run","http://client3:8000/run",1,TRUE,200,1109,252,3.8424654006958,"2026-05-23T16:07:29.310940Z","2026-05-23T16:07:33.153406Z",1779552449.31094,1779552453.15341,0.000529,0.000599,0.000621,3.826268,3.826398,3.825647,0.000130000000000408,3.8192,0.0232654006958009
"2026-05-23T16:07:37.084Z","run_bootstrap",289,"http://client1:8000","run","http://client1:8000/run",1,TRUE,200,1110,253,3.75676894187927,"2026-05-23T16:07:33.322918Z","2026-05-23T16:07:37.079687Z",1779552453.32292,1779552457.07969,0.000852,0.000919,0.000939,3.736473,3.736582,3.735534,0.000108999999999693,3.7282,0.0285689418792723
"2026-05-23T16:07:37.084Z","run_bootstrap",289,"http://client2:8000","run","http://client2:8000/run",1,TRUE,200,1110,257,3.67445302009583,"2026-05-23T16:07:33.323259Z","2026-05-23T16:07:36.997712Z",1779552453.32326,1779552456.99771,0.000702,0.000813,0.000852,3.653985,3.654138,3.653133,0.00015300000000007,3.6465,0.0279530200958251
"2026-05-23T16:07:37.084Z","run_bootstrap",289,"http://client3:8000","run","http://client3:8000/run",1,TRUE,200,1110,251,3.67782640457153,"2026-05-23T16:07:33.323611Z","2026-05-23T16:07:37.001437Z",1779552453.32361,1779552457.00144,0.000432,0.00051,0.000539,3.65574,3.655892,3.655201,0.00015199999999993,3.648,0.0298264045715331
"2026-05-23T16:07:41.057Z","run_bootstrap",290,"http://client1:8000","run","http://client1:8000/run",1,TRUE,200,1110,252,3.95699286460876,"2026-05-23T16:07:37.097126Z","2026-05-23T16:07:41.054119Z",1779552457.09713,1779552461.05412,0.000694,0.000773,0.000802,3.929129,3.92928,3.928327,0.00015099999999979,3.911,0.0459928646087646
"2026-05-23T16:07:41.057Z","run_bootstrap",290,"http://client2:8000","run","http://client2:8000/run",1,TRUE,200,1110,257,3.64914655685425,"2026-05-23T16:07:37.097450Z","2026-05-23T16:07:40.746597Z",1779552457.09745,1779552460.7466,0.000429,0.000523,0.000545,3.624403,3.624552,3.623858,0.000148999999999955,3.6174,0.0317465568542481
"2026-05-23T16:07:41.057Z","run_bootstrap",290,"http://client3:8000","run","http://client3:8000/run",1,TRUE,200,1110,252,3.63406825065613,"2026-05-23T16:07:37.097433Z","2026-05-23T16:07:40.731501Z",1779552457.09743,1779552460.7315,0.000467,0.000524,0.000546,3.609842,3.609963,3.609296,0.000121000000000038,3.6027,0.0313682506561279
"2026-05-23T16:07:44.954Z","run_bootstrap",291,"http://client1:8000","run","http://client1:8000/run",1,TRUE,200,1109,253,3.85468983650208,"2026-05-23T16:07:41.075105Z","2026-05-23T16:07:44.929795Z",1779552461.07511,1779552464.9298,0.000464,0.00053,0.000551,3.840774,3.840909,3.840223,0.000134999999999774,3.8312,0.0234898365020753
"2026-05-23T16:07:44.954Z","run_bootstrap",291,"http://client2:8000","run","http://client2:8000/run",1,TRUE,200,1109,257,3.87282872200012,"2026-05-23T16:07:41.075816Z","2026-05-23T16:07:44.948645Z",1779552461.07582,1779552464.94865,0.000727,0.000783,0.000803,3.859551,3.859696,3.858748,0.00014499999999984,3.8518,0.0210287220001222
"2026-05-23T16:07:44.954Z","run_bootstrap",291,"http://client3:8000","run","http://client3:8000/run",1,TRUE,200,1109,249,3.56665253639221,"2026-05-23T16:07:41.075860Z","2026-05-23T16:07:44.642513Z",1779552461.07586,1779552464.64251,0.000447,0.000523,0.000544,3.553526,3.553666,3.552982,0.000140000000000029,3.5454,0.021252536392212
"2026-05-23T16:07:48.880Z","run_bootstrap",292,"http://client1:8000","run","http://client1:8000/run",1,TRUE,200,1109,252,3.80971908569336,"2026-05-23T16:07:44.967579Z","2026-05-23T16:07:48.777298Z",1779552464.96758,1779552468.7773,0.000688,0.000768,8e-04,3.793887,3.794032,3.793087,0.000145000000000284,3.786,0.0237190856933593
"2026-05-23T16:07:48.880Z","run_bootstrap",292,"http://client2:8000","run","http://client2:8000/run",1,TRUE,200,1109,257,3.86600661277771,"2026-05-23T16:07:44.968080Z","2026-05-23T16:07:48.834087Z",1779552464.96808,1779552468.83409,0.000643,0.000696,0.000715,3.851203,3.85134,3.850488,0.000137000000000054,3.8433,0.0227066127777098
"2026-05-23T16:07:48.880Z","run_bootstrap",292,"http://client3:8000","run","http://client3:8000/run",1,TRUE,200,1109,249,3.90900063514709,"2026-05-23T16:07:44.967377Z","2026-05-23T16:07:48.876378Z",1779552464.96738,1779552468.87638,0.000653,0.000747,0.000774,3.895646,3.895769,3.894872,0.000122999999999873,3.8882,0.0208006351470948
"2026-05-23T16:07:52.918Z","run_bootstrap",293,"http://client1:8000","run","http://client1:8000/run",1,TRUE,200,1109,253,3.64642333984375,"2026-05-23T16:07:48.892818Z","2026-05-23T16:07:52.539242Z",1779552468.89282,1779552472.53924,0.000572,0.000651,0.000681,3.63258,3.632707,3.631899,0.000126999999999988,3.6249,0.0215233398437502
"2026-05-23T16:07:52.918Z","run_bootstrap",293,"http://client2:8000","run","http://client2:8000/run",1,TRUE,200,1109,254,3.89408540725708,"2026-05-23T16:07:48.892433Z","2026-05-23T16:07:52.786519Z",1779552468.89243,1779552472.78652,0.000697,0.000783,0.000805,3.880396,3.880512,3.879591,0.000115999999999783,3.8733,0.0207854072570801
"2026-05-23T16:07:52.918Z","run_bootstrap",293,"http://client3:8000","run","http://client3:8000/run",1,TRUE,200,1109,250,4.01896667480469,"2026-05-23T16:07:48.894130Z","2026-05-23T16:07:52.913097Z",1779552468.89413,1779552472.9131,0.00052,0.000589,0.000619,4.005657,4.005793,4.005038,0.00013599999999947,3.9983,0.0206666748046875
"2026-05-23T16:07:56.977Z","run_bootstrap",294,"http://client1:8000","run","http://client1:8000/run",1,TRUE,200,1109,253,3.69266033172607,"2026-05-23T16:07:52.930552Z","2026-05-23T16:07:56.623213Z",1779552472.93055,1779552476.62321,0.000714,0.000821,0.000856,3.677878,3.678015,3.677022,0.00013699999999961,3.6704,0.0222603317260743
"2026-05-23T16:07:56.977Z","run_bootstrap",294,"http://client2:8000","run","http://client2:8000/run",1,TRUE,200,1109,254,3.98928880691528,"2026-05-23T16:07:52.932885Z","2026-05-23T16:07:56.922173Z",1779552472.93289,1779552476.92217,0.000533,0.000624,0.000657,3.967171,3.967272,3.966514,0.000100999999999907,3.9574,0.0318888069152834
"2026-05-23T16:07:56.977Z","run_bootstrap",294,"http://client3:8000","run","http://client3:8000/run",1,TRUE,200,1109,249,4.03876042366028,"2026-05-23T16:07:52.933418Z","2026-05-23T16:07:56.972179Z",1779552472.93342,1779552476.97218,0.000591,0.000718,0.000755,4.020248,4.020378,4.019493,0.000130000000000408,4.013,0.0257604236602784
"2026-05-23T16:08:00.966Z","run_bootstrap",295,"http://client1:8000","run","http://client1:8000/run",1,TRUE,200,1110,250,3.74005961418152,"2026-05-23T16:07:56.990415Z","2026-05-23T16:08:00.730474Z",1779552476.99042,1779552480.73047,0.000578,0.000661,0.000693,3.721537,3.721668,3.720844,0.000131000000000103,3.7137,0.0263596141815188
"2026-05-23T16:08:00.966Z","run_bootstrap",295,"http://client2:8000","run","http://client2:8000/run",1,TRUE,200,1110,257,3.9716477394104,"2026-05-23T16:07:56.990383Z","2026-05-23T16:08:00.962031Z",1779552476.99038,1779552480.96203,0.000454,0.000527,0.000549,3.957998,3.95812,3.957449,0.000122000000000178,3.9511,0.0205477394104006
"2026-05-23T16:08:00.966Z","run_bootstrap",295,"http://client3:8000","run","http://client3:8000/run",1,TRUE,200,1110,249,3.70440912246704,"2026-05-23T16:07:56.990298Z","2026-05-23T16:08:00.694707Z",1779552476.9903,1779552480.69471,0.000533,0.000615,0.000646,3.689891,3.690024,3.689245,0.000133000000000383,3.683,0.0214091224670412
"2026-05-23T16:08:04.849Z","run_bootstrap",296,"http://client1:8000","run","http://client1:8000/run",1,TRUE,200,1110,250,3.53969478607178,"2026-05-23T16:08:00.980000Z","2026-05-23T16:08:04.519694Z",1779552480.98,1779552484.51969,0.000534,0.000614,0.000648,3.513532,3.513649,3.512884,0.000116999999999923,3.5058,0.0338947860717775
"2026-05-23T16:08:04.849Z","run_bootstrap",296,"http://client2:8000","run","http://client2:8000/run",1,TRUE,200,1110,257,3.86468744277954,"2026-05-23T16:08:00.980703Z","2026-05-23T16:08:04.845391Z",1779552480.9807,1779552484.84539,0.00057,0.000657,0.00068,3.842601,3.842734,3.841921,0.000132999999999939,3.8359,0.0287874427795409
"2026-05-23T16:08:04.849Z","run_bootstrap",296,"http://client3:8000","run","http://client3:8000/run",1,TRUE,200,1110,250,3.77199387550354,"2026-05-23T16:08:00.980080Z","2026-05-23T16:08:04.752074Z",1779552480.98008,1779552484.75207,0.000874,0.000977,0.001011,3.752077,3.752217,3.751066,0.000140000000000029,3.7446,0.0273938755035399
